Date,Close,Volume,Turnover
2015-01-01,420.0,6946872,2917686240.0
2015-01-02,440.1499938964844,5899296,2596575098.3935547
2015-01-05,428.1499938964844,1550726,663943327.4351196
2015-01-06,421.6000061035156,4597481,1938298017.660797
2015-01-07,437.79998779296875,3692891,1616747634.7207642
2015-01-08,442.70001220703125,3640153,1611495777.5354614
2015-01-09,433.79998779296875,2097718,909990042.7930908
2015-01-12,441.95001220703125,2247972,993491252.8410645
2015-01-13,463.75,4564305,2116696443.75
2015-01-14,464.8500061035156,5988544,2783774714.951172
2015-01-15,446.8999938964844,2347352,1049031594.4729004
2015-01-16,429.45001220703125,2065153,886879981.0593872
2015-01-19,432.3999938964844,1570421,679050030.8149109
2015-01-20,434.45001220703125,1321368,574068343.7299805
2015-01-21,440.3999938964844,1589257,699908773.0999451
2015-01-22,438.1499938964844,943245,413282790.9928894
2015-01-23,435.1000061035156,757113,329419870.921051
2015-01-27,497.3999938964844,6311302,3139241576.2788696
2015-01-28,485.8999938964844,4810143,2337248454.341217
2015-01-29,523.5,5736394,3003002259.0
2015-01-30,514.4000244140625,2722442,1400424231.2658691
2015-02-02,527.6500244140625,2827643,1492005897.984253
2015-02-03,495.3500061035156,1886952,934701684.717041
2015-02-04,468.1499938964844,3680105,1722841133.2884216
2015-02-05,467.3999938964844,2883414,1347707686.0010376
2015-02-06,473.70001220703125,3067872,1453251003.8496094
2015-02-09,444.8999938964844,2633267,1171540472.2278137
2015-02-10,423.25,2812614,1190438875.5
2015-02-11,440.1000061035156,2248355,989501049.2228699
2015-02-12,433.1499938964844,1328024,575233587.4943848
2015-02-13,425.79998779296875,1273182,542120880.0582275
2015-02-16,413.04998779296875,1074045,443634274.1390991
2015-02-18,413.20001220703125,1417961,585901502.5090942
2015-02-19,440.25,3597747,1583908116.75
2015-02-20,461.1499938964844,4023100,1855252540.4449463
2015-02-23,457.6499938964844,1667394,763082853.9230347
2015-02-24,464.04998779296875,1795018,832978080.9881592
2015-02-25,455.29998779296875,928152,422587594.27001953
2015-02-26,438.54998779296875,1043671,457701904.3098755
2015-02-27,441.1499938964844,845554,373016141.93914795
2015-03-02,428.8999938964844,1250929,536523440.4649353
2015-03-03,437.45001220703125,1258837,550678261.0166626
2015-03-04,416.6000061035156,892645,371875912.4482727
2015-03-05,420.1499938964844,1192117,500867950.27389526
2015-03-09,415.6499938964844,702250,291890208.21380615
2015-03-10,411.54998779296875,866383,356559913.07403564
2015-03-11,430.6000061035156,2608928,1123404412.7236328
2015-03-12,435.6000061035156,923325,402200375.63552856
2015-03-13,452.29998779296875,2637095,1192758036.308899
2015-03-16,472.04998779296875,2790508,1317259267.3361816
2015-03-17,478.95001220703125,1624357,777985804.9785767
2015-03-18,497.70001220703125,2477304,1232954231.0405273
2015-03-19,475.1000061035156,1660545,788924939.6351624
2015-03-20,453.8500061035156,1181388,536172951.0106201
2015-03-23,459.75,941870,433024732.5
2015-03-24,454.1499938964844,433852,197033883.15197754
2015-03-25,458.54998779296875,1388011,636472427.1065063
2015-03-26,450.29998779296875,946921,426398514.74090576
2015-03-27,452.54998779296875,783915,354760723.6807251
2015-03-30,478.29998779296875,1174663,561841298.560852
2015-03-31,488.6499938964844,1352467,660882991.2951965
2015-04-01,489.70001220703125,927046,453974437.5164795
2015-04-06,476.95001220703125,754140,359687082.20581055
2015-04-07,491.8999938964844,1367023,672438605.3563538
2015-04-08,473.45001220703125,1931398,914420406.6766357
2015-04-09,488.70001220703125,1271409,621337593.8201294
2015-04-10,483.0,577367,278868261.0
2015-04-13,486.54998779296875,924729,449926883.6618042
2015-04-15,471.1000061035156,569027,268068623.1730652
2015-04-16,456.75,710614,324572944.5
2015-04-17,449.6000061035156,617210,277497619.7671509
2015-04-20,429.3999938964844,882121,378782752.0159607
2015-04-21,415.79998779296875,551365,229257560.2694702
2015-04-22,409.70001220703125,858211,351609057.1762085
2015-04-23,411.0,898161,369144171.0
2015-04-24,377.5,1043707,393999392.5
2015-04-27,377.54998779296875,1358860,513037576.4123535
2015-04-28,383.1000061035156,562953,215667297.73599243
2015-04-29,377.54998779296875,615438,232358609.3873291
2015-04-30,379.29998779296875,620975,235535809.91973877
2015-05-04,386.3999938964844,541523,209244483.8948059
2015-05-05,408.8999938964844,1889946,772798907.864685
2015-05-06,391.20001220703125,1106867,433006383.91156006
2015-05-07,357.6000061035156,2786074,996300079.4048462
2015-05-08,375.25,912736,342504184.0
2015-05-11,378.3500061035156,444198,168062316.01116943
2015-05-12,357.04998779296875,626501,223692174.4022827
2015-05-13,358.3500061035156,630961,226104878.20108032
2015-05-14,360.45001220703125,632269,227901368.76812744
2015-05-15,356.20001220703125,413508,147291554.64770508
2015-05-18,367.20001220703125,639616,234867003.0078125
2015-05-19,375.25,1058287,397122196.75
2015-05-20,381.6000061035156,923830,352533533.63861084
2015-05-21,378.1000061035156,364333,137754309.52371216
2015-05-22,371.54998779296875,475237,176574301.5487671
2015-05-25,366.6000061035156,334729,122711653.44302368
2015-05-26,368.6000061035156,415299,153079213.93478394
2015-05-27,372.25,603137,224517748.25
2015-05-28,384.70001220703125,747410,287528636.1236572
2015-05-29,384.5,1374426,528466797.0
2015-06-01,361.8999938964844,966616,349818324.50024414
2015-06-02,335.54998779296875,1123566,377012557.5845947
2015-06-03,319.79998779296875,915931,292914722.61920166
2015-06-04,314.1499938964844,626629,196855496.5253601
2015-06-05,305.25,639892,195327033.0
2015-06-08,290.3999938964844,757835,220075279.37454224
2015-06-09,275.1000061035156,902303,248223560.80722046
2015-06-10,275.95001220703125,887102,244795807.72888184
2015-06-11,273.1499938964844,891378,243479895.25946045
2015-06-12,264.45001220703125,911413,241023178.97564697
2015-06-15,253.10000610351562,861559,218060588.15853882
2015-06-16,290.29998779296875,3486909,1012249640.1351929
2015-06-17,287.70001220703125,2678101,770489690.3916626
2015-06-18,289.0,911693,263479277.0
2015-06-19,273.29998779296875,1321559,361182058.567688
2015-06-22,278.8500061035156,1164003,324582243.6545105
2015-06-23,285.6499938964844,2025230,578506937.138977
2015-06-24,289.6499938964844,4216590,1221335267.763977
2015-06-25,281.3999938964844,940574,264677517.8591919
2015-06-26,282.79998779296875,989473,279822952.32147217
2015-06-29,273.8500061035156,1009744,276518400.5629883
2015-06-30,281.75,853009,240335285.75
2015-07-01,278.6499938964844,1410753,393106314.839447
2015-07-02,280.5,756544,212210592.0
2015-07-03,277.75,538285,149508658.75
2015-07-06,308.5,4659347,1437408549.5
2015-07-07,333.79998779296875,6529560,2179567048.293457
2015-07-08,333.79998779296875,3974738,1326767495.880249
2015-07-09,330.54998779296875,1376469,454991811.1473999
2015-07-10,331.6499938964844,789940,261983596.17858887
2015-07-13,339.45001220703125,1387452,470970598.3366699
2015-07-14,354.1499938964844,2828379,1001670405.5869446
2015-07-15,349.5,1308278,457243161.0
2015-07-16,348.79998779296875,750448,261756253.2392578
2015-07-17,343.3500061035156,1234889,423999145.6871643
2015-07-20,345.6000061035156,894144,309016171.8574219
2015-07-21,320.95001220703125,1140909,366174757.4771118
2015-07-22,324.25,1068435,346440048.75
2015-07-23,327.6499938964844,1170135,383394725.60806274
2015-07-24,323.70001220703125,842158,272606554.880249
2015-07-27,319.54998779296875,892405,285168006.8563843
2015-07-28,329.04998779296875,1304620,429285195.0744629
2015-07-29,390.70001220703125,8141060,3180712241.378174
2015-07-30,382.25,3859423,1475264441.75
2015-07-31,400.1499938964844,3329934,1332473069.7756958
2015-08-03,408.75,4512318,1844409982.5
2015-08-04,415.5,2421394,1006089207.0
2015-08-05,410.3500061035156,1178284,483508846.5916748
2015-08-06,412.3999938964844,2356246,971715836.0186157
2015-08-07,402.29998779296875,1701494,684511015.4298096
2015-08-10,391.1000061035156,1402565,548543180.0605774
2015-08-11,374.1000061035156,1225020,458279989.4769287
2015-08-12,356.29998779296875,1238987,441451052.975647
2015-08-13,371.20001220703125,1532063,568701804.3019409
2015-08-14,400.6499938964844,6622970,2653492890.076599
2015-08-17,379.75,2561946,972898993.5
2015-08-18,375.04998779296875,1941763,728258189.4468384
2015-08-19,379.79998779296875,1824589,692978879.927185
2015-08-20,389.54998779296875,3104861,1209498564.6488647
2015-08-21,373.1000061035156,2204193,822384421.7533264
2015-08-24,301.25,2438667,734648433.75
2015-08-25,324.25,3350318,1086340611.5
2015-08-26,325.1499938964844,2012928,654503526.9140625
2015-08-27,339.3500061035156,1312246,445310688.10931396
2015-08-28,337.6000061035156,1764540,595708714.7698975
2015-08-31,338.04998779296875,961883,325164536.40826416
2015-09-01,324.70001220703125,2295445,745331019.5205688
2015-09-02,317.3999938964844,1654547,525153207.70144653
2015-09-03,325.8500061035156,1507998,491381157.50408936
2015-09-04,312.20001220703125,1141871,356492140.138855
2015-09-07,301.3500061035156,1249332,376486205.8253174
2015-09-08,312.75,1581765,494697003.75
2015-09-09,316.5,940827,297771745.5
2015-09-10,311.45001220703125,1184757,368992582.1123657
2015-09-11,328.25,2427217,796733980.25
2015-09-14,330.45001220703125,803634,265560865.10998535
2015-09-15,335.5,3232011,1084339690.5
2015-09-16,331.3999938964844,1323046,438457436.32476807
2015-09-18,337.3999938964844,928994,313442569.9298706
2015-09-21,341.1000061035156,766467,261441898.3781433
2015-09-22,326.70001220703125,1532356,500620723.9055176
2015-09-23,331.3500061035156,1133354,375536854.81744385
2015-09-24,331.3500061035156,690871,228920110.06674194
2015-09-28,320.04998779296875,694143,222160458.6765747
2015-09-29,329.6499938964844,1932929,637190033.0523376
2015-09-30,324.3500061035156,1833510,594698979.6908569
2015-10-01,321.3500061035156,1853138,595505907.6106567
2015-10-05,329.70001220703125,1480678,488179554.6746826
2015-10-06,334.45001220703125,2038407,681745246.032898
2015-10-07,332.1499938964844,950507,315710894.2485657
2015-10-08,329.1499938964844,783163,257778096.6699524
2015-10-09,326.3999938964844,814066,265711137.43133545
2015-10-12,329.29998779296875,820206,270093825.7877197
2015-10-13,369.75,11357869,4199572062.75
2015-10-14,367.04998779296875,6701653,2459841651.8427124
2015-10-15,365.6000061035156,2870267,1049369632.7187195
2015-10-16,387.70001220703125,4079030,1581439980.7928467
2015-10-19,417.79998779296875,11502758,4805852151.985474
2015-10-20,395.95001220703125,7001085,2772079691.2124634
2015-10-21,408.5,6411362,2619041377.0
2015-10-23,411.5,2984341,1228056321.5
2015-10-26,398.45001220703125,1905419,759214223.8095093
2015-10-27,403.79998779296875,3911281,1579375220.0548706
2015-10-28,408.1499938964844,3032133,1237565065.4433289
2015-10-29,400.25,3897004,1559775851.0
2015-10-30,437.45001220703125,9866500,4316100545.440674
2015-11-02,450.75,12808806,5773569304.5
2015-11-03,453.1499938964844,5316168,2409021496.7526855
2015-11-04,460.29998779296875,4836656,2226312697.758789
2015-11-05,441.1499938964844,2455645,1083307776.7619324
2015-11-06,416.6499938964844,4107121,1711231939.5821228
2015-11-09,440.6499938964844,7213135,3178467893.724518
2015-11-10,421.79998779296875,8087419,3411273235.4766235
2015-11-13,435.3999938964844,4490398,1955119261.7927856
2015-11-16,427.3500061035156,2246511,960046489.561615
2015-11-17,428.75,3008057,1289704438.75
2015-11-18,415.20001220703125,5355587,2223639787.775818
2015-11-19,449.25,8279963,3719773377.75
2015-11-20,458.3500061035156,11280471,5170403951.700531
2015-11-23,467.3500061035156,6520920,3047552001.800537
2015-11-24,473.3999938964844,6499836,3077022322.7281494
2015-11-26,506.25,9648011,4884305568.75
2015-11-27,505.1000061035156,6998608,3534996943.5161133
2015-11-30,512.9000244140625,4021392,2062572054.9785156
2015-12-01,512.4500122070312,3773460,1933709623.0627441
2015-12-02,562.7000122070312,16361946,9206867213.930786
2015-12-03,568.9000244140625,9480000,5393172231.4453125
2015-12-04,555.8499755859375,5925324,3293591200.7387695
2015-12-07,558.1500244140625,3806724,2124723093.5375977
2015-12-08,573.0499877929688,9902242,5674479657.223022
2015-12-09,560.4000244140625,5747898,3221122179.529541
2015-12-10,572.2000122070312,5685038,3252978812.9974365
2015-12-11,562.6500244140625,3649171,2053206152.2410889
2015-12-14,570.2000122070312,5011268,2857425074.772705
2015-12-15,598.5,8752432,5238330552.0
2015-12-16,598.9500122070312,5825496,3489180900.3120117
2015-12-17,614.3499755859375,5143848,3160122893.2177734
2015-12-18,619.0,6347105,3928857995.0
2015-12-21,622.7000122070312,3566558,2220895710.137085
2015-12-22,630.5,4319196,2723253078.0
2015-12-23,624.7999877929688,3245069,2027519071.5873413
2015-12-24,609.4500122070312,2193358,1336742059.8743896
2015-12-28,638.0,5469511,3489548018.0
2015-12-29,647.5999755859375,5305189,3435640266.878784
2015-12-30,658.0,3482960,2291787680.0
2015-12-31,702.8499755859375,12019144,8447655066.963867
2016-01-01,760.75,20385278,15508100238.5
2016-01-04,732.9500122070312,10198949,7475319794.048889
2016-01-05,738.7999877929688,5209606,3848856849.2061768
2016-01-06,744.0,5740245,4270742280.0
2016-01-07,742.5999755859375,9021704,6699517170.143555
2016-01-08,746.5999755859375,4560874,3405148417.050537
2016-01-11,749.1500244140625,4013155,3006455166.227417
2016-01-12,773.2000122070312,8802610,6806178159.453735
2016-01-13,775.7999877929688,10915818,8468491471.150269
2016-01-14,753.2000122070312,5112482,3850721504.8082275
2016-01-15,707.9000244140625,5157322,3650868369.7111816
2016-01-18,635.5,6660779,4232925054.5
2016-01-19,671.0999755859375,10473685,7028889747.7948
2016-01-20,650.8499755859375,7474170,4864563362.0251465
2016-01-21,658.8499755859375,5305671,3495641208.8170166
2016-01-22,617.2000122070312,18488435,11411062307.688904
2016-01-25,625.25,9993289,6248303947.25
2016-01-27,645.5,6195860,3999427630.0
2016-01-28,625.0,7735891,4834931875.0
2016-01-29,602.5999755859375,6880996,4146488021.6069336
2016-02-01,605.9500122070312,5595962,3390873242.210083
2016-02-02,601.4500122070312,4924956,2962114846.319092
2016-02-03,560.7000122070312,7642278,4285025367.8895264
2016-02-04,528.9500122070312,8566817,4531417956.725403
2016-02-05,569.5,10568921,6019000509.5
2016-02-08,594.0,11622234,6903606996.0
2016-02-09,576.9000244140625,4829965,2786406926.4190674
2016-02-10,586.9500122070312,6196106,3636804492.3360596
2016-02-11,524.4500122070312,7807729,4094763569.359192
2016-02-12,543.9500122070312,11622015,6321795201.1203
2016-02-15,566.2000122070312,5894194,3337292714.7506104
2016-02-16,534.25,4911200,2623808600.0
2016-02-17,549.3499755859375,6251231,3434113597.2320557
2016-02-18,542.9000244140625,4395819,2386490242.4198
2016-02-19,557.4500122070312,4684988,2611646617.789795
2016-02-22,551.2999877929688,2486783,1370963437.5437622
2016-02-23,549.6500244140625,4607209,2532352539.3306885
2016-02-24,524.9000244140625,4500880,2362512021.8847656
2016-02-25,504.70001220703125,5344177,2697206197.1365356
2016-02-26,505.3999938964844,6916776,3495738548.1833496
2016-02-29,491.5,6705401,3295704591.5
2016-03-01,510.1000061035156,6092997,3108037806.8887024
2016-03-02,513.8499755859375,6207520,3189734000.4492188
2016-03-03,517.25,3672259,1899475967.75
2016-03-04,534.3499755859375,5698688,3045093793.671875
2016-03-08,526.6500244140625,3245832,1709417502.0439453
2016-03-09,540.0499877929688,3772380,2037273772.9504395
2016-03-10,536.2000122070312,3855381,2067255339.2627563
2016-03-11,538.0499877929688,2980300,1603550378.6193848
2016-03-14,526.2000122070312,2696222,1418752049.3128662
2016-03-15,530.7999877929688,2826433,1500270601.897644
2016-03-16,528.5499877929688,2373055,1254278191.2820435
2016-03-17,522.7999877929688,1869034,977130952.3846436
2016-03-18,522.5999755859375,1994568,1042361188.1044922
2016-03-21,546.4500122070312,3985778,2178028436.7545166
2016-03-22,540.2999877929688,3748971,2025568985.5361938
2016-03-23,554.1500244140625,6202867,3437318899.4871826
2016-03-28,543.9500122070312,4161466,2263629481.4991455
2016-03-29,538.5,2368339,1275350551.5
2016-03-30,542.9000244140625,1461987,793712777.993042
2016-03-31,547.2999877929688,2141285,1171925254.361267
2016-04-01,566.5,4614809,2614289298.5
2016-04-04,588.4000244140625,4533450,2667482090.6799316
2016-04-05,594.4500122070312,6965574,4140685549.3289795
2016-04-06,628.9500122070312,6458974,4062371776.1448975
2016-04-07,614.2000122070312,4125223,2533712016.956726
2016-04-08,614.9500122070312,3479911,2139971311.9293823
2016-04-11,626.5499877929688,3136973,1965470394.8568726
2016-04-12,630.9500122070312,3627686,2288888525.9832764
2016-04-13,626.2000122070312,2925045,1831663214.7061157
2016-04-18,639.4000244140625,2473788,1581740107.5952148
2016-04-20,624.0999755859375,2005049,1251351031.9486084
2016-04-21,617.6500244140625,2085375,1288031919.6624756
2016-04-22,615.9000244140625,1480161,911631196.0367432
2016-04-25,626.0499877929688,1950849,1221328992.6359253
2016-04-26,636.1500244140625,2997682,1906975477.4855957
2016-04-27,637.4500122070312,2246652,1432128344.8249512
2016-04-28,628.1500244140625,2313163,1453013394.923706
2016-04-29,617.4500122070312,2270727,1402060413.8688354
2016-05-02,618.9500122070312,2808997,1738628727.4395142
2016-05-03,620.9500122070312,2303629,1430438455.6704712
2016-05-04,623.7999877929688,2073821,1293649514.4848022
2016-05-05,623.0499877929688,1473092,917809952.6179199
2016-05-06,625.7999877929688,1438294,900084367.6427002
2016-05-09,657.8499755859375,5064500,3331681201.3549805
2016-05-10,661.2000122070312,3045395,2013615211.175232
2016-05-11,651.2000122070312,1977202,1287553966.5357666
2016-05-12,654.25,1721792,1126482416.0
2016-05-13,651.8499755859375,2046186,1333806294.144287
2016-05-16,662.75,2165548,1435216937.0
2016-05-17,654.75,3056935,2001528191.25
2016-05-18,648.5499877929688,2087769,1354022559.4645386
2016-05-19,633.4500122070312,2039457,1291894061.5457153
2016-05-20,603.8499755859375,2488593,1502736822.293335
2016-05-23,607.1500244140625,1643904,998096353.734375
2016-05-24,582.0,2328578,1355232396.0
2016-05-25,598.6500244140625,1836030,1099139404.3249512
2016-05-26,606.25,3942546,2390168512.5
2016-05-27,604.0999755859375,5308981,3207155292.486206
2016-05-30,599.2999877929688,2117364,1268936219.3532715
2016-05-31,588.0,1801874,1059501912.0
2016-06-01,575.1500244140625,2519389,1449026644.8585205
2016-06-02,570.0999755859375,1537397,876469992.1658936
2016-06-03,557.5,1674319,933432842.5
2016-06-06,565.7000122070312,1803489,1020233749.3152466
2016-06-07,552.25,1503505,830310636.25
2016-06-08,551.1500244140625,1387607,764779631.927124
2016-06-09,568.75,2867116,1630672225.0
2016-06-10,569.5999755859375,2465118,1404131152.616455
2016-06-13,550.2000122070312,1705981,938630767.0249634
2016-06-14,559.1500244140625,1323487,740027788.3616943
2016-06-15,561.3499755859375,5136943,2883622827.6363525
2016-06-16,557.5499877929688,1787521,996632311.7296753
2016-06-17,549.9500122070312,1302694,716416581.2020264
2016-06-20,586.0,10145489,5945256554.0
2016-06-21,576.4500122070312,6551056,3776356311.1689453
2016-06-22,562.9500122070312,2659267,1497034390.1117554
2016-06-23,556.6500244140625,1609034,895668815.3830566
2016-06-24,533.5999755859375,4058674,2165708347.3112793
2016-06-27,541.5999755859375,1532193,829835691.3929443
2016-06-28,551.1500244140625,1861412,1025917269.2446289
2016-06-29,558.5999755859375,1712683,956704681.9864502
2016-06-30,555.75,1734099,963725519.25
2016-07-01,546.3499755859375,2351363,1284667117.6436768
2016-07-04,570.0999755859375,3569146,2034770047.4626465
2016-07-05,570.7999877929688,2783052,1588566047.6271973
2016-07-07,569.9000244140625,1377334,784942680.2263184
2016-07-08,570.5,1385307,790317643.5
2016-07-11,574.0,2030605,1165567270.0
2016-07-12,576.25,1290433,743612016.25
2016-07-13,564.5999755859375,1104470,623583735.0354004
2016-07-14,570.7000122070312,1033195,589644399.1122437
2016-07-15,560.9500122070312,824715,462623889.3173218
2016-07-18,559.5499877929688,1032639,577813139.8445435
2016-07-19,553.7000122070312,1026874,568580146.335083
2016-07-20,560.0499877929688,989558,554201945.8204346
2016-07-21,550.9500122070312,940046,517918355.1751709
2016-07-22,567.4500122070312,1848787,1049094205.7182007
2016-07-25,574.0999755859375,1307763,750786706.3721924
2016-07-26,566.6500244140625,1116070,632421092.7478027
2016-07-27,581.9000244140625,3405901,1981893875.05188
2016-07-28,588.7000122070312,1847944,1087884655.3579102
2016-07-29,620.5999755859375,5045891,3131479831.4093018
2016-08-01,608.5999755859375,2358192,1435195593.6269531
2016-08-02,578.2000122070312,3157026,1825392471.737915
2016-08-03,593.7999877929688,3286525,1951538504.8812866
2016-08-04,588.5999755859375,1555219,915401865.4307861
2016-08-05,599.6500244140625,2067793,1239952122.9332275
2016-08-08,588.4500122070312,2048425,1205395716.255188
2016-08-09,554.5499877929688,3077537,1706648105.7824097
2016-08-10,552.0,2186862,1207147824.0
2016-08-11,547.0999755859375,1399320,765567937.8369141
2016-08-12,540.2000122070312,2345141,1266845196.8272095
2016-08-16,539.75,3892669,2101068092.75
2016-08-17,542.8499755859375,1664892,903786581.5532227
2016-08-18,540.1500244140625,1064846,575176592.8972168
2016-08-19,537.9500122070312,1188143,639161541.3536987
2016-08-22,543.5499877929688,2208998,1200700835.9346924
2016-08-23,549.9000244140625,1898470,1043968699.3493652
2016-08-24,543.25,1162797,631689470.25
2016-08-25,532.5999755859375,1456144,775542258.8496094
2016-08-26,529.5,900481,476804689.5
2016-08-29,529.1500244140625,848043,448741974.1541748
2016-08-30,534.5999755859375,1118102,597737301.9025879
2016-08-31,539.0499877929688,1797994,969208643.751831
2016-09-01,538.5999755859375,1615734,870234292.9533691
2016-09-02,534.0499877929688,850775,454356378.364563
2016-09-06,528.4500122070312,927629,490205556.3735962
2016-09-07,549.3499755859375,2515728,1382015115.3808594
2016-09-08,548.4000244140625,1894760,1039086430.2587891
2016-09-09,540.7000122070312,810607,438295214.795105
2016-09-12,531.0499877929688,1191641,632820938.5036011
2016-09-14,534.6500244140625,672784,359703982.0253906
2016-09-15,540.5499877929688,1019598,551143686.4537354
2016-09-16,540.5999755859375,1331120,719603439.5019531
2016-09-19,540.25,951270,513923617.5
2016-09-20,535.4000244140625,645748,345733494.96533203
2016-09-21,535.5,1039609,556710619.5
2016-09-22,539.25,685144,369463902.0
2016-09-23,547.5499877929688,3157820,1729064302.4523926
2016-09-26,541.0499877929688,3300748,1785869665.107666
2016-09-27,526.4500122070312,2084735,1097508766.1984253
2016-09-28,527.1500244140625,1333715,703067894.8114014
2016-09-29,461.5,4987458,2301711867.0
2016-09-30,476.25,2738711,1304311113.75
2016-10-03,493.0,2174309,1071934337.0
2016-10-04,487.29998779296875,1606807,782997031.4856567
2016-10-05,484.29998779296875,1054814,510846407.32385254
2016-10-06,473.8500061035156,1222789,579418575.1133118
2016-10-07,466.8500061035156,1382020,645196045.4351807
2016-10-10,467.04998779296875,754043,352175773.94537354
2016-10-13,452.0,1147839,518823228.0
2016-10-14,455.79998779296875,1887862,860487476.5548096
2016-10-17,455.6499938964844,1165671,531137984.03530884
2016-10-18,461.3500061035156,1219503,562617716.4932556
2016-10-19,467.8500061035156,1551665,725946479.7206116
2016-10-20,466.20001220703125,960979,448008421.5307007
2016-10-21,477.6499938964844,2516986,1202238347.5375366
2016-10-24,471.8500061035156,744665,351370184.79507446
2016-10-25,464.8500061035156,1379357,641194109.868927
2016-10-26,460.3500061035156,878940,404620034.364624
2016-10-27,454.45001220703125,1007685,457942460.5508423
2016-10-28,458.8999938964844,736091,337792155.4072571
2016-11-01,474.6000061035156,2388531,1133596827.1784363
2016-11-02,462.25,900043,416044876.75
2016-11-03,456.70001220703125,800017,365367773.6658325
2016-11-04,435.79998779296875,1118139,487284962.5508423
2016-11-07,435.1499938964844,562562,244798850.86639404
2016-11-08,437.20001220703125,758175,331474119.2550659
2016-11-09,425.54998779296875,2144324,912517052.0241699
2016-11-10,440.20001220703125,1131074,497898788.60705566
2016-11-11,424.95001220703125,1235233,524912278.42852783
2016-11-15,379.29998779296875,1956469,742088667.8173218
2016-11-16,373.0,2165485,807725905.0
2016-11-17,362.1499938964844,1770635,641235454.4429016
2016-11-18,360.1000061035156,1606157,578377145.5032043
2016-11-21,348.5,1714424,597476764.0
2016-11-22,340.79998779296875,1983837,676091625.3832397
2016-11-23,361.54998779296875,2799053,1011997577.9818726
2016-11-24,353.95001220703125,1605183,568154542.444519
2016-11-25,370.45001220703125,2634007,975767925.3034058
2016-11-28,394.3999938964844,3061829,1207585338.9120789
2016-11-29,395.8999938964844,3026428,1198162826.7281494
2016-11-30,397.1499938964844,2375329,943361897.8521423
2016-12-01,382.79998779296875,1935359,740855401.5750122
2016-12-02,377.1000061035156,1638316,617808973.5994873
2016-12-05,378.70001220703125,1002530,379658123.23791504
2016-12-06,371.79998779296875,1176375,437376210.6399536
2016-12-07,368.70001220703125,1476614,544427599.8250732
2016-12-08,373.1000061035156,1187298,442980891.0466919
2016-12-09,369.04998779296875,955344,352569691.53808594
2016-12-12,355.6499938964844,1383428,492016159.7562256
2016-12-13,361.70001220703125,2146664,776448395.0043945
2016-12-14,357.95001220703125,1056854,378300902.2010498
2016-12-15,360.3999938964844,1675034,603682243.3764038
2016-12-16,361.6000061035156,840049,303761723.5272522
2016-12-19,359.04998779296875,818420,293853691.0095215
2016-12-20,351.8500061035156,1514716,532952833.8450928
2016-12-21,350.04998779296875,870705,304790274.62127686
2016-12-22,350.1499938964844,1114141,390116464.349823
2016-12-23,349.1000061035156,895761,312710170.56729126
2016-12-26,340.3500061035156,805095,274014088.1639099
2016-12-27,343.3999938964844,1310767,450117379.79971313
2016-12-28,340.54998779296875,1023638,348599908.40441895
2016-12-29,342.25,786650,269230962.5
2016-12-30,347.6000061035156,1175436,408581560.774292
2017-01-02,362.8999938964844,3092944,1122429358.722168
2017-01-03,364.1499938964844,1800189,655538813.3625183
2017-01-04,370.3999938964844,1493203,553082382.0862122
2017-01-05,373.79998779296875,1464261,547340743.9257202
2017-01-06,372.25,939309,349657775.25
2017-01-09,373.6499938964844,1308348,488864222.21447754
2017-01-10,388.54998779296875,2639689,1025651128.7272339
2017-01-11,388.1000061035156,1423216,552350138.2866211
2017-01-12,390.8500061035156,1766917,690599520.2344055
2017-01-13,390.6000061035156,1123137,438697319.0550842
2017-01-16,399.79998779296875,2244970,897538978.595581
2017-01-17,398.6000061035156,994257,396310846.26846313
2017-01-18,405.8500061035156,4212780,1709756788.7127686
2017-01-19,407.6000061035156,1382596,563546138.0386963
2017-01-20,402.29998779296875,2188131,880285074.5894165
2017-01-23,403.8500061035156,865832,349666258.48461914
2017-01-24,403.3999938964844,632544,255168245.7392578
2017-01-25,416.75,1925075,802275006.25
2017-01-27,419.45001220703125,1511582,634033088.3519287
2017-01-30,414.6000061035156,715219,296529801.76535034
2017-01-31,402.95001220703125,864492,348347061.95288086
2017-02-01,391.0,1741005,680732955.0
2017-02-02,386.8500061035156,1608733,622338370.868927
2017-02-03,379.1499938964844,2457186,931642056.9025269
2017-02-06,376.25,4085957,1537341321.25
2017-02-07,378.95001220703125,1725093,653724013.4082642
2017-02-08,375.1000061035156,1262717,473645154.40701294
2017-02-09,374.29998779296875,1105847,413918518.6008911
2017-02-10,373.25,925244,345347323.0
2017-02-13,367.0,1194485,438375995.0
2017-02-14,362.8500061035156,910543,330390533.1075134
2017-02-15,356.8999938964844,1646951,587796801.8478088
2017-02-16,362.6000061035156,1140300,413472786.95983887
2017-02-17,366.79998779296875,1601325,587365990.4525757
2017-02-20,382.1499938964844,2971007,1135370306.9164124
2017-02-21,410.8999938964844,7608233,3126222893.263031
2017-02-22,423.8500061035156,6561265,2780992210.2967834
2017-02-23,422.29998779296875,2811334,1187226313.881958
2017-02-27,445.04998779296875,5680158,2527954248.562134
2017-02-28,446.3999938964844,3903621,1742576390.5741882
2017-03-01,442.0,2141015,946328630.0
2017-03-02,419.95001220703125,2923019,1227521864.7313843
2017-03-03,428.54998779296875,3656691,1567074883.4126587
2017-03-06,437.6000061035156,2585065,1131224459.7779846
2017-03-07,436.5,1971727,860658835.5
2017-03-08,450.20001220703125,11910428,5362074830.990967
2017-03-09,442.29998779296875,6393617,2827896721.0529175
2017-03-10,441.3500061035156,2515347,1110148413.8024597
2017-03-14,447.3500061035156,2082947,931806353.1632996
2017-03-15,453.3500061035156,2885961,1308350436.964508
2017-03-16,463.3999938964844,2944236,1364358944.4298096
2017-03-17,476.8999938964844,7131312,3400922649.273926
2017-03-20,473.04998779296875,2309729,1092617275.255066
2017-03-21,464.5,1730621,803873454.5
2017-03-22,461.0,1715958,791056638.0
2017-03-23,481.29998779296875,4351761,2094502516.1779175
2017-03-24,492.54998779296875,5604177,2760337312.939636
2017-03-27,504.45001220703125,5186863,2616513103.6661987
2017-03-28,512.75,4214275,2160869506.25
2017-03-29,512.75,2271785,1164857758.75
2017-03-30,532.2999877929688,5831391,3104049358.116028
2017-03-31,525.9000244140625,2293764,1206290543.6000977
2017-04-03,531.7000122070312,2065741,1098354514.916565
2017-04-05,521.0,1625228,846743788.0
2017-04-06,520.75,1702152,886395654.0
2017-04-07,496.8500061035156,2543889,1263931265.1766663
2017-04-10,510.5,2878794,1469624337.0
2017-04-11,510.8999938964844,1639383,837560764.6940002
2017-04-12,503.79998779296875,2545241,1282292384.7301636
2017-04-13,502.1000061035156,1819666,913654309.7063599
2017-04-17,496.29998779296875,952913,472930710.26776123
2017-04-18,482.79998779296875,1838123,887445761.9619751
2017-04-19,480.04998779296875,1743000,836727128.7231445
2017-04-20,511.3999938964844,5716656,2923497843.508301
2017-04-21,505.45001220703125,2784312,1407330534.3881836
2017-04-24,511.1000061035156,2266622,1158470518.0343628
2017-04-25,516.8499755859375,2210066,1142272558.1433105
2017-04-26,515.0999755859375,2605554,1342120801.7878418
2017-04-27,512.9000244140625,1544470,792158700.7067871
2017-04-28,519.0999755859375,1463800,759858544.2626953
2017-05-02,530.0999755859375,2312808,1226019464.334961
2017-05-03,529.6500244140625,1862824,986644777.0791016
2017-05-04,524.5999755859375,1233873,647289745.6761475
2017-05-05,533.25,6563991,3500248200.75
2017-05-08,538.9500122070312,1771303,954643773.4723511
2017-05-09,544.75,1933357,1053196225.75
2017-05-10,540.4500122070312,1033302,558448078.5135498
2017-05-11,531.7999877929688,1572646,836333123.6026611
2017-05-12,519.4500122070312,1337470,694748807.8265381
2017-05-15,527.5,1837033,969034907.5
2017-05-16,534.1500244140625,1382182,738292549.0446777
2017-05-17,528.9000244140625,690466,365187484.2570801
2017-05-18,522.7000122070312,1701102,889166036.1654053
2017-05-19,520.4000244140625,1272799,662364630.6741943
2017-05-22,475.6499938964844,3217513,1530410038.8118591
2017-05-23,472.8500061035156,2924779,1382981768.0014343
2017-05-24,464.79998779296875,2343019,1089035202.5986938
2017-05-25,468.95001220703125,1917412,899170380.8059082
2017-05-26,483.3999938964844,2668448,1289927746.913086
2017-05-29,474.6000061035156,949984,450862412.1982422
2017-05-30,459.6499938964844,1804222,829310631.2879028
2017-05-31,477.8999938964844,8231445,3933807515.259247
2017-06-01,484.5,2948808,1428697476.0
2017-06-02,484.8500061035156,1484965,719985289.3135071
2017-06-05,497.1499938964844,2013452,1000987649.5108643
2017-06-06,497.20001220703125,2998048,1490629502.1972656
2017-06-07,509.1000061035156,1886376,960354033.1135254
2017-06-08,519.7999877929688,3777232,1963405147.491211
2017-06-09,527.9500122070312,2236841,1180940233.255188
2017-06-12,534.7999877929688,2316549,1238890376.921814
2017-06-13,530.2999877929688,1802366,955794667.7984619
2017-06-14,532.8499755859375,1522657,811347745.2757568
2017-06-15,534.2999877929688,2706366,1446011320.7633057
2017-06-16,540.6500244140625,1770157,957035425.2667236
2017-06-19,545.0,1457930,794571850.0
2017-06-20,549.3499755859375,1958913,1076128808.7249756
2017-06-21,565.6500244140625,4328418,2448369747.3742676
2017-06-22,568.4500122070312,2207590,1254904562.44812
2017-06-23,558.5499877929688,1972589,1101789561.8705444
2017-06-27,552.2999877929688,970063,535765783.05841064
2017-06-28,569.3499755859375,2742480,1561430921.0449219
2017-06-29,569.4000244140625,1981170,1128078246.3684082
2017-06-30,564.0499877929688,1459570,823270440.6829834
2017-07-03,582.9000244140625,2780579,1620799566.9852295
2017-07-04,577.5,2228908,1287194370.0
2017-07-05,582.0499877929688,1548300,901187996.0998535
2017-07-06,591.9500122070312,2659254,1574145437.7615967
2017-07-07,590.7000122070312,1622824,958602156.6098633
2017-07-10,605.9500122070312,773532,468721724.8425293
2017-07-11,605.0999755859375,3299965,1996808740.9344482
2017-07-12,609.7000122070312,1728744,1054015237.902832
2017-07-13,614.75,1540588,947076473.0
2017-07-14,617.0499877929688,1492805,921135307.0272827
2017-07-17,611.4000244140625,1263636,772587081.2504883
2017-07-18,605.3499755859375,1164357,704843481.5233154
2017-07-19,609.7000122070312,816229,497654831.2637329
2017-07-20,591.9000244140625,1186503,702291154.6673584
2017-07-21,597.1500244140625,1459221,871373855.7755127
2017-07-24,598.5499877929688,1177712,704919503.2236328
2017-07-25,587.4000244140625,1076403,632279148.4793701
2017-07-26,584.9000244140625,963499,563550588.6229248
2017-07-27,573.5499877929688,1064637,610622538.3539429
2017-07-28,596.25,2347037,1399420811.25
2017-07-31,596.7000122070312,1119540,668029531.6662598
2017-08-01,595.5,1257476,748826958.0
2017-08-02,591.3499755859375,907780,536815680.83740234
2017-08-03,588.1500244140625,1121303,659494386.8255615
2017-08-04,609.4000244140625,1421406,866204851.1022949
2017-08-07,633.9000244140625,2693245,1707248071.2530518
2017-08-08,630.2000122070312,2991187,1885046083.9135132
2017-08-09,613.7000122070312,1480023,908290133.166687
2017-08-10,560.2999877929688,3028441,1696835455.331726
2017-08-11,557.2999877929688,2382960,1328023578.9111328
2017-08-14,564.7000122070312,1381147,779933727.7597046
2017-08-16,587.0499877929688,2490425,1462003965.8493042
2017-08-17,591.2000122070312,1407443,832080318.7807007
2017-08-18,580.25,1397501,810899955.25
2017-08-21,559.8499755859375,1699952,951718085.6972656
2017-08-22,556.75,1571820,875110785.0
2017-08-23,574.4000244140625,1461328,839386838.8769531
2017-08-24,574.25,1351241,775950144.25
2017-08-28,574.5999755859375,1095329,629376016.6585693
2017-08-29,545.7000122070312,2651717,1447041999.2695923
2017-08-30,560.5,2409777,1350680008.5
2017-08-31,578.5,2562094,1482171379.0
2017-09-01,578.3499755859375,1396558,807699285.2043457
2017-09-04,569.7999877929688,1370547,780937663.86969
2017-09-05,576.6500244140625,1183092,682230030.684082
2017-09-06,580.5999755859375,1335688,775500420.1904297
2017-09-07,578.7999877929688,2225924,1288364784.0280762
2017-09-08,569.8499755859375,1555956,886661488.612793
2017-09-11,572.8499755859375,1381124,791176849.6811523
2017-09-12,582.0,1719228,1000590696.0
2017-09-13,574.9500122070312,2181565,1254290823.3804321
2017-09-14,576.7999877929688,736555,424844915.0088501
2017-09-15,566.0,1420827,804188082.0
2017-09-18,558.5499877929688,1289217,720092139.6124878
2017-09-19,555.7999877929688,1366823,759680206.7151489
2017-09-20,547.9500122070312,742118,406643567.1590576
2017-09-21,537.9500122070312,1293955,696083108.0453491
2017-09-22,509.1499938964844,1504820,766179093.8153076
2017-09-25,497.45001220703125,1477952,735207240.4414062
2017-09-26,481.54998779296875,2366540,1139607308.1115723
2017-09-27,469.6000061035156,1662165,780552694.14505
2017-09-28,478.79998779296875,1669963,799578264.0147095
2017-09-29,481.8500061035156,1652549,796280745.7363586
2017-10-03,469.29998779296875,1689145,792715727.8805542
2017-10-04,473.8999938964844,1116472,529096073.9855957
2017-10-05,489.1000061035156,2317462,1133470678.3446655
2017-10-06,488.95001220703125,1475093,721246740.3565063
2017-10-09,492.45001220703125,923561,454807625.723938
2017-10-10,492.1499938964844,1153393,567642357.9102478
2017-10-11,480.6000061035156,1532883,736703579.1559753
2017-10-12,486.25,1194220,580689475.0
2017-10-13,482.29998779296875,1157241,558137320.173523
2017-10-16,478.3500061035156,772540,369544513.71520996
2017-10-17,481.79998779296875,750722,361697850.4359131
2017-10-18,482.0,1273554,613853028.0
2017-10-19,476.3999938964844,202811,96619159.1621399
2017-10-23,468.3500061035156,966204,452521649.2972412
2017-10-24,512.2999877929688,5466272,2800371078.873047
2017-10-25,519.7000122070312,3679466,1912218525.1153564
2017-10-26,529.2000122070312,2107833,1115465249.3303833
2017-10-27,524.2999877929688,1152357,604180761.0331421
2017-10-30,569.1500244140625,5929035,3374510415.001831
2017-10-31,583.6500244140625,3710671,2165733219.7425537
2017-11-01,590.5,3335000,1969317500.0
2017-11-02,589.75,2235395,1318324201.25
2017-11-03,622.7000122070312,5096330,3173484753.2110596
2017-11-06,623.25,2687665,1675087211.25
2017-11-07,600.4500122070312,2691345,1616018138.1033325
2017-11-08,623.7000122070312,3173540,1979336936.739502
2017-11-09,665.0,6355737,4226565105.0
2017-11-10,684.5,7002388,4793134586.0
2017-11-13,708.0,5489498,3886564584.0
2017-11-14,694.0,4698809,3260973446.0
2017-11-15,690.9000244140625,6883510,4755817227.054443
2017-11-16,684.5499877929688,3236629,2215634342.4403687
2017-11-17,690.5499877929688,3173659,2191570183.7090454
2017-11-20,720.0499877929688,3983296,2868172236.1757812
2017-11-21,663.5,7783599,5164417936.5
2017-11-22,669.7000122070312,5984331,4007706543.7509155
2017-11-23,662.4000244140625,4642921,3075470983.7525635
2017-11-24,654.0,2449117,1601722518.0
2017-11-27,641.2000122070312,3371458,2161778910.755493
2017-11-28,657.4000244140625,3289254,2162355659.9040527
2017-11-29,668.75,6720198,4494132412.5
2017-11-30,679.7000122070312,6015168,4088509763.0273438
2017-12-01,654.9500122070312,3104783,2033477663.750183
2017-12-04,643.7999877929688,1759744,1132923165.71875
2017-12-05,677.9000244140625,5683688,3852972233.961914
2017-12-06,682.7000122070312,5857333,3998801310.600647
2017-12-07,696.7999877929688,6588257,4590697397.176941
2017-12-08,665.8499755859375,6436096,4285474364.46875
2017-12-11,696.5999755859375,6374957,4440794890.561401
2017-12-12,677.7000122070312,3022914,2048628854.7008057
2017-12-13,677.5999755859375,2492457,1688888802.348999
2017-12-14,675.5,2879975,1945423112.5
2017-12-15,703.0499877929688,5739104,4034876997.142578
2017-12-18,693.4500122070312,3488673,2419220334.4363403
2017-12-19,720.4000244140625,5214917,3756826334.1173096
2017-12-20,737.5999755859375,7027548,5183519233.229004
2017-12-21,742.75,3227703,2397376403.25
2017-12-22,758.9000244140625,3767936,2859486722.390625
2017-12-26,822.2999877929688,13976367,11492766413.490051
2017-12-27,807.4000244140625,6793252,5484871830.650879
2017-12-28,816.9000244140625,4256407,3477058982.2161865
2017-12-29,831.9500122070312,4101542,3412277916.9676514
2018-01-01,841.75,4088653,3441623662.75
2018-01-02,831.4000244140625,2831065,2353747510.117798
2018-01-03,870.5999755859375,4889426,4256734156.229248
2018-01-04,865.2000122070312,3424214,2962629994.5994873
2018-01-05,870.5499877929688,3235147,2816357181.3584595
2018-01-08,866.0499877929688,2125441,1840738152.1046753
2018-01-09,837.5999755859375,4751703,3980026316.791626
2018-01-10,843.5,8779259,7405304966.5
2018-01-11,838.7000122070312,2321018,1946637824.9327393
2018-01-12,827.25,1921000,1589147250.0
2018-01-15,821.0,1749051,1435970871.0
2018-01-16,790.3499755859375,3326799,2629335508.4293213
2018-01-17,821.2999877929688,3898154,3201553832.6151123
2018-01-18,791.25,3917234,3099511402.5
2018-01-19,793.2000122070312,3427052,2718337688.234131
2018-01-22,783.4000244140625,1349937,1057540678.7574463
2018-01-23,795.7000122070312,3633682,2891320811.7564697
2018-01-24,774.3499755859375,3494404,2705891652.0874023
2018-01-25,765.7999877929688,2587980,1981875052.4084473
2018-01-29,749.25,1725752,1293019686.0
2018-01-30,762.4000244140625,3116279,2375851185.6810303
2018-01-31,753.6500244140625,2047730,1543271764.4934082
2018-02-01,769.1500244140625,2653589,2041008044.1348877
2018-02-02,685.5999755859375,5685160,3897745557.2021484
2018-02-05,690.7999877929688,2956211,2042150522.71344
2018-02-06,709.9500122070312,3713022,2636060014.2249756
2018-02-07,747.0,3998764,2987076708.0
2018-02-08,776.5499877929688,4912311,3814655047.085266
2018-02-09,791.7000122070312,4967663,3932898857.7404175
2018-02-12,823.4000244140625,3981483,3278353199.404175
2018-02-14,803.25,3481334,2796381535.5
2018-02-15,756.2000122070312,5847764,4422079208.183838
2018-02-16,739.9500122070312,5252159,3886335116.163269
2018-02-19,762.7000122070312,4295470,3276155021.4349365
2018-02-20,751.75,2191731,1647633779.25
2018-02-21,745.9000244140625,2165245,1615056298.3624268
2018-02-22,733.9000244140625,1909187,1401152385.9110107
2018-02-23,745.4500122070312,2853445,2127100610.0820923
2018-02-26,766.25,3403111,2607633803.75
2018-02-27,742.7000122070312,2075835,1541722679.8397827
2018-02-28,746.0999755859375,1920592,1432953644.3105469
2018-03-01,742.7999877929688,2250213,1671458188.9315796
2018-03-05,739.9000244140625,1659987,1228224421.8270264
2018-03-06,720.4000244140625,1751233,1261588295.954712
2018-03-07,708.0,2220142,1571860536.0
2018-03-08,693.6500244140625,4852580,3365992235.4711914
2018-03-09,688.3499755859375,3399667,2340160696.4503174
2018-03-12,689.0,2492174,1717107886.0
2018-03-13,699.2999877929688,2913967,2037737087.5291138
2018-03-14,714.0,3130009,2234826426.0
2018-03-15,721.9000244140625,2891483,2087361648.2928467
2018-03-16,703.7999877929688,2181774,1535532514.5670166
2018-03-19,673.3499755859375,2389666,1609081542.758545
2018-03-20,669.25,3481065,2329702751.25
2018-03-21,668.3499755859375,2218052,1482435000.0483398
2018-03-22,641.9000244140625,3383385,2171794914.102173
2018-03-23,620.0499877929688,3356605,2081262889.2758179
2018-03-26,616.4000244140625,2479774,1528532754.1413574
2018-03-27,637.7000122070312,3983616,2540351971.828125
2018-03-28,608.75,3647644,2220503285.0
2018-04-02,601.25,3991233,2399728841.25
2018-04-03,612.9500122070312,4636971,2842231431.05365
2018-04-04,603.9500122070312,7043234,4253761260.2769775
2018-04-05,625.2999877929688,3765615,2354639013.53302
2018-04-06,621.0499877929688,2671136,1658908980.1933594
2018-04-09,630.1500244140625,2814960,1773847112.7246094
2018-04-10,619.0999755859375,3064787,1897409556.8760986
2018-04-11,617.75,4364793,2696350875.75
2018-04-12,625.5499877929688,3306594,2068439836.3363037
2018-04-13,624.3499755859375,2422134,1512259303.7658691
2018-04-16,614.0999755859375,1994945,1225095675.795288
2018-04-17,643.7999877929688,4464687,2874365436.0994263
2018-04-18,617.75,3987796,2463460979.0
2018-04-19,621.8499755859375,4968439,3089623670.8502197
2018-04-20,625.7000122070312,2779194,1738941719.725708
2018-04-23,618.2000122070312,1904436,1177322358.4475098
2018-04-24,625.9000244140625,2212171,1384597882.908081
2018-04-25,615.4000244140625,3277260,2016825884.0112305
2018-04-26,620.0999755859375,1896248,1175863338.5048828
2018-04-27,623.0999755859375,2114146,1317324320.9851074
2018-04-30,643.25,4458418,2867877378.5
2018-05-02,592.9000244140625,4425278,2623747434.2390137
2018-05-03,520.0499877929688,12283361,6387961738.106628
2018-05-04,512.25,6154342,3152561689.5
2018-05-07,510.1000061035156,4320054,2203659571.767517
2018-05-08,510.75,3042627,1554021740.25
2018-05-09,499.3999938964844,3649726,1822673142.1238403
2018-05-10,483.95001220703125,3669006,1775615498.487671
2018-05-11,479.75,4307258,2066407025.5
2018-05-14,464.3999938964844,2879891,1337421362.8225403
2018-05-15,438.20001220703125,4320788,1893369354.3439941
2018-05-16,445.20001220703125,6273028,2792752142.175049
2018-05-17,439.29998779296875,3922058,1722960031.5233154
2018-05-18,417.0,4273825,1782185025.0
2018-05-21,400.45001220703125,4148966,1661453485.3465576
2018-05-22,420.0,6811929,2861010180.0
2018-05-23,421.1000061035156,5702023,2401121920.1023865
2018-05-24,391.70001220703125,13739326,5381694161.916382
2018-05-25,405.0,6240933,2527577865.0
2018-05-28,436.79998779296875,11259044,4917950281.760498
2018-05-29,420.75,4489849,1889103966.75
2018-05-30,425.29998779296875,3562811,1515263474.8086548
2018-05-31,412.8500061035156,3996282,1649865048.0913696
2018-06-01,399.1499938964844,4680261,1868126149.5839539
2018-06-04,402.79998779296875,5364373,2160769378.916931
2018-06-05,395.29998779296875,3442869,1360966073.6727905
2018-06-06,402.3999938964844,2943763,1184570213.2326965
2018-06-07,412.04998779296875,4132149,1702651945.008728
2018-06-08,399.70001220703125,4395214,1756767089.4525146
2018-06-11,400.20001220703125,2392944,957656218.0107422
2018-06-12,390.70001220703125,4321952,1688586699.1582031
2018-06-13,392.29998779296875,2740222,1074989057.1500244
2018-06-14,388.6000061035156,2059808,800441401.3720703
2018-06-15,387.8500061035156,2695778,1045557513.7537231
2018-06-18,391.04998779296875,2861361,1118935184.1212769
2018-06-19,388.3500061035156,2208031,857488852.3267517
2018-06-20,381.25,3014939,1149445493.75
2018-06-21,374.5,3724178,1394704661.0
2018-06-22,387.5,6466149,2505632737.5
2018-06-25,378.04998779296875,3076970,1163248470.939331
2018-06-26,375.3500061035156,2874798,1079055446.8463745
2018-06-27,354.54998779296875,3711541,1315926816.243103
2018-06-28,332.29998779296875,6001292,1994229258.342041
2018-06-29,346.8999938964844,7774326,2696913641.94928
2018-07-02,342.75,5603929,1920746664.75
2018-07-03,342.25,4106862,1405573519.5
2018-07-04,340.45001220703125,4234957,1441791162.3462524
2018-07-05,334.45001220703125,2713759,907616730.6769409
2018-07-06,345.0,4635277,1599170565.0
2018-07-09,345.8999938964844,2481834,858466365.4520874
2018-07-10,348.70001220703125,4751755,1656937026.5048218
2018-07-11,338.6000061035156,3088854,1045885983.2528687
2018-07-12,344.6499938964844,8076072,2783418165.5075684
2018-07-13,331.95001220703125,4931198,1636911236.295288
2018-07-16,305.8500061035156,5840446,1786300444.7472534
2018-07-17,315.29998779296875,7116559,2243850965.827942
2018-07-18,307.6499938964844,5138154,1580753046.7391968
2018-07-19,309.79998779296875,5546937,1718441014.8883667
2018-07-20,303.1000061035156,3068640,930104802.7294922
2018-07-23,315.25,5297906,1670164866.5
2018-07-24,317.0,3379150,1071190550.0
2018-07-25,308.25,3019780,930847185.0
2018-07-26,307.5,3048946,937550895.0
2018-07-27,312.95001220703125,3261849,1020795684.3674927
2018-07-30,318.3500061035156,4068967,1295355669.2850037
2018-07-31,309.0,4743176,1465641384.0
2018-08-01,311.04998779296875,2766093,860393193.8842163
2018-08-02,331.1499938964844,8297531,2747727340.00589
2018-08-03,308.29998779296875,20142646,6209977515.918091
2018-08-06,307.25,9106757,2798051088.25
2018-08-07,304.6000061035156,4726585,1439717819.8487854
2018-08-08,294.20001220703125,7240952,2130288166.7905273
2018-08-09,301.75,12888298,3889043921.5
2018-08-10,276.1000061035156,23187485,6402064750.025177
2018-08-13,286.6000061035156,14719731,4218674994.442108
2018-08-14,283.45001220703125,10079806,2857121133.744507
2018-08-16,300.25,10275916,3085343779.0
2018-08-17,300.8999938964844,7022196,2112978733.539917
2018-08-20,301.3999938964844,7737820,2332178900.7720947
2018-08-21,292.5,7424446,2171650455.0
2018-08-23,282.1000061035156,4217824,1189848176.1435547
2018-08-24,275.8500061035156,4559821,1257826650.6809387
2018-08-27,282.25,9836496,2776350996.0
2018-08-28,295.45001220703125,24473804,7230785690.55249
2018-08-29,291.29998779296875,9606837,2798471500.8290405
2018-08-30,286.95001220703125,6361202,1825346991.5513916
2018-08-31,282.54998779296875,5598066,1581733479.9642334
2018-09-03,285.5,3219445,919151547.5
2018-09-04,271.6000061035156,6284539,1706880830.757782
2018-09-05,266.5,8438186,2248776569.0
2018-09-06,274.20001220703125,5667934,1554147571.9886475
2018-09-07,275.8500061035156,6315660,1742174849.5477295
2018-09-10,278.75,3682794,1026578827.5
2018-09-11,269.79998779296875,2979164,803778410.833252
2018-09-12,264.8999938964844,3797439,1005941567.9222717
2018-09-14,266.5,2635304,702308516.0
2018-09-17,265.25,2875474,762719478.5
2018-09-18,253.85000610351562,3805976,966147030.829834
2018-09-19,243.14999389648438,6477896,1575100372.8620605
2018-09-21,229.4499969482422,9785371,2245253346.0874176
2018-09-24,213.6999969482422,5234957,1118710294.924179
2018-09-25,192.4499969482422,9009366,1733852459.205597
2018-09-26,192.0500030517578,6007128,1153668950.7322998
2018-09-27,183.39999389648438,13716065,2515526237.283783
2018-09-28,180.10000610351562,11082570,1995970924.6426392
2018-10-01,171.35000610351562,7429791,1273094733.1978455
2018-10-03,177.1999969482422,10281077,1821806813.024643
2018-10-04,197.10000610351562,14575514,2872833898.3618774
2018-10-05,182.39999389648438,10130374,1847780155.769104
2018-10-08,180.9499969482422,5819693,1053073430.5897064
2018-10-09,175.75,6734104,1183518778.0
2018-10-10,189.0500030517578,12238130,2313618513.847809
2018-10-11,191.1999969482422,10992075,2101684706.4548492
2018-10-12,200.75,8098882,1625850561.5
2018-10-15,201.75,6726821,1357136136.75
2018-10-16,219.0,12469365,2730790935.0
2018-10-17,216.5500030517578,8014226,1735480664.7574768
2018-10-19,229.6999969482422,10856279,2493687253.1692657
2018-10-22,211.60000610351562,6580251,1392381151.7626648
2018-10-23,212.75,6641537,1412986996.75
2018-10-24,220.64999389648438,7098613,1566308915.1235046
2018-10-25,229.14999389648438,5878245,1346999805.8720398
2018-10-26,217.10000610351562,4685775,1017281781.0997009
2018-10-29,214.1999969482422,8250198,1767192386.4223938
2018-10-30,236.0,9715051,2292752036.0
2018-10-31,221.89999389648438,8178819,1814879886.1804504
2018-11-01,224.60000610351562,8088150,1816598539.36615
2018-11-02,229.14999389648438,4541265,1040630847.0323181
2018-11-05,251.1999969482422,11077630,2782700622.193756
2018-11-06,256.0,22627878,5792736768.0
2018-11-07,258.79998779296875,2412304,624304245.7529297
2018-11-09,257.45001220703125,7147251,1840059857.1967163
2018-11-12,242.25,10124218,2452591810.5
2018-11-13,254.64999389648438,24939073,6350734787.233978
2018-11-14,257.8999938964844,11642964,3002720344.5369873
2018-11-15,320.8999938964844,47731670,15317092611.669006
2018-11-16,346.5,95938553,33242708614.5
2018-11-19,322.70001220703125,36904233,11908996439.591125
2018-11-20,310.3500061035156,20229562,6278244690.171448
2018-11-21,318.70001220703125,21196807,6755422649.650085
2018-11-22,308.3999938964844,10603220,3270032983.283081
2018-11-26,302.1499938964844,15367789,4643377352.55246
2018-11-27,293.6000061035156,9740169,2859713677.8492737
2018-11-28,308.3999938964844,22771617,7022766543.81308
2018-11-29,311.20001220703125,11311450,3520123378.0792236
2018-11-30,305.70001220703125,5923091,1810688991.003357
2018-12-03,306.04998779296875,6389776,1955590866.7998047
2018-12-04,303.20001220703125,6630015,2010220628.9328003
2018-12-05,286.6000061035156,11042095,3164664494.3955994
2018-12-06,277.70001220703125,14265326,3961481204.3372803
2018-12-07,276.25,9175632,2534768340.0
2018-12-10,257.6499938964844,8428985,2171727933.8035583
2018-12-11,251.35000610351562,6157967,1547805043.0352478
2018-12-12,258.45001220703125,5918137,1529542579.8928833
2018-12-13,251.9499969482422,5544435,1396920381.3297272
2018-12-14,259.8999938964844,12463395,3239236284.429474
2018-12-17,249.9499969482422,10166132,2541024662.3754272
2018-12-18,245.8000030517578,9543942,2345900972.7257996
2018-12-19,246.14999389648438,7341690,1807156948.6898804
2018-12-20,252.14999389648438,7317546,1845119179.2372437
2018-12-21,252.64999389648438,8358328,2111731518.1848145
2018-12-24,252.0500030517578,5732569,1444894033.9444122
2018-12-26,268.79998779296875,17444354,4689042142.256226
2018-12-27,270.54998779296875,14701007,3977357264.394348
2018-12-28,276.6000061035156,9637655,2665775431.823578
2018-12-31,277.45001220703125,5634160,1563197760.7763672
2019-01-01,280.79998779296875,7699462,2162008835.6124268
2019-01-02,263.54998779296875,11588833,3054236795.6847534
2019-01-03,247.1999969482422,12487699,3086959154.690567
2019-01-04,245.1999969482422,18709843,4587653446.50209
2019-01-07,246.1999969482422,8624216,2123281952.8809814
2019-01-08,245.35000610351562,6063465,1487671174.7584534
2019-01-09,244.1999969482422,5204669,1270980153.9166107
2019-01-10,242.8000030517578,4422435,1073767231.4962006
2019-01-11,253.64999389648438,8275325,2099036135.7414246
2019-01-14,294.45001220703125,35517810,10458219588.067017
2019-01-15,293.70001220703125,42059814,12352967885.225464
2019-01-16,269.70001220703125,41556201,11207707916.977844
2019-01-17,285.29998779296875,60386854,17228368709.055786
2019-01-18,281.20001220703125,37902370,10658146906.675415
2019-01-21,276.20001220703125,15657206,4324520488.328003
2019-01-22,272.3500061035156,10225512,2784918255.6115723
2019-01-23,265.5,8345379,2215698124.5
2019-01-24,265.8500061035156,12514642,3327017652.083313
2019-01-25,253.0500030517578,6740359,1705647865.5199432
2019-01-28,244.8000030517578,9565855,2341721333.1926727
2019-01-29,243.10000610351562,6416914,1559951832.5657349
2019-01-30,242.4499969482422,7392210,1792241291.9407654
2019-01-31,238.0500030517578,6327414,1506240922.009735
2019-02-01,255.14999389648438,27955595,7132869893.622589
2019-02-04,243.39999389648438,5627563,1369748799.8520813
2019-02-05,236.1999969482422,7164171,1692177168.3366852
2019-02-06,236.85000610351562,5478155,1297501045.1860046
2019-02-07,236.60000610351562,4961726,1173944401.8839722
2019-02-08,225.9499969482422,5545462,1252997121.976593
2019-02-11,214.10000610351562,5249311,1123877517.1392517
2019-02-12,221.14999389648438,14259693,3153531019.915741
2019-02-14,225.89999389648438,8512439,1922959918.1441956
2019-02-15,232.5500030517578,23895234,5556836739.622467
2019-02-18,232.3000030517578,7503287,1743013592.9982147
2019-02-19,231.9499969482422,4271096,990680704.1656494
2019-02-20,233.1999969482422,4945408,1153269130.5078125
2019-02-21,234.85000610351562,3635864,853882682.5915527
2019-02-22,236.4499969482422,5633402,1332017885.7082214
2019-02-25,229.0500030517578,6684055,1530982818.148117
2019-02-26,223.6999969482422,3885743,869240697.2416534
2019-02-27,224.3000030517578,5629089,1262604679.8786163
2019-02-28,223.5,16257896,3633639756.0
2019-03-01,234.0500030517578,15955129,3734297991.1411896
2019-03-05,239.10000610351562,11262853,2692948221.0429993
2019-03-06,240.60000610351562,6932975,1668073827.3155212
2019-03-07,242.25,7663929,1856586800.25
2019-03-08,243.25,8461261,2058201738.25
2019-03-11,247.39999389648438,8698702,2152058821.7073364
2019-03-12,244.89999389648438,13380222,3276816286.133606
2019-03-13,240.85000610351562,5799201,1396737596.245514
2019-03-14,237.8000030517578,6112919,1453652156.8551483
2019-03-15,235.14999389648438,6346180,1492304188.2659912
2019-03-18,235.8000030517578,4303604,1014789836.3335571
2019-03-19,229.25,13978970,3204678872.5
2019-03-20,218.5500030517578,13362607,2920397800.6294403
2019-03-22,226.0500030517578,12739236,2879704336.677063
2019-03-25,254.10000610351562,43241234,10987597823.323547
2019-03-26,270.8999938964844,63123387,17100125153.025421
2019-03-27,276.6499938964844,25539580,7065524651.118774
2019-03-28,269.20001220703125,10875140,2927587820.753174
2019-04-01,266.1000061035156,8034624,2138013495.4394531
2019-04-02,265.0,4598424,1218582360.0
2019-04-03,251.75,12220132,3076418231.0
2019-04-04,260.29998779296875,21731236,5656640465.526123
2019-04-05,256.1000061035156,10827520,2772927938.0859375
2019-04-08,264.25,17928564,4737623037.0
2019-04-09,267.3999938964844,11178219,2989055692.3735657
2019-04-10,263.1000061035156,11418980,3004333707.695923
2019-04-11,261.1499938964844,9627960,2514341695.2355957
2019-04-12,260.8500061035156,11373464,2966768153.818115
2019-04-15,261.70001220703125,7175835,1877916107.095642
2019-04-16,240.5,50984114,12261679417.0
2019-04-18,164.85000610351562,56787168,9361364991.401367
2019-04-22,154.6999969482422,57937856,8962986146.387695
2019-04-23,169.75,42707445,7249588788.75
2019-04-24,171.14999389648438,18321686,3135756447.073303
2019-04-25,169.75,16618898,2821057935.5
2019-04-26,167.4499969482422,10793648,1807396324.6604004
2019-04-30,153.35000610351562,10010406,1535095821.1986694
2019-05-02,134.25,34038376,4569651978.0
2019-05-03,135.5,26924668,3648292514.0
2019-05-06,133.39999389648438,14561769,1942539895.7220154
2019-05-07,127.30000305175781,12212871,1554698515.5707245
2019-05-08,131.35000610351562,21943764,2882313535.3341064
2019-05-09,147.39999389648438,34122898,5029714956.930359
2019-05-10,151.75,22274234,3380115009.5
2019-05-13,139.10000610351562,16971715,2360765660.0871277
2019-05-14,128.89999389648438,18043140,2325760635.873413
2019-05-15,123.44999694824219,16881995,2084082231.2302399
2019-05-16,126.6500015258789,10294531,1303802366.8582077
2019-05-17,124.44999694824219,6019053,749071127.481308
2019-05-20,131.39999389648438,11626326,1527699165.4385376
2019-05-21,150.85000610351562,24958964,3765059871.7374268
2019-05-22,157.5,36855572,5804752590.0
2019-05-23,155.4499969482422,10645974,1654916625.8110657
2019-05-24,148.14999389648438,12962983,1920465852.3302307
2019-05-27,152.0,12441716,1891140832.0
2019-05-28,152.60000610351562,7138033,1089263879.367096
2019-05-29,148.0,4053989,599990372.0
2019-05-30,150.9499969482422,5967091,900732368.2398834
2019-05-31,146.1999969482422,4989754,729502019.5724792
2019-06-03,141.10000610351562,3426362,483459699.112854
2019-06-04,141.14999389648438,8349467,1178527216.0888977
2019-06-06,133.10000610351562,3493188,464943344.12072754
2019-06-07,125.44999694824219,5002823,627604130.0825958
2019-06-10,124.80000305175781,18375568,2293270942.477783
2019-06-11,112.3499984741211,15232588,1711381238.5569153
2019-06-12,110.30000305175781,7323681,807802036.6501007
2019-06-13,91.9000015258789,34952718,3212154837.533615
2019-06-14,81.6500015258789,16263347,1327902307.3658981
2019-06-17,68.4000015258789,21881555,1496698395.3886032
2019-06-18,40.5,41885815,1696375507.5
2019-06-19,33.099998474121094,34266495,1134220932.213478
2019-06-20,62.849998474121094,96939750,6092663139.58168
2019-06-21,72.5999984741211,110913294,8052304975.159744
2019-06-24,73.1500015258789,51929033,3798608843.187416
2019-06-25,73.5999984741211,30439672,2240359812.7527466
2019-06-26,73.8499984741211,13436693,992299757.5472336
2019-06-27,71.4000015258789,30774857,2197324836.758705
2019-06-28,67.8499984741211,572738,38860272.42607117
2019-07-01,71.19999694824219,309010,22001511.05697632
2019-07-02,72.5,615029,44589602.5
2019-07-03,68.9000015258789,291836,20107500.845306396
2019-07-04,65.5,94567,6194138.5
2019-07-05,62.25,46984,2924754.0
2019-07-08,59.150001525878906,25724,1521574.639251709
2019-07-09,56.20000076293945,26423,1484972.6201591492
2019-07-10,53.400001525878906,21956,1172450.4335021973
2019-07-11,50.75,23207,1177755.25
2019-07-12,48.25,41633,2008792.25
2019-07-15,45.849998474121094,178846,8200088.827102661
2019-07-16,45.0,512498,23062410.0
2019-07-17,47.25,279463,13204626.75
2019-07-18,44.900001525878906,366456,16453874.95916748
2019-07-19,42.70000076293945,44573,1903267.1340065002
2019-07-22,44.79999923706055,274481,12296748.590587616
2019-07-23,44.349998474121094,273338,12122539.882919312
2019-07-24,42.400001525878906,153885,6524724.2348098755
2019-07-25,40.70000076293945,122657,4992139.9935798645
2019-07-26,38.900001525878906,186457,7253177.584510803
2019-07-29,37.099998474121094,135602,5030833.993087769
2019-07-30,35.25,77544,2733426.0
2019-07-31,33.5,79030,2647505.0
2019-08-01,35.150001525878906,214648,7544877.5275268555
2019-08-02,36.900001525878906,147518,5443414.4250946045
2019-08-05,38.70000076293945,186950,7234965.142631531
2019-08-06,40.599998474121094,132103,5363381.598426819
2019-08-07,42.599998474121094,128602,5478445.003768921
2019-08-08,44.70000076293945,128105,5726293.597736359
2019-08-09,46.900001525878906,121128,5680903.38482666
2019-08-13,44.599998474121094,83107,3706572.0731887817
2019-08-14,42.400001525878906,22437,951328.834236145
2019-08-16,40.29999923706055,30139,1214601.6770057678
2019-08-19,38.29999923706055,32693,1252141.8750572205
2019-08-20,36.400001525878906,23075,839930.0352096558
2019-08-21,34.599998474121094,23753,821853.7637557983
2019-08-22,32.900001525878906,28818,948112.2439727783
2019-08-23,34.5,247145,8526502.5
2019-08-26,36.20000076293945,277722,10053536.61188507
2019-08-27,38.0,84788,3221944.0
2019-08-28,39.900001525878906,121604,4851999.7855529785
2019-08-29,41.849998474121094,128809,5390656.453453064
2019-08-30,39.79999923706055,84184,3350523.135772705
2019-09-03,37.849998474121094,38340,1451168.9414978027
2019-09-04,39.70000076293945,182919,7261884.439556122
2019-09-05,39.70000076293945,199880,7935236.152496338
2019-09-06,39.099998474121094,140518,5494253.585586548
2019-09-09,38.95000076293945,129402,5040207.998725891
2019-09-11,38.75,165771,6423626.25
2019-09-12,38.099998474121094,86198,3284143.66847229
2019-09-13,37.400001525878906,107689,4027568.7643203735
2019-09-16,36.900001525878906,78824,2908605.720275879
2019-09-17,36.5,117629,4293458.5
2019-09-18,35.79999923706055,105209,3766482.119731903
2019-09-19,34.25,112944,3868332.0
2019-09-20,33.70000076293945,327499,11036716.549861908
2019-09-23,33.29999923706055,130179,4334960.600681305
2019-09-24,32.20000076293945,53816,1732875.2410583496
2019-09-25,31.5,61279,1930288.5
2019-09-26,31.049999237060547,62293,1934197.6024742126
2019-09-27,29.549999237060547,77867,2300969.7905921936
2019-09-30,28.100000381469727,42120,1183572.0160675049
2019-10-01,26.700000762939453,25402,678233.419380188
2019-10-03,25.399999618530273,11334,287883.5956764221
2019-10-04,24.149999618530273,18687,451291.0428714752
2019-10-07,22.950000762939453,15654,359259.3119430542
2019-10-09,21.850000381469727,17757,387990.45677375793
2019-10-10,20.799999237060547,18670,388335.9857559204
2019-10-11,19.799999237060547,31702,627699.5758132935
2019-10-14,18.850000381469727,25646,483427.1097831726
2019-10-15,17.950000762939453,31779,570433.0742454529
2019-10-16,17.100000381469727,21775,372352.5083065033
2019-10-17,16.25,25581,415691.25
2019-10-18,15.449999809265137,230008,3553623.5561294556
2019-10-22,16.200000762939453,127916,2072239.297592163
2019-10-23,17.0,31184,530128.0
2019-10-24,17.850000381469727,27487,490642.9604854584
2019-10-25,18.700000762939453,32989,616894.3251686096
2019-10-27,19.600000381469727,20301,397899.6077442169
2019-10-29,20.549999237060547,30779,632508.4265174866
2019-10-30,21.549999237060547,17471,376500.0366706848
2019-10-31,22.600000381469727,29052,656575.2110824585
2019-11-01,23.700000762939453,20257,480090.9154548645
2019-11-04,24.850000381469727,25053,622567.0595569611
2019-11-05,26.049999237060547,183482,4779705.960014343
2019-11-06,25.549999237060547,266024,6796912.997039795
2019-11-07,24.299999237060547,65851,1600179.249759674
2019-11-08,23.100000381469727,41372,955693.2157821655
2019-11-11,21.950000762939453,29764,653319.8227081299
2019-11-13,23.0,153907,3539861.0
2019-11-14,21.950000762939453,121548,2667978.6927337646
2019-11-15,22.600000381469727,67788,1532008.8258590698
2019-11-18,23.25,63686,1480699.5
2019-11-19,23.950000762939453,80415,1925939.3113517761
2019-11-20,24.049999237060547,76129,1830902.3919181824
2019-11-21,23.75,54061,1283948.75
2019-11-22,23.350000381469727,42326,988312.1161460876
2019-11-25,23.049999237060547,49326,1136964.2623672485
2019-11-26,22.149999618530273,53683,1189078.4295215607
2019-11-27,21.700000762939453,42586,924116.2324905396
2019-11-28,22.100000381469727,63818,1410377.824344635
2019-11-29,22.299999237060547,50372,1123295.5615692139
2019-12-02,22.5,58334,1312515.0
2019-12-03,21.5,34441,740481.5
2019-12-04,21.350000381469727,65228,1392617.8248825073
2019-12-05,21.450000762939453,36477,782431.6778297424
2019-12-06,20.549999237060547,35660,732812.9727935791
2019-12-09,20.350000381469727,29708,604557.8113327026
2019-12-10,19.350000381469727,25746,498185.1098213196
2019-12-11,18.399999618530273,31495,579507.987985611
2019-12-12,19.25,62074,1194924.5
2019-12-13,19.950000762939453,75341,1503053.0074806213
2019-12-16,19.950000762939453,55981,1116820.9927101135
2019-12-17,20.899999618530273,69554,1453678.5734672546
2019-12-18,21.899999618530273,55824,1222545.578704834
2019-12-19,22.950000762939453,62097,1425126.1973762512
2019-12-20,24.049999237060547,180466,4340207.162315369
2019-12-23,25.25,92581,2337670.25
2019-12-24,26.5,49330,1307245.0
2019-12-26,27.799999237060547,17975,499704.98628616333
2019-12-27,29.149999618530273,70205,2046475.7232189178
2019-12-30,27.700000762939453,155467,4306436.018611908
2019-12-31,29.049999237060547,131587,3822602.249607086
2020-01-01,30.5,20363,621071.5
2020-01-02,32.0,29210,934720.0
2020-01-03,33.599998474121094,40563,1362916.738105774
2020-01-06,35.25,187015,6592278.75
2020-01-07,37.0,22234,822658.0
2020-01-08,38.849998474121094,25941,1007807.8104171753
2020-01-09,40.75,36607,1491735.25
2020-01-10,42.75,50345,2152248.75
2020-01-13,44.849998474121094,55908,2507473.714691162
2020-01-14,47.04999923706055,71128,3346572.3457336426
2020-01-15,49.400001525878906,57303,2830768.287437439
2020-01-16,46.95000076293945,185819,8724202.191768646
2020-01-17,44.650001525878906,36294,1620527.155380249
2020-01-20,42.45000076293945,7584,321940.8057861328
2020-01-21,40.349998474121094,7545,304440.73848724365
2020-01-22,38.349998474121094,8410,322523.4871673584
2020-01-23,36.45000076293945,10954,399273.30835723877
2020-01-24,34.650001525878906,14426,499860.9220123291
2020-01-27,32.95000076293945,11815,389304.25901412964
2020-01-28,34.400001525878906,711417,24472745.885536194
2020-01-29,32.70000076293945,174870,5718249.133415222
2020-01-30,31.100000381469727,48684,1514072.4185714722
2020-01-31,29.549999237060547,16586,490116.28734588623
2020-02-03,26.700000762939453,12433,331961.1094856262
2020-02-04,25.399999618530273,10475,266064.9960041046
2020-02-05,24.149999618530273,193979,4684592.776002884
2020-02-06,25.350000381469727,157868,4001953.860221863
2020-02-07,26.600000381469727,27883,741687.8106365204
2020-02-10,27.899999618530273,26516,739796.3898849487
2020-02-11,29.25,30148,881829.0
2020-02-12,30.700000762939453,38265,1174735.5291938782
2020-02-13,29.200000762939453,107717,3145336.482181549
2020-02-14,27.75,79686,2211286.5
2020-02-17,26.600000381469727,56927,1514258.2217159271
2020-02-18,25.350000381469727,56185,1424289.7714328766
2020-02-19,26.600000381469727,29497,784620.2112522125
2020-02-20,27.899999618530273,28255,788314.4892215729
2020-02-24,27.149999618530273,208138,5650946.620601654
2020-02-25,28.200000762939453,122130,3444066.0931777954
2020-02-26,27.25,35597,970018.25
2020-02-27,25.950000762939453,60614,1572933.346244812
2020-02-28,25.100000381469727,63081,1583333.1240634918
2020-03-02,23.899999618530273,91390,2184220.9651374817
2020-03-03,22.75,85272,1939938.0
2020-03-04,21.649999618530273,48090,1041148.4816551208
2020-03-05,22.700000762939453,36538,829412.6278762817
2020-03-06,21.600000381469727,92982,2008411.235469818
2020-03-09,20.549999237060547,40663,835624.618976593
2020-03-11,19.549999237060547,67978,1328969.8481369019
2020-03-12,18.600000381469727,22700,422220.0086593628
2020-03-13,17.700000762939453,38180,675786.0291290283
2020-03-16,16.850000381469727,60323,1016442.5730113983
2020-03-17,16.100000381469727,90274,1453411.434436798
2020-03-18,15.850000381469727,119268,1890397.8454971313
2020-03-19,15.899999618530273,119040,1892735.9545898438
2020-03-20,15.850000381469727,88172,1397526.2336349487
2020-03-23,15.100000381469727,41268,623146.8157424927
2020-03-24,14.350000381469727,41123,590115.0656871796
2020-03-25,13.649999618530273,61661,841672.6264781952
2020-03-26,13.850000381469727,103124,1428267.439338684
2020-03-27,13.649999618530273,56146,766392.8785820007
2020-03-30,13.800000190734863,65380,902244.0124702454
2020-03-31,13.649999618530273,49302,672972.2811927795
2020-04-01,14.300000190734863,48412,692291.6092338562
2020-04-03,15.0,41633,624495.0
2020-04-07,15.75,57825,910743.75
2020-04-08,16.5,49312,813648.0
2020-04-09,17.299999237060547,31524,545365.1759490967
2020-04-13,18.149999618530273,92090,1671433.4648704529
2020-04-15,19.049999237060547,39249,747693.4200553894
2020-04-16,20.0,31525,630500.0
2020-04-17,21.0,43698,917658.0
2020-04-20,22.049999237060547,42795,943629.7173500061
2020-04-21,23.149999618530273,59363,1374253.4273548126
2020-04-22,24.299999237060547,71741,1743306.2452659607
2020-04-23,25.5,92226,2351763.0
2020-04-24,24.25,99470,2412147.5
2020-04-27,23.049999237060547,23617,544371.8319816589
2020-04-28,21.899999618530273,19521,427509.89255332947
2020-04-29,20.850000381469727,39174,816777.9149436951
2020-04-30,19.850000381469727,69403,1377649.5764751434
2020-05-04,18.899999618530273,51529,973898.0803432465
2020-05-05,18.0,43990,791820.0
2020-05-06,18.899999618530273,147376,2785406.3437805176
2020-05-07,19.799999237060547,72723,1439915.3445167542
2020-05-08,20.649999618530273,172557,3563301.9841747284
2020-05-11,21.350000381469727,135946,2902447.1518592834
2020-05-12,20.399999618530273,89098,1817599.1660118103
2020-05-13,21.399999618530273,197832,4233604.724533081
2020-05-14,21.0,77419,1625799.0
2020-05-15,20.950000762939453,74022,1550760.9564743042
2020-05-18,19.950000762939453,74525,1486773.8068580627
2020-05-19,19.200000762939453,51597,990662.439365387
2020-05-20,19.299999237060547,35503,685207.8729133606
2020-05-21,20.25,54050,1094512.5
2020-05-22,21.25,76757,1631086.25
2020-05-26,21.75,181162,3940273.5
2020-05-27,21.0,76928,1615488.0
2020-05-28,20.850000381469727,67265,1402475.2756595612
2020-05-29,21.850000381469727,185257,4047865.520669937
2020-06-01,22.899999618530273,91846,2103273.3649635315
2020-06-02,24.0,121158,2907792.0
2020-06-03,25.200000762939453,67252,1694750.451309204
2020-06-04,26.450000762939453,77492,2049663.459121704
2020-06-05,27.75,47006,1304416.5
2020-06-08,29.100000381469727,49844,1450460.419013977
2020-06-09,30.549999237060547,111405,3403422.66500473
2020-06-10,29.049999237060547,385351,11194446.256000519
2020-06-11,27.600000381469727,66955,1847958.0255413055
2020-06-12,26.25,68349,1794161.25
2020-06-15,24.950000762939453,72818,1816809.155555725
2020-06-16,26.149999618530273,98179,2567380.8125476837
2020-06-17,27.450000762939453,102423,2811511.4281425476
2020-06-18,27.899999618530273,108603,3030023.6585712433
2020-06-19,27.5,83256,2289540.0
2020-06-22,26.950000762939453,101860,2745127.0777130127
2020-06-23,27.299999237060547,82792,2260221.536834717
2020-06-24,26.950000762939453,88184,2376558.8672790527
2020-06-25,26.75,55923,1495940.25
2020-06-26,28.0,150187,4205236.0
2020-06-29,29.399999618530273,240132,7059880.708396912
2020-06-30,30.850000381469727,89611,2764499.3841838837
2020-07-01,32.349998474121094,109222,3533331.533340454
2020-07-02,33.95000076293945,68076,2311180.251937866
2020-07-03,32.29999923706055,90619,2926993.6308631897
2020-07-06,30.700000762939453,20686,635060.2157821655
2020-07-07,29.200000762939453,28475,831470.0217247009
2020-07-08,27.75,44740,1241535.0
2020-07-09,29.100000381469727,120665,3511351.5460300446
2020-07-10,28.149999618530273,134867,3796505.9985523224
2020-07-13,27.850000381469727,49130,1368270.5187416077
2020-07-14,26.799999237060547,67430,1807123.9485549927
2020-07-15,25.600000381469727,54834,1403750.420917511
2020-07-16,25.649999618530273,43354,1112030.0834617615
2020-07-17,24.899999618530273,60575,1508317.4768924713
2020-07-20,25.200000762939453,54573,1375239.6416358948
2020-07-21,26.450000762939453,43496,1150469.2331848145
2020-07-22,27.75,36812,1021533.0
2020-07-23,29.100000381469727,41542,1208872.2158470154
2020-07-24,30.549999237060547,79728,2435690.3391723633
2020-07-27,32.04999923706055,70176,2249140.746459961
2020-07-28,30.450000762939453,126399,3848849.646434784
2020-07-29,28.950000762939453,103726,3002867.7791366577
2020-07-30,28.149999618530273,94782,2668113.2638435364
2020-07-31,29.549999237060547,121523,3591004.557285309
2020-08-03,31.0,146827,4551637.0
2020-08-04,31.950000762939453,205659,6570805.206905365
2020-08-05,31.149999618530273,99678,3104969.6619758606
2020-08-06,30.75,38285,1177263.75
2020-08-07,29.799999237060547,84316,2512616.735671997
2020-08-10,29.799999237060547,64868,1933066.3505096436
2020-08-11,30.200000762939453,47550,1436010.036277771
2020-08-12,29.75,81284,2418199.0
2020-08-13,29.850000381469727,59239,1768284.1725978851
2020-08-14,30.5,64226,1958893.0
2020-08-17,29.799999237060547,46519,1386266.1645088196
2020-08-18,30.0,38674,1160220.0
2020-08-19,29.950000762939453,32349,968852.5746803284
2020-08-20,29.600000381469727,60351,1786389.6230220795
2020-08-21,29.450000762939453,67107,1976301.2011985779
2020-08-24,29.25,52387,1532319.75
2020-08-25,29.5,62155,1833572.5
2020-08-26,29.549999237060547,43420,1283060.966873169
2020-08-27,29.350000381469727,44028,1292221.8167953491
2020-08-28,29.450000762939453,37458,1103138.128578186
2020-08-31,28.75,82756,2379235.0
2020-09-01,27.450000762939453,70725,1941401.3039588928
2020-09-02,27.700000762939453,51677,1431452.9394264221
2020-09-03,28.799999237060547,58803,1693526.3551368713
2020-09-04,28.399999618530273,40905,1161701.9843959808
2020-09-07,28.0,27042,757176.0
2020-09-08,27.25,41674,1135616.5
2020-09-09,27.450000762939453,31478,864071.1240158081
2020-09-10,27.700000762939453,24288,672777.6185302734
2020-09-11,27.299999237060547,30892,843351.5764312744
2020-09-14,27.200000762939453,21908,595897.6167144775
2020-09-15,27.549999237060547,15699,432507.4380226135
2020-09-16,27.200000762939453,30591,832075.2233390808
2020-09-17,27.200000762939453,11599,315492.8088493347
2020-09-18,26.799999237060547,33497,897719.5744438171
2020-09-21,26.200000762939453,36968,968561.6282043457
2020-09-22,25.75,29484,759213.0
2020-09-23,25.600000381469727,41857,1071539.2159671783
2020-09-24,24.5,37778,925561.0
2020-09-25,25.5,25101,640075.5
2020-09-28,26.75,43670,1168172.5
2020-09-29,28.049999237060547,71079,1993765.8957710266
2020-09-30,28.549999237060547,180891,5164437.911991119
2020-10-01,27.850000381469727,71775,1998933.7773799896
2020-10-05,27.549999237060547,39335,1083679.2199897766
2020-10-06,28.850000381469727,98470,2840859.537563324
2020-10-07,28.700000762939453,46681,1339744.7356147766
2020-10-08,30.100000381469727,141404,4256260.453941345
2020-10-09,31.600000381469727,79345,2507302.0302677155
2020-10-12,33.150001525878906,101149,3353089.5043411255
2020-10-13,34.79999923706055,423449,14736024.876934052
2020-10-14,36.5,89977,3284160.5
2020-10-15,38.29999923706055,47747,1828710.06357193
2020-10-16,40.20000076293945,144149,5794789.909976959
2020-10-19,42.20000076293945,23877,1007609.4182167053
2020-10-20,44.29999923706055,28549,1264720.6782188416
2020-10-21,46.5,22225,1033462.5
2020-10-22,48.79999923706055,48007,2342741.5633735657
2020-10-23,51.20000076293945,48953,2506393.637348175
2020-10-26,53.75,159806,8589572.5
2020-10-27,56.400001525878906,328828,18545899.70175171
2020-10-28,59.20000076293945,34101,2018779.2260169983
2020-10-29,62.150001525878906,53073,3298487.030982971
2020-10-30,65.25,69016,4503294.0
2020-11-02,68.5,89175,6108487.5
2020-11-03,71.9000015258789,42237,3036840.3644485474
2020-11-04,75.44999694824219,62869,4743465.858139038
2020-11-05,71.69999694824219,802840,57563625.54992676
2020-11-06,68.1500015258789,71307,4859572.158805847
2020-11-09,64.75,81971,5307622.25
2020-11-10,61.54999923706055,439500,27051224.66468811
2020-11-11,58.5,28346,1658241.0
2020-11-12,55.599998474121094,20674,1149474.3684539795
2020-11-13,52.849998474121094,33201,1754672.7993392944
2020-11-14,50.25,164151,8248587.75
2020-11-17,52.75,464480,24501320.0
2020-11-18,55.349998474121094,340537,18848722.430381775
2020-11-19,58.099998474121094,160996,9353867.3543396
2020-11-20,61.0,147284,8984324.0
2020-11-23,64.05000305175781,517423,33140944.729049683
2020-11-24,67.25,160804,10814069.0
2020-11-25,70.5999984741211,372668,26310360.23135376
2020-11-26,71.55000305175781,489704,35038322.69445801
2020-11-27,68.94999694824219,190351,13124700.869094849
2020-12-01,69.5,144346,10032047.0
2020-12-02,69.4000015258789,180799,12547450.87587738
2020-12-03,69.69999694824219,127595,8893371.110610962
2020-12-04,69.1500015258789,155809,10774192.587745667
2020-12-07,71.44999694824219,191179,13659738.966567993
2020-12-08,75.0,74184,5563800.0
2020-12-09,78.75,42726,3364672.5
2020-12-10,82.6500015258789,47144,3896451.671936035
2020-12-11,86.75,34126,2960430.5
2020-12-14,91.05000305175781,373873,34041137.79096985
2020-12-15,95.5999984741211,158258,15129464.558517456
2020-12-16,100.3499984741211,188894,18955512.61177063
2020-12-17,105.3499984741211,121827,12834474.26410675
2020-12-18,110.5999984741211,87947,9726938.065803528
2020-12-21,105.0999984741211,340292,35764688.680755615
2020-12-22,99.8499984741211,103608,10345258.641906738
2020-12-23,94.9000015258789,83505,7924624.627418518
2020-12-24,99.5999984741211,327766,32645493.099868774
2020-12-28,104.55000305175781,470078,49146656.33456421
2020-12-29,109.75,109463,12013564.25
2020-12-30,115.19999694824219,479282,55213284.93734741
2020-12-31,120.94999694824219,61112,7391496.213500977
2021-01-01,126.94999694824219,40598,5153915.976104736
2021-01-04,133.25,458332,61072739.0
2021-01-05,139.89999389648438,347548,48621963.07873535
2021-01-06,146.85000610351562,93074,13667917.468078613
2021-01-07,154.14999389648438,75941,11706304.68649292
2021-01-08,161.85000610351562,506047,81903710.03866577
2021-01-11,153.8000030517578,139318,21427108.825164795
2021-01-12,146.14999389648438,36964,5402288.374389648
2021-01-13,138.85000610351562,10593,1470838.114654541
2021-01-14,131.9499969482422,5997,791304.1316986084
2021-01-15,125.4000015258789,14293,1792342.2218093872
2021-01-18,119.1500015258789,26234,3125781.140029907
2021-01-19,113.19999694824219,16000,1811199.951171875
2021-01-20,107.55000305175781,10706,1151430.3326721191
2021-01-21,102.19999694824219,53949,5513587.635360718
2021-01-22,97.0999984741211,105592,10252983.038879395
2021-01-25,92.25,12059,1112442.75
2021-01-27,87.6500015258789,5022,440178.30766296387
2021-01-28,83.30000305175781,3441,286635.31050109863
2021-01-29,79.1500015258789,22814,1805728.1348114014
2021-02-01,75.19999694824219,15269,1148228.75340271
2021-02-02,78.94999694824219,147195,11621044.800796509
2021-02-03,82.8499984741211,159385,13205047.00679779
2021-02-04,86.94999694824219,73758,6413257.874908447
2021-02-05,91.25,59532,5432295.0
2021-02-08,95.80000305175781,39125,3748175.1194000244
2021-02-09,100.55000305175781,72262,7265944.320526123
2021-02-10,105.55000305175781,90929,9597556.227493286
2021-02-11,110.80000305175781,36579,4052953.311630249
2021-02-12,116.30000305175781,45544,5296767.338989258
2021-02-15,110.5,163402,18055921.0
2021-02-16,105.0,19797,2078685.0
2021-02-17,99.75,82814,8260696.5
2021-02-18,104.69999694824219,241926,25329651.46170044
2021-02-19,109.5,306088,33516636.0
2021-02-22,114.94999694824219,145666,16744306.255462646
2021-02-23,120.6500015258789,184511,22261252.431541443
2021-02-24,126.6500015258789,416843,52793166.58605194
2021-02-25,132.9499969482422,200155,26610606.639175415
2021-02-26,135.14999389648438,638629,86310705.45211792
2021-03-01,129.5,224627,29089196.5
2021-03-02,123.05000305175781,88895,10938530.02128601
2021-03-03,116.9000015258789,63906,7470611.497512817
2021-03-04,122.69999694824219,304059,37308038.37208557
2021-03-05,116.9000015258789,274786,32122483.81929016
2021-03-08,115.94999694824219,103271,11974272.134841919
2021-03-09,113.4000015258789,103738,11763889.358291626
2021-03-10,109.3499984741211,148984,16291400.172668457
2021-03-12,107.55000305175781,165287,17776617.354415894
2021-03-15,109.5999984741211,67587,7407535.096870422
2021-03-16,115.05000305175781,114380,13159419.349060059
2021-03-17,109.30000305175781,130224,14233483.59741211
2021-03-18,105.4000015258789,86393,9105822.331825256
2021-03-19,102.4000015258789,87252,8934604.933135986
2021-03-22,99.19999694824219,77436,7681650.963684082
2021-03-23,102.80000305175781,51927,5338095.758468628
2021-03-24,100.25,57747,5789136.75
2021-03-25,95.30000305175781,246124,23455617.95111084
2021-03-26,91.1500015258789,97503,8887398.598777771
2021-03-30,90.94999694824219,73088,6647353.376953125
2021-03-31,95.44999694824219,79356,7574529.957824707
2021-04-01,100.19999694824219,41467,4154993.273452759
2021-04-05,101.0999984741211,118497,11980046.519187927
2021-04-06,102.6500015258789,107082,10991967.463394165
2021-04-07,99.5999984741211,83952,8361619.071899414
2021-04-08,98.25,80853,7943807.25
2021-04-09,97.3499984741211,64072,6237409.102233887
2021-04-12,92.5,42667,3946697.5
2021-04-13,91.05000305175781,71505,6510530.468215942
2021-04-15,87.94999694824219,67321,5920881.744552612
2021-04-16,88.44999694824219,92909,8217800.766464233
2021-04-19,84.05000305175781,71248,5988394.617431641
2021-04-20,81.3499984741211,94903,7720358.905189514
2021-04-22,78.44999694824219,88576,6948786.9296875
2021-04-23,82.3499984741211,51437,4235836.871513367
2021-04-26,86.44999694824219,23435,2025955.6784820557
2021-04-27,90.75,96274,8736865.5
2021-04-28,95.25,46207,4401216.75
2021-04-29,98.55000305175781,88560,8727588.270263672
2021-04-30,93.80000305175781,65886,6180107.001068115
2021-05-03,89.80000305175781,76092,6833061.8322143555
2021-05-04,89.6500015258789,38288,3432519.2584228516
2021-05-05,90.30000305175781,28615,2583934.58732605
2021-05-06,89.5,34858,3119791.0
2021-05-07,88.05000305175781,38204,3363862.3165893555
2021-05-10,89.4000015258789,41114,3675591.6627349854
2021-05-11,88.1500015258789,58504,5157127.6892700195
2021-05-12,88.9000015258789,44813,3983875.7683792114
2021-05-14,88.80000305175781,47797,4244373.745864868
2021-05-17,88.94999694824219,58460,5200016.821594238
2021-05-18,89.55000305175781,38454,3443555.817352295
2021-05-19,89.4000015258789,49975,4467765.076255798
2021-05-20,89.1500015258789,34778,3100458.7530670166
2021-05-21,88.94999694824219,65695,5843570.0495147705
2021-05-24,89.19999694824219,45869,4091514.660018921
2021-05-25,93.05000305175781,84239,7838439.207077026
2021-05-26,97.69999694824219,46399,4533182.158401489
2021-05-27,102.55000305175781,62948,6455317.592102051
2021-05-28,103.0999984741211,184434,19015145.11857605
2021-05-31,100.5,87099,8753449.5
2021-06-01,99.5,50083,4983258.5
2021-06-02,99.3499984741211,72967,7249271.338661194
2021-06-03,104.30000305175781,97734,10193656.498260498
2021-06-04,103.55000305175781,85099,8812001.709701538
2021-06-07,104.5,96704,10105568.0
2021-06-08,103.5999984741211,79124,8197246.279266357
2021-06-09,100.30000305175781,98190,9848457.2996521
2021-06-10,100.0999984741211,78002,7808000.080978394
2021-06-11,99.30000305175781,75317,7478978.329849243
2021-06-14,99.0999984741211,54401,5391139.016990662
2021-06-15,99.55000305175781,65728,6543222.6005859375
2021-06-16,98.30000305175781,45412,4463999.738586426
2021-06-17,95.0,125947,11964965.0
2021-06-18,90.25,171045,15436811.25
2021-06-21,94.75,101141,9583109.75
2021-06-22,99.44999694824219,72514,7211517.078704834
2021-06-23,104.4000015258789,155985,16284834.238014221
2021-06-24,109.5999984741211,132736,14547865.397460938
2021-06-25,115.05000305175781,346281,39839630.10676575
2021-06-28,120.80000305175781,466505,56353805.42366028
2021-06-29,126.80000305175781,255927,32451544.38102722
2021-06-30,133.10000610351562,115862,15421232.907165527
2021-07-01,126.44999694824219,373604,47242224.659851074
2021-07-02,120.1500015258789,61062,7336599.393173218
2021-07-05,114.1500015258789,66497,7590632.65146637
2021-07-06,108.44999694824219,59305,6431627.069015503
2021-07-07,103.05000305175781,43410,4473400.632476807
2021-07-08,97.9000015258789,87631,8579075.033714294
2021-07-09,93.05000305175781,143567,13358909.788131714
2021-07-12,88.4000015258789,180982,15998809.076156616
2021-07-13,84.0,175483,14740572.0
2021-07-14,79.80000305175781,169502,13526260.117279053
2021-07-15,75.8499984741211,172942,13117650.43611145
2021-07-16,72.0999984741211,163959,11821443.64981842
2021-07-19,68.5,171498,11747613.0
2021-07-20,71.9000015258789,620826,44637390.3473053
2021-07-22,75.44999694824219,277429,20932017.20335388
2021-07-23,79.19999694824219,83852,6641078.144104004
2021-07-26,83.1500015258789,157752,13117079.04071045
2021-07-27,87.30000305175781,101164,8831617.508728027
2021-07-28,82.94999694824219,199623,16558727.24079895
2021-07-29,87.05000305175781,335369,29193872.473464966
2021-07-30,86.44999694824219,332819,28772201.534317017
2021-08-02,85.6500015258789,132716,11367125.602508545
2021-08-03,83.05000305175781,164707,13678916.852645874
2021-08-04,82.5,134867,11126527.5
2021-08-05,81.5,90877,7406475.5
2021-08-06,80.55000305175781,74754,6021434.9281311035
2021-08-09,78.9000015258789,64212,5066326.897979736
2021-08-10,76.75,103769,7964270.75
2021-08-11,78.55000305175781,70346,5525678.514678955
2021-08-12,79.3499984741211,61862,4908749.605606079
2021-08-13,79.4000015258789,44138,3504557.267349243
2021-08-16,77.55000305175781,51548,3997547.5573120117
2021-08-17,75.4000015258789,61100,4606940.093231201
2021-08-18,73.80000305175781,55491,4095235.969345093
2021-08-20,77.25,86783,6703986.75
2021-08-23,74.0,44273,3276202.0
2021-08-24,75.30000305175781,34690,2612157.1058654785
2021-08-25,74.8499984741211,56376,4219743.513977051
2021-08-26,75.05000305175781,29956,2248197.891418457
2021-08-27,75.19999694824219,35311,2655387.09223938
2021-08-30,74.19999694824219,59576,4420539.018188477
2021-08-31,74.1500015258789,58136,4310784.488708496
2021-09-01,73.0999984741211,107818,7881495.635482788
2021-09-02,76.75,66800,5126900.0
2021-09-03,80.55000305175781,79274,6385520.941925049
2021-09-06,84.55000305175781,109373,9247487.483779907
2021-09-07,83.44999694824219,283032,23619019.536254883
2021-09-08,81.6500015258789,57980,4734067.088470459
2021-09-09,80.4000015258789,57212,4599844.887298584
2021-09-13,84.4000015258789,176959,14935339.870018005
2021-09-14,88.5999984741211,96587,8557608.052619934
2021-09-15,93.0,135602,12610986.0
2021-09-16,97.6500015258789,95007,9277433.694969177
2021-09-17,102.5,853358,87469195.0
2021-09-20,107.5999984741211,129611,13946143.40222931
2021-09-21,112.94999694824219,162456,18349404.704223633
2021-09-22,118.55000305175781,167226,19824642.810333252
2021-09-23,112.6500015258789,529768,59678366.00836182
2021-09-24,107.05000305175781,141773,15176800.08265686
2021-09-27,101.69999694824219,294629,29963768.400863647
2021-09-28,96.6500015258789,82389,7962896.975715637
2021-09-29,99.80000305175781,432134,43126974.51876831
2021-09-30,101.75,455955,46393421.25
2021-10-01,102.75,188272,19344948.0
2021-10-04,101.19999694824219,153078,15491493.132843018
2021-10-05,100.3499984741211,136785,13726374.541282654
2021-10-06,99.5,109739,10919030.5
2021-10-07,99.80000305175781,123569,12332186.577102661
2021-10-08,99.69999694824219,96512,9622246.10546875
2021-10-11,100.1500015258789,127139,12732971.043998718
2021-10-12,99.05000305175781,95040,9413712.290039062
2021-10-13,99.30000305175781,143964,14295625.639343262
2021-10-14,99.55000305175781,108992,10850153.932617188
2021-10-18,99.3499984741211,81460,8093050.875701904
2021-10-19,97.69999694824219,136220,13308693.58428955
2021-10-20,96.30000305175781,124252,11965467.979187012
2021-10-21,94.80000305175781,77377,7335339.836135864
2021-10-22,95.25,63745,6071711.25
2021-10-25,91.55000305175781,71101,6509296.766983032
2021-10-26,94.4000015258789,66972,6322156.902191162
2021-10-27,94.1500015258789,43904,4133561.6669921875
2021-10-28,92.0,55684,5122928.0
2021-10-29,93.55000305175781,76105,7119622.982254028
2021-11-01,93.0,28564,2656452.0
2021-11-02,92.5999984741211,42084,3896978.335784912
2021-11-03,93.44999694824219,50457,4715206.496017456
2021-11-04,94.75,19589,1856057.75
2021-11-08,93.5999984741211,48970,4583591.92527771
2021-11-09,94.8499984741211,55947,5306572.864631653
2021-11-10,93.5999984741211,37048,3467692.7434692383
2021-11-11,93.1500015258789,39604,3689112.660430908
2021-11-12,92.4000015258789,97564,9014913.74887085
2021-11-15,92.30000305175781,49662,4583802.7515563965
2021-11-16,91.19999694824219,125858,11478249.215911865
2021-11-17,90.75,44611,4048448.25
2021-11-18,90.69999694824219,34598,3138038.494415283
2021-11-22,88.8499984741211,59714,5305588.808883667
2021-11-23,91.44999694824219,43301,3959876.317855835
2021-11-24,90.19999694824219,43457,3919821.2673797607
2021-11-25,90.05000305175781,46581,4194619.192153931
2021-11-26,88.80000305175781,58094,5158747.377288818
2021-11-29,84.4000015258789,56094,4734333.685592651
2021-11-30,83.5999984741211,39703,3319170.73941803
2021-12-01,81.94999694824219,49938,4092418.9476013184
2021-12-02,86.0,72872,6266992.0
2021-12-03,90.30000305175781,23160,2091348.070678711
2021-12-06,94.80000305175781,99203,9404444.70274353
2021-12-07,94.5999984741211,153874,14556480.16520691
2021-12-08,92.75,40352,3742648.0
2021-12-09,92.19999694824219,69067,6367977.189224243
2021-12-10,92.05000305175781,47140,4339237.143859863
2021-12-13,90.69999694824219,57647,5228582.724075317
2021-12-14,91.5,41449,3792583.5
2021-12-15,90.5999984741211,46647,4226218.128822327
2021-12-16,88.3499984741211,54595,4823468.166694641
2021-12-17,87.80000305175781,39281,3448871.9198760986
2021-12-20,89.55000305175781,105365,9435436.071548462
2021-12-21,88.94999694824219,35900,3193304.8904418945
2021-12-22,88.8499984741211,24242,2153901.6630096436
2021-12-23,88.5,44512,3939312.0
2021-12-24,88.75,23758,2108522.5
2021-12-27,88.19999694824219,30363,2678016.5073394775
2021-12-28,89.0999984741211,36511,3253130.0442886353
2021-12-29,88.4000015258789,42262,3735960.8644866943
2021-12-30,87.9000015258789,33781,2969349.9515457153
2021-12-31,89.6500015258789,46939,4208081.42162323
2022-01-03,88.9000015258789,44552,3960672.867980957
2022-01-04,88.4000015258789,51263,4531649.27822113
2022-01-05,87.9000015258789,24967,2194599.3380966187
2022-01-06,88.6500015258789,43200,3829680.0659179688
2022-01-07,90.69999694824219,92860,8422401.71661377
2022-01-10,89.4000015258789,56120,5017128.085632324
2022-01-11,88.9000015258789,32321,2873336.949317932
2022-01-12,88.1500015258789,65476,5771709.499908447
2022-01-13,87.8499984741211,50388,4426585.723114014
2022-01-14,88.05000305175781,35043,3085536.256942749
2022-01-17,87.3499984741211,35769,3124422.0954208374
2022-01-18,88.0,37564,3305632.0
2022-01-19,87.0999984741211,40238,3504729.7386016846
2022-01-20,86.1500015258789,32769,2823049.400001526
2022-01-21,86.19999694824219,27402,2362052.3163757324
2022-01-24,83.5,67868,5666978.0
2022-01-25,84.75,29145,2470038.75
2022-01-27,84.19999694824219,32243,2714860.501602173
2022-01-28,85.1500015258789,27124,2309608.6413879395
2022-01-31,85.55000305175781,31786,2719292.397003174
2022-02-01,85.25,27309,2328092.25
2022-02-02,84.6500015258789,46021,3895677.720222473
2022-02-03,84.4000015258789,35141,2965900.4536209106
2022-02-04,84.55000305175781,22172,1874642.6676635742
2022-02-07,84.3499984741211,30460,2569300.9535217285
2022-02-08,84.44999694824219,42891,3622144.8191070557
2022-02-09,84.44999694824219,40847,3449529.0253448486
2022-02-10,85.3499984741211,37821,3228022.292289734
2022-02-11,85.69999694824219,57696,4944547.023925781
2022-02-14,83.5999984741211,48946,4091885.525314331
2022-02-15,85.6500015258789,57144,4894383.687194824
2022-02-16,84.3499984741211,44129,3722281.0826644897
2022-02-17,83.5999984741211,32332,2702955.150665283
2022-02-18,83.05000305175781,22940,1905167.0700073242
2022-02-21,80.5999984741211,39115,3152668.9403152466
2022-02-22,79.30000305175781,35576,2821176.908569336
2022-02-23,81.9000015258789,37674,3085500.657485962
2022-02-24,77.8499984741211,51120,3979691.9219970703
2022-02-25,79.9000015258789,60147,4805745.391777039
2022-02-28,77.9000015258789,37731,2939244.957572937
2022-03-02,77.94999694824219,22619,1763150.98097229
2022-03-03,78.0,19537,1523886.0
2022-03-04,81.9000015258789,77893,6379436.818855286
2022-03-07,85.94999694824219,90202,7752861.624725342
2022-03-08,90.19999694824219,169702,15307119.882110596
2022-03-09,94.69999694824219,188141,17816952.125839233
2022-03-10,99.4000015258789,171635,17060519.261894226
2022-03-11,94.44999694824219,152656,14418358.73413086
2022-03-14,89.75,43986,3947743.5
2022-03-15,89.0,99961,8896529.0
2022-03-16,90.5,49962,4521561.0
2022-03-17,90.1500015258789,90821,8187513.288581848
2022-03-21,88.6500015258789,56219,4983814.435783386
2022-03-22,86.94999694824219,42902,3730328.7690734863
2022-03-23,85.94999694824219,37185,3196050.6365203857
2022-03-24,86.5,34668,2998782.0
2022-03-25,85.75,33186,2845699.5
2022-03-28,84.25,69475,5853268.75
2022-03-29,81.05000305175781,105596,8558556.122253418
2022-03-30,82.25,63776,5245576.0
2022-03-31,79.55000305175781,90977,7237220.6276397705
2022-04-01,83.5,32846,2742641.0
2022-04-04,87.6500015258789,46725,4095446.321296692
2022-04-05,91.69999694824219,143531,13161792.26197815
2022-04-06,89.1500015258789,65515,5840662.349967957
2022-04-07,89.55000305175781,81572,7304772.848937988
2022-04-08,90.1500015258789,66167,5964955.15096283
2022-04-11,92.5,98647,9124847.5
2022-04-12,92.1500015258789,60419,5567610.942192078
2022-04-13,90.1500015258789,36984,3334107.6564331055
2022-04-18,88.0999984741211,47287,4165984.627845764
2022-04-19,87.3499984741211,36294,3170280.844619751
2022-04-20,86.30000305175781,32021,2763412.397720337
2022-04-21,87.80000305175781,26905,2362259.082107544
2022-04-22,87.5,40506,3544275.0
2022-04-25,85.3499984741211,23493,2005127.5141525269
2022-04-26,84.9000015258789,37569,3189608.1573257446
2022-04-27,84.1500015258789,30617,2576420.5967178345
2022-04-28,88.3499984741211,45327,4004640.380836487
2022-04-29,87.94999694824219,105317,9262629.828598022
2022-05-02,88.80000305175781,65251,5794288.999130249
2022-05-04,86.44999694824219,40035,3461025.627822876
2022-05-05,86.55000305175781,22578,1954125.968902588
2022-05-06,90.8499984741211,209774,19057967.57991028
2022-05-09,95.3499984741211,141440,13486303.784179688
2022-05-10,100.0999984741211,141131,14127212.884651184
2022-05-11,105.0999984741211,259555,27279230.1039505
2022-05-12,104.25,604141,62981699.25
2022-05-13,99.05000305175781,193673,19183311.24104309
2022-05-16,102.30000305175781,117589,12029355.05885315
2022-05-17,104.55000305175781,136762,14298467.517364502
2022-05-18,109.75,269037,29526810.75
2022-05-19,108.1500015258789,183814,19879484.380477905
2022-05-20,113.55000305175781,213578,24251782.55178833
2022-05-23,119.19999694824219,84516,10074306.942077637
2022-05-24,125.1500015258789,69512,8699426.906066895
2022-05-25,131.39999389648438,116786,15345679.687194824
2022-05-26,124.8499984741211,622514,77720871.95011902
2022-05-27,118.6500015258789,70005,8306093.356819153
2022-05-30,112.75,126803,14297038.25
2022-05-31,107.1500015258789,43360,4646024.066162109
2022-06-01,101.80000305175781,45766,4658978.939666748
2022-06-02,106.8499984741211,162465,17359385.002098083
2022-06-03,112.1500015258789,39884,4472990.660858154
2022-06-06,112.5,256410,28846125.0
2022-06-07,110.55000305175781,86621,9575951.814346313
2022-06-08,107.80000305175781,78795,8494101.240463257
2022-06-09,104.30000305175781,75577,7882681.3306427
2022-06-10,106.75,65735,7017211.25
2022-06-13,104.94999694824219,102666,10774796.386688232
2022-06-14,104.25,47640,4966470.0
2022-06-15,104.69999694824219,38902,4073039.2812805176
2022-06-16,100.30000305175781,107262,10758378.927337646
2022-06-17,98.80000305175781,61713,6097244.58833313
2022-06-20,96.55000305175781,54343,5246816.815841675
2022-06-21,98.80000305175781,39123,3865352.519393921
2022-06-22,98.5999984741211,33675,3320354.948616028
2022-06-23,96.8499984741211,37672,3648533.14251709
2022-06-24,100.8499984741211,50412,5084050.123077393
2022-06-27,105.8499984741211,55775,5903783.664894104
2022-06-28,111.0999984741211,117000,12998699.821472168
2022-06-29,114.44999694824219,244817,28019304.902877808
2022-06-30,110.3499984741211,94269,10402584.006156921
2022-07-01,108.1500015258789,37404,4045242.6570739746
2022-07-04,106.30000305175781,66011,7016969.501449585
2022-07-05,104.9000015258789,37324,3915287.6569519043
2022-07-06,103.1500015258789,33362,3441290.350906372
2022-07-07,108.30000305175781,44777,4849349.23664856
2022-07-08,108.0,110143,11895444.0
2022-07-11,107.94999694824219,70653,7626991.134384155
2022-07-12,106.5,34687,3694165.5
2022-07-13,105.69999694824219,37084,3919778.6868286133
2022-07-14,103.94999694824219,46731,4857687.307388306
2022-07-15,104.69999694824219,44884,4699354.663024902
2022-07-18,104.80000305175781,42356,4438908.929260254
2022-07-19,108.5999984741211,79127,8593192.07926178
2022-07-20,106.80000305175781,48971,5230102.949447632
2022-07-21,105.0999984741211,75027,7885337.585517883
2022-07-22,104.5,47105,4922472.5
2022-07-25,104.69999694824219,41027,4295526.774795532
2022-07-26,103.30000305175781,33635,3474495.602645874
2022-07-27,103.69999694824219,46098,4780362.459320068
2022-07-28,102.55000305175781,45161,4631260.687820435
2022-07-29,103.4000015258789,40378,4175085.2616119385
2022-08-01,104.69999694824219,59471,6226613.518508911
2022-08-02,103.6500015258789,54451,5643846.233085632
2022-08-03,104.0,53757,5590728.0
2022-08-04,102.6500015258789,45533,4673962.519477844
2022-08-05,103.30000305175781,39150,4044195.1194763184
2022-08-08,104.0999984741211,42095,4382089.435768127
2022-08-10,103.30000305175781,32975,3406317.600631714
2022-08-11,103.8499984741211,46223,4800258.479469299
2022-08-12,103.19999694824219,33450,3452039.897918701
2022-08-16,102.94999694824219,46789,4816927.407211304
2022-08-17,103.30000305175781,42644,4405125.33013916
2022-08-18,102.5999984741211,44025,4516964.932823181
2022-08-19,101.9000015258789,50827,5179271.377555847
2022-08-22,101.25,51124,5176305.0
2022-08-23,101.44999694824219,29760,3019151.9091796875
2022-08-24,101.69999694824219,24385,2479954.4255828857
2022-08-25,101.55000305175781,27431,2785618.1337127686
2022-08-26,101.5,30919,3138278.5
2022-08-29,101.0,44277,4471977.0
2022-08-30,101.25,42862,4339777.5
2022-09-01,101.94999694824219,36271,3697828.3393096924
2022-09-02,101.69999694824219,39480,4015115.8795166016
2022-09-05,101.1500015258789,38073,3851084.0080947876
2022-09-06,101.05000305175781,32014,3235014.7976989746
2022-09-07,101.05000305175781,33284,3363348.301574707
2022-09-08,100.8499984741211,35566,3586831.045730591
2022-09-09,100.69999694824219,57339,5774037.125015259
2022-09-12,99.55000305175781,50649,5042108.104568481
2022-09-13,98.94999694824219,54809,5423350.382736206
2022-09-14,99.0,59057,5846643.0
2022-09-15,97.94999694824219,72162,7068267.679779053
2022-09-16,96.0999984741211,67693,6505297.196708679
2022-09-19,93.30000305175781,73192,6828813.823364258
2022-09-20,97.94999694824219,49453,4843921.199081421
2022-09-21,99.69999694824219,115468,11512159.247619629
2022-09-22,96.9000015258789,29969,2903996.145729065
2022-09-23,95.69999694824219,32554,3115417.700653076
2022-09-26,93.0999984741211,44253,4119954.2324752808
2022-09-27,93.55000305175781,28086,2627445.38571167
2022-09-28,93.80000305175781,33053,3100371.500869751
2022-09-29,95.3499984741211,39060,3724370.94039917
2022-09-30,95.55000305175781,30611,2924881.1434173584
2022-10-03,96.1500015258789,30349,2918056.396308899
2022-10-04,95.6500015258789,22015,2105734.783592224
2022-10-06,97.4000015258789,49950,4865130.076217651
2022-10-07,96.0999984741211,34438,3309491.747451782
2022-10-10,95.25,26044,2480691.0
2022-10-11,96.0,46161,4431456.0
2022-10-12,96.9000015258789,32020,3102738.0488586426
2022-10-13,95.3499984741211,25065,2389947.711753845
2022-10-14,94.80000305175781,30529,2894149.2931671143
2022-10-17,94.69999694824219,16862,1596831.3485412598
2022-10-18,94.55000305175781,18213,1722039.205581665
2022-10-19,94.0,26157,2458758.0
2022-10-20,93.5999984741211,18392,1721491.1719360352
2022-10-21,93.55000305175781,33854,3167041.803314209
2022-10-24,94.6500015258789,10034,949718.115310669
2022-10-25,94.55000305175781,13820,1306681.042175293
2022-10-27,94.44999694824219,15506,1464541.6526794434
2022-10-28,92.9000015258789,20858,1937708.2318267822
2022-10-31,90.80000305175781,34900,3168920.1065063477
2022-11-01,91.4000015258789,28055,2564227.0428085327
2022-11-02,90.30000305175781,25289,2283596.7771759033
2022-11-03,90.05000305175781,19556,1761017.8596801758
2022-11-04,90.0,28933,2603970.0
2022-11-07,89.30000305175781,30168,2694002.4920654297
2022-11-09,89.19999694824219,34849,3108530.693649292
2022-11-10,89.0,19511,1736479.0
2022-11-11,87.0,73426,6388062.0
2022-11-14,85.55000305175781,48661,4162948.698501587
2022-11-15,82.9000015258789,90936,7538594.538757324
2022-11-16,80.55000305175781,55646,4482285.469818115
2022-11-17,77.80000305175781,91763,7139161.680038452
2022-11-18,76.3499984741211,64595,4931828.151435852
2022-11-21,72.55000305175781,95301,6914087.840835571
2022-11-22,68.94999694824219,46785,3225825.6072235107
2022-11-23,65.55000305175781,72485,4751391.971206665
2022-11-24,68.80000305175781,113671,7820565.146896362
2022-11-25,72.19999694824219,68333,4933642.391464233
2022-11-28,75.80000305175781,49200,3729360.1501464844
2022-11-29,79.55000305175781,108321,8616935.880569458
2022-11-30,83.5,29643,2475190.5
2022-12-01,81.69999694824219,110834,9055137.461761475
2022-12-02,80.6500015258789,68613,5533638.554695129
2022-12-05,81.5999984741211,42767,3489787.134742737
2022-12-06,82.05000305175781,34476,2828755.9052124023
2022-12-07,80.19999694824219,37623,3017364.485183716
2022-12-08,79.19999694824219,51605,4087115.842514038
2022-12-09,77.8499984741211,52328,4073734.7201538086
2022-12-12,77.3499984741211,30608,2367528.7532958984
2022-12-13,77.30000305175781,34103,2636162.0040740967
2022-12-14,78.55000305175781,39849,3130139.071609497
2022-12-15,78.30000305175781,25693,2011761.9784088135
2022-12-16,77.94999694824219,28881,2251273.8618621826
2022-12-19,76.4000015258789,107332,8200164.963775635
2022-12-20,76.69999694824219,30407,2332216.8072052
2022-12-21,75.19999694824219,34227,2573870.2955474854
2022-12-22,73.8499984741211,39487,2916114.8897476196
2022-12-23,70.19999694824219,77639,5450257.563064575
2022-12-26,71.75,46048,3303944.0
2022-12-27,72.69999694824219,24209,1759994.2261199951
2022-12-28,72.4000015258789,28802,2085264.8439483643
2022-12-29,70.5999984741211,31392,2216275.1520996094
2022-12-30,71.25,22576,1608540.0
2023-01-02,71.05000305175781,17291,1228525.6027679443
2023-01-03,71.69999694824219,19963,1431347.0390777588
2023-01-04,70.9000015258789,17422,1235219.8265838623
2023-01-05,71.44999694824219,22537,1610268.5812225342
2023-01-06,70.75,17424,1232748.0
2023-01-09,69.55000305175781,24492,1703418.6747436523
2023-01-10,68.4000015258789,47989,3282447.673225403
2023-01-11,70.25,45298,3182184.5
2023-01-12,69.69999694824219,23286,1623034.1289367676
2023-01-13,73.1500015258789,65772,4811221.900360107
2023-01-16,76.80000305175781,21389,1642675.2652740479
2023-01-17,80.5999984741211,69755,5622252.893562317
2023-01-18,77.25,142194,10984486.5
2023-01-19,78.19999694824219,38432,3005382.2827148438
2023-01-20,75.75,28289,2142891.75
2023-01-23,75.0,28883,2166225.0
2023-01-24,75.44999694824219,20447,1542726.087600708
2023-01-25,73.3499984741211,34176,2506809.5478515625
2023-01-27,71.0,49006,3479426.0
2023-01-30,70.19999694824219,25695,1803788.921585083
2023-01-31,70.69999694824219,21925,1550097.43309021
2023-02-01,70.75,25013,1769669.75
2023-02-02,70.19999694824219,23979,1683325.7268218994
2023-02-03,67.5999984741211,49242,3328759.124862671
2023-02-06,70.9000015258789,32727,2320344.349937439
2023-02-07,68.8499984741211,31863,2193767.5013809204
2023-02-08,68.5999984741211,25854,1773584.3605499268
2023-02-09,70.3499984741211,41752,2937253.136291504
2023-02-10,69.94999694824219,30960,2165651.905517578
2023-02-13,68.4000015258789,17138,1172239.2261505127
2023-02-14,68.0,17265,1174020.0
2023-02-15,68.6500015258789,14741,1011969.672492981
2023-02-16,68.4000015258789,25629,1753023.6391067505
2023-02-17,68.1500015258789,15960,1087674.0243530273
2023-02-20,67.30000305175781,12912,868977.6394042969
2023-02-21,66.9000015258789,20442,1367569.8311920166
2023-02-22,66.9000015258789,14668,981289.2223815918
2023-02-23,65.25,18077,1179524.25
2023-02-24,66.0999984741211,25965,1716286.4603805542
2023-02-27,64.9000015258789,21980,1426502.0335388184
2023-02-28,63.599998474121094,14831,943251.5773696899
2023-03-01,63.79999923706055,18357,1171176.5859947205
2023-03-02,64.25,15532,997931.0
2023-03-03,63.349998474121094,42225,2674953.685569763
2023-03-06,66.5,53824,3579296.0
2023-03-08,69.80000305175781,85582,5973623.861175537
2023-03-09,73.25,122591,8979790.75
2023-03-10,72.1500015258789,62867,4535854.145927429
2023-03-13,68.55000305175781,27624,1893625.2843017578
2023-03-14,65.5999984741211,26316,1726329.5598449707
2023-03-15,65.94999694824219,23011,1517575.379776001
2023-03-16,65.05000305175781,26105,1698130.3296661377
2023-03-17,64.8499984741211,30347,1968002.9036941528
2023-03-20,63.0,42075,2650725.0
2023-03-21,63.45000076293945,18425,1169066.2640571594
2023-03-22,62.79999923706055,19286,1211160.7852859497
2023-03-23,62.349998474121094,26087,1626524.410194397
2023-03-24,62.150001525878906,35936,2233422.4548339844
2023-03-27,61.0,31833,1941813.0
2023-03-28,58.5,36163,2115535.5
2023-03-29,58.70000076293945,34699,2036831.326473236
2023-03-31,57.599998474121094,60179,3466310.3081741333
2023-04-03,60.45000076293945,19738,1193162.115058899
2023-04-05,63.45000076293945,22060,1399707.0168304443
2023-04-06,65.8499984741211,43193,2844258.9840927124
2023-04-10,63.04999923706055,27835,1754996.7287635803
2023-04-11,62.0,22821,1414902.0
2023-04-12,61.20000076293945,24275,1485630.0185203552
2023-04-13,62.099998474121094,14298,887905.7781829834
2023-04-17,61.20000076293945,33143,2028351.6252861023
2023-04-18,61.04999923706055,16493,1006897.6374168396
2023-04-19,61.20000076293945,36536,2236003.227874756
2023-04-20,60.95000076293945,12812,780891.4097747803
2023-04-21,60.5,25615,1549707.5
2023-04-24,60.650001525878906,9026,547426.913772583
2023-04-25,60.150001525878906,16429,988204.3750686646
2023-04-26,59.150001525878906,74009,4377632.462928772
2023-04-27,58.95000076293945,48047,2832370.686656952
2023-04-28,58.75,46370,2724237.5
2023-05-02,58.0,108108,6270264.0
2023-05-03,60.900001525878906,52357,3188541.379890442
2023-05-04,62.20000076293945,95366,5931765.272758484
2023-05-05,60.70000076293945,49455,3001918.5377311707
2023-05-08,59.29999923706055,39356,2333810.769973755
2023-05-09,58.25,78337,4563130.25
2023-05-10,57.400001525878906,50278,2885957.2767181396
2023-05-11,57.599998474121094,15440,889343.9764404297
2023-05-12,57.54999923706055,21871,1258676.0333137512
2023-05-15,57.349998474121094,21783,1249255.0167617798
2023-05-16,57.5,23846,1371145.0
2023-05-17,57.5,43805,2518787.5
2023-05-18,56.20000076293945,48005,2697881.0366249084
2023-05-19,56.54999923706055,42323,2393365.6177101135
2023-05-22,53.75,100308,5391555.0
2023-05-23,51.099998474121094,88950,4545344.864273071
2023-05-24,53.650001525878906,119433,6407580.632240295
2023-05-25,52.349998474121094,91212,4774948.060821533
2023-05-26,51.75,74266,3843265.5
2023-05-29,51.0,37725,1923975.0
2023-05-30,51.29999923706055,24672,1265673.5811767578
2023-05-31,51.25,15250,781562.5
2023-06-01,51.5,38057,1959935.5
2023-06-02,51.599998474121094,23370,1205891.96434021
2023-06-05,51.150001525878906,32903,1682988.5002059937
2023-06-06,51.45000076293945,25336,1303537.219329834
2023-06-07,51.29999923706055,40072,2055693.5694274902
2023-06-08,51.650001525878906,19888,1027215.2303466797
2023-06-09,51.54999923706055,14322,738299.0890731812
2023-06-12,51.54999923706055,22758,1173174.882637024
2023-06-13,50.70000076293945,36545,1852831.5278816223
2023-06-14,50.54999923706055,26375,1333256.229877472
2023-06-15,50.5,18715,945107.5
2023-06-16,50.20000076293945,56535,2838057.043132782
2023-06-19,49.95000076293945,31826,1589708.724281311
2023-06-20,50.04999923706055,16277,814663.8375816345
2023-06-21,50.70000076293945,21876,1109113.2166900635
2023-06-22,50.5,40493,2044896.5
2023-06-23,50.099998474121094,15738,788473.7759857178
2023-06-26,49.75,21179,1053655.25
2023-06-27,49.25,34914,1719514.5
2023-06-28,48.900001525878906,45412,2220646.869293213
2023-06-30,48.150001525878906,51449,2477269.428504944
2023-07-03,47.20000076293945,57445,2711404.043827057
2023-07-04,46.349998474121094,70949,3288486.0417404175
2023-07-05,45.849998474121094,71835,3293634.640388489
2023-07-06,45.25,60791,2750792.75
2023-07-07,46.75,50682,2369383.5
2023-07-10,46.29999923706055,39527,1830100.0698432922
2023-07-11,44.95000076293945,58447,2627192.694591522
2023-07-12,43.900001525878906,66557,2921852.4015579224
2023-07-13,43.900001525878906,66350,2912765.1012420654
2023-07-14,43.70000076293945,39406,1722042.230064392
2023-07-17,42.099998474121094,101071,4255088.945777893
2023-07-18,40.5,88758,3594699.0
2023-07-19,38.650001525878906,84576,3268862.5290527344
2023-07-20,37.150001525878906,117319,4358401.029014587
2023-07-21,38.400001525878906,122837,4716940.987434387
2023-07-24,40.29999923706055,81530,3285658.9377975464
2023-07-25,42.29999923706055,42865,1813189.4672966003
2023-07-26,44.400001525878906,36776,1632854.4561157227
2023-07-27,46.599998474121094,246682,11495380.82359314
2023-07-28,48.900001525878906,81432,3982024.924255371
2023-07-31,51.29999923706055,90193,4626900.831188202
2023-08-01,53.849998474121094,32416,1745601.5505371094
2023-08-02,56.5,59823,3379999.5
2023-08-03,57.599998474121094,164510,9475775.748977661
2023-08-04,58.75,82183,4828251.25
2023-08-07,59.900001525878906,148101,8871250.125984192
2023-08-08,61.04999923706055,115634,7059455.611778259
2023-08-09,62.25,36568,2276358.0
2023-08-10,63.45000076293945,27825,1765496.2712287903
2023-08-11,64.69999694824219,28364,1835150.7134399414
2023-08-14,65.94999694824219,82191,5420496.199172974
2023-08-16,67.25,23206,1560603.5
2023-08-17,68.55000305175781,30560,2094888.0932617188
2023-08-18,69.9000015258789,34931,2441676.953300476
2023-08-21,71.25,38716,2758515.0
2023-08-22,72.6500015258789,58243,4231354.038871765
2023-08-23,74.0999984741211,38858,2879377.7407073975
2023-08-24,72.6500015258789,163307,11864253.799186707
2023-08-25,71.19999694824219,9521,677895.1709442139
2023-08-28,69.80000305175781,11542,805631.6352233887
2023-08-29,68.4000015258789,8098,553903.2123565674
2023-08-30,67.05000305175781,10806,724542.3329772949
2023-08-31,65.69999694824219,22833,1500128.0303192139
2023-09-01,64.4000015258789,142918,9203919.418075562
2023-09-04,63.150001525878906,9114,575549.1139068604
2023-09-05,61.900001525878906,2771,171524.90422821045
2023-09-06,60.70000076293945,7508,455735.6057281494
2023-09-07,59.5,7333,436313.5
2023-09-08,60.650001525878906,220804,13391762.936920166
2023-09-11,57.650001525878906,100543,5796304.103416443
2023-09-12,54.79999923706055,34867,1910711.57339859
2023-09-13,52.099998474121094,28282,1473492.1568450928
2023-09-14,54.54999923706055,239792,13080653.417053223
2023-09-15,57.150001525878906,242694,13869962.470321655
2023-09-18,55.25,94194,5204218.5
2023-09-20,54.70000076293945,47453,2595679.136203766
2023-09-21,57.20000076293945,85327,4880704.465099335
2023-09-22,56.54999923706055,51565,2916000.710659027
2023-09-25,54.29999923706055,37752,2049933.5711975098
2023-09-26,54.150001525878906,28144,1523997.642944336
2023-09-27,53.599998474121094,20922,1121419.1680755615
2023-09-28,53.150001525878906,37814,2009814.157699585
2023-09-29,55.79999923706055,116089,6477766.111431122
2023-10-03,58.54999923706055,32337,1893331.325328827
2023-10-04,61.45000076293945,31441,1932049.4739875793
2023-10-05,64.5,33875,2184937.5
2023-10-06,67.69999694824219,61899,4190562.111099243
2023-10-09,67.5,169670,11452725.0
2023-10-10,68.5,89295,6116707.5
2023-10-11,69.5,64061,4452239.5
2023-10-12,68.5,29816,2042396.0
2023-10-13,67.1500015258789,24500,1645175.0373840332
2023-10-16,65.80000305175781,14693,966799.4448394775
2023-10-17,64.5,5967,384871.5
2023-10-18,63.25,3773,238642.25
2023-10-19,62.0,6789,420918.0
2023-10-20,60.79999923706055,9599,583619.1926765442
2023-10-23,59.599998474121094,6544,390022.39001464844
2023-10-25,58.400001525878906,4238,247499.2064666748
2023-10-26,57.25,6667,381685.75
2023-10-27,56.20000076293945,15089,848001.8115119934
2023-10-30,55.099998474121094,10030,552652.9846954346
2023-10-31,56.20000076293945,28876,1622831.2220306396
2023-11-01,57.29999923706055,16205,928546.4876365662
2023-11-02,58.0,21453,1244274.0
2023-11-03,56.849998474121094,15905,904199.225730896
2023-11-06,55.75,11580,645585.0
2023-11-07,54.650001525878906,18185,993810.2777481079
2023-11-08,53.54999923706055,26939,1442583.429447174
2023-11-09,54.599998474121094,37515,2048318.9427566528
2023-11-10,55.650001525878906,4256,236846.40649414062
2023-11-13,57.400001525878906,45202,2594594.8689727783
2023-11-15,56.95000076293945,88780,5056021.067733765
2023-11-16,55.45000076293945,77033,4271479.908771515
2023-11-17,54.849998474121094,41391,2270296.286842346
2023-11-20,54.20000076293945,58595,3175849.0447044373
2023-11-21,55.599998474121094,37650,2093339.9425506592
2023-11-22,55.04999923706055,39747,2188072.3196754456
2023-11-23,54.5,32717,1783076.5
2023-11-24,55.0,38375,2110625.0
2023-11-28,54.29999923706055,39035,2119600.4702186584
2023-11-29,54.45000076293945,57842,3149496.944129944
2023-11-30,57.150001525878906,62565,3575589.845466614
2023-12-01,57.349998474121094,59693,3423393.4589157104
2023-12-04,56.400001525878906,61182,3450664.8933563232
2023-12-05,55.25,36117,1995464.25
2023-12-06,55.150001525878906,27778,1531956.7423858643
2023-12-07,57.900001525878906,54241,3140553.9827651978
2023-12-08,60.75,65432,3974994.0
2023-12-11,63.75,81018,5164897.5
2023-12-12,61.79999923706055,169891,10499263.670383453
2023-12-13,58.75,70084,4117435.0
2023-12-14,57.25,56449,3231705.25
2023-12-15,58.599998474121094,43197,2531344.134086609
2023-12-18,58.45000076293945,50248,2936995.6383361816
2023-12-19,58.650001525878906,64440,3779406.0983276367
2023-12-20,57.29999923706055,98703,5655681.824695587
2023-12-21,57.849998474121094,33638,1945958.2486724854
2023-12-22,58.54999923706055,46549,2725443.9144859314
2023-12-26,59.54999923706055,116689,6948829.860973358
2023-12-27,58.599998474121094,58571,3432260.5106277466
2023-12-28,56.75,80134,4547604.5
2023-12-29,57.599998474121094,28395,1635551.9566726685
2024-01-01,57.900001525878906,48870,2829573.074569702
2024-01-02,58.150001525878906,29077,1690827.594367981
2024-01-03,58.099998474121094,39008,2266364.7404785156
2024-01-04,58.54999923706055,49409,2892896.9123039246
2024-01-05,57.849998474121094,57614,3332969.8120880127
2024-01-08,57.29999923706055,89008,5100158.332092285
2024-01-09,56.75,74029,4201145.75
2024-01-10,58.349998474121094,65192,3803953.1005249023
2024-01-11,57.70000076293945,56260,3246202.0429229736
2024-01-12,57.25,48361,2768667.25
2024-01-15,56.849998474121094,51262,2914244.6217803955
2024-01-16,57.099998474121094,39615,2262016.439552307
2024-01-17,56.900001525878906,78802,4483833.92024231
2024-01-18,56.25,23242,1307362.5
2024-01-19,57.20000076293945,76636,4383579.258468628
2024-01-23,55.150001525878906,55501,3060880.234687805
2024-01-24,54.75,44135,2416391.25
2024-01-25,56.349998474121094,98255,5536669.100074768
2024-01-29,55.0,106465,5855575.0
2024-01-30,54.400001525878906,63558,3457555.2969818115
2024-01-31,54.75,37426,2049073.5
2024-02-01,54.5,51985,2833182.5
2024-02-02,54.70000076293945,57475,3143882.543849945
2024-02-05,53.349998474121094,85116,4540938.470123291
2024-02-06,52.75,50206,2648366.5
2024-02-07,53.70000076293945,56705,3045058.5432624817
2024-02-08,52.75,56670,2989342.5
2024-02-09,52.0,43544,2264288.0
2024-02-12,50.400001525878906,47707,2404432.872795105
2024-02-13,50.29999923706055,43130,2169438.9670944214
2024-02-14,50.0,48175,2408750.0
2024-02-15,49.400001525878906,35299,1743770.6538619995
2024-02-16,49.95000076293945,42845,2140107.782688141
2024-02-19,49.900001525878906,46757,2333174.37134552
2024-02-20,50.20000076293945,29031,1457356.2221488953
2024-02-21,49.900001525878906,35807,1786769.354637146
2024-02-22,49.5,28075,1389712.5
2024-02-23,49.29999923706055,49238,2427433.362434387
2024-02-26,49.099998474121094,40521,1989581.0381698608
2024-02-27,49.849998474121094,58977,2940003.3600082397
2024-02-28,48.04999923706055,55306,2657453.2578048706
2024-02-29,47.0,42259,1986173.0
2024-03-01,47.099998474121094,49845,2347699.423942566
2024-03-04,46.75,44729,2091080.75
2024-03-05,46.599998474121094,58349,2719063.3109664917
2024-03-06,44.29999923706055,48708,2157764.362838745
2024-03-07,42.099998474121094,147743,6219980.074562073
2024-03-11,41.0,121113,4965633.0
2024-03-12,43.04999923706055,83600,3598979.9362182617
2024-03-13,45.20000076293945,71970,3253044.0549087524
2024-03-14,47.45000076293945,55577,2637128.692401886
2024-03-15,49.79999923706055,89676,4465864.731582642
2024-03-18,52.25,371294,19400111.5
2024-03-19,54.849998474121094,224937,12337794.106773376
2024-03-20,57.54999923706055,122654,7058737.606422424
2024-03-21,60.400001525878906,189904,11470201.889770508
2024-03-22,57.400001525878906,139737,8020904.013221741
2024-03-26,54.54999923706055,22697,1238121.3326835632
2024-03-27,51.849998474121094,32226,1670918.0508270264
2024-03-28,49.25,38925,1917056.25
2024-04-01,46.79999923706055,56048,2623046.3572387695
2024-04-02,49.099998474121094,270270,13270256.587600708
2024-04-03,51.54999923706055,276575,14257441.03899002
2024-04-04,51.349998474121094,180018,9243924.025314331
2024-04-05,51.099998474121094,75537,3859940.584739685
2024-04-08,50.54999923706055,79430,4015186.4393997192
2024-04-09,49.650001525878906,56352,2797876.885986328
2024-04-10,49.650001525878906,27408,1360807.241821289
2024-04-12,49.5,90219,4465840.5
2024-04-15,48.099998474121094,71075,3418707.3915481567
2024-04-16,48.400001525878906,39711,1922012.4605941772
2024-04-18,48.54999923706055,23306,1131506.282218933
2024-04-19,48.29999923706055,33675,1626502.474308014
2024-04-22,47.25,66386,3136738.5
2024-04-23,47.099998474121094,56353,2654226.214012146
2024-04-24,46.599998474121094,42161,1964702.5356674194
2024-04-25,46.79999923706055,33836,1583524.7741851807
2024-04-26,49.099998474121094,107801,5293028.935508728
2024-04-29,49.150001525878906,81343,3998008.574119568
2024-04-30,48.349998474121094,40200,1943669.938659668
2024-05-02,48.45000076293945,39113,1895024.8798408508
2024-05-03,47.900001525878906,24503,1173693.7373886108
2024-05-06,48.04999923706055,42282,2031650.067741394
2024-05-07,47.20000076293945,40485,1910892.0308876038
2024-05-08,46.45000076293945,44643,2073667.384059906
2024-05-09,46.0,55366,2546836.0
2024-05-10,46.099998474121094,62046,2860320.5053253174
2024-05-13,45.650001525878906,24366,1112307.9371795654
2024-05-14,46.599998474121094,25797,1202140.1606369019
2024-05-15,46.599998474121094,26839,1250697.359046936
2024-05-16,46.29999923706055,15350,710704.9882888794
2024-05-17,46.0,46053,2118438.0
2024-05-21,45.849998474121094,30871,1415435.3028945923
2024-05-22,45.29999923706055,36372,1647651.5722503662
2024-05-23,45.25,64253,2907448.25
2024-05-24,45.45000076293945,44129,2005663.0836677551
2024-05-27,44.79999923706055,24189,1083667.1815452576
2024-05-28,45.04999923706055,29923,1348031.1271705627
2024-05-29,44.900001525878906,25099,1126945.1382980347
2024-05-30,44.54999923706055,34352,1530381.573791504
2024-05-31,44.29999923706055,23169,1026386.6823234558
2024-06-03,44.70000076293945,51889,2319438.3395881653
2024-06-04,42.650001525878906,49188,2097868.2750549316
2024-06-05,43.79999923706055,24997,1094868.5809288025
2024-06-06,44.04999923706055,25591,1127283.5304756165
2024-06-07,44.599998474121094,27858,1242466.7574920654
2024-06-10,44.31999969482422,29940,1326940.790863037
2024-06-11,44.29999923706055,37694,1669844.1712417603
2024-06-12,44.06999969482422,32382,1427074.7301177979
2024-06-13,44.16999816894531,49166,2171662.1299743652
2024-06-14,44.33000183105469,30274,1342046.4754333496
2024-06-18,44.209999084472656,57870,2558432.6470184326
2024-06-19,43.7400016784668,50162,2194085.9641952515
2024-06-20,43.5,39084,1700154.0
2024-06-21,43.459999084472656,20797,903837.6009597778
2024-06-24,43.459999084472656,27844,1210100.2145080566
2024-06-25,43.290000915527344,30668,1327617.7480773926
2024-06-26,42.88999938964844,48894,2097063.6301574707
2024-06-27,42.75,40236,1720089.0
2024-06-28,42.619998931884766,43326,1846554.0737228394
2024-07-01,42.650001525878906,28744,1225931.6438598633
2024-07-02,42.08000183105469,47143,1983777.5263214111
2024-07-03,42.040000915527344,39844,1675041.7964782715
2024-07-04,41.66999816894531,47921,1996867.9822540283
2024-07-05,41.84000015258789,33548,1403648.3251190186
2024-07-08,41.45000076293945,45841,1900109.4849739075
2024-07-09,41.15999984741211,37893,1559675.874217987
2024-07-10,41.040000915527344,33865,1389819.6310043335
2024-07-11,40.599998474121094,103837,4215782.041557312
2024-07-12,41.619998931884766,57158,2378915.8989486694
2024-07-15,42.529998779296875,59082,2512757.387878418
2024-07-16,42.650001525878906,43250,1844612.5659942627
2024-07-18,41.599998474121094,46665,1941263.9287948608
2024-07-19,40.43000030517578,46592,1883714.57421875
2024-07-22,40.849998474121094,58750,2399937.4103546143
2024-07-23,41.08000183105469,45113,1853242.1226043701
2024-07-24,41.029998779296875,43729,1794200.816619873
2024-07-25,41.08000183105469,22316,916741.3208618164
2024-07-26,41.130001068115234,29720,1222383.6317443848
2024-07-29,40.900001525878906,45643,1866798.769645691
2024-07-30,40.970001220703125,52035,2131874.013519287
2024-07-31,40.88999938964844,32909,1345648.9899139404
2024-08-01,40.5,60480,2449440.0
2024-08-02,40.08000183105469,41337,1656787.0356903076
2024-08-05,39.31999969482422,46130,1813831.5859222412
2024-08-06,39.150001525878906,56553,2214050.03629303
2024-08-07,39.459999084472656,25583,1009505.156578064
2024-08-08,39.16999816894531,39063,1530097.6384735107
2024-08-09,38.90999984741211,46640,1814762.3928833008
2024-08-12,38.529998779296875,46890,1806671.6427612305
2024-08-13,38.060001373291016,35904,1366506.2893066406
2024-08-14,37.93000030517578,32053,1215770.2997817993
2024-08-16,38.130001068115234,33762,1287345.0960617065
2024-08-19,38.380001068115234,39904,1531515.5626220703
2024-08-20,38.150001525878906,63997,2441485.6476516724
2024-08-21,40.04999923706055,77303,3095985.0910224915
2024-08-22,42.04999923706055,113466,4771245.213432312
2024-08-23,44.150001525878906,252120,11131098.38470459
2024-08-26,44.869998931884766,145068,6509201.005050659
2024-08-27,42.63999938964844,89747,3826812.0252227783
2024-08-28,40.77000045776367,133605,5447075.911159515
2024-08-29,41.189998626708984,52255,2152383.378238678
2024-08-30,41.65999984741211,73931,3079965.4487190247
2024-09-02,41.130001068115234,35920,1477389.6383666992
2024-09-03,40.72999954223633,28733,1170295.0768470764
2024-09-04,41.099998474121094,29861,1227287.05443573
2024-09-05,40.63999938964844,46168,1876267.491821289
2024-09-06,40.81999969482422,34703,1416576.4494094849
2024-09-09,39.869998931884766,33041,1317344.6347084045
2024-09-10,40.400001525878906,60620,2449048.0924987793
2024-09-11,40.33000183105469,25647,1034343.5569610596
2024-09-12,39.9900016784668,20830,832991.7349624634
2024-09-13,40.099998474121094,44703,1792590.2317886353
2024-09-16,40.560001373291016,33888,1374497.326538086
2024-09-17,40.209999084472656,23523,945859.8084640503
2024-09-18,39.81999969482422,34876,1388762.3093566895
2024-09-19,39.439998626708984,38112,1503137.2276611328
2024-09-20,39.689998626708984,29129,1156129.969997406
2024-09-23,39.52000045776367,32656,1290565.1349487305
2024-09-24,39.720001220703125,38094,1513093.7265014648
2024-09-25,38.9900016784668,60375,2354021.351337433
2024-09-26,38.560001373291016,58894,2270952.720878601
2024-09-27,38.68000030517578,38959,1506934.1318893433
2024-09-30,38.52000045776367,42666,1643494.3395309448
2024-10-01,39.95000076293945,89056,3557787.267944336
2024-10-03,39.83000183105469,57191,2277917.6347198486
2024-10-04,39.95000076293945,45683,1825035.884853363
2024-10-07,38.22999954223633,42579,1627795.1505088806
2024-10-08,38.38999938964844,47253,1814042.6411590576
2024-10-09,39.08000183105469,37943,1482812.509475708
2024-10-10,38.75,12445,482243.75
2024-10-11,39.11000061035156,22837,893155.0839385986
2024-10-14,38.5,22903,881765.5
2024-10-15,38.150001525878906,21356,814731.4325866699
2024-10-16,38.54999923706055,14016,540316.7893066406
2024-10-17,39.86000061035156,93916,3743491.8173217773
2024-10-18,38.4900016784668,39316,1513272.9059906006
2024-10-21,37.75,46494,1755148.5
2024-10-22,37.09000015258789,24761,918385.4937782288
2024-10-23,36.83000183105469,31865,1173588.0083465576
2024-10-24,35.709999084472656,43639,1558348.6500473022
2024-10-25,34.97999954223633,41321,1445408.5610847473
2024-10-28,34.779998779296875,26246,912835.8479614258
2024-10-29,34.72999954223633,28331,983935.6170310974
2024-10-30,35.2400016784668,18088,637421.1503601074
2024-10-31,35.54999923706055,11024,391903.19158935547
2024-11-01,36.099998474121094,12926,466628.58027648926
2024-11-04,35.41999816894531,19543,692213.0242156982
2024-11-05,35.41999816894531,26134,925666.2321472168
2024-11-06,35.959999084472656,12288,441876.46875
2024-11-07,34.15999984741211,234540,8011886.364212036
2024-11-08,34.15999984741211,0,0.0
2024-11-11,34.15999984741211,0,0.0
2024-11-12,34.15999984741211,0,0.0
2024-11-13,34.15999984741211,0,0.0
2024-11-14,34.15999984741211,0,0.0
2024-11-18,34.15999984741211,0,0.0
2024-11-19,34.15999984741211,0,0.0
2024-11-21,34.15999984741211,0,0.0
2024-11-22,34.15999984741211,0,0.0
2024-11-25,34.15999984741211,0,0.0
2024-11-26,34.15999984741211,0,0.0
2024-11-27,34.15999984741211,0,0.0
2024-11-28,34.15999984741211,0,0.0
2024-11-29,34.15999984741211,0,0.0
2024-12-02,34.15999984741211,0,0.0
2024-12-03,34.15999984741211,0,0.0
2024-12-04,34.15999984741211,0,0.0
2024-12-05,34.15999984741211,0,0.0
2024-12-06,34.15999984741211,0,0.0
2024-12-09,34.15999984741211,0,0.0
2024-12-10,34.15999984741211,0,0.0
2024-12-11,34.15999984741211,0,0.0
2024-12-12,34.15999984741211,0,0.0
2024-12-13,34.15999984741211,0,0.0
2024-12-16,34.15999984741211,0,0.0
2024-12-17,34.15999984741211,0,0.0
2024-12-18,34.15999984741211,0,0.0
2024-12-19,34.15999984741211,0,0.0
2024-12-20,34.15999984741211,0,0.0
2024-12-23,34.15999984741211,0,0.0
2024-12-24,34.15999984741211,0,0.0
2024-12-26,34.15999984741211,0,0.0
2024-12-27,34.15999984741211,0,0.0
2024-12-30,34.15999984741211,0,0.0
2024-12-31,34.15999984741211,0,0.0
2025-01-01,34.15999984741211,0,0.0
2025-01-02,34.15999984741211,0,0.0
2025-01-03,34.15999984741211,0,0.0
2025-01-06,34.15999984741211,0,0.0
2025-01-07,34.15999984741211,0,0.0
2025-01-08,34.15999984741211,0,0.0
2025-01-09,34.15999984741211,0,0.0
2025-01-10,34.15999984741211,0,0.0
2025-01-13,34.15999984741211,0,0.0
2025-01-14,34.15999984741211,0,0.0
2025-01-15,34.15999984741211,0,0.0
2025-01-16,34.15999984741211,0,0.0
2025-01-17,34.15999984741211,0,0.0
2025-01-20,34.15999984741211,0,0.0
2025-01-21,34.15999984741211,0,0.0
2025-01-22,34.15999984741211,0,0.0
2025-01-23,34.15999984741211,0,0.0
2025-01-24,34.15999984741211,0,0.0
2025-01-27,34.15999984741211,0,0.0
2025-01-28,34.15999984741211,0,0.0
2025-01-29,34.15999984741211,0,0.0
2025-01-30,34.15999984741211,0,0.0
2025-01-31,34.15999984741211,0,0.0
2025-02-01,34.15999984741211,0,0.0
2025-02-03,34.15999984741211,0,0.0
2025-02-04,34.15999984741211,0,0.0
2025-02-05,34.15999984741211,0,0.0
2025-02-06,34.15999984741211,0,0.0
2025-02-07,34.15999984741211,0,0.0
2025-02-10,34.15999984741211,0,0.0
2025-02-11,34.15999984741211,0,0.0
2025-02-12,34.15999984741211,0,0.0
2025-02-13,34.15999984741211,0,0.0
2025-02-14,34.15999984741211,0,0.0
2025-02-17,34.15999984741211,0,0.0
2025-02-18,34.15999984741211,0,0.0
2025-02-19,34.15999984741211,0,0.0
2025-02-20,34.15999984741211,0,0.0
2025-02-21,34.15999984741211,0,0.0
2025-02-24,34.15999984741211,0,0.0
2025-02-25,34.15999984741211,0,0.0
2025-02-27,34.15999984741211,0,0.0
2025-02-28,34.15999984741211,0,0.0
2025-03-03,34.15999984741211,0,0.0
2025-03-04,34.15999984741211,0,0.0
2025-03-05,34.15999984741211,0,0.0
2025-03-06,34.15999984741211,0,0.0
2025-03-07,34.15999984741211,0,0.0
2025-03-10,34.15999984741211,0,0.0
2025-03-11,34.15999984741211,0,0.0
2025-03-12,34.15999984741211,0,0.0
2025-03-13,34.15999984741211,0,0.0
2025-03-17,34.15999984741211,0,0.0
2025-03-18,34.15999984741211,0,0.0
2025-03-19,34.15999984741211,0,0.0
2025-03-20,34.15999984741211,0,0.0
2025-03-21,34.15999984741211,0,0.0
2025-03-24,34.15999984741211,0,0.0
2025-03-25,34.15999984741211,0,0.0
2025-03-26,34.15999984741211,0,0.0
2025-03-27,34.15999984741211,0,0.0
2025-03-28,34.15999984741211,0,0.0
2025-04-01,34.15999984741211,0,0.0
2025-04-02,34.15999984741211,0,0.0
2025-04-03,34.15999984741211,0,0.0
2025-04-04,34.15999984741211,0,0.0
2025-04-07,34.15999984741211,0,0.0
2025-04-08,34.15999984741211,0,0.0
2025-04-09,34.15999984741211,0,0.0
2025-04-11,34.15999984741211,0,0.0
2025-04-15,34.15999984741211,0,0.0
2025-04-16,34.15999984741211,0,0.0
2025-04-17,34.15999984741211,0,0.0
2025-04-21,34.15999984741211,0,0.0
2025-04-22,34.15999984741211,0,0.0
2025-04-23,34.15999984741211,0,0.0
2025-04-24,34.15999984741211,0,0.0
2025-04-25,34.15999984741211,0,0.0
2025-04-28,34.15999984741211,0,0.0
2025-04-29,34.15999984741211,0,0.0
2025-04-30,34.15999984741211,0,0.0
2025-05-02,34.15999984741211,0,0.0
2025-05-05,34.15999984741211,0,0.0
2025-05-06,34.15999984741211,0,0.0
2025-05-07,34.15999984741211,0,0.0
2025-05-08,34.15999984741211,0,0.0
2025-05-09,34.15999984741211,0,0.0
2025-05-12,34.15999984741211,0,0.0
2025-05-13,34.15999984741211,0,0.0
2025-05-14,34.15999984741211,0,0.0
2025-05-15,34.15999984741211,0,0.0
2025-05-16,34.15999984741211,0,0.0
2025-05-19,34.15999984741211,0,0.0
2025-05-20,34.15999984741211,0,0.0
2025-05-21,34.15999984741211,0,0.0
2025-05-22,34.15999984741211,0,0.0
2025-05-23,34.15999984741211,0,0.0
2025-05-26,34.15999984741211,0,0.0
2025-05-27,34.15999984741211,0,0.0
2025-05-28,34.15999984741211,0,0.0
2025-05-29,34.15999984741211,0,0.0
2025-05-30,34.15999984741211,0,0.0
2025-06-02,34.15999984741211,0,0.0
2025-06-03,34.15999984741211,0,0.0
2025-06-04,34.15999984741211,0,0.0
2025-06-05,34.15999984741211,0,0.0
2025-06-06,34.15999984741211,0,0.0
2025-06-09,34.15999984741211,0,0.0
2025-06-10,34.15999984741211,0,0.0
2025-06-11,34.15999984741211,0,0.0
2025-06-12,34.15999984741211,0,0.0
2025-06-13,34.15999984741211,0,0.0
2025-06-16,34.15999984741211,0,0.0
2025-06-17,34.15999984741211,0,0.0
2025-06-18,34.15999984741211,0,0.0
2025-06-19,34.15999984741211,0,0.0
2025-06-20,34.15999984741211,0,0.0
2025-06-23,34.15999984741211,0,0.0
2025-06-24,34.15999984741211,0,0.0
2025-06-25,34.15999984741211,0,0.0
2025-06-26,34.15999984741211,0,0.0
2025-06-27,34.15999984741211,0,0.0
2025-06-30,34.15999984741211,0,0.0
2025-07-01,34.15999984741211,0,0.0
2025-07-02,34.15999984741211,0,0.0
2025-07-03,34.15999984741211,0,0.0
2025-07-04,34.15999984741211,0,0.0
2025-07-07,34.15999984741211,0,0.0
2025-07-08,34.15999984741211,0,0.0
2025-07-09,34.15999984741211,0,0.0
2025-07-10,34.15999984741211,0,0.0
2025-07-11,34.15999984741211,0,0.0
2025-07-14,34.15999984741211,0,0.0
2025-07-15,34.15999984741211,0,0.0
2025-07-16,34.15999984741211,0,0.0
2025-07-17,34.15999984741211,0,0.0
2025-07-18,34.15999984741211,0,0.0
2025-07-21,34.15999984741211,0,0.0
2025-07-22,34.15999984741211,0,0.0
2025-07-23,34.15999984741211,0,0.0
2025-07-24,34.15999984741211,0,0.0
2025-07-25,34.15999984741211,0,0.0
2025-07-28,34.15999984741211,0,0.0
2025-07-29,34.15999984741211,0,0.0
2025-07-30,34.15999984741211,0,0.0
2025-07-31,34.15999984741211,0,0.0
2025-08-01,34.15999984741211,0,0.0
2025-08-04,34.15999984741211,0,0.0
2025-08-05,34.15999984741211,0,0.0
2025-08-06,34.15999984741211,0,0.0
2025-08-07,34.15999984741211,0,0.0
2025-08-08,34.15999984741211,0,0.0
2025-08-11,34.15999984741211,0,0.0
2025-08-12,34.15999984741211,0,0.0
2025-08-13,34.15999984741211,0,0.0
2025-08-14,34.15999984741211,0,0.0
2025-08-18,34.15999984741211,0,0.0
2025-08-19,34.15999984741211,0,0.0
2025-08-20,34.15999984741211,0,0.0
2025-08-21,34.15999984741211,0,0.0
2025-08-22,34.15999984741211,0,0.0
2025-08-25,34.15999984741211,0,0.0
2025-08-26,34.15999984741211,0,0.0
2025-08-28,34.15999984741211,0,0.0
2025-08-29,34.15999984741211,0,0.0
2025-09-01,34.15999984741211,0,0.0
2025-09-02,34.15999984741211,0,0.0
2025-09-03,34.15999984741211,0,0.0
2025-09-04,34.15999984741211,0,0.0
2025-09-05,34.15999984741211,0,0.0
2025-09-08,34.15999984741211,0,0.0
2025-09-09,34.15999984741211,0,0.0
2025-09-10,34.15999984741211,0,0.0
2025-09-11,34.15999984741211,0,0.0
2025-09-12,34.15999984741211,0,0.0
2025-09-15,34.15999984741211,0,0.0
2025-09-16,34.15999984741211,0,0.0
2025-09-17,34.15999984741211,0,0.0
2025-09-18,34.15999984741211,0,0.0
2025-09-19,34.15999984741211,0,0.0
2025-09-22,34.15999984741211,0,0.0
2025-09-23,34.15999984741211,0,0.0
2025-09-24,34.15999984741211,0,0.0
2025-09-25,34.15999984741211,0,0.0
2025-09-26,34.15999984741211,0,0.0
2025-09-29,34.15999984741211,0,0.0
2025-09-30,34.15999984741211,0,0.0
2025-10-01,34.15999984741211,0,0.0
2025-10-03,34.15999984741211,0,0.0
2025-10-06,34.15999984741211,0,0.0
2025-10-07,34.15999984741211,0,0.0
2025-10-08,34.15999984741211,0,0.0
2025-10-09,34.15999984741211,0,0.0
2025-10-10,34.15999984741211,0,0.0
2025-10-13,34.15999984741211,0,0.0
2025-10-14,34.15999984741211,0,0.0
2025-10-15,34.15999984741211,0,0.0
2025-10-16,34.15999984741211,0,0.0
2025-10-17,34.15999984741211,0,0.0
2025-10-20,34.15999984741211,0,0.0
2025-10-21,34.15999984741211,0,0.0
2025-10-23,34.15999984741211,0,0.0
2025-10-24,34.15999984741211,0,0.0
2025-10-27,34.15999984741211,0,0.0
2025-10-28,34.15999984741211,0,0.0
2025-10-29,34.15999984741211,0,0.0
2025-10-30,34.15999984741211,0,0.0
2025-10-31,34.15999984741211,0,0.0
2025-11-03,34.15999984741211,0,0.0
2025-11-04,34.15999984741211,0,0.0
2025-11-06,34.15999984741211,0,0.0
2025-11-07,34.15999984741211,0,0.0
2025-11-10,34.15999984741211,0,0.0
2025-11-11,34.15999984741211,0,0.0
2025-11-12,34.15999984741211,0,0.0
2025-11-13,34.15999984741211,0,0.0
2025-11-14,34.15999984741211,0,0.0
2025-11-17,34.15999984741211,0,0.0
2025-11-18,34.15999984741211,0,0.0
2025-11-19,34.15999984741211,0,0.0
2025-11-20,34.15999984741211,0,0.0
2025-11-21,34.15999984741211,0,0.0
2025-11-24,34.15999984741211,0,0.0
2025-11-25,34.15999984741211,0,0.0
2025-11-26,34.15999984741211,0,0.0
2025-11-27,34.15999984741211,0,0.0
2025-11-28,34.15999984741211,0,0.0
2025-12-01,34.15999984741211,0,0.0
2025-12-02,34.15999984741211,0,0.0
2025-12-03,34.15999984741211,0,0.0
2025-12-04,34.15999984741211,0,0.0
2025-12-05,34.15999984741211,0,0.0
2025-12-08,34.15999984741211,0,0.0
2025-12-09,34.15999984741211,0,0.0
2025-12-10,34.15999984741211,0,0.0
2025-12-11,34.15999984741211,0,0.0
2025-12-12,34.15999984741211,0,0.0
2025-12-15,34.15999984741211,0,0.0
2025-12-16,34.15999984741211,0,0.0
2025-12-17,34.15999984741211,0,0.0
2025-12-18,34.15999984741211,0,0.0
2025-12-19,34.15999984741211,0,0.0
2025-12-22,34.15999984741211,0,0.0
2025-12-23,34.15999984741211,0,0.0
2025-12-24,34.15999984741211,0,0.0
2025-12-26,34.15999984741211,0,0.0
2025-12-29,34.15999984741211,0,0.0
2025-12-30,34.15999984741211,0,0.0
2025-12-31,34.15999984741211,0,0.0
2026-01-01,34.15999984741211,0,0.0
2026-01-02,34.15999984741211,0,0.0
2026-01-05,34.15999984741211,0,0.0
2026-01-06,34.15999984741211,0,0.0
2026-01-07,34.15999984741211,0,0.0
2026-01-08,34.15999984741211,0,0.0
2026-01-09,34.15999984741211,0,0.0
2026-01-12,34.15999984741211,0,0.0
2026-01-13,34.15999984741211,0,0.0
2026-01-14,34.15999984741211,0,0.0
2026-01-15,34.15999984741211,0,0.0
2026-01-16,34.15999984741211,0,0.0
2026-01-19,34.15999984741211,0,0.0
2026-01-20,34.15999984741211,0,0.0
2026-01-21,34.15999984741211,0,0.0
2026-01-22,34.15999984741211,0,0.0
2026-01-23,34.15999984741211,0,0.0
2026-01-27,34.15999984741211,0,0.0
2026-01-28,34.15999984741211,0,0.0
2026-01-29,34.15999984741211,0,0.0
2026-01-30,34.15999984741211,0,0.0
2026-02-02,34.15999984741211,0,0.0
2026-02-03,34.15999984741211,0,0.0
2026-02-04,34.15999984741211,0,0.0
2026-02-05,34.15999984741211,0,0.0
2026-02-06,34.15999984741211,0,0.0
2026-02-09,34.15999984741211,0,0.0
2026-02-10,34.15999984741211,0,0.0
2026-02-11,34.15999984741211,0,0.0
2026-02-12,34.15999984741211,0,0.0
2026-02-13,34.15999984741211,0,0.0
2026-02-16,34.15999984741211,0,0.0
2026-02-17,34.15999984741211,0,0.0
2026-02-18,34.15999984741211,0,0.0
2026-02-19,34.15999984741211,0,0.0
2026-02-20,34.15999984741211,0,0.0
2026-02-23,34.15999984741211,0,0.0
2026-02-24,34.15999984741211,0,0.0
2026-02-25,34.15999984741211,0,0.0
2026-02-26,34.15999984741211,0,0.0
2026-02-27,34.15999984741211,0,0.0
2026-03-02,34.15999984741211,0,0.0
2026-03-04,34.15999984741211,0,0.0
2026-03-05,34.15999984741211,0,0.0
2026-03-06,34.15999984741211,0,0.0
2026-03-09,34.15999984741211,0,0.0
2026-03-10,34.15999984741211,0,0.0
2026-03-11,34.15999984741211,0,0.0
2026-03-12,34.15999984741211,0,0.0
2026-03-13,34.15999984741211,0,0.0
2026-03-16,34.15999984741211,0,0.0
2026-03-17,34.15999984741211,0,0.0
2026-03-18,34.15999984741211,0,0.0
2026-03-19,34.15999984741211,0,0.0
2026-03-20,34.15999984741211,0,0.0
2026-03-23,34.15999984741211,0,0.0
2026-03-24,34.15999984741211,0,0.0
2026-03-25,34.15999984741211,0,0.0
2026-03-27,34.15999984741211,0,0.0
2026-03-30,34.15999984741211,0,0.0
2026-04-01,34.15999984741211,0,0.0
2026-04-02,34.15999984741211,0,0.0
2026-04-06,34.15999984741211,0,0.0
2026-04-07,34.15999984741211,0,0.0
2026-04-08,34.15999984741211,0,0.0
2026-04-09,34.15999984741211,0,0.0
2026-04-10,34.15999984741211,0,0.0
2026-04-13,34.15999984741211,0,0.0
2026-04-15,34.15999984741211,0,0.0
2026-04-16,34.15999984741211,0,0.0
2026-04-17,34.15999984741211,0,0.0
2026-04-20,34.15999984741211,0,0.0
2026-04-21,34.15999984741211,0,0.0
2026-04-22,34.15999984741211,0,0.0
2026-04-23,34.15999984741211,0,0.0
2026-04-24,34.15999984741211,0,0.0
2026-04-27,34.15999984741211,0,0.0
2026-04-28,34.15999984741211,0,0.0
2026-04-29,34.15999984741211,0,0.0
2026-04-30,34.15999984741211,0,0.0
2026-05-01,34.15999984741211,0,0.0
2026-05-04,34.15999984741211,0,0.0
2026-05-05,34.15999984741211,0,0.0
2026-05-06,34.15999984741211,0,0.0
2026-05-07,34.15999984741211,0,0.0
2026-05-08,34.15999984741211,0,0.0
2026-05-11,34.15999984741211,0,0.0
2026-05-12,34.15999984741211,0,0.0
2026-05-13,34.15999984741211,0,0.0
2026-05-14,34.15999984741211,0,0.0
2026-05-15,34.15999984741211,0,0.0
2026-05-18,34.15999984741211,0,0.0
2026-05-19,34.15999984741211,0,0.0
2026-05-20,34.15999984741211,0,0.0
2026-05-21,34.15999984741211,0,0.0
2026-05-22,34.15999984741211,0,0.0
2026-05-25,34.15999984741211,0,0.0
2026-05-26,34.15999984741211,0,0.0
2026-05-27,34.15999984741211,0,0.0
2026-05-28,34.15999984741211,0,0.0
2026-05-29,34.15999984741211,0,0.0
2026-06-01,34.15999984741211,0,0.0
2026-06-02,34.15999984741211,0,0.0
2026-06-03,34.15999984741211,0,0.0
2026-06-04,34.15999984741211,0,0.0
2026-06-05,34.15999984741211,0,0.0
2026-06-08,34.15999984741211,0,0.0
2026-06-09,34.15999984741211,0,0.0
2026-06-10,34.15999984741211,0,0.0
2026-06-11,34.15999984741211,0,0.0
2026-06-12,34.15999984741211,0,0.0
2026-06-15,34.15999984741211,0,0.0
2026-06-16,34.15999984741211,0,0.0
2026-06-17,34.15999984741211,0,0.0
2026-06-18,34.15999984741211,0,0.0
2026-06-19,34.15999984741211,0,0.0
2026-06-22,34.15999984741211,0,0.0
2026-06-23,34.15999984741211,0,0.0
2026-06-24,34.15999984741211,0,0.0
2026-06-25,34.15999984741211,0,0.0
2026-06-26,34.15999984741211,0,0.0
2026-06-29,34.15999984741211,0,0.0
2026-06-30,34.15999984741211,0,0.0
2026-07-01,34.15999984741211,0,0.0
2026-07-02,34.15999984741211,0,0.0
2026-07-03,34.15999984741211,0,0.0
2026-07-06,34.15999984741211,0,0.0
2026-07-07,34.15999984741211,0,0.0
2026-07-08,34.15999984741211,0,0.0
2026-07-09,34.15999984741211,0,0.0
2026-07-10,34.15999984741211,0,0.0
