date,desc,text
07-Jul-2026 19:52:40,"Certificate under SEBI (Depositories and Participants) Regulations, 2018","ACC Limited has informed the Exchange about Certificate under SEBI (Depositories and Participants) Regulations, 2018."
30-Jun-2026 20:37:09,Resignation of Director/KMP/SMP,ACC Limited has informed the Exchange about Resignation of Director/KMP/SMP
30-Jun-2026 20:05:44,Resignation,"ACC Limited has informed the Exchange regarding Resignation of Ms Madhavi Isanaka as Chief Digital Officer (Senior Management Personnel) of the company w.e.f. Jun 30, 2026."
29-Jun-2026 22:59:21,Shareholders meeting,"ACC Limited has submitted the Exchange a copy Srutinizers report of  Annual General Meeting held on Jun 26, 2026. Further, the company has informed the Exchange regarding voting results."
29-Jun-2026 18:15:54,Trading Window,"ACC Limited has informed the Exchange regarding the Trading Window closure pursuant to SEBI (Prohibition of Insider Trading) Regulations, 2015"
26-Jun-2026 18:54:36,Shareholders meeting,"ACC Limited has informed the Exchange regarding Proceedings of 90th Annual General Meeting held on Jun 26, 2026"
11-Jun-2026 17:58:14,Analysts/Institutional Investor Meet/Con. Call Updates,"ACC  Limited has informed the Exchange about interaction with Investors / Analysts on June 16, 2026 and June 17, 2026."
04-Jun-2026 19:46:41,Amalgamation/Merger,ACC Limited has informed the Exchange about Receipt of Observation Letters with ''no adverse observations'' from the BSE Limited and ''No Objection'' from The National Stock Exchange of India Limited 
01-Jun-2026 18:59:37,Copy of Newspaper Publication,"ACC Limited has informed the Exchange about Copy of Newspaper Publication 90th Annual General Meeting, Intimation of Record Date and E-Voting"
30-May-2026 18:54:17,Updates,ACC Limited has informed the Exchange regarding 'Business Responsibility and Sustainability Report for the financial year 2025-26'.'.
30-May-2026 18:15:30,Shareholders meeting,"ACC Limited has informed the Exchange regarding Notice of Annual General Meeting to be held on Jun 26, 2026"
28-May-2026 15:27:39,Copy of Newspaper Publication,ACC Limited has informed the Exchange about Copy of Newspaper Publication regarding 90th Annual General Meeting of the Company - Record Date for Dividend and other related information.
26-May-2026 12:41:25,Disclosure under SEBI Takeover Regulations,Ambuja Cements Limited has Submitted to the Exchange a copy of Disclosure under Regulation 31(4) of the Securities and Exchange Board of India (Substantial Acquisition of Shares and Takeovers) Regulat
13-May-2026 15:09:50,Analysts/Institutional Investor Meet/Con. Call Updates,"ACC Limited has informed the exchange about interaction with Investors / Analysts on May 18, 2026, and May 19, 2026."
10-May-2026 15:26:31,Analysts/Institutional Investor Meet/Con. Call Updates,"ACC Limited has informed the Exchange about Transcript of earnings call held on May 04, 2026, pertaining to the Audited Financial Results of the Company for the quarter and year ended 31st March 2026."
06-May-2026 19:58:08,Analysts/Institutional Investor Meet/Con. Call Updates,ACC Limited has informed the Exchange about Schedule of meet
06-May-2026 19:54:06,Analysts/Institutional Investor Meet/Con. Call Updates,"ACC Limited has informed the exchange about interaction with Investors / Analysts on May 11, 2026, May 12, 2026, and May 13, 2026."
04-May-2026 21:23:37,Analysts/Institutional Investor Meet/Con. Call Updates,ACC Limited has informed the Exchange about Link of Recording of Analysts/Investors Call pertaining to the Audited Financial Results (Standalone & Consolidated) of the Company for the quarter and year
04-May-2026 14:49:09,Investor Presentation,ACC Limited has informed the Exchange about Investor Presentation
01-May-2026 18:12:38,Copy of Newspaper Publication,ACC Limited has informed the Exchange about Copy of Newspaper publication for extract of Consolidated Financial Results for the quarter and year ended on 31st March 2026.
01-May-2026 18:09:52,Analysts/Institutional Investor Meet/Con. Call Updates,"ACC Limited has informed the Exchange about Schedule of meet with Investors / Analysts on May 06, 2026, May 07, 2026, and May 08, 2026."
30-Apr-2026 18:03:33,Change in Auditors,ACC Limited has informed the Exchange regarding Change in Auditors of the company.
30-Apr-2026 17:54:13,Record Date,ACC Limited has informed the Exchange that Record date for the purpose of Dividend  is 12-Jun-2026.
30-Apr-2026 17:48:34,Dividend,"ACC Limited has informed the Exchange that Board of Directors at its meeting held on April 30, 2026, recommended Final Dividend of Rs. 7.50 per equity share subject to approval of members at the ensui"
30-Apr-2026 17:40:08,Press Release,"ACC Limited has informed the Exchange regarding a press release dated April 30, 2026, titled ""ACC Delivered Sustained Q4 FY 26 Performance""."
30-Apr-2026 17:23:51,Outcome of Board Meeting,"ACC Limited has submitted to the Exchange, the financial results for the quarter and financial year ended March 31, 2026."
28-Apr-2026 13:26:39,Copy of Newspaper Publication,ACC Limited has informed the Exchange about Copy of Newspaper Publication Newspaper - Second 100 Days Campaign- Saksham Niveshak for KYC and other related updation and shareholder engagement to preven
23-Apr-2026 19:42:53,Updates,ACC Limited has informed the Exchange regarding 'Intimation Regarding Second 100 Days Campaign - ''''Saksham Niveshak'''''.
14-Apr-2026 21:58:37,"Certificate under SEBI (Depositories and Participants) Regulations, 2018","ACC Limited has informed the Exchange about Certificate under SEBI (Depositories and Participants) Regulations, 2018"
14-Apr-2026 16:43:31,Analysts/Institutional Investor Meet/Con. Call Updates,"ACC Limited has informed the Exchange about Schedule of Analyst / Institutional Investor Meeting /Call scheduled on May 4, 2026 to discuss audited financial results for the quarter and year ended on M"
11-Apr-2026 15:07:08,General Updates,"ACC Limited has informed the Exchange about disclosure under Regulation 30 of the SEBI (LODR) Regulations, 2015."
02-Apr-2026 20:49:58,Shareholders meeting,"ACC Limited has submitted the Exchange a copy Srutinizers report of  Postal Ballot. Further, the company has informed the Exchange regarding voting results."
30-Mar-2026 15:08:04,Trading Window,"ACC Limited has informed the Exchange regarding the Trading Window closure pursuant to SEBI (Prohibition of Insider Trading) Regulations, 2015"
24-Mar-2026 20:38:44,Updates,ACC Limited has informed the Exchange regarding 'ESG Ratings'.
10-Mar-2026 20:16:09,Analysts/Institutional Investor Meet/Con. Call Updates,"ACC Limited has informed the Exchange about interaction with Investors / Analysts on March 16, 2026, March 17, 2026, March 18, 2026 and March 19, 2026."
03-Mar-2026 19:12:22,Copy of Newspaper Publication,ACC Limited has informed the Exchange about Copy of Newspaper Publication for completion of dispatch of Postal Ballot Notice.
02-Mar-2026 20:04:08,Shareholders meeting,ACC Limited has informed the Exchange regarding Notice of Postal Ballot
27-Feb-2026 19:51:20,Analysts/Institutional Investor Meet/Con. Call Updates,ACC Limited has informed the Exchange about Schedule of meet scheduled to be held on 6th March 2026.
18-Feb-2026 20:14:24,Shareholders meeting,"ACC Limited has submitted the Exchange a copy Srutinizers report of  Postal Ballot. Further, the company has informed the Exchange regarding voting results."
17-Feb-2026 19:20:30,Analysts/Institutional Investor Meet/Con. Call Updates,"ACC Limited has informed the Exchange about Schedule of meet Intimation of schedule of Analyst / Institutional Investor Meeting / Call scheduled on February 24, 2026."
04-Feb-2026 20:42:24,Analysts/Institutional Investor Meet/Con. Call Updates,ACC Limited has informed the Exchange about Presentation  for the Investors/Analysts conference scheduled to be held in USA and UAE.
04-Feb-2026 20:35:19,Analysts/Institutional Investor Meet/Con. Call Updates,"ACC Limited has informed the Exchange about Schedule of Analyst / Institutional Investor Meeting /Call scheduled on February 12, 2026 and February 13, 2026."
04-Feb-2026 20:27:11,Analysts/Institutional Investor Meet/Con. Call Updates,"ACC Limited has informed the Exchange about Transcript  of earnings call held on January 30, 2026, pertaining to the Unaudited Financial Results of the Company for the quarter and nine months ended 31"
30-Jan-2026 21:13:14,Analysts/Institutional Investor Meet/Con. Call Updates,ACC Limited has informed the Exchange about Link of Recording of Analysts/Investors Call pertaining to the Unaudited Financial Results (Standalone & Consolidated) of the Company for the quarter and ni
30-Jan-2026 18:33:14,Analysts/Institutional Investor Meet/Con. Call Updates,"ACC Limited has informed the Exchange about  the Analyst / Institutional Investor Meeting /Call scheduled on February 05, 2026, February 9, 2026 and February 10, 2026."
30-Jan-2026 15:04:22,Investor Presentation,ACC Limited has informed the Exchange about Investor Presentation
29-Jan-2026 15:45:01,Copy of Newspaper Publication,ACC Limited has informed the Exchange about Copy of Newspaper publication for extract of Consolidated Financial Results for the quarter and nine months ended on 31st December 2025.
28-Jan-2026 18:49:55,Copy of Newspaper Publication,ACC Limited has informed the Exchange about Notice to Shareholders for transfer of Equity Shares to IEPF Account.
28-Jan-2026 14:31:27,Change in Management,ACC Limited has informed the Exchange about outcome of Board Meeting held on 28th January 2026 inter-alia containing the change in Senior Management Personnel.
28-Jan-2026 14:27:13,Press Release,"ACC Limited has informed the Exchange regarding a press release dated January 28, 2026, titled ""ACC delivers robust performance in Q3 FY26""."
28-Jan-2026 14:24:45,Outcome of Board Meeting,"ACC Limited has submitted to the Exchange, the Unaudited financial results for the quarter and nine months ended on December 31, 2025."
27-Jan-2026 20:30:59,Updates,ACC Limited has informed the Exchange regarding 'Specimen notice to the shareholders for unpaid/unclaimed dividend '.
19-Jan-2026 19:11:39,Copy of Newspaper Publication,ACC Limited has informed the Exchange about Copy of Newspaper Publication
17-Jan-2026 15:09:29,Shareholders meeting,ACC Limited has informed the Exchange regarding Notice of Postal Ballot.
13-Jan-2026 19:40:17,Analysts/Institutional Investor Meet/Con. Call Updates,"ACC Limited has informed the Exchange about Schedule of meet of Analyst / Institutional Investor Meeting /Call scheduled on January 30, 2026."
07-Jan-2026 19:03:39,"Certificate under SEBI (Depositories and Participants) Regulations, 2018","ACC Limited has informed the Exchange about Certificate under SEBI (Depositories and Participants) Regulations, 2018"
31-Dec-2025 17:51:36,General Updates,"ACC Limited has informed the Exchange about disclosure under Regulation 30 of the SEBI (LODR) Regulations, 2015."
31-Dec-2025 17:49:22,General Updates,"ACC Limited has informed the Exchange about disclosure under Regulation 30 of the SEBI (LODR) Regulations, 2015."
27-Dec-2025 13:39:16,Trading Window,"ACC Limited has informed the Exchange regarding the Trading Window closure pursuant to SEBI (Prohibition of Insider Trading) Regulations, 2015"
22-Dec-2025 20:48:09,Amalgamation/Merger,ACC Limited has informed the Exchange about the approval of Scheme of Amalgamation of ACC Limited (Amalgamating Company) with Ambuja Cements Limited (Amalgamated Company).
12-Dec-2025 19:02:26,General Updates,ACC Limited has informed the Exchange about Update on ESG Ratings by NSE Sustainability Ratings and Analytics Limited for the Financial year 2025.
06-Dec-2025 16:18:57,Resignation,"ACC Limited has informed the Exchange regarding Resignation of Mr. Navin Malhotra as Chief Sales and Marketing Officer, Senior Management Personnel (SMP) of the company w.e.f. December 06, 2025."
02-Dec-2025 19:15:06,Change in Director(s),ACC Limited has informed the Exchange regarding Change in Director(s) of the company.
02-Dec-2025 15:38:13,General Updates,"ACC Limited has informed the Exchange about disclosure under Regulation 30 of the SEBI (LODR) Regulations, 2015."
01-Dec-2025 19:49:47,Change in Director(s),ACC Limited has informed the Exchange regarding Change in Director(s) of the company.
21-Nov-2025 22:37:01,Change in Management,ACC Limited has informed the exchange regarding the change in management (Key Managerial Personnel) of the Company.
18-Nov-2025 19:57:53,Analysts/Institutional Investor Meet/Con. Call Updates,"ACC Limited has informed the Exchange about Schedule of Investors /Analyst meet on November 24, 2025, and November 25, 2025."
14-Nov-2025 18:21:57,Analysts/Institutional Investor Meet/Con. Call Updates,"ACC Limited has informed the Exchange about interaction with Investors / Analyst on November 21, 2025."
14-Nov-2025 08:50:02,Press Release,"ACC Limited has informed the Exchange regarding a press release dated November 14, 2025, titled "" "" Adani Cement is the First Indian Cement Company to become a Taskforce on Nature-related Financial Di"
12-Nov-2025 08:29:50,Press Release,"ACC Limited has informed the Exchange regarding a press release dated November 12, 2025, titled """"Adani Cement and Coolbrook to deploy world s first commercial RotoDynamic Heater to advance cement dec"
07-Nov-2025 21:12:08,Shareholders meeting,"ACC Limited has informed the Exchange regarding Proceedings of Postal Ballot. Further, the company has submitted the Exchange a copy of Srutinizers report along with voting results"
03-Nov-2025 21:11:31,Analysts/Institutional Investor Meet/Con. Call Updates,ACC Limited submits weblink of the Audio Recording of Analysts/Investors Call pertaining to the Unaudited Financial Results (Standalone & Consolidated) of the Company for the quarter and half year end
03-Nov-2025 13:47:35,Investor Presentation,ACC Limited has informed the Exchange about Investor Presentation
01-Nov-2025 15:50:40,Copy of Newspaper Publication,Copy of Newspaper publication for extract of Consolidated Financial Results for the quarter and half year ended 30th September 2025.
31-Oct-2025 15:36:20,Updates,ACC Limited has informed the Exchange regarding 'Updated responses for Capital Market queries on Financial Results of the Company for the quarter and half year ended on 30th September 2025.'.
31-Oct-2025 14:05:55,Updates,ACC Limited has informed the Exchange regarding 'Questions and Answers for Investors on the Financial Results of the Company for the quarter and half year ended on 30th September 2025'.
31-Oct-2025 13:39:55,Press Release,"ACC Limited has informed the Exchange regarding a press release dated October 31, 2025, titled ""ACC delivers remarkable performance in Q2 & H1 FY 26""."
31-Oct-2025 12:57:58,Outcome of Board Meeting,"ACC Limited has submitted to the Exchange, the financial results for the period ended September 30, 2025."
16-Oct-2025 00:19:37,Analysts/Institutional Investor Meet/Con. Call Updates,ACC Limited has informed the Exchange about Analysts/ Institutional Investors Meeting/Call scheduled on 03rd November 2025.
09-Oct-2025 13:57:17,Copy of Newspaper Publication,ACC Limited has informed the Exchange about Copy of Newspaper Publication intimating completion of dispatch of Notice of Postal Ballot.
08-Oct-2025 16:28:27,Shareholders meeting,ACC Limited has informed the Exchange regarding Notice of Postal Ballot
03-Oct-2025 20:43:30,"Certificate under SEBI (Depositories and Participants) Regulations, 2018","ACC Limited has informed the Exchange about Certificate under SEBI (Depositories and Participants) Regulations, 2018"
02-Oct-2025 12:56:24,General Updates,"ACC Limited has informed the Exchange about disclosure under Regulation 30 of the SEBI (LODR) Regulations, 2015."
29-Sep-2025 18:28:29,Change in Auditors,ACC Limited has informed the Exchange regarding Change in Auditors of the company.
24-Sep-2025 11:28:00,Updates,ACC Limited has informed the Exchange regarding 'Chairman's Letter to Shareholders'.
15-Sep-2025 20:39:48,Analysts/Institutional Investor Meet/Con. Call Updates,ACC Limited has informed the Exchange about Schedule of meet about interaction with Investors / Analyst on 22nd September 2025
15-Sep-2025 20:30:12,Copy of Newspaper Publication,ACC Limited has informed the Exchange about Copy of Newspaper Publication pertaining to 100 Days Campaign- Saksham Niveshak for KYC and other related updation and shareholder engagement to prevent tra
15-Sep-2025 20:09:16,Resignation,"ACC Limited has informed the Exchange regarding Cessation of Mr. A K Anand as Nominee Director of the company w.e.f. September 15, 2025."
09-Sep-2025 20:06:19,Analysts/Institutional Investor Meet/Con. Call Updates,"ACC Limited has informed the Exchange about interaction with Investors / Analyst on 15th September 2025, 16th September 2025 and 18th September 2025."
02-Sep-2025 18:52:19,Analysts/Institutional Investor Meet/Con. Call Updates,ACC Limited has informed the Exchange about interaction with Investors / Analyst on 08th September 2025 and 09th September 2025
20-Aug-2025 20:01:31,Updates,"ACC Limited has informed the Exchange regarding '""Intimation regarding 100 Days Campaign Saksham Niveshak""'."
06-Aug-2025 19:59:40,Analysts/Institutional Investor Meet/Con. Call Updates,ACC Limited has informed the Exchange about Transcript
02-Aug-2025 11:09:29,Investor Presentation,ACC Limited has informed the Exchange about Investor Presentation
31-Jul-2025 21:03:58,Analysts/Institutional Investor Meet/Con. Call Updates,ACC Limited has informed the Exchange about Link of Recording
31-Jul-2025 14:32:57,Investor Presentation,ACC Limited has informed the Exchange about Investor Presentation
25-Jul-2025 23:49:01,Copy of Newspaper Publication,ACC Limited has informed the Exchange about Copy of Newspaper Publication
24-Jul-2025 13:41:43,Press Release,"ACC Limited has informed the Exchange regarding a press release dated July 24, 2025, titled ""ACC reports robust quarterly performance""."
24-Jul-2025 13:17:47,Outcome of Board Meeting,"ACC Limited has submitted to the Exchange, the financial results for the period ended June 30, 2025."
18-Jul-2025 20:11:08,Analysts/Institutional Investor Meet/Con. Call Updates,ACC Limited has informed the Exchange about Schedule of meet
11-Jul-2025 20:18:12,"Certificate under SEBI (Depositories and Participants) Regulations, 2018","ACC Limited has informed the Exchange about Certificate under SEBI (Depositories and Participants) Regulations, 2018"
09-Jul-2025 17:13:29,Commencement of commercial production/operations,ACC Limited has informed the Exchange about Commencement of commercial production/operations
08-Jul-2025 16:15:27,Credit Rating,ACC Limited has informed the Exchange about Credit Rating
30-Jun-2025 18:08:40,Trading Window,"ACC Limited has informed the Exchange regarding the Trading Window closure pursuant to SEBI (Prohibition of Insider Trading) Regulations, 2015"
28-Jun-2025 07:15:03,Shareholders meeting,"ACC Limited has submitted the Exchange a copy Srutinizers report of  Annual General Meeting held on Jun 26, 2025. Further the Company has informed the exchange regarding the voting results."
26-Jun-2025 22:56:31,Shareholders meeting,"ACC Limited has informed the Exchange regarding Proceedings of Annual General Meeting held on Jun 26, 2025"
24-Jun-2025 21:14:01,Analysts/Institutional Investor Meet/Con. Call Updates,ACC Limited has informed the Exchange about Schedule of meet
02-Jun-2025 16:13:10,Analysts/Institutional Investor Meet/Con. Call Updates,ACC Limited has informed the Exchange about Schedule of meet
02-Jun-2025 13:38:35,Copy of Newspaper Publication,ACC Limited has informed the Exchange about Copy of Newspaper Publication
02-Jun-2025 12:57:12,Analysts/Institutional Investor Meet/Con. Call Updates,ACC Limited has informed the Exchange about Schedule of meet
31-May-2025 18:55:30,General Updates,ACC Limited has informed the Exchange about Business Responsibility and Sustainability Report for Financial Year 2024-25.
31-May-2025 18:32:09,Shareholders meeting,"ACC Limited has informed the Exchange regarding Notice of Annual General Meeting to be held on Thursday, June 26, 2025 at 10:00 A.M."
27-May-2025 20:34:51,Copy of Newspaper Publication,"ACC Limited has informed the Exchange about Copy of Newspaper Publication regarding 89th AGM of the Company proposed to be held on Thursday, 26th June, 2025."
24-May-2025 19:00:59,Analysts/Institutional Investor Meet/Con. Call Updates,ACC Limited has informed the Exchange about Schedule of meet
06-May-2025 20:43:16,Analysts/Institutional Investor Meet/Con. Call Updates,ACC Limited has informed the Exchange about Transcript
29-Apr-2025 20:08:30,Analysts/Institutional Investor Meet/Con. Call Updates,ACC Limited has informed the Exchange about Link of Recording
29-Apr-2025 15:00:27,Investor Presentation,ACC Limited has informed the Exchange about Investor Presentation
29-Apr-2025 14:07:06,General Updates,ACC Limited has informed the Exchange about Updates on Schedule of Analyst / Institutional Investor Meeting / Call under SEBI (Listing obligations and Disclosure Requirements) Regulations 2015
28-Apr-2025 18:28:12,Disclosure under SEBI Takeover Regulations,Ambuja Cements Limited has Submitted to the Exchange a copy of Disclosure under Regulation 31(4) of the Securities and Exchange Board of India (Substantial Acquisition of Shares and Takeovers) Regulat
25-Apr-2025 21:49:08,Copy of Newspaper Publication,ACC Limited has informed the Exchange about Copy of Newspaper Publication pertaining to Consolidated Financial Results of the Company for the quarter and financial year ended 31st March 2025.
24-Apr-2025 14:52:14,Change in Auditors,ACC Limited has informed the Exchange regarding Change in Auditors of the company.
24-Apr-2025 14:48:08,Change in Director(s),ACC Limited has informed the Exchange regarding Change in Director(s) of the company.
24-Apr-2025 14:44:48,Press Release,"ACC Limited has informed the Exchange regarding a press release dated April 24, 2025, titled "" ACC delivers highest ever annual PAT @ Rs. 2,402 Crore, up by 3% YoY ""."
24-Apr-2025 14:40:43,Record Date,ACC Limited has informed the Exchange that Record date for the purpose of Dividend  is 13-Jun-2025.
24-Apr-2025 14:38:27,Dividend,"ACC Limited has informed the Exchange that Board of Directors at its meeting held on April 24, 2025, recommended Final Dividend of Rs. 7.50 per equity share subject to the approval of shareholders."
24-Apr-2025 14:34:53,Outcome of Board Meeting,"ACC Limited has informed the Exchange regarding Outcome of Board Meeting held on April 24, 2025 for approval of Audited Financial Results for the quarter and financial year ended 31.03.2025."
23-Apr-2025 22:16:39,Analysts/Institutional Investor Meet/Con. Call Updates,"ACC Limited has notified the Exchange regarding the schedule of Analyst/Institutional Investor Meeting/Call on April 29, 2025."
15-Apr-2025 21:28:33,"Certificate under SEBI (Depositories and Participants) Regulations, 2018","ACC Limited has informed the Exchange about Certificate under SEBI (Depositories and Participants) Regulations, 2018"
12-Apr-2025 17:04:15,Copy of Newspaper Publication,ACC Limited has informed the Exchange about Newspaper Publication - Notice to Shareholders for transfer of Equity Shares to IEPF Account.
11-Apr-2025 22:12:03,General Updates,ACC Limited has informed the Exchange about the specimen notice sent to the shareholders for unpaid / unclaimed dividend.
31-Mar-2025 21:49:56,Shareholders meeting,"ACC Limited has submitted the Exchange a copy Srutinizers report of  Postal Ballot. Further, the company has informed the Exchange regarding voting results"
29-Mar-2025 19:38:25,Trading Window,"ACC Limited has informed the Exchange regarding the Trading Window closure pursuant to SEBI (Prohibition of Insider Trading) Regulations, 2015"
28-Mar-2025 19:15:09,Cessation,"ACC Limited has informed the Exchange regarding Cessation of Mr Ajay Kapur as Whole Time Director & CEO of the company w.e.f. March 31, 2025."
28-Mar-2025 19:15:09,Cessation,"ACC Limited has informed the Exchange regarding Cessation of Mr Vinod Bahety as Chief Financial Officer of the company w.e.f. March 31, 2025."
28-Mar-2025 19:08:27,Change in Management,ACC Limited has informed the Exchange about change in Management
28-Mar-2025 19:04:46,Change in Director(s),ACC Limited has informed the Exchange regarding Change in Director(s) of the company.
28-Mar-2025 19:02:32,Outcome of Board Meeting,"ACC Limited has informed the Exchange regarding Outcome of Board Meeting held on March 28, 2025."
11-Mar-2025 13:23:44,Analysts/Institutional Investor Meet/Con. Call Updates,"ACC Limited has informed the exchange regarding Intimation for interaction with Investors / Analyst on 17th March 2025, 18th March 2025, 19th March 2025 and 21st March 2025 ."
09-Mar-2025 13:47:34,Analysts/Institutional Investor Meet/Con. Call Updates,ACC Limited has informed the Exchange about  interaction with Investors / Analyst.
05-Mar-2025 17:14:43,General Updates,ACC Limited has informed the Exchange about General Updates
01-Mar-2025 18:03:27,General Updates,ACC Limited has informed the Exchange about General Updates
01-Mar-2025 17:57:30,Copy of Newspaper Publication,ACC Limited has informed the Exchange about Newspaper advertisement for dispatch of postal ballot notice.
28-Feb-2025 19:56:24,Shareholders meeting,ACC Limited has informed the Exchange regarding Notice of Postal Ballot
25-Feb-2025 18:46:00,Analysts/Institutional Investor Meet/Con. Call Updates,ACC Limited has informed the Exchange about Schedule of Analyst / Institutional Investor Meeting /Call .
06-Feb-2025 19:09:46,Analysts/Institutional Investor Meet/Con. Call Updates,ACC Limited has informed the Exchange about Schedule of meet
06-Feb-2025 19:05:25,Updates,ACC Limited has informed the Exchange regarding 'Disclosure under Regulation 30 (5) of SEBI (LODR) for change in KMP for determining material events.'
04-Feb-2025 19:47:21,Analysts/Institutional Investor Meet/Con. Call Updates,ACC Limited has informed the Exchange about Transcript
29-Jan-2025 17:56:41,Analysts/Institutional Investor Meet/Con. Call Updates,ACC Limited has informed the Exchange about Link of Recording
29-Jan-2025 13:38:11,Investor Presentation,ACC Limited has informed the Exchange about Investor Presentation
28-Jan-2025 17:59:46,Integrated Filing- Financial,"Integrated Filing (Financial) for the quarter and nine months ended December 31, 2024"
28-Jan-2025 17:13:48,Copy of Newspaper Publication,"ACC Limited has informed the Exchange about Copy of Newspaper Publication pertaining to Consolidated Financial Results of the Company for the quarter ended December 31, 2024."
27-Jan-2025 13:54:34,Change in Company Secretary/Compliance Officer,ACC Limited has informed the Exchange about Change in Company Secretary/Compliance Officer - Revised Intimation.
27-Jan-2025 13:46:09,Press Release,"""ACC Limited has informed the Exchange regarding a press release dated January 27, 2025, titled ""Media Release on  ACC demonstrates remarkable performance in Q3 FY 25 ""."
27-Jan-2025 13:42:37,Change in Company Secretary/Compliance Officer,ACC Limited has informed the Exchange about Change in Company Secretary/Compliance Officer.
27-Jan-2025 13:38:44,Outcome of Board Meeting,"ACC Limited has submitted to the Exchange, the financial results for the period ended December 31, 2024."
27-Jan-2025 13:32:29,Financial Result Updates," ACC Limited has submitted to the Exchange, the financial results for the period ended December 31, 2024."
20-Jan-2025 19:00:08,Analysts/Institutional Investor Meet/Con. Call Updates,ACC Limited has informed the Exchange about Schedule of meet
09-Jan-2025 17:06:49,"Certificate under SEBI (Depositories and Participants) Regulations, 2018","ACC Limited has informed the Exchange about Certificate under SEBI (Depositories and Participants) Regulations, 2018"
30-Dec-2024 15:39:17,Trading Window,"ACC Limited has informed the Exchange regarding the Trading Window closure pursuant to SEBI (Prohibition of Insider Trading) Regulations, 2015"
24-Dec-2024 22:07:51,General Updates,ACC Limited has informed the Exchange about General Updates
05-Dec-2024 18:45:24,Analysts/Institutional Investor Meet/Con. Call Updates,ACC Limited has informed the Exchange about Schedule of Investor meet.
04-Dec-2024 16:32:49,Loss of Share Certificates,ACC Limited has informed the Exchange about Loss of Share Certificates
03-Dec-2024 18:48:30,General Updates,ACC Limited has informed the Exchange about General Updates
22-Nov-2024 19:41:22,Loss of Share Certificates,ACC Limited has informed the Exchange about Loss of Share Certificates
21-Nov-2024 15:09:24,News Verification,The Exchange has sought clarification from ACC Limited with respect to recent news item captioned Adani Group stocks in focus: Here is what the US SEC said.  The response from the Company is attached.
21-Nov-2024 11:40:21,News Verification,The Exchange has sought clarification from ACC Limited with respect to recent news item captioned Adani Group stocks in focus: Here is what the US SEC said.  The response from the Company is awaited.
13-Nov-2024 21:33:25,General Updates,ACC Limited has informed the Exchange about General Updates
08-Nov-2024 20:22:26,Analysts/Institutional Investor Meet/Con. Call Updates,ACC Limited has informed the Exchange about Schedule of meet
04-Nov-2024 15:29:01,Analysts/Institutional Investor Meet/Con. Call Updates,ACC Limited has informed the Exchange about Transcript
04-Nov-2024 11:06:59,Loss of Share Certificates,ACC Limited has informed the Exchange about Loss of Share Certificates
28-Oct-2024 19:04:02,Analysts/Institutional Investor Meet/Con. Call Updates,"ACC Limited has informed the Exchange regarding Audio Recording pertaining to the Unaudited Financial Results of the Company for the Quarter ended 30th September, 2024."
28-Oct-2024 13:31:02,Investor Presentation,ACC Limited has informed the Exchange about Investor Presentation
25-Oct-2024 15:52:00,Copy of Newspaper Publication,"ACC Limited has informed the Exchange about Copy of Newspaper Publication pertaining to Consolidated Financial Results of the Company for the quarter ended September 30, 2024."
24-Oct-2024 13:33:50,General Updates,ACC Limited has informed the Exchange regarding 'Change in Senior Management Personnel of the Company'.
24-Oct-2024 13:27:53,Press Release,"ACC Limited has informed the Exchange regarding a press release dated October 24, 2024, titled ""Media Release on ""ACC achieves sustainable performance in Q2 FY 25."""
24-Oct-2024 13:23:26,Financial Result Updates," ACC Limited has submitted to the Exchange, the financial results for the period ended September 30, 2024."
17-Oct-2024 15:50:14,Analysts/Institutional Investor Meet/Con. Call Updates,"ACC Limited has informed the Exchange about Revised Intimation of Schedule of Analyst / Institutional Investor Meeting / Call under SEBI (Listing obligations and Disclosure Requirements) Regulations, "
16-Oct-2024 17:46:45,Analysts/Institutional Investor Meet/Con. Call Updates,ACC Limited has informed the Exchange about Schedule of meet
10-Oct-2024 18:31:56,"Certificate under SEBI (Depositories and Participants) Regulations, 2018","ACC Limited has informed the Exchange about Certificate under Regulation 74(5) of SEBI (Depositories and Participants) Regulations, 2018"
09-Oct-2024 21:50:46,General Updates,ACC Limited has informed the Exchange about General Updates
08-Oct-2024 10:33:03,Loss of Share Certificates,ACC Limited has informed the Exchange about Loss of Share Certificates
01-Oct-2024 21:21:18,Updates,"ACC Limited has informed the Exchange regarding 'Disclosure Under Regulation 30 Of The SEBI (LODR) Regulations, 2015'."
28-Sep-2024 13:34:43,Trading Window,"ACC Limited has informed the Exchange regarding the Trading Window closure pursuant to SEBI (Prohibition of Insider Trading) Regulations, 2015"
14-Sep-2024 14:50:46,Analysts/Institutional Investor Meet/Con. Call Updates,ACC Limited has informed the Exchange about Schedule of meet
14-Sep-2024 14:47:04,Analysts/Institutional Investor Meet/Con. Call Updates,ACC Limited has informed the Exchange about Schedule of meet
03-Sep-2024 17:54:12,Updates,"ACC Limited has informed the Exchange regarding 'Disclosure under Regulation 30 of the SEBI (LODR) Regulations, 2015'."
31-Aug-2024 19:57:00,Updates,"ACC Limited has informed the Exchange regarding 'Disclosure under Regulation 30 of the SEBI (LODR) Regulations, 2015'."
31-Aug-2024 10:50:17,Loss of Share Certificates,ACC Limited has informed the Exchange about Loss of Share Certificates
30-Aug-2024 19:40:30,Analysts/Institutional Investor Meet/Con. Call Updates,ACC Limited has informed the Exchange about interaction with Investor / Analyst.
28-Aug-2024 20:00:47,Updates,"ACC Limited has informed the Exchange regarding 'Disclosure under Regulation 30 of the SEBI (LODR) Regulations, 2015 '."
23-Aug-2024 19:17:52,Updates,"ACC Limited has informed the Exchange regarding 'Revised Disclosure under Regulation 30 of the Securities and Exchange Board of India(Listing Obligations and Disclosure Requirements) Regulations, 2015"
23-Aug-2024 17:47:44,Updates,"ACC Limited has informed the Exchange regarding 'Disclosure under Regulation 30 of the Securities and Exchange Board of India(Listing Obligations and Disclosure Requirements) Regulations, 2015 ( Listi"
22-Aug-2024 22:14:17,Loss of Share Certificates,ACC Limited has informed the Exchange about Loss of Share Certificates
13-Aug-2024 16:24:39,Analysts/Institutional Investor Meet/Con. Call Updates,"ACC Limited has informed the Exchange regarding interaction with Investors/ Analyst proposed to be held on 21st August, 2024."
11-Aug-2024 12:31:46,Updates,"ACC Limited has informed the Exchange regarding 'A Statement Titled ""Hindenburg Report - A Red Herring""'."
10-Aug-2024 15:06:06,Loss of Share Certificates,ACC Limited has informed the Exchange about Loss of Share Certificates
07-Aug-2024 20:18:31,Analysts/Institutional Investor Meet/Con. Call Updates,ACC Limited has informed the Exchange about Transcript
03-Aug-2024 16:53:56,Analysts/Institutional Investor Meet/Con. Call Updates,ACC Limited has informed the Exchange about Schedule of meet
03-Aug-2024 16:18:05,Loss of Share Certificates,ACC Limited has informed the Exchange about Loss of Share Certificates
31-Jul-2024 20:43:55,Analysts/Institutional Investor Meet/Con. Call Updates,"ACC Limited has informed the Exchange about weblink of the Audio recording of the Analyst / Investor call on Unaudited Financial Results of the Company for the quarter ended 30th June, 2024."
31-Jul-2024 12:50:54,Investor Presentation,ACC Limited has informed the Exchange about Investor Presentation
30-Jul-2024 16:34:26,Copy of Newspaper Publication,"ACC Limited has informed the Exchange about Copy of Newspaper Publication for extract of consolidated Financial Results of the Company for the quarter ended on 30th June, 2024."
29-Jul-2024 17:05:59,Updates,ACC Limited has informed the Exchange regarding 'Change in Senior Management Personnel of the Company'.
29-Jul-2024 17:02:42,Press Release,"ACC Limited has informed the Exchange regarding a press release dated July 29, 2024, titled   ACC achieved another steady quarterly performance ."
29-Jul-2024 16:55:03,Financial Result Updates," ACC Limited has submitted to the Exchange, the financial results for the period ended June 30, 2024."
24-Jul-2024 11:55:52,Analysts/Institutional Investor Meet/Con. Call Updates,ACC Limited has informed the Exchange about Schedule of meet
10-Jul-2024 18:31:26,Loss of Share Certificates,ACC Limited has informed the Exchange about Loss of Share Certificates
10-Jul-2024 13:23:18,"Certificate under SEBI (Depositories and Participants) Regulations, 2018","ACC Limited has informed the Exchange about the Certificate under Regulation 74(5) of SEBI (Depositories and Participants) Regulations, 2018"
06-Jul-2024 11:47:52,Loss of Share Certificates,ACC Limited has informed the Exchange about Loss of Share Certificates
03-Jul-2024 19:07:16,Analysts/Institutional Investor Meet/Con. Call Updates,"ACC Limited has informed the Exchange about the Intimation of Schedule of Analyst/ Institutional Investor Meeting /Call scheduled on 08th July, 2024 and 09th July, 2024."
01-Jul-2024 18:32:40,Updates,"ACC Limited has informed the Exchange about the clarification regarding the announcement made on 28th June, 2024 w.r.t. disclosure under regulation 30 of SEBI (LODR) Regulations, 2015 - Orders from th"
01-Jul-2024 17:49:42,Analysts/Institutional Investor Meet/Con. Call Updates,"ACC Limited has informed the Exchange about Intimation  Schedule of meet Intimation of Schedule of Analyst/Institutional Investor Meeting /Call scheduled on 05 July, 2024."
28-Jun-2024 19:21:46,Trading Window,"ACC Limited has informed the Exchange regarding the Trading Window closure pursuant to SEBI (Prohibition of Insider Trading) Regulations, 2015"
28-Jun-2024 15:58:53,Updates,ACC Limited has informed the Exchange regarding 'ACC Limited has informed the Exchange regarding Disclosure under Regulation 30 of the SEBI (LODR) Regulation 2015 - Order received from the Joint Commi
27-Jun-2024 20:44:25,Shareholders meeting,"ACC Limited has submitted the Exchange a copy Srutinizers report of  Annual General Meeting held on Jun 26, 2024. Further, the company has informed the Exchange regarding voting results."
26-Jun-2024 19:06:08,Shareholders meeting,"ACC Limited has informed the Exchange regarding the Proceedings of 88th Annual General Meeting held on Wednesday, June 26, 2024."
20-Jun-2024 18:15:23,Loss of Share Certificates,ACC Limited has informed the Exchange about Loss of Share Certificates
20-Jun-2024 15:56:36,Updates,ACC Limited has informed the Exchange regarding 'Intimation To The Shareholders Holding Shares In Physical Mode'.
10-Jun-2024 19:36:24,Analysts/Institutional Investor Meet/Con. Call Updates,"ACC Limited has informed the Exchange about Schedule of Analyst / Institutional Investor Meeting /Call scheduled on 13th June, 2024."
03-Jun-2024 13:21:16,Analysts/Institutional Investor Meet/Con. Call Updates,ACC Limited has informed the Exchange about Update on Investor Meet
30-May-2024 15:21:47,Copy of Newspaper Publication,"ACC Limited has informed the Exchange about Copy of Newspaper Publication  regarding the 88th Annual General Meeting of the Company proposed to be held on Wednesday 26th June, 2024."
29-May-2024 21:21:05,Analysts/Institutional Investor Meet/Con. Call Updates,"ACC Limited has informed the Exchange about Schedule of meet on 3rd June, 2024 and 4th June 2024"
29-May-2024 17:50:52,Shareholders meeting,"ACC Limited has informed the Exchange regarding Notice of Annual General Meeting to be held on June 26, 2024 along with the Integrated Annual Report."
25-May-2024 13:43:58,Copy of Newspaper Publication,ACC Limited has informed the Exchange about Newspaper Advertisement of 88th Annual General Meeting through Video Conferencing / Other Audio Visual Means ( VC / OAVM ) facility.
23-May-2024 12:57:55,Updates,"ACC Limited has informed the Exchange regarding 'Annual Secretarial Compliance Report for the Financial Year ended March 31, 2024 as per Regulation 24A of SEBI (Listing Obligations and Disclosure Requ"
22-May-2024 11:02:33,Loss of Share Certificates,ACC Limited has informed the Exchange about Loss of Share Certificates
21-May-2024 12:57:37,Disclosure under SEBI Takeover Regulations,Ambuja Cements Limited has Submitted to the Exchange a copy of Disclosure under Regulation 31(4) of the Securities and Exchange Board of India (Substantial Acquisition of Shares and Takeovers) Regulat
20-May-2024 19:04:57,Shareholders meeting,"ACC Limited has submitted the Exchange a Srutinizers report of  Postal Ballot. Further, the company has informed the Exchange regarding voting results."
07-May-2024 22:11:08,Analysts/Institutional Investor Meet/Con. Call Updates,ACC Limited has informed the Exchange about Schedule of meet
07-May-2024 12:54:41,Analysts/Institutional Investor Meet/Con. Call Updates,"ACC Limited has informed the Exchange about Transcript of Earning Call held on 2nd May, 2024 pertaining to the Audited Financial Results of the Company for the Quarter and year ended 31st March, 2024."
02-May-2024 21:36:15,Analysts/Institutional Investor Meet/Con. Call Updates,ACC Limited has informed the Exchange about Schedule of meet
02-May-2024 21:33:32,Analysts/Institutional Investor Meet/Con. Call Updates,ACC Limited has informed the Exchange about Link of Recording
01-May-2024 14:08:46,Investor Presentation,ACC Limited has informed the Exchange about Investor Presentation
27-Apr-2024 14:06:30,Loss of Share Certificates,ACC Limited has informed the Exchange about Loss of Share Certificates
27-Apr-2024 13:13:03,Copy of Newspaper Publication,"ACC Limited has informed the Exchange about Newspaper Publication of extract  of  Consolidated Financial Results for the quarter and financial year ended March 31, 2024"
25-Apr-2024 14:58:41,Dividend Updates,ACC Limited has informed the Exchange about recommendation of Dividend for the FY 2023-24
25-Apr-2024 14:56:58,Record Date,ACC Limited has informed the Exchange that Record date for the purpose of Dividend  is 14-Jun-2024.
25-Apr-2024 14:54:53,Disclosure of record date for purpose of distribution,ACC Limited has informed regarding Record date for purpose of dividend for the FY 2023-24
25-Apr-2024 14:47:37,Press Release,"ACC Limited has informed the Exchange regarding a press release dated April 25, 2024, titled ""ACC delivers lifetime highest annualized PAT ""."
25-Apr-2024 14:41:20,Financial Result Updates,"ACC Limited has submitted to the Exchange, the financial results for the period ended March 31, 2024."
20-Apr-2024 21:06:01,Updates,"ACC Limited has informed the Exchange regarding Disclosure under Regulation 30 of the Securities and Exchange Board of India (Listing Obligations and Disclosure Requirements) Regulations, 2015 ( Listi"
20-Apr-2024 16:03:46,Copy of Newspaper Publication,ACC Limited has informed the Exchange about Newspaper advertisement for dispatch of Postal Ballot notice.
20-Apr-2024 15:50:39,Analysts/Institutional Investor Meet/Con. Call Updates,ACC Limited has informed the Exchange about Schedule of meet
20-Apr-2024 11:02:15,Loss of Share Certificates,ACC Limited has informed the Exchange about Loss of Share Certificates
19-Apr-2024 16:24:19,Addendum,"ACC Limited has informed the Exchange about Addendum to our intimation letter dated 18th April, 2024 on Postal Ballot Notice"
18-Apr-2024 20:03:08,Shareholders meeting,ACC Limited has informed the Exchange regarding Notice of Postal Ballot
13-Apr-2024 15:18:02,"Certificate under SEBI (Depositories and Participants) Regulations, 2018","ACC Limited has informed the Exchange about Certificate under Regulation 74(5) of SEBI (Depositories and Participants) Regulations, 2018"
12-Apr-2024 18:32:05,Investor Presentation,ACC Limited has informed the Exchange about Investor Presentation
12-Apr-2024 17:18:05,Investor Presentation,ACC Limited has informed the Exchange about Investor Presentation
04-Apr-2024 19:52:39,Analysts/Institutional Investor Meet/Con. Call Updates,ACC Limited has informed the Exchange about Schedule of Analysts /Investor Meeting.
01-Apr-2024 16:05:34,Updates,ACC Limited has informed the Exchange regarding 'Disclosure under Regulation 30 (5) of SEBI (LODR) for change in KMP for determining material events.'.
01-Apr-2024 12:28:05,Press Release,"ACC Limited has informed the Exchange regarding a press release dated April 01, 2024, titled ""Submission of Media Release on the subject - ACC, Ambuja are  India s Most Trusted Cement Brands .""."
29-Mar-2024 18:22:50,Loss of Share Certificates,ACC Limited has informed the Exchange about Loss of Share Certificates
28-Mar-2024 20:04:59,Trading Window,"ACC Limited has informed the Exchange regarding the Trading Window closure pursuant to SEBI (Prohibition of Insider Trading) Regulations, 2015"
28-Mar-2024 17:57:17,Change in Company Secretary/Compliance Officer,ACC Limited has informed the Exchange about Change in Company Secretary/Compliance Officer
24-Mar-2024 18:56:53,Loss of Share Certificates,ACC Limited has informed the Exchange about Loss of Share Certificates
18-Mar-2024 20:25:52,Updates,ACC Limited has informed the Exchange regarding 'Clarification to media report under Regulation 30 of the Securities and Exchange Board of India (Listing Obligations and Disclosure Requirements) Regul
18-Mar-2024 10:48:14,Press Release,"ACC Limited has informed the Exchange regarding a press release dated March 18, 2024, titled ""Submission of Media Release on  Geoclean, the waste management arm of ACC and Ambuja Cements Launches Two "
14-Mar-2024 14:33:19,Updates,ACC Limited has informed the Exchange regarding 'waiver of fine for delayed compliance in appointment of Compliance Officer'.
13-Mar-2024 17:56:19,Loss of Share Certificates,ACC Limited has informed the Exchange about Loss of Share Certificates
09-Mar-2024 16:09:38,Updates,ACC Limited has informed the Exchange regarding 'Intimation regarding change of registered office of the company.'.
19-Feb-2024 11:15:48,Analysts/Institutional Investor Meet/Con. Call Updates,ACC Limited has informed the Exchange about Schedule of meet
16-Feb-2024 15:22:28,Updates,"ACC Limited has informed the Exchange regarding 'Receipt of Order from Regional Director (Western Region), Ministry of Corporate Affairs, Mumbai approving Shifting of Registered office of the Company "
14-Feb-2024 19:15:42,Analysts/Institutional Investor Meet/Con. Call Updates,ACC Limited has informed the Exchange about Schedule of meet
14-Feb-2024 15:58:15,Analysts/Institutional Investor Meet/Con. Call Updates,ACC Limited has informed the Exchange about Schedule of meet
12-Feb-2024 12:20:24,Loss of Share Certificates,ACC Limited has informed the Exchange about Loss of Share Certificates
09-Feb-2024 18:04:26,Analysts/Institutional Investor Meet/Con. Call Updates,ACC Limited has informed the Exchange about Schedule of meet
07-Feb-2024 12:32:18,Loss of Share Certificates,ACC Limited has informed the Exchange about Loss of Share Certificates
03-Feb-2024 14:04:43,Analysts/Institutional Investor Meet/Con. Call Updates,ACC Limited has informed the Exchange about Transcript
31-Jan-2024 19:01:26,Analysts/Institutional Investor Meet/Con. Call Updates,ACC Limited has informed the Exchange about Audio recording regarding outcome of Investor's Meet.
31-Jan-2024 13:28:37,Investor Presentation,ACC Limited has informed the Exchange about Investor Presentation
30-Jan-2024 11:22:40,Loss of Share Certificates,ACC Limited has informed the Exchange about Loss of Share Certificates
27-Jan-2024 16:58:54,Analysts/Institutional Investor Meet/Con. Call Updates,ACC Limited has informed the Exchange about Schedule of meet of investors/analyst conference call on the Unaudited Standalone and Consolidated Financial Results of the Company for the quarter and nine
26-Jan-2024 12:40:24,Copy of Newspaper Publication,ACC Limited has informed the Exchange about Copy of Newspaper Publication
25-Jan-2024 14:24:43,Updates,ACC Limited has informed the Exchange regarding 'Change in Senior Management Personnel'.
25-Jan-2024 14:16:57,Press Release,"ACC Limited has informed the Exchange regarding a press release dated January 25, 2024, titled ""Submission of Media Release on the Unaudited Financial Results (Standalone & Consolidated) for the quart"
25-Jan-2024 14:13:08,Outcome of Board Meeting,"ACC Limited has informed the Exchange regarding  Board meeting held on January 25, 2024."
25-Jan-2024 14:11:17,Financial Result Updates,"ACC Limited has submitted to the Exchange, the financial results for the period ended December 31, 2023."
18-Jan-2024 17:24:51,Loss of Share Certificates,ACC Limited has informed the Exchange about Loss of Share Certificates
16-Jan-2024 16:53:47,Loss of Share Certificates,ACC Limited has informed the Exchange about Loss of Share Certificates
08-Jan-2024 09:00:22,Press Release,"ACC Limited has informed the Exchange regarding a press release dated January 08, 2024, titled ""ACC Strengthens Market Leadership with Acquisition of Asian Concretes & Cements Pvt Ltd at an Enterprise"
08-Jan-2024 08:53:15,Acquisition,ACC Limited has informed the Exchange about Acquisition of Asian Concretes and Cement Private Limited
04-Jan-2024 11:51:45,"Certificate under SEBI (Depositories and Participants) Regulations, 2018","ACC Limited has informed the Exchange about Certificate under regulation 74(5) of SEBI (Depositories and Participants) Regulations, 2018"
31-Dec-2023 18:21:57,Updates,"Disclosure under Regulation 30 of the Securities and Exchange Board of India(Listing Obligations and Disclosure Requirements) Regulations, 2015 ( ListingRegulations )."
29-Dec-2023 16:43:04,Trading Window,"ACC Limited has informed the Exchange regarding the Trading Window closure pursuant to SEBI (Prohibition of Insider Trading) Regulations, 2015"
28-Dec-2023 20:16:23,Updates,"ACC Limited has informed the Exchange regarding 'Disclosure under Regulation 30 of the Securities and Exchange Board of India (Listing Obligations and Disclosure Requirements) Regulations, 2015 ( List"
11-Dec-2023 15:52:26,Loss of Share Certificates,ACC Limited has informed the Exchange about Loss of Share Certificates
26-Nov-2023 10:40:24,Loss of Share Certificates,ACC Limited has informed the Exchange about Loss of Share Certificates
22-Nov-2023 16:46:12,Updates,"ACC Limited has informed the Exchange regarding 'Disclosure under Regulation 30 of the SEBI (Listing Obligations and Disclosure Requirements) Regulations, 2015 ( SEBI Listing Regulations ) - for delay"
18-Nov-2023 16:20:35,Loss of Share Certificates,ACC Limited has informed the Exchange about Loss of Share Certificates
07-Nov-2023 18:05:11,Updates,"ACC Limited has informed the Exchange regarding 'Regulation 30(5) of the SEBI (Listing Obligations and Disclosure Requirements) Regulations, 2015   Revised list of Key Managerial Personnel'."
06-Nov-2023 12:00:12,Analysts/Institutional Investor Meet/Con. Call Updates,"Transcript of Earning Call pertaining to the Un-audited Financial Results of the Company for the Quarter and Half Year ended September 30, 2023."
04-Nov-2023 14:27:50,Loss of Share Certificates,ACC Limited has informed the Exchange about Loss of Share Certificates
01-Nov-2023 22:08:55,Updates,"ACC Limited has informed the Exchange regarding 'Disclosure under Regulation 30 of the SEBI (Listing obligations and Disclosure Requirements), Regulations, 2015: Income Tax assessment order received f"
01-Nov-2023 18:32:34,Updates,ACC Limited has informed the Exchange regarding 'Audio Recording of Analysts/Investors Call pertaining to the Unaudited Financial Results of the Company for the Quarter and Half Year ended 30th Septem
01-Nov-2023 18:22:12,Investor Presentation,ACC Limited has informed the Exchange about Investor Presentation
29-Oct-2023 14:59:20,Analysts/Institutional Investor Meet/Con. Call Updates,Intimation of Schedule of Analyst/Institutional Investor Meeting/Call under theSEBI (Listing obligations and Disclosure Requirements) Regulations 2015.
27-Oct-2023 14:07:28,Copy of Newspaper Publication,"Newspaper Publication of extract of Consolidated Financial Results for the quarter and half year ended September 30, 2023."
26-Oct-2023 15:24:37,Updates,ACC Limited has informed the Exchange regarding 'Appointment and Resignation of Senior Management Personnel due to inter-se transfer in the Group Company'.
26-Oct-2023 15:12:46,Financial Result Updates,"ACC Limited has submitted to the Exchange, the financial results for the period ended September 30, 2023."
26-Oct-2023 13:54:59,Press Release,ACC Limited has informed the Exchange  press release regarding unaudited financial results (standalone and consolidated) dated 26th October 2023.
26-Oct-2023 13:35:16,Outcome of Board Meeting,"ACC Limited has informed the Exchange regarding Outcome of Board Meeting held on October 26, 2023."
26-Oct-2023 10:59:57,Loss of Share Certificates,ACC Limited has informed the Exchange about Loss of Share Certificates
25-Oct-2023 22:04:04,Updates,ACC Limited has informed the Exchange regarding 'Disclosure under Regulation 3oA of SEBI (Listing Obligations and Disclosure Requirements) Regulations 2015 read with Clause 5A of Para A of Schedule II
13-Oct-2023 17:54:06,Loss of Share Certificates,ACC Limited has informed the Exchange about Loss of Share Certificates
05-Oct-2023 12:33:18,"Certificate under SEBI (Depositories and Participants) Regulations, 2018","ACC Limited has informed the Exchange about Certificate under Reg 74(5) of SEBI (Depositories and Participants) Regulations, 2018 for September Quarter 2023"
04-Oct-2023 19:19:32,Updates,"ACC Limited has informed the Exchange regarding 'Intimation under Regulation 30 of Securities and Exchange Board of India (Listing Obligations and Disclosure Requirements) Regulations, 2015 (the  List"
30-Sep-2023 17:28:38,Loss of Share Certificates,ACC Limited has informed the Exchange about Loss of Share Certificates
29-Sep-2023 19:39:31,Trading Window,"ACC Limited has informed the Exchange regarding the Trading Window closure pursuant to SEBI (Prohibition of Insider Trading) Regulations, 2015"
21-Sep-2023 19:16:18,Loss of Share Certificates,ACC Limited has informed the Exchange about Loss of Share Certificates
14-Sep-2023 08:46:13,Press Release,"ACC Limited has informed the Exchange regarding a Media release dated September 14, 2023, titled ""Media Release - Commencement of commercial production ofClinker at its new cutting-edge Ametha Cement "
07-Sep-2023 15:24:37,Loss of Share Certificates,ACC Limited has informed the Exchange about Loss of Share Certificates
06-Sep-2023 11:54:25,Resignation,"ACC Limited has informed the Exchange regarding Resignation of Mr KA Chowdary as Chief Projects Officer of the company w.e.f. September 08, 2023."
23-Aug-2023 18:35:02,Loss of Share Certificates,ACC Limited has informed the Exchange about Loss of Share Certificates
22-Aug-2023 18:12:55,Updates,"ACC Limited has informed the Exchange regarding 'Pursuant to Regulation 30 of SEBI Listing Regulations, we would like toinform that BSE Limited ( BSE ) and the National Stock Exchange of IndiaLimited "
19-Aug-2023 15:14:03,Updates,ACC Limited has informed the Exchange regarding 'ACC Limited has informed the Exchange regarding 'Business Responsibility and Sustainability Report for the financial year 2022-23'.'.
14-Aug-2023 23:56:26,Updates,"ACC Limited has informed the Exchange regarding 'Disclosure pursuant to Regulation 30 of the Securities and Exchange Boardof India (Listing Obligations and Disclosure Requirements) Regulations,2015   "
14-Aug-2023 21:02:58,Updates,ACC Limited has informed the Exchange regarding 'Disclosure under Regulation 3oA of SEBI (Listing Obligations and Disclosure Requirements) Regulations 2015 read with Clause 5A of Para A of Schedule II
14-Aug-2023 20:57:56,Updates,"We are hereby enclosing disclosure received from Endeavour Trade and Investment Ltd and Holderind Investments Ltd, Promoters of the company relating to Subsisting Agreements."
09-Aug-2023 15:23:34,Analysts/Institutional Investor Meet/Con. Call Updates,"Transcript of Earning Call pertaining to the Un-audited Financial Results of the Company for the Quarter ended June 30, 2023"
08-Aug-2023 19:53:04,Loss of Share Certificates,ACC Limited has informed the Exchange about Loss of Share Certificates
03-Aug-2023 00:59:15,Analysts/Institutional Investor Meet/Con. Call Updates,ACC Limited has informed the Exchange about Link of Recording of Investors Call.
02-Aug-2023 13:14:53,Investor Presentation,ACC Limited has informed the Exchange about Investor Presentation
28-Jul-2023 19:11:18,Copy of Newspaper Publication,"ACC Limited has informed the Exchange about Copy of Newspaper Publication of extract of Consolidated Financial Results for the quarter ended June 30, 2023."
28-Jul-2023 19:09:55,Analysts/Institutional Investor Meet/Con. Call Updates,"ACC Limited has informed the Exchange about Schedule of   Analyst/Institutional Call on August 02, 2023 to discuss the financial performance of the Company."
27-Jul-2023 19:13:25,Appointment,"ACC Limited has informed the Exchange regarding Appointment of Mr Hitesh L Marthak as Company Secretary & Compliance Officer of the company w.e.f. August 17, 2023."
27-Jul-2023 18:02:30,Press Release,"ACC Limited has informed the Exchange regarding a press release dated July 27, 2023, titled ""Media Release- Outcome of the Board Meeting for the quarter ended June 30, 2023 -SEBI (Listing Obligations "
27-Jul-2023 15:09:09,Financial Result Updates,"ACC Limited has submitted to the Exchange, the financial results for the period ended June 30, 2023."
27-Jul-2023 15:07:32,Outcome of Board Meeting,"ACC Limited has informed the Exchange regarding Outcome of Board Meeting held on July 27, 2023."
24-Jul-2023 16:57:02,Shareholders meeting,"ACC Limited has submitted the Exchange a copy Srutinizers report of  Annual General Meeting held on July 20, 2023. Further, the company has informed the Exchange regarding voting results."
24-Jul-2023 16:26:14,Updates,ACC Limited has informed the Exchange regarding 'Scrutinizers Report of Annual General Meeting'.
20-Jul-2023 17:08:39,Loss of Share Certificates,ACC Limited has informed the Exchange about Loss of Share Certificates
20-Jul-2023 14:23:27,Shareholders meeting,"ACC Limited has informed the Exchange regarding Proceedings of Annual General Meeting held on July 20, 2023."
13-Jul-2023 19:09:35,"Certificate under SEBI (Depositories and Participants) Regulations, 2018","ACC Limited has informed the Exchange about Certificate under Reg 74(5) of SEBI (Depositories and Participants) Regulations, 2018 for June Quarter 2023"
30-Jun-2023 19:06:04,Copy of Newspaper Publication,ACC Limited has informed the Exchange about Copy of Newspaper Publication
28-Jun-2023 19:26:49,Trading Window,"ACC Limited has informed the Exchange regarding the Trading Window closure pursuant to SEBI (Prohibition of Insider Trading) Regulations, 2015"
28-Jun-2023 19:25:41,Copy of Newspaper Publication,ACC Limited has informed the Exchange about Copy of Newspaper Publication
27-Jun-2023 22:06:14,Shareholders meeting,"ACC Limited has informed the Exchange regarding Notice of Annual General Meeting to be held on July 20, 2023"
27-Jun-2023 21:59:59,Shareholders meeting,ACC Limited has informed the Exchange about 87th AGM to be held on 20th July 2023.
22-Jun-2023 19:15:35,Loss of Share Certificates,ACC Limited has informed the Exchange about Loss of Share Certificates
22-Jun-2023 10:50:15,Updates,ACC Limited has informed the Exchange regarding 'Please find attached a media release by the Company titled  Ambuja Cements and ACC Rank Among  India's Top 50 Most Sustainable Companies  Cross-Industr
22-Jun-2023 08:58:46,Copy of Newspaper Publication,ACC Limited has informed the Exchange about Newspaper Advertisement - Notice to Shareholders regarding transfer of Equity Shares to Investor Education & Protection Fund
26-May-2023 17:05:47,Annual Secretarial Compliance Report,"Annual Secretarial Compliance Report for the Financial Year ended March 31, 2023 as per Regulation 24A of SEBI (Listing Obligations and Disclosure Requirements) Regulations, 2015 (""Listing Regulations"
25-May-2023 11:00:52,Analysts/Institutional Investor Meet/Con. Call Updates,ACC Limited has informed the Exchange about Schedule of meet
12-May-2023 18:01:05,Analysts/Institutional Investor Meet/Con. Call Updates,ACC Limited has informed the Exchange about Transcript
11-May-2023 12:50:35,Disclosure under SEBI Takeover Regulations,Ambuja Cements Limited has Submitted to the Exchange a copy of Disclosure under Regulation 31(4) of the Securities and Exchange Board of India (Substantial Acquisition of Shares and Takeovers) Regulat
09-May-2023 11:27:45,Credit Rating,ACC Limited has informed the Exchange about Credit Rating
04-May-2023 15:47:11,Related Party Transactions,ACC Limited has informed the Exchange about related Party Transactions
02-May-2023 22:00:58,Related Party Transactions,ACC Limited has informed the Exchange about related Party Transactions
02-May-2023 20:23:08,Analysts/Institutional Investor Meet/Con. Call Updates,ACC Limited has informed the Exchange about Presentation and Link of Recording
27-Apr-2023 21:05:36,Related Party Transactions,ACC Limited has informed the Exchange about related Party Transactions
27-Apr-2023 20:33:37,Press Release,"ACC Limited has informed the Exchange regarding a press release dated April 27, 2023, titled ""Outcome of the Board Meeting for the quarter and financial year ended March 31, 2023""."
27-Apr-2023 20:25:31,Dividend,"ACC Limited has informed the Exchange that Board of Directors at its meeting held on April 27, 2023, recommended Final Dividend of 9.25 per equity share."
27-Apr-2023 20:15:27,Dividend Updates,ACC Limited has informed the Exchange about Dividend Updates
27-Apr-2023 20:10:26,Record Date,ACC Limited has informed the Exchange that Record date for the purpose of Dividend  is 07-Jul-2023.
27-Apr-2023 20:08:15,Outcome of Board Meeting,"ACC Limited has informed the Exchange regarding  Board meeting held on April 27, 2023."
27-Apr-2023 20:04:18,Financial Result Updates,"ACC Limited has submitted to the Exchange, the financial results for the period ended March 31, 2023."
26-Apr-2023 20:05:26,Analysts/Institutional Investor Meet/Con. Call Updates,ACC Limited has informed the Exchange about Schedule of meet
12-Apr-2023 12:50:23,Press Release,"ACC Limited has informed the Exchange regarding a press release dated April 12, 2023, titled ""Ambuja Ranked No.1 and ACC at No.2 in  India s Most Trusted Cement Brands 2023  by TRA Research""."
06-Apr-2023 19:24:53,"Certificate under SEBI (Depositories and Participants) Regulations, 2018","ACC Limited has informed the Exchange about Certificate under SEBI (Depositories and Participants) Regulations, 2018"
30-Mar-2023 15:59:19,Loss of Share Certificates,ACC Limited has informed the Exchange about Loss of Share Certificates/Dublicate Certificate
29-Mar-2023 17:52:31,Trading Window,"ACC Limited has informed the Exchange regarding the Trading Window closure pursuant to SEBI (Prohibition of Insider Trading) Regulations, 2015"
27-Mar-2023 09:14:46,Analysts/Institutional Investor Meet/Con. Call Updates,ACC Limited has informed the Exchange about Schedule of meet and Presentation
08-Mar-2023 15:45:59,Loss of Share Certificates,ACC Limited has informed the Exchange about Loss of Share Certificates
21-Feb-2023 21:34:38,Shareholders meeting,"ACC Limited has informed the Exchange regarding Proceedings of Postal Ballot. Further, the company has informed the Exchange regarding voting results along with copy of scrutinizers report together wi"
17-Feb-2023 18:43:02,Copy of Newspaper Publication,ACC Limited has informed the Exchange about Copy of Newspaper Publication
16-Feb-2023 15:08:13,Corrigendum,ACC Limited has informed the Exchange regarding Corrigendum to Notice of Postal Ballot
14-Feb-2023 18:10:41,Updates,ACC Limited has informed the Exchange regarding 'Adani Listed Portfolio   9M FY23 Results Compendium and Credit Note'.
13-Feb-2023 16:35:51,Analysts/Institutional Investor Meet/Con. Call Updates,ACC Limited has informed the Exchange about Transcript
08-Feb-2023 15:12:49,Analysts/Institutional Investor Meet/Con. Call Updates,ACC Limited has informed the Exchange about Presentation and Link of Recording
02-Feb-2023 20:21:52,Copy of Newspaper Publication,ACC Limited has informed the Exchange about Copy of Newspaper Publication
02-Feb-2023 15:25:11,Analysts/Institutional Investor Meet/Con. Call Updates,ACC Limited has informed the Exchange about Schedule of meet
02-Feb-2023 15:12:05,Updates,ACC Limited has informed the Exchange regarding 'Cash and Cash Equivalents held by ACC Limited'.
02-Feb-2023 14:22:44,Press Release,"ACC Limited has informed the Exchange regarding a press release dated February 02, 2023, titled ""Media Note""."
31-Jan-2023 21:09:37,Press Release,"ACC Limited has informed the Exchange regarding a press release dated January 31, 2023, titled ""Announcement under Regulation 30 (LODR)- Press Release / Media Release""."
31-Jan-2023 20:40:06,Financial Result Updates,"ACC Limited has submitted to the Exchange, the financial results for the period ended December 31, 2022."
31-Jan-2023 11:55:53,Loss of Share Certificates,ACC Limited has informed the Exchange about Issue of Duplicate Share Certificates
21-Jan-2023 12:17:49,Copy of Newspaper Publication,ACC Limited has informed the Exchange about Newspaper Publication regarding Postal Ballot and E-Voting facility
20-Jan-2023 09:54:31,Shareholders meeting,ACC Limited has informed the Exchange regarding Notice of Postal Ballot
06-Jan-2023 12:27:59,"Certificate under SEBI (Depositories and Participants) Regulations, 2018","ACC Limited has informed the Exchange about Certificate under SEBI (Depositories and Participants) Regulations, 2018"
03-Jan-2023 12:12:09,Press Release,Media Release- ACC ECOMaxX
29-Dec-2022 10:13:31,Press Release,Media Release- National Safety Award at 10th Global Safety Summit
28-Dec-2022 14:56:51,Trading Window,"ACC Limited has informed the Exchange regarding the Trading Window closure pursuant to SEBI (Prohibition of Insider Trading) Regulations, 2015"
17-Dec-2022 20:18:13,Loss of Share Certificates,ACC Limited has informed the Exchange about Loss/Issue of Duplicate Share Certificate(s)
14-Dec-2022 22:18:04,Postal Ballot,ACC Limited has informed the Exchange about the Result of Postal Ballot and Scrutinizer���s Report
13-Dec-2022 11:28:33,Press Release,ACC Limited has informed the Exchange about Media Release- Geoclean
05-Dec-2022 11:29:30,Press Release,ACC Limited has informed the Exchange about Media Release- Platinum Award at the IconSWM-CE Excellence Awards 2022
03-Dec-2022 21:32:39,General updates,"ACC Limited has informed the Exchange about Regulation 30(5) of the SEBI (Listing Obligations and Disclosure Requirements) Regulations, 2015 ��� Revised list of Key Managerial Personnel"
03-Dec-2022 19:05:48,Disclosure of other UPSI/material event,ACC Limited has informed the Exchange about Change in Directorate of ACC Limited 
30-Nov-2022 11:03:18,Press Release,ACC Limited has informed the Exchange about Media Release- Water Positivity
26-Nov-2022 22:17:48,Loss of share certificate,ACC Limited has informed the Exchange about Loss/Issue of Duplicate Share Certificate(s)
16-Nov-2022 16:11:18,General updates,"ACC Limited has informed the Exchange about Regulation 30(5) of the SEBI (Listing Obligations and Disclosure Requirements) Regulations, 2015 ��� Revised list of Key Managerial Personnel"
12-Nov-2022 12:25:33,Newspaper Advertisements,ACC Limited has informed the Exchange about Newspaper Publication regarding Postal Ballot and E-Voting facility
11-Nov-2022 17:30:48,Postal Ballot,ACC Limited has informed the Exchange about Notice of Postal Ballot
05-Nov-2022 11:27:57,Resignation,ACC Limited  has informed the Exchange about resignation of Ms. Rashmi Khandelwal as Company Secretary & Compliance Officer of the Company w.e.f. the close of business hours as on 15-Nov-2022
17-Oct-2022 14:16:15,Disclosure of other UPSI/material event,Change in the Registered Office and consequent alteration of Memorandum of Association of ACC Limited
17-Oct-2022 14:12:05,Press Release,"Media Release- Outcome of the Board Meeting for the quarter ended September 30, 2022- SEBI (Listing Obligations and Disclosure Requirements) Regulations, 2015"
17-Oct-2022 13:46:36,Outcome of Board Meeting,"ACC Limited  has informed the Exchange about the Outcome of the Board Meeting for the quarter and nine months ended September 30, 2022"
06-Oct-2022 12:14:48,General updates,"ACC Limited has informed the Exchange about Certificate under Regulation 74(5) of SEBI (Depositories and Participants) Regulations, 2018 as amended for the quarter ended September 30, 2022"
27-Sep-2022 16:55:33,Closure of trading window,ACC Limited has informed the Exchange about Closure of trading window
20-Sep-2022 11:46:00,General updates,"ACC Limited has informed the Exchange about Regulation 30(5) Of The SEBI (Listing Obligations And Disclosure Requirements) Regulations, 2015 ��� Revised List Of Key Managerial Personnel"
19-Sep-2022 20:37:06,Post Offer Public announcement,"ICICI Securities Ltd & Deutsche Equities India Pvt Ltd (""Managers to the Offer"") has submitted to the Exchange a copy of Post Offer Advertisement in accordance with Regulation 18(12) of the Securities"
16-Sep-2022 17:19:00,Change in Financial Year,ACC Limited has informed the Exchange about Change in Financial Year
16-Sep-2022 17:14:00,Appointment,ACC Limited  has informed the Exchange about appointment of Vinod Bahety as Chief Financial Officer of the company w.e.f. 16-Sep-2022
16-Sep-2022 17:06:12,Disclosure of other UPSI/material event,ACC Limited has informed the Exchange about Change in Directorate of ACC Limited 
16-Sep-2022 17:00:33,Disclosure of other UPSI/material event,ACC Limited has informed the Exchange about Disclosure of other UPSI/material event
12-Sep-2022 17:01:05,Loss of share certificate,Intimation regarding Loss/Issue of Duplicate Share certificate(s)
12-Sep-2022 15:31:30,Open Offer,ICICI Securities Ltd and Deutsche Equities India Private Ltd has submitted to the Exchange a copy of Disclosure of the number of equity shares tendered in connection with the open offer to the public 
12-Sep-2022 12:13:40,Open Offer,ICICI Securities Ltd and Deutsche Equities India Private Ltd has submitted to the Exchange a copy of Disclosure of the number of equity shares tendered in connection with the open offer to the public 
09-Sep-2022 18:03:42,Open Offer,ICICI Securities Ltd and Deutsche Equities India Private Ltd has submitted to the Exchange a copy of Disclosure of the number of equity shares tendered in connection with the open offer to the public 
08-Sep-2022 18:21:48,Open Offer,ICICI Securities Ltd and Deutsche Equities India Private Ltd  has submitted to  the Exchange a copy of Disclosure of the number of Equity Shares tendered in connection with the open offer to the publi
07-Sep-2022 17:49:03,Open Offer,ICICI Securities Ltd and Deutsche Equities India Private Ltd  has submitted to  the Exchange a copy of Disclosure of the number of Equity Shares tendered in connection with the open offer to the publi
07-Sep-2022 15:52:09,Open Offer,ICICI Securities Ltd and Deutsche Equities India Private Ltd  has submitted to  the Exchange a copy of Disclosure of the number of Equity Shares tendered in connection with the open offer to the publi
06-Sep-2022 19:01:18,Open Offer,ICICI Securities Ltd and Deutsche Equities India private ltd has submitted to the Exchange a copy of Disclosure of the number of Equity shares tendered in connection with the open offer to the public 
06-Sep-2022 16:06:12,Open Offer,ICICI Securities Ltd and Deutsche Equities India Private Ltd has submitted to  the Exchange a copy of Disclosure of the number of Equity shares tendered in connection with the open offer to the public
06-Sep-2022 11:20:18,Open Offer,ICICI Securities Limited and Deutsche Equities India Private Ltd has submitted to  the Exchange a copy of Disclosure of the number of Equity shares tendered in connection with the open offer to the pu
06-Sep-2022 11:19:39,Open Offer,ICICI Securities Ltd and Deutsche Equities India Private Ltd has submitted to  the Exchange a copy of Disclosure of the number of Equity shares tendered in connection with the open offer to the public
06-Sep-2022 11:19:00,Open Offer,ICICI Securities Limited and Deutsche Equities India Private Ltd  has submitted to  the Exchange a copy of Disclosure of the number of Equity shares tendered in connection with the open offer to the p
02-Sep-2022 15:58:27,Open Offer,ICICI Securities Limited and Deutsche Equities India Private Limited has Submitted to the Exchange a copy of Disclosure of the number of Equity shares tendered in connection with the open offer to the
02-Sep-2022 15:57:57,Open Offer,ICICI Securities Limited and Deutsche Equities India Private Limited has Submitted to the Exchange a copy of Disclosure of the number of Equity shares tendered in connection with the open offer to the
01-Sep-2022 15:56:15,Open Offer,ICICI Securities Limited and Deutsche Equities India Private Limited has Submitted to the Exchange a copy of Disclosure of the number of Equity shares tendered in connection with the open offer to the
31-Aug-2022 15:12:00,Resignation,ACC Limited  has informed the Exchange about resignation of Yatin Malhotra as Chief Financial Officer of the company w.e.f. 31-Aug-2022
30-Aug-2022 19:15:09,Open Offer,ICICI Securities Ltd and Deutsche Equities India Pvt Ltd has submitted to the Exchange a copy of Disclosure of the number of Equity shares tendered in connection with the open offer to the public shar
30-Aug-2022 16:23:41,Open Offer,ICICI Securities ltd and Deutsche Equities India Private Ltd has submitted to  the Exchange a  copy of Disclosure of the number of Equities Shares tendered in connection with the open offer to the pub
29-Aug-2022 19:08:27,Open Offer,ICICI Securities limited and Deutsche equities India Private Ltd has submitted to  the Exchange a copy of Disclosure of the number of equity shares tendered in connection with the open offer to the pu
29-Aug-2022 17:52:03,Open Offer,ICICI Securities Ltd & Deutsche Equities India Pvt Ltd has submitted to the Exchange a copy of Disclosure of the number of Equity Shares tendered in connection with the open offer to the Public Shareh
26-Aug-2022 19:21:51,Open Offer,ICICI Securities Ltd and Deutsche Equities India Private Ltd  has submitted to  the Exchange a copy of Disclosure of the number of Equity shares tendered in connection with the open offer to the publi
26-Aug-2022 15:38:48,Open Offer,ICICI Securities Ltd & Deutsche Equities India Pvt Ltd has submitted to the Exchange a Copy of Disclosure of the number of Equity Shares tendered in connection with the open offer to the Public Shareh
26-Aug-2022 08:52:12,Open Offer,ICICI Securities Ltd & Deutsche Equities India Pvt Ltd (Managers to the Offer) has submitted to a copy of pre offer opening advertisement cum corrigendum to Detailed Public Statement published in the 
24-Aug-2022 13:07:03,Open Offer,ICICI Securities Limited and Deutsche Equities India Pvt. Ltd. has informed the Exchange regarding Letter of Offer of ACC Limited. 
22-Aug-2022 12:31:30,General updates,ACC Limited has informed the Exchange about Recommendations of the Committee of Independent Directors of ACC Limited on the Open Offer by Endeavour Trade and Investment Limited published in Newspapers
22-Aug-2022 10:08:45,Open Offer,ICICI Securities Ltd and Deutsche Equities India Private Ltd has informed the Exchange regarding Letter of Offer of ACC Limited
19-Aug-2022 17:27:27,Open Offer,ICICI Securities Ltd and Deutsche Equities India Private Ltd   has informed the Exchange regarding Open Offer
15-Jul-2022 17:38:03,Loss of share certificate,Intimation regarding Loss/Issue of Duplicate Share certificate(s)
15-Jul-2022 14:49:15,Newspaper Advertisements,"ACC Limited has informed the Exchange about Newspaper Publication of extract of Consolidated Financial Results for the quarter and half year ended June 30, 2022"
14-Jul-2022 17:24:54,Investor Presentation,ACC Limited has informed the Exchange about Investor Presentation
14-Jul-2022 17:14:30,Press Release,"ACC Limited has informed the Exchange about press release dated 14-Jul-2022 titled Media Release- Outcome of the Board Meeting for the quarter and half year ended June 30, 2022"
14-Jul-2022 16:15:06,Outcome of Board Meeting,"ACC Limited  has informed the Exchange about Outcome of the Board Meeting for the quarter and half year ended June 30, 2022- SEBI (Listing Obligations and Disclosure Requirements) Regulations, 2015 "
11-Jul-2022 16:06:54,Loss of share certificate,Intimation regarding Loss/Issue of Duplicate Share certificate(s)
04-Jul-2022 15:48:30,General updates,"ACC Limited has informed the Exchange about Certificate under Regulation 74(5) of SEBI (Depositories and Participants) Regulations, 2018 as amended for the quarter ended June 30, 2022"
01-Jul-2022 20:24:54,Postal Ballot,ACC Limited has informed the Exchange about Voting results and  Scrutinizer report of Postal Ballot
27-Jun-2022 20:44:33,Loss of share certificate,Intimation regarding Loss/ Issue of Duplicate Share Certificate(s)
27-Jun-2022 15:44:36,Closure of trading window,ACC Limited has informed the Exchange about Closure of trading window
24-Jun-2022 16:44:08,Newspaper Advertisements,ACC Limited has informed the Exchange about Newspaper Advertisements
02-Jun-2022 11:10:01,Loss of share certificate,Intimation regarding Loss/Issue of Duplicate Share certificate(s)
01-Jun-2022 11:33:50,Newspaper Advertisements,ACC Limited has informed the Exchange about Newspaper Advertisements regarding Postal Ballot and E-Voting facility
31-May-2022 09:55:48,Postal Ballot,ACC Limited has informed the Exchange about Notice of Postal Ballot
23-May-2022 14:26:27,Open Offer,"ICICI Securities Limited and Deutsche Equities India Private Limited has Submitted to the Exchange a copy of detailed public statement in terms of Regulations 3(1), 4 and 5 read with Regulations 13(4)"
16-May-2022 10:07:57,Open Offer,ICICI Securities Limited and Deutsche Equities India Private Limited has informed the Exchange about Open Offer Public Announcement of ACC Limited (Target Company)
15-May-2022 22:05:03,Press Release,ACC Limited has informed the Exchange about press release dated 15-May-2022 titled Disclosure under Regulation 30 of Securities and Exchange Board of India (Listing Obligations and Disclosure Requirem
28-Apr-2022 13:04:01,General updates,"ACC Limited has informed the Exchange about Regulation 30(5) of the SEBI (Listing Obligations and Disclosure Requirements) Regulations, 2015 ��� Revised list of Key Managerial Personnel"
28-Apr-2022 12:31:16,General updates,ACC Limited has informed the Exchange about Financial Results Updates
27-Apr-2022 14:34:26,Appointment,ACC Limited  has informed the Exchange about appointment of Rashmi Khandelwal as Company Secretary of the company w.e.f. 28-Apr-2022
27-Apr-2022 14:30:52,Resignation,ACC Limited  has informed the Exchange about resignation of Rajiv Choubey as Company Secretary of the company w.e.f. 27-Apr-2022
22-Apr-2022 15:38:45,Annual General Meeting,"ACC Limited has informed the Exchange about Voting results,  Scrutinizer report and  Proceedings of Annual General Meeting held on 21-Apr-2022"
21-Apr-2022 22:37:10,Outcome of Board Meeting,"Outcome of the Board Meeting for the quarter ended March 31, 2022"
21-Apr-2022 19:29:10,Press Release,ACC Limited has informed the Exchange about press release dated 21-Apr-2022 titled  Media Release - ACC Limited holds its 86th Annual General Meeting- SEBI (Listing  Obligations and Disclosure Require
20-Apr-2022 11:41:45,Newspaper Advertisements,"Intimation to Stock Exchanges regarding Newspaper Publication of extract of Consolidated Financial Results for the quarter ended March 31, 2022"
19-Apr-2022 19:30:42,Investor Presentation,"Regulation 30 of SEBI (Listing Obligations & Disclosure Requirements) Regulations, 2015 ��� Investor Presentation"
19-Apr-2022 17:54:54,Outcome of Board Meeting,ACC Limited  has informed the Exchange about Board Meeting held on 19-Apr-2022 to consider financial statements for the period ended March 2022
19-Apr-2022 17:04:57,Press Release,"Media Release - Outcome of the Board Meeting for the quarter ended March 31, 2022"
19-Apr-2022 16:41:23,Financial Result Updates,"ACC Limited has submitted to the Exchange, the financial results for the period ended March 31, 2022."
05-Apr-2022 12:22:40,General updates,"ACC Limited has informed the Exchange about Certificate under Regulation 74(5) of SEBI (Depositories and Participants) Regulations, 2018 as amended for the quarter ended March 31, 2022"
04-Apr-2022 18:57:16,Disclosure under SEBI Takeover Regulations,Promoter/Promoter Group of ACC Limited has submitted a disclosure under Regulation 31(4) of SEBI Takeover Regulations for the year ended 31-Mar-2022
30-Mar-2022 10:48:50,Loss of share certificate,ACC Limited has informed the Exchange about issue of duplicate share certificates
29-Mar-2022 11:08:24,Closure of trading window,ACC Limited has informed the Exchange about Closure of trading window
25-Mar-2022 12:49:41,Newspaper Advertisements,ACC Limited has informed the Exchange about Newspaper Advertisements
22-Mar-2022 16:37:21,Annual General Meeting,"Notice of the 86th Annual General Meeting along with the Integrated Annual Report for the Financial Year ended December 31, 2021"
17-Mar-2022 16:10:43,Newspaper Advertisements,ACC Limited has informed the Exchange about Newspaper Advertisements
16-Mar-2022 19:38:27,General updates,ACC Limited has informed the Exchange about intimation of change in the name of Registrar and Share Transfer Agent
25-Feb-2022 00:53:17,Loss of share certificate,ACC Limited has informed the Exchange about issue of Letter(s) of Confirmation in lieu of Share Certificate(s)lost
24-Feb-2022 22:37:32,General updates,ACC Limited has informed the Exchange about Communication to the Shareholders holding shares in Physical Form
24-Feb-2022 17:01:31,Schedule of Analysts/Institutional Investor Meet/Con. Call,ACC Limited has informed the Exchange about Schedule of Analysts/Institutional Investor Meet/Con. Call 
23-Feb-2022 10:01:05,General updates,ACC Limited has informed the Exchange about Communication to Shareholders regarding deduction of tax at source on dividend
20-Feb-2022 16:23:25,Transcript of Analysts/Institutional Investor Meet/Con. Call,ACC Limited has informed the Exchange about Transcript of Analysts/Institutional Investor Meet/Con. Call 
18-Feb-2022 15:23:42,Copy of Newspaper Publication,ACC Limited has informed the Exchange about Copy of Newspaper Publication
17-Feb-2022 09:55:22,Reply to Clarification Sought,"ACC: The Exchange had sought clarification from ACC Limited with respect to announcement dated 15-Feb-2022, regarding ""Press Release - ACC expands capacity by 1.6 MTPA at Tikaria grinding unit in the "
16-Feb-2022 10:47:27,Clarification,"ACC: The Exchange has sought clarification from ACC Limited with respect to announcement dated 15-Feb-2022, regarding ""Press Release - ACC expands capacity by 1.6 MTPA at Tikaria grinding unit in the "
15-Feb-2022 09:34:49,Press Release,Press Release - ACC expands capacity by 1.6 MTPA at Tikaria grinding unit in the state of Uttar Pradesh
10-Feb-2022 23:39:18,Analysts/Institutional Investor Meet/Con. Call Updates,ACC Limited has informed the Exchange about Schedule of meet
10-Feb-2022 11:29:06,Updates,"ACC Limited has informed the Exchange regarding 'Disclosure under Regulation 30 of the SEBI (Listing Obligations and DisclosureRequirements) Regulations, 2015'."
10-Feb-2022 10:35:27,Copy of Newspaper Publication,"ACC Limited has informed the Exchange about Copy of Newspaper Publication of extract ofConsolidated Financial Results for the quarter and financial year ended December 31, 2021"
09-Feb-2022 22:17:21,Investor Presentation,ACC Limited has informed the Exchange about Investor Presentation
09-Feb-2022 19:28:41,Change in Auditors,ACC Limited has informed the Exchange regarding Change in Auditors of the company.
09-Feb-2022 18:58:17,Press Release,"ACC Limited has informed the Exchange regarding a press release dated February 09, 2022, titled ""Media Release-Outcome of the Board Meeting for the quarter and financial year endedDecember 31, 2021 - "
09-Feb-2022 18:36:04,Record Date,ACC Limited has informed the Exchange that Record date for the purpose of Dividend  is 05-Apr-2022.
09-Feb-2022 18:27:04,Financial Result Updates,"ACC Limited has submitted to the Exchange, the financial results for the period ended December 31, 2021."
09-Feb-2022 18:25:13,Dividend,"ACC Limited has informed the Exchange that Board of Directors at its meeting held on February 09, 2022, recommended Final Dividend of 58 per equity share."
08-Feb-2022 09:40:05,Analysts/Institutional Investor Meet/Con. Call Updates,Intimation of Conference Call for Analysts and Investors
04-Jan-2022 22:03:53,"Certificate under SEBI (Depositories and Participants) Regulations, 2018","ACC Limited has informed the Exchange about Certificate under SEBI (Depositories and Participants) Regulations, 2018"
29-Dec-2021 12:15:50,Trading Window,"ACC Limited has informed the Exchange regarding the Trading Window closure pursuant to SEBI (Prohibition of Insider Trading) Regulations, 2015"
20-Dec-2021 18:16:41,Analysts/Institutional Investor Meet/Con. Call Updates,ACC Limited has informed the Exchange about Schedule of meet
16-Dec-2021 23:44:30,Loss of Share Certificates,ACC Limited has informed the Exchange about Loss of Share Certificates
16-Dec-2021 18:53:09,Loss of Share Certificates,ACC Limited has informed the Exchange about Loss of Share Certificates
15-Dec-2021 14:38:19,Analysts/Institutional Investor Meet/Con. Call Updates,ACC Limited has informed the Exchange about Schedule of meet
23-Nov-2021 15:31:03,Analysts/Institutional Investor Meet/Con. Call Updates,ACC Limited has informed the Exchange about Schedule of meet
16-Nov-2021 11:59:27,Analysts/Institutional Investor Meet/Con. Call Updates,ACC Limited has informed the Exchange about Schedule of meet
15-Nov-2021 15:35:51,Analysts/Institutional Investor Meet/Con. Call Updates,ACC Limited has informed the Exchange about Schedule of meet
10-Nov-2021 11:57:01,Analysts/Institutional Investor Meet/Con. Call Updates,ACC Limited has informed the Exchange about Schedule of meet
01-Nov-2021 09:54:19,Loss of Share Certificates,ACC Limited has informed the Exchange about Loss of Share Certificates
20-Oct-2021 10:24:28,Copy of Newspaper Publication,ACC Limited has informed the Exchange about Copy of Newspaper Publication
19-Oct-2021 18:15:33,Investor Presentation,ACC Limited has informed the Exchange about Investor Presentation
19-Oct-2021 17:03:52,Press Release,"ACC Limited has informed the Exchange regarding a press release dated October 19, 2021, titled ""Media Release""."
19-Oct-2021 17:01:01,Financial Result Updates,"ACC Limited has submitted to the Exchange, the financial results for the period ended September 30, 2021."
19-Oct-2021 16:59:35,Outcome of Board Meeting,"ACC Limited has informed the Exchange regarding  Board meeting held on October 19, 2021."
06-Oct-2021 09:35:11,"Certificate under SEBI (Depositories and Participants) Regulations, 2018","ACC Limited has informed the Exchange about Certificate under SEBI (Depositories and Participants) Regulations, 2018"
24-Sep-2021 14:37:19,Trading Window,"ACC Limited has informed the Exchange regarding the Trading Window closure pursuant to SEBI (Prohibition of Insider Trading) Regulations, 2015"
17-Sep-2021 14:15:52,Analysts/Institutional Investor Meet/Con. Call Updates,ACC Limited has informed the Exchange about Analysts/Institutional Investor Meet/Con. Call Updates
03-Sep-2021 15:01:52,Loss of Share Certificates,ACC Limited has informed the Exchange about Loss of Share Certificates
26-Aug-2021 15:02:22,Loss of Share Certificates,ACC Limited has informed the Exchange about Loss of Share Certificates
23-Aug-2021 12:45:26,Loss of Share Certificates,ACC Limited has informed the Exchange about Loss of Share Certificates
16-Aug-2021 21:29:18,Related Party Transactions,ACC Limited has informed the Exchange about related Party Transactions
26-Jul-2021 15:01:20,Related Party Transactions,ACC Limited has informed the Exchange about related Party Transactions
20-Jul-2021 10:40:33,Loss of Share Certificates,ACC Limited has informed the Exchange about Loss of Share Certificates
20-Jul-2021 09:31:24,Copy of Newspaper Publication,ACC Limited has informed the Exchange about Copy of Newspaper Publication
19-Jul-2021 18:15:56,Investor Presentation,ACC Limited has informed the Exchange about Investor Presentation
19-Jul-2021 17:34:13,Press Release,"ACC Limited has informed the Exchange regarding a press release dated July 19, 2021, titled ""Media Release-Outcome of the Board Meeting for the quarter & half year ended June 30, 2021 - SEBI (Listing "
19-Jul-2021 16:42:40,Financial Result Updates,"ACC Limited has submitted to the Exchange, the financial results for the period ended June 30, 2021."
19-Jul-2021 16:39:41,Outcome of Board Meeting,"ACC Limited has informed the Exchange regarding  Board meeting held on July 19, 2021."
16-Jul-2021 19:13:37,Loss of Share Certificates,ACC Limited has informed the Exchange about Loss of Share Certificates
16-Jul-2021 12:33:22,Loss of Share Certificates,ACC Limited has informed the Exchange about Loss of Share Certificates
05-Jul-2021 12:06:30,"Certificate under SEBI (Depositories and Participants) Regulations, 2018","ACC Limited has informed the Exchange about Certificate under SEBI (Depositories and Participants) Regulations, 2018"
01-Jul-2021 13:04:04,Loss of Share Certificates,ACC Limited has informed the Exchange about Loss of Share Certificates
28-Jun-2021 12:19:19,Trading Window,"ACC Limited has informed the Exchange regarding the Trading Window closure pursuant to SEBI (Prohibition of Insider Trading) Regulations, 2015"
24-Jun-2021 18:06:43,Analysts/Institutional Investor Meet/Con. Call Updates,ACC Limited has informed the Exchange about Analysts/Institutional Investor Meet/Con. Call Updates
24-Jun-2021 13:28:00,Analysts/Institutional Investor Meet/Con. Call Updates,ACC Limited has informed the Exchange about Analysts/Institutional Investor Meet/Con. Call Updates
24-Jun-2021 12:13:10,Copy of Newspaper Publication,ACC Limited has informed the Exchange about Copy of Newspaper Publication
22-Jun-2021 12:09:53,Loss of Share Certificates,ACC Limited has informed the Exchange about Loss of Share Certificates
10-Jun-2021 14:14:31,Loss of Share Certificates,ACC Limited has informed the Exchange about Loss of Share Certificates
05-May-2021 19:51:44,Loss of Share Certificates,ACC Limited has informed the Exchange about Loss of Share Certificates
21-Apr-2021 14:23:11,Press Release,"ACC Limited has informed the Exchange regarding a press release dated April 21, 2021, titled ""Media Release - ACC unveiled a new range of innovative and sustainable products during COVID-19 - SEBI (Li"
20-Apr-2021 16:29:59,Copy of Newspaper Publication,ACC Limited has informed the Exchange about Copy of Newspaper Publication
19-Apr-2021 16:24:19,Investor Presentation,ACC Limited has informed the Exchange about Investor Presentation
19-Apr-2021 16:21:55,Press Release,"ACC Limited has informed the Exchange regarding a press release dated April 19, 2021, titled ""ACC creates new milestones and delivers another quarter of strong performance""."
19-Apr-2021 16:18:03,Outcome of Board Meeting,"ACC Limited has informed the Exchange regarding  Board meeting held on April 19, 2021."
19-Apr-2021 16:15:18,Financial Result Updates,"ACC Limited has submitted to the Exchange, the financial results for the period ended March 31, 2021."
16-Apr-2021 11:47:41,Disclosure under SEBI Takeover Regulations,"Promoter/Member of the Promoter Group of the Company has informed the Exchange regarding disclosure under Regulation 30 of SEBI SAST Regulations, 2011��as at March 31, 2021."
08-Apr-2021 19:33:12,Disclosure under SEBI Takeover Regulations,"Promoter/Member of the Promoter Group of the Company has informed the Exchange regarding disclosure under Regulation 30 and Regulation 31(4) of SEBI SAST Regulations 2011 as on March 31, 2021"
07-Apr-2021 23:19:06,Shareholders meeting,"ACC Limited has informed the Exchange regarding Proceedings of Annual General Meeting held on April 07, 2021. Further, the company has submitted the Exchange a copy of Srutinizers report along with vo"
06-Apr-2021 11:08:17,Updates,"ACC Limited has informed the Exchange regarding 'Certificate under Regulation 74(5) for the quarter endedMarch 31, 2021'."
06-Apr-2021 10:23:11,Copy of Newspaper Publication,ACC Limited has informed the Exchange about Copy of Newspaper Publication
06-Apr-2021 07:42:28,Disclosure under SEBI Takeover Regulations,"Promoter/Member of the Promoter Group of the Company has informed the Exchange regarding disclosure under Regulation 31(4) of SEBI SAST Regulations, 2011 as on March 31, 2021"
05-Apr-2021 12:44:45,Loss of Share Certificates,ACC Limited has informed the Exchange about Loss of Share Certificates
01-Apr-2021 11:18:59,Loss of Share Certificates,ACC Limited has informed the Exchange about Loss of Share Certificates
31-Mar-2021 12:02:24,Trading Window,"ACC Limited has informed the Exchange regarding the Trading Window closure pursuant to SEBI (Prohibition of Insider Trading) Regulations, 2015"
25-Mar-2021 09:48:45,Analysts/Institutional Investor Meet/Con. Call Updates,ACC Limited has informed the Exchange about Analysts/Institutional Investor Meet/Con. Call Updates
16-Mar-2021 14:48:51,Loss of Share Certificates,ACC Limited has informed the Exchange about Loss of Share Certificates
12-Mar-2021 11:45:21,Copy of Newspaper Publication,ACC Limited has informed the Exchange about Copy of Newspaper Publication
12-Mar-2021 10:52:40,Loss of Share Certificates,ACC Limited has informed the Exchange about Loss of Share Certificates
10-Mar-2021 11:15:40,Analysts/Institutional Investor Meet/Con. Call Updates,ACC Limited has informed the Exchange about Analysts/Institutional Investor Meet/Con. Call Updates
10-Mar-2021 11:12:45,Analysts/Institutional Investor Meet/Con. Call Updates,ACC Limited has informed the Exchange about Analysts/Institutional Investor Meet/Con. Call Updates
08-Mar-2021 13:49:31,Copy of Newspaper Publication,ACC Limited has informed the Exchange about Copy of Newspaper Publication
08-Mar-2021 11:55:21,Loss of Share Certificates,ACC Limited has informed the Exchange about Loss of Share Certificates
04-Mar-2021 14:16:11,Loss of Share Certificates,ACC Limited has informed the Exchange about Loss of Share Certificates
04-Mar-2021 14:01:54,Loss of Share Certificates,ACC Limited has informed the Exchange about Loss of Share Certificates
25-Feb-2021 12:31:48,Related Party Transactions,ACC Limited has informed the Exchange about related Party Transactions
18-Feb-2021 17:07:15,Updates,ACC Limited has informed the Exchange regarding 'Master Supply Agreement between the Company and Ambuja Cements Limited'.
16-Feb-2021 12:32:34,Copy of Newspaper Publication,ACC Limited has informed the Exchange about Copy of Newspaper Publication
15-Feb-2021 11:07:21,Analysts/Institutional Investor Meet/Con. Call Updates,ACC Limited has informed the Exchange about Analysts/Institutional Investor Meet/Con. Call Updates
12-Feb-2021 15:03:55,Loss of Share Certificates,ACC Limited has informed the Exchange about Loss of Share Certificates
12-Feb-2021 10:08:10,Copy of Newspaper Publication,ACC Limited has informed the Exchange about Copy of Newspaper Publication
11-Feb-2021 21:21:58,Investor Presentation,ACC Limited has informed the Exchange about Investor Presentation
11-Feb-2021 17:02:19,Press Release,"ACC Limited has informed the Exchange regarding a press release dated February 11, 2021, titled ""Media Release-Outcome of the Board Meeting for the quarter and financial year ended December 31, 2020 -"
11-Feb-2021 16:38:30,Outcome of Board Meeting,"ACC Limited has informed the Exchange regarding  Board meeting held on February 11, 2021."
11-Feb-2021 16:22:08,Record Date,ACC Limited has informed the Exchange that Record date for the purpose of Dividend  is 31-Mar-2021.
11-Feb-2021 16:12:10,Financial Result Updates,"ACC Limited has submitted to the Exchange, the financial results for the period ended December 31, 2020."
11-Feb-2021 16:08:50,Outcome of Board Meeting,"ACC Limited has informed the Exchange regarding  Board meeting held on February 11, 2021."
11-Feb-2021 15:17:28,Loss of Share Certificates,ACC Limited has informed the Exchange about Loss of Share Certificates
10-Feb-2021 12:49:32,Analysts/Institutional Investor Meet/Con. Call Updates,"ACC Limited has informed the Exchange about intimation of Conference Call for Analysts and Investors on February 12, 2021."
06-Feb-2021 20:54:43,Press Release,"ACC Limited has informed the Exchange regarding a press release dated February 06, 2021, titled ""Media Release- Groundbreaking ceremony of ACC s Greenfield Project at Ametha""."
23-Jan-2021 10:16:38,Copy of Newspaper Publication,ACC Limited has informed the Exchange about Copy of Newspaper Publication
06-Jan-2021 13:13:09,Updates,"ACC Limited has informed the Exchange regarding 'Certificate under Regulation 74(5) for the quarter endedDecember 31, 2020'."
05-Jan-2021 17:15:26,Updates,"ACC Limited has informed the Exchange regarding 'SEBI Circular dated 26th November, 2018 bearing reference number  SEBI/HO/DDHS/CIR/P/2018/144 in relation to fund raising by issuance of Debt securitie"
05-Jan-2021 17:08:36,Press Release,"ACC Limited has informed the Exchange regarding a press release dated January 05, 2021, titled ""Regulation 30 of the Securities and Exchange Board of India (Listing Obligations and Disclosure Requirem"
23-Dec-2020 17:43:58,Updates,ACC Limited has informed the Exchange regarding 'Code of Practices and Procedures for fair disclosure of Unpublished Price Sensitive Information ( Code for Fair Disclosure of UPSI )'.
23-Dec-2020 17:38:04,Updates,"ACC Limited has informed the Exchange regarding 'Intimation pursuance to Regulation 30 of SEBI (LODR) Regulations, 2015 - Technology and Know-how Agreement between the Company and Holcim Technology Li"
21-Dec-2020 12:37:43,Trading Window,"ACC Limited has informed the Exchange regarding the Trading Window closure pursuant to SEBI (Prohibition of Insider Trading) Regulations, 2015"
10-Dec-2020 10:11:46,Updates,"ACC Limited has informed the Exchange regarding 'Disclosure under Regulation 30 of the SEBI (Listing Obligations and Disclosure Requirements) Regulations, 2015 '."
02-Dec-2020 14:20:52,Analysts/Institutional Investor Meet/Con. Call Updates,ACC Limited has informed the Exchange about Analysts/Institutional Investor Meet/Con. Call Updates
30-Nov-2020 14:28:34,Analysts/Institutional Investor Meet/Con. Call Updates,ACC Limited has informed the Exchange about Analysts/Institutional Investor Meet/Con. Call Updates
23-Nov-2020 12:31:13,Analysts/Institutional Investor Meet/Con. Call Updates,ACC Limited has informed the Exchange about Analysts/Institutional Investor Meet/Con. Call Updates
18-Nov-2020 17:20:44,Diversification/Disinvestment,ACC Limited has informed the Exchange about Diversification/Disinvestment
18-Nov-2020 16:21:09,Loss of Share Certificates,ACC Limited has informed the Exchange about Loss / Issue of duplicate Share Certificates
17-Nov-2020 15:33:49,Analysts/Institutional Investor Meet/Con. Call Updates,ACC Limited has informed the Exchange about Analysts/Institutional Investor Meet/Con. Call Updates
17-Nov-2020 15:24:02,Loss of Share Certificates,ACC Limited has informed the Exchange about Loss of Share Certificates
17-Nov-2020 11:36:22,Analysts/Institutional Investor Meet/Con. Call Updates,ACC Limited has informed the Exchange about Analysts/Institutional Investor Meet/Con. Call Updates
12-Nov-2020 11:56:28,Analysts/Institutional Investor Meet/Con. Call Updates,ACC Limited has informed the Exchange about Analysts/Institutional Investor Meet/Con. Call Updates
09-Nov-2020 10:19:40,Analysts/Institutional Investor Meet/Con. Call Updates,ACC Limited has informed the Exchange about Analysts/Institutional Investor Meet/Con. Call Updates
04-Nov-2020 12:01:20,Analysts/Institutional Investor Meet/Con. Call Updates,ACC Limited has informed the Exchange about Analysts/Institutional Investor Meet/Con. Call Updates
03-Nov-2020 11:27:00,Analysts/Institutional Investor Meet/Con. Call Updates,ACC Limited has informed the Exchange about Analysts/Institutional Investor Meet/Con. Call Updates
02-Nov-2020 11:06:48,Analysts/Institutional Investor Meet/Con. Call Updates,ACC Limited has informed the Exchange about Analysts/Institutional Investor Meet/Con. Call Updates
30-Oct-2020 10:51:01,Analysts/Institutional Investor Meet/Con. Call Updates,ACC Limited has informed the Exchange about Analysts/Institutional Investor Meet/Con. Call Updates
23-Oct-2020 16:06:45,Analysts/Institutional Investor Meet/Con. Call Updates,ACC Limited has informed the Exchange about Analysts/Institutional Investor Meet/Con. Call Updates
20-Oct-2020 22:25:29,Updates,"ACC Limited has informed the Exchange regarding 'Change in Directorate - Reg. 30 of the SEBI (LODR) Regulations, 2015 '."
20-Oct-2020 11:06:41,Copy of Newspaper Publication,ACC Limited has informed the Exchange about Copy of Newspaper Publication
19-Oct-2020 16:20:22,Investor Presentation,ACC Limited has informed the Exchange about Investor Presentation
19-Oct-2020 16:08:11,Change in Director(s),ACC Limited has informed the Exchange regarding Change in Director(s) of the company.
19-Oct-2020 16:00:56,Press Release,"ACC Limited has informed the Exchange regarding a press release dated October 19, 2020, titled ""Media Release-Outcome of the Board Meeting for the quarter and nine months ended September 30, 2020 - SE"
19-Oct-2020 15:53:30,Outcome of Board Meeting,"ACC Limited has informed the Exchange regarding  Board meeting held on October 19, 2020."
19-Oct-2020 15:51:44,Financial Result Updates,"ACC Limited has submitted to the Exchange, the financial results for the period ended September 30, 2020."
06-Oct-2020 10:21:56,Copy of Newspaper Publication,ACC Limited has informed the Exchange about Copy of Newspaper Publication
03-Oct-2020 13:19:39,Updates,"ACC Limited has informed the Exchange regarding 'Certificate under Regulation 74(5) for the quarter endedSeptember 30, 2020'."
01-Oct-2020 10:07:26,Copy of Newspaper Publication,ACC Limited has informed the Exchange about Copy of Newspaper Publication
30-Sep-2020 09:54:22,Analysts/Institutional Investor Meet/Con. Call Updates,ACC Limited has informed the Exchange about Analysts/Institutional Investor Meet/Con. Call Updates
21-Sep-2020 12:06:08,Trading Window,"ACC Limited has informed the Exchange regarding the Trading Window closure pursuant to SEBI (Prohibition of Insider Trading) Regulations, 2015"
21-Sep-2020 11:14:14,Analysts/Institutional Investor Meet/Con. Call Updates,ACC Limited has informed the Exchange about Analysts/Institutional Investor Meet/Con. Call Updates
10-Sep-2020 10:19:17,Updates,"ACC Limited has informed the Exchange regarding 'Regulation 30(5) of the SEBI (Listing Obligations and Disclosure Requirements) Regulations, 2015   Revised list of Key Managerial Personnel'."
05-Sep-2020 15:25:01,Loss of Share Certificates,ACC Limited has informed the Exchange about Loss of Share Certificates
27-Aug-2020 16:10:53,Change in Management,ACC Limited has informed the Exchange about change in Management
17-Aug-2020 11:56:35,Updates,"ACC Limited has informed the Exchange regarding 'Disclosure of related party transactions for the half year ended June 30,2020'."
17-Aug-2020 11:50:02,Analysts/Institutional Investor Meet/Con. Call Updates,ACC Limited has informed the Exchange about Analysts/Institutional Investor Meet/Con. Call Updates
06-Aug-2020 10:38:17,Updates,"ACC Limited has informed the Exchange regarding 'Disclosure under Regulation 30 of the SEBI (Listing Obligations andDisclosure Requirements) Regulations, 2015 [SEBI (LODR)]   Material impact of COVID "
31-Jul-2020 10:29:00,Analysts/Institutional Investor Meet/Con. Call Updates,ACC Limited has informed the Exchange about Analysts/Institutional Investor Meet/Con. Call Updates
27-Jul-2020 13:59:00,Analysts/Institutional Investor Meet/Con. Call Updates,ACC Limited has informed the Exchange about Analysts/Institutional Investor Meet/Con. Call Updates
21-Jul-2020 13:49:00,Copy of Newspaper Publication,ACC Limited has informed the Exchange about Copy of Newspaper Publication
20-Jul-2020 21:50:00,Change in Director(s),ACC Limited has informed the Exchange regarding Change in Director(s) of the company.
20-Jul-2020 21:31:00,Investor Presentation,ACC Limited has informed the Exchange about Investor Presentation
20-Jul-2020 21:28:00,Press Release,"ACC Limited has informed the Exchange regarding a press release dated July 20, 2020, titled ""Media Release-Outcome of the Board Meeting for the quarter and six months ended June 30, 2020 - SEBI (Listi"
20-Jul-2020 20:35:00,Investor Presentation,ACC Limited has informed the Exchange about Investor Presentation
20-Jul-2020 16:58:00,Outcome of Board Meeting,"ACC Limited has informed the Exchange regarding  Board meeting held on July 20, 2020."
20-Jul-2020 16:55:00,Outcome of Board Meeting,"ACC Limited has informed the Exchange regarding  Board meeting held on July 20, 2020."
20-Jul-2020 16:53:42,Financial Result Updates,"ACC Limited has submitted to the Exchange, the financial results for the period ended June 30, 2020."
09-Jul-2020 11:49:00,Updates,ACC Limited has informed the Exchange regarding 'Newspaper notice intimating date of Board Meeting of ACC Limited (the Company) for considering the Unaudited Financial Results for Q2 and Half Year end
07-Jul-2020 08:36:00,Shareholders meeting,"ACC Limited has informed the Exchange regarding Proceedings of Annual General Meeting held on July 06, 2020. Further, the company has submitted the Exchange a copy of Srutinizers report along with vot"
02-Jul-2020 22:10:00,Updates,"ACC Limited has informed the Exchange regarding 'Certificate under Regulation 74(5) for the quarter ended June 30, 2020 '."
30-Jun-2020 14:49:00,Trading Window,"ACC Limited has informed the Exchange regarding the Trading Window closure pursuant to SEBI (Prohibition of Insider Trading) Regulations, 2015"
25-Jun-2020 12:16:00,Analysts/Institutional Investor Meet/Con. Call Updates,ACC Limited has informed the Exchange about Analysts/Institutional Investor Meet/Con. Call Updates
24-Jun-2020 13:09:00,Analysts/Institutional Investor Meet/Con. Call Updates,ACC Limited has informed the Exchange about Analysts/Institutional Investor Meet/Con. Call Updates
22-Jun-2020 11:11:00,Analysts/Institutional Investor Meet/Con. Call Updates,ACC Limited has informed the Exchange about Analysts/Institutional Investor Meet/Con. Call Updates
19-Jun-2020 11:32:00,Analysts/Institutional Investor Meet/Con. Call Updates,ACC Limited has informed the Exchange about Analysts/Institutional Investor Meet/Con. Call Updates
12-Jun-2020 16:02:00,Shareholders meeting,"ACC Limited has informed the Exchange regarding Notice of Annual General Meeting to be held on July 06, 2020"
12-Jun-2020 14:29:00,Shareholders meeting,"ACC Limited has informed the Exchange regarding Notice of Annual General Meeting to be held on July 06, 2020"
09-Jun-2020 13:33:00,Shareholders meeting,"ACC Limited has informed the Exchange regarding Notice of Annual General Meeting to be held on July 06, 2020"
03-Jun-2020 11:36:00,Disclosure under SEBI Takeover Regulations,"Promoters of ACC Limited has informed the Exchange regarding disclosure under regulation 31(4) of SEBI (SAST) Regulations, 2011"
01-Jun-2020 18:41:00,Disclosure under SEBI Takeover Regulations,"Promoter of ACC Limited has informed the Exchange regarding disclosure under regulation 31(4) of SEBI (SAST) Regulations, 201"
22-May-2020 11:20:00,Analysts/Institutional Investor Meet/Con. Call Updates,ACC Limited has informed the Exchange regarding Analysts/Institutional Investor Meet/Con. Call Updates
06-May-2020 17:17:00,Record Date,"ACC Limited has informed the Exchange that the Company has fixed Record Date as May 20, 2020 for the purpose of Interim Dividend"
06-May-2020 16:04:00,Trading Window,"ACC Limited has informed the Exchange regarding the Trading Window closure pursuant to SEBI (Prohibition of Insider Trading) Regulations, 2015"
21-Apr-2020 18:38:00,Investor Presentation,ACC Limited has informed the Exchange regarding Investor Presentation
21-Apr-2020 18:05:00,Outcome of Board Meeting,"ACC Limited has informed the Exchange regarding  Board meeting held on April 21, 2020."
21-Apr-2020 18:01:29,Financial Result Updates,"ACC Limited has submitted to the Exchange, the financial results for the period ended March 31, 2020."
17-Apr-2020 17:40:00,Updates,"ACC Limited has informed the Exchange regarding 'Update - Disclosure under Regulation 30 of the SEBI (Listing Obligations and Disclosure Requirements) Regulations, 2015 ( Listing Regulations )'."
15-Apr-2020 08:39:00,Disclosure under SEBI Takeover Regulations,"Promoters of ACC Limited has informed the Exchange regarding the disclosure pursuant to the provisions of Regulation 30 of the SEBI (Substantial Acquisition of Shares and Takeovers) Regulations, 2011 "
13-Apr-2020 14:50:00,Updates,"ACC Limited has informed the Exchange regarding ' Certificate under Regulation 74(5) for the quarter ended March 31, 2020 '."
31-Mar-2020 13:44:00,Trading Window,"ACC Limited has informed the Exchange regarding the Trading Window closure pursuant to SEBI (Prohibition of Insider Trading) Regulations, 2015"
27-Mar-2020 20:41:00,Updates,ACC Limited has informed the Exchange regarding 'Newspaper Publication regarding the postponement of 84th Annual General Meeting of ACC Limited and E-voting related matters.'.
27-Mar-2020 11:50:00,Analysts/Institutional Investor Meet/Con. Call Updates,ACC Limited has informed the Exchange regarding Analysts/Institutional Investor Meet/Con. Call Updates
26-Mar-2020 08:39:00,AGM/Record Date,ACC Limited has informed the Exchange that the Annual General Meeting of the Company has been rescheduled. The revised date will intimated in due course of time.
23-Mar-2020 17:57:00,Updates,"ACC Limited has informed the Exchange regarding 'Disclosure under Regulation 30 of the SEBI (Listing Obligations and Disclosure Requirements) Regulations, 2015   Temporary Suspension of operations in "
23-Mar-2020 10:31:00,Analysts/Institutional Investor Meet/Con. Call Updates,ACC Limited has informed the Exchange regarding Analysts/Institutional Investor Meet/Con. Call Updates
16-Mar-2020 13:04:00,Updates,ACC Limited has informed the Exchange regarding 'Newspaper Publication regarding the 84th Annual General Meeting of ACC Limited and E-voting related matters.'.
11-Mar-2020 16:46:00,Updates,ACC Limited has informed the Exchange regarding 'Compulsory Transfer of Equity Shares to Investor Education and Protection Fund (IEPF) Account by ACC Limited'.
09-Mar-2020 17:31:00,Related Party Transactions,"ACC Limited has informed the Exchange regarding�� Disclosure of related party transactions for the half year ended December 31, 2019"
03-Mar-2020 09:42:00,Analysts/Institutional Investor Meet/Con. Call Updates,ACC Limited has informed the Exchange regarding Analysts/Institutional Investor Meet/Con. Call Updates
28-Feb-2020 09:55:00,Analysts/Institutional Investor Meet/Con. Call Updates,ACC Limited has informed the Exchange regarding Analysts/Institutional Investor Meet/Con. Call Updates
20-Feb-2020 17:52:00,Change in Director(s),ACC Limited has informed the Exchange regarding Change in Director(s) of the company.
20-Feb-2020 10:09:00,Analysts/Institutional Investor Meet/Con. Call Updates,ACC Limited has informed the Exchange regarding Analysts/Institutional Investor Meet/Con. Call Updates
12-Feb-2020 09:45:00,Analysts/Institutional Investor Meet/Con. Call Updates,ACC Limited has informed the Exchange regarding Analysts/Institutional Investor Meet/Con. Call Updates
11-Feb-2020 11:22:00,Publish Audited Results,"ACC Limited has informed the Exchange regarding Newspaper publication of Financial Results for the quarter and year ended December 31, 2019"
10-Feb-2020 15:15:00,Analysts/Institutional Investor Meet/Con. Call Updates,ACC Limited has informed the Exchange regarding Analysts/Institutional Investor Meet/Con. Call Updates
07-Feb-2020 21:51:00,Investor Presentation,ACC Limited has informed the Exchange regarding Investor Presentation
07-Feb-2020 19:05:00,Outcome of Board Meeting,"ACC Limited has informed the Exchange regarding  Board meeting held on February 07, 2020."
07-Feb-2020 19:01:00,Record Date,"ACC Limited has informed the Exchange that the Company has fixed Record Date as March 30, 2020 for the purpose of Dividend"
07-Feb-2020 17:38:00,Dividend,"ACC Limited has informed the Exchange that Board of Directors at its meeting held on February 07, 2020, recommended Final Dividend of 14 per equity share."
07-Feb-2020 17:35:30,Financial Result Updates,"ACC Limited has submitted to the Exchange, the financial results for the period ended December 31, 2019."
20-Jan-2020 14:40:00,Updates,ACC Limited has informed the Exchange regarding 'Newspaper notice intimating date of Board Meeting of ACC Limited (the Company) for considering the Audited Financial Results for Q4 and Financial Year 
20-Jan-2020 11:44:00,Updates,ACC Limited has informed the Exchange regarding 'Newspaper notice intimating date of Board Meeting of ACC Limited (the Company) for considering the Audited Financial Results for Q4 and Financial Year 
06-Jan-2020 17:18:00,Updates,"ACC Limited has informed the Exchange regarding 'Certificate in terms of Regulation 74(5) of SEBI (Depositories and Participants) Regulations, 2018 '."
31-Dec-2019 12:19:00,Trading Window,"ACC Limited has informed the Exchange regarding the Trading Window closure pursuant to SEBI (Prohibition of Insider Trading) Regulations, 2015"
16-Dec-2019 15:29:00,Analysts/Institutional Investor Meet/Con. Call Updates,ACC Limited has informed the Exchange regarding Analysts/Institutional Investor Meet/Con. Call Updates
13-Dec-2019 17:00:00,Updates,"ACC Limited has informed the Exchange regarding 'Change in name of Registrar and Share Transfer Agent ( RTA ) from ""KARVY FINTECH PRIVATE LIMITED"" to ""KFIN TECHNOLOGIES PRIVATE LIMITED""'."
09-Dec-2019 11:16:00,Analysts/Institutional Investor Meet/Con. Call Updates,ACC Limited has informed the Exchange regarding Analysts/Institutional Investor Meet/Con. Call Updates
03-Dec-2019 14:27:00,Analysts/Institutional Investor Meet/Con. Call Updates,ACC Limited has informed the Exchange regarding Analysts/Institutional Investor Meet/Con. Call Updates
29-Nov-2019 12:52:00,Analysts/Institutional Investor Meet/Con. Call Updates,ACC Limited has informed the Exchange regarding Analysts/Institutional Investor Meet/Con. Call Updates
22-Nov-2019 11:20:00,Analysts/Institutional Investor Meet/Con. Call Updates,ACC Limited has informed the Exchange regarding Analysts/Institutional Investor Meet/Con. Call Updates
21-Nov-2019 12:35:00,Analysts/Institutional Investor Meet/Con. Call Updates,ACC Limited has informed the Exchange regarding Analysts/Institutional Investor Meet/Con. Call Updates
19-Nov-2019 14:55:00,Analysts/Institutional Investor Meet/Con. Call Updates,ACC Limited has informed the Exchange regarding Analysts/Institutional Investor Meet/Con. Call Updates
15-Nov-2019 10:49:00,Analysts/Institutional Investor Meet/Con. Call Updates,ACC Limited has informed the Exchange regarding Analysts/Institutional Investor Meet/Con. Call Updates
14-Nov-2019 14:43:00,Analysts/Institutional Investor Meet/Con. Call Updates,ACC Limited has informed the Exchange regarding Analysts/Institutional Investor Meet/Con. Call Updates
12-Nov-2019 14:25:00,Analysts/Institutional Investor Meet/Con. Call Updates,ACC Limited has informed the Exchange regarding Analysts/Institutional Investor Meet/Con. Call Updates
05-Nov-2019 15:51:00,Analysts/Institutional Investor Meet/Con. Call Updates,ACC Limited has informed the Exchange regarding Analysts/Institutional Investor Meet/Con. Call Updates
18-Oct-2019 11:34:00,Analysts/Institutional Investor Meet/Con. Call Updates,ACC Limited has informed the Exchange regarding Analysts/Institutional Investor Meet/Con. Call Updates
15-Oct-2019 18:03:00,Outcome of Board Meeting,"ACC Limited has informed the Exchange regarding outcome of Board meeting held on October 15, 2019."
15-Oct-2019 17:45:00,"Code of Conduct under SEBI(PIT) Reg., 2015","ACC Limited has informed the Exchange regarding the Code of Conduct under SEBI(PIT) Reg., 2015"
15-Oct-2019 17:32:41,Financial Result Updates,"ACC Limited has submitted to the Exchange, the financial results for the period ended September 30, 2019."
07-Oct-2019 17:47:00,Updates,ACC Limited has informed the Exchange regarding 'Certificate under the Regulation 74(5) of SEBI (Depositories & Participants) Regulations 1996 for the quarter ending 30.9.2019'.
27-Sep-2019 16:02:00,Analysts/Institutional Investor Meet/Con. Call Updates,ACC Limited has informed the Exchange regarding Analysts/Institutional Investor Meet/Con. Call Updates
27-Sep-2019 12:07:00,Change in Company Secretary/Compliance Officer,ACC Limited has informed the Exchange about change in Company Secretary and Head Compliance
18-Sep-2019 13:59:00,Analysts/Institutional Investor Meet/Con. Call Updates,ACC Limited has informed the Exchange regarding Analysts/Institutional Investor Meet/Con. Call Updates
10-Sep-2019 17:05:00,Analysts/Institutional Investor Meet/Con. Call Updates,ACC Limited has informed the Exchange regarding Analysts/Institutional Investor Meet/Con. Call Updates
22-Aug-2019 13:00:00,Registrar & Share Transfer Agent Update,ACC Limited has informed the Exchange regarding the Registrar & Share Transfer Agent Update
14-Aug-2019 17:17:00,Registrar & Share Transfer Agent Update,ACC Limited has informed the Exchange regarding the Registrar & Share Transfer Agent Update
07-Aug-2019 14:57:00,Related Party Transactions,"ACC Limited has submitted to the Exchange a copy of Disclosure of related party transactions for the half year ended June 30, 2019."
01-Aug-2019 17:10:00,Press Release,"ACC Limited has informed the Exchange regarding a press release dated August 01, 2019, titled ""ACC appoints Rajani Kesari as its Chief Financial Officer""."
29-Jul-2019 17:48:00,Analysts/Institutional Investor Meet/Con. Call Updates,ACC Limited has informed the Exchange regarding Analysts/Institutional Investor Meet/Con. Call Updates
29-Jul-2019 17:48:00,Analysts/Institutional Investor Meet/Con. Call Updates,ACC Limited has informed the Exchange regarding Analysts/Institutional Investor Meet/Con. Call Updates
18-Jul-2019 18:02:00,Outcome of Board Meeting,"ACC Limited has informed the Exchange regarding  Board meeting held on July 18, 2019."
18-Jul-2019 17:02:00,Outcome of Board Meeting,"ACC Limited has informed the Exchange regarding Outcome of Board Meeting held on July 18, 2019."
18-Jul-2019 16:42:20,Financial Result Updates,"ACC Limited has submitted to the Exchange, the financial results for the period ended June 30, 2019."
04-Jul-2019 14:50:00,Updates,ACC Limited has informed the Exchange regarding 'Certificate under the Regulation 54(5) of SEBI (Depositories & Participants) Regulations 1996 for the quarter ending 30.6.2019'.
25-Jun-2019 14:22:00,Analysts/Institutional Investor Meet/Con. Call Updates,ACC Limited has informed the Exchange regarding Analysts/Institutional Investor Meet/Con. Call Updates
10-Jun-2019 13:57:00,Analysts/Institutional Investor Meet/Con. Call Updates,ACC Limited has informed the Exchange regarding Analysts/Institutional Investor Meet/Con. Call Updates
03-Jun-2019 14:51:00,Analysts/Institutional Investor Meet/Con. Call Updates,ACC Limited has informed the Exchange regarding Analysts/Institutional Investor Meet/Con. Call Updates
30-May-2019 09:57:00,Analysts/Institutional Investor Meet/Con. Call Updates,ACC Limited has informed the Exchange regarding Analysts/Institutional Investor Meet/Con. Call Updates
28-May-2019 10:07:00,Analysts/Institutional Investor Meet/Con. Call Updates,ACC Limited has informed the Exchange regarding Analysts/Institutional Investor Meet/Con. Call Updates
10-May-2019 14:49:00,Analysts/Institutional Investor Meet/Con. Call Updates,ACC Limited has informed the Exchange regarding Analysts/Institutional Investor Meet/Con. Call Updates
09-May-2019 15:51:00,Analysts/Institutional Investor Meet/Con. Call Updates,ACC Limited has informed the Exchange regarding Analysts/Institutional Investor Meet/Con. Call Updates
24-Apr-2019 10:50:00,Analysts/Institutional Investor Meet/Con. Call Updates,ACC Limited has informed the Exchange regarding Analysts/Institutional Investor Meet/Con. Call Updates
24-Apr-2019 10:00:00,Analysts/Institutional Investor Meet/Con. Call Updates,ACC Limited has informed the Exchange regarding Analysts/Institutional Investor Meet/Con. Call Updates
23-Apr-2019 19:51:00,Outcome of Board Meeting,"ACC Limited has informed the Exchange regarding Outcome of Board Meeting held on April 23, 2019."
23-Apr-2019 19:04:00,Disc. under Reg.30 of SEBI (SAST) Reg.2011,"The Promoter along with PAC has submitted to the Exchange a copy of Annual Disclosure under Regulation 30(1) and 30(2) of SEBI (Substantial Acquisition of Shares and Takeovers), Regulations, 2011 as o"
23-Apr-2019 17:45:00,Updates,ACC Limited has informed the Exchange regarding 'Certificate under the Regulation 54(5) of SEBI (Depositories & Participants) Regulations 1996 for the quarter ending 31.3.2019'.
23-Apr-2019 17:39:02,Financial Result Updates,"ACC Limited has submitted to the Exchange, the financial results for the period ended March 31, 2019."
09-Apr-2019 14:53:00,Disc. under Reg.30 of SEBI (SAST) Reg.2011,"The Promoter along with PAC has submitted to the Exchange a copy of Annual Disclosure under Regulation 30(1) and 30(2) of SEBI (Substantial Acquisition of Shares and Takeovers), Regulations, 2011 as o"
01-Apr-2019 17:16:00,"Code of Conduct under SEBI(PIT) Reg., 2015","ACC Limited has informed the Exchange regarding the Code of Conduct under SEBI(PIT) Reg., 2015"
26-Mar-2019 16:39:00,Analysts/Institutional Investor Meet/Con. Call Updates,ACC Limited has informed the Exchange regarding Analysts/Institutional Investor Meet/Con. Call Updates
22-Mar-2019 23:33:00,Change in Director(s),ACC Limited has informed the Exchange regarding Change in Director(s) of the company.
22-Mar-2019 23:27:00,Shareholders meeting,"ACC Limited has informed the Exchange regarding Proceedings of Annual General Meeting held on March 22, 2019. Further, the company has submitted the Exchange a copy of Srutinizers report along with vo"
05-Mar-2019 16:10:00,Analysts/Institutional Investor Meet/Con. Call Updates,ACC Limited has informed the Exchange regarding Analysts/Institutional Investor Meet/Con. Call Updates
27-Feb-2019 15:41:00,Analysts/Institutional Investor Meet/Con. Call Updates,ACC Limited has informed the Exchange regarding Analysts/Institutional Investor Meet/Con. Call Updates
26-Feb-2019 14:57:00,Analysts/Institutional Investor Meet/Con. Call Updates,ACC Limited has informed the Exchange regarding Analysts/Institutional Investor Meet/Con. Call Updates
25-Feb-2019 10:54:00,Shareholders meeting,"ACC Limited has informed the Exchange regarding Notice of Annual General Meeting to be held on March 22, 2019"
15-Feb-2019 09:44:00,Analysts/Institutional Investor Meet/Con. Call Updates,ACC Limited has informed the Exchange regarding Analysts/Institutional Investor Meet/Con. Call Updates
13-Feb-2019 17:55:00,Analysts/Institutional Investor Meet/Con. Call Updates,ACC Limited has informed the Exchange regarding Analysts/Institutional Investor Meet/Con. Call Updates
05-Feb-2019 16:42:00,Book Closure,"ACC Limited has informed the Exchange that the Company has informed the Exchange that the Register of Members & Share Transfer Books of the Company will remain closed from March 07, 2019 to March 12, "
05-Feb-2019 15:28:30,Financial Result Updates,"ACC Limited has submitted to the Exchange, the financial results for the period ended December 31, 2018."
05-Feb-2019 13:54:00,Dividend,"ACC Limited has informed the Exchange that Board of Directors at its meeting held on February 05, 2019, recommended Final Dividend of 14 per equity share."
16-Jan-2019 12:28:00,Updates,ACC Limited has informed the Exchange regarding 'Unaudited Financial Results for Q4 ended 31st December 2018'.
16-Jan-2019 12:27:00,Updates,"ACC Limited has informed the Exchange regarding 'Publication of Financial Results for the Financial Year ending December 31, 2019'."
04-Jan-2019 18:13:00,Updates,"ACC Limited has informed the Exchange regarding 'Certificate under the Regulation 54(5) of SEBI ( Depositories & Participants) Regulations 1996 for the quarter ending December 31, 2018.'."
31-Dec-2018 10:04:00,Analysts/Institutional Investor Meet/Con. Call Updates,ACC Limited has informed the Exchange regarding Analysts/Institutional Investor Meet/Con. Call Updates
20-Dec-2018 16:40:00,Analysts/Institutional Investor Meet/Con. Call Updates,ACC Limited has informed the Exchange regarding Analysts/Institutional Investor Meet/Con. Call Updates
12-Dec-2018 11:41:00,Updates,"ACC Limited has informed the Exchange regarding 'Announcement of Expansion Proposals:i. Greenfield Integrated Cement Plant at Ametha, District Katni, Madhya Pradesh with two grinding units in Uttar Pr"
23-Nov-2018 09:49:00,Analysts/Institutional Investor Meet/Con. Call Updates,ACC Limited has informed the Exchange regarding Analysts/Institutional Investor Meet/Con. Call Updates
19-Nov-2018 11:49:00,Analysts/Institutional Investor Meet/Con. Call Updates,ACC Limited has informed the Exchange regarding Analysts/Institutional Investor Meet/Con. Call Updates
01-Nov-2018 15:28:00,Analysts/Institutional Investor Meet/Con. Call Updates,ACC Limited has informed the Exchange regarding Analysts/Institutional Investor Meet/Con. Call Updates
17-Oct-2018 18:04:49,Financial Result Updates,"ACC Limited has submitted to the Exchange, the financial results for the period ended September 30, 2018."
17-Oct-2018 16:41:00,Outcome of Board Meeting,"ACC Limited has informed the Exchange regarding  Board meeting held on October 17, 2018."
05-Oct-2018 17:58:00,Updates,"ACC Limited has informed the Exchange regarding 'Re.: Intimation under Regulation 30 of SEBI (Listing Obligations and Disclosure Requirements) Regulations, 2015 �� Admission of Civil Appeal before the"
18-Sep-2018 16:43:00,Analysts/Institutional Investor Meet/Con. Call Updates,ACC Limited has informed the Exchange regarding Analysts/Institutional Investor Meet/Con. Call Updates
27-Aug-2018 15:19:00,Analysts/Institutional Investor Meet/Con. Call Updates,ACC Limited has informed the Exchange regarding Analysts/Institutional Investor Meet/Con. Call Updates
21-Aug-2018 09:54:00,Analysts/Institutional Investor Meet/Con. Call Updates,ACC Limited has informed the Exchange regarding Analysts/Institutional Investor Meet/Con. Call Updates
10-Aug-2018 11:07:00,Analysts/Institutional Investor Meet/Con. Call Updates,ACC Limited has informed the Exchange regarding Analysts/Institutional Investor Meet/Con. Call Updates
07-Aug-2018 15:43:00,Analysts/Institutional Investor Meet/Con. Call Updates,ACC Limited has informed the Exchange regarding Analysts/Institutional Investor Meet/Con. Call Updates
01-Aug-2018 10:32:00,Analysts/Institutional Investor Meet/Con. Call Updates,ACC Limited has informed the Exchange regarding Analysts/Institutional Investor Meet/Con. Call Updates
27-Jul-2018 17:57:00,Reply to Clarification Sought,"ACC:The Exchange had sought clarification from ACC Limited with respect to announcement dated 25-Jul-2018, regarding "" ACC Limited has informed the Exchange regarding 'Intimation under Regulation 30 o"
26-Jul-2018 19:42:00,Clarification,"ACC:The Exchange has sought clarification from ACC Limited with respect to announcement dated 25-Jul-2018, regarding "" ACC Limited has informed the Exchange regarding 'Intimation under Regulation 30 o"
25-Jul-2018 17:44:00,Analysts/Institutional Investor Meet/Con. Call Updates,ACC Limited has informed the Exchange regarding Analysts/Institutional Investor Meet/Con. Call Updates
25-Jul-2018 15:15:00,Updates,"ACC Limited has informed the Exchange regarding 'Intimation under Regulation 30 of SEBI (Listing Obligations and Disclosure Requirement) Regulations, 2015 '."
24-Jul-2018 10:38:23,Financial Result Updates,"ACC Limited has submitted to the Exchange, the financial results for the period ended June 30, 2018."
23-Jul-2018 16:43:00,Outcome of Board Meeting,Unaudited Financial Results for the quarter and half year ended 30th June 2018
27-Jun-2018 10:11:00,Analysts/Institutional Investor Meet/Con. Call Updates,ACC Limited has informed the Exchange regarding Analysts/Institutional Investor Meet/Con. Call Updates
26-Jun-2018 14:41:00,Analysts/Institutional Investor Meet/Con. Call Updates,ACC Limited has informed the Exchange regarding Analysts/Institutional Investor Meet/Con. Call Updates
14-Jun-2018 12:40:00,Shareholders meeting,"ACC Limited has informed the Exchange regarding Proceedings of Annual General Meeting held on Jun 13, 2018. Further, the company has submitted the Exchange a copy of Srutinizers report along with voti"
06-Jun-2018 10:04:00,Analysts/Institutional Investor Meet/Con. Call Updates,ACC Limited has informed the Exchange regarding Analysts/Institutional Investor Meet/Con. Call Updates
05-Jun-2018 10:01:00,Analysts/Institutional Investor Meet/Con. Call Updates,ACC Limited has informed the Exchange regarding Analysts/Institutional Investor Meet/Con. Call Updates
28-May-2018 12:14:00,Analysts/Institutional Investor Meet/Con. Call Updates,ACC Limited has informed the Exchange regarding Analysts/Institutional Investor Meet/Con. Call Updates
24-May-2018 09:53:00,Analysts/Institutional Investor Meet/Con. Call Updates,ACC Limited has informed the Exchange regarding Analysts/Institutional Investor Meet/Con. Call Updates
23-May-2018 10:45:00,Analysts/Institutional Investor Meet/Con. Call Updates,ACC Limited has informed the Exchange regarding Analysts/Institutional Investor Meet/Con. Call Updates
21-May-2018 15:59:00,Analysts/Institutional Investor Meet/Con. Call Updates,ACC Limited has informed the Exchange regarding Analysts/Institutional Investor Meet/Con. Call Updates
18-May-2018 12:20:00,Shareholders meeting,"ACC Limited has informed the Exchange regarding Notice of Annual General Meeting to be held on Jun 13, 2018 published in the newspapers"
17-May-2018 20:07:00,Investor Presentation,ACC Limited has informed the Exchange regarding Investor Presentation
15-May-2018 17:52:00,Shareholders meeting,"ACC Limited has informed the Exchange regarding Notice of Annual General Meeting to be held on Jun 13, 2018"
19-Apr-2018 10:40:00,AGM/Book Closure,"ACC Limited has informed the Exchange that  the Company has informed the Exchange that the Register of Members & Share Transfer Books of the Company will remain closed from May 21, 2018 to May 25, 201"
19-Apr-2018 09:23:18,Financial Result Updates,"ACC Limited has submitted to the Exchange, the financial results for the period ended March 31, 2018."
19-Apr-2018 08:34:00,Outcome of Board Meeting,"ACC Limited has informed the Exchange regarding Outcome of Board Meeting held on April 18, 2018."
19-Apr-2018 08:34:00,Outcome of Board Meeting,"ACC Limited has informed the Exchange regarding Outcome of Board Meeting held on April 18, 2018."
16-Apr-2018 13:41:00,Shareholders meeting,ACC Limited has informed the Exchange regarding voting results of  Postal Ballot
16-Apr-2018 10:34:00,Shareholders meeting,"ACC Limited has submitted the Exchange a copy Srutinizers report of  Postal Ballot. Further, the company has informed the Exchange regarding voting results."
11-Apr-2018 16:11:00,Disc. under Reg.30 of SEBI (SAST) Reg.2011,"Ambuja Cements Limited has submitted to the Exchange a copy of disclosure under Regulation 30(1) and 30(2) of SEBI (Substantial Acquisition of Shares & Takeovers) Regulations, 2011."
09-Apr-2018 20:22:00,Updates,"ACC Limited has informed the Exchange regarding 'FAQ's on Master Supply Agreement proposed in the Postal Ballot Notice Dated February 26, 2018.'."
02-Apr-2018 16:56:00,Analysts/Institutional Investor Meet/Con. Call Updates,ACC Limited has informed the Exchange regarding Analysts/Institutional Investor Meet/Con. Call Updates
22-Mar-2018 15:50:00,Analysts/Institutional Investor Meet/Con. Call Updates,ACC Limited has informed the Exchange regarding Analysts/Institutional Investor Meet/Con. Call Updates
17-Mar-2018 10:09:00,Shareholders meeting,ACC Limited has informed the Exchange regarding Notice of Postal Ballot
16-Mar-2018 09:41:00,Analysts/Institutional Investor Meet/Con. Call Updates,ACC Limited has informed the Exchange regarding Analysts/Institutional Investor Meet/Con. Call Updates
14-Mar-2018 09:14:00,Investor Presentation,ACC Limited has informed the Exchange regarding Investor Presentation
13-Mar-2018 18:13:00,Analysts/Institutional Investor Meet/Con. Call Updates,ACC Limited has informed the Exchange regarding Analysts/Institutional Investor Meet/Con. Call Updates
12-Mar-2018 17:25:00,Shareholders meeting,ACC Limited has informed the Exchange regarding Notice of Postal Ballot
26-Feb-2018 20:02:00,Outcome of Board Meeting,"ACC Limited has informed the Exchange regarding Outcome of Board Meeting held on February 26, 2018."
21-Feb-2018 15:33:00,Analysts/Institutional Investor Meet/Con. Call Updates,ACC Limited has informed the Exchange regarding Analysts/Institutional Investor Meet/Con. Call Updates
08-Feb-2018 15:02:00,Dividend,"ACC Limited has informed the Exchange that the Board of Directors of the Company at its meeting held on February 08, 2018 has recommended payment of a final dividend of Rs. 15 (Rupees Fifteen only) pe"
08-Feb-2018 14:32:11,Financial Result Updates,"ACC Limited has submitted to the Exchange, the financial results for the period ended December 31, 2017."
25-Jan-2018 16:31:00,Financial Results Updates,ACC Limited has informed the Exchange that We wish to inform you that we will be publishing the Audited Accounts for the Financial Year ended 31st December 2017 within the period stipulated in Regulat
25-Jan-2018 16:26:00,Option to submit Standalone/Consolidated Financial Results,"ACC Limited has informed the Exchange that We refer to Regulation 33(3)(b)(i) of SEBI (LODR) Reg, 2015 and would inform you that in respect of Financial Year ending 31.12.2018, we shall be providing y"
19-Dec-2017 10:13:00,Analysts/Institutional Investor Meet/Con. Call Updates,ACC Limited has informed the Exchange regarding Analysts/Institutional Investor Meet/Con. Call Updates
08-Nov-2017 11:05:00,Analysts/Institutional Investor Meet/Con. Call Updates,ACC Limited has informed the Exchange regarding Analysts/Institutional Investor Meet/Con. Call Updates
03-Nov-2017 15:46:00,Analysts/Institutional Investor Meet/Con. Call Updates,ACC Limited has informed the Exchange regarding Analysts/Institutional Investor Meet/Con. Call Updates
17-Oct-2017 14:31:39,Financial Result Updates,"ACC Limited has submitted to the Exchange, the financial results for the period ended September 30, 2017."
17-Oct-2017 14:29:00,Appointment,"ACC Limited has informed the Exchange regarding Appointment of Mr Jan Jenisch as Additional Director of the company w.e.f. October 17, 2017."
25-Sep-2017 17:42:00,Resignation,"ACC Limited has informed the Exchange that the Board of Directors at its meeting held on September 25, 2017 has accepted the letter of resignation of Mr. Eric Oslen ( Non Executive/Non Independent Dir"
25-Sep-2017 17:23:00,Change in Company Secretary/Compliance Officer,ACC Limited has informed the Exchange regarding Appointment of Company Secretary & Head Compliance.
20-Sep-2017 12:03:00,Analysts/Institutional Investor Meet/Con. Call Updates,ACC Limited has informed the Exchange regarding Analysts/Institutional Investor Meet/Con. Call Updates
05-Sep-2017 11:14:00,Analysts/Institutional Investor Meet/Con. Call Updates,ACC Limited has informed the Exchange regarding Analysts/Institutional Investor Meet/Con. Call Updates
01-Sep-2017 15:05:00,Analysts/Institutional Investor Meet/Con. Call Updates,ACC Limited has informed the Exchange regarding Analysts/Institutional Investor Meet/Con. Call Updates
17-Jul-2017 16:28:00,Dividend,"ACC Limited has informed the Exchange that the Board of Directors at its meeting held on July 17,2017 has approved the payment of an interim dividend of Rs 11/- per equity share of Rs 10/- each."
17-Jul-2017 16:23:34,Financial Result Updates,"ACC Limited has submitted to the Exchange, the financial results for the period ended June 30, 2017."
13-Jul-2017 13:34:00,Corrigendum,"ACC Limited has informed the Exchange regarding Corrigendum to Notice for Board Meeting  to be held on Monday 17th July 2017. We had inadvertently mentioned Friday, July 17, 2017 in our letter dated J"
07-Jul-2017 12:27:00,Record Date,"ACC Limited has informed the Exchange that the Company has fixed Record Date as July 26, 2017 for the purpose of Interim Dividend."
07-Jul-2017 12:22:00,Date of payment of dividend,ACC Limited has informed the Exchange regarding Date of payment of dividend
05-May-2017 18:24:00,Updates,ACC Limited has informed the Exchange regarding Initiation of a study to explore the possibility of a merger of the Company and Ambuja Cements Limited.
26-Apr-2017 10:42:00,Shareholders meeting,"ACC Limited has submitted to the Exchange a copy of the Minutes of the Annual General Meeting held on March 29, 2017."
22-Apr-2017 16:42:00,Outcome of Board Meeting,"ACC Limited has informed the Exchange regarding outcome of meeting of the Board of Directors of the Company held on April 21, 2017."
21-Apr-2017 16:32:00,Appointment of Company Secretary/Compliance Officer,"ACC Limited has informed the Exchange that the Board of Directors at its meeting held on April 21, 2017, has appointed Mr. Surendra Mehta as Company Secretary and Head Compliance (KMP) with immediate "
21-Apr-2017 16:15:27,Financial Result Updates,"ACC Limited has submitted to the Exchange, the financial results for the period ended March 31, 2017."
11-Apr-2017 13:17:00,Disc. under Reg.30 of SEBI (SAST) Reg.2011,"Ambuja Cements Ltd has submitted to the Exchange a copy of disclosure under Regulation 30(1) and 30(2) of SEBI (Substantial Acquisition of Shares & Takeovers) Regulations, 2011."
11-Apr-2017 11:45:00,Disc. under Reg.30 of SEBI (SAST) Reg.2011,"Holderind Investment Ltd has submitted to the Exchange vide letter dated a copy of disclosure under Regulation 30(1) and 30(2) of SEBI (Substantial Acquisition of Shares & Takeovers) Regulations, 2011"
31-Mar-2017 16:53:00,Resignation of Company Secretary/Compliance Officer,"ACC Limited has informed the Exchange that Mr B D Nariman has resigned as Company Secretary & Head Compliance with effect from April 01, 2017."
30-Mar-2017 01:06:00,Shareholders meeting,"ACC Limited has informed the Exchange regarding Proceedings of Annual General Meeting held on March 29, 2017. Further, the company has submitted the Exchange a copy of Srutinizers report along with vo"
29-Mar-2017 11:14:00,Analysts/Institutional Investor Meet/Con. Call Updates,ACC Limited has informed the Exchange regarding Analysts/Institutional Investor Meet/Con. Call Updates
17-Mar-2017 14:58:00,Analysts/Institutional Investor Meet/Con. Call Updates,ACC Limited has informed the Exchange regarding Analysts/Institutional Investor Meet/Con. Call Updates
16-Mar-2017 14:13:00,Analysts/Institutional Investor Meet/Con. Call Updates,ACC Limited has informed the Exchange regarding Analysts/Institutional Investor Meet/Con. Call Updates
03-Mar-2017 16:16:00,Shareholders meeting,"ACC Limited has submitted to the Exchange a copy of Notice of Annual General Meeting of the members of the company to be held on March 29, 2017."
22-Feb-2017 15:57:00,Analysts/Institutional Investor Meet/Con. Call Updates,ACC Limited has informed the Exchange regarding Analysts/Institutional Investor Meet/Con. Call Updates.
17-Feb-2017 12:38:00,Analysts/Institutional Investor Meet/Con. Call Updates,ACC Limited has informed the Exchange regarding Analysts/Institutional Investor Meet/Con. Call Updates.
13-Feb-2017 10:47:00,Analysts/Institutional Investor Meet/Con. Call Updates,"ACC Limited has informed the Exchange regarding Intimation of Investor Meeting on February 14, 2017."
10-Feb-2017 15:59:00,Analysts/Institutional Investor Meet/Con. Call Updates,ACC Limited has informed the Exchange regarding Analysts/Institutional Investor Meet/Con. Call Updates.
09-Feb-2017 12:46:00,Analysts/Institutional Investor Meet/Con. Call Updates,"ACC Limited has informed the Exchange regarding Intimation of Investor Meeting on February 10, 2017."
06-Feb-2017 17:45:00,Analysts/Institutional Investor Meet/Con. Call Updates,ACC Limited has informed the Exchange regarding Analysts/Institutional Investor Meet/Con. Call Updates.
06-Feb-2017 17:40:00,Press Release,"ACC Limited has informed the Exchange vide letter dated February 06, 2017 regarding Media Release, titled ""Neeraj Akhoury takes charge as Managing Director & CEO of ACC""."
06-Feb-2017 17:25:00,News Verification,"The Exchange has sought clarification from ACC Limited with respect to recent news item captioned ""LafargeHolcim Mulling merger of ACC & Ambuja."". The Exchange, in order to verify the accuracy or othe"
06-Feb-2017 12:33:00,Analysts/Institutional Investor Meet/Con. Call Updates,"ACC Limited has informed the Exchange regarding Intimation of Investor Meeting on February 6, 2017."
06-Feb-2017 11:23:00,News Verification,"The Exchange has sought clarification from ACC Limited with respect to recent news item captioned ""LafargeHolcim Mulling merger of ACC & Ambuja."". In this regard, Exchange have advised the Company to "
03-Feb-2017 16:57:00,AGM/Book Closure,"ACC Limited has informed the Exchange that the Company has informed the Exchange that the Register of Members & Share Transfer Books of the Company will remain closed from March 20, 2017 to March 24, "
03-Feb-2017 16:35:00,Date of payment of dividend,"ACC Limited has informed the Exchange that the dividend, will be payable on and from April 06,2017."
03-Feb-2017 16:30:00,Dividend,"ACC Limited has informed the Exchange that the Board of Directors of the Company at its meeting held on February 03, 2017 has recommended payment of an Final dividend at the rate of Rs. 6/- (Rupees Si"
03-Feb-2017 16:23:55,Financial Result Updates,"ACC Limited has submitted to the Exchange, the financial results for the period ended December 31, 2016."
20-Jan-2017 12:27:00,Updates,"ACC Limited has informed the Exchange regarding CCI Order 2013 - Complaint of Director, Supplies & Disposal Haryana - ACC to appeal."
16-Dec-2016 18:49:00,Change in Director(s),"ACC Limited has informed the Exchange that the Board of Directors at its Meeting held on December 16, 2016, has appointed Mr. Neeraj Akhoury as an Additional Director on the Board of Directors of the "
01-Dec-2016 16:13:00,Analysts/Institutional Investor Meet/Con. Call Updates,"ACC Limited has informed the Exchange regarding Intimation of Investor Meeting on December 05, 2016."
17-Nov-2016 19:03:00,Updates,"ACC Limited has informed the Exchange the Intimation of Investors Meeting on November 18, 2016"
16-Nov-2016 08:01:00,Press Release,"ACC Limited has informed the Exchange regarding a media release dated November 15, 2016, titled ""LafargeHolcim increases stake in Indian companies""."
10-Nov-2016 16:56:00,Updates,"ACC Limited has informed the Exchange regarding ""Interim Order passed by the Competition Appellate Tribunal (COMPAT) in an appeal filed against the Order dated August 31, 2016 passed by the Competitio"
10-Nov-2016 15:29:00,Analysts/Institutional Investor Meet/Con. Call Updates,ACC Limited has informed the Exchange regarding Analysts/Institutional Investor Meet/Con. Call Updates.
24-Oct-2016 12:40:00,Updates,ACC Limited has informed the Exchange regarding  Sindri Grinding Unit - Commencement of Commercial Production.
21-Oct-2016 14:35:17,Financial Result Updates,"ACC Limited has submitted to the Exchange, the financial results for the period ended September 30, 2016."
21-Oct-2016 14:29:00,Outcome of Board Meeting,"ACC Limited has informed the Exchange regarding Outcome of Board Meeting held on October 21, 2016. Along with copy of press release"
10-Oct-2016 14:27:00,Updates,"ACC Limited has informed the Exchange regarding New Cement Grinding Unit in Jamul, Chhatisgarh."
06-Oct-2016 11:49:00,Trading Window,"ACC Limited has informed the Exchange that the Trading Window under the Code of Conduct for Prevention of Insider Trading was closed from October 1, 2016 and will continue to remain closed till 48 hou"
26-Sep-2016 16:42:00,Analysts/Institutional Investor Meet/Con. Call Updates,"ACC Limited has informed the Exchange regarding Intimation of Investor Meeting on September 27, 2016."
12-Sep-2016 18:29:00,Analysts/Institutional Investor Meet/Con. Call Updates,ACC Limited has informed the Exchange regarding Investor Meeting on 15th & 16th September 2016.
01-Sep-2016 16:34:00,Updates,"ACC Limited has informed the Exchange regarding Order of the Competition Commission of India - Letter dated September 1, 2016."
01-Sep-2016 13:58:00,News Clarification,"The Exchange has sought clarification from ACC Limited with respect to recent news item captioned ""CCI slaps over Rs 6700 crore fine on 11 cement companies"" . In this regard, Exchange have advised the"
29-Aug-2016 11:55:00,Analysts/Institutional Investor Meet/Con. Call Updates,"ACC Limited has informed the Exchange regarding Investor Meeting on August 30, 2016."
26-Aug-2016 17:40:00,Updates,ACC Limited has informed the Exchange that the details of the of the Investor Meeting organized by Motilal Oswal Securities Limited. Company wish to inform that the Company's Representatives are meeti
22-Aug-2016 12:09:00,Analysts/Institutional Investor Meet/Con. Call Updates,"ACC Limited has informed the Exchange regarding Investor Meeting on August 22, 2016."
16-Aug-2016 16:00:00,Updates,"ACC Limited has informed the Exchange that  Disclosure under Regulation 31(1)(b) of the SEBI (Listing Obligations and Disclosure Requirements) Regulations, 2015"
13-Aug-2016 15:05:00,Disclosure under SEBI Takeover Regulations,"Holderind Investments Ltd has submitted to the Exchange vide its letter dated August 12, 2016 a copy of disclosure under Regulation 29(2) of SEBI (Substantial Acquisition of Shares & Takeovers) Regula"
12-Aug-2016 17:20:00,Disclosure under SEBI Takeover Regulations,"Ambuja Cements Limited has submitted to the Exchange, vide letter dated August 12, 2016 a copy of disclosure under Regulation 10(6) in respect of acquisition under Regulation 10 of SEBI (Substantial A"
12-Aug-2016 16:38:00,Updates,"ACC Limited has informed the Exchange that Disclosure under Regulation 30(1) of the SEBI (Listing Obligations and Disclosure Requirements) Regulations, 2015"
04-Aug-2016 15:34:00,Disclosure under SEBI Takeover Regulations,"Ambuja Cements Limited has submitted to the Exchange, vide letter dated August 4, 2016 a copy of disclosure under Regulation 10(5) in respect of acquisition under Regulation 10(1)(a) of SEBI (Substant"
04-Aug-2016 10:40:00,Updates,ACC Limited has informed the Exchange regarding Investor Meeting on 5th August 2016.
26-Jul-2016 14:12:00,Dividend,"ACC Limited has informed the Exchange that the Board of Directors at its meeting held on July 26, 2016 has approved the payment of an interim dividend of Rs 11/- per equity share of Rs 10/- each."
26-Jul-2016 14:05:27,Financial Result Updates,"ACC Limited has submitted to the Exchange the standalone & consolidated financial results along with the Limited Review Report for the period ended June 30, 2016."
20-Jul-2016 12:11:00,Updates,ACC Limited has informed the Exchange regarding Commencement of Commercial Production from the new clinker facility at Jamul.
15-Jul-2016 12:57:00,Postal Ballot Updates,ACC Limited has informed the Exchange regarding Result of the Postal Ballot along with Scrutinizers Reports.
12-Jul-2016 15:19:00,Record Date,"ACC Limited has informed the Exchange that the Company has fixed Record Date as August 3, 2016 for determining the shareholders who will be entitled to the Interim Dividend, if any, declared on July 2"
12-Jul-2016 15:16:00,Date of payment of dividend,"ACC Limited has informed the Exchange that the interim dividend if any, declared will be paid on and from August 11, 2016."
06-Jun-2016 15:39:00,Postal Ballot Updates,"ACC Limited has submitted to the Exchange a copy of the Postal Ballot Notice, Pursuant to Section 110 of the Companies Act, 2013 read with Section 108 of the said Act and Rules 20 and 22 of the Compan"
23-May-2016 17:22:00,Allotment of Securities,"ACC Limited has informed the Exchange regarding ""Allotment of 41,907 shares out of shares kept in abeyance in the Right Issue of 1999""."
09-May-2016 11:54:00,Annual General Meeting Updates,"ACC Limited has submitted to the Exchange a copy of Minutes of Annual General Meeting of the Company held on April 13, 2016."
28-Apr-2016 14:25:00,Outcome of Board Meeting,"ACC Limited has informed the Exchange has informed the Exchange regarding Outcome of board Meeting of the Company held on April 28, 2016. Further Company has submitted a copy of press release titled """
28-Apr-2016 14:23:55,Financial Result Updates,"ACC Limited has submitted to the Exchange the standalone & consolidated financial results along with the Limited Review Report for the period ended March 31, 2016."
22-Apr-2016 11:03:00,Disc. under Reg.30 of SEBI (SAST) Reg.2011,"Holderind Investments Ltd  has submitted to the Exchange vide letter dated April 7, 2016 a copy of disclosure under Regulation 30(1) and 30(2) of SEBI (Substantial Acquisition of Shares & Takeovers) R"
18-Apr-2016 13:44:00,Trading Window,"ACC Limited has informed the Exchange that the trading window under the Code of Conduct for Prevention of Insider Trading was closed from April 01, 2016 and will continue to remain closed till 48 hour"
18-Apr-2016 09:28:00,Disc. under Reg.30 of SEBI (SAST) Reg.2011,"Holcim (India) Private Limited has submitted to the Exchange vide letter dated April 7, 2016  a copy of disclosure under Regulation 30(1) and 30(2) of SEBI (Substantial Acquisition of Shares & Takeove"
15-Apr-2016 08:16:00,"Regulation 44(3) of SEBI (LODR), Reg., 2015","ACC Limited has informed the Exchange regarding Proceedings/Outcome of the Annual General Meeting held on April 13, 2016 along with Scrutinizer's Reports pursuant to regulation 44 (3) of SEBI (Listing"
15-Apr-2016 08:15:00,Amendments to Memorandum & Articles of Association,"ACC Limited has informed the Exchange that the Members of the Company at the Annual General Meeting held on April 13, 2016 have adopted a new set of Articles of Association, the provisions to bring th"
23-Mar-2016 10:37:00,Analysts Meet,"ACC Limited has informed the Exchange regarding the  Investor Meeting on March 28, 2016"
21-Mar-2016 15:01:00,Annual General Meeting Updates,"ACC Limited has submitted to the Exchange a copy of the Notice of the Annual General Meeting of the Company to be held on April 13, 2016."
14-Mar-2016 18:11:00,Updates,"ACC Limited has informed the Exchange that the Company's Representatives are meeting Aberdeen Asset Management (Asia) Limited in Mumbai on March 15, 2016.The schedule may undergo change due to exigenc"
26-Feb-2016 17:48:00,Updates,"ACC Limited has informed the Exchange regarding Investor Meeting on February 29,  2016 and March 02, 2016."
23-Feb-2016 15:20:00,Updates,"ACC Limited has informed the Exchange that the Company's representatives are meeting Franklin Templeton Mutual fund in Mumbai on February 24, 2016."
12-Feb-2016 08:31:00,Updates,ACC Limited has informed the Exchange regarding Intimation of Investor Conference.
10-Feb-2016 17:03:00,Date of payment of dividend,"ACC Limited has informed the Exchange that the dividend will be payable on and from April 20, 2016."
10-Feb-2016 16:55:00,Book Closure,"ACC Limited has informed the Exchange that the Register of Members and Share Transfer Books of the Company shall remain closed from February 24, 2016 to February 29, 2016 (both days inclusive) for the"
10-Feb-2016 16:48:00,Change in Director(s),ACC Limited has informed the Exchange regarding Change in Directorate.
10-Feb-2016 16:47:00,Dividend,"ACC Limited has informed the Exchange that the Board of Directors of the Company at its meeting held on February 10, 2016 has recommended payment of a final dividend at the rate of Rs. 6/- (Rupees Six"
10-Feb-2016 16:46:00,Press Release,"ACC Limited has informed the Exchange regarding a press release dated February 10, 2016 with respect to the Unaudited Financial Results of the Company for December 31, 2015."
10-Feb-2016 16:45:29,Financial Result Updates,"ACC Limited has submitted to the Exchange the standalone & consolidated financial results along with the Limited Review Report for the period ended December 31, 2015."
14-Jan-2016 15:59:00,Trading Window,"ACC Limited has informed the Exchange that the trading window under the SEBI (Prohibition of Insider Trading) Regulations, 2015 was closed from January 01, 2016 and will continue to remain closed till"
23-Dec-2015 13:03:00,Updates,ACC Limited has informed the Exchange that the Company has obtained an Order from the Company Law Board under Section 2(41) of the Companies Act 2013 permitting the Company to continue having January 
17-Dec-2015 11:33:00,Press Release,"ACC Limited has informed the Exchange regarding a media release dated December 17, 2015, titled ""ACC wins the prestigious CII-ITC Sustainability Award 2015 for ""Outstanding Accomplishment"" of Corporat"
14-Dec-2015 08:07:00,Updates,"ACC Limited has informed the Exchange vide letter dated December 12, 2015 regarding ""Order of the Competition Appellate Tribunal (COMPAT)""."
09-Dec-2015 14:33:00,Appointment of Director,"ACC Limited has informed the Exchange that the Board of Directors at its meeting held on December 09, 2015 has appointed Mr. Christof Haessig as an Additional Director on the Board of the Company in t"
20-Oct-2015 19:19:00,Press Release,"ACC Limited has informed the Exchange regarding a media release dated October 20, 2015, titled ""Consolidated Results for Third Quarter (July-September) 2015""."
20-Oct-2015 19:14:57,Financial Result Updates,ACC Limited has submitted to the exchange the standalone & consolidated financial results along with the Limited Review Report for the period ended 30-Sep-2015.
05-Oct-2015 14:48:00,Updates,"ACC Limited has informed the Exchange regarding the Statement giving the number of investor complaints pending at the beginning of the quarter, those received during the quarter and disposed off durin"
18-Sep-2015 14:11:00,Trading Window,"ACC Limited has informed the Exchange that the trading window under the Code of Conduct for Prevention of Insider Trading will be closed from October 01, 2015 and will continue to remain closed till 4"
17-Jul-2015 19:02:38,Financial Result Updates,ACC Limited has submitted to the exchange the standalone & consolidated financial results along with the Limited Review Report for the period ended 30-Jun-2015.
17-Jul-2015 19:02:00,Dividend,"ACC Limited has informed the Exchange that the Board of Directors of the Company at its meeting held on July 17, 2015 has approved the payment of an interim dividend at the rate of Rs. 11/-per equity "
17-Jul-2015 19:01:00,Outcome of Board Meeting,"ACC Limited has informed the Exchange regarding outcome of meeting of the Board of Directors of the Company held on July 17, 2015."
17-Jul-2015 18:52:00,Press Release,"ACC Limited has informed the Exchange regarding a press release dated July 17, 2015 titled ""Consolidated Financial Results for Second Quarter (April-June) 2015""."
09-Jul-2015 12:57:00,Record Date,"ACC Limited has informed the Exchange that the Company has fixed Record Date as July 23, 2015 for the purpose of determining the shareholders who will be entitled to the interim dividend, if any, decl"
09-Jul-2015 12:49:00,Date of payment of dividend,"ACC Limited has informed the Exchange that the Interim Dividend if any, declared will be paid on and from July 31, 2015."
09-Jul-2015 12:43:00,Trading Window,"ACC Limited has informed the Exchange that The trading window under the Code of Conduct for Prevention of Insider Trading was closed from July 1, 2015 and will continue to remain closed till 48 hours "
03-Jul-2015 19:49:00,Updates,ACC Limited has informed the Exchange that Limestone Mining Operations at Chaibasa Cement Works has been suspended on account of requirement of further clearances from the Government of Jharkhand.
22-Jun-2015 18:17:00,"Code of Conduct under SEBI(PIT) Reg., 2015","ACC Limited has informed the Exchange vide letter dated June 17, 2015 regarding the SEBI (Prohibition of Insider Trading) Regulations, 2015."
17-Jun-2015 11:51:00,Updates,"ACC Limited has informed the Exchange vide its letter dated October 10, 2014 about the suspension of limestone mining operations at Company's Bargarh Cement Works. Further thereto, Company are pleased"
16-May-2015 17:42:00,"Code of Conduct under SEBI(PIT) Reg., 2015","ACC Limited has informed the Exchange that as directed by SEBI vide its circular dated May 11, 2015, they confirm that : - 1) Pursuant to Regulations 8 of the SEBI (Prohibitin of Insider Trading) Rgul"
30-Apr-2015 12:57:00,Disc. under Reg.30 of SEBI (SAST) Reg.2011,"Holcim (India) Private Limited has submitted to the Exchange vide letter dated April 27, 2015 a copy of disclosure under Regulation 30(1) and 30(2) of SEBI (Substantial Acquisition of Shares & Takeove"
17-Apr-2015 18:45:00,Annual General Meeting Updates,"ACC Limited has informed the Exchange regarding Minutes of the Annual General Meeting of the Company held on March 20, 2015."
15-Apr-2015 09:43:03,Financial Result Updates,"ACC Limited, ACC Limited has submitted to the exchange the standalone & consolidated financial results along with the Limited Review Report for the period ended 31-Mar-2015."
15-Apr-2015 08:26:00,Press Release,"ACC Limited has informed the Exchange regarding a media release dated April 14, 2015 , titled ""Consolidated Financial Results for First Quarter (January-March) 2015""."
06-Apr-2015 13:49:00,Trading Window,"ACC Limited has informed the Exchange that the trading window under the Code of Conduct for Prevention of Insider Trading was closed from April 01, 2015 and will continue to remain closed till 48 hour"
23-Mar-2015 08:31:00,Disclosure of Voting Pattern - Clause 35A,"ACC Limited has submitted to the Exchange the details of voting results of the Annual General Meeting of the Company held on March 20, 2015 along with Report of Scrutinizer pursuant to Clause 35A of t"
20-Mar-2015 19:38:00,Annual General Meeting Updates,"ACC Limited has informed the Exchange regarding Outcome of the Annual General Meeting held on March 20, 2015 as per Clause 35A of the Listing Agreement."
11-Feb-2015 18:29:00,Press Release,"ACC Limited has informed the Exchange regarding a media release dated February 11, 2015, titled ""ACC Wins Gold Shield at the ICAI Awards for Excellence in Financial Reporting 2013-2014""."
11-Feb-2015 17:36:00,Clarification,"The Exchange had sought clarification from ACC Limited with respect to announcement dated February 10, 2015 regarding ""Limestone mining operations have been resumed at the captive mines of the Company"
11-Feb-2015 14:17:00,Clarification,"The Exchange had sought clarification from ACC Limited with respect to announcement dated February 10, 2015 regarding  Limestone mining operations have been resumed at the captive mines of the Company"
10-Feb-2015 16:00:00,Updates,"With reference to announcement dated October 10, 2014 ACC Limited has informed the Exchange that limestone mining operations have been resumed at the captive mines of the Company's Chaibasa plant in J"
10-Feb-2015 12:07:00,Date of payment of dividend,"ACC Limited has informed the Exchange with reference to the announcement dated February 3, 2015, It would be possible for the Company to pay dividend on and from March 24, 2015 instead of March 26, 20"
03-Feb-2015 14:38:00,AGM/Book Closure,"ACC Limited has informed the Exchange that the Company has informed the Exchange that the Register of Members & Share Transfer Books of the Company will remain closed from March 14, 2015 to March 20, "
03-Feb-2015 14:36:00,Date of payment of dividend,"ACC Limited has informed the Exchange that the dividend will be payable on and from March 26, 2015."
03-Feb-2015 14:24:00,Press Release,"ACC Limited has informed the Exchange regarding a media release dated February 03, 2015 titled ""Consolidated Results for the year ended December 31, 2014""."
03-Feb-2015 14:23:00,Dividend,"ACC Limited has informed the Exchange that the Board of Directors of the Company at its meeting held on February 3, 2015 has recommended payment of an Final dividend at the rate of Rs.19/- per equity "
03-Feb-2015 14:19:03,Financial Result Updates,ACC Limited has submitted to the exchange the standalone & consolidated financial results along with the Auditors Report for the period ended 31-Dec-2014.
14-Jan-2015 14:11:00,Trading Window,"ACC Limited has informed the Exchange that the trading window under the Code of Conduct for Prevention of Insider Trading was closed from January 1, 2015 and will continue to remain closed till 48 hou"
01-Jan-2015 16:11:00,Disclosure under SEBI Takeover Regulations,"Life Insurance Corporation of India has submitted to the Exchange, vide letter dated January 1, 2015 a copy of disclosure under Regulation 29(2) of SEBI (Substantial Acquisition of Shares & Takeovers)"
