date,desc,text
08-Jul-2026 11:09:47,Record Date,Angel One Limited has informed the Exchange about record date for first interim dividend for FY 2026-27
07-Jul-2026 13:27:01,"Certificate under SEBI (Depositories and Participants) Regulations, 2018","Angel One Limited has informed the Exchange about Certificate under SEBI (Depositories and Participants) Regulations, 2018"
03-Jul-2026 07:37:49,Monthly Business Updates,Angel One Limited has informed the Exchange regarding Monthly Business Updates for the month of June 2026
02-Jul-2026 17:57:41,ESOP/ESOS/ESPS,Angel One Limited has informed the Exchange regarding Grant of 25166  Options.
30-Jun-2026 16:45:51,ESOP/ESOS/ESPS,Angel One Limited has informed the Exchange regarding Allotment of 169561  Shares.
29-Jun-2026 15:24:58,Disclosure under SEBI Takeover Regulations,"Dinesh Thakkar has Submitted to the Exchange a copy of Disclosure under Regulation 31(4) of the Securities and Exchange Board of India (Substantial Acquisition of Shares and Takeovers) Regulations, 20"
24-Jun-2026 15:15:20,Analysts/Institutional Investor Meet/Con. Call Updates,Angel One Limited has informed the Exchange about Schedule of meet
24-Jun-2026 11:36:07,Disclosure under SEBI Takeover Regulations,"Dinesh Thakkar has Submitted to the Exchange a copy of Disclosure under Regulation 31(4) of the Securities and Exchange Board of India (Substantial Acquisition of Shares and Takeovers) Regulations, 20"
19-Jun-2026 18:27:46,Trading Window,"Angel One Limited has informed the Exchange regarding the Trading Window closure pursuant to SEBI (Prohibition of Insider Trading) Regulations, 2015"
19-Jun-2026 12:18:51,ESOP/ESOS/ESPS,Angel One Limited has informed the Exchange regarding Grant of 734576  Options.
17-Jun-2026 20:04:11,General Updates,Angel One Limited has informed the Exchange about transcript of 30th AGM
15-Jun-2026 20:48:17,Action(s) taken or orders passed,Angel One Limited has informed the Exchange about Action(s) taken or orders passed
12-Jun-2026 22:30:24,Shareholders meeting,Proceedings and  the AGM pursuant to Regulation 30 of the Listing Regulations   Annexure AThe voting results of the business transacted at the AGM in the prescribed format pursuant to Regulation 44(3)
04-Jun-2026 12:25:21,Press Release,"Angel One Limited has informed the Exchange regarding a press release dated Jun 04, 2026, titled ""Ajit Narayanan Joins Angel One as Chief Technology Officer""."
04-Jun-2026 12:17:43,Appointment,"Angel One Limited has informed the Exchange regarding Appointment of Mr AjitNarayan as ChIef Technology officer  of the company w.e.f. Jun 08, 2026."
04-Jun-2026 07:15:23,Monthly Business Updates,Angel One Limited has informed the Exchange regarding Monthly Business Updates for the month of May 2026
03-Jun-2026 20:41:04,Analysts/Institutional Investor Meet/Con. Call Updates,Angel One Limited has informed the Exchange about Schedule of meet
03-Jun-2026 11:38:26,ESOP/ESOS/ESPS,Angel One Limited has informed the Exchange regarding Grant of 492871(RSUs)  Options.
27-May-2026 20:45:10,ESOP/ESOS/ESPS,Angel One Limited has informed the Exchange regarding Allotment of 1350620  Shares.
26-May-2026 20:52:42,Analysts/Institutional Investor Meet/Con. Call Updates,Angel One Limited has informed the Exchange about Schedule of meet
26-May-2026 20:52:42,Analysts/Institutional Investor Meet/Con. Call Updates,Angel One Limited has informed the Exchange about Schedule of meet
26-May-2026 20:52:42,Analysts/Institutional Investor Meet/Con. Call Updates,Angel One Limited has informed the Exchange about Schedule of meet
26-May-2026 20:52:42,Analysts/Institutional Investor Meet/Con. Call Updates,Angel One Limited has informed the Exchange about Schedule of meet
26-May-2026 20:43:13,General Updates,Angel One Limited has informed the Exchange about General Updates
21-May-2026 11:14:11,Copy of Newspaper Publication,Angel One Limited has informed the Exchange about Copy of Newspaper Publication of 30th Annual General Meeting of the Company
20-May-2026 22:31:10,Shareholders meeting,"Angel One Limited has informed the Exchange regarding Notice of 30th Annual General Meeting to to be held on Jun 12, 2026"
08-May-2026 19:05:06,Resignation of Director/KMP/SMP,Angel One Limited has informed the Exchange about Resignation of Director/KMP/SMP
08-May-2026 15:29:18,Change in Management,Angel One Limited has informed the Exchange about change in Management
06-May-2026 19:11:58,Analysts/Institutional Investor Meet/Con. Call Updates,Angel One Limited has informed the Exchange about Schedule of meet
06-May-2026 07:31:13,Monthly Business Updates,Angel One Limited has informed the Exchange regarding Monthly Business Updates for the month of April 2026
30-Apr-2026 18:10:07,ESOP/ESOS/ESPS,Angel One Limited has informed the Exchange regarding Allotment of 1139549  Shares.
22-Apr-2026 15:15:49,Analysts/Institutional Investor Meet/Con. Call Updates,Angel One Limited has informed the Exchange about Transcript
17-Apr-2026 17:39:42,Analysts/Institutional Investor Meet/Con. Call Updates,Angel One Limited has informed the Exchange about Link of Recording
17-Apr-2026 16:29:02,ESOP/ESOS/ESPS,Angel One Limited has informed the Exchange regarding Grant of 7346277  Options.
17-Apr-2026 12:32:39,Copy of Newspaper Publication,Angel One Limited has informed the Exchange about Copy of Newspaper Publication
16-Apr-2026 20:48:58,General Updates,Angel One Limited has informed the Exchange about General Updates
16-Apr-2026 20:23:49,Outcome of Board Meeting,Outcome of Board meeting
16-Apr-2026 20:04:29,Press Release,"Angel One Limited has informed the Exchange regarding a press release dated April 16, 2026, titled ""Q4 FY26 Business Performance Highlights""."
16-Apr-2026 20:01:53,Investor Presentation,Angel One Limited has informed the Exchange about Investor Presentation
16-Apr-2026 19:59:47,Outcome of Board Meeting,"Angel One Limited has submitted to the Exchange, the financial results for the period ended March 31, 2026."
08-Apr-2026 16:12:56,"Certificate under SEBI (Depositories and Participants) Regulations, 2018","Angel One Limited has informed the Exchange about Certificate under SEBI (Depositories and Participants) Regulations, 2018"
08-Apr-2026 07:27:51,Monthly Business Updates,Angel One Limited has informed the Exchange regarding Monthly Business Updates for the month of March 2026 Q4 26 and FY 26
30-Mar-2026 18:12:03,ESOP/ESOS/ESPS,Angel One Limited has informed the Exchange regarding Allotment of 1804070  Shares.
27-Mar-2026 19:21:52,Trading Window,"Angel One Limited has informed the Exchange regarding the Trading Window closure pursuant to SEBI (Prohibition of Insider Trading) Regulations, 2015"
20-Mar-2026 12:30:55,Record Date,Angel One Limited has informed the Exchange that Record date for the purpose of Dividend  is 27-Mar-2026.
20-Mar-2026 12:29:40,Dividend,"Angel One Limited has informed the Exchange that Board of Directors by way or circular resolution   on March 20, 2026, declared Interim Dividend of Rs. 1.75 per equity share."
19-Mar-2026 20:29:12,Action(s) taken or orders passed,Angel One Limited has informed the Exchange about Action(s) taken or orders passed
16-Mar-2026 20:54:47,Record Date,Angel One Limited has informed the Exchange that Record date for the purpose of Dividend  is 27-Mar-2026.
16-Mar-2026 20:52:56,Updates,"Board of Directors will consider declaration of the 2nd interim dividend, for the financial year 2025-26, by circular resolution on Friday, March 20, 2026"
06-Mar-2026 15:09:15,ESOP/ESOS/ESPS,Angel One Limited has informed the Exchange regarding Grant of 7886 (RSU)  Options.
06-Mar-2026 07:56:48,Monthly Business Updates,Angel One Limited has informed the Exchange regarding Monthly Business Updates for the month of February 2026
24-Feb-2026 15:04:30,Allotment of Securities,"Angel One Limited has informed the Exchange regarding allotment of 5000 securities pursuant to Non Convertible Securities at its meeting held on February 24, 2026"
23-Feb-2026 12:20:02,Analysts/Institutional Investor Meet/Con. Call Updates,Angel One Limited has informed the Exchange about Schedule of meet
23-Feb-2026 12:20:02,Analysts/Institutional Investor Meet/Con. Call Updates,Angel One Limited has informed the Exchange about Schedule of meet
23-Feb-2026 12:20:02,Analysts/Institutional Investor Meet/Con. Call Updates,Angel One Limited has informed the Exchange about Schedule of meet
23-Feb-2026 12:20:02,Analysts/Institutional Investor Meet/Con. Call Updates,Angel One Limited has informed the Exchange about Schedule of meet
18-Feb-2026 21:38:09,Record Date,Angel One Limited has informed the Exchange that Record date for the purpose of Split/Subdivision  is 26-Feb-2026.
18-Feb-2026 21:24:52,Shareholders meeting,Angel One Limited has informed the Exchange about Shareholders meeting
12-Feb-2026 15:27:21,ESOP/ESOS/ESPS,Angel One Limited has informed the Exchange regarding Allotment of 25186  Shares.
06-Feb-2026 18:53:39,Analysts/Institutional Investor Meet/Con. Call Updates,Angel One Limited has informed the Exchange about Schedule of meet
06-Feb-2026 18:53:39,Analysts/Institutional Investor Meet/Con. Call Updates,Angel One Limited has informed the Exchange about Schedule of meet
06-Feb-2026 18:53:39,Analysts/Institutional Investor Meet/Con. Call Updates,Angel One Limited has informed the Exchange about Schedule of meet
06-Feb-2026 18:42:32,ESOP/ESOS/ESPS,Angel One Limited has informed the Exchange regarding Grant of 3586  Options.
04-Feb-2026 12:50:24,ESOP/ESOS/ESPS,Angel One Limited has informed the Exchange regarding Grant of 1602  Options.
04-Feb-2026 07:21:24,Monthly Business Updates,Angel One Limited has informed the Exchange regarding Monthly Business Updates for the month of January 2026
03-Feb-2026 14:54:56,Issue of Securities,Angel One Limited has informed the Exchange about issue of Securities
03-Feb-2026 14:46:54,Outcome of Board Meeting,"Angel One Limited has informed the Exchange regarding  Board meeting held on February 03, 2026. Outcome of Loan, Investment and Borrowings Committee Meeting    Issuance of Senior, Rated, Secured, List"
30-Jan-2026 12:58:37,ESOP/ESOS/ESPS,Angel One Limited has informed the Exchange regarding Allotment of 24851  Shares.
21-Jan-2026 20:48:41,Analysts/Institutional Investor Meet/Con. Call Updates,Angel One Limited has informed the Exchange about Transcript
20-Jan-2026 12:46:30,General Updates,"Angel One Limited has informed the Exchange about  Intimation under Regulation 30 and 47 of SEBI (Listing Obligations and Disclosure Requirements) Regulations, 2015 - Newspaper Advertisements for Post"
19-Jan-2026 19:19:41,Shareholders meeting,Angel One Limited has informed the Exchange regarding Notice of Postal Ballot
16-Jan-2026 17:56:26,Analysts/Institutional Investor Meet/Con. Call Updates,Angel One Limited has informed the Exchange about Transcript
16-Jan-2026 15:15:47,Updates,"Angel One Limited has informed the Exchange regarding 'Financial Results for quarter ended December 31,2025'."
16-Jan-2026 12:42:46,Copy of Newspaper Publication,"Angel One Limited has informed the Exchange about Copy of Newspaper Publication for Unaudited Financial Results of the Company for the quarter ended December 31, 2025"
15-Jan-2026 18:57:14,Investor Presentation,Angel One Limited has informed the Exchange about Investor Presentation
15-Jan-2026 18:57:14,Press Release,"Angel One Limited has informed the Exchange regarding a press release dated January 15, 2026, titled ""Press Release- Q3 FY26 Business Performance Highlights""."
15-Jan-2026 18:48:26,Record Date,Angel One Limited has informed the Exchange that Record date for the purpose of Dividend  is 21-Jan-2026.
15-Jan-2026 18:45:57,Dividend,"Angel One Limited has informed the Exchange that Board of Directors at its meeting held on January 15, 2026, declared Interim Dividend of 23 per equity share."
15-Jan-2026 18:44:30,Stock split,"Angel One Limited has informed the Exchange that the Board of Directors at its meeting held on January 15, 2026, has considered and approved subdivision of 1 equity shares of 10 each into 10 equity sh"
15-Jan-2026 18:34:43,Amendment to AOA/MOA,Angel One Limited has informed the Exchange regarding the Amendment to AOA/MOA of the company.
15-Jan-2026 18:34:43,Stock split,"Angel One Limited has informed the Exchange that the Board of Directors at its meeting held on January 15, 2026, has considered and approved subdivision of 1 equity shares of Rs. 10 each into 10 equit"
15-Jan-2026 18:34:43,Outcome of Board Meeting,"Angel One Limited has submitted to the Exchange, the financial results for the period ended December 31, 2025."
15-Jan-2026 18:34:43,Dividend,"Angel One Limited has informed the Exchange that Board of Directors at its meeting held on January 15, 2026, declared Interim Dividend of Rs. 23 per equity share."
15-Jan-2026 18:22:00,Outcome of Board Meeting,"Angel One Limited has informed the Exchange regarding  Board meeting held on January 15, 2026."
08-Jan-2026 07:49:51,Monthly Business Updates,Angel One Limited has informed the Exchange regarding Monthly Business Updates for the month of December 2025 and Q3 FY 26
07-Jan-2026 19:50:49,Record Date,Angel One Limited has informed the Exchange that Record date for the purpose of Dividend  is 21-Jan-2026.
06-Jan-2026 20:55:15,ESOP/ESOS/ESPS,Angel One Limited has informed the Exchange regarding Grant of 4809  Options.
06-Jan-2026 13:11:46,"Certificate under SEBI (Depositories and Participants) Regulations, 2018","Angel One Limited has informed the Exchange about Certificate under SEBI (Depositories and Participants) Regulations, 2018"
05-Jan-2026 20:08:11,Press Release,"Angel One Limited has informed the Exchange regarding a press release dated January 05, 2026, titled ""Press Release - Ajit Sinha joins Angel One as General Counsel""."
05-Jan-2026 10:53:20,Change in Management,"Angel One Limited has informed the Exchange about change in Management-appointment of Mr. Ajit Sinha as General Counsel of the Company with effect from January 05, 2026"
30-Dec-2025 15:55:54,ESOP/ESOS/ESPS,Angel One Limited has informed the Exchange regarding Allotment of 16140  Shares.
23-Dec-2025 11:22:36,Updates,Angel One Limited has informed the Exchange regarding ' AngelOne Limited has been awarded ISO 22301:2019 Certification for its Business ContinuityManagement System (BCMS) by Intertek Certification Lim
16-Dec-2025 17:18:08,Trading Window,"Angel One Limited has informed the Exchange regarding the Trading Window closure pursuant to SEBI (Prohibition of Insider Trading) Regulations, 2015"
05-Dec-2025 20:59:36,Updates,"Angel One Limited has informed the Exchange regarding 'Clarification on recent media publication appearing on  www.moneycontrol.com  dated December 05, 2025 captioned  Cloudflare down: Outage hits tra"
05-Dec-2025 20:54:45,News Verification,"The Exchange has sought clarification from Angel One Limited with respect to recent news item captioned Cloudflare down: Brief outage hits trading platforms like Zerodha, Groww and others.  The respon"
05-Dec-2025 17:43:44,News Verification,"The Exchange has sought clarification from Angel One Limited with respect to recent news item captioned Cloudflare down: Brief outage hits trading platforms like Zerodha, Groww and others.  The respon"
03-Dec-2025 07:55:56,Monthly Business Updates,Angel One Limited has informed the Exchange regarding Monthly Business Updates for the month of November 2025
27-Nov-2025 15:59:37,ESOP/ESOS/ESPS,Angel One Limited has informed the Exchange regarding Allotment of 31590  Shares.
19-Nov-2025 15:36:44,Analysts/Institutional Investor Meet/Con. Call Updates,Angel One Limited has informed the Exchange about Schedule of meet
17-Nov-2025 15:51:53,Change in Management,Angel One Limited has informed the Exchange about change in Management
12-Nov-2025 16:11:28,Action(s) taken or orders passed,Angel One Limited has informed the Exchange about adjudication order passed by SEBI
06-Nov-2025 07:15:40,Monthly Business Updates,Angel One Limited has informed the Exchange regarding Monthly Business Updates for the month of October 2025
04-Nov-2025 20:33:48,Action(s) taken or orders passed,Angel One Limited has informed the Exchange about disclosure regarding the settlement order passed by Securities and Exchange Board of India (SEBI)
04-Nov-2025 19:49:18,Analysts/Institutional Investor Meet/Con. Call Updates,Angel One Limited has informed the Exchange about Schedule of meet
04-Nov-2025 19:49:18,Analysts/Institutional Investor Meet/Con. Call Updates,Angel One Limited has informed the Exchange about Schedule of meet
04-Nov-2025 19:49:18,Analysts/Institutional Investor Meet/Con. Call Updates,Angel One Limited has informed the Exchange about Schedule of meet
03-Nov-2025 17:54:03,ESOP/ESOS/ESPS,Angel One Limited has informed the Exchange regarding Grant of 2090  Options.
30-Oct-2025 15:42:47,ESOP/ESOS/ESPS,Angel One Limited has informed the Exchange regarding Allotment of   Shares.
23-Oct-2025 17:30:54,Analysts/Institutional Investor Meet/Con. Call Updates,Angel One Limited has informed the Exchange about Transcript
16-Oct-2025 18:49:17,Analysts/Institutional Investor Meet/Con. Call Updates,Angel One Limited has informed the Exchange about Transcript and Link of Recording
16-Oct-2025 12:19:44,Copy of Newspaper Publication,Angel One Limited has informed the Exchange about Copy of Newspaper Publication
15-Oct-2025 19:46:53,Press Release,"Angel One Limited has informed the Exchange regarding a press release dated October 15, 2025, titled ""Press Release- Q2 FY26 Business Performance Highlights""."
15-Oct-2025 19:44:25,Investor Presentation,Angel One Limited has informed the Exchange about Investor Presentation
15-Oct-2025 19:36:54,Outcome of Board Meeting,"Angel One Limited has submitted to the Exchange, the financial results for the period ended September 30, 2025."
15-Oct-2025 19:26:38,Outcome of Board Meeting,"Angel One Limited has informed the Exchange regarding  Board meeting held on October 15, 2025."
07-Oct-2025 15:49:28,"Certificate under SEBI (Depositories and Participants) Regulations, 2018","Angel One Limited has informed the Exchange about Certificate under SEBI (Depositories and Participants) Regulations, 2018"
06-Oct-2025 07:49:04,Monthly Business Updates,Angel One Limited has informed the Exchange regarding Monthly Business Updates for the month of September 2025
04-Oct-2025 19:45:03,Action(s) taken or orders passed,Angel One Limited has informed the Exchange about disclosure of action letter received regarding the penalty levied by National Stock Exchange of India Limited (NSE) pursuant to limited purpose inspec
03-Oct-2025 18:53:19,ESOP/ESOS/ESPS,Angel One Limited has informed the Exchange regarding Grant of 64637  Options.
01-Oct-2025 17:09:16,Press Release,Press Release - Sridhar Govardhan joins Angel One as Group Chief InformationSecurity Officer
01-Oct-2025 13:25:49,Change in Management,Angel One Limited has informed the Exchange about change in Management
30-Sep-2025 18:22:30,Analysts/Institutional Investor Meet/Con. Call Updates,Angel One Limited has informed the Exchange about Schedule of meet
30-Sep-2025 17:27:47,ESOP/ESOS/ESPS,Angel One Limited has informed the Exchange regarding Allotment of 48342  Shares.
24-Sep-2025 16:44:32,Analysts/Institutional Investor Meet/Con. Call Updates,Angel One Limited has informed the Exchange about Schedule of meet
19-Sep-2025 13:55:46,Analysts/Institutional Investor Meet/Con. Call Updates,Angel One Limited has informed the Exchange about Schedule of meet
16-Sep-2025 19:08:17,General Updates,Angel One Limited has informed the Exchange about Incorporation of associate company
11-Sep-2025 17:55:32,ESOP/ESOS/ESPS,Angel One Limited has informed the Exchange regarding Grant of 98432 Restrictive Stock Units
10-Sep-2025 18:22:14,Trading Window,"Angel One Limited has informed the Exchange regarding the Trading Window closure pursuant to SEBI (Prohibition of Insider Trading) Regulations, 2015"
04-Sep-2025 07:20:08,Monthly Business Updates,Angel One Limited has informed the Exchange regarding Monthly Business Updates for the month of August 2025
03-Sep-2025 15:22:52,ESOP/ESOS/ESPS,Angel One Limited has informed the Exchange regarding Grant of 6920  Options.
03-Sep-2025 13:49:48,Analysts/Institutional Investor Meet/Con. Call Updates,Angel One Limited has informed the Exchange about Schedule of meet
29-Aug-2025 18:24:45,ESOP/ESOS/ESPS,Angel One Limited has informed the Exchange regarding Allotment of 30418  Shares.
28-Aug-2025 15:57:12,Analysts/Institutional Investor Meet/Con. Call Updates,Angel One Limited has informed the Exchange about Schedule of meet
28-Aug-2025 15:57:12,Analysts/Institutional Investor Meet/Con. Call Updates,Angel One Limited has informed the Exchange about Schedule of meet
14-Aug-2025 18:47:22,Change in Management,Angel One Limited has informed the Exchange about change in Management
12-Aug-2025 19:12:50,Analysts/Institutional Investor Meet/Con. Call Updates,Angel One Limited has informed the Exchange about Schedule of meet
05-Aug-2025 08:01:05,Monthly Business Updates,Angel One Limited has informed the Exchange regarding Monthly Business Updates for the month of July 2025
05-Aug-2025 07:59:36,ESOP/ESOS/ESPS,Angel One Limited has informed the Exchange regarding Grant of 3291  Options.
04-Aug-2025 16:08:27,Analysts/Institutional Investor Meet/Con. Call Updates,Angel One Limited has informed the Exchange about Schedule of meet
30-Jul-2025 18:08:46,ESOP/ESOS/ESPS,Angel One Limited has informed the Exchange regarding Allotment of 92397  Shares.
23-Jul-2025 17:50:20,Analysts/Institutional Investor Meet/Con. Call Updates,Angel One Limited has informed the Exchange about Transcript
23-Jul-2025 17:39:38,Press Release,"Angel One Limited has informed the Exchange regarding a press release dated July 23, 2025, titled ""Angel One and LivWell Announce a Digital-First Life Insurance Joint Venture""."
23-Jul-2025 17:24:39,Outcome of Board Meeting,"Outcome of Board Meeting held today i.e. July 23, 2025, under Regulation 30 of SEBI(Listing Obligations and Disclosure Requirements), Regulations, 2015"
17-Jul-2025 20:52:52,Analysts/Institutional Investor Meet/Con. Call Updates,Angel One Limited has informed the Exchange about Link of Recording
17-Jul-2025 11:19:49,Copy of Newspaper Publication,Angel One Limited has informed the Exchange about Copy of Newspaper Publication
16-Jul-2025 20:15:34,Investor Presentation,Angel One Limited has informed the Exchange about Investor Presentation
16-Jul-2025 20:11:15,Press Release,"Angel One Limited has informed the Exchange regarding a press release dated July 16, 2025, titled ""Press Release- Q1 FY26 Business Performance Highlights""."
16-Jul-2025 19:49:35,Outcome of Board Meeting,"Angel One Limited has informed the Exchange regarding  Board meeting held on July 16, 2025."
16-Jul-2025 19:44:28,Outcome of Board Meeting,"Angel One Limited has submitted to the Exchange, the financial results for the period ended Jun 30, 2025."
07-Jul-2025 12:46:15,"Certificate under SEBI (Depositories and Participants) Regulations, 2018","Angel One Limited has informed the Exchange about Certificate under SEBI (Depositories and Participants) Regulations, 2018"
04-Jul-2025 12:51:21,Monthly Business Updates,Angel One Limited has informed the Exchange regarding Monthly Business Updates for the month of June 2025
04-Jul-2025 07:51:17,Monthly Business Updates,Angel One Limited has informed the Exchange regarding Monthly Business Updates for the month of June 2025
02-Jul-2025 19:57:14,ESOP/ESOS/ESPS,Angel One Limited has informed the Exchange regarding Grant of 176730  Options.
27-Jun-2025 15:12:33,ESOP/ESOS/ESPS,Angel One Limited has informed the Exchange regarding Allotment of 68486  Shares.
27-Jun-2025 14:00:48,General Updates,Angel One Limited has informed the Exchange about approval received for re-classification of shareholders of Angel One Limited ( the Company ) from the  Promoter and Promoter Group  category to the  P
20-Jun-2025 17:39:35,Disclosure under SEBI Takeover Regulations, Dinesh D. Thakkar has Submitted to the Exchange a copy of Disclosure under Regulation 31(4) of the Securities and Exchange Board of India (Substantial Acquisition of Shares and Takeovers) Regulations
19-Jun-2025 16:22:35,Resignation,"Angel One Limited has informed the Exchange regarding Resignation of  Mr. Devender Kumar as Chief Revenue Officer-Direct Business of the company w.e.f. September 30, 2025."
18-Jun-2025 19:48:44,Updates,Angel One Limited has informed the Exchange regarding 'Transcript of 29th Annual General Meeting of Angel One Limited'.
18-Jun-2025 18:52:13,Analysts/Institutional Investor Meet/Con. Call Updates,Angel One Limited has informed the Exchange about over call
18-Jun-2025 18:45:22,Trading Window,"Angel One Limited has informed the Exchange regarding the Trading Window closure pursuant to SEBI (Prohibition of Insider Trading) Regulations, 2015"
11-Jun-2025 19:25:21,Analysts/Institutional Investor Meet/Con. Call Updates,Angel One Limited has informed the Exchange about Schedule of meet
11-Jun-2025 19:25:21,Analysts/Institutional Investor Meet/Con. Call Updates,Angel One Limited has informed the Exchange about Schedule of meet
11-Jun-2025 19:25:21,Analysts/Institutional Investor Meet/Con. Call Updates,Angel One Limited has informed the Exchange about Schedule of meet
11-Jun-2025 19:25:21,Analysts/Institutional Investor Meet/Con. Call Updates,Angel One Limited has informed the Exchange about Schedule of meet
11-Jun-2025 19:25:21,Analysts/Institutional Investor Meet/Con. Call Updates,Angel One Limited has informed the Exchange about Schedule of meet
11-Jun-2025 19:25:21,Analysts/Institutional Investor Meet/Con. Call Updates,Angel One Limited has informed the Exchange about Schedule of meet
11-Jun-2025 17:40:07,Resignation,"Angel One Limited has informed the Exchange regarding Resignation of  Mr. Ketan Shah as Other of the company w.e.f. July 18, 2025."
09-Jun-2025 23:14:41,Shareholders meeting,"The 29th Annual General Meeting ( AGM ) of the Company was held on Monday, June 09, 2025 at                    10:33 a.m. (IST) and concluded at 11:40 a.m. (IST) through Video Conferencing (VC) / Othe"
09-Jun-2025 23:05:23,Shareholders meeting,"Angel One Limited has informed the Exchange regarding Proceedings of Annual General Meeting held on Jun 09, 2025. Further, the company has submitted the Exchange a copy of Srutinizers report."
06-Jun-2025 15:48:09,Updates,Angel One Limited has informed the Exchange regarding 'Clarifications on the proposed resolutions for the approval of the shareholders at the Annual General Meeting'.
05-Jun-2025 07:36:45,Monthly Business Updates,Angel One Limited has informed the Exchange regarding Monthly Business Updates for the month of May 2025
04-Jun-2025 19:57:36,Analysts/Institutional Investor Meet/Con. Call Updates,Angel One Limited has informed the Exchange about Virtual
04-Jun-2025 13:08:24,ESOP/ESOS/ESPS,Angel One Limited has informed the Exchange regarding Grant of   Options.
28-May-2025 17:38:08,General Updates,Angel One Limited has informed the Exchange about General Updates
22-May-2025 15:52:03,ESOP/ESOS/ESPS,Angel One Limited has informed the Exchange regarding Allotment of   Shares.
17-May-2025 14:46:05,Copy of Newspaper Publication,Angel One Limited has informed the Exchange about Copy of Newspaper Publication
16-May-2025 21:16:59,Shareholders meeting,"Angel One Limited has informed the Exchange regarding Notice of Annual General Meeting to be held on Jun 09, 2025"
14-May-2025 18:40:12,Analysts/Institutional Investor Meet/Con. Call Updates,Angel One Limited has informed the Exchange about Schedule of meet
14-May-2025 18:40:12,Analysts/Institutional Investor Meet/Con. Call Updates,Angel One Limited has informed the Exchange about Schedule of meet
14-May-2025 18:40:12,Analysts/Institutional Investor Meet/Con. Call Updates,Angel One Limited has informed the Exchange about Schedule of meet
14-May-2025 18:40:12,Analysts/Institutional Investor Meet/Con. Call Updates,Angel One Limited has informed the Exchange about Schedule of meet
14-May-2025 18:40:12,Analysts/Institutional Investor Meet/Con. Call Updates,Angel One Limited has informed the Exchange about Schedule of meet
14-May-2025 18:40:12,Analysts/Institutional Investor Meet/Con. Call Updates,Angel One Limited has informed the Exchange about Schedule of meet
14-May-2025 18:17:10,General Updates,Angel One Limited has informed the Exchange about General Updates
14-May-2025 18:11:23,Record Date,Angel One Limited has informed the Exchange that Record date for the purpose of Dividend  is 30-May-2025.
14-May-2025 18:09:00,Outcome of Board Meeting,"Angel One Limited has informed the Exchange regarding  Board meeting held on May 14, 2025."
09-May-2025 20:44:15,ESOP/ESOS/ESPS,Angel One Limited has informed the Exchange regarding Grant of 2203  Options.
07-May-2025 07:57:01,Monthly Business Updates,Angel One Limited has informed the Exchange regarding Monthly Business Updates for the month of April 2025
03-May-2025 12:54:50,ESOP/ESOS/ESPS,Angel One Limited has informed the Exchange regarding Grant of 4260  Options.
30-Apr-2025 16:22:13,Credit Rating,Angel One Limited has informed the Exchange about Credit Rating
29-Apr-2025 19:49:41,Allotment of Securities,"Angel One Limited has informed the Exchange regarding allotment of 133906 securities pursuant to ESOP/ESPS at its meeting held on April 29, 2025"
21-Apr-2025 17:10:57,Analysts/Institutional Investor Meet/Con. Call Updates,Angel One Limited has informed the Exchange about Transcript
17-Apr-2025 18:49:35,Analysts/Institutional Investor Meet/Con. Call Updates,Angel One Limited has informed the Exchange about Link of Recording
17-Apr-2025 15:48:10,ESOP/ESOS/ESPS,Angel One Limited has informed the Exchange regarding Grant of 577963  Options.
17-Apr-2025 12:25:55,Copy of Newspaper Publication,Angel One Limited has informed the Exchange about Copy of Newspaper Publication
16-Apr-2025 21:50:47,Appointment,"Angel One Limited has informed the Exchange regarding Appointment of Mr Ambarish Kenghe as Executive Director of the company w.e.f. April 16, 2025."
16-Apr-2025 21:30:18,General Updates,Appointment Of Secretarial Auditors Of The Company
16-Apr-2025 21:23:05,Dividend,"Angel One Limited has informed the Exchange that Board of Directors at its meeting held on April 16, 2025, recommended Final Dividend of 26 per equity share."
16-Apr-2025 21:18:06,Press Release,"Angel One Limited has informed the Exchange regarding a press release dated April 16, 2025, titled ""Press Release- Q4 FY25 Business Performance Highlights""."
16-Apr-2025 21:16:12,Investor Presentation,Angel One Limited has informed the Exchange about Investor Presentation
16-Apr-2025 21:01:31,Dividend,"Angel One Limited has informed the Exchange that Board of Directors at its meeting held on April 16, 2025, recommended Final Dividend of Rs. 26 per equity share."
16-Apr-2025 20:54:23,Outcome of Board Meeting,"Outcome of Board Meeting held today i.e. April 16, 2025 under Regulation 30 of SEBI (ListingObligations and Disclosure Requirements), Regulations, 2015.Audited Standalone and Consolidated Financial Re"
12-Apr-2025 11:21:40,Updates,"Angel One Limited has informed the Exchange regarding 'Intimation under SEBI (Listing Obligations and Disclosure Requirements) Regulations, 2015'."
05-Apr-2025 18:42:38,"Certificate under SEBI (Depositories and Participants) Regulations, 2018","Angel One Limited has informed the Exchange about Certificate under SEBI (Depositories and Participants) Regulations, 2018"
04-Apr-2025 07:33:29,Monthly Business Updates,Angel One Limited has informed the Exchange regarding Monthly Business Updates for the month of March 2025
27-Mar-2025 13:36:35,ESOP/ESOS/ESPS,Angel One Limited has informed the Exchange regarding Allotment of 15319  Shares.
25-Mar-2025 20:34:11,Analysts/Institutional Investor Meet/Con. Call Updates,Angel One Limited has informed the Exchange about Schedule of meet
25-Mar-2025 20:28:11,Trading Window,"Angel One Limited has informed the Exchange regarding the Trading Window closure pursuant to SEBI (Prohibition of Insider Trading) Regulations, 2015"
18-Mar-2025 22:22:37,ESOP/ESOS/ESPS,Angel One Limited has informed the Exchange regarding Grant of 108946  Options.
15-Mar-2025 11:14:03,Press Release,"Angel One Limited has informed the Exchange regarding a press release dated March 15, 2025, titled ""Rohit Chatter joins Angel One as Chief Data Officer""."
15-Mar-2025 11:12:03,Change in Management,Angel One Limited has informed the Exchange about change in Management
13-Mar-2025 11:44:34,Dividend,"Angel One Limited has informed the Exchange that Board of Directors at its meeting held on March 13, 2025, declared Interim Dividend of 11 per equity share."
11-Mar-2025 14:44:23,Revised Record date,Angel One Limited had intimated the 14-Mar-2025 as the record date. The Company has now informed the Exchange that the Record date has been revised to 20-Mar-2025 for the purpose of Dividend.
10-Mar-2025 17:54:44,Record Date,Angel One Limited has informed the Exchange that Record date for the purpose of Dividend  is 14-Mar-2025.
06-Mar-2025 07:53:13,Monthly Business Updates,Angel One Limited has informed the Exchange regarding Monthly Business Updates for the month of February 2025
05-Mar-2025 23:21:09,ESOP/ESOS/ESPS,Angel One Limited has informed the Exchange regarding Grant of 615212  Options.
05-Mar-2025 12:20:00,Press Release,"Angel One Limited has informed the Exchange regarding a press release dated March 05, 2025, titled ""Press Release - Ambarish Kenghe joins Angel One as Group Chief Executive Officer""."
05-Mar-2025 12:17:41,Appointment,"Angel One Limited has informed the Exchange regarding Appointment of  Mr. Ambarish Kenghe  as Chief Executive Officer of the company w.e.f. March 05, 2025."
03-Mar-2025 17:26:37,ESOP/ESOS/ESPS,Angel One Limited has informed the Exchange regarding Grant of 2597  Options.
01-Mar-2025 18:28:46,Credit Rating,Angel One Limited has informed the Exchange about Credit Rating
28-Feb-2025 18:11:44,Analysts/Institutional Investor Meet/Con. Call Updates,Angel One Limited has informed the Exchange about Schedule of meet
28-Feb-2025 18:11:44,Analysts/Institutional Investor Meet/Con. Call Updates,Angel One Limited has informed the Exchange about Schedule of meet
28-Feb-2025 11:41:10,General Updates,Angel One Limited has informed the Exchange about General Updates
27-Feb-2025 17:55:41,ESOP/ESOS/ESPS,Angel One Limited has informed the Exchange regarding Allotment of 6146  Shares.
17-Feb-2025 13:12:22,Analysts/Institutional Investor Meet/Con. Call Updates,Angel One Limited has informed the Exchange about Schedule of meet
17-Feb-2025 13:12:22,Analysts/Institutional Investor Meet/Con. Call Updates,Angel One Limited has informed the Exchange about Schedule of meet
17-Feb-2025 13:12:22,Analysts/Institutional Investor Meet/Con. Call Updates,Angel One Limited has informed the Exchange about Schedule of meet
12-Feb-2025 17:34:01,General Updates,Angel One Limited has informed the Exchange about General Updates
06-Feb-2025 11:18:06,General Updates,Angel One Limited has informed the Exchange about General Updates
05-Feb-2025 12:22:50,General Updates,Angel One Limited has informed the Exchange about General Updates
05-Feb-2025 08:10:38,Monthly Business Updates,Angel One Limited has informed the Exchange regarding Monthly Business Updates for the month of January 2025
03-Feb-2025 15:16:59,Press Release,"Angel One Limited has informed the Exchange regarding a press release dated February 03, 2025, titled ""Press Release - Manoj Agarwal joins Angel One as Group Chief Compliance Officer""."
03-Feb-2025 15:07:49,Change in Management,Angel One Limited has informed the Exchange about change in Management
30-Jan-2025 19:42:26,Analysts/Institutional Investor Meet/Con. Call Updates,Angel One Limited has informed the Exchange about Schedule of meet
30-Jan-2025 14:10:23,ESOP/ESOS/ESPS,Angel One Limited has informed the Exchange regarding Allotment of 21821  Shares.
23-Jan-2025 18:26:55,Analysts/Institutional Investor Meet/Con. Call Updates,Angel One Limited has informed the Exchange about Schedule of meet
17-Jan-2025 21:16:19,Analysts/Institutional Investor Meet/Con. Call Updates,Angel One Limited has informed the Exchange about Transcript
15-Jan-2025 15:29:30,Integrated Filing- Financial,"Integrated Filing (Financial) for the quarter and nine-month period endedDecember 31, 2024"
14-Jan-2025 18:29:38,Analysts/Institutional Investor Meet/Con. Call Updates,Angel One Limited has informed the Exchange about Link of Recording
14-Jan-2025 12:49:27,Copy of Newspaper Publication,Angel One Limited has informed the Exchange about Copy of Newspaper Publication
13-Jan-2025 19:41:55,Appointment,"Angel One Limited has informed the Exchange regarding Appointment of  Ambarish Kenghe  as Chief Executive Officer of the company w.e.f. March 05, 2025."
13-Jan-2025 19:30:49,Record Date,Angel One Limited has informed the Exchange that Record date for the purpose of Dividend  is 21-Jan-2025.
13-Jan-2025 19:26:19,Press Release,"Angel One Limited has informed the Exchange regarding a press release dated January 13, 2025, titled ""Q3 FY25 Business Performance Highlights""."
13-Jan-2025 19:19:08,Press Release,"Angel One Limited has informed the Exchange regarding a press release dated January 13, 2025, titled ""Angel One Appoints Ambarish Kenghe as Group Chief Executive Officer""."
13-Jan-2025 19:11:02,Press Release,"Angel One Limited has informed the Exchange regarding a press release dated January 13, 2025, titled ""Investor(s) Presentation""."
13-Jan-2025 18:49:37,Financial Result Updates," Angel One Limited has submitted to the Exchange, the financial results for the period ended December 31, 2024."
13-Jan-2025 18:47:25,Dividend,"Angel One Limited has informed the Exchange that Board of Directors at its meeting held on January 13, 2025, declared Interim Dividend of 11 per equity share."
08-Jan-2025 13:43:23,Record Date,Angel One Limited has informed the Exchange that Record date for the purpose of Dividend  is 21-Jan-2025.
07-Jan-2025 18:07:23,"Certificate under SEBI (Depositories and Participants) Regulations, 2018","Angel One Limited has informed the Exchange about Certificate under SEBI (Depositories and Participants) Regulations, 2018"
06-Jan-2025 07:12:28,Monthly Business Updates,Angel One Limited has informed the Exchange regarding Monthly Business Updates for the month of December 2024
02-Jan-2025 19:04:31,ESOP/ESOS/ESPS,Angel One Limited has informed the Exchange regarding Grant of 4644  Options.
01-Jan-2025 13:49:29,Updates,"Angel One Limited has informed the Exchange regarding 'Change of name of our Registrar and Share Transfer Agent (""RTA"") from Link Intime India Private Limited to MUFG Intime India Private Limited'."
27-Dec-2024 13:30:11,ESOP/ESOS/ESPS,Angel One Limited has informed the Exchange regarding Allotment of 2608  Shares.
18-Dec-2024 16:50:05,Analysts/Institutional Investor Meet/Con. Call Updates,Angel One Limited has informed the Exchange about Schedule of meet
17-Dec-2024 18:44:32,Analysts/Institutional Investor Meet/Con. Call Updates,Angel One Limited has informed the Exchange about Schedule of meet
17-Dec-2024 18:38:55,Trading Window,"Angel One Limited has informed the Exchange regarding the Trading Window closure pursuant to SEBI (Prohibition of Insider Trading) Regulations, 2015"
10-Dec-2024 17:10:46,Analysts/Institutional Investor Meet/Con. Call Updates,Angel One Limited has informed the Exchange about Schedule of meet
09-Dec-2024 21:41:54,General Updates,Angel One Limited has informed the Exchange about General Updates
09-Dec-2024 17:32:23,Rumour Verification - Regulation 30(11),Angel One Limited has informed the Exchange about Rumour Verification - Regulation 30(11)
06-Dec-2024 18:09:38,Rumour Verification - Regulation 30(11),Angel One Limited has informed the Exchange about Rumour Verification - Regulation 30(11)
06-Dec-2024 07:53:12,Monthly Business Updates,Angel One Limited has informed the Exchange regarding Monthly Business Updates for the month of November 2024
05-Dec-2024 18:23:07,Rumour Verification - Regulation 30(11),Angel One Limited has informed the Exchange about Rumour Verification - Regulation 30(11)
04-Dec-2024 11:11:40,Rumour Verification - Regulation 30(11),Angel One Limited has informed the Exchange about Rumour Verification - Regulation 30(11)
02-Dec-2024 18:46:49,General Updates,Angel One Limited has informed the Exchange about General Updates
02-Dec-2024 18:27:57,General Updates,Angel One Limited has informed the Exchange about General Updates
29-Nov-2024 13:08:05,General Updates,Angel One Limited has informed the Exchange  regarding the adjudication order passed by Securities Exchange Board of India (SEBI) on the Company.
28-Nov-2024 17:22:37,ESOP/ESOS/ESPS,Angel One Limited has informed the Exchange regarding Allotment of 68271  Shares.
28-Nov-2024 12:24:48,General Updates,Angel One Limited has informed the Exchange about General Updates
26-Nov-2024 15:02:05,General Updates,Angel One Limited has informed the Exchange about Receipt of Mutual fund licence from SEBI
26-Nov-2024 15:02:05,Press Release,"Angel One Limited has informed the Exchange regarding a press release dated November 26, 2024, titled ""Angel One AMC Receives SEBI License to Commence its Mutual Fund Business; Set to Transform Passiv"
25-Nov-2024 18:29:07,Analysts/Institutional Investor Meet/Con. Call Updates,Angel One Limited has informed the Exchange about Schedule of meet
25-Nov-2024 18:29:07,Analysts/Institutional Investor Meet/Con. Call Updates,Angel One Limited has informed the Exchange about Schedule of meet
25-Nov-2024 18:29:07,Analysts/Institutional Investor Meet/Con. Call Updates,Angel One Limited has informed the Exchange about Schedule of meet
25-Nov-2024 17:43:40,Change in Management,Angel One Limited has informed the Exchange about change in Management
18-Nov-2024 17:39:45,Shareholders meeting,"Angel One Limited has submitted the Exchange a copy Srutinizers report of  Postal Ballot. Further, the company has informed the Exchange regarding voting results."
12-Nov-2024 21:02:02,General Updates,Angel One Limited has informed the Exchange about General Updates
11-Nov-2024 17:37:31,Analysts/Institutional Investor Meet/Con. Call Updates,Angel One Limited has informed the Exchange about Schedule of meet
11-Nov-2024 17:37:31,Analysts/Institutional Investor Meet/Con. Call Updates,Angel One Limited has informed the Exchange about Schedule of meet
11-Nov-2024 17:37:31,Analysts/Institutional Investor Meet/Con. Call Updates,Angel One Limited has informed the Exchange about Schedule of meet
11-Nov-2024 17:37:31,Analysts/Institutional Investor Meet/Con. Call Updates,Angel One Limited has informed the Exchange about Schedule of meet
05-Nov-2024 07:51:21,Monthly Business Updates,Angel One Limited has informed the Exchange regarding Monthly Business Updates for the month of October 2024
04-Nov-2024 17:39:08,General Updates,Angel One Limited has informed the Exchange about General Updates
30-Oct-2024 12:27:24,ESOP/ESOS/ESPS,Angel One Limited has informed the Exchange regarding Allotment of 28878  Shares.
28-Oct-2024 16:14:44,Analysts/Institutional Investor Meet/Con. Call Updates,Angel One Limited has informed the Exchange about Schedule of meet
28-Oct-2024 16:14:44,Analysts/Institutional Investor Meet/Con. Call Updates,Angel One Limited has informed the Exchange about Schedule of meet
25-Oct-2024 19:19:49,General Updates,"Angel One Limited has informed the Exchange about Disclosure Pursuant to the provisions of Regulation 30 read with sub-para 20, Para A, Part A, Schedule III of the SEBI(Listing Obligations and Disclos"
24-Oct-2024 16:12:36,Cessation,"Angel One Limited has informed the Exchange regarding Cessation of  Dr. Pravin Bathe as Other of the company w.e.f. October 31, 2024."
23-Oct-2024 14:46:56,Analysts/Institutional Investor Meet/Con. Call Updates,Angel One Limited has informed the Exchange about virtual
22-Oct-2024 20:01:52,General Updates,"Angel One Limited has informed the Exchange about Intimation under Regulation 30 of Securities and Exchange Board of India (Listing Obligations and Disclosure Requirements) Regulations, 2015 ( SEBI Li"
19-Oct-2024 13:29:57,General Updates,"Angel One Limited has informed the Exchange about Intimation under Regulation 30 and 47 of SEBI (Listing Obligations and Disclosure Requirements) Regulations, 2015 - Newspaper Advertisements for Posta"
18-Oct-2024 16:58:30,Shareholders meeting,Angel One Limited has informed the Exchange regarding Notice of Postal Ballot
18-Oct-2024 16:49:55,Analysts/Institutional Investor Meet/Con. Call Updates,Angel One Limited has informed the Exchange about Transcript
16-Oct-2024 12:57:22,General Updates,Angel One Limited has informed the Exchange about General Updates
15-Oct-2024 18:36:10,Analysts/Institutional Investor Meet/Con. Call Updates,Angel One Limited has informed the Exchange about Link of Recording
15-Oct-2024 14:41:00,General Updates,"Angel One Limited has informed the Exchange about Newspaper Advertisement for Unaudited Financial Results of the Company for the quarter and half year ended September 30, 2024   Disclosure under Regul"
15-Oct-2024 11:46:36,Press Release,"Angel One Limited has informed the Exchange regarding a press release dated October 15, 2024, titled ""Arief Mohamad joins Angel One as Chief Business Officer - Direct Business""."
15-Oct-2024 10:17:46,Change in Management,Angel One Limited has informed the Exchange about change in Management
14-Oct-2024 18:44:59,Press Release,"Angel One Limited has informed the Exchange regarding a press release dated October 14, 2024, titled ""Press Release- Q2 FY25 Business Performance Highlights""."
14-Oct-2024 18:39:18,Investor Presentation,Angel One Limited has informed the Exchange about Investor Presentation
14-Oct-2024 18:33:27,General Updates,Angel One Limited has informed the Exchange about reclassification of promoters/promoter group from promoter category to public category.
14-Oct-2024 18:27:40,Financial Result Updates," Angel One Limited has submitted to the Exchange, the financial results for the period ended September 30, 2024."
14-Oct-2024 18:23:07,Outcome of Board Meeting,"Angel One Limited has informed the Exchange regarding  Board meeting held on October 14, 2024."
09-Oct-2024 11:54:47,"Certificate under SEBI (Depositories and Participants) Regulations, 2018","Angel One Limited has informed the Exchange about Certificate under SEBI (Depositories and Participants) Regulations, 2018"
08-Oct-2024 19:06:16,General Updates,Angel One Limited has informed the Exchange about Intimation of receipt of request for reclassification from  Promoter/Promoter Group  category to  Public  category under Regulation 31A of the SEBI (L
04-Oct-2024 07:52:26,Monthly Business Updates,Angel One Limited has informed the Exchange regarding Monthly Business Updates for the month of September 2024
01-Oct-2024 17:53:39,General Updates,Angel One Limited has informed the Exchange about General Updates
27-Sep-2024 21:17:15,Action(s) taken or orders passed,Angel One Limited has informed the Exchange about Action(s) taken or orders passed
26-Sep-2024 13:11:38,ESOP/ESOS/ESPS,Angel One Limited has informed the Exchange regarding Allotment of 16081  Shares.
25-Sep-2024 17:01:19,Analysts/Institutional Investor Meet/Con. Call Updates,Angel One Limited has informed the Exchange about Direct call
25-Sep-2024 16:58:41,Trading Window,"Angel One Limited has informed the Exchange regarding the Trading Window closure pursuant to SEBI (Prohibition of Insider Trading) Regulations, 2015"
21-Sep-2024 16:35:56,Credit Rating- New,Angel One Limited has informed the Exchange about Credit Rating- New
20-Sep-2024 11:45:47,Analysts/Institutional Investor Meet/Con. Call Updates,Angel One Limited has informed the Exchange about Schedule of meet
11-Sep-2024 15:43:20,Credit Rating,Angel One Limited has informed the Exchange about Credit Rating
10-Sep-2024 19:22:13,ESOP/ESOS/ESPS,Angel One Limited has informed the Exchange regarding Grant of 1331  Options.
09-Sep-2024 17:02:54,ESOP/ESOS/ESPS,Angel One Limited has informed the Exchange regarding Grant of 11266  Options.
06-Sep-2024 07:51:32,Monthly Business Updates,Angel One Limited has informed the Exchange regarding Monthly Business Updates for the month of August 2024
05-Sep-2024 18:45:54,Updates,Angel One Limited has informed the Exchange regarding 'Intimation under Regulation 30 of the SEBI (Listing Obligations and Disclosure Requirements)Regulations 2015- facts regarding defamation & illega
02-Sep-2024 19:58:25,ESOP/ESOS/ESPS,Angel One Limited has informed the Exchange regarding Grant of 13219  Options.
29-Aug-2024 13:18:31,Analysts/Institutional Investor Meet/Con. Call Updates,Angel One Limited has informed the Exchange about Schedule of meet
29-Aug-2024 13:10:06,ESOP/ESOS/ESPS,Angel One Limited has informed the Exchange regarding Allotment of 23093  Shares.
22-Aug-2024 09:22:14,Updates,Angel One Limited has informed the Exchange regarding 'Clarification on certain news articles pertaining to one  DB Stock Broking  and someof those news articles contain the name of  Angel One  as bei
19-Aug-2024 18:04:32,Updates,Angel One Limited has informed the Exchange regarding 'Transcript of 28th Annual General Meeting of Angel One Limited'.
14-Aug-2024 16:50:11,Analysts/Institutional Investor Meet/Con. Call Updates,Angel One Limited has informed the Exchange about Schedule of meet
14-Aug-2024 11:05:21,Press Release,"Angel One Limited has informed the Exchange regarding a press release dated August 14, 2024, titled ""Manmohan Singh joins as Group Chief Risk Officer of the Company""."
14-Aug-2024 10:51:34,Change in Management,Appointment of Mr. Manmohan Singh as Group Chief Risk Officer of the Company
09-Aug-2024 22:32:44,Shareholders meeting,"Angel One Limited has informed the Exchange regarding Proceedings of Annual General Meeting held on August 09, 2024. Further, the company has submitted the Exchange a copy of Srutinizers report along "
06-Aug-2024 07:49:36,Monthly Business Updates,Angel One Limited has informed the Exchange regarding Monthly Business Updates for the month of July 2024
01-Aug-2024 14:39:14,ESOP/ESOS/ESPS,Angel One Limited has informed the Exchange regarding Grant of 14253  Options.
25-Jul-2024 15:03:51,ESOP/ESOS/ESPS,Angel One Limited has informed the Exchange regarding Allotment of 23770  Shares.
19-Jul-2024 18:31:52,Analysts/Institutional Investor Meet/Con. Call Updates,Angel One Limited has informed the Exchange about Transcript
19-Jul-2024 12:12:12,Copy of Newspaper Publication,Newspaper publications of notice of 28th Annual General Meeting
18-Jul-2024 19:33:23,Shareholders meeting,Angel One Limited has informed the Exchange about Shareholders meeting
16-Jul-2024 18:23:21,Analysts/Institutional Investor Meet/Con. Call Updates,Angel One Limited has informed the Exchange about Link of Recording
16-Jul-2024 12:39:36,Copy of Newspaper Publication,Newspaper publications of information regarding 28th Annual General Meeting
16-Jul-2024 12:37:00,Copy of Newspaper Publication,"Newspaper Advertisement for Unaudited Financial Results of the Company for the quarter ended June 30, 2024   Disclosure under Regulation 47 of the SEBI (Listing Obligations and Disclosure Requirements"
16-Jul-2024 11:59:12,ESOP/ESOS/ESPS,Angel One Limited has informed the Exchange regarding Grant of 1724  Options.
15-Jul-2024 20:34:42,Updates,Angel One Limited has informed the Exchange regarding 'Angel One Limited has informed the Exchange regarding the 28th Annual General Meeting of the members of the Company which will be held through vi
15-Jul-2024 20:30:53,Statement of deviation(s) or variation(s) under Reg. 32,Angel One Limited has informed the Exchange about statement of deviation(s) or variation(s) under Reg. 32
15-Jul-2024 20:29:51,Monitoring Agency Report,"Monitoring Agency Report on the utilization of proceeds raised through Qualified Institutional Placement, for quarter ended 30 June 2024"
15-Jul-2024 20:25:21,Press Release,"Angel One Limited has informed the Exchange regarding a press release dated July 15, 2024, titled ""Q1 FY25 Business Performance Highlights""."
15-Jul-2024 20:22:06,Investor Presentation,Angel One Limited has informed the Exchange about Investor Presentation
15-Jul-2024 19:58:10,Change in Management,Angel One Limited has informed the Exchange about change in Management - Reappointment of Mr. Dinesh Thakkar as the Chairman and Managing Director of the Company
15-Jul-2024 19:53:52,Financial Result Updates,"Angel One Limited has submitted to the Exchange, the financial results for the period ended June 30, 2024."
15-Jul-2024 19:52:08,Outcome of Board Meeting,"Angel One Limited has informed the Exchange regarding  Board meeting held on July 15, 2024."
10-Jul-2024 13:14:07,Updates,"Angel One Limited has informed the Exchange regarding 'Clarification on news item appeared in The Economic Times on July 9, 2024'."
08-Jul-2024 16:29:19,ESOP/ESOS/ESPS,Angel One Limited has informed the Exchange regarding Grant of 555  Options.
05-Jul-2024 07:49:32,Monthly Business Updates,Angel One Limited has informed the Exchange regarding Monthly Business Updates for the month of June 2024
04-Jul-2024 14:19:05,"Certificate under SEBI (Depositories and Participants) Regulations, 2018","Angel One Limited has informed the Exchange about Certificate under SEBI (Depositories and Participants) Regulations, 2018"
03-Jul-2024 21:17:59,Updates,"Angel One Limited has informed the Exchange regarding 'Intimation regarding Environmental, Social and Governance Rating Report - pursuant to Regulation 30 of The SEBI (Listing Obligations and Disclosu"
02-Jul-2024 12:18:36,ESOP/ESOS/ESPS,Angel One Limited has informed the Exchange regarding Grant of 11188  Options.
27-Jun-2024 18:45:48,Analysts/Institutional Investor Meet/Con. Call Updates,Angel One Limited has informed the Exchange about Direct call
27-Jun-2024 18:37:00,Trading Window,"Angel One Limited has informed the Exchange regarding the Trading Window closure pursuant to SEBI (Prohibition of Insider Trading) Regulations, 2015"
27-Jun-2024 13:11:28,ESOP/ESOS/ESPS,Angel One Limited has informed the Exchange regarding Allotment of 30038  Shares.
18-Jun-2024 14:49:36,Analysts/Institutional Investor Meet/Con. Call Updates,Angel One Limited has informed the Exchange about Schedule of meet
11-Jun-2024 11:27:41,Analysts/Institutional Investor Meet/Con. Call Updates,Angel One Limited has informed the Exchange about Schedule of meet
05-Jun-2024 07:50:00,Monthly Business Updates,Angel One Limited has informed the Exchange regarding Monthly Business Updates for the month of May 2024
03-Jun-2024 18:37:14,ESOP/ESOS/ESPS,Angel One Limited has informed the Exchange regarding Grant of 12384  Options.
03-Jun-2024 16:33:33,Updates,"Angel One Limited has informed the Exchange regarding 'Intimation under Regulation 30 of Securities and Exchange Board of India (Listing Obligations and Disclosure Requirements) Regulations, 2015 ( SE"
31-May-2024 20:02:48,Updates,"Angel One Limited has informed the Exchange regarding 'Intimation under Regulation 30 of Securities and Exchange Board of India (Listing Obligations and Disclosure Requirements) Regulations, 2015 ( SE"
31-May-2024 11:41:39,Analysts/Institutional Investor Meet/Con. Call Updates,Angel One Limited has informed the Exchange about Schedule of meet
29-May-2024 19:02:39,Updates,"Angel One Limited has informed the Exchange regarding 'Submission of Annual Secretarial Compliance Report for the year ended March 31, 2024'."
23-May-2024 17:17:33,ESOP/ESOS/ESPS,Angel One Limited has informed the Exchange regarding Allotment of 66529  Shares.
23-May-2024 12:50:26,ESOP/ESOS/ESPS,Angel One Limited has informed the Exchange regarding Grant of 7141  Options.
22-May-2024 18:19:01,Analysts/Institutional Investor Meet/Con. Call Updates,Angel One Limited has informed the Exchange about Schedule of meet
10-May-2024 15:28:44,Disclosure under SEBI Takeover Regulations,"Dinesh D. Thakkar has Submitted to the Exchange a copy of Disclosure under Regulation 31(4) of the Securities and Exchange Board of India (Substantial Acquisition of Shares and Takeovers) Regulations,"
06-May-2024 08:03:05,Monthly Business Updates,Angel One Limited has informed the Exchange regarding Monthly Business Updates for the month of April 2024
29-Apr-2024 12:46:30,Analysts/Institutional Investor Meet/Con. Call Updates,Angel One Limited has informed the Exchange about Schedule of meet
25-Apr-2024 19:42:36,ESOP/ESOS/ESPS,Angel One Limited has informed the Exchange regarding Grant of 3680  Options.
25-Apr-2024 17:07:41,ESOP/ESOS/ESPS,Angel One Limited has informed the Exchange regarding Allotment of 91230  Shares.
25-Apr-2024 11:49:31,ESOP/ESOS/ESPS,Angel One Limited has informed the Exchange regarding Grant of 2747  Options.
23-Apr-2024 18:14:03,Change in Management,Angel One Limited has informed the Exchange about change in Management
23-Apr-2024 12:22:33,Analysts/Institutional Investor Meet/Con. Call Updates,Angel One Limited has informed the Exchange about Transcript
18-Apr-2024 19:31:29,ESOP/ESOS/ESPS,Angel One Limited has informed the Exchange regarding Grant of 625838  Options.
18-Apr-2024 18:51:04,Analysts/Institutional Investor Meet/Con. Call Updates,Angel One Limited has informed the Exchange about Link of Recording
18-Apr-2024 14:36:24,Analysts/Institutional Investor Meet/Con. Call Updates,Angel One Limited has informed the Exchange about Schedule of meet
18-Apr-2024 14:24:40,Copy of Newspaper Publication,Angel One Limited has informed the Exchange about Copy of Newspaper Publication
17-Apr-2024 18:43:54,Press Release,"Angel One Limited has informed the Exchange regarding a press release dated April 17, 2024, titled ""Press release   Q4 FY24 Business Performance Highlights""."
17-Apr-2024 18:41:32,Investor Presentation,Angel One Limited has informed the Exchange about Investor Presentation
17-Apr-2024 18:16:21,Financial Result Updates,"Angel One Limited has submitted to the Exchange, the financial results for the period ended March 31, 2024."
17-Apr-2024 18:13:04,Outcome of Board Meeting,"Angel One Limited has informed the Exchange regarding  Board meeting held on April 17, 2024."
09-Apr-2024 11:04:36,ESOP/ESOS/ESPS,Angel One Limited has informed the Exchange regarding Grant of 11780  Options.
05-Apr-2024 18:53:58,"Certificate under SEBI (Depositories and Participants) Regulations, 2018","Angel One Limited has informed the Exchange about Certificate under SEBI (Depositories and Participants) Regulations, 2018"
05-Apr-2024 18:51:10,ESOP/ESOS/ESPS,Angel One Limited has informed the Exchange regarding Allotment of 21247  Shares.
05-Apr-2024 13:54:58,Press Release,"Angel One Limited has informed the Exchange regarding a press release dated April 05, 2024, titled ""Press Release - Raises &#8377; 15,000 Million through QIP to Fund Company s Growth Adds Diverse Inve"
04-Apr-2024 07:48:39,Monthly Business Updates,Angel One Limited has informed the Exchange regarding Monthly Business Updates for the month of March 2024
02-Apr-2024 23:53:21,Allotment of Securities,"Angel One Limited has informed the Exchange regarding allotment of 5870818 securities pursuant to Qualified Institution Placement at its meeting held on April 02, 2024"
02-Apr-2024 23:06:08,Committee Meeting Updates,"Angel One Limited has informed the Exchange regarding Outcome of Committee Meeting held on April 02, 2024."
27-Mar-2024 19:01:33,Trading Window,"Angel One Limited has informed the Exchange regarding the Trading Window closure pursuant to SEBI (Prohibition of Insider Trading) Regulations, 2015"
27-Mar-2024 18:57:18,Analysts/Institutional Investor Meet/Con. Call Updates,Angel One Limited has informed the Exchange about Schedule of meet
26-Mar-2024 21:54:26,Committee Meeting Updates,"Angel One Limited has informed the Exchange regarding revised date of Committee Meeting to be held on April 02, 2024."
26-Mar-2024 21:03:12,Committee Meeting Updates,"Angel One Limited has informed the Exchange regarding Committee Meeting to be held on April 01, 2024, inter alia, to consider and approve the Issue price for theEquity Shares to be allotted to qualifi"
26-Mar-2024 20:52:35,Committee Meeting Updates,"Angel One Limited has informed the Exchange regarding Outcome of Committee Meeting held on March 26, 2024."
26-Mar-2024 13:29:31,Updates,Angel One Limited has informed the Exchange regarding 'Approval of Unaudited Special Purpose Interim Condensed Standalone Financial Statements and Unaudited Special Purpose Interim Condensed Consolida
19-Mar-2024 16:11:41,ESOP/ESOS/ESPS,Angel One Limited has informed the Exchange regarding Grant of 3857  Options.
15-Mar-2024 19:53:24,Amendment to AOA/MOA,Angel One Limited has informed the Exchange regarding the Amendment to AOA/MOA of the company.
15-Mar-2024 19:42:10,Shareholders meeting,"The Extra Ordinary General ( EOGM ) of the Company was held on Friday, March 15, 2024 at 10.48 a.m. (IST) and concluded at11.42 a.m. (IST) through Video Conferencing (VC)/ Other Audio Video Means (OAV"
05-Mar-2024 20:46:07,Analysts/Institutional Investor Meet/Con. Call Updates,"Angel One Limited has informed the Exchange about Schedule of meet to be conducted from March 11, 2024 to March 14, 2024, the details are attached herewith"
04-Mar-2024 07:59:52,Investor Presentation,Angel One Limited has informed the Exchange about Investor Presentation
04-Mar-2024 07:53:41,Monthly Business Updates,Angel One Limited has informed the Exchange regarding Monthly Business Updates for the month of February 2024
02-Mar-2024 13:15:09,ESOP/ESOS/ESPS,Angel One Limited has informed the Exchange regarding Grant of 8095  Options.
01-Mar-2024 16:45:37,Press Release,"Angel One Limited has informed the Exchange regarding a press release dated March 01, 2024, titled ""Press Release - Angel One joins hands with Seasoned team of Wealth Managers tolead its Tech-Led Omni"
01-Mar-2024 16:31:30,Credit Rating,Angel One Limited has informed the Exchange about Credit Rating
28-Feb-2024 22:37:41,Analysts/Institutional Investor Meet/Con. Call Updates,"Angel One Limited has informed the Exchange about Schedule of meet to be held from March 4, 2023 to March 8, 2023, the details are attached herewith"
27-Feb-2024 13:21:50,Updates,"Angel One Limited has informed the Exchange regarding 'Intimation under SEBI (Listing Obligations and Disclosure Requirements) Regulation, 2015 -Selection as Associate Partner for the Indian Premier L"
23-Feb-2024 11:33:23,Copy of Newspaper Publication,Newspaper publications of notice of Extra Ordinary General Meeting
22-Feb-2024 20:54:56,Record Date,Angel One Limited has informed the Exchange that Record date for the purpose of Meeting  is 08-Mar-2024.
22-Feb-2024 20:49:52,Shareholders meeting,"Angel One Limited has informed the Exchange regarding Notice of Extraordinary General Meeting to be held on March 15, 2024"
22-Feb-2024 18:32:51,Allotment of Securities,"Angel One Limited has informed the Exchange regarding allotment of 51266 securities pursuant to ESOP/ESPS at its meeting held on February 22, 2024"
22-Feb-2024 18:23:59,Issue of Securities,Angel One Limited has informed the Exchange about issue of Securities
22-Feb-2024 18:20:36,Outcome of Board Meeting,"Angel One Limited has informed the Exchange regarding  Board meeting held on February 22, 20241. To consider, inter alia, proposal for raising of funds in one or more tranches by way ofissuance of suc"
20-Feb-2024 14:20:44,Updates,"Angel One Limited has informed the Exchange regarding 'Intimation under SEBI (Listing Obligations and Disclosure Requirements) Regulation, 2015 -Cancellation of the scheduled of Analyst / Institutiona"
15-Feb-2024 20:55:14,Analysts/Institutional Investor Meet/Con. Call Updates,Angel One Limited has informed the Exchange about Schedule of meet
15-Feb-2024 20:21:00,Analysts/Institutional Investor Meet/Con. Call Updates,Angel One Limited has informed the Exchange about Schedule of meet
07-Feb-2024 10:00:31,News Verification,The Exchange has sought clarification from Angel One Limited with respect to recent news item captioned Angel one Limited app faces technical difficulty.  The response from the Company is attached.
07-Feb-2024 07:57:22,Monthly Business Updates,Angel One Limited has informed the Exchange regarding Monthly Business Updates for the month of January 2024
06-Feb-2024 15:52:45,News Verification,The Exchange has sought clarification from Angel One Limited with respect to recent news item captioned Angel one Limited app faces technical difficulty.  The response from the Company is awaited.
01-Feb-2024 19:12:14,ESOP/ESOS/ESPS,Angel One Limited has informed the Exchange regarding Grant of 8018  Options.
01-Feb-2024 09:54:00,Change in Management,Angel One Limited has informed the Exchange about change in Management
31-Jan-2024 20:34:14,Updates,"Angel One Limited has informed the Exchange regarding ''Refuting articles  claims"""
30-Jan-2024 17:54:28,ESOP/ESOS/ESPS,Angel One Limited has informed the Exchange regarding Allotment of 6468  Shares.
29-Jan-2024 19:16:42,Analysts/Institutional Investor Meet/Con. Call Updates,Angel One Limited has informed the Exchange about Schedule of meet
25-Jan-2024 12:02:34,Press Release,"Angel One Limited has informed the Exchange regarding a press release dated January 25, 2024, titled ""Press Release - Angel One Hits 20 million Clients""."
19-Jan-2024 17:00:54,Analysts/Institutional Investor Meet/Con. Call Updates,Angel One Limited has informed the Exchange about Schedule of meet
19-Jan-2024 17:00:54,Analysts/Institutional Investor Meet/Con. Call Updates,Angel One Limited has informed the Exchange about Schedule of meet
19-Jan-2024 16:44:25,Analysts/Institutional Investor Meet/Con. Call Updates,Angel One Limited has informed the Exchange about Transcript
16-Jan-2024 19:54:52,Analysts/Institutional Investor Meet/Con. Call Updates,Angel One Limited has informed the Exchange about Link of Recording
16-Jan-2024 12:24:56,Copy of Newspaper Publication,"Newspaper Advertisement for Unaudited Financial Results of the Company for quarter and nine months ended December 31, 2023   Disclosure under Regulation 47 of the SEBI (Listing Obligations and Disclos"
15-Jan-2024 18:06:47,Press Release,"Angel One Limited has informed the Exchange regarding a press release dated January 15, 2024, titled ""Business Performance Highlights""."
15-Jan-2024 18:03:49,Investor Presentation,Angel One Limited has informed the Exchange about Investor Presentation
15-Jan-2024 17:54:09,Record Date,Angel One Limited has informed the Exchange that Record date for the purpose of Dividend  is 23-Jan-2024.
15-Jan-2024 17:52:13,Outcome of Board Meeting,"Angel One Limited has informed the Exchange regarding  Board meeting held on January 15, 2024 that the Board of Directors of the Company in its meeting  raising of funds by way of issuance of Non-Conv"
15-Jan-2024 17:48:13,Dividend,"Angel One Limited has informed the Exchange that Board of Directors at its meeting held on January 15, 2024, declared Interim Dividend of 12.70 per equity share."
15-Jan-2024 17:46:13,Financial Result Updates,"Angel One Limited has submitted to the Exchange, the financial results for the period ended December 31, 2023."
08-Jan-2024 18:55:43,ESOP/ESOS/ESPS,Angel One Limited has informed the Exchange regarding Grant of 4573  Options.
08-Jan-2024 18:50:11,Change in Management,Angel One Limited has informed the Exchange about change in Senior Management
08-Jan-2024 13:30:31,"Certificate under SEBI (Depositories and Participants) Regulations, 2018","Certificate under Regulation 74(5) of SEBI (Depositories and Participants) Regulations, 2018 (""said Regulations"") for the quarter ended December 31, 2023"
08-Jan-2024 09:56:13,Press Release,"Angel One Limited has informed the Exchange regarding a press release dated January 08, 2024, titled ""Press Release - Anuprita Daga joins as Angel One's Group Chief Information SecurityOfficer""."
04-Jan-2024 08:57:36,Monthly Business Updates,Angel One Limited has informed the Exchange regarding Monthly Business Updates for the month of December 2023
01-Jan-2024 18:13:45,ESOP/ESOS/ESPS,Angel One Limited has informed the Exchange regarding Grant of 10981  Options.
27-Dec-2023 10:18:53,ESOP/ESOS/ESPS,Angel One Limited has informed the Exchange regarding Grant of 2152  Options.
22-Dec-2023 17:20:11,ESOP/ESOS/ESPS,Angel One Limited has informed the Exchange regarding Allotment of 6654  Shares.
21-Dec-2023 18:27:25,Analysts/Institutional Investor Meet/Con. Call Updates,Angel One Limited has informed the Exchange about Schedule of meet
21-Dec-2023 18:24:41,Record Date,Angel One Limited has informed the Exchange that Record date for the purpose of Dividend  is 23-Jan-2024.
21-Dec-2023 18:18:55,Trading Window,"Angel One Limited has informed the Exchange regarding the Trading Window closure pursuant to SEBI (Prohibition of Insider Trading) Regulations, 2015"
21-Dec-2023 18:05:58,Analysts/Institutional Investor Meet/Con. Call Updates,Angel One Limited has informed the Exchange about Schedule of meet
14-Dec-2023 10:51:15,ESOP/ESOS/ESPS,Angel One Limited has informed the Exchange regarding Grant of 7226  Options.
13-Dec-2023 12:25:58,Press Release,"Angel One Limited has informed the Exchange regarding a press release dated December 13, 2023, titled ""Press Release - Hemen Bhatia joins as the CEO of Angel One s Asset ManagementBusiness""."
06-Dec-2023 08:04:14,Monthly Business Updates,Angel One Limited has informed the Exchange regarding Monthly Business Updates for the month of November 2023
01-Dec-2023 18:53:27,ESOP/ESOS/ESPS,Angel One Limited has informed the Exchange regarding Grant of 7054  Options.
29-Nov-2023 18:02:11,Analysts/Institutional Investor Meet/Con. Call Updates,Angel One Limited has informed the Exchange about Schedule of meet
23-Nov-2023 18:32:53,ESOP/ESOS/ESPS,Angel One Limited has informed the Exchange regarding Allotment of 40800  Shares.
07-Nov-2023 07:21:10,Monthly Business Updates,Angel One Limited has informed the Exchange regarding Monthly Business Updates for the month of October 2023
02-Nov-2023 19:39:42,ESOP/ESOS/ESPS,Angel One Limited has informed the Exchange regarding Grant of 25132  Options.
02-Nov-2023 16:57:03,Analysts/Institutional Investor Meet/Con. Call Updates,Angel One Limited has informed the Exchange about Schedule of meet
02-Nov-2023 13:41:30,Press Release,"Angel One Limited has informed the Exchange regarding a press release dated November 02, 2023, titled ""Press Release - Angel One Boosts GenZ Focus with the acquisition of the Dstreet team""."
01-Nov-2023 18:46:28,Analysts/Institutional Investor Meet/Con. Call Updates,Angel One Limited has informed the Exchange about Schedule of meet
27-Oct-2023 20:23:09,ESOP/ESOS/ESPS,Angel One Limited has informed the Exchange regarding Allotment of 9463  Shares.
17-Oct-2023 18:10:50,Analysts/Institutional Investor Meet/Con. Call Updates,Angel One Limited has informed the Exchange about Transcript
13-Oct-2023 17:55:10,Analysts/Institutional Investor Meet/Con. Call Updates,Angel One Limited has informed the Exchange about Link of Recording
13-Oct-2023 12:31:07,Copy of Newspaper Publication,"Angel One Limited has informed the Exchange about Copy of Newspaper Publication-Newspaper Advertisement for Unaudited Financial Results of the Company for quarter and half year ended September 30, 202"
12-Oct-2023 18:07:51,Press Release,"Angel One Limited has informed the Exchange regarding a press release dated October 12, 2023, titled ""Highest Ever Business Performance""."
12-Oct-2023 18:05:44,Investor Presentation,Angel One Limited has informed the Exchange about Investor Presentation
12-Oct-2023 18:02:33,Record Date,Angel One Limited has informed the Exchange that Record date for the purpose of Dividend  is 20-Oct-2023.
12-Oct-2023 17:56:13,Financial Result Updates,"Angel One Limited has submitted to the Exchange, the financial results for the period ended September 30, 2023."
12-Oct-2023 17:54:01,Dividend,"Angel One Limited has informed the Exchange that Board of Directors at its meeting held on October 12, 2023, declared Interim Dividend of 12.70 per equity share."
11-Oct-2023 13:18:41,Acquisition,Angel One Limited has informed the Exchange about  incorporation of  a wholly-owned subsidiary company of Angel One Limited in the name of  ANGEL ONE WEALTH MANAGEMENTLIMITED  has been incorporated on
06-Oct-2023 19:17:34,"Certificate under SEBI (Depositories and Participants) Regulations, 2018","Certificate under Regulation 74(5) of SEBI (Depositories and Participants) Regulations, 2018 (""said Regulations"") for the quarter ended September 30, 2023"
06-Oct-2023 19:14:25,"Certificate under SEBI (Depositories and Participants) Regulations, 2018","Certificate under Regulation 74(5) of SEBI (Depositories and Participants) Regulations, 2018 (""said Regulations"") for the quarter ended June 30, 2023"
06-Oct-2023 08:10:17,Monthly Business Updates,Angel One Limited has informed the Exchange regarding Monthly Business Updates for the month of September 2023 and Q2FY24
04-Oct-2023 12:26:59,ESOP/ESOS/ESPS,Angel One Limited has informed the Exchange regarding Grant of 5941  Options.
29-Sep-2023 17:30:12,Updates,"Angel One Limited has informed the Exchange regarding 'This is to inform that the Member and Core Settlement Guarantee Fund Committee (""MCSGFC""/ ""Committee"") of National Stock Exchange of India Limite"
25-Sep-2023 19:29:36,Trading Window,"Angel One Limited has informed the Exchange regarding the Trading Window closure pursuant to SEBI (Prohibition of Insider Trading) Regulations, 2015"
25-Sep-2023 19:27:59,Analysts/Institutional Investor Meet/Con. Call Updates,Angel One Limited has informed the Exchange about Schedule of meet
25-Sep-2023 19:25:00,Record Date,Angel One Limited has informed the Exchange that Record date for the purpose of  2nd Interim Dividend  if any  is 20 oct 2023 .
22-Sep-2023 18:03:09,Allotment of Securities,"Angel One Limited has informed the Exchange regarding allotment of 24345 securities pursuant to ESOP/ESPS at its meeting held on September 22, 2023"
22-Sep-2023 18:00:09,Analysts/Institutional Investor Meet/Con. Call Updates,Angel One Limited has informed the Exchange about Schedule of meet
15-Sep-2023 19:31:06,Shareholders meeting,"Angel One Limited has submitted the Exchange a copy Srutinizers report of  Postal Ballot. Further, the company has informed the Exchange regarding voting results."
15-Sep-2023 18:28:49,Analysts/Institutional Investor Meet/Con. Call Updates,Angel One Limited has informed the Exchange about Schedule of meet
05-Sep-2023 07:51:25,Monthly Business Updates,Angel One Limited has informed the Exchange regarding Monthly Business Updates for the month of August 2023
04-Sep-2023 21:23:17,ESOP/ESOS/ESPS,Angel One Limited has informed the Exchange regarding Grant of 131612  Options.
04-Sep-2023 15:47:43,Press Release,"Angel One Limited has informed the Exchange regarding a press release dated September 04, 2023, titled ""Angel One makes strategic additions to the leadership with the appointments of Chief Business Of"
04-Sep-2023 15:46:09,Change in Management,"Disclosure under Regulation 30 of the SEBI (Listing Obligation and Disclosure Requirements) Regulations, 2015-Changes in Senior Management Personnel"
01-Sep-2023 19:57:08,Change in Management,"Disclosure under Regulation 30 of the SEBI (Listing Obligation and Disclosure Requirements) Regulations, 2015-Appointment of Senior Management Personnel"
01-Sep-2023 18:40:45,ESOP/ESOS/ESPS,Angel One Limited has informed the Exchange regarding Grant of 163877  Options.
01-Sep-2023 17:20:02,Updates,"Angel One Limited has informed the Exchange regarding 'Disclosure under Regulation 30 of the SEBI (Listing Obligation and Disclosure Requirements) Regulations, 2015-Appointment of Senior Management Pe"
24-Aug-2023 16:14:43,Allotment of Securities,"Angel One Limited has informed the Exchange regarding allotment of 10885 securities pursuant to ESOP/ESPS at its meeting held on August 24, 2023"
23-Aug-2023 17:29:12,Updates,"Angel One Limited has informed the Exchange regarding ''.Disclosure under Regulation 30 of the SEBI (Listing Obligation and Disclosure Requirements) Regulations, 2015"
17-Aug-2023 11:13:25,Copy of Newspaper Publication,"Intimation under Regulation 30 and 47 of SEBI (Listing Obligations and Disclosure Requirements) Regulations, 2015 - Newspaper Advertisements for Postal Ballot Notice (through Remote E-voting)."
16-Aug-2023 19:00:57,Updates,"Angel One Limited has informed the Exchange regarding 'Disclosure under Regulation 30 of the SEBI (Listing Obligations and Disclosure Requirements)Regulations, 2015 for dispatch of Postal Ballot Notic"
16-Aug-2023 17:08:45,Shareholders meeting,Angel One Limited has informed the Exchange regarding Notice of Postal Ballot
10-Aug-2023 16:28:24,Analysts/Institutional Investor Meet/Con. Call Updates,Angel One Limited has informed the Exchange about Schedule of meet
09-Aug-2023 18:30:55,Scheme of Arrangement,"Pursuant to Regulation 30 read with Schedule III of the Listing Regulations, we wish to inform you that the Board of Directors ( Board ) of Angel One Limited ( Company  or  AOL or ""Transferor Company"""
09-Aug-2023 18:24:20,Outcome of Board Meeting,"Pursuant to Regulation 30 read with Schedule III of the Listing Regulations, we wish to inform you that the Board of Directors ( Board ) of Angel One Limited ( Company  or  AOL or ""Transferor Company"""
07-Aug-2023 07:29:56,Monthly Business Updates,Angel One Limited has informed the Exchange regarding Monthly Business Updates for the month of July 2023
03-Aug-2023 21:20:30,Updates,"Angel One Limited has informed the Exchange regarding 'Disclosure under the SEBI (Listing Obligations and Disclosure Requirements), Regulations 2015- Intimation of Application for registration of the "
02-Aug-2023 19:19:23,Updates,Angel One Limited has informed the Exchange regarding ' Intimation of Grant of Options under Angel Broking Employee Long Term Incentive Plan 2021'.
27-Jul-2023 16:43:29,Allotment of Securities,"Angel One Limited has informed the Exchange regarding allotment of 38904 securities pursuant to ESOP/ESPS at its meeting held on July 27, 2023"
26-Jul-2023 17:59:20,Analysts/Institutional Investor Meet/Con. Call Updates,Angel One Limited has informed the Exchange about Schedule of meet
25-Jul-2023 14:59:37,Analysts/Institutional Investor Meet/Con. Call Updates,Angel One Limited has informed the Exchange about Schedule of meet
19-Jul-2023 15:11:26,Analysts/Institutional Investor Meet/Con. Call Updates,"Intimation of Schedule of Analyst / Institutional Investor meetings under the SEBI  (Listing Obligations and Disclosure Requirements), Regulations 2015"
19-Jul-2023 10:47:16,Analysts/Institutional Investor Meet/Con. Call Updates,Angel One Limited has informed the Exchange about Transcript
17-Jul-2023 22:13:42,Updates,"Angel One Limited has informed the Exchange regarding 'Updates for Disclosure made under Regulation 30 of the SEBI (Listing Obligation and Disclosure Requirements) Regulations, 2015'."
15-Jul-2023 12:44:23,Updates,"Angel One Limited has informed the Exchange regarding 'Disclosure under Regulation 30 of the SEBI (Listing Obligation and Disclosure Requirements) Regulations, 2015'."
14-Jul-2023 18:41:11,ESOP/ESOS/ESPS,Angel One Limited has informed the Exchange regarding Grant of 26362  Options.
14-Jul-2023 18:34:52,Analysts/Institutional Investor Meet/Con. Call Updates,Angel One Limited has informed the Exchange about Link of Recording
14-Jul-2023 16:48:25,Disclosure under SEBI Takeover Regulations,"Dinesh D. Thakkar has Submitted to the Exchange a copy of Disclosure under Regulation 31(4) of the Securities and Exchange Board of India (Substantial Acquisition of Shares and Takeovers) Regulations,"
14-Jul-2023 15:59:56,Copy of Newspaper Publication,Angel One Limited has informed the Exchange about Copy of Newspaper Publication
13-Jul-2023 19:34:58,Investor Presentation,Angel One Limited has informed the Exchange about Investor Presentation
13-Jul-2023 19:32:00,Press Release,"Angel One Limited has informed the Exchange regarding a press release dated July 13, 2023, titled ""Intimation of Appointment of Mr. Deepak Chandani as Chief Data Officer""."
13-Jul-2023 19:30:38,Press Release,"Angel One Limited has informed the Exchange regarding a press release dated July 13, 2023, titled ""BUSINESS MOMENTUM CONTINUES""."
13-Jul-2023 19:27:00,Record Date,Angel One Limited has informed the Exchange that Record date for the purpose of Dividend  is 21-Jul-2023.
13-Jul-2023 19:25:11,Appointment,"Angel One Limited has informed the Exchange regarding Appointment of Mr NT ARUNKUMAR as Non- Executive Independent Director of the company w.e.f. July 13, 2023."
13-Jul-2023 19:19:37,Dividend,"Angel One Limited has informed the Exchange that Board of Directors at its meeting held on July 13, 2023, declared Interim Dividend of Rs. 9.25 per equity share."
13-Jul-2023 19:16:08,Financial Result Updates,"Angel One Limited has submitted to the Exchange, the financial results for the period ended June 30, 2023."
07-Jul-2023 16:21:36,"Certificate under SEBI (Depositories and Participants) Regulations, 2018","Angel One Limited has informed the Exchange about Certificate under SEBI (Depositories and Participants) Regulations, 2018 for quarter ended June 30,2023"
05-Jul-2023 07:44:13,Monthly Business Updates,Angel One Limited has informed the Exchange regarding Monthly Business Updates for the month of June 2023
03-Jul-2023 20:14:02,ESOP/ESOS/ESPS,Angel One Limited has informed the Exchange regarding Grant of 2520  Options.
28-Jun-2023 19:13:53,Record Date,Angel One Limited has informed the Exchange that Record date for the purpose of Dividend  is 21-Jul-2023.
28-Jun-2023 17:51:34,Trading Window,"Angel One Limited has informed the Exchange regarding the Trading Window closure pursuant to SEBI (Prohibition of Insider Trading) Regulations, 2015"
28-Jun-2023 17:50:31,Analysts/Institutional Investor Meet/Con. Call Updates,Angel One Limited has informed the Exchange about Schedule of meet
26-Jun-2023 18:48:23,Updates,Angel One Limited has informed the Exchange regarding 'Transcript of 27th Annual General Meeting of Angel One Limited'.
23-Jun-2023 19:47:29,Shareholders meeting,"Regulation 30 and Regulation 44(3) of the SEBI (Listing Obligations and DisclosureRequirements) Regulations, 2015 ( Listing Regulations )   Proceedings and details of votingresults of the 27th Annual "
21-Jun-2023 19:28:34,ESOP/ESOS/ESPS,Angel One Limited has informed the Exchange regarding Allotment of 6647  Shares.
13-Jun-2023 16:21:41,Analysts/Institutional Investor Meet/Con. Call Updates,"Pursuant to the Regulation 30(6) of SEBI (Listing Obligations and Disclosure Requirements),  Regulations 2015, the Company hereby intimates that the officials of the Company will be interacting with f"
08-Jun-2023 19:05:07,Analysts/Institutional Investor Meet/Con. Call Updates,Angel One Limited has informed the Exchange about Schedule of meet
05-Jun-2023 21:05:29,ESOP/ESOS/ESPS,"Angel One Limited has informed the Exchange regarding Grant of 14039  Options.Grant of 7,429 (Seven Thousand Four Hundred and Twenty-nine) Restrictive Stock Units ( RSUs ) and 6,610 (Six Thousand Six "
05-Jun-2023 09:22:44,Monthly Business Updates,Angel One Limited has informed the Exchange regarding Monthly Business Updates for the month of May 2023
02-Jun-2023 12:44:40,Copy of Newspaper Publication,Angel One Limited has informed the Exchange about Copy of Newspaper Publication
01-Jun-2023 19:15:00,Updates,Angel One Limited has informed the Exchange regarding 'Business Responsibility and Sustainability Report for the financial year 2022-23. '.
01-Jun-2023 15:00:09,Shareholders meeting,"Angel One Limited has informed the Exchange regarding Notice of Annual General Meeting to be held on Jun 23, 2023"
31-May-2023 11:31:12,Analysts/Institutional Investor Meet/Con. Call Updates,Angel One Limited has informed the Exchange about Schedule of meet
30-May-2023 11:56:56,Copy of Newspaper Publication,Newspaper publications of information regarding 27th Annual General Meeting
30-May-2023 11:42:07,Annual Secretarial Compliance Report,", Pursuant to Regulation 24A of SEBI (Listing Obligation and Disclosure Requirements) Regulations, 2015 and circular no. CIR/CFD/CMD1/27/2019 dated February 8, 2019, please find enclosed herewith the "
29-May-2023 17:14:26,Updates,"Angel One Limited has informed the Exchange regarding 'Intimation under Regulation 30 of Securities and Exchange Board of India (Listing Obligations and Disclosure Requirements) Regulations, 2015 ( SE"
29-May-2023 14:42:41,Record Date,Angel One Limited has informed the Exchange that Record date for the purpose of  Final Dividend  is 16-Jun-2023.
29-May-2023 14:36:06,Outcome of Board Meeting,"Angel One Limited has informed the Exchange regarding  Board meeting held on May 29, 2023."
25-May-2023 17:54:24,ESOP/ESOS/ESPS,Angel One Limited has informed the Exchange regarding Allotment of 27042  Shares.
25-May-2023 16:28:11,Analysts/Institutional Investor Meet/Con. Call Updates,Angel One Limited has informed the Exchange about Schedule of meet
15-May-2023 20:02:12,Cessation,"Angel One Limited has informed the Exchange regarding Cessation of Mr Mr. Uday Sankar Roy and Mr. Kamalji Sahay  as Non- Executive Independent Director of the company w.e.f. May 14, 2023."
12-May-2023 19:47:16,Analysts/Institutional Investor Meet/Con. Call Updates,"Intimation of Schedule of Analyst / Institutional Investor meetings under the SEBI (Listing Obligations and Disclosure Requirements), Regulations 2015"
08-May-2023 18:32:05,Analysts/Institutional Investor Meet/Con. Call Updates,Angel One Limited has informed the Exchange about Schedule of meet
05-May-2023 17:31:11,Acquisition,Angel One Limited has informed the Exchange about Incorporation of a wholly owned subsidiary company
04-May-2023 07:43:26,ESOP/ESOS/ESPS,Angel One Limited has informed the Exchange regarding Grant of 7864  Options.
04-May-2023 07:38:07,Monthly Business Updates,Angel One Limited has informed the Exchange regarding Monthly Business Updates for the month of April 2023
28-Apr-2023 18:38:46,Updates,"Angel One Limited has informed the Exchange regarding 'Reference to the Intimation dated April 27, 2023 of allotment of 3,65,973 equity shares of Angel One Limited (formerly known as Angel Broking Lim"
27-Apr-2023 20:04:09,Acquisition,"Angel One Limited has informed the Exchange about  Intimation under Regulation 30 of Securities and Exchange Board of India (Listing Obligations and Disclosure Requirements) Regulations, 2015 ( SEBI L"
27-Apr-2023 19:55:07,ESOP/ESOS/ESPS,Angel One Limited has informed the Exchange regarding Allotment of 365973  Shares.
21-Apr-2023 17:26:08,Analysts/Institutional Investor Meet/Con. Call Updates,Angel One Limited has informed the Exchange about Transcript
21-Apr-2023 08:21:22,Updates,"Angel One Limited has informed the Exchange regarding 'Disclosure under Regulation 30 of the SEBI (Listing Obligation and Disclosure Requirements) Regulations, 2015'.The Company has received emails on"
18-Apr-2023 18:38:24,Analysts/Institutional Investor Meet/Con. Call Updates,Angel One Limited has informed the Exchange about Link of Recording
18-Apr-2023 16:28:15,ESOP/ESOS/ESPS,Angel One Limited has informed the Exchange regarding Grant of 1258390  Options.
18-Apr-2023 12:09:03,Copy of Newspaper Publication,"Newspaper Advertisement for Audited Financial Results of the Company for  quarter and year ended March 31, 2023   Disclosure under Regulation 47 of the SEBI  (Listing Obligations and Disclosure Requir"
17-Apr-2023 18:53:10,Press Release,"Angel One Limited has informed the Exchange regarding a press release dated April 17, 2023, titled ""Intimation of appointment of Mr. Amit Majumdar as a CXO and AdditionalExecutive Whole time Director "
17-Apr-2023 18:47:51,Investor Presentation,Angel One Limited has informed the Exchange about Investor Presentation
17-Apr-2023 18:46:42,Press Release,"Angel One Limited has informed the Exchange regarding a press release dated April 17, 2023, titled ""Q4  23 Investor Presentation""."
17-Apr-2023 18:36:44,Related Party Transactions,Angel One Limited has informed the Exchange about related Party Transactions
17-Apr-2023 18:30:25,Appointment,"Angel One Limited has informed the Exchange regarding Appointment of Mr AMIT MAJUMDAR as Executive Director of the company w.e.f. April 17, 2023."
17-Apr-2023 18:22:56,Financial Result Updates,"Angel One Limited has submitted to the Exchange, the financial results for the period ended March 31, 2023."
17-Apr-2023 18:20:52,Dividend,"Angel One Limited has informed the Exchange that Board of Directors at its meeting held on April 17, 2023, recommended Final Dividend of 4 per equity share."
07-Apr-2023 12:04:41,"Certificate under SEBI (Depositories and Participants) Regulations, 2018","Certificate under Regulation 74(5) of SEBI (Depositories and Participants)  Regulations, 2018 (""said Regulations"") for the quarter ended March 31, 2023"
06-Apr-2023 18:01:02,Analysts/Institutional Investor Meet/Con. Call Updates,Angel One Limited has informed the Exchange about Schedule of meet
06-Apr-2023 17:51:30,Board Meeting Intimation,"In continuation to our earlier intimation dated March 26, 2023, regarding intimation of the Board Meeting of the Company to be held on April 17, 2023 for consideration of audited financial results for"
06-Apr-2023 07:48:12,Monthly Business Updates,Angel One Limited has informed the Exchange regarding Monthly Business Updates for the month of March 2023
27-Mar-2023 21:28:36,ESOP/ESOS/ESPS,Angel One Limited has informed the Exchange regarding Grant of 440684  Options.
26-Mar-2023 13:14:09,Trading Window,"Angel One Limited has informed the Exchange regarding the Trading Window closure pursuant to SEBI (Prohibition of Insider Trading) Regulations, 2015"
26-Mar-2023 13:13:05,Board Meeting Intimation,"Pursuant to Regulation 29 of the SEBI (Listing Obligations and Disclosure Requirements) Regulations, 2015 (""Listing Regulations"") we hereby inform that a meeting of the Board of Directors of the Compa"
23-Mar-2023 17:22:15,ESOP/ESOS/ESPS,Angel One Limited has informed the Exchange regarding Allotment of 3002  Shares.
22-Mar-2023 13:07:03,Record Date,Angel One Limited has informed the Exchange that Record date for the purpose of Dividend  is 31-Mar-2023.
22-Mar-2023 13:05:04,Dividend,"Angel One Limited has informed the Exchange that Board of Directors at its meeting held on March 22, 2023, declared Interim Dividend of 9.60 per equity share by way of circular resolution"
17-Mar-2023 19:29:32,Record Date,Angel One Limited has informed the Exchange that Record date for the purpose of Dividend  is 31-Mar-2023.
15-Mar-2023 14:52:58,Analysts/Institutional Investor Meet/Con. Call Updates,Angel One Limited has informed the Exchange about Schedule of meet
03-Mar-2023 08:11:20,Monthly Business Updates,Angel One Limited has informed the Exchange regarding Monthly Business Updates for the month of February 2023
02-Mar-2023 18:36:21,Analysts/Institutional Investor Meet/Con. Call Updates,Angel One Limited has informed the Exchange about Schedule of meet
02-Mar-2023 18:29:13,ESOP/ESOS/ESPS,Angel One Limited has informed the Exchange regarding Grant of 2482 Restrictive Stock units
24-Feb-2023 21:00:05,Shareholders meeting,"Angel One Limited has submitted the Exchange a copy Srutinizers report of  Postal Ballot along with  voting results under Regulation 44(3) Further, the company has informed the Exchange regarding voti"
23-Feb-2023 17:45:10,ESOP/ESOS/ESPS,Angel One Limited has informed the Exchange regarding Allotment of 4993  Shares.
17-Feb-2023 13:15:36,Analysts/Institutional Investor Meet/Con. Call Updates,Angel One Limited has informed the Exchange about Schedule of meet
17-Feb-2023 08:15:27,Press Release,"Angel One Limited has informed the Exchange regarding a press release dated February 17, 2023, titled ""Press release   Change in Leadership at Angel One: Business as usual""."
16-Feb-2023 17:53:18,Resignation,"Angel One Limited has informed the Exchange regarding Resignation of Mr Narayan Gangadhar as Chief Executive Officer of the company w.e.f. May 16, 2023."
16-Feb-2023 17:50:19,Outcome of Board Meeting,"Angel One Limited has informed the Exchange regarding  Board meeting held on February 16, 2023. Disclosure under Regulation 30 (read with Part A of Schedule III) of Securities and Exchange Board of In"
10-Feb-2023 16:50:04,Analysts/Institutional Investor Meet/Con. Call Updates,Angel One Limited has informed the Exchange about Schedule of meet
09-Feb-2023 08:15:40,Updates,"Angel One Limited has informed the Exchange regarding 'Disclosure under the SEBI (Listing Obligations and Disclosure Requirements), Regulations 2015- Intimation of In-principle approval from SEBI for "
07-Feb-2023 14:32:00,Analysts/Institutional Investor Meet/Con. Call Updates,Angel One Limited has informed the Exchange about Schedule of meet
06-Feb-2023 19:30:57,ESOP/ESOS/ESPS,Angel One Limited has informed the Exchange regarding Grant of 758  Options.
03-Feb-2023 07:56:22,Monthly Business Updates,Angel One Limited has informed the Exchange regarding Monthly Business Updates for the month of January 2023
27-Jan-2023 11:23:17,Updates,"Angel One Limited has informed the Exchange regarding 'Intimation under Regulation 30 and 47 of SEBI (Listing Obligations and Disclosure Requirements) Regulations, 2015 - Newspaper Advertisements for "
25-Jan-2023 18:58:12,Shareholders meeting,Angel One Limited has informed the Exchange regarding Notice of Postal Ballot
25-Jan-2023 12:06:10,ESOP/ESOS/ESPS,Angel One Limited has informed the Exchange regarding Allotment of 40686  Shares.
20-Jan-2023 11:43:08,Analysts/Institutional Investor Meet/Con. Call Updates,Angel One Limited has informed the Exchange about Transcript
17-Jan-2023 18:49:21,Analysts/Institutional Investor Meet/Con. Call Updates,Angel One Limited has informed the Exchange about Link of Recording
17-Jan-2023 11:59:25,Copy of Newspaper Publication,Angel One Limited has informed the Exchange about Copy of Newspaper Publication
16-Jan-2023 19:43:44,Record Date,Angel One Limited has informed the Exchange that Record date for the purpose of 3RD Interim Dividend  is 24-Jan-2023.
16-Jan-2023 19:41:37,Investor Presentation,Angel One Limited has informed the Exchange about Investor Presentation
16-Jan-2023 19:40:27,Press Release,"Angel One Limited has informed the Exchange regarding a press release dated January 16, 2023, titled ""Strong Q3  23 Performance""."
16-Jan-2023 19:38:15,Appointment,"Angel One Limited has informed the Exchange regarding Appointment of Mr KRISHNASWAMY ARABADI SRIDHAR as Independent Director of the company w.e.f. January 16, 2023."
16-Jan-2023 19:36:09,Appointment,"Angel One Limited has informed the Exchange regarding Appointment of Mr KALYAN PRASATH as Independent Director of the company w.e.f. January 16, 2023."
16-Jan-2023 19:34:12,Dividend,"Angel One Limited has informed the Exchange that Board of Directors at its meeting held on January 16, 2023, declared Interim Dividend of 9.60 per equity share."
16-Jan-2023 19:27:38,Financial Result Updates,"Angel One Limited has submitted to the Exchange, the financial results for the period ended December 31, 2022."
09-Jan-2023 18:52:32,Updates,Angel One Limited has informed the Exchange regarding 'Intimation of approval received for re-classification of shareholders of Angel One Limited  from the  Promoter and Promoter Group  category to th
09-Jan-2023 16:34:49,"Certificate under SEBI (Depositories and Participants) Regulations, 2018","Angel One Limited has informed the Exchange about Certificate under SEBI (Depositories and Participants) Regulations, 2018"
04-Jan-2023 15:34:19,ESOP/ESOS/ESPS,Angel One Limited has informed the Exchange regarding Grant of 1770  Options.In accordance with the provisions of the Regulation 30 of the Securities and Exchange Board of lndia (Listing Obligations a
04-Jan-2023 07:51:05,Monthly Business Updates,Angel One Limited has informed the Exchange regarding Monthly Business Updates for the month of December 2022
02-Jan-2023 19:10:14,Record Date,Angel One Limited has informed the Exchange that Record date for the purpose of interim Dividend if any so declared   is 24-Jan-2023.
02-Jan-2023 18:55:27,Analysts/Institutional Investor Meet/Con. Call Updates,Angel One Limited has informed the Exchange about Schedule of meet
28-Dec-2022 17:33:56,Trading Window,"Angel One Limited has informed the Exchange regarding the Trading Window closure pursuant to SEBI (Prohibition of Insider Trading) Regulations, 2015"
22-Dec-2022 17:58:06,Allotment of Securities,"Angel One Limited has informed the Exchange regarding allotment of 3683 securities pursuant to ESOP/ESPS at its meeting held on December 22, 2022"
06-Dec-2022 15:50:29,Schedule of Analysts/Institutional Investor Meet/Con. Call,"Intimation of Schedule of Analyst / Institutional Investor meetings under the SEBI (Listing Obligations and Disclosure Requirements), Regulations 2015"
05-Dec-2022 07:58:48,Disclosure of other UPSI/material event,"In accordance with SEBI (Listing Obligations and Disclosure Requirements) Regulations, 2015 and the Code of Practices and Procedures for Fair Disclosure of Unpublished Price Sensitive Information in t"
25-Nov-2022 20:17:56,Disclosure of other UPSI/material event,Angel One Limited has informed the Exchange about Disclosure of other UPSI/material event
24-Nov-2022 18:04:33,Disclosure of other UPSI/material event,Intimation of allotment of 5617 equity shares of Angel One Limited (formerly known as Angel Broking Limited) (���the Company���) having face value of Rs. 10 each pursuant to exercise under Angel Broki
15-Nov-2022 13:18:54,Schedule of Analysts/Institutional Investor Meet/Con. Call,"Angel One Limited has informed the Exchange about Schedule of Analysts/Institutional Investor Meet/Con. Call Pursuant to the Regulation 30(6) of SEBI (Listing Obligations and Disclosure Requirements),"
15-Nov-2022 13:17:06,Schedule of Analysts/Institutional Investor Meet/Con. Call,"Angel One Limited has informed the Exchange about Schedule of Analysts/Institutional Investor Meet/Con. Call Pursuant to the Regulation 30(6) of SEBI (Listing Obligations and Disclosure Requirements),"
15-Nov-2022 13:14:54,Disclosure of other UPSI/material event,Angel One Limited has informed the Exchange about Disclosure of other UPSI/material event : Intimation of Grant of Options under Angel Broking Employee Long Term Incentive Plan 2021In accordance with 
11-Nov-2022 19:06:33,Disclosure of other UPSI/material event,Angel One Limited has informed the Exchange about Disclosure of other UPSI/material event : Intimation Of Grant Of Options Under Angel Broking Employee Long Term Incentive Plan 2021
11-Nov-2022 09:45:30,Press Release,Angel One Limited has informed the Exchange about press release dated 11-Nov-2022 titled Intimation of appointment of Mr. Prateek Mehta as Chief Business Officer of the Company
04-Nov-2022 07:28:39,General updates,"Angel One Limited has informed the Exchange about Intimation under SEBI (Listing Obligations and Disclosure Requirements) Regulations, 2015 - Monthly Business updatesIn accordance with SEBI (Listing O"
01-Nov-2022 18:57:33,Disclosure of other UPSI/material event,Intimation of Grant of Options under Angel Broking Employee Long Term Incentive Plan 2021
28-Oct-2022 17:43:48,Related Party Transaction,Angel One Limited has informed the Exchange about related party transaction for the period ended September 2022. 
28-Oct-2022 17:06:28,Credit Rating,"Pursuant to Regulation 30 read with Schedule III of the SEBI (Listing Obligations and Disclosure Requirements) Regulations, 2015 (""Listing Regulations""), we hereby inform that CARE Ratings Limited (��"
27-Oct-2022 12:48:03,Disclosure of other UPSI/material event,Intimation of allotment of 45675 equity shares of Angel One Limited (formerly known as Angel Broking Limited) (���the Company���) having face value of Rs. 10 each pursuant to exercise under Angel Brok
18-Oct-2022 10:50:51,Transcript of Analysts/Institutional Investor Meet/Con. Call,Subject: Filing of the transcript of earnings call with analysts and investors under Regulation 30 of Securities and Exchange Board of India (Listing Obligations and Disclosure Requirements) Regulatio
14-Oct-2022 20:16:33,Recording of Analysts/Institutional Investor Meet/Con. Call,Angel One Limited has informed the Exchange about Recording of Analysts/Institutional Investor Meet/Con. Call
14-Oct-2022 13:11:57,Schedule of Analysts/Institutional Investor Meet/Con. Call,"Angel One Limited has informed the Exchange about Schedule of Analysts/Institutional Investor Meet/Con. Call Pursuant to the Regulation 30(6) of SEBI (Listing Obligations and Disclosure Requirements),"
14-Oct-2022 11:59:42,Newspaper Advertisements,"Newspaper Advertisement for Unaudited Financial Results of the Company for quarter and half year ended September 30, 2022 ��� Disclosure under Regulation 47 of the SEBI (Listing Obligations and Disclo"
13-Oct-2022 19:32:48,Appointment,Angel One Limited  has informed the Exchange about appointment of KPMG Assurance and Consulting Services LLP as Internal Auditor of the company w.e.f. 13-Oct-2022
13-Oct-2022 19:19:57,Investor Presentation,Angel One Limited has informed the Exchange about Investor Presentation
13-Oct-2022 19:18:21,Press Release,Angel One Limited has informed the Exchange about press release dated 13-Oct-2022 titled Highest Ever Quarterly Performance
13-Oct-2022 19:04:45,Address Change,Angel One Limited has informed the Exchange about Shifting of Registered Office address of the Company within the local Limits of the city.The Board has approved to change the address of the registere
13-Oct-2022 18:58:18,Dividend,Declaration of 2nd Interim Dividend for Financial Year 2022-23:The Board has declared 2nd Interim Dividend for the Financial Year 2022-23 at the rate of Rs. 9 per share on equity shares having face va
13-Oct-2022 18:50:25,Dividend,"Angel One Limited has informed the Exchange that Board of Directors at its meeting held on 13-Oct-2022, declared Dividend of Rs. 9.00 per equity share."
13-Oct-2022 18:50:22,Outcome of Board Meeting,Angel One Limited  has informed the Exchange about Board Meeting held on 13-Oct-2022 to consider financial statements for the period ended September 2022 and Dividend
07-Oct-2022 15:06:12,General updates,"Angel One Limited has informed the Exchange about Certificate under Regulation 74(5) of SEBI (Depositories and Participants) Regulations, 2018 (""said Regulations"") for the quarter ended September 30, "
06-Oct-2022 17:05:24,Disclosure of other UPSI/material event,Angel One Limited has informed the Exchange about Disclosure of other UPSI/material event:  Intimation Of Grant Of Options Under Angel Broking Employee Long Term Incentive Plan 2021
04-Oct-2022 07:21:45,Disclosure of other UPSI/material event,Angel One Limited has informed the Exchange about Disclosure of other UPSI/material event
30-Sep-2022 10:23:54,Record Date,Angel One Limited has informed the Exchange that Record date for the purpose of Dividend  is 21-Oct-2022.
28-Sep-2022 18:52:06,Disclosure of other UPSI/material event,"Angel One Limited has informed the Exchange about Disclosure of other UPSI/material event: Intimation of allotment of 2,547 equity shares of Angel One Limited (formerly known as Angel Broking Limited)"
28-Sep-2022 18:46:09,Schedule of Analysts/Institutional Investor Meet/Con. Call,"Angel One Limited has informed the Exchange about Schedule of Analysts/Institutional Investor Meet/Con. Call .Pursuant to Regulation 30 of the Listing Regulations, we hereby also intimate that the Com"
28-Sep-2022 18:40:41,Disclosure of other UPSI/material event,"Angel One Limited has informed the Exchange about Disclosure of other UPSI/material event to consider, approve and declare 2nd Interim Dividend, if any, for the financial year 2022-23. It is further i"
28-Sep-2022 18:19:18,Closure of trading window,Angel One Limited has informed the Exchange about Closure of trading window The trading window of the Company shall remain closed for dealing in securities of the Company for all the designated person
20-Sep-2022 12:11:57,Schedule of Analysts/Institutional Investor Meet/Con. Call,Angel One Limited has informed the Exchange about Schedule of Analysts/Institutional Investor Meet/Con. Call 
05-Sep-2022 05:56:21,Disclosure of other UPSI/material event,"In accordance with SEBI (Listing Obligations and Disclosure Requirements) Regulations, 2015 and the Code of Practices and Procedures for Fair Disclosure of Unpublished Price Sensitive Information in t"
02-Sep-2022 18:38:18,Disclosure of other UPSI/material event,Intimation of Grant of Options under Angel Broking Employee Long Term Incentive Plan 2021
02-Sep-2022 11:35:42,Disclosure of other UPSI/material event,Angel One Limited has informed the Exchange about Disclosure of other UPSI/material event
01-Sep-2022 21:34:33,Disclosure of other UPSI/material event,Angel One Limited has informed the Exchange about Disclosure of other UPSI/material event
19-Aug-2022 20:19:45,Postal Ballot,Angel One Limited has informed the Exchange about Voting results and  Scrutinizer report of Postal Ballot
08-Aug-2022 20:07:48,Schedule of Analysts/Institutional Investor Meet/Con. Call,"Angel One Limited has informed the Exchange about Schedule of Analysts/Institutional Investor Meet/Con. Call Pursuant to the Regulation 30(6) of SEBI (Listing Obligations and Disclosure Requirements),"
03-Aug-2022 08:30:48,Disclosure of other UPSI/material event,"In accordance with SEBI (Listing Obligations and Disclosure Requirements) Regulations, 2015 and the Code of Practices and Procedures for Fair Disclosure of Unpublished Price Sensitive Information in t"
02-Aug-2022 18:15:15,Disclosure of other UPSI/material event,Angel One Limited has informed the Exchange about Disclosure of other UPSI/material event
02-Aug-2022 18:00:21,Disclosure of other UPSI/material event,Angel One Limited has informed the Exchange about Disclosure of other UPSI/material event
21-Jul-2022 14:36:18,Newspaper Advertisements,Angel One Limited has informed the Exchange about Newspaper Advertisements
20-Jul-2022 19:08:26,Disclosure of other UPSI/material event,Angel One Limited has informed the Exchange about Disclosure of other UPSI/material event
20-Jul-2022 19:00:24,Postal Ballot,Angel One Limited has informed the Exchange about Notice of Postal Ballot
19-Jul-2022 19:22:03,Transcript of Analysts/Institutional Investor Meet/Con. Call,Subject: Filing of the transcript of earnings call with analysts and investors under Regulation 30 of Securities and Exchange Board of India (Listing Obligations and Disclosure Requirements) Regulatio
16-Jul-2022 21:02:30,Credit Rating,Angel One Limited has informed the Exchange about Affirmation of Credit RatingPursuant to Regulation 30 read with Schedule III of the SEBI (Listing Obligations and Disclosure Requirements) Regulations
15-Jul-2022 19:10:54,Disclosure of other UPSI/material event,Angel One Limited has informed the Exchange about Disclosure of other UPSI/material event
15-Jul-2022 19:05:39,Disclosure of other UPSI/material event,Angel One Limited has informed the Exchange about Disclosure of other UPSI/material event
15-Jul-2022 12:23:51,General updates,Angel One Limited has informed the Exchange about Intimation for Opening of Trading Window
15-Jul-2022 12:21:03,Newspaper Advertisements,"Angel One Limited has informed the Exchange about Newspaper Advertisements Newspaper Advertisement for Unaudited Financial Results of the Company for quarter ended June 30, 2022 ��� Disclosure under R"
14-Jul-2022 19:37:51,Press Release,Angel One Limited has informed the Exchange about press release dated 14-Jul-2022 titled Intimation of appointment of Mr.Dinesh Radhkrishnan as Chief Product & Technology Officer 
14-Jul-2022 19:21:33,Investor Presentation,Angel One Limited has informed the Exchange about Investor Presentation
14-Jul-2022 19:18:48,Press Release,Angel One Limited has informed the Exchange about press release dated 14-Jul-2022 titled  Resilient Operational & Financial Performance
14-Jul-2022 19:16:09,Disclosure of other UPSI/material event,Angel One Limited has informed the Exchange about Disclosure of other UPSI/material event Pursuant to the provisions of Regulation 31A of the Securities and Exchange Board of India (Listing Obligation
14-Jul-2022 19:03:00,Record Date,Angel One Limited has informed the Exchange that Record date for the purpose of Dividend  is 22-Jul-2022.
14-Jul-2022 18:59:44,Dividend,"Angel One Limited has informed the Exchange that Board of Directors at its meeting held on 14-Jul-2022, declared Dividend of Rs. 7.65 per equity share."
14-Jul-2022 18:59:42,Outcome of Board Meeting,Angel One Limited  has informed the Exchange about Board Meeting held on 14-Jul-2022 to consider financial statements for the period ended June 2022 and 01st Interim Dividend 
13-Jul-2022 21:53:51,Schedule of Analysts/Institutional Investor Meet/Con. Call,"Subject: Revised intimation of earnings call with analysts and investors to be held on July 15,2022Ref: Intimation dated July 04, 2022Pursuant to Regulation 30 of the Securities and Exchange Board of "
07-Jul-2022 19:16:24,Disclosure of other UPSI/material event,Angel One Limited has informed the Exchange about Disclosure of other UPSI/material event
07-Jul-2022 17:17:06,General updates,"Angel One Limited has informed the Exchange about Certificate under Regulation 74(5) of SEBI (Depositories and Participants) Regulations, 2018 (""said Regulations"") for the quarter ended June 30, 2022P"
05-Jul-2022 18:43:15,Disclosure of other UPSI/material event,Angel One Limited has informed the Exchange about Disclosure of other UPSI/material event
04-Jul-2022 19:53:48,Schedule of Analysts/Institutional Investor Meet/Con. Call,"Angel One Limited has informed the Exchange about Schedule of Analysts/Institutional Investor Meet/Con. Call - Intimation of Board Meeting on July 14, 2022 and earnings webcast with analysts and inves"
04-Jul-2022 19:47:39,Disclosure of other UPSI/material event,Angel One Limited has informed the Exchange about Disclosure of other UPSI/material event - Intimation of Grant of Options under Angel Broking Employee Long Term Incentive Plan 2021
04-Jul-2022 08:15:12,Disclosure of other UPSI/material event,Angel One Limited has informed the Exchange about Disclosure of other UPSI/material event
27-Jun-2022 10:25:36,Closure of trading window,"Please be informed that, pursuant to the SEBI (Prohibition of Insider Trading) Regulations 2015, the Trading Window of the Company shall remain closed for dealing in securities of the Company for all "
24-Jun-2022 12:31:17,Disclosure under SEBI Takeover Regulations,"Disclosure under Regulation 29 under SEBI (SAST) Regulations, 2011 has been submitted."
24-Jun-2022 08:05:41,Credit Rating,Angel One Limited has informed the Exchange about Upgrade of Credit Rating
21-Jun-2022 18:53:28,Disclosure of other UPSI/material event,Angel One Limited has informed the Exchange about Disclosure of other UPSI/material eventPursuant to Regulation 30 of Securities and Exchange Board of India (Listing Obligations and Disclosure Require
17-Jun-2022 14:11:01,Schedule of Analysts/Institutional Investor Meet/Con. Call,Angel One Limited has informed the Exchange about Schedule of Analysts/Institutional Investor Meet/Con. Call Subject: Intimation of Schedule of Analyst / Institutional Investor meetings under the SEBI
07-Jun-2022 17:21:03,Disclosure of other UPSI/material event,Angel One Limited has informed the Exchange about Disclosure of other UPSI/material event
07-Jun-2022 12:59:39,Schedule of Analysts/Institutional Investor Meet/Con. Call,"Angel One Limited has informed the Exchange about Schedule of Analysts/Institutional Investor Meet/Con. Call Pursuant to the Regulation 30(6) of SEBI (Listing Obligations and Disclosure Requirements),"
03-Jun-2022 08:12:55,Disclosure of other UPSI/material event,Angel One Limited has informed the Exchange about Disclosure of other UPSI/material event
02-Jun-2022 16:01:23,Disclosure of other UPSI/material event,Angel One Limited has informed the Exchange about Transcript of 26th Annual General Meeting of Angel One Limited
02-Jun-2022 14:51:36,Disclosure of other UPSI/material event,Angel One Limited has informed the Exchange about Disclosure of other UPSI/material event- Intimation of Grant of Options under Angel Broking Employee Long Term Incentive Plan 2021
01-Jun-2022 12:28:27,Press Release,Angel One Limited has informed the Exchange about press release dated 01-Jun-2022 titled Press Release -Fintech platform Angel One launches Phase 1 of its Super App for Limited Users
31-May-2022 21:29:57,Annual General Meeting,Angel One Limited has informed the Exchange about  Scrutinizer report and  Proceedings of Annual General Meeting held on 31-May-2022The 26th Annual General Meeting (���AGM���) of the Company was held 
27-May-2022 08:41:30,Press Release,"Angel One Limited has informed the Exchange about press release dated 27-May-2022 titled Press Release -Angel One achieves a significant milestone of 10mn clients, on its platform; Strong momentum in "
23-May-2022 18:45:24,Schedule of Analysts/Institutional Investor Meet/Con. Call,"Subject: Intimation of Schedule of Analysts���/Institutional Investors��� meetings under the SEBI (Listing Obligations and Disclosure Requirements), Regulations 2015Pursuant to the Regulation 30(6) of"
18-May-2022 12:20:01,Disclosure under SEBI Takeover Regulations,Promoter/Promoter Group of Angel One Limited has submitted a disclosure under Regulation 31(4) of SEBI Takeover Regulations for the year ended 31-Mar-2022.
16-May-2022 19:48:02,Disclosure of other UPSI/material event,Angel One Limited has informed the Exchange about Disclosure of other UPSI/material event
10-May-2022 17:33:49,Disclosure of other UPSI/material event,Angel One Limited has informed the Exchange about Disclosure of other UPSI/material event
09-May-2022 10:35:32,Newspaper Advertisements,Newspaper Publication of notice of 26th Annual General Meeting
07-May-2022 13:20:17,Annual General Meeting,Angel One Limited has informed the Exchange about Notice of Annual General Meeting to be held on 31-May-2022We wish to inform you that the Twenty Sixth (26th) Annual General Meeting of Angel One Limit
06-May-2022 15:10:33,Newspaper Advertisements,"Angel One Limited has informed the Exchange about Newspaper AdvertisementsPursuant to regulation 47 of the SEBI (Listing Obligations and Disclosure Requirements) Regulations, 2015, we enclose herewith"
05-May-2022 19:09:37,Record Date,Angel One Limited has informed the Exchange that Record date for the purpose of Dividend  is 24-May-2022.
05-May-2022 18:29:28,General updates,Angel One Limited has informed the Exchange about Intimation to Members about Annual General Meeting of the Company and Record Date for the purpose of Final Dividend.We wish to inform you that 26th An
05-May-2022 08:03:30,Disclosure of other UPSI/material event,Angel One Limited has informed the Exchange about Disclosure of other UPSI/material event
04-May-2022 18:08:59,Disclosure of other UPSI/material event,"Intimation of allotment of 14,482 equity shares of Angel One Limited (formerly known as Angel Broking Limited) (���the Company���) having face value of Rs. 10 each pursuant to exercise under Angel Bro"
04-May-2022 13:31:11,Related Party Transaction,"Pursuant to Regulation 23(9) of Listing Regulations, please find enclosed disclosure of related party transactions and balances for the half year ended March 31, 2022.Kindly take the same on record."
02-May-2022 13:58:03,Disclosure of other UPSI/material event,Angel One Limited has informed the Exchange about Disclosure of other UPSI/material event
27-Apr-2022 15:39:18,Disclosure of other UPSI/material event,Angel One Limited has informed the Exchange about Disclosure of other UPSI/material event -Intimation of Grant of Options under Angel Broking Employee Long Term Incentive Plan 2021
25-Apr-2022 20:12:27,Transcript of Analysts/Institutional Investor Meet/Con. Call,"Angel One Limited has informed the Exchange about Transcript of Analysts/Institutional Investor Meet/Con. Call Further to our intimation on April 04, 2022, intimating of the earnings call with analyst"
21-Apr-2022 23:04:57,Recording of Analysts/Institutional Investor Meet/Con. Call,Angel One Limited has informed the Exchange about Recording of Analysts/Institutional Investor Meet/Con. Call
21-Apr-2022 12:31:47,Newspaper Advertisements,"Angel One Limited has informed the Exchange about Newspaper Advertisements for Audited Financial Results of the Company for quarter and year ended March 31, 2022 ��� Disclosure under Regulation 47 of "
21-Apr-2022 10:39:22,Disclosure of other UPSI/material event,Angel One Limited has informed the Exchange about Disclosure of other UPSI/material event
20-Apr-2022 20:14:59,General updates,"Angel One Limited has informed the Exchange about Outcome of Board Meeting held today i.e. April 20,2022 under Regulation 30 of SEBI (Listing Obligations and Disclosure Requirements) Regulations, 2015"
20-Apr-2022 19:33:59,Press Release,Angel One Limited has informed the Exchange about press release dated 20-Apr-2022 titled Press release - Strong Operational & Financial Performance
20-Apr-2022 19:28:03,Investor Presentation,"Angel One Limited has informed the Exchange about Investor PresentationWith reference to above captioned subject, please find attached Investor presentation. The Presentation will be uploaded on the C"
20-Apr-2022 19:20:08,Dividend,"Angel One Limited has informed the Exchange that Board of Directors at its meeting held on 20-Apr-2022, declared Dividend of Rs. 2.25 per equity share."
20-Apr-2022 19:20:06,Outcome of Board Meeting,"Outcome of Board Meeting held today i.e. April 20,2022 under Regulation 30 of SEBI (Listing Obligations and Disclosure Requirements) Regulations, 2015."
20-Apr-2022 19:18:12,Financial Result Updates,"Angel One Limited has submitted to the Exchange, the financial results for the period ended March 31, 2022."
19-Apr-2022 18:16:35,General updates,"Angel One Limited has informed the Exchange about Intimation of allotment of 12,318 Equity Shares of Angel One Limited (Formerly Known as Angel Broking Limited) (���the Company���) having face value o"
11-Apr-2022 18:16:33,General updates,"Angel One Limited has informed the Exchange about Certificate under Regulation 74(5) of SEBI (Depositories and Participants) Regulations, 2018 (""said Regulations"") for the quarter ended March 31, 2022"
06-Apr-2022 09:25:02,General updates,"Angel One Limited has informed the Exchange about Intimation under SEBI (Listing Obligations and Disclosure Requirements) Regulations, 2015 - Monthly business updates"
04-Apr-2022 19:33:32,Schedule of Analysts/Institutional Investor Meet/Con. Call,"Pursuant to Regulation 29 of the SEBI (Listing Obligations and Disclosure Requirements) Regulations, 2015 (""Listing Regulations"") we hereby inform that a meeting of the Board of Directors of the Compa"
04-Apr-2022 19:10:02,General updates,"Angel One Limited has informed the Exchange about Intimation of allotment of 59,653 Equity Shares of Angel One Limited (Formerly Known as Angel Broking Limited) (���the Company���) having face value o"
03-Apr-2022 12:58:40,Disclosure of other UPSI/material event,Angel One Limited has informed the Exchange about Disclosure of other UPSI/material event
01-Apr-2022 16:28:53,Dividend,Angel One Limited has informed the Exchange about Interim dividend at the rate of 7.00 per share
25-Mar-2022 18:25:27,Record Date,Angel One Limited has informed the Exchange that Record date for the purpose of Dividend  is 11-Apr-2022.
25-Mar-2022 18:25:23,Closure of trading window,Angel One Limited has informed the Exchange about Closure of trading window
25-Mar-2022 18:25:22,Disclosure of other UPSI/material event,Angel One Limited has informed the Exchange about Disclosure of other UPSI/material event
22-Mar-2022 12:03:11,Schedule of Analysts/Institutional Investor Meet/Con. Call,"Intimation of Schedule of Analyst / Institutional Investor meetings under the SEBI (Listing Obligations and Disclosure Requirements), Regulations 2015"
14-Mar-2022 10:54:59,Schedule of Analysts/Institutional Investor Meet/Con. Call,Angel One Limited has informed the Exchange about Schedule of Analysts/Institutional Investor Meet/Con. Call 
07-Mar-2022 15:55:10,General updates,Angel One Limited has informed the Exchange about Intimation of Grant of Options under Angel Broking Employee Long Term Incentive Plan 2021
04-Mar-2022 09:37:39,Credit Rating,Angel One Limited has informed the Exchange about Assignment of Credit Rating
04-Mar-2022 08:18:50,General updates,Angel One Limited has informed the Exchange about Monthly business updates
03-Mar-2022 18:48:35,Schedule of Analysts/Institutional Investor Meet/Con. Call,Angel One Limited has informed the Exchange about Schedule of Analysts/Institutional Investor Meet/Con. Call 
03-Mar-2022 18:15:41,Press Release,Angel One Limited has informed the Exchange about press release dated 03-Mar-2022 titled Fintech company Angel One Limited appoints Dr. Pravin Bathe as the Chief  Legal & Compliance Officer
02-Mar-2022 19:17:46,General updates,Angel One Limited has informed the Exchange about Intimation of Grant of Options under Angel Broking Employee Long Term Incentive Plan 2021
16-Feb-2022 11:49:14,Allotment of Securities,"Angel One Limited has informed the Exchange regarding allotment of 76650 securities pursuant to ESOP/ESPS at its meeting held on February 15, 2022"
15-Feb-2022 13:22:59,Analysts/Institutional Investor Meet/Con. Call Updates,Angel One Limited has informed the Exchange about Schedule of meet
08-Feb-2022 13:34:46,Analysts/Institutional Investor Meet/Con. Call Updates,Angel One Limited has informed the Exchange about Schedule of meet
03-Feb-2022 08:22:47,Monthly Business Updates,Angel One Limited has informed the Exchange regarding Monthly Business Updates for the month of January 2022
02-Feb-2022 18:23:46,ESOP/ESOS/ESPS,Angel One Limited has informed the Exchange regarding Grant of 1570  Options.
01-Feb-2022 17:57:13,ESOP/ESOS/ESPS,Angel One Limited has informed the Exchange regarding Allotment of 7  Shares.
21-Jan-2022 12:41:32,Analysts/Institutional Investor Meet/Con. Call Updates,Angel One Limited has informed the Exchange about Filing of the transcript of earnings call with analysts and investors under Regulation 30 of Securities and Exchange Board of India (Listing Obligatio
18-Jan-2022 13:01:49,Copy of Newspaper Publication,Angel One Limited has informed the Exchange about Copy of Newspaper Publication
17-Jan-2022 19:42:19,Updates,Angel One Limited has informed the Exchange regarding 'Intimation of Opening of Trading Window'.
17-Jan-2022 19:07:24,Press Release,"Angel One Limited has informed the Exchange regarding a press release dated January 17, 2022, titled ""Press release -Strong Operational & Financial performance ""."
17-Jan-2022 19:04:36,Investor Presentation,Angel One Limited has informed the Exchange about Investor Presentation
17-Jan-2022 18:38:43,Record Date,Angel One Limited has informed the Exchange that Record date for the purpose of Third interim Dividend  is 25-Jan-2022.
17-Jan-2022 18:35:52,Financial Result Updates,"Angel One Limited has submitted to the Exchange, the financial results for the period ended December 31, 2021."
17-Jan-2022 18:34:40,Outcome of Board Meeting,"Angel One Limited has informed the Exchange regarding  Board meeting held on January 17, 2022."
17-Jan-2022 18:33:04,Outcome of Board Meeting,"Angel One Limited has informed the Exchange regarding  Board meeting held on January 17, 2022."
11-Jan-2022 12:03:39,"Certificate under SEBI (Depositories and Participants) Regulations, 2018","Angel One Limited has informed the Exchange about Certificate under SEBI (Depositories and Participants) Regulations, 2018"
04-Jan-2022 18:22:28,Analysts/Institutional Investor Meet/Con. Call Updates,Angel One Limited has informed the Exchange about Earning call with analysts and investors
04-Jan-2022 08:14:42,Monthly Business Updates,Angel One Limited has informed the Exchange regarding Monthly Business Updates for the month of December 2021
29-Dec-2021 10:58:17,Trading Window,"Angel One Limited has informed the Exchange regarding the Trading Window closure pursuant to SEBI (Prohibition of Insider Trading) Regulations, 2015"
27-Dec-2021 16:59:03,ESOP/ESOS/ESPS,Angel One Limited has informed the Exchange regarding Grant of 9432  Options.
22-Dec-2021 17:03:48,ESOP/ESOS/ESPS,Angel One Limited has informed the Exchange regarding Grant of 7111  Options.
22-Dec-2021 10:46:40,Press Release,"Angel One Limited has informed the Exchange regarding a press release dated December 22, 2021, titled ""Angel One partners with Vakrangee Digital Ventures to expand presence across Tier 2, 3 and beyond"
21-Dec-2021 18:38:56,ESOP/ESOS/ESPS,Angel One Limited has informed the Exchange regarding Allotment of 9000  Shares.
17-Dec-2021 17:02:06,ESOP/ESOS/ESPS,Angel One Limited has informed the Exchange regarding Grant of 3701  Options.
15-Dec-2021 20:50:11,ESOP/ESOS/ESPS,Angel One Limited has informed the Exchange regarding Grant of 5427  Options.
13-Dec-2021 18:09:05,Amendment to AOA/MOA,Angel One Limited has informed the Exchange regarding the Amendment to AOA/MOA of the company.
13-Dec-2021 18:08:03,Updates,"Angel One Limited has informed the Exchange regarding ''. This is to inform that the shareholders of the Company have approved the following Resolutionsthrough Postal Ballot Notice dated November 12 ,"
13-Dec-2021 13:22:29,Shareholders meeting,"Angel One Limited has submitted the Exchange a copy Srutinizers report of  Postal Ballot. Further, the company has informed the Exchange regarding voting results."
08-Dec-2021 16:57:19,ESOP/ESOS/ESPS,Angel One Limited has informed the Exchange regarding Grant of 5052  Options.
07-Dec-2021 17:22:39,ESOP/ESOS/ESPS,Angel One Limited has informed the Exchange regarding Allotment of 45000  Shares.
07-Dec-2021 10:23:46,Analysts/Institutional Investor Meet/Con. Call Updates,"Angel One Limited has informed the Exchange about  Intimation of Schedule of Analyst / Institutional Investor meetings under the SEBI  (Listing Obligations and Disclosure Requirements), Regulations 20"
03-Dec-2021 18:41:59,ESOP/ESOS/ESPS,Angel One Limited has informed the Exchange regarding Grant of 8448  Options.
03-Dec-2021 08:04:20,Monthly Business Updates,Angel One Limited has informed the Exchange regarding Monthly Business Updates for the month of November 2021
30-Nov-2021 11:17:45,Analysts/Institutional Investor Meet/Con. Call Updates,Angel One Limited has informed the Exchange about Schedule of meet
26-Nov-2021 15:52:02,ESOP/ESOS/ESPS,Angel One Limited has informed the Exchange regarding Grant of 9321  Options.
23-Nov-2021 12:34:03,ESOP/ESOS/ESPS,Angel One Limited has informed the Exchange regarding Grant of 7136  Options.
18-Nov-2021 18:52:22,Related Party Transactions,Angel One Limited has informed the Exchange about related Party Transactions
17-Nov-2021 16:13:28,Analysts/Institutional Investor Meet/Con. Call Updates,"Angel One Limited has informed the Exchange about Intimation of Schedule of Analyst / Institutional Investor meetings under the SEBI  (Listing Obligations and Disclosure Requirements), Regulations 201"
15-Nov-2021 13:33:52,Copy of Newspaper Publication,Angel Broking Limited has informed the Exchange about Copy of Newspaper Publication
12-Nov-2021 23:27:39,Shareholders meeting,Angel Broking Limited has informed the Exchange regarding Notice of Postal Ballot
12-Nov-2021 23:09:16,Updates,"Angel Broking Limited has informed the Exchange regarding 'Intimation under Regulation 30 of SEBI (Listing Obligations and Disclosure Requirements) Regulations, 2015.'."
12-Nov-2021 21:40:27,Analysts/Institutional Investor Meet/Con. Call Updates,Angel Broking Limited has informed the Exchange about Analysts/Institutional Investor Meet/Con. Call Updates
09-Nov-2021 18:26:41,ESOP/ESOS/ESPS,Angel Broking Limited has informed the Exchange regarding Allotment of 36000  Shares.
09-Nov-2021 18:25:08,ESOP/ESOS/ESPS,Angel Broking Limited has informed the Exchange regarding Grant of 9322  Options.
03-Nov-2021 20:46:56,Name and Symbol Change,"ANGELBRKG: Members of the Exchange are hereby informed that the name of Angel Broking Limited shall be changed to Angel One Limited and symbol be changed to ANGELONE w.e.f. November 11, 2021."
03-Nov-2021 08:17:31,Monthly Business Updates,Angel Broking Limited has informed the Exchange regarding Monthly Business Updates for the month of October 2021
26-Oct-2021 19:39:58,Updates,Angel Broking Limited has informed the Exchange regarding 'Filing of the transcript of earnings call with analysts and investors under Regulation 30 of Securities and Exchange Board of India (Listing 
22-Oct-2021 19:57:21,ESOP/ESOS/ESPS,Angel Broking Limited has informed the Exchange regarding Grant of 4195  Options.
21-Oct-2021 11:53:19,Copy of Newspaper Publication,"Newspaper Advertisement for unaudited Financial Results of the Company forquarter and half year ended September 30, 2021 - Disclosure under Regulation 47 of theSEBI (Lis ting Obligations and Disclosur"
20-Oct-2021 21:18:52,Updates,Angel Broking Limited has informed the Exchange regarding ''. intimation of opening of trading window
20-Oct-2021 19:00:22,Press Release,"Angel Broking Limited has informed the Exchange regarding a press release dated October 20, 2021, titled ""Press Release Growth Momentum Continues""."
20-Oct-2021 18:57:56,Investor Presentation,Angel Broking Limited has informed the Exchange about Investor Presentation
20-Oct-2021 18:45:38,Appointment,"Angel Broking Limited has informed the Exchange regarding Appointment of Mr Mala todarwal as Independent Director of the company w.e.f. October 20, 2021. subject to approval of shareholders."
20-Oct-2021 18:32:33,Record Date,Angel Broking Limited has informed the Exchange that Record date for the purpose of Dividend  is 28-Oct-2021.
20-Oct-2021 18:29:05,Financial Result Updates,"Angel Broking Limited has submitted to the Exchange, the financial results for the period ended September 30, 2021."
20-Oct-2021 18:28:10,Outcome of Board Meeting,"Angel Broking Limited has informed the Exchange regarding  Board meeting held on October 20, 2021. to unaudited consider and approve standalone and consolidated financial results"
20-Oct-2021 18:26:25,Dividend,"Angel Broking Limited has informed the Exchange that Board of Directors at its meeting held on October 20, 2021, declared Interim Dividend of 5.70 per equity share."
19-Oct-2021 17:51:10,ESOP/ESOS/ESPS,Angel Broking Limited has informed the Exchange regarding Allotment of 81707  Shares.
08-Oct-2021 16:13:47,"Certificate under SEBI (Depositories and Participants) Regulations, 2018","Angel Broking Limited has informed the Exchange about Certificate under SEBI (Depositories and Participants) Regulations, 2018"
05-Oct-2021 08:25:17,Monthly Business Updates,Angel Broking Limited has informed the Exchange regarding Monthly Business Updates for the month of September 2021
04-Oct-2021 18:59:45,ESOP/ESOS/ESPS,Angel Broking Limited has informed the Exchange regarding Grant of 1986  Options.
04-Oct-2021 18:27:57,Trading Window,"Angel Broking Limited has informed the Exchange regarding the Trading Window closure pursuant to SEBI (Prohibition of Insider Trading) Regulations, 2015"
04-Oct-2021 18:24:59,Analysts/Institutional Investor Meet/Con. Call Updates,Angel Broking Limited has informed the Exchange about Analysts/Institutional Investor Meet/Con. Call Updates
04-Oct-2021 10:36:08,Disclosure under SEBI Takeover Regulations,"Rahul Thakkar and Anuradha Thakkar has informed the Exchange regarding��regarding Intimation under Regulation 10(6) of SEBI (Substantial Acquisition of Shares and Takeovers) Regulations, 2011 (Takeove"
01-Oct-2021 11:11:28,Disclosure under SEBI Takeover Regulations,��Anuradha Thakkar and Rahul Thakkar��has submitted to the Exchange a copy of����disclosure under Regulation 10(5) in respect of acquisition under Regulation 10(1)(a) of SEBI (Substantial Acquisition 
30-Sep-2021 19:35:20,Disclosure under SEBI Takeover Regulations,��Promoter/Member of the Promoter Group of the Company has informed the Exchange regarding&#65440;Intimation under Regulation 10(5) of SEBI (Substantial Acquisition of Shares and Takeovers) Regulation
29-Sep-2021 17:09:54,Updates,"Angel Broking Limited has informed the Exchange regarding 'Intimation under Regulation 30 SEBI (Listing Obligations and Disclosure Requirements) Regulations, 2015'."
28-Sep-2021 11:47:14,Trading Window,"Angel Broking Limited has informed the Exchange regarding the Trading Window closure pursuant to SEBI (Prohibition of Insider Trading) Regulations, 2015"
28-Sep-2021 11:45:49,ESOP/ESOS/ESPS,Angel Broking Limited has informed the Exchange regarding Grant of 7019  Options.
24-Sep-2021 21:56:44,Updates,"Angel Broking Limited has informed the Exchange regarding 'Disclosure under Regulation 30 SEBI (Listing Obligations and Disclosure Requirements) Regulations, 2015   Resignation of Independent Director"
23-Sep-2021 16:40:59,Name Change,Angel Broking Limited has informed the Exchange that the name has been changed from Angel Broking Limited to Angel One Limited
21-Sep-2021 18:02:09,ESOP/ESOS/ESPS,Angel Broking Limited has informed the Exchange regarding Allotment of 44730  Shares.
17-Sep-2021 18:06:26,ESOP/ESOS/ESPS,Angel Broking Limited has informed the Exchange regarding Grant of 3350  Options.
15-Sep-2021 19:11:51,Resignation,"Angel Broking Limited has informed the Exchange regarding Resignation of Ms Anisha Motwani as Non- Executive Independent Director of the company w.e.f. September 15, 2021."
14-Sep-2021 17:14:37,ESOP/ESOS/ESPS,Angel Broking Limited has informed the Exchange regarding Grant of 7583  Options.
09-Sep-2021 14:09:20,Analysts/Institutional Investor Meet/Con. Call Updates,Angel Broking Limited has informed the Exchange about Analysts/Institutional Investor Meet/Con. Call Updates
08-Sep-2021 21:13:46,Shareholders meeting,"Angel Broking Limited has submitted the Exchange a copy Srutinizers report of  Postal Ballot. Further, the company has informed the Exchange regarding voting results."
08-Sep-2021 21:11:25,Amendment to AOA/MOA,Angel Broking Limited has informed the Exchange regarding the Amendment to AOA/MOA of the company.
08-Sep-2021 21:08:38,Updates,"Angel Broking Limited has informed the Exchange regarding 'Intimation pursuant to Regulation 30 of SEBI (Listing Obligations andDisclosure Requirements) Regulations, 2015'."
07-Sep-2021 18:36:07,ESOP/ESOS/ESPS,Angel Broking Limited has informed the Exchange regarding Grant of 18623  Options.
03-Sep-2021 18:08:38,ESOP/ESOS/ESPS,Angel Broking Limited has informed the Exchange regarding Grant of 9080  Options.
03-Sep-2021 08:34:38,Monthly Business Updates,Angel Broking Limited has informed the Exchange regarding Monthly Business Updates for the month of August 2021
17-Aug-2021 20:06:04,Allotment of Securities,"Angel Broking Limited has informed the Exchange regarding allotment of 147604 securities pursuant to ESOP/ESPS at its meeting held on August 17, 2021"
17-Aug-2021 19:59:48,ESOP/ESOS/ESPS,Angel Broking Limited has informed the Exchange regarding Grant of 30517  Options.
13-Aug-2021 21:15:58,ESOP/ESOS/ESPS,Angel Broking Limited has informed the Exchange regarding Grant of 50239  Options.
10-Aug-2021 17:17:23,Analysts/Institutional Investor Meet/Con. Call Updates,Angel Broking Limited has informed the Exchange about Analysts/Institutional Investor Meet/Con. Call Updates
10-Aug-2021 17:15:22,Copy of Newspaper Publication,Angel Broking Limited has informed the Exchange about Copy of Newspaper Publication
09-Aug-2021 20:49:26,Shareholders meeting,Angel Broking Limited has informed the Exchange regarding Notice of Postal Ballot
07-Aug-2021 15:05:53,Analysts/Institutional Investor Meet/Con. Call Updates,Angel Broking Limited has informed the Exchange about Analysts/Institutional Investor Meet/Con. Call Updates
07-Aug-2021 15:04:00,Change in Director(s),Angel Broking Limited has informed the Exchange regarding Change in Director(s) of the company.
07-Aug-2021 15:00:15,Updates,"Angel Broking Limited has informed the Exchange regarding 'Circular Resolution on Friday, 06th August, 2021'."
04-Aug-2021 18:17:25,Copy of Newspaper Publication,Angel Broking Limited has informed the Exchange about Copy of Newspaper Publication
04-Aug-2021 08:18:30,Monthly Business Updates,Angel Broking Limited has informed the Exchange regarding Monthly Business Updates for the month of July 2021
03-Aug-2021 18:16:44,Updates,"Angel Broking Limited has informed the Exchange regarding 'Intimation of allotment of 29,302 Equity Shares of Angel Broking Limited (the Company) having face value of Rs. 10/- each pursuant to exercis"
29-Jul-2021 14:18:26,Analysts/Institutional Investor Meet/Con. Call Updates,Angel Broking Limited has informed the Exchange about Analysts/Institutional Investor Meet/Con. Call Updates
29-Jul-2021 14:16:11,Appointment,"Angel Broking Limited has informed the Exchange regarding Appointment of Mr Jyotiswarup Raiturkar as Chief Technology Officer of the company w.e.f. July 26, 2021."
22-Jul-2021 16:42:03,Analysts/Institutional Investor Meet/Con. Call Updates,Angel Broking Limited has informed the Exchange about Analysts/Institutional Investor Meet/Con. Call Updates
20-Jul-2021 22:41:08,Updates,"Angel Broking Limited has informed the Exchange regarding 'Revision in Disclosures under Regulation 7(3) read withRegulation 6(2) of the SEBI (Prohibition of Insider Trading Regulations), 2015'."
20-Jul-2021 19:37:08,ESOP/ESOS/ESPS,Angel Broking Limited has informed the Exchange regarding Allotment of 18278  Shares.
20-Jul-2021 19:34:26,Updates,Angel Broking Limited has informed the Exchange regarding 'Transcript of earnings call with analysts and investors'.
17-Jul-2021 12:29:42,Trading Window,"Angel Broking Limited has informed the Exchange regarding the Trading Window closure pursuant to SEBI (Prohibition of Insider Trading) Regulations, 2015"
16-Jul-2021 19:04:11,Copy of Newspaper Publication,Angel Broking Limited has informed the Exchange about Copy of Newspaper Publication
15-Jul-2021 19:54:10,Financial Result Updates,"Angel Broking Limited has submitted to the Exchange, the financial results for the period ended June 30, 2021."
15-Jul-2021 18:53:25,Financial Results Updates,"Financial Result for quarter ended June 30, 2021"
15-Jul-2021 18:43:52,Press Release,"Angel Broking Limited has informed the Exchange regarding a press release dated July 15, 2021, titled ""Press release - 4x Growth in Client Base over the Last Nine Quarters""."
15-Jul-2021 18:39:20,Investor Presentation,Angel Broking Limited has informed the Exchange about Investor Presentation
15-Jul-2021 18:10:38,Statement of deviation(s) or variation(s) under Reg. 32,Angel Broking Limited has informed the Exchange about statement of deviation(s) or variation(s) under Reg. 32
15-Jul-2021 17:57:43,Outcome of Board Meeting,"Angel Broking Limited has informed the Exchange regarding Outcome of Board Meeting held on July 15, 2021."
15-Jul-2021 17:57:42,Dividend,"Angel Broking Limited has informed the Exchange that Board of Directors at its meeting held on July 15, 2021, declared Interim Dividend of Rs. 5.15 per equity share."
13-Jul-2021 15:33:48,"Certificate under SEBI (Depositories and Participants) Regulations, 2018","Angel Broking Limited has informed the Exchange about Certificate under SEBI (Depositories and Participants) Regulations, 2018"
06-Jul-2021 13:00:52,Record Date,Angel Broking Limited has informed the Exchange that Record date for the purpose of Dividend  is 26-Jul-2021.
06-Jul-2021 12:55:28,Trading Window,"Angel Broking Limited has informed the Exchange regarding the Trading Window closure pursuant to SEBI (Prohibition of Insider Trading) Regulations, 2015"
06-Jul-2021 12:32:03,Analysts/Institutional Investor Meet/Con. Call Updates,Angel Broking Limited has informed the Exchange about Analysts/Institutional Investor Meet/Con. Call Updates
05-Jul-2021 08:16:25,Monthly Business Updates,Angel Broking Limited has informed the Exchange regarding Monthly Business Updates for the month of June 2021
29-Jun-2021 22:27:18,Shareholders meeting,"Angel Broking Limited has informed the Exchange regarding Proceedings of Annual General Meeting held on Jun 29, 2021. Further, the company has submitted the Exchange a copy of Srutinizers report."
29-Jun-2021 22:08:18,Amendment to AOA/MOA,Angel Broking Limited has informed the Exchange regarding the Amendment to AOA/MOA of the company.
29-Jun-2021 22:01:07,Trading Window,"Angel Broking Limited has informed the Exchange regarding the Trading Window closure pursuant to SEBI (Prohibition of Insider Trading) Regulations, 2015"
24-Jun-2021 10:37:43,Press Release,"Angel Broking Limited has informed the Exchange regarding a press release dated Jun 24, 2021, titled ""Angel Broking launches Smart Store, a collection of avantgardetrading solutions""."
17-Jun-2021 11:09:41,Press Release,"Angel Broking Limited has informed the Exchange regarding a press release dated Jun 17, 2021, titled ""Press release - With 5 Million Strong Clientele, Angel Broking receives thumbs up for tech-driven "
15-Jun-2021 18:26:08,ESOP/ESOS/ESPS,Angel Broking Limited has informed the Exchange regarding Allotment of 108726  Shares.
11-Jun-2021 13:03:49,Copy of Newspaper Publication,Angel Broking Limited has informed the Exchange about Copy of Newspaper Publication
10-Jun-2021 19:53:35,Corrigendum,Angel Broking Limited has informed the Exchange regarding Corrigendum to Annual Report for financial year 2020-21
08-Jun-2021 12:08:56,Copy of Newspaper Publication,Angel Broking Limited has informed the Exchange about Copy of Newspaper Publication
07-Jun-2021 21:02:27,Shareholders meeting,"Angel Broking Limited has informed the Exchange regarding Notice of Annual General Meeting to be held on Jun 29, 2021"
07-Jun-2021 17:48:25,Copy of Newspaper Publication,Angel Broking Limited has informed the Exchange about Copy of Newspaper Publication
04-Jun-2021 12:57:54,Analysts/Institutional Investor Meet/Con. Call Updates,Angel Broking Limited has informed the Exchange about Analysts/Institutional Investor Meet/Con. Call Updates
04-Jun-2021 08:25:11,Monthly Business Updates,Angel Broking Limited has informed the Exchange regarding Monthly Business Updates for the month of May 2021
01-Jun-2021 19:08:09,ESOP/ESOS/ESPS,Angel Broking Limited has informed the Exchange regarding Allotment of 135211  Shares.
30-May-2021 12:40:15,Outcome of Board Meeting,"Angel Broking Limited has informed the Exchange regarding  Board meeting held on May 29, 2021."
20-May-2021 20:43:08,Related Party Transactions,Angel Broking Limited has informed the Exchange about related Party Transactions
20-May-2021 20:18:39,Analysts/Institutional Investor Meet/Con. Call Updates,Angel Broking Limited has informed the Exchange about Analysts/Institutional Investor Meet/Con. Call Updates
19-May-2021 12:42:48,Reply to Clarification- Financial results,The Exchange had sought clarification from Angel Broking Limited for the quarter ended 31-Mar-2021 with respect to Regulation 33 of the SEBI (Listing Obligations and Disclosure Requirements) Regulatio
18-May-2021 20:07:59,ESOP/ESOS/ESPS,Angel Broking Limited has informed the Exchange regarding Allotment of 200000  Shares.
14-May-2021 10:27:39,Clarification - Financial Results,The Exchange has sought clarification from Angel Broking Limited for the quarter ended 31-Mar-2021 with respect to Regulation 33 of the SEBI (Listing Obligations and Disclosure Requirements) Regulatio
11-May-2021 11:21:53,Updates,Angel Broking Limited has informed the Exchange regarding 'transcript of earnings call with analysts and investors'.
07-May-2021 15:20:33,Declaration for audit reports with unmodified opinion(s),Angel Broking Limited has informed the Exchange about Declaration for audit reports with unmodified opinion(s)
07-May-2021 15:13:57,Updates,Angel Broking Limited has informed the Exchange regarding 'Intimation of Opening of Trading Window'.
07-May-2021 15:07:58,Copy of Newspaper Publication,Angel Broking Limited has informed the Exchange about Copy of Newspaper Publication of Statement of deviation
07-May-2021 15:03:21,Copy of Newspaper Publication,Angel Broking Limited has informed the Exchange about Copy of Newspaper Publication of Audited Financial Results
06-May-2021 21:23:35,Updates,"Angel Broking Limited has informed the Exchange regarding 'Intimation under Regulation 30 SEBI (Listing Obligations and DisclosureRequirements) Regulations, 2015'."
06-May-2021 20:59:11,Record Date,Angel Broking Limited has informed the Exchange that Record date for the purpose of Annual general Meeting is 22-Jun-2021.
05-May-2021 19:46:02,Press Release,"Angel Broking Limited has informed the Exchange regarding a press release dated May 05, 2021, titled ""Strong Growth Momentum continues""."
05-May-2021 19:42:58,Investor Presentation,Angel Broking Limited has informed the Exchange about Investor Presentation
05-May-2021 19:27:50,Financial Result Updates,"Angel Broking Limited has submitted to the Exchange, the financial results for the period ended March 31, 2021."
05-May-2021 19:24:42,Outcome of Board Meeting,"Angel Broking Limited has informed the Exchange regarding  Board meeting held on May 05, 2021."
05-May-2021 08:15:54,Monthly Business Updates,Angel Broking Limited has informed the Exchange regarding Monthly Business Updates for the month of April 2021
04-May-2021 19:00:45,ESOP/ESOS/ESPS,Angel Broking Limited has informed the Exchange regarding Allotment of 100000  Shares.
30-Apr-2021 22:13:02,Updates,"Angel Broking Limited has informed the Exchange regarding 'Settlement Application filed by the Company in relation to the Show Cause Notice dated October 09, 2018 (""2018 SCN ) issued under Regulation "
28-Apr-2021 12:21:56,Copy of Newspaper Publication,Angel Broking Limited has informed the Exchange about Copy of Newspaper Publication
24-Apr-2021 16:00:42,Copy of Newspaper Publication,Angel Broking Limited has informed the Exchange about Copy of Newspaper Publication
23-Apr-2021 18:14:31,Analysts/Institutional Investor Meet/Con. Call Updates,Angel Broking Limited has informed the Exchange about Analysts/Institutional Investor Meet/Con. Call Updates
22-Apr-2021 19:03:32,Updates,Angel Broking Limited has informed the Exchange regarding '1. Intimation of appointment of Mr. Narayan Gangadhar as the Chief Executive Officer (CEO)and Key Managerial Personnel.'.
22-Apr-2021 18:53:42,ESOP/ESOS/ESPS,Angel Broking Limited has informed the Exchange regarding Grant of 518700  Options.
22-Apr-2021 18:45:11,Dividend,"Angel Broking Limited has informed the Exchange that Board of Directors at its meeting held on April 22, 2021, declared Interim Dividend of 7.50 per equity share."
19-Apr-2021 19:46:37,Record Date,Angel Broking Limited has informed the Exchange that Record date for the purpose of Dividend  is 30-Apr-2021.
17-Apr-2021 11:15:48,Copy of Newspaper Publication,Angel Broking Limited has informed the Exchange about Copy of Newspaper Publication
17-Apr-2021 11:13:46,Updates,"Angel Broking Limited has informed the Exchange regarding 'Intimation under Regulation 30 SEBI (Listing Obligations and Disclosure Requirements) Regulations, 2015 regarding the sad demise of Mr. Vinay"
16-Apr-2021 18:50:14,Disclosure under SEBI Takeover Regulations,"Promoter/Member of the Promoter Group of the Company has informed the Exchange regarding disclosure under Regulation 30 and 31 of SEBI SAST Regulations, 2011 as on March 31, 2021"
15-Apr-2021 21:42:16,Trading Window,"Angel Broking Limited has informed the Exchange regarding the Trading Window closure pursuant to SEBI (Prohibition of Insider Trading) Regulations, 2015"
15-Apr-2021 21:39:43,Dividend Updates,Angel Broking Limited has informed the Exchange about Dividend Updates
15-Apr-2021 21:28:48,Updates,Angel Broking Limited has informed the Exchange regarding 'Board Meeting'.
14-Apr-2021 12:47:33,Updates,"Angel Broking Limited has informed the Exchange regarding 'Certificate under Regulation 74(5) of SEBI (Depositories and Participants) Regulations, 2018 (""said Regulations"") for the quarter ended March"
12-Apr-2021 20:38:46,"Certificate under SEBI (Depositories and Participants) Regulations, 2018","Angel Broking Limited has informed the Exchange about Certificate under SEBI (Depositories and Participants) Regulations, 2018"
07-Apr-2021 11:28:59,ESOP/ESOS/ESPS,Angel Broking Limited has informed the Exchange regarding Grant of 705504  Options.
07-Apr-2021 08:15:26,Updates,Angel Broking Limited has informed the Exchange regarding 'Intimation of Grant of Options under Angel Broking Employee Long Term Incentive Plan 2021'.
06-Apr-2021 08:50:36,Investor Presentation,Angel Broking Limited has informed the Exchange about Investor Presentation
05-Apr-2021 08:53:33,Investor Presentation,Angel Broking Limited has informed the Exchange about Investor Presentation
05-Apr-2021 08:46:47,Monthly Business Updates,Angel Broking Limited has informed the Exchange regarding Monthly Business Updates for the month of March 2021
30-Mar-2021 15:40:48,Trading Window,"Angel Broking Limited has informed the Exchange regarding the Trading Window closure pursuant to SEBI (Prohibition of Insider Trading) Regulations, 2015"
17-Mar-2021 18:57:24,Analysts/Institutional Investor Meet/Con. Call Updates,Angel Broking Limited has informed the Exchange about Analysts/Institutional Investor Meet/Con. Call Updates
15-Mar-2021 08:39:06,Updates,Angel Broking Limited has informed the Exchange regarding 'Angel Broking becomes 3rd largest in terms of NSE Active Clients in February 2021.'.
08-Mar-2021 11:08:09,Analysts/Institutional Investor Meet/Con. Call Updates,Angel Broking Limited has informed the Exchange about Analysts/Institutional Investor Meet/Con. Call Updates
05-Mar-2021 20:35:02,Shareholders meeting,Angel Broking Limited has submitted the Exchange a copy Srutinizers report of  Postal Ballot
04-Mar-2021 08:25:29,Monthly Business Updates,Angel Broking Limited has informed the Exchange regarding Monthly Business Updates for the month of February 2021
03-Mar-2021 18:53:19,ESOP/ESOS/ESPS,Angel Broking Limited has informed the Exchange regarding Allotment of 14427  Shares.
25-Feb-2021 09:07:14,Press Release,"Angel Broking Limited has informed the Exchange regarding a press release dated February 25, 2021, titled ""Press release; Angel Broking partners with Vested Finance empoweringIndians to invest in US b"
22-Feb-2021 11:54:14,Analysts/Institutional Investor Meet/Con. Call Updates,Angel Broking Limited has informed the Exchange about Analysts/Institutional Investor Meet/Con. Call Updates
18-Feb-2021 10:56:05,Press Release,"Angel Broking Limited has informed the Exchange regarding a press release dated February 18, 2021, titled ""Press release Angel Broking Limited appoints Ankit Rastogi as Chief                  Product "
14-Feb-2021 14:09:24,Updates,"Angel Broking Limited has informed the Exchange regarding 'Additional Information / Explanation under Regulation 30 of the SEBI (Listing Obligations and Disclosure Requirements) Regulations, 2015 on t"
08-Feb-2021 10:27:53,Analysts/Institutional Investor Meet/Con. Call Updates,"Intimation of Schedule of Analyst / Institutional Investors  meetings under the SEBI (Listing Obligations and Disclosure Requirements), Regulations 2015"
05-Feb-2021 11:18:27,Analysts/Institutional Investor Meet/Con. Call Updates,Angel Broking Limited has informed the Exchange about Analysts/Institutional Investor Meet/Con. Call Updates
04-Feb-2021 17:37:35,Copy of Newspaper Publication,"Intimation under Regulation 30 and 47 of SEBI (Listing Obligations and Disclosure Requirements) Regulations, 2015 - Newspaper Advertisements for Notice of Postal Ballot (through Remote E-voting)."
03-Feb-2021 19:40:58,Shareholders meeting,Angel Broking Limited has informed the Exchange regarding Notice of Postal Ballot
03-Feb-2021 19:31:14,Updates,Angel Broking Limited has informed the Exchange regarding 'Change in Corporate Identification Number (CIN) of the Company on Master Data of Ministry of Corporate Affairs (MCA).'.
03-Feb-2021 15:56:45,Updates,Angel Broking Limited has informed the Exchange regarding 'Filing of the transcript of earnings call with analysts and investors under Regulation 30of Securities and Exchange Board of India (Listing O
03-Feb-2021 08:29:41,Monthly Business Updates,Angel Broking Limited has informed the Exchange regarding Monthly Business Updates for the month of January 2021
01-Feb-2021 19:03:13,Monitoring Agency Report,"Pursuant to Regulation 41(4) of SEBI (Issue of Capital and Disclosure Requirements) Regulations, 2018 and Regulation 32(6) of SEBI (Listing Obligations and Disclosure Requirements) Regulations, 2015, "
01-Feb-2021 19:01:30,"Code of Conduct under SEBI(PIT) Reg., 2015","Angel Broking Limited has informed the Exchange about Code of Conduct under SEBI(PIT) Reg., 2015"
01-Feb-2021 16:09:42,Reply to Clarification Sought,"ANGELBRKG: The Exchange had sought clarification from Angel Broking Limited with respect to announcement dated 28-Jan-2021, regarding outcome of its Board meeting held on January 28, 2021. On basis of"
30-Jan-2021 15:44:21,Copy of Newspaper Publication,"Angel Broking Limited has informed the Exchange about Newspaper Advertisement for unaudited Financial Results of the Company for quarter ended December 31, 2020   Disclosure under Regulation 47 of the"
29-Jan-2021 17:12:27,Updates,"Angel Broking Limited has informed the Exchange regarding 'Public Notice to the Shareholders of the Company under Regulation 47 of SEBI (Listing Obligations and Disclosure Requirements) Regulations, 2"
29-Jan-2021 15:29:37,Clarification,"ANGELBRKG: The Exchange has sought clarification from Angel Broking Limited with respect to announcement dated 28-Jan-2021, regarding outcome of its Board meeting held on January 28, 2021. On basis of"
28-Jan-2021 19:07:03,Press Release,"Angel Broking Limited has informed the Exchange regarding a press release dated January 28, 2021, titled ""Press release   Growth Momentum continues ""."
28-Jan-2021 18:58:26,Investor Presentation,Angel Broking Limited has informed the Exchange about Investor Presentation
28-Jan-2021 18:43:30,Financial Result Updates,"Angel Broking Limited has submitted to the Exchange, the financial results for the period ended December 31, 2020."
28-Jan-2021 18:41:31,Outcome of Board Meeting,"Angel Broking Limited has informed the Exchange regarding  Board meeting held on January 28, 2021."
16-Jan-2021 16:22:07,Updates,"Angel Broking Limited has informed the Exchange regarding 'Pursuant to Regulation 47 of the SEBI (Listing Obligations and Disclosure Requirements)Regulations, 2015, we enclose herewith the newspaper a"
14-Jan-2021 19:30:00,Updates,"Angel Broking Limited has informed the Exchange regarding 'Certificate under Regulation 74(5) of SEBI (Depositories and Participants)Regulations, 2018 (""said Regulations"") for the quarter ended Decemb"
14-Jan-2021 11:45:29,Updates,"Angel Broking Limited has informed the Exchange regarding 'Settlement Application filed by the Company in relation to the Show Cause Noticedated October 09, 2018 (""2018 SCN ) issued under Regulation 2"
05-Jan-2021 19:40:32,ESOP/ESOS/ESPS,Angel Broking Limited has informed the Exchange regarding Allotment of 8096  Shares.
04-Jan-2021 13:14:28,Updates,"Angel Broking Limited has informed the Exchange regarding 'Revised intimation under SEBI (Listing Obligations and Disclosure Requirements) Regulations, 2015 regarding key business parameters for the m"
04-Jan-2021 08:21:53,Updates,"Angel Broking Limited has informed the Exchange regarding 'Intimation under SEBI (Listing Obligations and Disclosure Requirements) Regulations, 2015 regarding the key business parameters for the month"
29-Dec-2020 14:43:52,Trading Window,"Angel Broking Limited has informed the Exchange regarding the Trading Window closure pursuant to SEBI (Prohibition of Insider Trading) Regulations, 2015"
18-Dec-2020 19:08:07,ESOP/ESOS/ESPS,Angel Broking Limited has informed the Exchange regarding Allotment of 5060  Shares.
04-Dec-2020 08:32:23,Updates,"Angel Broking Limited has informed the Exchange regarding 'Intimation under SEBI (Listing Obligations and Disclosure Requirements) Regulations, 2015' regarding updates on the key business parameters f"
03-Dec-2020 12:26:22,Analysts/Institutional Investor Meet/Con. Call Updates,Angel Broking Limited has informed the Exchange about Analysts/Institutional Investors
26-Nov-2020 11:40:10,Press Release,"Angel Broking Limited has informed the Exchange regarding a press release dated November 26, 2020, titled ""Press release   Angel Broking enables API integration with the launch of SmartAPI""."
18-Nov-2020 11:11:04,Analysts/Institutional Investor Meet/Con. Call Updates,Angel Broking Limited has informed the Exchange about Analysts/Institutional Investor Meet/Con. Call Updates
17-Nov-2020 10:54:10,Related Party Transactions,Angel Broking Limited has informed the Exchange about related Party Transactions
12-Nov-2020 14:24:54,Updates,"Angel Broking Limited has informed the Exchange regarding 'Disclosure under Regulation 23(9) of SEBI (Listing Obligations and Disclosure Requirements) Regulations, 2015'."
05-Nov-2020 08:55:35,Updates,"Angel Broking Limited has informed the Exchange regarding 'Intimation under SEBI (Listing Obligations and Disclosure Requirements) Regulations, 2015 regarding the key business parameters for the month"
01-Nov-2020 13:50:17,Analysts/Institutional Investor Meet/Con. Call Updates,"Further to our intimation on October 25, 2020, please find enclosed the transcript of the earnings call with analysts and investors held on October 27, 2020 in compliance with Regulation 30 of SEBI LO"
29-Oct-2020 09:10:03,Trading Window,Angel Broking Limited has informed the Exchange regarding the opening of Trading Window.
27-Oct-2020 15:37:42,Analysts/Institutional Investor Meet/Con. Call Updates,Angel Broking Limited has informed the Exchange about Analysts/Institutional Investor Meet/Con. Call Updates to be held on 28th and 29th of October 2020
27-Oct-2020 13:02:59,Copy of Newspaper Publication,Angel Broking Limited has informed the Exchange about Copy of Newspaper Publication under Regulation 47 of the SEBI (LODR)
26-Oct-2020 17:47:53,Press Release,"Angel Broking Limited has informed the Exchange regarding a press release dated October 26, 2020, titled ""Press release on the unaudited financial results for the quarter ended September 30, 2020""."
26-Oct-2020 17:47:52,Investor Presentation,Angel Broking Limited has informed the Exchange about Investor Presentation
26-Oct-2020 17:09:07,Financial Result Updates,"Angel Broking Limited has submitted to the Exchange, the financial results for the period ended September 30, 2020."
26-Oct-2020 17:06:50,Dividend,"Angel Broking Limited has informed the Exchange that Board of Directors at its meeting held on October 26, 2020, declared Interim Dividend of 4.15 per equity share."
26-Oct-2020 17:05:17,Outcome of Board Meeting,"Angel Broking Limited has informed the Exchange regarding financials approved at the Board meeting held on October 26, 2020."
25-Oct-2020 15:32:25,Analysts/Institutional Investor Meet/Con. Call Updates,"Angel Broking Limited has informed the Exchange about Analysts/Institutional Investor Meet/Con. Call Updates  revised timings at 1130 hrs on 27th October, 2020"
22-Oct-2020 20:11:26,Analysts/Institutional Investor Meet/Con. Call Updates,"Pursuant to Regulation 30 of SEBI (Listing Obligations and Disclosure Requirements) Regulations, 2015, we hereby intimate that an earnings call with analysts and investors is being hosted by the Compa"
21-Oct-2020 19:03:49,Updates,"Angel Broking Limited has informed the Exchange regarding 'Compliance Certificate pursuant to the Regulation 40(9) of the SEBl (Listing Obligations and Disclosure Requirements) Regulations, 2015'."
21-Oct-2020 19:03:49,Updates,"Angel Broking Limited has informed the Exchange regarding 'Intimation under Regulation 30(5) of SEBI (Listing Obligations and Disclosure Requirements), Regulations, 2015'."
16-Oct-2020 18:24:59,Record Date,Angel Broking Limited has informed the Exchange that Record date for the purpose of Dividend  is 03-Nov-2020.
09-Oct-2020 19:10:37,Trading Window,"Angel Broking Limited has informed the Exchange regarding the Trading Window closure pursuant to SEBI (Prohibition of Insider Trading) Regulations, 2015"
