date,desc,text
09-Jul-2026 15:29:45,"Certificate under SEBI (Depositories and Participants) Regulations, 2018","Astral Limited has informed the Exchange about Certificate under SEBI (Depositories and Participants) Regulations, 2018 for the Quarter ended 30th June, 2026"
05-Jul-2026 15:01:40,Scheme of Arrangement,Astral Limited has informed the Exchange about Update on Composite Scheme of Arrangement
05-Jul-2026 14:58:08,Outcome of Board Meeting,"Astral Limited has informed the Exchange regarding Outcome of Board Meeting held on July 05, 2026 - Update on Composite scheme of Arrangement"
01-Jul-2026 15:09:06,Analysts/Institutional Investor Meet/Con. Call Updates,"Astral Limited has informed the Exchange about Transcript  of Concall with Analyst/Institutional Investor held on 27th June, 2026"
27-Jun-2026 18:07:54,Analysts/Institutional Investor Meet/Con. Call Updates,Astral Limited has informed the Exchange about Link of Recording
27-Jun-2026 10:11:44,Analysts/Institutional Investor Meet/Con. Call Updates,Astral Limited has informed the Exchange about Schedule of meet
25-Jun-2026 20:24:44,Trading Window,"Astral Limited has informed the Exchange regarding the Trading Window closure pursuant to SEBI (Prohibition of Insider Trading) Regulations, 2015"
25-Jun-2026 19:12:02,Scheme of Arrangement,Astral Limited has informed the Exchange about Scheme of Arrangement
25-Jun-2026 19:07:31,Outcome of Board Meeting,"Astral Limited has informed the Exchange regarding Outcome of Board Meeting held on Jun 25, 2026"
11-Jun-2026 16:49:51,Acquisition,Reg 30 of SEBI LODR Regulation - Acquisition
03-Jun-2026 14:21:22,Analysts/Institutional Investor Meet/Con. Call Updates,"Astral Limited has informed the Exchange about Intimation of Investor Meet will held on 08th June, 2026"
02-Jun-2026 15:57:17,Analysts/Institutional Investor Meet/Con. Call Updates,"Astral Limited has informed the Exchange about Intimation of Investor Meet will held on 05th June, 2026"
25-May-2026 16:37:40,Analysts/Institutional Investor Meet/Con. Call Updates,"Astral Limited has informed the Exchange about Transcript of Analyst Meet Held on 20th May, 2026"
20-May-2026 19:38:18,Analysts/Institutional Investor Meet/Con. Call Updates,"Astral Limited has informed the Exchange about  Link of Video Recording of Analyst Meet held on 20th May, 2026"
20-May-2026 15:41:34,Investor Presentation,Astral Limited has informed the Exchange about Investor Presentation
19-May-2026 13:49:13,Copy of Newspaper Publication,"Astral Limited has informed the Exchange about Newspaper advertisement pertaining to Audited Financial Results for the Quarter and Year ended on 31st March, 2026"
18-May-2026 16:50:31,Change in Director(s),Astral Limited has informed the Exchange regarding Change in Director(s) of the company.
18-May-2026 16:43:53,Dividend,"Astral Limited has informed the Exchange that Board of Directors at its meeting held on May 18, 2026, recommended Final Dividend of Rs. 2.50 per equity share."
18-May-2026 16:33:03,Press Release,"Astral Limited has informed the Exchange regarding a press release dated May 18, 2026, titled ""Press release""."
18-May-2026 16:17:38,Outcome of Board Meeting,"Astral Limited has submitted to the Exchange, the financial results for the period ended March 31, 2026."
07-May-2026 17:32:03,Analysts/Institutional Investor Meet/Con. Call Updates,Astral Limited has informed the Exchange about Intimation of Investor Meet
08-Apr-2026 10:03:28,"Certificate under SEBI (Depositories and Participants) Regulations, 2018","Astral Limited has informed the Exchange about Certificate under SEBI (Depositories and Participants) Regulations, 2018 for the quarter ended March 31, 2026"
07-Apr-2026 13:07:09,Disclosure under SEBI Takeover Regulations,"Sandeep Engineer, Jagruti Engineer, KAIRAV CHEMICALS LIMITED, SAUMYA POLYMERS LLP, Jagruti Engineer Private Trust, Sandeep Engineer Private Trust has Submitted to the Exchange a copy of Disclosure und"
26-Mar-2026 11:45:48,Trading Window,"Astral Limited has informed the Exchange regarding the Trading Window closure pursuant to SEBI (Prohibition of Insider Trading) Regulations, 2015"
23-Mar-2026 17:55:09,General Updates,Astral Limited has informed the Exchange about Grant of patent  MULTIPORT WATER OUTLET  to Al-Aziz Plastics Private Limited a wholly Owned Subsidiary of the Company
16-Mar-2026 19:28:20,General Updates,Astral Limited has informed the Exchange that Company has entered into Share Subscription and Shareholders Agreement to Meet the captive user requirements for Purchase of renewable energy with Vena En
10-Mar-2026 14:36:14,Copy of Newspaper Publication,Astral Limited has informed the Exchange about Copy of Newspaper Publication regarding Special Window for transfer and Dematerialisation of physical securities
06-Mar-2026 16:28:25,Analysts/Institutional Investor Meet/Con. Call Updates,Astral Limited has informed the Exchange about Schedule of meet
03-Mar-2026 16:57:57,Analysts/Institutional Investor Meet/Con. Call Updates,"Astral Limited has informed the Exchange about Intimation of Investor Meet will held on 09th and 10th March, 2026"
02-Mar-2026 18:44:17,Analysts/Institutional Investor Meet/Con. Call Updates,Astral Limited has informed the Exchange about Schedule of meet
02-Mar-2026 18:38:08,Action(s) taken or orders passed,Astral Limited has informed the Exchange about Intimation Under Regulation 30 - Receipt of GST Order
19-Feb-2026 17:16:04,Press Release,"Astral Limited has informed the Exchange regarding  ""Press Release - Astral Limited Inclusion in S&P Global Sustainability Yearbook 2026""."
18-Feb-2026 17:49:17,Analysts/Institutional Investor Meet/Con. Call Updates,"Astral Limited has informed the Exchange about Intimation of Investor Meet will held on 24th February, 2026"
18-Feb-2026 17:46:32,Analysts/Institutional Investor Meet/Con. Call Updates,"Astral Limited has informed the Exchange about Intimation of Investor Meet will held on 23rd February, 2026"
10-Feb-2026 16:58:27,Analysts/Institutional Investor Meet/Con. Call Updates,"Astral Limited has informed the Exchange about Transcript of earning Call held on 05th February, 2026"
06-Feb-2026 10:24:35,Copy of Newspaper Publication,"Astral Limited has informed the Exchange about Newspaper Advertisement pertaining to Unaudited Financial Result for the Quarter and Nine Months ended on 31st December, 2025"
05-Feb-2026 20:11:25,Analysts/Institutional Investor Meet/Con. Call Updates,Astral Limited has informed the Exchange about Link of Recording
05-Feb-2026 16:18:24,Press Release,"Astral Limited has informed the Exchange regarding a press release dated February 05, 2026, titled ""Press Release"".""."
05-Feb-2026 16:07:40,Outcome of Board Meeting,"Astral Limited has submitted to the Exchange, the financial results for the period ended December 31, 2025."
29-Jan-2026 18:04:08,Analysts/Institutional Investor Meet/Con. Call Updates,"Astral Limited has informed the Exchange about Earning Call on 05th February, 2026"
07-Jan-2026 17:55:17,"Certificate under SEBI (Depositories and Participants) Regulations, 2018","Astral Limited has informed the Exchange about Certificate under SEBI (Depositories and Participants) Regulations, 2018 for the quarter ended 31st December,2025"
26-Dec-2025 17:46:15,Trading Window,"Astral Limited has informed the Exchange regarding the Trading Window closure pursuant to SEBI (Prohibition of Insider Trading) Regulations, 2015"
21-Nov-2025 17:46:09,Analysts/Institutional Investor Meet/Con. Call Updates,Astral Limited has informed the Exchange about Intimation of Investor Meet
10-Nov-2025 14:43:00,Analysts/Institutional Investor Meet/Con. Call Updates,"Astral Limited has informed the Exchange about Transcript of Earnings Call held on 06th November, 2025"
07-Nov-2025 14:35:16,Updates,'Astral Limited has informed the Exchange regarding 'Shareholders Communication-TDS on Interim Dividend- FY 2025-26'.'.
06-Nov-2025 19:25:11,Analysts/Institutional Investor Meet/Con. Call Updates,Astral Limited has informed the Exchange about Earning Call audio recording Q2 FY 25-26
06-Nov-2025 15:25:56,Copy of Newspaper Publication,"Astral Limited has informed the Exchange about Newspaper Advertisement Pertaining to Unaudited Financial result for the Quarter and Half year ended on 30th September, 2025 and Notice of Record date of"
05-Nov-2025 20:25:01,General Updates,Astral Limited has informed the Exchange about Update on Acquisition of Nexelon Chem Private Limited
05-Nov-2025 16:55:13,Press Release,"""Astral Limited has informed the Exchange regarding a press release dated November 05, 2025, titled ""Press Release for Q2 Financial Result as on 30th September, 2025""."
05-Nov-2025 16:41:47,ESOP/ESOS/ESPS,Astral Limited has informed the Exchange regarding Allotment of 15436  Shares.
05-Nov-2025 16:35:10,Record Date,Astral Limited has informed the Exchange that Record date for the purpose of Dividend  is 11-Nov-2025.
05-Nov-2025 16:30:46,Dividend,"Astral Limited has informed the Exchange that Board of Directors at its meeting held on November 05, 2025, declared Interim Dividend of 1.50 per equity share."
05-Nov-2025 16:24:50,Outcome of Board Meeting,"Astral Limited has submitted to the Exchange, the financial results for the period ended September 30, 2025."
31-Oct-2025 17:51:10,Analysts/Institutional Investor Meet/Con. Call Updates,"Astral Limited has informed the Exchange about Earning Call on 06th November,2025"
10-Oct-2025 11:11:30,"Certificate under SEBI (Depositories and Participants) Regulations, 2018","Astral Limited has informed the Exchange about Certificate under SEBI (Depositories and Participants) Regulations, 2018 for the quarter ended 30th September, 2025"
06-Oct-2025 16:18:55,Commencement of commercial production/operations,Astral Limited has informed the Exchange about Commencement of commercial production at Kanpur Plant
25-Sep-2025 16:24:57,Trading Window,"Astral Limited has informed the Exchange regarding the Trading Window closure pursuant to SEBI (Prohibition of Insider Trading) Regulations, 2015"
16-Sep-2025 18:54:11,Resignation of Independent director,ASTRAL LIMITED has informed the Exchange about Resignation of Independent director.
16-Sep-2025 18:48:06,Resignation,"Astral Limited has informed the Exchange regarding Resignation of Mrs Kaushal Nakrani  as Independent Director of the company w.e.f. September 16, 2025."
10-Sep-2025 18:21:03,General Updates,Astral Limited has informed the Exchange about  Intimation under  Regulation 30 Acquisition of Remaining equity shares of Subsidiary Company - Astral Coatings Private Limited
04-Sep-2025 18:53:20,General Updates,Astral Limited has informed the Exchange about Intimation under Regulation 30 Acquisition of Remaining equity Shares of Subsidiary Company
26-Aug-2025 15:31:41,Shareholders meeting,"Astral Limited has submitted the Exchange a copy Scrutinizers report of Annual General Meeting held on August 25, 2025. Further, the company has informed the Exchange regarding voting results"
25-Aug-2025 14:13:42,Shareholders meeting,"Astral Limited has informed the Exchange regarding Proceedings of 29th Annual General Meeting held on August 25, 2025"
18-Aug-2025 15:24:34,Analysts/Institutional Investor Meet/Con. Call Updates,Astral Limited has informed the Exchange about Transcript of Earnings Call
12-Aug-2025 18:45:46,Analysts/Institutional Investor Meet/Con. Call Updates,"Astral Limited has informed the Exchange about Link of Recording of Earnings Call Held on 12th August, 2025"
12-Aug-2025 16:34:02,Copy of Newspaper Publication,"Astral Limited has informed the Exchange about Copy of Newspaper Publication of Unaudited Financial Result for the First quarter Ended on 30th June, 2025"
11-Aug-2025 17:08:30,Press Release,"Astral Limited has informed the Exchange regarding a press release dated August 11, 2025, titled ""Press release""."
11-Aug-2025 16:47:11,General Updates,Astral Limited has informed the Exchange about intimation under Regulation 30 Acquisition
11-Aug-2025 16:04:19,Outcome of Board Meeting,"Astral Limited has submitted to the Exchange, the financial results for the period ended Jun 30, 2025."
11-Aug-2025 15:58:51,Outcome of Board Meeting,"Astral Limited has informed the Exchange regarding  Board meeting held on August 11, 2025."
07-Aug-2025 16:15:06,Analysts/Institutional Investor Meet/Con. Call Updates,"Astral Limited has informed the Exchange about Earning Calls on 12th August, 2025"
04-Aug-2025 13:04:48,Copy of Newspaper Publication,Astral Limited has informed the Exchange about Copy of Newspaper Publication of Notice regarding 29th Annual General Meeting
04-Aug-2025 10:38:21,Updates,Astral Limited has informed the Exchange regarding 'Shareholders Communication-TDS on Final Dividend- FY 2024-25'.
02-Aug-2025 14:38:08,Record Date,Astral Limited has informed the Exchange that Record date for the purpose of Dividend  is 14-Aug-2025.
02-Aug-2025 14:27:55,Shareholders meeting,"Astral Limited has informed the Exchange regarding Notice of Annual General Meeting to be held on August 25, 2025"
15-Jul-2025 17:24:08,Change in Director(s),Astral Limited has informed the Exchange regarding Change in Director(s) of the company.
08-Jul-2025 12:43:29,"Certificate under SEBI (Depositories and Participants) Regulations, 2018","Astral Limited has informed the Exchange about Certificate under SEBI (Depositories and Participants) Regulations, 2018 for the Quarter ended 30th June, 2025"
27-Jun-2025 17:23:52,Trading Window,"Astral Limited has informed the Exchange regarding the Trading Window closure pursuant to SEBI (Prohibition of Insider Trading) Regulations, 2015"
26-Jun-2025 21:30:30,Disclosure under SEBI Takeover Regulations,"Sandeep Engineer has Submitted to the Exchange a copy of Disclosure under Regulation 31(4) of the Securities and Exchange Board of India (Substantial Acquisition of Shares and Takeovers) Regulations, "
24-Jun-2025 16:36:42,Copy of Newspaper Publication,Astral Limited has informed the Exchange about Copy of Newspaper Publication regarding Transfer of Equity Shares to Investor Education Protection Fund (IEPF)
05-Jun-2025 15:29:04,Analysts/Institutional Investor Meet/Con. Call Updates,Astral Limited has informed the Exchange about Intimation of Investor Meet
29-May-2025 16:42:24,Analysts/Institutional Investor Meet/Con. Call Updates,"Astral Limited has informed the Exchange about Transcript of Analyst Meet Held on 23rd May, 2025"
28-May-2025 17:29:17,Analysts/Institutional Investor Meet/Con. Call Updates,Astral Limited has informed the Exchange about Schedule of meet
23-May-2025 18:22:29,Analysts/Institutional Investor Meet/Con. Call Updates,"Astral Limited has informed the Exchange about Link of Video Recording of Analyst Meet held on 23rd May, 2025"
23-May-2025 15:55:16,Investor Presentation,Astral Limited has informed the Exchange about Investor Presentation
22-May-2025 14:21:08,Copy of Newspaper Publication,"Astral Limited has informed the Exchange about Newspaper advertisement pertaining to Audited Financial Results for the Quarter and Year ended on 31st March, 2025"
21-May-2025 17:04:47,Change in Management,Astral Limited has informed the Exchange about change in Management - Re- appointment of Mr. Girish Joshi Whole Time Director of the Company Subject to Approval of Members at the ensuing Annual Genera
21-May-2025 17:01:23,General Updates,Astral Limited has informed the Exchange about Appointment of Secretarial Auditor
21-May-2025 16:51:37,Press Release,"Astral Limited has informed the Exchange regarding a press release dated May 21, 2025, titled ""Press Release""."
21-May-2025 16:28:12,Dividend,"Astral Limited has informed the Exchange that Board of Directors at its meeting held on May 21, 2025, recommended Final Dividend of Rs. 2.25 per equity share."
21-May-2025 16:20:57,Outcome of Board Meeting,"Financial Results as on 31st March, 2025"
21-May-2025 16:08:27,Dividend,"Astral Limited has informed the Exchange that Board of Directors at its meeting held on May 21, 2025, recommended Final Dividend of 2.25 per equity share."
14-May-2025 17:05:11,Analysts/Institutional Investor Meet/Con. Call Updates,Astral Limited has informed the Exchange about Intimation of Investor Meet
07-May-2025 16:32:12,General Updates,Astral Limited has informed the Exchange about  Update on Acquisition
17-Apr-2025 16:50:15,General Updates,Astral Limited has informed the Exchange about Intimation under Regulation 30    Acquisition
08-Apr-2025 17:32:28,"Certificate under SEBI (Depositories and Participants) Regulations, 2018","Astral Limited has informed the Exchange about Certificate under SEBI (Depositories and Participants) Regulations, 2018 for the quarter ended March 31, 2025"
03-Apr-2025 17:14:54,Updates,Astral Limited has informed the Exchange regarding ' Receipt Of Certificate From BIS (Bureau Of Indian Standards)'.
01-Apr-2025 10:08:38,Change in Management,Astral Limited has informed the Exchange about Change in Senior Management Personnel
25-Mar-2025 17:14:21,Trading Window,"Astral Limited has informed the Exchange regarding the Trading Window closure pursuant to SEBI (Prohibition of Insider Trading) Regulations, 2015"
20-Mar-2025 17:10:55,Analysts/Institutional Investor Meet/Con. Call Updates,Astral Limited has informed the Exchange about Schedule of meet
02-Mar-2025 17:43:31,Action(s) taken or orders passed,Astral Limited has informed the Exchange about Intimation Under Regulation 30 - Receipt of GST Order
27-Feb-2025 14:07:46,Analysts/Institutional Investor Meet/Con. Call Updates,Astral Limited has informed the Exchange about Schedule of meet
12-Feb-2025 16:26:39,Analysts/Institutional Investor Meet/Con. Call Updates,Astral Limited has informed the Exchange about Schedule of meet
05-Feb-2025 17:58:09,Analysts/Institutional Investor Meet/Con. Call Updates,Astral Limited has informed the Exchange about Schedule of meet
05-Feb-2025 16:12:26,Analysts/Institutional Investor Meet/Con. Call Updates,Astral Limited has informed the Exchange about Transcript of earning call
03-Feb-2025 16:15:27,Analysts/Institutional Investor Meet/Con. Call Updates,Astral Limited has informed the Exchange about Schedule of meet
31-Jan-2025 12:29:59,Copy of Newspaper Publication,"Astral Limited has informed the Exchange about Newspaper Advertisement pertaining to Unaudited Financial Result for the Quarter and Nine Months ended on 31st December, 2024"
30-Jan-2025 20:03:55,Analysts/Institutional Investor Meet/Con. Call Updates,Astral Limited has informed the Exchange about Link of Recording
30-Jan-2025 17:53:40,Integrated Filing- Financial,Integrated Filing (Financial) - Unaudited Financial Result for the Quarter Ended 31st December 2024
30-Jan-2025 16:26:08,Press Release,"Astral Limited has informed the Exchange regarding a press release dated January 30, 2025, titled ""Press Release""."
30-Jan-2025 16:18:21,Financial Result Updates," Astral Limited has submitted to the Exchange, the financial results for the period ended December 31, 2024."
30-Jan-2025 16:12:42,Outcome of Board Meeting,"Astral Limited has informed the Exchange regarding  Board meeting held on January 30, 2025."
27-Jan-2025 17:58:21,Analysts/Institutional Investor Meet/Con. Call Updates,"Astral Limited has informed the Exchange about  Earning Call on 30th January,2025"
27-Jan-2025 17:43:40,Change in Management,Astral Limited has informed the Exchange about Intimation regarding Change in Senior Management Personnel
20-Jan-2025 18:49:07,Commencement of commercial production/operations,Astral Limited has informed the Exchange that  Company has started Commercial Production at Ghiloth Plant regarding SWR (Drain Master) Fittings.
10-Jan-2025 10:13:22,"Certificate under SEBI (Depositories and Participants) Regulations, 2018","Astral Limited has informed the Exchange about Certificate under SEBI (Depositories and Participants) Regulations, 2018  for the quarter ended 31st December,2024"
24-Dec-2024 16:43:33,Trading Window,"Astral Limited has informed the Exchange regarding the Trading Window closure pursuant to SEBI (Prohibition of Insider Trading) Regulations, 2015"
12-Nov-2024 11:53:18,Analysts/Institutional Investor Meet/Con. Call Updates,"Astral Limited has informed the Exchange about Transcript of Earnings Call held on 7th November, 2024"
08-Nov-2024 18:27:06,Updates,'Astral Limited has informed the Exchange regarding 'Shareholders Communication-TDS on Interim Dividend- FY 2024-25'.'.
08-Nov-2024 16:19:49,Copy of Newspaper Publication,Astral Limited has informed the Exchange about Newspaper Advertisement of the Notice of Record Date for Interim Dividend
08-Nov-2024 16:16:36,Copy of Newspaper Publication,"Astral Limited has informed the Exchange about Newspaper Advertisements of Financial Results for the Quarter and half year ended 30th September,2024"
07-Nov-2024 19:46:32,Analysts/Institutional Investor Meet/Con. Call Updates,Astral Limited has informed the Exchange about Link of Recording
07-Nov-2024 18:12:56,Allotment of Securities,"Astral Limited has informed the Exchange regarding allotment of 7718 securities pursuant to ESOP/ESPS at its meeting held on November 07, 2024"
07-Nov-2024 17:51:27,General Updates,"Astral Limited has informed the Exchange about Regulation 30(5) of SEBI (LODR), 2015"
07-Nov-2024 17:31:04,Appointment,"Astral Limited has informed the Exchange regarding Appointment of  Mr. Chintankumar Patel as Company Secretary & Compliance Officer of the company w.e.f. November 07, 2024."
07-Nov-2024 17:03:35,General Updates,Astral Limited has informed the Exchange about declaration of Interim Dividend for the the FY 2024-25
07-Nov-2024 16:45:00,Press Release,"Astral Limited has informed the Exchange regarding a press release dated November 07, 2024, titled ""Press Release for Q2 Financial Result as on 30th September, 2024""."
07-Nov-2024 16:26:20,Financial Result Updates," Astral Limited has submitted to the Exchange, the financial results for the period ended September 30, 2024."
07-Nov-2024 16:22:04,Dividend,"Astral Limited has informed the Exchange that Board of Directors at its meeting held on November 07, 2024, declared Interim Dividend of 1.5 per equity share."
30-Oct-2024 12:51:01,Analysts/Institutional Investor Meet/Con. Call Updates,"Astral Limited has informed the Exchange about Earning Call on 07th November,2024"
30-Oct-2024 12:35:10,Record Date,Astral Limited has informed the Exchange that Record date for the purpose of Dividend  is 15-Nov-2024.
10-Oct-2024 11:07:05,"Certificate under SEBI (Depositories and Participants) Regulations, 2018","Astral Limited has informed the Exchange about Certificate under SEBI (Depositories and Participants) Regulations, 2018 for the quarter ended 30th September, 2024"
30-Sep-2024 18:47:24,Resignation,"Astral Limited has informed the Exchange regarding Resignation of Mr Manan Bhavsar as Company Secretary & Compliance Officer of the company w.e.f. September 30, 2024."
25-Sep-2024 14:31:12,Trading Window,"Astral Limited has informed the Exchange regarding the Trading Window closure pursuant to SEBI (Prohibition of Insider Trading) Regulations, 2015"
02-Sep-2024 10:49:26,Updates,Astral Limited has informed the Exchange regarding Commencement of Commercial Production at Hyderabad Plant.
26-Aug-2024 11:34:00,Analysts/Institutional Investor Meet/Con. Call Updates,Astral Limited has informed the Exchange about Schedule of Investor meet
23-Aug-2024 17:33:48,Shareholders meeting,"Astral Limited has submitted the Exchange a copy Scrutinizers report of  Annual General Meeting held on August 23, 2024. Further, the company has informed the Exchange regarding voting results ."
23-Aug-2024 13:07:49,Shareholders meeting,"Astral Limited has informed the Exchange regarding Proceedings of 28th Annual General Meeting held on August 23, 2024"
13-Aug-2024 15:51:30,Analysts/Institutional Investor Meet/Con. Call Updates,Astral Limited has informed the Exchange about Transcript of Earnings Call
09-Aug-2024 18:31:59,Analysts/Institutional Investor Meet/Con. Call Updates,Astral Limited has informed the Exchange about Link of Recording
09-Aug-2024 13:38:25,Copy of Newspaper Publication,Astral Limited has informed the Exchange about Copy of Newspaper Publication
08-Aug-2024 16:31:37,Analysts/Institutional Investor Meet/Con. Call Updates,"Astral Limited has informed the Exchange about Earning Calls on 9th August, 2024 - Updated"
08-Aug-2024 16:01:47,Press Release,"Astral Limited has informed the Exchange regarding a press release dated August 8, 2024."
08-Aug-2024 15:53:05,Financial Result Updates," Astral Limited has submitted to the Exchange, the financial results for the period ended June 30, 2024."
08-Aug-2024 15:51:28,Outcome of Board Meeting,"Astral Limited has informed the Exchange regarding  Board meeting held on August 08, 2024."
05-Aug-2024 16:46:50,Analysts/Institutional Investor Meet/Con. Call Updates,"Astral Limited has informed the Exchange about  Earning Calls on 9th August, 2024"
30-Jul-2024 13:55:46,Copy of Newspaper Publication,Astral Limited has informed the Exchange about Copy of Newspaper Publication of Notice of 28th Annual General Meeting.
30-Jul-2024 13:39:07,Updates,Astral Limited has informed the Exchange regarding 'Shareholders Communication-TDS on Final Dividend- FY 2023-24'.
29-Jul-2024 11:09:34,Updates,Astral Limited has informed the Exchange regarding 'Transfer of Manufacturing facility and Shifting of Operation of Unnao Unit'.
26-Jul-2024 10:27:39,Record Date,Astral Limited has informed the Exchange that Record date for the purpose of Dividend  is 16-Aug-2024.
25-Jul-2024 21:05:09,Updates,"Astral Limited has informed the Exchange regarding ' 'Business Responsibility and Sustainability Report for the Financial Year ended 31st March, 2024'."
05-Jul-2024 12:53:53,"Certificate under SEBI (Depositories and Participants) Regulations, 2018","Astral Limited has informed the Exchange about Certificate under Regulation 74(5) of the SEBI (Depositories and Participants) Regulations, 2018 for the quarter ended 30th June, 2024"
26-Jun-2024 15:44:31,Trading Window,"Astral Limited has informed the Exchange regarding the Trading Window closure pursuant to SEBI (Prohibition of Insider Trading) Regulations, 2015"
20-Jun-2024 16:13:06,Analysts/Institutional Investor Meet/Con. Call Updates,Astral Limited has informed the Exchange about Schedule of investor meet
07-Jun-2024 16:12:50,Analysts/Institutional Investor Meet/Con. Call Updates,Astral Limited has informed the Exchange about Schedule of meet
03-Jun-2024 16:46:54,Copy of Newspaper Publication,Astral Limited has informed the Exchange about Copy of Newspaper Publication
24-May-2024 18:11:13,Analysts/Institutional Investor Meet/Con. Call Updates,Astral Limited has informed the Exchange about Transcript of Analyst Meet
24-May-2024 15:24:19,Analysts/Institutional Investor Meet/Con. Call Updates,Astral Limited has informed the Exchange about Schedule of meet
21-May-2024 20:12:23,Analysts/Institutional Investor Meet/Con. Call Updates,"Astral Limited has informed the Exchange about Link of Video Recording of Analyst Meet held on 21st May, 2024"
21-May-2024 19:15:34,Analysts/Institutional Investor Meet/Con. Call Updates,Astral Limited has informed the Exchange about Investor  Presentation
20-May-2024 11:20:28,Copy of Newspaper Publication,"Astral Limited has informed the Exchange about Newspaper advertisement pertaining to Audited Financial Results for the Quarter and Year ended on 31st March, 2024"
17-May-2024 18:27:27,Dividend Updates,Astral Limited has informed the Exchange about recommendation of Final dividend at the rate of 2.25 per share by the Board of Directors.
17-May-2024 18:08:48,Press Release,"Astral Limited has informed the Exchange regarding a press release dated May 17, 2024,"
17-May-2024 17:42:40,Financial Result Updates,"Astral Limited has submitted to the Exchange, the financial results for the period ended March 31, 2024."
17-May-2024 17:40:28,Dividend,"Astral Limited has informed the Exchange that Board of Directors at its meeting held on May 17, 2024."
09-May-2024 16:36:50,Analysts/Institutional Investor Meet/Con. Call Updates,Astral Limited has informed the Exchange about Intimation of Investor Meet.
08-Apr-2024 15:35:51,"Certificate under SEBI (Depositories and Participants) Regulations, 2018","Astral Limited has informed the Exchange about Certificate under SEBI (Depositories and Participants) Regulations, 2018 for the quarter ended March 31, 2024"
08-Apr-2024 13:01:55,Disclosure under SEBI Takeover Regulations,"Saumya Polymers LLP, Sandeep Engineer, Kairav Chemicals Limited, Jagruti Engineer has Submitted to the Exchange a copy of Disclosure under Regulation 31(4) of the Securities and Exchange Board of Indi"
04-Apr-2024 14:24:09,Updates,Astral Limited has informed the Exchange regarding 'Online facility for raising service requests/ complaints by the members.'
27-Mar-2024 15:21:02,Trading Window,"Astral Limited has informed the Exchange regarding the Trading Window closure pursuant to SEBI (Prohibition of Insider Trading) Regulations, 2015"
11-Mar-2024 14:40:52,Updates,Astral Limited has informed the Exchange regarding 'Communication to Shareholders'.
08-Mar-2024 13:13:04,Shareholders meeting,Astral Limited has informed the Exchange about Voting results and Scrutinizer report of Postal Ballot
26-Feb-2024 18:29:05,Analysts/Institutional Investor Meet/Con. Call Updates,Astral Limited has informed the Exchange about Schedule of meet
15-Feb-2024 11:29:14,Analysts/Institutional Investor Meet/Con. Call Updates,Astral Limited has informed the Exchange about Schedule of meet
08-Feb-2024 17:53:44,Analysts/Institutional Investor Meet/Con. Call Updates,Astral Limited has informed the Exchange about Schedule of Investor meet
07-Feb-2024 17:03:37,Analysts/Institutional Investor Meet/Con. Call Updates,Astral Limited has informed the Exchange about Schedule of meet
07-Feb-2024 14:28:54,Copy of Newspaper Publication,Astral Limited has informed the Exchange about Newspaper Advertisements of Notice of Postal ballot
05-Feb-2024 17:51:56,Analysts/Institutional Investor Meet/Con. Call Updates,Astral Limited has informed the Exchange about Transcript of Earning Call
31-Jan-2024 18:31:24,Copy of Newspaper Publication,"Astral Limited has informed the Exchange about Newspaper Advertisement pertaining to Unaudited Financial Result for the Quarter and Nine Months ended on 31st December, 2023"
30-Jan-2024 21:02:21,Analysts/Institutional Investor Meet/Con. Call Updates,"Astral Limited has informed the Exchange about Earning Call on 30th January, 2024"
30-Jan-2024 17:11:51,Shareholders meeting,Astral Limited has informed the Exchange regarding Notice of Postal Ballot
30-Jan-2024 16:20:59,Press Release,"Astral Limited has informed the Exchange regarding a press release dated January 30, 2024, titled ""Press Release""."
30-Jan-2024 15:54:30,Financial Result Updates,"Astral Limited has submitted to the Exchange, the financial results for the period ended December 31, 2023."
30-Jan-2024 15:51:45,Outcome of Board Meeting,"Astral Limited has informed the Exchange regarding  Board meeting held on January 30, 2024."
24-Jan-2024 11:45:25,Analysts/Institutional Investor Meet/Con. Call Updates,"Astral Limited has informed the Exchange about Earning Call on 30th January,2024"
05-Jan-2024 11:53:21,"Certificate under SEBI (Depositories and Participants) Regulations, 2018","Astral Limited has informed the Exchange about Certificate under SEBI (Depositories and Participants) Regulations, 2018 for the quarter ended 31st December,2023."
27-Dec-2023 14:44:40,Trading Window,"Astral Limited has informed the Exchange regarding the Trading Window closure pursuant to SEBI (Prohibition of Insider Trading) Regulations, 2015"
19-Dec-2023 13:13:42,Credit Rating,Astral Limited has informed the Exchange about Credit Rating
28-Nov-2023 15:43:17,Analysts/Institutional Investor Meet/Con. Call Updates,Astral Limited has informed the Exchange about Schedule of meet
30-Oct-2023 18:16:43,Updates,"'Astral Limited has informed the Exchange regarding ''. the resignation of Mr. Atul Sanghvi, President - Faucet & Sanitary Ware (Senior Management Personnel) of theCompany.'."
26-Oct-2023 16:47:07,Updates,Astral Limited has informed the Exchange regarding 'Astral Limited has informed the Exchange regarding 'Commencement of Commercial Production'.'.
25-Oct-2023 12:59:57,Analysts/Institutional Investor Meet/Con. Call Updates,Astral Limited has informed the Exchange about Transcript of Earnings Call
20-Oct-2023 16:41:37,Acquisition,Astral Limited has informed the Exchange about  Updates on Acquisition
19-Oct-2023 21:43:04,Analysts/Institutional Investor Meet/Con. Call Updates,Astral Limited has informed the Exchange about Link of Recording
19-Oct-2023 17:08:06,Copy of Newspaper Publication,Astral Limited has informed the Exchange about Newspaper Advertisement of the Notice of Record Date for Interim Dividend
19-Oct-2023 16:50:42,Copy of Newspaper Publication,"Astral Limited has informed the Exchange about Newspaper Advertisements of Financial Results for the Quarter and half year ended 30th September,2023"
19-Oct-2023 16:34:16,Updates,"Astral Limited has informed the Exchange regarding Financial Result for the Second Quarter and Half year ended on 30th September, 2023 - Updated"
18-Oct-2023 18:23:55,ESOP/ESOS/ESPS,Astral Limited has informed the Exchange regarding Grant of 15436  Options.
18-Oct-2023 18:21:32,ESOP/ESOS/ESPS,Astral Limited has informed the Exchange regarding Allotment of 7718  Shares.
18-Oct-2023 16:27:44,Dividend Updates,Astral Limited has informed the Exchange about Declaration of Interim Dividend at the rate of Rs. 1.50 per Equity Share.
18-Oct-2023 16:17:38,Press Release,"Astral Limited has informed the Exchange regarding a press release dated October 18, 2023, titled ""Astral Limited has informed the Exchange about press release dated 18-Oct-2023 titled Press Release""."
18-Oct-2023 16:05:22,Financial Result Updates,"Astral Limited has submitted to the Exchange, the financial results for the period ended September 30, 2023."
18-Oct-2023 16:03:36,Dividend,"Astral Limited has informed the Exchange that Board of Directors at its meeting held on October 18, 2023, declared Interim Dividend of 1.50 per equity share."
16-Oct-2023 15:20:09,Analysts/Institutional Investor Meet/Con. Call Updates,"Astral Limited has informed the Exchange about Earning Call on 19th October,2023"
13-Oct-2023 18:12:04,Updates,Astral Limited has informed the Exchange regarding 'Shareholders Communication-TDS on Interim Dividend- FY 2023-24'.
12-Oct-2023 16:44:46,"Certificate under SEBI (Depositories and Participants) Regulations, 2018","Astral Limited has informed the Exchange about Certificate under SEBI (Depositories and Participants) Regulations, 2018 for the quarter ended 30th September, 2023"
11-Oct-2023 11:28:37,Updates,Astral Limited has informed the Exchange regarding 'Commencement of Commercial Production'.
10-Oct-2023 17:09:55,Record Date,Astral Limited has informed the Exchange that Record date for the purpose of DI  is 27-Oct-2023.
29-Sep-2023 11:51:37,Trading Window,"Astral Limited has informed the Exchange regarding the Trading Window closure pursuant to SEBI (Prohibition of Insider Trading) Regulations, 2015"
12-Sep-2023 18:36:34,Analysts/Institutional Investor Meet/Con. Call Updates,Astral Limited has informed the Exchange about Schedule of Investor meet Intimation.
28-Aug-2023 18:04:51,Analysts/Institutional Investor Meet/Con. Call Updates,Astral Limited has informed the Exchange about Schedule of Investor meet
18-Aug-2023 12:11:19,Analysts/Institutional Investor Meet/Con. Call Updates,Astral Limited has informed the Exchange about Schedule of meet
17-Aug-2023 18:06:47,Acquisition,Astral Limited has informed the Exchange about Intimation of Incorporation of Step Down Subsidiary Company
14-Aug-2023 18:36:07,Analysts/Institutional Investor Meet/Con. Call Updates,Astral Limited has informed the Exchange about Transcript of Earnings Call
14-Aug-2023 18:31:57,Copy of Newspaper Publication,Astral Limited has informed the Exchange about Copy of Newspaper Publication
11-Aug-2023 20:33:52,Analysts/Institutional Investor Meet/Con. Call Updates,Astral Limited has informed the Exchange about Link of Recording
11-Aug-2023 20:22:05,Shareholders meeting,"Astral Limited has submitted the Exchange a copy Srutinizers report of  Annual General Meeting held on August 11, 2023. Further, the company has informed the Exchange regarding voting results."
11-Aug-2023 16:45:09,Press Release,"Astral Limited has informed the Exchange regarding a press release dated August 11, 2023,"
11-Aug-2023 16:24:12,Financial Result Updates,"Astral Limited has submitted to the Exchange, the financial results for the period ended June 30, 2023."
11-Aug-2023 16:19:35,Outcome of Board Meeting,"Astral Limited has submitted to the Exchange, the financial results for the period ended June 30, 2023"
11-Aug-2023 12:56:58,Shareholders meeting,"Astral Limited has informed the Exchange regarding Proceedings of 27th Annual General Meeting held on August 11, 2023"
11-Aug-2023 12:46:23,Analysts/Institutional Investor Meet/Con. Call Updates,Astral Limited has informed the Exchange about Intimation of Analyst Meet
04-Aug-2023 15:28:01,Analysts/Institutional Investor Meet/Con. Call Updates,"Astral Limited has informed the Exchange about Earning Calls  on 11th August, 2023"
01-Aug-2023 12:04:21,Acquisition,Astral Limited has informed the Exchange about update on Acquisition
18-Jul-2023 17:14:55,Copy of Newspaper Publication,Astral Limited has informed the Exchange about Copy of Newspaper Publication
17-Jul-2023 17:09:52,Updates,Astral Limited has informed the Exchange regarding 'Shareholders Communication-TDS on Final Dividend- FY 2022-23'.
14-Jul-2023 17:03:22,Updates,"Astral Limited has informed the Exchange regarding 'Astral Limited has informed the Exchange regarding 'Business Responsibility and Sustainability Report for the Financial Year ended31st March, 2023'."
14-Jul-2023 16:51:05,Record Date,Astral Limited has informed the Exchange that Record date for the purpose of Dividend  is 04-Aug-2023.
14-Jul-2023 11:24:22,ESOP/ESOS/ESPS,Astral Limited has informed the Exchange regarding Allotment of 7719  Shares pursuant to Employee Stock Option Scheme.
06-Jul-2023 18:09:00,"Certificate under SEBI (Depositories and Participants) Regulations, 2018","Astral Limited has informed the Exchange about Certificate under Regulation 74(5) of the SEBI (Depositories and Participants) Regulations, 2018 for the quarter ended 30th June, 2023."
30-Jun-2023 16:20:47,Trading Window,"Astral Limited has informed the Exchange regarding the Trading Window closure pursuant to SEBI (Prohibition of Insider Trading) Regulations, 2015"
13-Jun-2023 10:29:07,Analysts/Institutional Investor Meet/Con. Call Updates,Astral Limited has informed the Exchange about Schedule of meet
07-Jun-2023 10:11:45,Analysts/Institutional Investor Meet/Con. Call Updates,Astral Limited has informed the Exchange about Intimation of Analyst Meet
01-Jun-2023 09:59:48,Analysts/Institutional Investor Meet/Con. Call Updates,Astral Limited has informed the Exchange about Schedule of meet
23-May-2023 16:05:24,Annual Secretarial Compliance Report,"Annual Secretarial Compliance report for the year ended 31st March, 2023"
23-May-2023 13:12:02,Updates,Astral Limited has informed the Exchange regarding 'Financial Results in Machine Readable Format as per requirement of the Exchange.'.
22-May-2023 15:08:37,Analysts/Institutional Investor Meet/Con. Call Updates,Astral Limited has informed the Exchange about Intimation of Analyst Meet
22-May-2023 12:56:51,Analysts/Institutional Investor Meet/Con. Call Updates,Astral Limited has informed the Exchange about Transcript of Analysts Meet
22-May-2023 07:52:50,Analysts/Institutional Investor Meet/Con. Call Updates,Astral Limited has informed the Exchange about Investor Meet Intimation
18-May-2023 08:48:11,Analysts/Institutional Investor Meet/Con. Call Updates,"Astral Limited has informed the Exchange about Link of Video Recording of Analyst Meet held on 17th May, 2023."
18-May-2023 08:20:32,Analysts/Institutional Investor Meet/Con. Call Updates,Astral Limited has informed the Exchange about Schedule of Investor meet
17-May-2023 18:29:23,Analysts/Institutional Investor Meet/Con. Call Updates,Astral Limited has informed the Exchange about  Investor Presentation
16-May-2023 17:29:25,Copy of Newspaper Publication,"Astral Limited has informed the Exchange about Newspaper advertisement pertaining to Audited Financial Results for theQuarter and Year ended on 31st March, 2023."
15-May-2023 20:46:48,Related Party Transactions,"Astral Limited has informed the Exchange about related Party Transactions for the half year ended 31st March, 2023"
15-May-2023 19:04:44,Change in Director(s),Astral Limited has informed the Exchange regarding Change in Director(s) of the company.
15-May-2023 18:47:27,Dividend Updates,Astral Limited has informed the Exchange about recommendation of Final dividend at the rate of 2.25 per share by the Board of Directors
15-May-2023 18:29:01,Press Release,"Astral Limited has informed the Exchange regarding a press release dated May 15, 2023, titled ""Astral Limited delivers Consolidated top line growth of 17.4% and plumbing volume growth of 18.8% in FY 2"
15-May-2023 18:08:03,Outcome of Board Meeting,"Astral Limited has informed the Exchange regarding  Board meeting held on May 15, 2023."
15-May-2023 17:37:40,Financial Result Updates,"Astral Limited has submitted to the Exchange, the financial results for the period ended March 31, 2023."
11-May-2023 17:55:59,Analysts/Institutional Investor Meet/Con. Call Updates,Astral Limited has informed the Exchange about Intimation of Investor Meet.
05-May-2023 17:24:36,Disclosure under SEBI Takeover Regulations,"Jagruti Engineer, Kairav Chemicals Limited, Sandeep Engineer, Saumya Polymers LLP��has Submitted to the Exchange a copy of Disclosure under Regulation 31(4) of the Securities and Exchange Board of Ind"
12-Apr-2023 18:03:21,Loss of Share Certificates,Astral Limited has informed the Exchange about Loss of Share Certificates
12-Apr-2023 14:58:00,Updates,Astral Limited has informed the Exchange regarding 'Intimation of change in Website of the Company'.
11-Apr-2023 18:34:22,"Certificate under SEBI (Depositories and Participants) Regulations, 2018","Astral Limited has informed the Exchange about Certificate under Regulation 74(5) of the SEBI (Depositories and Participants) Regulations, 2018 for the quarter ended March 31, 2023"
31-Mar-2023 09:42:58,Updates,Astral Limited has informed the Exchange regarding 'Revised Announcement Grant of CPVC Pipe manufacturing Licence by Bureau of Indian Standards'.
31-Mar-2023 07:56:33,Updates,Astral Limited has informed the Exchange regarding ''. Grant of CPVC manufacturing Licence by Bureau of Indian Standards
30-Mar-2023 10:52:07,Trading Window,"Astral Limited has informed the Exchange regarding the Trading Window closure pursuant to SEBI (Prohibition of Insider Trading) Regulations, 2015"
28-Mar-2023 11:58:25,Updates,Astral Limited has informed the Exchange regarding 'Communication to shareholders'.
15-Mar-2023 18:01:53,Allotment of Securities,"Astral Limited has informed the Exchange regarding allotment of 67152893 securities pursuant to Bonus at its meeting held on March 15, 2023"
13-Mar-2023 09:56:37,"Code of Conduct under SEBI(PIT) Reg., 2015","Astral Limited has informed the Exchange about Code of Conduct under SEBI(PIT) Reg., 2015"
03-Mar-2023 19:29:02,Shareholders meeting,"Astral Limited has submitted the Exchange a copy Srutinizers report of  Extraordinary General Meeting held on March 03, 2023. Further, the company has informed the Exchange regarding voting results."
03-Mar-2023 16:35:40,Updates,"Astral Limited has informed the Exchange regarding 'Audio Recording of the 1st Extra Ordinary General Meeting of the CompanyOf the FY   2022-2023 held on Friday, 3rd March, 2023'."
03-Mar-2023 14:39:07,Shareholders meeting,"Astral Limited has informed the Exchange regarding Proceedings of Extraordinary General Meeting held on March 03, 2023"
02-Mar-2023 10:24:11,Analysts/Institutional Investor Meet/Con. Call Updates,Astral Limited has informed the Exchange about Investor Meet Intimation
23-Feb-2023 10:37:39,Analysts/Institutional Investor Meet/Con. Call Updates,Astral Limited has informed the Exchange about Intimation of Investor Meet
13-Feb-2023 18:24:20,Analysts/Institutional Investor Meet/Con. Call Updates,Astral Limited has informed the Exchange about Transcript
13-Feb-2023 14:34:04,Reply to Clarification- Financial results,"The Exchange had sought clarification from Astral Limited for the quarter ended 31-Dec-2022 with respect to Regulation 33 of the SEBI (Listing Obligations and Disclosure Requirements) Regulations, 201"
10-Feb-2023 17:32:41,Clarification - Financial Results,"The Exchange has sought clarification from Astral Limited for the quarter ended 31-Dec-2022 with respect to Regulation 33 of the SEBI (Listing Obligations and Disclosure Requirements) Regulations, 201"
09-Feb-2023 15:14:39,Copy of Newspaper Publication,Astral Limited has informed the Exchange about Copy of Newspaper Publication
08-Feb-2023 15:12:55,Analysts/Institutional Investor Meet/Con. Call Updates,Astral Limited has informed the Exchange about Link of Recording
08-Feb-2023 14:17:41,Copy of Newspaper Publication,Astral Limited has informed the Exchange about Copy of Newspaper Publication
07-Feb-2023 19:37:17,Loss of Share Certificates,Astral Limited has informed the Exchange about Loss of Share Certificates
07-Feb-2023 19:32:31,Shareholders meeting,"Astral Limited has informed the Exchange regarding Notice of Extraordinary General Meeting to be held on March 03, 2023"
07-Feb-2023 18:48:33,Press Release,"Astral Limited has informed the Exchange regarding a press release dated February 07, 2023, titled ""Press Release""."
07-Feb-2023 18:47:00,Press Release,"Astral Limited has informed the Exchange regarding a press release dated 0 ,"
07-Feb-2023 18:17:30,Change in Directors/ Key Managerial Personnel/ Auditor/ Compliance Officer/ Share Transfer Agent,Appointment of Mr. Dhinal Shah and Mr. Chetas Desai as  Independent Director of the Company.
07-Feb-2023 18:08:20,Record Date,Astral Limited has informed the Exchange that Record date for the purpose of Bonus  is 14-Mar-2023.
07-Feb-2023 17:41:36,Bonus,"Astral Limited has informed the Exchange that the Board of Directors at its meeting held on February 07, 2023, have considered and approved bonus at the ratio of 1 : 3, i.e 1 Equity Shares for every 3"
07-Feb-2023 17:36:54,Financial Result Updates,"Astral Limited has submitted to the Exchange, the financial results for the period ended December 31, 2022."
02-Feb-2023 10:54:10,Analysts/Institutional Investor Meet/Con. Call Updates,"Astral Limited has informed the Exchange about Earnings Call on 8th February, 2023"
20-Jan-2023 12:43:17,Updates,Astral Limited has informed the Exchange regarding ''.Communication to shareholders.
13-Jan-2023 13:06:01,"Certificate under SEBI (Depositories and Participants) Regulations, 2018","Astral Limited has informed the Exchange about Certificate under SEBI (Depositories and Participants) Regulations, 2018"
10-Jan-2023 13:55:59,Copy of Newspaper Publication,Astral Limited has informed the Exchange about Copy of Newspaper Publication
29-Dec-2022 16:44:00,Trading Window,"Astral Limited has informed the Exchange regarding the Trading Window closure pursuant to SEBI (Prohibition of Insider Trading) Regulations, 2015"
21-Dec-2022 12:06:41,Updates,Astral Limited has informed the Exchange regarding 'Intimation of change in E-mail ID for redressal of investor grievances and investor communication'.
13-Dec-2022 18:30:57,General updates,Astral Limited has informed the Exchange about Transmission of 9649 Equity Shares from Late Smt. Hansaben Pravinbhai Engineer (Promotor of the Company) to Shri Sandeep Pravinbhai Engineer.
09-Dec-2022 09:46:54,Schedule of Analysts/Institutional Investor Meet/Con. Call,Astral Limited has informed the Exchange about Schedule of Analysts/Institutional Investor Meet/Con. Call 
08-Dec-2022 10:04:00,Schedule of Analysts/Institutional Investor Meet/Con. Call,Astral Limited has informed the Exchange about Schedule of Analysts/Institutional Investor Meet/Con. Call 
25-Nov-2022 15:22:54,Related Party Transaction,Astral Limited has informed the Exchange about related party transaction for the period ended September 2022
16-Nov-2022 11:14:45,Schedule of Analysts/Institutional Investor Meet/Con. Call,Astral Limited has informed the Exchange about Intimation of Investor Meet
16-Nov-2022 10:20:17,Schedule of Analysts/Institutional Investor Meet/Con. Call,Astral Limited has informed the Exchange about Intimation of Investor Meet
15-Nov-2022 11:34:00,Transcript of Analysts/Institutional Investor Meet/Con. Call,Astral Limited has informed the Exchange about Transcript of Analysts/Institutional Investor Meet/Con. Call 
12-Nov-2022 16:04:57,Newspaper Advertisements,Astral Limited has informed the Exchange about Newspaper Advertisement of the Notice of Record Date for Interim Dividend
12-Nov-2022 16:03:21,Newspaper Advertisements,"Astral Limited has informed the Exchange about Newspaper Advertisements of Financial Results for the Quarter and half year ended 30th September,2022 "
12-Nov-2022 11:45:18,Recording of Analysts/Institutional Investor Meet/Con. Call,Astral Limited has informed the Exchange about Recording of Analysts/Institutional Investor Meet/Con. Call
11-Nov-2022 16:24:00,Press Release,Astral Limited has informed the Exchange about press release dated 11-Nov-2022 titled Press Release
11-Nov-2022 15:49:30,Outcome of Board Meeting,Astral Limited  has informed the Exchange about Board Meeting held on 11-Nov-2022 to consider financial statements for the period ended September 2022
08-Nov-2022 20:53:09,Schedule of Analysts/Institutional Investor Meet/Con. Call,"Astral Limited has informed the Exchange about Earnings Call on 11th November, 2022"
02-Nov-2022 18:30:51,General updates,Astral Limited has informed the Exchange about Shareholders Communication-TDS on Interim Dividend- FY 2022-23
01-Nov-2022 18:23:33,Record Date,Astral Limited has informed the Exchange that Record date for the purpose of Dividend  is 21-Nov-2022.
14-Oct-2022 18:28:57,General updates,"Astral Limited has informed the Exchange about Certificate under Regulation 74(5) of the SEBI (Depositories and Participants) Regulations, 2018 for the quarter ended 30th September, 2022."
08-Oct-2022 12:07:30,ESOP/ESPS/SBEB Scheme,Astral Limited has informed the Exchange about Grant of Stock Options
01-Oct-2022 18:58:39,General updates,"Astral Limited has informed the Exchange about Disclosure under Regulation 30 (5) of the SEBI (Listing Obligations and Disclosure Requirements) Regulations, 2015."
01-Oct-2022 18:46:24,Appointment,Astral Limited  has informed the Exchange about appointment of Manan Bhavsar as Company Secretary of the company w.e.f. 01-Oct-2022
01-Oct-2022 18:45:15,Resignation,"Astral Limited  has informed the Exchange about resignation of Krunal Bhatt as Company Secretary of the company effective from the close of office hours on 30th September, 2022."
29-Sep-2022 15:02:12,Closure of trading window,Astral Limited has informed the Exchange about Intimation of Closure of Trading Window.
26-Sep-2022 11:43:33,Schedule of Analysts/Institutional Investor Meet/Con. Call,Astral Limited has informed the Exchange about Intimation of Schedule of Investor Meet. 
15-Sep-2022 11:57:39,Acquisition,Astral Limited has informed the Exchange about Acquisition of additional equity shares of subsidiary company
15-Sep-2022 09:17:42,Credit Rating,Astral Limited has informed the Exchange about Upgrade/Revision of Credit Rating
12-Sep-2022 17:24:30,Issuance/changes in Capital-Others,Astral Limited has informed the Exchange about allotment of shares pursuant to scheme of Amalgamation
12-Sep-2022 11:27:45,Schedule of Analysts/Institutional Investor Meet/Con. Call,Astral Limited has informed the Exchange about Intimation of Investor Meet
08-Sep-2022 13:23:06,Schedule of Analysts/Institutional Investor Meet/Con. Call,Astral Limited has informed the Exchange about Schedule of Analysts/Institutional Investor Meet/Con. Call 
06-Sep-2022 18:13:12,Amalgamation/Merger,Astral Limited has informed the Exchange about Updates on Scheme of Amalgamation
05-Sep-2022 20:55:00,Amalgamation/Merger,Astral Limited has informed the Exchange about Updates on the Scheme of Amalgamation.
05-Sep-2022 11:00:51,Schedule of Analysts/Institutional Investor Meet/Con. Call,Astral Limited has informed the Exchange about Intimation of Investor Meet. 
03-Sep-2022 14:00:48,Newspaper Advertisements,Astral Limited has informed the Exchange about Newspaper Advertisements for Transfer of Shares to Investor Education Protection Fund (IEPF)
30-Aug-2022 18:58:42,General updates,Astral Limited has informed the Exchange about Resignation of Company Secretary
30-Aug-2022 18:17:09,Annual General Meeting,Astral Limited has informed the Exchange about Voting results and  Scrutinizer report of Annual General Meeting held on 29-Aug-2022
29-Aug-2022 17:41:12,Annual General Meeting,Astral Limited has informed the Exchange about  Proceedings of Annual General Meeting held on 29-Aug-2022
22-Aug-2022 10:39:51,Schedule of Analysts/Institutional Investor Meet/Con. Call,Astral Limited has informed the Exchange about Schedule of Analysts/Institutional Investor Meet/Con. Call 
17-Aug-2022 11:43:30,Transcript of Analysts/Institutional Investor Meet/Con. Call,Astral Limited has informed the Exchange about Transcript of Analysts/Institutional Investor Meet/Con. Call 
13-Aug-2022 16:25:09,Recording of Analysts/Institutional Investor Meet/Con. Call,Astral Limited has informed the Exchange about Recording of Analysts/Institutional Investor Meet/Con. Call
12-Aug-2022 16:01:51,Press Release,"Astral Limited has informed the Exchange about press release dated 12-Aug-2022 titled Astral Limited delivers Consolidated top line growth of 73%, EBDITA growth 37% & Volume Growth of 48% (Plumbing) f"
12-Aug-2022 15:52:45,Outcome of Board Meeting,Astral Limited  has informed the Exchange about Outcome of Board Meeting held on 12-Aug-2022
08-Aug-2022 12:07:21,Schedule of Analysts/Institutional Investor Meet/Con. Call,"Astral Limited has informed the Exchange about Earnings Call on 12th August, 2022. "
08-Aug-2022 11:43:06,Newspaper Advertisements,Astral Limited has informed the Exchange about Newspaper Advertisements
06-Aug-2022 11:26:43,Record Date,Astral Limited has informed the Exchange that Record date for the purpose of Final Dividend is 22-Aug-2022.
06-Aug-2022 11:06:09,Annual General Meeting,Astral Limited has informed the Exchange about Notice of Annual General Meeting to be held on 29-Aug-2022
03-Aug-2022 17:45:21,General updates,Astral Limited has informed the Exchange about Shareholders Communication-TDS on Final Dividend- FY 2021-22
03-Aug-2022 17:40:33,Newspaper Advertisements,Astral Limited has informed the Exchange about Newspaper Advertisements
01-Aug-2022 08:19:07,Capacity addition/product launch,Astral Limited has informed the Exchange about intimation of product launch
23-Jul-2022 19:08:30,ESOP/ESPS/SBEB Scheme,Astral Limited has informed the Exchange about Allotment of Equity Shares pursuant to exercise of stock options under Employees Stock Option Scheme
22-Jul-2022 09:59:21,Schedule of Analysts/Institutional Investor Meet/Con. Call,Astral Limited has informed the Exchange about Intimation of Institutional Investor Meeting
15-Jul-2022 18:23:03,General updates,"Astral Limited has informed the Exchange about Certificate under Regulation 74(5) of the SEBI (Depositories and Participants) Regulations, 2018"
04-Jul-2022 11:21:24,Schedule of Analysts/Institutional Investor Meet/Con. Call,Astral Limited has informed the Exchange about Investor Meet Intimation
29-Jun-2022 19:01:42,Closure of trading window,Astral Limited has informed the Exchange about Closure of trading window
27-Jun-2022 18:57:39,Postal Ballot,Astral Limited has informed the Exchange about Voting results and  Scrutinizer report of Postal Ballot
21-Jun-2022 19:44:50,Acquisition,Astral Limited has informed the Exchange about update on Acquisition
20-Jun-2022 12:16:44,Schedule of Analysts/Institutional Investor Meet/Con. Call,Astral Limited has informed the Exchange about Intimation of Investor Meet
14-Jun-2022 15:25:18,Schedule of Analysts/Institutional Investor Meet/Con. Call,Astral Limited has informed the Exchange about Intimation of Investor Conference call
11-Jun-2022 16:11:24,Related Party Transaction,Astral Limited has informed the Exchange about related party transaction for the period ended March 2022
07-Jun-2022 11:36:55,Schedule of Analysts/Institutional Investor Meet/Con. Call,Astral Limited has informed the Exchange about Intimation of Conference Call 
05-Jun-2022 20:46:37,Transcript of Analysts/Institutional Investor Meet/Con. Call,Astral Limited has informed the Exchange about Transcript of Analysts Meet
01-Jun-2022 10:01:26,Schedule of Analysts/Institutional Investor Meet/Con. Call,Astral Limited has informed the Exchange about Schedule of Analysts/Institutional Investor Meet 
31-May-2022 08:44:00,Recording of Analysts/Institutional Investor Meet/Con. Call,Astral Limited has informed the Exchange about Video Recording of Analyst Meet
30-May-2022 23:42:23,Schedule of Analysts/Institutional Investor Meet/Con. Call,Astral Limited has informed the Exchange about Schedule of Analysts/Institutional Investor Meetings
30-May-2022 19:40:42,Investor Presentation,Astral Limited has informed the Exchange about Investor Presentation
27-May-2022 16:55:21,Schedule of Analysts/Institutional Investor Meet/Con. Call,Astral Limited has informed the Exchange about Schedule of Analysts/Institutional Investor Meet
27-May-2022 16:41:15,Dividend,Astral Limited has informed the Exchange about recommendation of Final dividend at the rate of 1.75 per share by the Board of Directors
27-May-2022 16:37:17,Press Release,"Astral Limited has informed the Exchange about press release dated 27-May-2022 titled ""Astral Limited delivers Consolidated top line and PAT growth of 38% and 20% respectively for F.Y. 2021-22"""
27-May-2022 16:20:20,Financial Result Updates,"Astral Limited has submitted to the Exchange, the financial results for the period ended March 31, 2022."
26-May-2022 20:34:20,Newspaper Advertisements,Astral Limited has informed the Exchange about Newspaper Advertisements of Notice of Postal ballot
25-May-2022 20:11:31,Postal Ballot,Astral Limited has informed the Exchange about Notice of Postal Ballot
18-May-2022 19:06:04,Address Change,Astral Limited has informed the Exchange about Change of Address of Office of Registrar and Share Transfer Agent
02-May-2022 17:14:40,Newspaper Advertisements,Astral Limited has informed the Exchange about Newspaper Advertisements for Hearing of Petition for amalgamation of subsidiaries of the Company viz. Resinova Chemie Limited and Astral Biochem Private 
29-Apr-2022 18:58:08,Acquisition,Astral Limited has informed the Exchange about Outcome of Board Meeting/ Acquisition
15-Apr-2022 23:38:50,General updates,"Astral Limited has informed the Exchange about Certificate under Regulation 74(5) of the SEBI (Depositories and Participants) Regulations, 2018 for the quarter ended 31st March, 2022."
08-Apr-2022 18:55:58,Disclosure under SEBI Takeover Regulations,Promoter/Promoter Group of Astral Limited has submitted a disclosure under Regulation 31(4) of SEBI Takeover Regulations for the year ended 31-Mar-2022
04-Apr-2022 19:51:46,Insider Trading - Others,Astral Limited has informed the Exchange about violation by Designated Person under Insider Trading Code of conduct
02-Apr-2022 21:32:31,NCLT/ Court Convened Meeting,Astral Limited has informed the Exchange about Voting results and Scrutinizer reports of NCLT/ Court Convened Meeting held on 01-Apr-2022
01-Apr-2022 11:59:14,NCLT/ Court Convened Meeting,Astral Limited has informed the Exchange about Proceedings of NCLT Convened Meetings of Equity Shareholders and Unsecured Creditors of the Company
30-Mar-2022 19:20:29,Closure of trading window,Astral Limited has informed the Exchange about Intimation of Closure of Trading Window
16-Mar-2022 14:58:26,Schedule of Analysts/Institutional Investor Meet/Con. Call,Astral Limited has informed the Exchange about Schedule Conference Call
15-Mar-2022 09:58:02,Schedule of Analysts/Institutional Investor Meet/Con. Call,Astral Limited has informed the Exchange about Intimation of Conference call
09-Mar-2022 10:38:15,Schedule of Analysts/Institutional Investor Meet/Con. Call,Astral Limited has informed the Exchange about Schedule of Analysts/Institutional Investor Meetings
01-Mar-2022 16:06:57,NCLT/ Court Convened Meeting,Newspaper Advertisement regarding Notice of the National Company Law Tribunal (���NCLT���) Convened Meetings of Unsecured Creditors and Equity Shareholders of the Company to be held on 31-March-2022 a
27-Feb-2022 22:23:10,Disruption of operations,Astral Limited has informed the Exchange about fire at factory premises of subsidiary of the company.
27-Feb-2022 21:51:45,NCLT/ Court Convened Meeting,Astral Limited has informed the Exchange about Notice of NCLT Convened Meeting of unsecured creditors to be held on 31-Mar-2022
27-Feb-2022 21:41:00,Disruption of operations,Astral Limited has informed the Exchange about Fire at factory premises of subsidiary company
25-Feb-2022 17:11:08,NCLT/ Court Convened Meeting,Astral Limited has informed the Exchange about Notice of NCLT Convened Meeting of unsecured creditors to be held on 31-Mar-2022
25-Feb-2022 17:05:46,NCLT/ Court Convened Meeting,Astral Limited has informed the Exchange about Notice of NCLT/ Court Convened Meeting to be held on 01-Apr-2022
25-Feb-2022 08:58:26,General updates,Astral Limited has informed the Exchange about Receipt of Awards
22-Feb-2022 04:19:32,Schedule of Analysts/Institutional Investor Meet/Con. Call,Conference call Intimation
22-Feb-2022 04:19:02,Schedule of Analysts/Institutional Investor Meet/Con. Call,Conference call Intimation
22-Feb-2022 03:43:06,Schedule of Analysts/Institutional Investor Meet/Con. Call,Conference call Intimation
22-Feb-2022 03:42:58,Schedule of Analysts/Institutional Investor Meet/Con. Call,Conference call Intimation
21-Feb-2022 13:34:29,Schedule of Analysts/Institutional Investor Meet/Con. Call,Astral Limited has informed the Exchange about Schedule of Analysts/Institutional Investor Meet/Con. Call 
17-Feb-2022 19:24:07,Analysts/Institutional Investor Meet/Con. Call Updates,Astral Limited has informed the Exchange about Participation in Conference
17-Feb-2022 10:12:41,Analysts/Institutional Investor Meet/Con. Call Updates,Astral Limited has informed the Exchange about Investor Meet Intimation
11-Feb-2022 08:40:29,Analysts/Institutional Investor Meet/Con. Call Updates,Astral Limited has informed the Exchange about Schedule of meet
10-Feb-2022 08:12:47,Analysts/Institutional Investor Meet/Con. Call Updates,Astral Limited has informed the Exchange about Schedule of meet
08-Feb-2022 19:47:33,Analysts/Institutional Investor Meet/Con. Call Updates,Astral Limited has informed the Exchange about Transcript of Earnings Call
04-Feb-2022 15:59:37,Press Release,"Astral Limited has informed the Exchange regarding a press release dated February 04, 2022, titled ""Astral Limited delivers Consolidated top line and PAT growth of 44% and 49% respectively for 9M F.Y."
04-Feb-2022 15:46:37,Outcome of Board Meeting,"Astral Limited has informed the Exchange regarding  Outcome of  Board meeting held on February 04, 2022."
04-Feb-2022 15:42:37,Financial Result Updates,"Astral Limited has submitted to the Exchange, the financial results for the period ended December 31, 2021."
01-Feb-2022 14:54:04,Analysts/Institutional Investor Meet/Con. Call Updates,Astral Limited has informed the Exchange about Schedule of Earnings Call
19-Jan-2022 18:58:04,"Certificate under SEBI (Depositories and Participants) Regulations, 2018","Astral Limited has informed the Exchange about Certificate under SEBI (Depositories and Participants) Regulations, 2018"
14-Jan-2022 14:29:57,"Code of Conduct under SEBI(PIT) Reg., 2015","Astral Limited has informed the Exchange about Code of Conduct under SEBI(PIT) Reg., 2015"
29-Dec-2021 10:47:42,Trading Window,"Astral Limited has informed the Exchange regarding the Trading Window closure pursuant to SEBI (Prohibition of Insider Trading) Regulations, 2015"
24-Dec-2021 16:11:19,Shareholders meeting,"Astral Limited has submitted the Exchange a copy Srutinizers report of  Postal Ballot. Further, the company has informed the Exchange regarding voting results."
10-Dec-2021 14:41:28,Analysts/Institutional Investor Meet/Con. Call Updates,Astral Limited has informed the Exchange about Schedule of meet with analysts /institutional investors
28-Nov-2021 14:26:12,Updates,Astral Limited has informed the Exchange regarding 'Income Tax Department Search - Updates'.
25-Nov-2021 10:12:05,Copy of Newspaper Publication,Astral Limited has informed the Exchange about Newspaper Advertisement for dispatch of Notice of Postal Ballot
22-Nov-2021 19:02:06,Shareholders meeting,Astral Limited has informed the Exchange regarding Notice of Postal Ballot
18-Nov-2021 10:47:28,Analysts/Institutional Investor Meet/Con. Call Updates,Astral Limited has informed the Exchange about Intimation of Schedule of Analyst /Institutional Investor Meetings
17-Nov-2021 10:41:43,Analysts/Institutional Investor Meet/Con. Call Updates,Astral Limited has informed the Exchange about Schedule of Analyst /Institutional Investor Meetings.
15-Nov-2021 17:42:31,Analysts/Institutional Investor Meet/Con. Call Updates,Astral Limited has informed the Exchange about Transcript of earning call
11-Nov-2021 22:14:15,Scheme of Arrangement,Astral Limited has informed the Exchange about Updates Scheme of Amalgamation
11-Nov-2021 16:08:02,Press Release,Press Release pertaining to Q2 Results
11-Nov-2021 15:54:26,Dividend,"Astral Limited has informed the Exchange that Board of Directors at its meeting held on November 11, 2021 approved unaudited financial results for the quarter and half year ended 30.09.2021 and  decla"
11-Nov-2021 15:51:28,Dividend Updates,Astral Limited has informed the Exchange about Declaration of Interim Dividend
11-Nov-2021 15:39:31,Financial Result Updates,"Astral Limited has submitted to the Exchange, the financial results for the period ended September 30, 2021."
09-Nov-2021 12:51:17,Analysts/Institutional Investor Meet/Con. Call Updates,"Astral Limited has informed the Exchange about Earnings Call on 11th November, 2021"
03-Nov-2021 15:32:12,Dividend Updates,Astral Limited has informed the Exchange about Shareholders Communication-TDS on Interim Dividend- FY 2021-22
01-Nov-2021 16:19:55,Record Date,Astral Limited has informed the Exchange that Record date for the purpose of DI  is 19-Nov-2021.
22-Oct-2021 20:07:45,Reply to Clarification Sought,"ASTRAL:The Exchange had sought clarification from Astral Limited with respect to announcement dated 19-Oct-2021, regarding Outcome of Board Meeting held on October 19, 2021. On basis of above the Comp"
21-Oct-2021 15:19:05,Clarification,"ASTRAL:The Exchange has sought clarification from Astral Limited with respect to announcement dated 19-Oct-2021, regarding Outcome of Board Meeting held on October 19, 2021. On basis of above the Comp"
20-Oct-2021 19:22:37,"Certificate under SEBI (Depositories and Participants) Regulations, 2018","Astral Limited has informed the Exchange about Certificate under SEBI (Depositories and Participants) Regulations, 2018"
19-Oct-2021 16:05:13,Outcome of Board Meeting,"Astral Limited has informed the Exchange regarding Outcome of Board Meeting held on October 19, 2021."
30-Sep-2021 10:57:37,Trading Window,"Astral Limited has informed the Exchange regarding the Trading Window closure pursuant to SEBI (Prohibition of Insider Trading) Regulations, 2015"
15-Sep-2021 10:41:43,Credit Rating,Astral Limited has informed the Exchange about Credit Rating
13-Sep-2021 11:06:01,Analysts/Institutional Investor Meet/Con. Call Updates,Astral Limited has informed the Exchange about Analysts/Institutional Investor Meet/Con. Call Updates
01-Sep-2021 19:25:22,Shareholders meeting,"Astral Limited has submitted the Exchange a copy Srutinizers report of  Annual General Meeting held on August 31, 2021. Further, the company has informed the Exchange regarding voting results."
31-Aug-2021 18:15:59,Shareholders meeting,"Astral Limited has informed the Exchange regarding Proceedings of Annual General Meeting held on August 31, 2021."
28-Aug-2021 20:33:10,ESOP/ESOS/ESPS,Astral Limited has informed the Exchange regarding Allotment of 12413  Shares.
26-Aug-2021 10:05:40,Analysts/Institutional Investor Meet/Con. Call Updates,Astral Limited has informed the Exchange about Analysts/Institutional Investor Meet/Con. Call Updates
17-Aug-2021 14:11:09,Analysts/Institutional Investor Meet/Con. Call Updates,Astral Limited has informed the Exchange about Analysts/Institutional Investor Meet/Con. Call Updates
16-Aug-2021 13:16:34,Analysts/Institutional Investor Meet/Con. Call Updates,Astral Limited has informed the Exchange about Analysts/Institutional Investor Meet/Con. Call Updates
14-Aug-2021 18:31:13,Analysts/Institutional Investor Meet/Con. Call Updates,Astral Limited has informed the Exchange about Analysts/Institutional Investor Meet/Con. Call Updates
13-Aug-2021 10:04:50,Analysts/Institutional Investor Meet/Con. Call Updates,Astral Limited has informed the Exchange about Analysts/Institutional Investor Meet/Con. Call Updates
13-Aug-2021 10:02:48,Analysts/Institutional Investor Meet/Con. Call Updates,Astral Limited has informed the Exchange about Analysts/Institutional Investor Meet/Con. Call Updates
11-Aug-2021 11:22:12,Analysts/Institutional Investor Meet/Con. Call Updates,Astral Limited has informed the Exchange about Analysts/Institutional Investor Meet/Con. Call Updates
09-Aug-2021 19:09:24,Copy of Newspaper Publication,Astral Limited has informed the Exchange about Copy of Newspaper Publication - 25th AGM
07-Aug-2021 23:09:22,Record Date,Astral Limited has informed the Exchange that Record date for the purpose of Dividend  is 24-Aug-2021.
06-Aug-2021 23:25:27,Updates,Astral Limited has informed the Exchange regarding 'Shareholders Communication-TDS on Final Dividend 2021.'.
06-Aug-2021 16:01:13,Press Release,"Astral Limited has informed the Exchange regarding a press release dated August 06, 2021, titled ""Press release- Unaudited financial results for quarter ended June 30, 2021""."
06-Aug-2021 15:48:11,Financial Result Updates,"Astral Limited has submitted to the Exchange, the financial results for the period ended June 30, 2021."
06-Aug-2021 10:00:54,Analysts/Institutional Investor Meet/Con. Call Updates,Astral Limited has informed the Exchange about Analysts/Institutional Investor Meet/Con. Call Updates
03-Aug-2021 19:28:07,Copy of Newspaper Publication,Astral Limited has informed the Exchange about Copy of Newspaper Publication- regarding 25th AGM
24-Jul-2021 18:54:33,"Certificate under SEBI (Depositories and Participants) Regulations, 2018","Astral Limited has informed the Exchange about Certificate under SEBI (Depositories and Participants) Regulations, 2018- Certificate under Regulation 74(5) for the quarter ended June 30, 2021."
01-Jul-2021 19:09:47,ESOP/ESOS/ESPS,Astral Limited has informed the Exchange regarding Grant of 12413  Options.
01-Jul-2021 19:08:40,Change in Director(s),Astral Limited has informed the Exchange regarding Change in Director(s) of the company.
29-Jun-2021 18:19:04,Trading Window,"Astral Limited has informed the Exchange regarding the Trading Window closure pursuant to SEBI (Prohibition of Insider Trading) Regulations, 2015"
25-Jun-2021 19:27:52,Copy of Newspaper Publication,Astral Limited has informed the Exchange about Copy of Newspaper Publication- Transfer of Shares to Investor Education Protection Fund (IEPF).
11-Jun-2021 10:42:54,Analysts/Institutional Investor Meet/Con. Call Updates,Astral Limited has informed the Exchange about Analysts/Institutional Investor Meet/Con. Call Updates
08-Jun-2021 15:26:43,Analysts/Institutional Investor Meet/Con. Call Updates,Astral Limited has informed the Exchange about Analysts/Institutional Investor Meet/Con. Call Updates
07-Jun-2021 15:58:21,Scheme of Arrangement,Astral Limited has informed the Exchange about Scheme of Amalgamation.
07-Jun-2021 14:53:32,Analysts/Institutional Investor Meet/Con. Call Updates,Astral Limited has informed the Exchange about Analysts/Institutional Investor Meet/Con. Call Updates
02-Jun-2021 19:42:55,Related Party Transactions,"Astral Limited has informed the Exchange about related Party Transactions- Half year ended March 31, 2021."
28-May-2021 14:39:14,Analysts/Institutional Investor Meet/Con. Call Updates,Astral Limited has informed the Exchange about Analysts/Institutional Investor Meet/Con. Call Updates
27-May-2021 15:39:51,Analysts/Institutional Investor Meet/Con. Call Updates,Astral Limited has informed the Exchange about Analysts/Institutional Investor Meet/Con. Call Updates
26-May-2021 17:21:36,Analysts/Institutional Investor Meet/Con. Call Updates,Astral Limited has informed the Exchange about Analysts/Institutional Investor Meet/Con. Call Updates
25-May-2021 10:01:22,Analysts/Institutional Investor Meet/Con. Call Updates,Astral Limited has informed the Exchange about Analysts/Institutional Investor Meet/Con. Call Updates
24-May-2021 21:12:23,Analysts/Institutional Investor Meet/Con. Call Updates,Astral Limited has informed the Exchange about Analysts/Institutional Investor Meet/Con. Call Updates
21-May-2021 11:16:32,Analysts/Institutional Investor Meet/Con. Call Updates,Astral Limited has informed the Exchange about Analysts/Institutional Investor Meet/Con. Call Updates
20-May-2021 10:51:45,Analysts/Institutional Investor Meet/Con. Call Updates,Astral Limited has informed the Exchange about Analysts/Institutional Investor Meet/Con. Call Updates
19-May-2021 20:05:42,Investor Presentation,Astral Limited has informed the Exchange about Investor Presentation
18-May-2021 16:36:37,Press Release,"Astral Limited has informed the Exchange regarding a press release dated May 18, 2021, titled ""Press Release - Results""."
18-May-2021 16:22:09,Dividend,"Astral Limited has informed the Exchange that Board of Directors at its meeting held on May 18, 2021, recommended Final Dividend of 1 per equity share."
18-May-2021 16:13:08,Financial Result Updates,"Astral Limited has submitted to the Exchange, the financial results for the period ended March 31, 2021."
17-May-2021 16:10:24,Analysts/Institutional Investor Meet/Con. Call Updates,Astral Limited has informed the Exchange about Analysts/Institutional Investor Meet/Con. Call Updates
04-May-2021 22:32:37,Name Change,"ASTRAL: Members of the Exchange are hereby informed that the name of Astral Poly Technik Limited shall be changed to Astral Limited w.e.f. May 10, 2021."
22-Apr-2021 11:02:10,Disclosure under SEBI Takeover Regulations,"Promoter/Member of the Promoter Group of the Company has informed the Exchange regarding disclosure under Regulation 30 and Regulation 31(4) of SEBI SAST Regulations 2011 as on March 31, 2021"
19-Apr-2021 11:05:34,Analysts/Institutional Investor Meet/Con. Call Updates,Astral Poly Technik Limited has informed the Exchange about Analysts/Institutional Investor Meet/Con. Call Updates
16-Apr-2021 11:58:19,Disclosure under SEBI Takeover Regulations,"��Promoter/Member of the Promoter Group of the Company has informed the Exchange regarding disclosure under Regulation 30 and Regulation 31(4) of SEBI SAST Regulations 2011��as at March 31, 2021."
15-Apr-2021 13:11:17,Analysts/Institutional Investor Meet/Con. Call Updates,Astral Poly Technik Limited has informed the Exchange about Analysts/Institutional Investor Meet/Con. Call Updates
12-Apr-2021 17:49:55,"Certificate under SEBI (Depositories and Participants) Regulations, 2018","Astral Poly Technik Limited has informed the Exchange about Certificate under Regulation 74(5) of SEBI (Depositories and Participants) Regulations, 2018."
12-Apr-2021 17:23:54,Name Change,"Astral Poly Technik Limited has informed the Exchange that the name has been changed from ""Astral Poly Technik Limited"" to ""Astral Limited"""
08-Apr-2021 09:50:20,Analysts/Institutional Investor Meet/Con. Call Updates,Astral Poly Technik Limited has informed the Exchange about Analysts/Institutional Investor Meet/Con. Call Updates
31-Mar-2021 16:33:50,Trading Window,"Astral Poly Technik Limited has informed the Exchange regarding the Trading Window closure pursuant to SEBI (Prohibition of Insider Trading) Regulations, 2015"
26-Mar-2021 11:18:55,Analysts/Institutional Investor Meet/Con. Call Updates,Astral Poly Technik Limited has informed the Exchange about Analysts/Institutional Investor Meet/Con. Call Updates
23-Mar-2021 18:54:10,Analysts/Institutional Investor Meet/Con. Call Updates,Astral Poly Technik Limited has informed the Exchange about Analysts/Institutional Investor Meet/Con. Call Updates
22-Mar-2021 16:25:58,Analysts/Institutional Investor Meet/Con. Call Updates,Astral Poly Technik Limited has informed the Exchange about Analysts/Institutional Investor Meet/Con. Call Updates
20-Mar-2021 19:31:45,Allotment of Securities,"Astral Poly Technik Limited has informed the Exchange regarding allotment of 50226942 securities pursuant to Bonus at its meeting held on March 20, 2021"
15-Mar-2021 12:26:01,Analysts/Institutional Investor Meet/Con. Call Updates,Astral Poly Technik Limited has informed the Exchange about Analysts/Institutional Investor Meet/Con. Call Updates
10-Mar-2021 14:54:37,Shareholders meeting,Astral Poly Technik Limited has informed the Exchange about Shareholders meeting
09-Mar-2021 17:33:29,Analysts/Institutional Investor Meet/Con. Call Updates,Astral Poly Technik Limited has informed the Exchange about Analysts/Institutional Investor Meet/Con. Call Updates
09-Mar-2021 10:15:18,Analysts/Institutional Investor Meet/Con. Call Updates,Astral Poly Technik Limited has informed the Exchange about Analysts/Institutional Investor Meet/Con. Call Updates
05-Mar-2021 16:37:53,Record Date,Astral Poly Technik Limited has informed the Exchange that Record date for the purpose of Bonus  is 19-Mar-2021.
01-Mar-2021 12:04:51,Analysts/Institutional Investor Meet/Con. Call Updates,Astral Poly Technik Limited has informed the Exchange about Analysts/Institutional Investor Meet/Con. Call Updates
27-Feb-2021 10:58:43,Analysts/Institutional Investor Meet/Con. Call Updates,Astral Poly Technik Limited has informed the Exchange about Analysts/Institutional Investor Meet/Con. Call Updates
26-Feb-2021 11:01:49,Analysts/Institutional Investor Meet/Con. Call Updates,Astral Poly Technik Limited has informed the Exchange about Analysts/Institutional Investor Meet/Con. Call Updates
24-Feb-2021 12:27:36,Analysts/Institutional Investor Meet/Con. Call Updates,Astral Poly Technik Limited has informed the Exchange about Analysts/Institutional Investor Meet/Con. Call Updates
24-Feb-2021 10:23:11,Analysts/Institutional Investor Meet/Con. Call Updates,Astral Poly Technik Limited has informed the Exchange about Analysts/Institutional Investor Meet/Con. Call Updates
23-Feb-2021 10:09:15,Analysts/Institutional Investor Meet/Con. Call Updates,Astral Poly Technik Limited has informed the Exchange about Analysts/Institutional Investor Meet/Con. Call Updates
18-Feb-2021 10:02:40,Analysts/Institutional Investor Meet/Con. Call Updates,Astral Poly Technik Limited has informed the Exchange about Analysts/Institutional Investor Meet/Con. Call Updates
11-Feb-2021 10:49:07,Analysts/Institutional Investor Meet/Con. Call Updates,Astral Poly Technik Limited has informed the Exchange about Analysts/Institutional Investor Meet/Con. Call Updates
09-Feb-2021 14:34:38,Analysts/Institutional Investor Meet/Con. Call Updates,Astral Poly Technik Limited has informed the Exchange about Analysts/Institutional Investor Meet/Con. Call Updates- Transcript of the Earnings Call 03.02.2021.
09-Feb-2021 12:27:11,Analysts/Institutional Investor Meet/Con. Call Updates,Astral Poly Technik Limited has informed the Exchange about Analysts/Institutional Investor Meet/Con. Call Updates
08-Feb-2021 19:38:12,Copy of Newspaper Publication,Astral Poly Technik Limited has informed the Exchange about Copy of Newspaper Publication
08-Feb-2021 11:41:08,Analysts/Institutional Investor Meet/Con. Call Updates,Astral Poly Technik Limited has informed the Exchange about Analysts/Institutional Investor Meet/Con. Call Updates
05-Feb-2021 18:34:56,Shareholders meeting,Astral Poly Technik Limited has informed the Exchange regarding Notice of Postal Ballot
05-Feb-2021 10:32:28,Analysts/Institutional Investor Meet/Con. Call Updates,Astral Poly Technik Limited has informed the Exchange about Analysts/Institutional Investor Meet/Con. Call Updates
03-Feb-2021 18:46:12,Updates,Astral Poly Technik Limited has informed the Exchange regarding 'Proposed Change of Name of the Company.'.
03-Feb-2021 15:52:04,Press Release,"Astral Poly Technik Limited has informed the Exchange regarding a press release dated February 03, 2021, titled ""Press release.""."
03-Feb-2021 15:43:56,Bonus,"Astral Poly Technik Limited has informed the Exchange that the Board of Directors at its meeting held on February 03, 2021, have considered and approved bonus at the ratio of 1 : 3, i.e 1 Equity Share"
03-Feb-2021 15:40:55,Financial Result Updates,"Astral Poly Technik Limited has submitted to the Exchange, the financial results for the period ended December 31, 2020."
29-Jan-2021 10:34:59,Analysts/Institutional Investor Meet/Con. Call Updates,"Astral Poly Technik Limited has informed the Exchange about Analysts/Institutional Investor Meet/Con. Call Updates- Earnings Call on February 3, 2021."
19-Jan-2021 17:37:56,Updates,"Astral Poly Technik Limited has informed the Exchange regarding 'Violation of Code of Conduct under Securities and Exchange Board of India (Prohibition of Insider Trading) Regulations, 2015 by Designa"
12-Jan-2021 18:41:27,"Certificate under SEBI (Depositories and Participants) Regulations, 2018","Astral Poly Technik Limited has informed the Exchange about Certificate under Reg 74(5) of SEBI (Depositories and Participants) Regulations, 2018"
30-Dec-2020 14:25:57,Trading Window,"Astral Poly Technik Limited has informed the Exchange regarding the Trading Window closure pursuant to SEBI (Prohibition of Insider Trading) Regulations, 2015"
24-Dec-2020 14:09:17,Analysts/Institutional Investor Meet/Con. Call Updates,Astral Poly Technik Limited has informed the Exchange about Analysts/Institutional Investor Meet/Con. Call Updates
12-Dec-2020 15:19:45,Updates,Astral Poly Technik Limited has informed the Exchange regarding 'Commencement of Commercial Production.'.
10-Dec-2020 11:06:08,Analysts/Institutional Investor Meet/Con. Call Updates,Astral Poly Technik Limited has informed the Exchange about Analysts/Institutional Investor Meet/Con. Call Updates
09-Dec-2020 12:11:59,Analysts/Institutional Investor Meet/Con. Call Updates,Astral Poly Technik Limited has informed the Exchange about Analysts/Institutional Investor Meet/Con. Call Updates
04-Dec-2020 10:40:22,Analysts/Institutional Investor Meet/Con. Call Updates,Astral Poly Technik Limited has informed the Exchange about Analysts/Institutional Investor Meet/Con. Call Updates
03-Dec-2020 09:32:47,Analysts/Institutional Investor Meet/Con. Call Updates,Astral Poly Technik Limited has informed the Exchange about Analysts/Institutional Investor Meet/Con. Call Updates
02-Dec-2020 15:15:20,Analysts/Institutional Investor Meet/Con. Call Updates,Astral Poly Technik Limited has informed the Exchange about Analysts/Institutional Investor Meet/Con. Call Updates
26-Nov-2020 21:53:33,Related Party Transactions,"Astral Poly Technik Limited has informed the Exchange about related Party Transactions for half year ended 30th September, 2020 under regulation 23(9) of SEBI LODR regulations."
25-Nov-2020 17:55:16,Updates,Astral Poly Technik Limited has informed the Exchange regarding 'Information pursuant to regulation 30 of SEBI LODR.'.
23-Nov-2020 14:55:01,Analysts/Institutional Investor Meet/Con. Call Updates,Astral Poly Technik Limited has informed the Exchange about Analysts/Institutional Investor Meet/Con. Call Updates
23-Nov-2020 08:40:11,Analysts/Institutional Investor Meet/Con. Call Updates,Astral Poly Technik Limited has informed the Exchange about Analysts/Institutional Investor Meet/Con. Call Updates
19-Nov-2020 11:21:10,Analysts/Institutional Investor Meet/Con. Call Updates,Astral Poly Technik Limited has informed the Exchange about Analysts/Institutional Investor Meet/Con. Call Updates
18-Nov-2020 16:29:57,ESOP/ESOS/ESPS,Astral Poly Technik Limited has informed the Exchange regarding Allotment of 9310  Shares.
18-Nov-2020 14:10:48,Analysts/Institutional Investor Meet/Con. Call Updates,Astral Poly Technik Limited has informed the Exchange about Analysts/Institutional Investor Meet/Con. Call Updates
17-Nov-2020 09:48:41,Analysts/Institutional Investor Meet/Con. Call Updates,Astral Poly Technik Limited has informed the Exchange about Analysts/Institutional Investor Meet/Con. Call Updates
13-Nov-2020 10:14:55,Analysts/Institutional Investor Meet/Con. Call Updates,Astral Poly Technik Limited has informed the Exchange about Analysts/Institutional Investor Meet/Con. Call Updates
12-Nov-2020 18:28:06,Analysts/Institutional Investor Meet/Con. Call Updates,Astral Poly Technik Limited has informed the Exchange about Analysts/Institutional Investor Meet/Con. Call Updates: Transcript of Earning Call
11-Nov-2020 10:47:01,Analysts/Institutional Investor Meet/Con. Call Updates,Astral Poly Technik Limited has informed the Exchange about Analysts/Institutional Investor Meet/Con. Call Updates
10-Nov-2020 10:50:57,Analysts/Institutional Investor Meet/Con. Call Updates,Astral Poly Technik Limited has informed the Exchange about Analysts/Institutional Investor Meet/Con. Call Updates
06-Nov-2020 16:15:01,Date of payment of dividend,Astral Poly Technik Limited has informed the Exchange about Date of payment of Interim dividend.
06-Nov-2020 15:54:57,Press Release,"Astral Poly Technik Limited has informed the Exchange regarding a press release dated November 06, 2020, titled ""Press release pertaining to Q2 Results""."
06-Nov-2020 15:52:21,Financial Result Updates,"Astral Poly Technik Limited has submitted to the Exchange, the financial results for the period ended September 30, 2020."
04-Nov-2020 14:43:25,Analysts/Institutional Investor Meet/Con. Call Updates,"Astral Poly Technik Limited has informed the Exchange about Analysts/Institutional Investor Meet/Con. Call Updates: Earning call on November 6, 2020."
30-Oct-2020 18:44:19,Updates,Astral Poly Technik Limited has informed the Exchange regarding 'Shareholders Communication-TDS on Dividend.'.
28-Oct-2020 22:23:34,Record Date,Astral Poly Technik Limited has informed the Exchange that Record date for the purpose of Dividend  is 14-Nov-2020.
10-Oct-2020 17:56:24,"Certificate under SEBI (Depositories and Participants) Regulations, 2018","Astral Poly Technik Limited has informed the Exchange about Certificate under SEBI (Depositories and Participants) Regulations, 2018- Certificate under Regulation 74(5) for the quarter ended September"
07-Oct-2020 17:26:31,Analysts/Institutional Investor Meet/Con. Call Updates,Astral Poly Technik Limited has informed the Exchange about Analysts/Institutional Investor Meet/Con. Call Updates
30-Sep-2020 10:16:13,Trading Window,"Astral Poly Technik Limited has informed the Exchange regarding the Trading Window closure pursuant to SEBI (Prohibition of Insider Trading) Regulations, 2015"
29-Sep-2020 14:48:27,Analysts/Institutional Investor Meet/Con. Call Updates,Astral Poly Technik Limited has informed the Exchange about Analysts/Institutional Investor Meet/Con. Call Updates
21-Sep-2020 11:53:02,Analysts/Institutional Investor Meet/Con. Call Updates,Astral Poly Technik Limited has informed the Exchange about Analysts/Institutional Investor Meet/Con. Call Updates
11-Sep-2020 12:08:27,Analysts/Institutional Investor Meet/Con. Call Updates,Astral Poly Technik Limited has informed the Exchange about Analysts/Institutional Investor Meet/Con. Call Updates
05-Sep-2020 15:02:43,Copy of Newspaper Publication,Astral Poly Technik Limited has informed the Exchange about Copy of Newspaper Publication- Transfer of Shares to Investor Education Protection Fund (IEPF).
03-Sep-2020 12:23:31,Analysts/Institutional Investor Meet/Con. Call Updates,Astral Poly Technik Limited has informed the Exchange about Analysts/Institutional Investor Meet/Con. Call Updates
01-Sep-2020 10:27:15,Analysts/Institutional Investor Meet/Con. Call Updates,Astral Poly Technik Limited has informed the Exchange about Analysts/Institutional Investor Meet/Con. Call Updates
25-Aug-2020 12:26:51,Change in Director(s),Astral Poly Technik Limited has informed the Exchange regarding Change in Director(s) of the company.
22-Aug-2020 15:56:06,Shareholders meeting,"Astral Poly Technik Limited has submitted the Exchange a copy Srutinizers report of  Annual General Meeting held on August 21, 2020. Further, the company has informed the Exchange regarding voting res"
21-Aug-2020 17:55:18,Shareholders meeting,"Astral Poly Technik Limited has informed the Exchange regarding Proceedings of Annual General Meeting held on August 21, 2020"
19-Aug-2020 10:58:00,Analysts/Institutional Investor Meet/Con. Call Updates,Astral Poly Technik Limited has informed the Exchange about Analysts/Institutional Investor Meet/Con. Call Updates
18-Aug-2020 09:15:20,Analysts/Institutional Investor Meet/Con. Call Updates,Astral Poly Technik Limited has informed the Exchange about Analysts/Institutional Investor Meet/Con. Call Updates
17-Aug-2020 09:14:47,Analysts/Institutional Investor Meet/Con. Call Updates,Astral Poly Technik Limited has informed the Exchange about Analysts/Institutional Investor Meet/Con. Call Updates
11-Aug-2020 12:54:33,Analysts/Institutional Investor Meet/Con. Call Updates,Astral Poly Technik Limited has informed the Exchange about Analysts/Institutional Investor Meet/Con. Call Updates
10-Aug-2020 16:03:39,Analysts/Institutional Investor Meet/Con. Call Updates,"Astral Poly Technik Limited has informed the Exchange about the Transcript of Earning call held on 5th August, 2020."
05-Aug-2020 14:09:55,ESOP/ESOS/ESPS,Astral Poly Technik Limited has informed the Exchange regarding Grant of 9310  Options.
04-Aug-2020 17:07:03,Press Release,"Astral Poly Technik Limited has informed the Exchange regarding a press release dated August 04, 2020, titled ""Press release for Unaudited Financial results for the quarter ended June 30, 2020.""."
04-Aug-2020 16:50:25,Financial Result Updates,"Astral Poly Technik Limited has submitted to the Exchange, the financial results for the period ended June 30, 2020."
31-Jul-2020 11:10:00,Analysts/Institutional Investor Meet/Con. Call Updates,Astral Poly Technik Limited has informed the Exchange about Analysts/Institutional Investor Meet/Con. Call Updates
29-Jul-2020 16:38:00,Copy of Newspaper Publication,Astral Poly Technik Limited has informed the Exchange about Copy of Newspaper Publication- 24th AGM of the Company
28-Jul-2020 23:00:00,Book Closure,Astral Poly Technik Limited has informed the Exchange that Register of Members & Share Transfer Books of the Company will remain closed from 15-Aug-2020 to 21-Aug-2020 for the purpose of Meeting.
28-Jul-2020 22:58:00,Shareholders meeting,"Astral Poly Technik Limited has informed the Exchange regarding Notice of Annual General Meeting to be held on August 21, 2020"
23-Jul-2020 18:31:00,Copy of Newspaper Publication,Astral Poly Technik Limited has informed the Exchange about Copy of Newspaper Publication- Notice for 24th Annual General Meeting of the Company.
22-Jul-2020 15:27:00,"Certificate under SEBI (Depositories and Participants) Regulations, 2018","Astral Poly Technik Limited has informed the Exchange about Certificate under SEBI (Depositories and Participants) Regulations, 2018"
14-Jul-2020 11:14:00,Analysts/Institutional Investor Meet/Con. Call Updates,Astral Poly Technik Limited has informed the Exchange about Analysts/Institutional Investor Meet/Con. Call Updates
10-Jul-2020 12:00:00,Change in Director(s),Astral Poly Technik Limited has informed the Exchange regarding Change in Director(s) of the company.- Resignation of Director.
10-Jul-2020 10:11:00,Analysts/Institutional Investor Meet/Con. Call Updates,Astral Poly Technik Limited has informed the Exchange about Analysts/Institutional Investor Meet/Con. Call Updates
08-Jul-2020 14:32:00,ESOP/ESOS/ESPS,Astral Poly Technik Limited has informed the Exchange regarding Allotment of 9310  Shares.
08-Jul-2020 14:29:00,Outcome of Board Meeting,"Astral Poly Technik Limited has informed the Exchange regarding  Board meeting held on July 08, 2020."
06-Jul-2020 14:01:00,Analysts/Institutional Investor Meet/Con. Call Updates,Astral Poly Technik Limited has informed the Exchange about Analysts/Institutional Investor Meet/Con. Call Updates
02-Jul-2020 10:20:00,Analysts/Institutional Investor Meet/Con. Call Updates,Astral Poly Technik Limited has informed the Exchange about Analysts/Institutional Investor Meet/Con. Call Updates
29-Jun-2020 12:25:00,Trading Window,"Astral Poly Technik Limited has informed the Exchange regarding the Trading Window closure pursuant to SEBI (Prohibition of Insider Trading) Regulations, 2015"
29-Jun-2020 11:02:00,Analysts/Institutional Investor Meet/Con. Call Updates,Astral Poly Technik Limited has informed the Exchange about Analysts/Institutional Investor Meet/Con. Call Updates
25-Jun-2020 09:40:00,Analysts/Institutional Investor Meet/Con. Call Updates,Astral Poly Technik Limited has informed the Exchange about Analysts/Institutional Investor Meet/Con. Call Updates
19-Jun-2020 11:05:00,Analysts/Institutional Investor Meet/Con. Call Updates,Astral Poly Technik Limited has informed the Exchange about Analysts/Institutional Investor Meet/Con. Call Updates
18-Jun-2020 09:03:00,Analysts/Institutional Investor Meet/Con. Call Updates,Astral Poly Technik Limited has informed the Exchange about Analysts/Institutional Investor Meet/Con. Call Updates
17-Jun-2020 09:14:00,Analysts/Institutional Investor Meet/Con. Call Updates,Astral Poly Technik Limited has informed the Exchange about Analysts/Institutional Investor Meet/Con. Call Updates
16-Jun-2020 09:25:00,Analysts/Institutional Investor Meet/Con. Call Updates,Astral Poly Technik Limited has informed the Exchange about Analysts/Institutional Investor Meet/Con. Call Updates
12-Jun-2020 17:59:00,Related Party Transactions,"Astral Poly Technik Limited has informed the Exchange about related Party Transactions on the consolidated basis for the half year ended 31st March, 2020."
09-Jun-2020 11:25:00,Analysts/Institutional Investor Meet/Con. Call Updates,Astral Poly Technik Limited has informed the Exchange about Analysts/Institutional Investor Meet/Con. Call Updates
08-Jun-2020 17:05:00,Analysts/Institutional Investor Meet/Con. Call Updates,Astral Poly Technik Limited has informed the Exchange about Analysts/Institutional Investor Meet/Con. Call Updates
06-Jun-2020 12:04:00,Analysts/Institutional Investor Meet/Con. Call Updates,Astral Poly Technik Limited has informed the Exchange about Analysts/Institutional Investor Meet/Con. Call Updates
05-Jun-2020 18:22:00,Updates,Astral Poly Technik Limited has informed the Exchange regarding 'Newspaper advertisement - Transfer of Shares to Investor EducationProtection Fund (IEPF).'.
05-Jun-2020 12:20:00,Analysts/Institutional Investor Meet/Con. Call Updates,Astral Poly Technik Limited has informed the Exchange regarding Analysts/Institutional Investor Meet/Con. Call Updates
04-Jun-2020 13:49:00,Analysts/Institutional Investor Meet/Con. Call Updates,Astral Poly Technik Limited has informed the Exchange regarding Analysts/Institutional Investor Meet/Con. Call Updates
03-Jun-2020 13:56:00,Analysts/Institutional Investor Meet/Con. Call Updates,Astral Poly Technik Limited has informed the Exchange regarding Analysts/Institutional Investor Meet/Con. Call Updates
01-Jun-2020 20:00:00,Disclosure under SEBI Takeover Regulations,"Promoters of Astral Poly Technik Limited has informed the exchange regarding disclosure under regulation 30(1) 30(2) and 31 (4) of SEBI (SAST) Regulations, 2011."
01-Jun-2020 17:11:00,Analysts/Institutional Investor Meet/Con. Call Updates,Astral Poly Technik Limited has informed the Exchange regarding Analysts/Institutional Investor Meet/Con. Call Updates
29-May-2020 09:57:00,Analysts/Institutional Investor Meet/Con. Call Updates,Astral Poly Technik Limited has informed the Exchange regarding Analysts/Institutional Investor Meet/Con. Call Updates
28-May-2020 13:20:00,Analysts/Institutional Investor Meet/Con. Call Updates,Astral Poly Technik Limited has informed the Exchange regarding Analysts/Institutional Investor Meet/Con. Call Updates
28-May-2020 09:56:00,Analysts/Institutional Investor Meet/Con. Call Updates,Astral Poly Technik Limited has informed the Exchange regarding Analysts/Institutional Investor Meet/Con. Call Updates
27-May-2020 20:04:00,Analysts/Institutional Investor Meet/Con. Call Updates,Astral Poly Technik Limited has informed the Exchange regarding Analysts/Institutional Investor Meet/Con. Call Updates- Investor webinar- recording.
27-May-2020 15:56:00,Analysts/Institutional Investor Meet/Con. Call Updates,Astral Poly Technik Limited has informed the Exchange regarding Analysts/Institutional Investor Meet/Con. Call Updates
27-May-2020 13:36:00,Analysts/Institutional Investor Meet/Con. Call Updates,Astral Poly Technik Limited has informed the Exchange regarding Analysts/Institutional Investor Meet/Con. Call Updates
26-May-2020 18:26:00,Investor Presentation,Astral Poly Technik Limited has informed the Exchange regarding Investor Presentation
25-May-2020 17:53:00,Press Release,"Astral Poly Technik Limited has informed the Exchange regarding a press release dated May 25, 2020, titled ""Press release pertaining to Audited Financial results of FY20. ""."
25-May-2020 17:19:55,Financial Result Updates,"Astral Poly Technik Limited has submitted to the Exchange, the financial results for the period ended March 31, 2020."
23-May-2020 17:35:00,Updates,Astral Poly Technik Limited has informed the Exchange regarding 'Annual Disclosure - Large Corporate - 2019/20'.
22-May-2020 09:58:00,Analysts/Institutional Investor Meet/Con. Call Updates,Astral Poly Technik Limited has informed the Exchange regarding Analysts/Institutional Investor Meet/Con. Call Updates
13-May-2020 10:51:00,Analysts/Institutional Investor Meet/Con. Call Updates,Astral Poly Technik Limited has informed the Exchange regarding Analysts/Institutional Investor Meet/Con. Call Updates
07-May-2020 18:22:00,Updates,Astral Poly Technik Limited has informed the Exchange regarding 'Re-starting of Plant Operations - Update'.
23-Apr-2020 11:19:00,Updates,Astral Poly Technik Limited has informed the Exchange regarding 'Re-starting of Plant operations'.
17-Apr-2020 17:19:00,Updates,"Astral Poly Technik Limited has informed the Exchange regarding 'Certificate under Regulation 74(5) of the SEBI (Depositories and Participants) Regulations, 2018 for the quarter ended 31st March, 2020"
30-Mar-2020 12:36:00,Trading Window,"Astral Poly Technik Limited has informed the Exchange regarding the Trading Window closure pursuant to SEBI (Prohibition of Insider Trading) Regulations, 2015"
24-Mar-2020 16:22:00,Analysts/Institutional Investor Meet/Con. Call Updates,Astral Poly Technik Limited has informed the Exchange regarding Analysts/Institutional Investor Meet/Con. Call Updates
24-Mar-2020 13:07:00,Analysts/Institutional Investor Meet/Con. Call Updates,Astral Poly Technik Limited has informed the Exchange regarding Analysts/Institutional Investor Meet/Con. Call Updates
23-Mar-2020 23:45:00,Updates,Astral Poly Technik Limited has informed the Exchange regarding 'Temporary shut down of plants and offices due to Covid19 pendamic'.
13-Mar-2020 15:58:00,Analysts/Institutional Investor Meet/Con. Call Updates,Astral Poly Technik Limited has informed the Exchange regarding Analysts/Institutional Investor Meet/Con. Call Updates
11-Mar-2020 11:39:00,Analysts/Institutional Investor Meet/Con. Call Updates,Astral Poly Technik Limited has informed the Exchange regarding Analysts/Institutional Investor Meet/Con. Call Updates
03-Mar-2020 10:31:00,Analysts/Institutional Investor Meet/Con. Call Updates,Astral Poly Technik Limited has informed the Exchange regarding Analysts/Institutional Investor Meet/Con. Call Updates
02-Mar-2020 10:58:00,Analysts/Institutional Investor Meet/Con. Call Updates,Astral Poly Technik Limited has informed the Exchange regarding Analysts/Institutional Investor Meet/Con. Call Updates
27-Feb-2020 19:09:00,Analysts/Institutional Investor Meet/Con. Call Updates,Astral Poly Technik Limited has informed the Exchange regarding Analysts/Institutional Investor Meet/Con. Call Updates
25-Feb-2020 14:46:00,Analysts/Institutional Investor Meet/Con. Call Updates,Astral Poly Technik Limited has informed the Exchange regarding Analysts/Institutional Investor Meet/Con. Call Updates
25-Feb-2020 10:51:00,Analysts/Institutional Investor Meet/Con. Call Updates,Astral Poly Technik Limited has informed the Exchange regarding Analysts/Institutional Investor Meet/Con. Call Updates
19-Feb-2020 15:03:00,Acquisition,Astral Poly Technik Limited has informed the Exchange about Incorporation of Section 8 Company for CSR.
18-Feb-2020 10:33:00,Analysts/Institutional Investor Meet/Con. Call Updates,Astral Poly Technik Limited has informed the Exchange regarding Analysts/Institutional Investor Meet/Con. Call Updates- Transcript of Earnings Call.
11-Feb-2020 18:03:00,Outcome of Board Meeting,"Astral Poly Technik Limited has informed the Exchange regarding  Board meeting held on February 11, 2020."
11-Feb-2020 17:01:00,Press Release,"Astral Poly Technik Limited has informed the Exchange regarding a press release dated February 11, 2020, titled ""Press Release for Unaudited Financial Results of the Company for the quarter and nine m"
11-Feb-2020 16:58:00,Dividend,"Astral Poly Technik Limited has informed the Exchange that the Board of Directors of the Company at its meeting held on February 11, 2020 has payment of Interim dividend @ Rs. 0.60/-per equity Shares "
11-Feb-2020 16:11:41,Financial Result Updates,"Astral Poly Technik Limited has submitted to the Exchange, the financial results for the period ended December 31, 2019."
11-Feb-2020 09:46:00,Analysts/Institutional Investor Meet/Con. Call Updates,"Astral Poly Technik Limited has informed the Exchange regarding Analysts/Institutional Investor Meet/Con. Call Updates- Earning call on 12th February, 2020."
05-Feb-2020 19:09:00,Record Date,"Astral Poly Technik Limited has informed the Exchange that the Company has fixed Record Date as February 19, 2020 for the purpose of Payment of Interim dividend"
30-Jan-2020 10:27:00,Analysts/Institutional Investor Meet/Con. Call Updates,Astral Poly Technik Limited has informed the Exchange regarding Analysts/Institutional Investor Meet/Con. Call Updates
28-Jan-2020 16:25:00,Change in Director(s),Astral Poly Technik Limited has informed the Exchange regarding Change in Director(s) of the company.- Cessation of Independent Director pursuant to expiry of tenure.
17-Jan-2020 19:06:00,Updates,"Astral Poly Technik Limited has informed the Exchange regarding 'Certificate under Regulation 74(5) of the SEBI (Depositories andParticipants) Regulations, 2018 for the quarter ended 31st December, 20"
10-Jan-2020 11:58:00,Analysts/Institutional Investor Meet/Con. Call Updates,Astral Poly Technik Limited has informed the Exchange regarding Analysts/Institutional Investor Meet/Con. Call Updates
09-Jan-2020 11:19:00,Analysts/Institutional Investor Meet/Con. Call Updates,Astral Poly Technik Limited has informed the Exchange regarding Analysts/Institutional Investor Meet/Con. Call Updates
08-Jan-2020 15:33:00,Analysts/Institutional Investor Meet/Con. Call Updates,Astral Poly Technik Limited has informed the Exchange regarding Analysts/Institutional Investor Meet/Con. Call Updates
30-Dec-2019 11:41:00,Trading Window,"Astral Poly Technik Limited has informed the Exchange regarding the Trading Window closure pursuant to SEBI (Prohibition of Insider Trading) Regulations, 2015"
30-Dec-2019 11:07:00,Analysts/Institutional Investor Meet/Con. Call Updates,Astral Poly Technik Limited has informed the Exchange regarding Analysts/Institutional Investor Meet/Con. Call Updates
20-Dec-2019 14:28:00,Analysts/Institutional Investor Meet/Con. Call Updates,Astral Poly Technik Limited has informed the Exchange regarding Analysts/Institutional Investor Meet/Con. Call Updates
06-Dec-2019 09:34:00,Analysts/Institutional Investor Meet/Con. Call Updates,Astral Poly Technik Limited has informed the Exchange regarding Analysts/Institutional Investor Meet/Con. Call Updates
04-Dec-2019 11:22:00,Analysts/Institutional Investor Meet/Con. Call Updates,Astral Poly Technik Limited has informed the Exchange regarding Analysts/Institutional Investor Meet/Con. Call Updates
02-Dec-2019 11:05:00,Analysts/Institutional Investor Meet/Con. Call Updates,Astral Poly Technik Limited has informed the Exchange regarding Analysts/Institutional Investor Meet/Con. Call Updates
29-Nov-2019 11:25:00,Analysts/Institutional Investor Meet/Con. Call Updates,Astral Poly Technik Limited has informed the Exchange regarding Analysts/Institutional Investor Meet/Con. Call Updates
26-Nov-2019 18:28:00,Analysts/Institutional Investor Meet/Con. Call Updates,Astral Poly Technik Limited has informed the Exchange regarding Analysts/Institutional Investor Meet/Con. Call Updates
22-Nov-2019 11:23:00,Analysts/Institutional Investor Meet/Con. Call Updates,Astral Poly Technik Limited has informed the Exchange regarding Analysts/Institutional Investor Meet/Con. Call Updates
21-Nov-2019 11:14:00,Analysts/Institutional Investor Meet/Con. Call Updates,Astral Poly Technik Limited has informed the Exchange regarding Analysts/Institutional Investor Meet/Con. Call Updates
20-Nov-2019 16:51:00,Analysts/Institutional Investor Meet/Con. Call Updates,Astral Poly Technik Limited has informed the Exchange regarding Analysts/Institutional Investor Meet/Con. Call Updates
13-Nov-2019 18:07:00,Analysts/Institutional Investor Meet/Con. Call Updates,Astral Poly Technik Limited has informed the Exchange regarding Analysts/Institutional Investor Meet/Con. Call Updates
09-Nov-2019 18:17:00,Analysts/Institutional Investor Meet/Con. Call Updates,Astral Poly Technik Limited has informed the Exchange regarding Analysts/Institutional Investor Meet/Con. Call Updates
08-Nov-2019 15:08:00,Analysts/Institutional Investor Meet/Con. Call Updates,Astral Poly Technik Limited has informed the Exchange regarding Analysts/Institutional Investor Meet/Con. Call Updates
07-Nov-2019 15:58:00,Investor Presentation,Astral Poly Technik Limited has informed the Exchange regarding Investor Presentation- November 2019.
06-Nov-2019 15:19:00,Related Party Transactions,"Astral Poly Technik Limited has informed the Exchange regarding Disclosure of Consolidated Related Party Transaction under regulation 23(9) of SEBI LODR,Regulations, 2015."
06-Nov-2019 14:24:00,Analysts/Institutional Investor Meet/Con. Call Updates,Astral Poly Technik Limited has informed the Exchange regarding Analysts/Institutional Investor Meet/Con. Call Updates
31-Oct-2019 12:40:00,Analysts/Institutional Investor Meet/Con. Call Updates,Astral Poly Technik Limited has informed the Exchange regarding Analysts/Institutional Investor Meet/Con. Call Updates- Transcript of earning call
25-Oct-2019 13:22:00,Updates,Astral Poly Technik Limited has informed the Exchange regarding 'Updates on appointment of new director'.
25-Oct-2019 10:39:00,ESOP/ESOS/ESPS,Astral Poly Technik Limited has informed the Exchange regarding Grant of 9310  Options.
24-Oct-2019 19:22:00,Outcome of Board Meeting,"Astral Poly Technik Limited has informed the Exchange regarding  Board meeting held on October 24, 2019."
24-Oct-2019 17:16:00,Press Release,"Astral Poly Technik Limited has informed the Exchange regarding a press release dated October 24, 2019, titled ""Press release for Unaudited result for quarter and half year ended 30th September 2019""."
24-Oct-2019 16:19:00,Dividend,"Astral Poly Technik Limited has informed the Exchange that the Board of Directors of the Company at its meeting held on October 24, 2019 has approved payment of Interim dividend @ Re. 0.40/-per equity"
24-Oct-2019 15:56:27,Financial Result Updates,"Astral Poly Technik Limited has submitted to the Exchange, the financial results for the period ended September 30, 2019."
24-Oct-2019 10:03:00,Analysts/Institutional Investor Meet/Con. Call Updates,Astral Poly Technik Limited has informed the Exchange regarding Analysts/Institutional Investor Meet/Con. Call Updates
15-Oct-2019 18:28:00,Updates,"Astral Poly Technik Limited has informed the Exchange regarding 'Certificate under Regulation 74(5) of the SEBI (Depositories and Participants) Regulations, 2018 for the quarter ended 30th September, "
14-Oct-2019 13:08:00,Record Date,"Astral Poly Technik Limited has informed the Exchange that the Company has fixed Record Date as November 2, 2019 for the purpose of Interim Dividend"
07-Oct-2019 14:41:00,Analysts/Institutional Investor Meet/Con. Call Updates,Astral Poly Technik Limited has informed the Exchange regarding Analysts/Institutional Investor Meet/Con. Call Updates
03-Oct-2019 15:14:00,Analysts/Institutional Investor Meet/Con. Call Updates,Astral Poly Technik Limited has informed the Exchange regarding Analysts/Institutional Investor Meet/Con. Call Updates
30-Sep-2019 12:43:00,Trading Window,"Astral Poly Technik Limited has informed the Exchange regarding the Trading Window closure pursuant to SEBI (Prohibition of Insider Trading) Regulations, 2015"
27-Sep-2019 14:48:00,Analysts/Institutional Investor Meet/Con. Call Updates,Astral Poly Technik Limited has informed the Exchange regarding Analysts/Institutional Investor Meet/Con. Call Updates
27-Sep-2019 10:01:00,Updates,Astral Poly Technik Limited has informed the Exchange regarding 'Updates on Bonus Shares Allotment'.
25-Sep-2019 14:02:00,Analysts/Institutional Investor Meet/Con. Call Updates,Astral Poly Technik Limited has informed the Exchange regarding Analysts/Institutional Investor Meet/Con. Call Updates
19-Sep-2019 13:13:00,Allotment of Securities,"Astral Poly Technik Limited has informed the Exchange regarding allotment of 30132441 securities pursuant to Bonus at its meeting held on September 19, 2019"
17-Sep-2019 10:44:00,Analysts/Institutional Investor Meet/Con. Call Updates,Astral Poly Technik Limited has informed the Exchange regarding Analysts/Institutional Investor Meet/Con. Call Updates
12-Sep-2019 12:59:00,Analysts/Institutional Investor Meet/Con. Call Updates,Astral Poly Technik Limited has informed the Exchange regarding Analysts/Institutional Investor Meet/Con. Call Updates
11-Sep-2019 10:35:00,Analysts/Institutional Investor Meet/Con. Call Updates,Astral Poly Technik Limited has informed the Exchange regarding Analysts/Institutional Investor Meet/Con. Call Updates
07-Sep-2019 13:34:00,Shareholders meeting,"Astral Poly Technik Limited has submitted the Exchange a copy Srutinizers report of  Postal Ballot. Further, the company has informed the Exchange regarding voting results."
06-Sep-2019 15:32:00,Analysts/Institutional Investor Meet/Con. Call Updates,Astral Poly Technik Limited has informed the Exchange regarding Analysts/Institutional Investor Meet/Con. Call Updates
04-Sep-2019 10:05:00,Analysts/Institutional Investor Meet/Con. Call Updates,Astral Poly Technik Limited has informed the Exchange regarding Analysts/Institutional Investor Meet/Con. Call Updates
26-Aug-2019 17:08:00,Analysts/Institutional Investor Meet/Con. Call Updates,Astral Poly Technik Limited has informed the Exchange regarding Analysts/Institutional Investor Meet/Con. Call Updates
17-Aug-2019 17:53:00,Analysts/Institutional Investor Meet/Con. Call Updates,Astral Poly Technik Limited has informed the Exchange regarding Analysts/Institutional Investor Meet/Con. Call Updates
13-Aug-2019 09:36:00,Record Date,"Astral Poly Technik Limited has informed the Exchange that the Company has fixed Record Date as September 17, 2019 for the purpose of ascertaining the eligibility of shareholders entitled for issuance"
12-Aug-2019 11:40:00,Analysts/Institutional Investor Meet/Con. Call Updates,Astral Poly Technik Limited has informed the Exchange regarding Analysts/Institutional Investor Meet/Con. Call Updates
09-Aug-2019 18:49:00,Analysts/Institutional Investor Meet/Con. Call Updates,Astral Poly Technik Limited has informed the Exchange regarding Analysts/Institutional Investor Meet/Con. Call Updates
08-Aug-2019 18:28:00,Updates,Astral Poly Technik Limited has informed the Exchange regarding 'Newspaper Advertisement for Dispatch of Postal Ballot Notice'.
07-Aug-2019 17:01:00,Shareholders meeting,Astral Poly Technik Limited has informed the Exchange regarding Notice of Postal Ballot
03-Aug-2019 18:36:00,Shareholders meeting,"Astral Poly Technik Limited has submitted the Exchange a copy Srutinizers report of  Annual General Meeting held on August 02, 2019. Further, the company has informed the Exchange regarding voting res"
02-Aug-2019 16:57:00,Shareholders meeting,"Astral Poly Technik Limited has informed the Exchange regarding Proceedings of Annual General Meeting held on August 02, 2019"
02-Aug-2019 16:16:00,Bonus,"Astral Poly Technik Limited has informed the Exchange that the Board of Directors of the Company at its Meeting held on August 02, 2019 has recommended issue of bonus equity shares in the proportion o"
02-Aug-2019 16:05:00,Press Release,"Astral Poly Technik Limited has informed the Exchange regarding a press release dated August 02, 2019, titled ""Press Release with respect to Unaudited Financial Results of the Company for the quarter "
02-Aug-2019 15:47:37,Financial Result Updates,"Astral Poly Technik Limited has submitted to the Exchange, the financial results for the period ended June 30, 2019."
31-Jul-2019 18:45:00,Analysts/Institutional Investor Meet/Con. Call Updates,Astral Poly Technik Limited has informed the Exchange regarding Analysts/Institutional Investor Meet/Con. Call Updates
10-Jul-2019 20:04:00,Updates,Astral Poly Technik Limited has informed the Exchange regarding 'Newspaper Advertisement for Book Closure and AGM'.
09-Jul-2019 17:10:00,AGM/Book Closure,"Astral Poly Technik Limited has informed the Exchange that the Register of Members and Share Transfer Books of the Company shall remain closed from July 27, 2019 to August 2, 2019(both days inclusive)"
09-Jul-2019 13:10:00,Analysts/Institutional Investor Meet/Con. Call Updates,Astral Poly Technik Limited has informed the Exchange regarding Analysts/Institutional Investor Meet/Con. Call Updates
09-Jul-2019 12:34:00,Shareholders meeting,"Astral Poly Technik Limited has informed the Exchange regarding Notice of Annual General Meeting to be held on August 02, 2019"
02-Jul-2019 16:35:00,Analysts/Institutional Investor Meet/Con. Call Updates,Astral Poly Technik Limited has informed the Exchange regarding Analysts/Institutional Investor Meet/Con. Call Updates
01-Jul-2019 10:55:00,Analysts/Institutional Investor Meet/Con. Call Updates,Astral Poly Technik Limited has informed the Exchange regarding Analysts/Institutional Investor Meet/Con. Call Updates
29-Jun-2019 19:10:00,Trading Window,"Astral Poly Technik Limited has informed the Exchange regarding the Trading Window closure pursuant to SEBI (Prohibition of Insider Trading) Regulations, 2015"
29-Jun-2019 19:06:00,ESOP/ESOS/ESPS,Astral Poly Technik Limited has informed the Exchange regarding Grant of 7450  Options.
29-Jun-2019 18:50:00,Outcome of Board Meeting,"Astral Poly Technik Limited has informed the Exchange regarding Outcome of Board Meeting held on Jun 29, 2019."
25-Jun-2019 13:59:00,Analysts/Institutional Investor Meet/Con. Call Updates,Astral Poly Technik Limited has informed the Exchange regarding Analysts/Institutional Investor Meet/Con. Call Updates
14-Jun-2019 17:11:00,Related Party Transactions,Astral Poly Technik Limited has informed the Exchange regarding Disclosure of Related Party Transactions.
14-Jun-2019 17:11:00,Related Party Transactions,Astral Poly Technik Limited has informed the Exchange regarding Disclosure of Related Party Transactions.
13-Jun-2019 14:41:00,Analysts/Institutional Investor Meet/Con. Call Updates,Astral Poly Technik Limited has informed the Exchange regarding Analysts/Institutional Investor Meet/Con. Call Updates
10-Jun-2019 18:44:00,Analysts/Institutional Investor Meet/Con. Call Updates,Astral Poly Technik Limited has informed the Exchange regarding Analysts/Institutional Investor Meet/Con. Call Updates
06-Jun-2019 10:18:00,Analysts/Institutional Investor Meet/Con. Call Updates,Astral Poly Technik Limited has informed the Exchange regarding Analysts/Institutional Investor Meet/Con. Call Updates
03-Jun-2019 12:44:00,Investor Presentation,Astral Poly Technik Limited has informed the Exchange regarding Investor Presentation
03-Jun-2019 11:19:00,Analysts/Institutional Investor Meet/Con. Call Updates,Astral Poly Technik Limited has informed the Exchange regarding Analysts/Institutional Investor Meet/Con. Call Updates
30-May-2019 09:13:00,Analysts/Institutional Investor Meet/Con. Call Updates,Astral Poly Technik Limited has informed the Exchange regarding Analysts/Institutional Investor Meet/Con. Call Updates
28-May-2019 15:41:00,Analysts/Institutional Investor Meet/Con. Call Updates,Astral Poly Technik Limited has informed the Exchange regarding Analysts/Institutional Investor Meet/Con. Call Updates
27-May-2019 08:50:00,Analysts/Institutional Investor Meet/Con. Call Updates,Astral Poly Technik Limited has informed the Exchange regarding Analysts/Institutional Investor Meet/Con. Call Updates
22-May-2019 17:35:00,Investor Presentation,Astral Poly Technik Limited has informed the Exchange regarding Investor Presentation
22-May-2019 12:10:00,Analysts/Institutional Investor Meet/Con. Call Updates,Astral Poly Technik Limited has informed the Exchange regarding Analysts/Institutional Investor Meet/Con. Call Updates
20-May-2019 18:37:00,Press Release,"Astral Poly Technik Limited has informed the Exchange regarding a press release dated May 20, 2019, titled ""Press Release with respect to Audited Financial Results of the Company for the year ended on"
20-May-2019 17:05:00,Outcome of Board Meeting,"Astral Poly Technik Limited has informed the Exchange regarding  Board meeting held on May 20, 2019."
20-May-2019 16:32:00,Dividend,"Astral Poly Technik Limited has informed the Exchange that Board of Directors at its meeting held on May 20, 2019, recommended Final Dividend of Rs. 0.40 per equity share."
20-May-2019 16:25:56,Financial Result Updates,"Astral Poly Technik Limited has submitted to the Exchange, the financial results for the period ended March 31, 2019."
16-May-2019 10:29:00,Analysts/Institutional Investor Meet/Con. Call Updates,Astral Poly Technik Limited has informed the Exchange regarding Analysts/Institutional Investor Meet/Con. Call Updates
10-May-2019 15:04:00,Updates,Astral Poly Technik Limited has informed the Exchange regarding 'Updates On Scheme Of Amalgamation'.
09-May-2019 16:35:00,Analysts/Institutional Investor Meet/Con. Call Updates,Astral Poly Technik Limited has informed the Exchange regarding Analysts/Institutional Investor Meet/Con. Call Updates
04-May-2019 15:43:00,Updates,Astral Poly Technik Limited has informed the Exchange regarding 'Updates On Scheme Of Amalgamation'.
16-Apr-2019 18:45:00,Disc. under Reg.30 of SEBI (SAST) Reg.2011,"Hansa P Engineer, Jagruti Engineer,Kairav Chemicals Limited, Sandeep Engineer��has submitted to the Exchange a copy of disclosure under Regulation 30(1) and 30(2) of SEBI (Substantial Acquisition of S"
15-Apr-2019 11:30:00,Analysts/Institutional Investor Meet/Con. Call Updates,Astral Poly Technik Limited has informed the Exchange regarding Analysts/Institutional Investor Meet/Con. Call Updates
11-Apr-2019 10:44:00,Analysts/Institutional Investor Meet/Con. Call Updates,Astral Poly Technik Limited has informed the Exchange regarding Analysts/Institutional Investor Meet/Con. Call Updates
08-Apr-2019 11:47:00,Analysts/Institutional Investor Meet/Con. Call Updates,Astral Poly Technik Limited has informed the Exchange regarding Analysts/Institutional Investor Meet/Con. Call Updates
03-Apr-2019 16:35:00,Trading Window,"Astral Poly Technik Limited has informed the Exchange regarding the Trading Window closure pursuant to SEBI (Prohibition of Insider Trading) Regulations, 2015"
30-Mar-2019 18:41:00,Analysts/Institutional Investor Meet/Con. Call Updates,Astral Poly Technik Limited has informed the Exchange regarding Analysts/Institutional Investor Meet/Con. Call Updates
29-Mar-2019 17:50:00,Outcome of Board Meeting,"Astral Poly Technik Limited has informed the Exchange regarding Outcome of Board Meeting held on March 29, 2019."
25-Mar-2019 18:56:00,Analysts/Institutional Investor Meet/Con. Call Updates,Astral Poly Technik Limited has informed the Exchange regarding Analysts/Institutional Investor Meet/Con. Call Updates
15-Mar-2019 10:48:00,Analysts/Institutional Investor Meet/Con. Call Updates,Astral Poly Technik Limited has informed the Exchange regarding Analysts/Institutional Investor Meet/Con. Call Updates
08-Mar-2019 11:34:00,Shareholders meeting,"Astral Poly Technik Limited has submitted the Exchange a copy Srutinizers report of  Court Convened General Meeting held on March 06, 2019. Further, the company has informed the Exchange regarding vot"
06-Mar-2019 17:32:00,Shareholders meeting,"Astral Poly Technik Limited has informed the Exchange regarding Proceedings of Court Convened General Meeting held on March 06, 2019"
01-Mar-2019 12:05:00,Analysts/Institutional Investor Meet/Con. Call Updates,Astral Poly Technik Limited has informed the Exchange regarding Analysts/Institutional Investor Meet/Con. Call Updates
16-Feb-2019 18:51:00,Updates,"Astral Poly Technik Limited has informed the Exchange regarding 'Transcript of Earnings Call held on 12th February, 2019'."
13-Feb-2019 18:01:00,Analysts/Institutional Investor Meet/Con. Call Updates,Astral Poly Technik Limited has informed the Exchange regarding Analysts/Institutional Investor Meet/Con. Call Updates
12-Feb-2019 19:06:00,Analysts/Institutional Investor Meet/Con. Call Updates,Astral Poly Technik Limited has informed the Exchange regarding Analysts/Institutional Investor Meet/Con. Call Updates
12-Feb-2019 10:44:00,Analysts/Institutional Investor Meet/Con. Call Updates,Astral Poly Technik Limited has informed the Exchange regarding Analysts/Institutional Investor Meet/Con. Call Updates
11-Feb-2019 16:53:00,Press Release,"Astral Poly Technik Limited has informed the Exchange regarding a press release dated February 11, 2019, titled ""Press Release pertaining to unaudited financial results for the quarter and nine months"
11-Feb-2019 15:51:19,Financial Result Updates,"Astral Poly Technik Limited has submitted to the Exchange, the financial results for the period ended December 31, 2018."
11-Feb-2019 10:52:00,Analysts/Institutional Investor Meet/Con. Call Updates,Astral Poly Technik Limited has informed the Exchange regarding Analysts/Institutional Investor Meet/Con. Call Updates
02-Feb-2019 19:03:00,Updates,Astral Poly Technik Limited has informed the Exchange regarding 'Newspaper Advertisement of Notice of NCLT Convened Meeting'.
02-Feb-2019 14:49:00,Corporate Insolvency Resolution Process,Astral Poly Technik Limited has informed the Exchange that notices of the National Company Law Tribunal (NCLT) Convened Meetings of the Company.
01-Feb-2019 17:45:00,Shareholders meeting,"Astral Poly Technik Limited has informed the Exchange regarding Notice of Court Convened General Meeting to be held on March 06, 2019 (NCLT Convened Meeting)"
29-Jan-2019 18:21:00,Analysts/Institutional Investor Meet/Con. Call Updates,Astral Poly Technik Limited has informed the Exchange regarding Analysts/Institutional Investor Meet/Con. Call Updates
23-Jan-2019 16:58:00,Analysts/Institutional Investor Meet/Con. Call Updates,Astral Poly Technik Limited has informed the Exchange regarding Analysts/Institutional Investor Meet/Con. Call Updates
22-Jan-2019 12:35:00,Analysts/Institutional Investor Meet/Con. Call Updates,Astral Poly Technik Limited has informed the Exchange regarding Analysts/Institutional Investor Meet/Con. Call Updates
16-Jan-2019 18:11:00,Credit Rating,Astral Poly Technik Limited has informed the Exchange regarding Credit Rating
10-Jan-2019 12:52:00,Analysts/Institutional Investor Meet/Con. Call Updates,Astral Poly Technik Limited has informed the Exchange regarding Analysts/Institutional Investor Meet/Con. Call Updates
08-Jan-2019 11:19:00,Analysts/Institutional Investor Meet/Con. Call Updates,Astral Poly Technik Limited has informed the Exchange regarding Analysts/Institutional Investor Meet/Con. Call Updates
07-Jan-2019 14:55:00,Analysts/Institutional Investor Meet/Con. Call Updates,Astral Poly Technik Limited has informed the Exchange regarding Analysts/Institutional Investor Meet/Con. Call Updates
04-Jan-2019 10:26:00,Analysts/Institutional Investor Meet/Con. Call Updates,Astral Poly Technik Limited has informed the Exchange regarding Analysts/Institutional Investor Meet/Con. Call Updates
26-Dec-2018 16:09:00,Analysts/Institutional Investor Meet/Con. Call Updates,Astral Poly Technik Limited has informed the Exchange regarding Analysts/Institutional Investor Meet/Con. Call Updates
21-Dec-2018 14:33:00,Analysts/Institutional Investor Meet/Con. Call Updates,Astral Poly Technik Limited has informed the Exchange regarding Analysts/Institutional Investor Meet/Con. Call Updates
17-Dec-2018 11:59:00,Analysts/Institutional Investor Meet/Con. Call Updates,Astral Poly Technik Limited has informed the Exchange regarding Analysts/Institutional Investor Meet/Con. Call Updates
07-Dec-2018 11:40:00,Analysts/Institutional Investor Meet/Con. Call Updates,Astral Poly Technik Limited has informed the Exchange regarding Analysts/Institutional Investor Meet/Con. Call Updates
06-Dec-2018 14:50:00,Analysts/Institutional Investor Meet/Con. Call Updates,Astral Poly Technik Limited has informed the Exchange regarding Analysts/Institutional Investor Meet/Con. Call Updates
04-Dec-2018 17:59:00,Analysts/Institutional Investor Meet/Con. Call Updates,Astral Poly Technik Limited has informed the Exchange regarding Analysts/Institutional Investor Meet/Con. Call Updates
30-Nov-2018 10:40:00,Analysts/Institutional Investor Meet/Con. Call Updates,Astral Poly Technik Limited has informed the Exchange regarding Analysts/Institutional Investor Meet/Con. Call Updates
27-Nov-2018 11:14:00,Analysts/Institutional Investor Meet/Con. Call Updates,Astral Poly Technik Limited has informed the Exchange regarding Analysts/Institutional Investor Meet/Con. Call Updates
23-Nov-2018 17:26:00,Allotment of Securities,"Astral Poly Technik Limited has informed the Exchange regarding allotment of 19600 securities pursuant to ESOP/ESPS at its meeting held on November 23, 2018"
21-Nov-2018 12:09:00,Analysts/Institutional Investor Meet/Con. Call Updates,Astral Poly Technik Limited has informed the Exchange regarding Analysts/Institutional Investor Meet/Con. Call Updates
20-Nov-2018 11:12:00,Analysts/Institutional Investor Meet/Con. Call Updates,Astral Poly Technik Limited has informed the Exchange regarding Analysts/Institutional Investor Meet/Con. Call Updates
19-Nov-2018 18:53:00,Analysts/Institutional Investor Meet/Con. Call Updates,Astral Poly Technik Limited has informed the Exchange regarding Analysts/Institutional Investor Meet/Con. Call Updates
19-Nov-2018 11:19:00,Analysts/Institutional Investor Meet/Con. Call Updates,Astral Poly Technik Limited has informed the Exchange regarding Analysts/Institutional Investor Meet/Con. Call Updates
16-Nov-2018 10:27:00,Analysts/Institutional Investor Meet/Con. Call Updates,Astral Poly Technik Limited has informed the Exchange regarding Analysts/Institutional Investor Meet/Con. Call Updates
14-Nov-2018 16:07:00,Press Release,"Astral Poly Technik Limited has informed the Exchange regarding a press release dated November 14, 2018, titled ""Press Release pertaining to the financial results for the quarter and half year ended o"
14-Nov-2018 15:57:40,Financial Result Updates,"Astral Poly Technik Limited has submitted to the Exchange, the financial results for the period ended September 30, 2018."
14-Nov-2018 15:52:00,Dividend,"Astral Poly Technik Limited has informed the Exchange that Board of Directors at its meeting held on November 14, 2018, declared Interim Dividend of Rs. 0.30 per equity share."
13-Nov-2018 16:27:00,Analysts/Institutional Investor Meet/Con. Call Updates,Astral Poly Technik Limited has informed the Exchange regarding Analysts/Institutional Investor Meet/Con. Call Updates
01-Nov-2018 17:51:00,Record Date,"Astral Poly Technik Limited has informed the Exchange that the Company has fixed Record Date as November 22, 2018 for the purpose of Payment of Interim Dividend"
11-Oct-2018 10:56:00,Analysts/Institutional Investor Meet/Con. Call Updates,Astral Poly Technik Limited has informed the Exchange regarding Analysts/Institutional Investor Meet/Con. Call Updates
10-Oct-2018 10:54:00,Analysts/Institutional Investor Meet/Con. Call Updates,Astral Poly Technik Limited has informed the Exchange regarding Analysts/Institutional Investor Meet/Con. Call Updates
05-Oct-2018 13:24:00,Analysts/Institutional Investor Meet/Con. Call Updates,Astral Poly Technik Limited has informed the Exchange regarding Analysts/Institutional Investor Meet/Con. Call Updates
04-Oct-2018 07:35:00,Analysts/Institutional Investor Meet/Con. Call Updates,Astral Poly Technik Limited has informed the Exchange regarding Analysts/Institutional Investor Meet/Con. Call Updates
03-Oct-2018 15:48:00,Analysts/Institutional Investor Meet/Con. Call Updates,Astral Poly Technik Limited has informed the Exchange regarding Analysts/Institutional Investor Meet/Con. Call Updates
03-Oct-2018 12:36:00,Analysts/Institutional Investor Meet/Con. Call Updates,Astral Poly Technik Limited has informed the Exchange regarding Analysts/Institutional Investor Meet/Con. Call Updates
01-Oct-2018 10:38:00,Analysts/Institutional Investor Meet/Con. Call Updates,Astral Poly Technik Limited has informed the Exchange regarding Analysts/Institutional Investor Meet/Con. Call Updates
28-Sep-2018 16:59:00,Analysts/Institutional Investor Meet/Con. Call Updates,Astral Poly Technik Limited has informed the Exchange regarding Analysts/Institutional Investor Meet/Con. Call Updates
27-Sep-2018 11:14:00,Analysts/Institutional Investor Meet/Con. Call Updates,Astral Poly Technik Limited has informed the Exchange regarding Analysts/Institutional Investor Meet/Con. Call Updates
26-Sep-2018 08:49:00,Analysts/Institutional Investor Meet/Con. Call Updates,Astral Poly Technik Limited has informed the Exchange regarding Analysts/Institutional Investor Meet/Con. Call Updates
22-Sep-2018 18:11:00,Investor Presentation,Astral Poly Technik Limited has informed the Exchange regarding Investor Presentation
22-Sep-2018 15:42:00,Analysts/Institutional Investor Meet/Con. Call Updates,Astral Poly Technik Limited has informed the Exchange regarding Analysts/Institutional Investor Meet/Con. Call Updates
21-Sep-2018 17:01:00,Analysts/Institutional Investor Meet/Con. Call Updates,Astral Poly Technik Limited has informed the Exchange regarding Analysts/Institutional Investor Meet/Con. Call Updates
11-Sep-2018 14:03:00,Analysts/Institutional Investor Meet/Con. Call Updates,Astral Poly Technik Limited has informed the Exchange regarding Analysts/Institutional Investor Meet/Con. Call Updates
10-Sep-2018 11:28:00,Analysts/Institutional Investor Meet/Con. Call Updates,Astral Poly Technik Limited has informed the Exchange regarding Analysts/Institutional Investor Meet/Con. Call Updates
06-Sep-2018 11:10:00,Analysts/Institutional Investor Meet/Con. Call Updates,Astral Poly Technik Limited has informed the Exchange regarding Analysts/Institutional Investor Meet/Con. Call Updates
31-Aug-2018 10:21:00,Analysts/Institutional Investor Meet/Con. Call Updates,Astral Poly Technik Limited has informed the Exchange regarding Analysts/Institutional Investor Meet/Con. Call Updates
27-Aug-2018 12:52:00,Analysts/Institutional Investor Meet/Con. Call Updates,Astral Poly Technik Limited has informed the Exchange regarding Analysts/Institutional Investor Meet/Con. Call Updates
25-Aug-2018 19:20:00,Shareholders meeting,"Astral Poly Technik Limited has submitted the Exchange a copy Srutinizers report of  Annual General Meeting held on August 25, 2018. Further, the company has informed the Exchange regarding voting res"
25-Aug-2018 14:16:00,Shareholders meeting,"Astral Poly Technik Limited has informed the Exchange regarding Proceedings of Annual General Meeting held on August 25, 2018"
22-Aug-2018 14:28:00,Analysts/Institutional Investor Meet/Con. Call Updates,Astral Poly Technik Limited has informed the Exchange regarding Analysts/Institutional Investor Meet/Con. Call Updates
10-Aug-2018 19:04:00,Corrigendum,"Astral Poly Technik Limited has informed the Exchange regarding Corrigendum to Notice of Annual General Meeting to be held on August 25, 2018"
07-Aug-2018 16:32:00,Analysts/Institutional Investor Meet/Con. Call Updates,Astral Poly Technik Limited has informed the Exchange regarding Analysts/Institutional Investor Meet/Con. Call Updates
31-Jul-2018 17:09:00,Analysts/Institutional Investor Meet/Con. Call Updates,Astral Poly Technik Limited has informed the Exchange regarding Analysts/Institutional Investor Meet/Con. Call Updates
31-Jul-2018 16:46:00,Press Release,"Astral Poly Technik Limited has informed the Exchange regarding a press release dated July 31, 2018, titled ""Astral Poly Technik delivers Consolidated top-line growth of 18% & PBT growth of 66% for Q1"
31-Jul-2018 15:42:50,Financial Result Updates,"Astral Poly Technik Limited has submitted to the Exchange, the financial results for the period ended June 30, 2018."
28-Jul-2018 16:48:00,AGM/Book Closure,"Astral Poly Technik Limited has informed the Exchange that the Register of Members & Share Transfer Books of the Company will remain closed from August 19, 2018 to August 25, 2018 (both days inclusive"
28-Jul-2018 13:03:00,Shareholders meeting,"Astral Poly Technik Limited has informed the Exchange regarding Notice of Annual General Meeting to be held on August 25, 2018"
13-Jul-2018 17:51:00,Analysts/Institutional Investor Meet/Con. Call Updates,Astral Poly Technik Limited has informed the Exchange regarding Analysts/Institutional Investor Meet/Con. Call Updates
13-Jul-2018 14:12:00,Analysts/Institutional Investor Meet/Con. Call Updates,Astral Poly Technik Limited has informed the Exchange regarding Analysts/Institutional Investor Meet/Con. Call Updates
12-Jul-2018 12:43:00,Analysts/Institutional Investor Meet/Con. Call Updates,Astral Poly Technik Limited has informed the Exchange regarding Analysts/Institutional Investor Meet/Con. Call Updates
10-Jul-2018 17:17:00,Reply to Clarification Sought,"The Exchange had sought clarification from Astral Poly Technik Limited with respect to announcement dated 21-Jun-2018, regarding 'Commencement of Commercial Production of Ghiloth Plant, Rajasthan.On b"
10-Jul-2018 12:17:00,Analysts/Institutional Investor Meet/Con. Call Updates,Astral Poly Technik Limited has informed the Exchange regarding Analysts/Institutional Investor Meet/Con. Call Updates
09-Jul-2018 18:40:00,Acquisition,Astral Poly Technik Limited has informed the Exchange regarding Acquisition of 51% equity shares of Rex Polyextrusion Pvt Ltd. and its amalgamation with the Company.
21-Jun-2018 20:00:00,Clarification,"ASTRAL:The Exchange has sought clarification from Astral Poly Technik Limited with respect to announcement dated 21-Jun-2018, regarding "" Astral Poly Technik Limited has informed the Exchange regardin"
21-Jun-2018 11:46:00,Updates,"Astral Poly Technik Limited has informed the Exchange regarding 'Commencement of Commercial Production of Ghiloth Plant, Rajasthan.'."
12-Jun-2018 16:34:00,Analysts/Institutional Investor Meet/Con. Call Updates,Astral Poly Technik Limited has informed the Exchange regarding Analysts/Institutional Investor Meet/Con. Call Updates
05-Jun-2018 19:06:00,Analysts/Institutional Investor Meet/Con. Call Updates,Astral Poly Technik Limited has informed the Exchange regarding Analysts/Institutional Investor Meet/Con. Call Updates
05-Jun-2018 11:01:00,Analysts/Institutional Investor Meet/Con. Call Updates,Astral Poly Technik Limited has informed the Exchange regarding Analysts/Institutional Investor Meet/Con. Call Updates
31-May-2018 11:09:00,Analysts/Institutional Investor Meet/Con. Call Updates,Astral Poly Technik Limited has informed the Exchange regarding Analysts/Institutional Investor Meet/Con. Call Updates
30-May-2018 18:24:00,Investor Presentation,Astral Poly Technik Limited has informed the Exchange regarding Investor Presentation
29-May-2018 12:15:00,Analysts/Institutional Investor Meet/Con. Call Updates,Astral Poly Technik Limited has informed the Exchange regarding Analysts/Institutional Investor Meet/Con. Call Updates
26-May-2018 11:09:00,Analysts/Institutional Investor Meet/Con. Call Updates,Astral Poly Technik Limited has informed the Exchange regarding Analysts/Institutional Investor Meet/Con. Call Updates
24-May-2018 12:08:00,Analysts/Institutional Investor Meet/Con. Call Updates,Astral Poly Technik Limited has informed the Exchange regarding Analysts/Institutional Investor Meet/Con. Call Updates
23-May-2018 16:44:00,Press Release,"Astral Poly Technik Limited has informed the Exchange regarding a press release dated May 23, 2018, titled ""Press Release with respect to Audited Financial Results for the year ended on 31st March,201"
23-May-2018 15:57:00,Dividend,"Astral Poly Technik Limited has informed the Exchange that Board of Directors at its meeting held on May 23, 2018, recommended Final Dividend of Rs. 0.35 per equity share."
23-May-2018 15:54:07,Financial Result Updates,"Astral Poly Technik Limited has submitted to the Exchange, the financial results for the period ended March 31, 2018."
02-May-2018 10:55:00,Analysts/Institutional Investor Meet/Con. Call Updates,Astral Poly Technik Limited has informed the Exchange regarding Analysts/Institutional Investor Meet/Con. Call Updates
25-Apr-2018 14:35:00,Analysts/Institutional Investor Meet/Con. Call Updates,Astral Poly Technik Limited has informed the Exchange regarding Analysts/Institutional Investor Meet/Con. Call Updates
24-Apr-2018 12:51:00,Analysts/Institutional Investor Meet/Con. Call Updates,Astral Poly Technik Limited has informed the Exchange regarding Analysts/Institutional Investor Meet/Con. Call Updates
19-Apr-2018 11:15:00,Analysts/Institutional Investor Meet/Con. Call Updates,Astral Poly Technik Limited has informed the Exchange regarding Analysts/Institutional Investor Meet/Con. Call Updates
18-Apr-2018 15:10:00,Analysts/Institutional Investor Meet/Con. Call Updates,Astral Poly Technik Limited has informed the Exchange regarding Analysts/Institutional Investor Meet/Con. Call Updates
09-Apr-2018 17:46:00,Disc. under Reg.30 of SEBI (SAST) Reg.2011,"Specialty Process LLC has submitted to the Exchange a copy of disclosure under Regulation 30(1) and 30(2) of SEBI (Substantial Acquisition of Shares & Takeovers) Regulations, 2011."
09-Apr-2018 17:15:00,Disc. under Reg.30 of SEBI (SAST) Reg.2011,"Saumya Polymers LLP has submitted to the Exchange a copy of disclosure under Regulation 30(1) and 30(2) of SEBI (Substantial Acquisition of Shares & Takeovers) Regulations, 2011."
09-Apr-2018 17:14:00,Disc. under Reg.30 of SEBI (SAST) Reg.2011,"Sandeep Engineer has submitted to the Exchange a copy of disclosure under Regulation 30(1) and 30(2) of SEBI (Substantial Acquisition of Shares & Takeovers) Regulations, 2011."
09-Apr-2018 16:23:00,Disc. under Reg.30 of SEBI (SAST) Reg.2011,"Jagruti Engineer has submitted to the Exchange a copy of disclosure under Regulation 30(1) and 30(2) of SEBI (Substantial Acquisition of Shares & Takeovers) Regulations, 2011."
09-Apr-2018 16:22:00,Disc. under Reg.30 of SEBI (SAST) Reg.2011,"Kairav Chemicals Limited has submitted to the Exchange a copy of disclosure under Regulation 30(1) and 30(2) of SEBI (Substantial Acquisition of Shares & Takeovers) Regulations, 2011."
09-Apr-2018 16:20:00,Disc. under Reg.30 of SEBI (SAST) Reg.2011,"Hansa P. Engineer has submitted to the Exchange a copy of disclosure under Regulation 30(1) and 30(2) of SEBI (Substantial Acquisition of Shares & Takeovers) Regulations, 2011."
07-Apr-2018 11:59:00,Allotment of ESOP/ESPS,Astral Poly Technik Limited has informed the Exchange regarding allotment of  20400 Equity Shares under ESOP
06-Apr-2018 12:22:00,Analysts/Institutional Investor Meet/Con. Call Updates,Astral Poly Technik Limited has informed the Exchange regarding Analysts/Institutional Investor Meet/Con. Call Updates
04-Apr-2018 18:21:00,Analysts/Institutional Investor Meet/Con. Call Updates,Astral Poly Technik Limited has informed the Exchange regarding Analysts/Institutional Investor Meet/Con. Call Updates
03-Apr-2018 11:38:00,Analysts/Institutional Investor Meet/Con. Call Updates,Astral Poly Technik Limited has informed the Exchange regarding Analysts/Institutional Investor Meet/Con. Call Updates
26-Mar-2018 18:10:00,Analysts/Institutional Investor Meet/Con. Call Updates,Astral Poly Technik Limited has informed the Exchange regarding Analysts/Institutional Investor Meet/Con. Call Updates
19-Mar-2018 11:55:00,Analysts/Institutional Investor Meet/Con. Call Updates,Astral Poly Technik Limited has informed the Exchange regarding Analysts/Institutional Investor Meet/Con. Call Updates
16-Mar-2018 14:57:00,Analysts/Institutional Investor Meet/Con. Call Updates,Astral Poly Technik Limited has informed the Exchange regarding Analysts/Institutional Investor Meet/Con. Call Updates
12-Mar-2018 18:43:00,Analysts/Institutional Investor Meet/Con. Call Updates,Astral Poly Technik Limited has informed the Exchange regarding Analysts/Institutional Investor Meet/Con. Call Updates
05-Mar-2018 13:27:00,Analysts/Institutional Investor Meet/Con. Call Updates,Astral Poly Technik Limited has informed the Exchange regarding Analysts/Institutional Investor Meet/Con. Call Updates
26-Feb-2018 15:52:00,Analysts/Institutional Investor Meet/Con. Call Updates,Astral Poly Technik Limited has informed the Exchange regarding Analysts/Institutional Investor Meet/Con. Call Updates
22-Feb-2018 12:43:00,Analysts/Institutional Investor Meet/Con. Call Updates,Astral Poly Technik Limited has informed the Exchange regarding Analysts/Institutional Investor Meet/Con. Call Updates
19-Feb-2018 19:53:00,Analysts/Institutional Investor Meet/Con. Call Updates,Astral Poly Technik Limited has informed the Exchange regarding Analysts/Institutional Investor Meet/Con. Call Updates
19-Feb-2018 14:02:00,Analysts/Institutional Investor Meet/Con. Call Updates,Astral Poly Technik Limited has informed the Exchange regarding Analysts/Institutional Investor Meet/Con. Call Updates
13-Feb-2018 17:17:00,Press Release,"Astral Poly Technik Limited has informed the Exchange regarding a press release dated February 13, 2018, titled ""Press Release pertaining to the financial results for the quarter and nine months ended"
13-Feb-2018 15:47:42,Financial Result Updates,"Astral Poly Technik Limited has submitted to the Exchange, the financial results for the period ended December 31, 2017."
13-Feb-2018 12:41:00,Analysts/Institutional Investor Meet/Con. Call Updates,Astral Poly Technik Limited has informed the Exchange regarding Analysts/Institutional Investor Meet/Con. Call Updates
08-Feb-2018 11:09:00,Updates,Astral Poly Technik Limited has informed the Exchange regarding 'Receipt of Awards'.
16-Jan-2018 17:42:00,Analysts/Institutional Investor Meet/Con. Call Updates,Astral Poly Technik Limited has informed the Exchange regarding Analysts/Institutional Investor Meet/Con. Call Updates
10-Jan-2018 18:51:00,Analysts/Institutional Investor Meet/Con. Call Updates,Astral Poly Technik Limited has informed the Exchange regarding Analysts/Institutional Investor Meet/Con. Call Updates
08-Jan-2018 11:01:00,Analysts/Institutional Investor Meet/Con. Call Updates,Astral Poly Technik Limited has informed the Exchange regarding Analysts/Institutional Investor Meet/Con. Call Updates
27-Dec-2017 10:51:00,Analysts/Institutional Investor Meet/Con. Call Updates,Astral Poly Technik Limited has informed the Exchange regarding Analysts/Institutional Investor Meet/Con. Call Updates
21-Dec-2017 11:38:00,Analysts/Institutional Investor Meet/Con. Call Updates,Astral Poly Technik Limited has informed the Exchange regarding Analysts/Institutional Investor Meet/Con. Call Updates
15-Dec-2017 18:47:00,Analysts/Institutional Investor Meet/Con. Call Updates,Astral Poly Technik Limited has informed the Exchange regarding Analysts/Institutional Investor Meet/Con. Call Updates
15-Dec-2017 12:17:00,Analysts/Institutional Investor Meet/Con. Call Updates,Astral Poly Technik Limited has informed the Exchange regarding Analysts/Institutional Investor Meet/Con. Call Updates
08-Dec-2017 17:20:00,Analysts/Institutional Investor Meet/Con. Call Updates,Astral Poly Technik Limited has informed the Exchange regarding Analysts/Institutional Investor Meet/Con. Call Updates
04-Dec-2017 17:23:00,Analysts/Institutional Investor Meet/Con. Call Updates,Astral Poly Technik Limited has informed the Exchange regarding Analysts/Institutional Investor Meet/Con. Call Updates
01-Dec-2017 20:04:00,Outcome of Board Meeting,"Astral Poly Technik Limited has informed the Exchange regarding Outcome of Board Meeting held on December 01, 2017."
30-Nov-2017 11:19:00,Analysts/Institutional Investor Meet/Con. Call Updates,Astral Poly Technik Limited has informed the Exchange regarding Analysts/Institutional Investor Meet/Con. Call Updates
21-Nov-2017 13:04:00,Analysts/Institutional Investor Meet/Con. Call Updates,Astral Poly Technik Limited has informed the Exchange regarding Analysts/Institutional Investor Meet/Con. Call Updates
18-Nov-2017 17:22:00,Analysts/Institutional Investor Meet/Con. Call Updates,Astral Poly Technik Limited has informed the Exchange regarding Analysts/Institutional Investor Meet/Con. Call Updates
16-Nov-2017 18:31:00,Analysts/Institutional Investor Meet/Con. Call Updates,Astral Poly Technik Limited has informed the Exchange regarding Analysts/Institutional Investor Meet/Con. Call Updates
16-Nov-2017 11:54:00,Analysts/Institutional Investor Meet/Con. Call Updates,Astral Poly Technik Limited has informed the Exchange regarding Analysts/Institutional Investor Meet/Con. Call Updates
14-Nov-2017 17:28:00,Analysts/Institutional Investor Meet/Con. Call Updates,Astral Poly Technik Limited has informed the Exchange regarding Analysts/Institutional Investor Meet/Con. Call Updates
14-Nov-2017 10:56:00,ESOP/ESOS/ESPS,Astral Poly Technik Limited has informed the Exchange regarding Grant of 22400  Options.
13-Nov-2017 16:30:00,Analysts/Institutional Investor Meet/Con. Call Updates,Astral Poly Technik Limited has informed the Exchange regarding Analysts/Institutional Investor Meet/Con. Call Updates
13-Nov-2017 16:13:00,Press Release,"Astral Poly Technik Limited has informed the Exchange regarding a press release dated November 13, 2017, titled ""Press Release with respect to Unaudited Financial Results for the quarter and half year"
13-Nov-2017 16:01:00,Outcome of Board Meeting,"Astral Poly Technik Limited has informed the Exchange regarding Outcome of Board Meeting held on November 13, 2017."
13-Nov-2017 15:56:00,Dividend,"Astral Poly Technik Limited has informed the Exchange that the  Board of Directors of the Company at its meeting held on November 13, 2017 has considered and approved Payment of Interim Dividend @ Re "
13-Nov-2017 15:56:00,Dividend,"Astral Poly Technik Limited has informed the Exchange that Board of Directors at its meeting held on November 13, 2017, declared Interim Dividend of Rs. 0.25 per equity share. and approved re-appointm"
13-Nov-2017 15:42:52,Financial Result Updates,"Astral Poly Technik Limited has submitted to the Exchange, the financial results for the period ended September 30, 2017."
02-Nov-2017 11:32:00,Record Date,"Astral Poly Technik Limited has informed the Exchange that the Company has fixed Record Date as November 21, 2017 for the purpose of payment of Interim Dividend."
31-Oct-2017 11:04:00,Analysts/Institutional Investor Meet/Con. Call Updates,Astral Poly Technik Limited has informed the Exchange regarding Analysts/Institutional Investor Meet/Con. Call Updates
26-Oct-2017 18:39:00,Analysts/Institutional Investor Meet/Con. Call Updates,Astral Poly Technik Limited has informed the Exchange regarding Analysts/Institutional Investor Meet/Con. Call Updates
26-Oct-2017 11:12:00,Analysts/Institutional Investor Meet/Con. Call Updates,Astral Poly Technik Limited has informed the Exchange regarding Analysts/Institutional Investor Meet/Con. Call Updates
10-Oct-2017 10:34:00,Analysts/Institutional Investor Meet/Con. Call Updates,Astral Poly Technik Limited has informed the Exchange regarding Analysts/Institutional Investor Meet/Con. Call Updates
27-Sep-2017 18:50:00,Analysts/Institutional Investor Meet/Con. Call Updates,Astral Poly Technik Limited has informed the Exchange regarding Analysts/Institutional Investor Meet/Con. Call Updates
26-Sep-2017 18:36:00,Analysts/Institutional Investor Meet/Con. Call Updates,Astral Poly Technik Limited has informed the Exchange regarding Analysts/Institutional Investor Meet/Con. Call Updates
21-Sep-2017 19:00:00,Analysts/Institutional Investor Meet/Con. Call Updates,Astral Poly Technik Limited has informed the Exchange regarding Analysts/Institutional Investor Meet/Con. Call Updates
20-Sep-2017 17:03:00,Analysts/Institutional Investor Meet/Con. Call Updates,Astral Poly Technik Limited has informed the Exchange regarding Analysts/Institutional Investor Meet/Con. Call Updates
18-Sep-2017 18:39:00,Analysts/Institutional Investor Meet/Con. Call Updates,Astral Poly Technik Limited has informed the Exchange regarding Analysts/Institutional Investor Meet/Con. Call Updates
13-Sep-2017 17:31:00,Analysts/Institutional Investor Meet/Con. Call Updates,Astral Poly Technik Limited has informed the Exchange regarding Analysts/Institutional Investor Meet/Con. Call Updates
12-Sep-2017 17:27:00,Analysts/Institutional Investor Meet/Con. Call Updates,Astral Poly Technik Limited has informed the Exchange regarding Analysts/Institutional Investor Meet/Con. Call Updates
12-Sep-2017 10:34:00,Analysts/Institutional Investor Meet/Con. Call Updates,Astral Poly Technik Limited has informed the Exchange regarding Analysts/Institutional Investor Meet/Con. Call Updates
06-Sep-2017 19:30:00,Analysts/Institutional Investor Meet/Con. Call Updates,Astral Poly Technik Limited has informed the Exchange regarding Analysts/Institutional Investor Meet/Con. Call Updates
05-Sep-2017 10:08:00,Analysts/Institutional Investor Meet/Con. Call Updates,Astral Poly Technik Limited has informed the Exchange regarding Analysts/Institutional Investor Meet/Con. Call Updates
04-Sep-2017 18:39:00,Analysts/Institutional Investor Meet/Con. Call Updates,Astral Poly Technik Limited has informed the Exchange regarding Analysts/Institutional Investor Meet/Con. Call Updates
31-Aug-2017 16:10:00,Analysts/Institutional Investor Meet/Con. Call Updates,Astral Poly Technik Limited has informed the Exchange regarding Analysts/Institutional Investor Meet/Con. Call Updates
24-Aug-2017 12:39:00,Analysts/Institutional Investor Meet/Con. Call Updates,Astral Poly Technik Limited has informed the Exchange regarding Analysts/Institutional Investor Meet/Con. Call Updates
23-Aug-2017 09:28:00,Updates,Astral Poly Technik Limited has informed the Exchange regarding 'Clarification on sale of shares by promoter group entity'.
22-Aug-2017 13:27:00,Analysts/Institutional Investor Meet/Con. Call Updates,Astral Poly Technik Limited has informed the Exchange regarding Analysts/Institutional Investor Meet/Con. Call Updates
17-Aug-2017 16:23:00,Analysts/Institutional Investor Meet/Con. Call Updates,Astral Poly Technik Limited has informed the Exchange regarding Analysts/Institutional Investor Meet/Con. Call Updates
12-Aug-2017 15:28:00,Analysts/Institutional Investor Meet/Con. Call Updates,Astral Poly Technik Limited has informed the Exchange regarding Analysts/Institutional Investor Meet/Con. Call Updates
09-Aug-2017 18:45:00,Shareholders meeting,"Astral Poly Technik Limited has submitted the Exchange a copy Srutinizers report of  Annual General Meeting held on August 08, 2017. Further, the company has informed the Exchange regarding voting res"
08-Aug-2017 18:00:00,Updates,"Astral Poly Technik Limited has informed the Exchange that the Members of the Company in their Annual General Meeting held on August 08, 2017."
08-Aug-2017 16:40:00,Press Release,"Astral Poly Technik Limited has informed the Exchange regarding a press release dated August 08, 2017, titled ""Press release pertaining to unaudited financial results for quarter ended 30th June, 2017"
08-Aug-2017 16:37:47,Financial Result Updates,"Astral Poly Technik Limited has submitted to the Exchange, the financial results for the period ended June 30, 2017."
08-Aug-2017 16:10:00,Shareholders meeting,"Astral Poly Technik Limited has informed the Exchange regarding Proceedings of Annual General Meeting held on August 08, 2017"
03-Aug-2017 14:52:00,Analysts/Institutional Investor Meet/Con. Call Updates,Astral Poly Technik Limited has informed the Exchange regarding Analysts/Institutional Investor Meet/Con. Call Updates
24-Jul-2017 18:58:00,Analysts/Institutional Investor Meet/Con. Call Updates,Astral Poly Technik Limited has informed the Exchange regarding Analysts/Institutional Investor Meet/Con. Call Updates
18-Jul-2017 15:42:00,Registrar & Share Transfer Agent Update,Astral Poly Technik Limited has informed the Exchange regarding the Registrar & Share Transfer Agent Update
13-Jul-2017 13:42:00,AGM/Book Closure,"Astral Poly Technik Limited has informed the Exchange that the Register of Members and Share Transfer Books of the Company shall remain closed from August 2, 2017 to August 08, 2017 (both days inclusi"
13-Jul-2017 12:31:00,Shareholders meeting,"Astral Poly Technik Limited has informed the Exchange regarding Notice of Annual General Meeting to be held on August 08, 2017"
11-Jul-2017 10:55:00,Analysts/Institutional Investor Meet/Con. Call Updates,Astral Poly Technik Limited has informed the Exchange regarding Analysts/Institutional Investor Meet/Con. Call Updates
10-Jul-2017 19:04:00,Analysts/Institutional Investor Meet/Con. Call Updates,Astral Poly Technik Limited has informed the Exchange regarding Analysts/Institutional Investor Meet/Con. Call Updates
05-Jul-2017 11:35:00,Analysts/Institutional Investor Meet/Con. Call Updates,Astral Poly Technik Limited has informed the Exchange regarding Analysts/Institutional Investor Meet/Con. Call Updates
29-Jun-2017 18:37:00,Analysts/Institutional Investor Meet/Con. Call Updates,Astral Poly Technik Limited has informed the Exchange regarding Analysts/Institutional Investor Meet/Con. Call Updates
27-Jun-2017 18:51:00,Analysts/Institutional Investor Meet/Con. Call Updates,Astral Poly Technik Limited has informed the Exchange regarding Analysts/Institutional Investor Meet/Con. Call Updates
27-Jun-2017 10:58:00,Analysts/Institutional Investor Meet/Con. Call Updates,Astral Poly Technik Limited has informed the Exchange regarding Analysts/Institutional Investor Meet/Con. Call Updates
16-Jun-2017 15:18:00,Analysts/Institutional Investor Meet/Con. Call Updates,Astral Poly Technik Limited has informed the Exchange regarding Analysts/Institutional Investor Meet/Con. Call Updates
16-Jun-2017 15:17:00,Analysts/Institutional Investor Meet/Con. Call Updates,Astral Poly Technik Limited has informed the Exchange regarding Analysts/Institutional Investor Meet/Con. Call Updates
06-Jun-2017 09:41:00,Analysts/Institutional Investor Meet/Con. Call Updates,Astral Poly Technik Limited has informed the Exchange regarding Analysts/Institutional Investor Meet/Con. Call Updates
06-Jun-2017 09:22:00,Analysts/Institutional Investor Meet/Con. Call Updates,Astral Poly Technik Limited has informed the Exchange regarding Analysts/Institutional Investor Meet/Con. Call Updatess- Presentation made to analysts
05-Jun-2017 11:02:00,Analysts/Institutional Investor Meet/Con. Call Updates,Astral Poly Technik Limited has informed the Exchange regarding Analysts/Institutional Investor Meet/Con. Call Updates
02-Jun-2017 14:36:00,Analysts/Institutional Investor Meet/Con. Call Updates,Astral Poly Technik Limited has informed the Exchange regarding Analysts/Institutional Investor Meet/Con. Call Updates
31-May-2017 15:23:00,Analysts/Institutional Investor Meet/Con. Call Updates,Astral Poly Technik Limited has informed the Exchange regarding Analysts/Institutional Investor Meet/Con. Call Updates
31-May-2017 15:16:00,Analysts/Institutional Investor Meet/Con. Call Updates,Astral Poly Technik Limited has informed the Exchange regarding Analysts/Institutional Investor Meet/Con. Call Updates
30-May-2017 21:14:00,Dividend,"Astral Poly Technik Limited has informed the Exchange that the Board of Directors at the meeting held on May 30, 2017, has recommended final dividend of Rs. 0.30 per share of Rs. 1/- each for the year"
30-May-2017 20:19:00,Press Release,"Astral Poly Technik Limited has informed the Exchange regarding a press release dated May 30, 2017, titled ""Astral Poly Technik delivers Consolidated top-line growth of 12% & PBT growth of 70% for Q4 "
30-May-2017 18:45:39,Financial Result Updates,"Astral Poly Technik Limited has submitted to the Exchange, the financial results for the period ended March 31, 2017."
11-May-2017 11:51:00,Analysts/Institutional Investor Meet/Con. Call Updates,Astral Poly Technik Limited has informed the Exchange regarding Analysts/Institutional Investor Meet/Con. Call Updates
04-May-2017 10:38:00,Analysts/Institutional Investor Meet/Con. Call Updates,Astral Poly Technik Limited has informed the Exchange regarding Analysts/Institutional Investor Meet/Con. Call Updates
26-Apr-2017 14:50:00,Analysts/Institutional Investor Meet/Con. Call Updates,Astral Poly Technik Limited has informed the Exchange regarding Analysts/Institutional Investor Meet/Con. Call Updates
24-Apr-2017 10:56:00,Analysts/Institutional Investor Meet/Con. Call Updates,Astral Poly Technik Limited has informed the Exchange regarding Analysts/Institutional Investor Meet/Con. Call Updates
07-Apr-2017 11:09:00,Analysts/Institutional Investor Meet/Con. Call Updates,Astral Poly Technik Limited has informed the Exchange regarding Analysts/Institutional Investor Meet/Con. Call Updates
03-Apr-2017 11:20:00,Disclosure under SEBI Takeover Regulations,"Sandeep Pravinbhai Engineer has submitted to the Exchange vide letter dated April 01, 2017, a copy of disclosure under Regulation 10(6) of SEBI (Substantial Acquisition of Shares & Takeovers) Regulati"
03-Apr-2017 10:52:00,Analysts/Institutional Investor Meet/Con. Call Updates,Astral Poly Technik Limited has informed the Exchange regarding Analysts/Institutional Investor Meet/Con. Call Updates
30-Mar-2017 19:00:00,ESOPs/ESOS/ESPS,Astral Poly Technik Limited has informed the Exchange regarding the Grant of Stock Options
29-Mar-2017 12:51:00,Analysts/Institutional Investor Meet/Con. Call Updates,Astral Poly Technik Limited has informed the Exchange regarding Analysts/Institutional Investor Meet/Con. Call Updates
22-Mar-2017 18:21:00,Disclosure under SEBI Takeover Regulations,"Sandeep Engineer has submitted to the Exchange, vide letter dated March 22, 2017  a copy of disclosure under Regulation 10(5) in respect of acquisition under Regulation 10(1)(a) of SEBI (Substantial A"
20-Mar-2017 17:51:00,Analysts/Institutional Investor Meet/Con. Call Updates,Astral Poly Technik Limited has informed the Exchange regarding Analysts/Institutional Investor Meet/Con. Call Updates
09-Mar-2017 11:00:00,Spurt in Volume,"Significant increase in volume has been observed in Astral Poly Technik Limited. The Exchange, in order to ensure that investors have latest relevant information about the company and to inform the ma"
08-Mar-2017 18:50:00,Spurt in Volume,"Significant increase in volume has been observed in Astral Poly Technik Limited. The Exchange, in order to ensure that investors have latest relevant information about the company and to inform the ma"
06-Mar-2017 18:15:00,Analysts/Institutional Investor Meet/Con. Call Updates,Astral Poly Technik Limited has informed the Exchange regarding Analysts/Institutional Investor Meet/Con. Call Updates
04-Mar-2017 18:36:00,Analysts/Institutional Investor Meet/Con. Call Updates,Astral Poly Technik Limited has informed the Exchange regarding Analysts/Institutional Investor Meet/Con. Call Updates
28-Feb-2017 16:37:00,Analysts/Institutional Investor Meet/Con. Call Updates,Astral Poly Technik Limited has informed the Exchange regarding Analysts/Institutional Investor Meet/Con. Call Updates
25-Feb-2017 14:07:00,Analysts/Institutional Investor Meet/Con. Call Updates,Astral Poly Technik Limited has informed the Exchange regarding Analysts/Institutional Investor Meet/Con. Call Updates
21-Feb-2017 13:23:00,Analysts/Institutional Investor Meet/Con. Call Updates,Astral Poly Technik Limited has informed the Exchange regarding Analysts/Institutional Investor Meet/Con. Call Updates
16-Feb-2017 11:41:00,Analysts/Institutional Investor Meet/Con. Call Updates,Astral Poly Technik Limited has informed the Exchange regarding Analysts/Institutional Investor Meet/Con. Call Updates
14-Feb-2017 10:43:00,Analysts/Institutional Investor Meet/Con. Call Updates,Astral Poly Technik Limited has informed the Exchange regarding Analysts/Institutional Investor Meet/Con. Call Updates
13-Feb-2017 16:58:00,Analysts/Institutional Investor Meet/Con. Call Updates,Astral Poly Technik Limited has informed the Exchange regarding Analysts/Institutional Investor Meet/Con. Call Updates
11-Feb-2017 17:30:00,Analysts/Institutional Investor Meet/Con. Call Updates,Astral Poly Technik Limited has informed the Exchange regarding Analysts/Institutional Investor Meet/Con. Call Updates
10-Feb-2017 14:14:00,Investor Presentation,Astral Poly Technik Limited has informed the Exchange regarding Investor Presentation
09-Feb-2017 18:20:00,Analysts/Institutional Investor Meet/Con. Call Updates,Astral Poly Technik Limited has informed the Exchange regarding Analysts/Institutional Investor Meet/Con. Call Updates
08-Feb-2017 18:35:00,Analysts/Institutional Investor Meet/Con. Call Updates,Astral Poly Technik Limited has informed the Exchange regarding Analysts/Institutional Investor Meet/Con. Call Updates
06-Feb-2017 17:19:00,Press Release,"Astral Poly Technik Limited has informed the Exchange regarding a press release dated February 06, 2017, titled ""Press release pertaining to financial results for the quarter ended 31.12.2016""."
06-Feb-2017 15:51:00,Reappointment,"Astral Poly Technik Limited has informed the Exchange that the Board of Directors, at its meeting held on February 6, 2017 has Re-appointment of Mrs Jagruti Engineer as whole time director of the Comp"
06-Feb-2017 15:47:26,Financial Result Updates,"Astral Poly Technik Limited has submitted to the Exchange, the financial results for the period ended December 31, 2016."
06-Feb-2017 10:20:00,Analysts/Institutional Investor Meet/Con. Call Updates,Astral Poly Technik Limited has informed the Exchange regarding Analysts/Institutional Investor Meet/Con. Call Updates
23-Jan-2017 18:29:00,Analysts/Institutional Investor Meet/Con. Call Updates,Astral Poly Technik Limited has informed the Exchange regarding Analysts/Institutional Investor Meet/Con. Call Updates
19-Jan-2017 18:16:00,Analysts/Institutional Investor Meet/Con. Call Updates,Astral Poly Technik Limited has informed the Exchange regarding Analysts/Institutional Investor Meet/Con. Call Updates
18-Jan-2017 18:44:00,Analysts/Institutional Investor Meet/Con. Call Updates,Astral Poly Technik Limited has informed the Exchange regarding Analysts/Institutional Investor Meet/Con. Call Updates
17-Jan-2017 18:03:00,Analysts/Institutional Investor Meet/Con. Call Updates,Astral Poly Technik Limited has informed the Exchange regarding Analysts/Institutional Investor Meet/Con. Call Updates
17-Jan-2017 10:51:00,Analysts/Institutional Investor Meet/Con. Call Updates,Astral Poly Technik Limited has informed the Exchange regarding Analysts/Institutional Investor Meet/Con. Call Updates
16-Jan-2017 18:31:00,Analysts/Institutional Investor Meet/Con. Call Updates,Astral Poly Technik Limited has informed the Exchange regarding Analysts/Institutional Investor Meet/Con. Call Updates
10-Jan-2017 17:57:00,Analysts/Institutional Investor Meet/Con. Call Updates,Astral Poly Technik Limited has informed the Exchange regarding Analysts/Institutional Investor Meet/Con. Call Updates
05-Jan-2017 14:05:00,Analysts/Institutional Investor Meet/Con. Call Updates,Astral Poly Technik Limited has informed the Exchange regarding Analysts/Institutional Investor Meet/Con. Call Updates
31-Dec-2016 14:43:00,Analysts/Institutional Investor Meet/Con. Call Updates,Astral Poly Technik Limited has informed the Exchange regarding Analysts/Institutional Investor Meet/Con. Call Updates
24-Dec-2016 18:09:00,Analysts/Institutional Investor Meet/Con. Call Updates,Astral Poly Technik Limited has informed the Exchange regarding Analysts/Institutional Investor Meet/Con. Call Updates
19-Dec-2016 08:47:00,Analysts/Institutional Investor Meet/Con. Call Updates,Astral Poly Technik Limited has informed the Exchange regarding Analysts/Institutional Investor Meet/Con. Call Updates
15-Dec-2016 17:57:00,Analysts/Institutional Investor Meet/Con. Call Updates,Astral Poly Technik Limited has informed the Exchange regarding Analysts/Institutional Investor Meet/Con. Call Updates
06-Dec-2016 18:33:00,Analysts/Institutional Investor Meet/Con. Call Updates,Astral Poly Technik Limited has informed the Exchange regarding Analysts/Institutional Investor Meet/Con. Call Updates
05-Dec-2016 18:13:00,Analysts/Institutional Investor Meet/Con. Call Updates,Astral Poly Technik Limited has informed the Exchange regarding Analysts/Institutional Investor Meet/Con. Call Updates
30-Nov-2016 18:45:00,Analysts/Institutional Investor Meet/Con. Call Updates,Astral Poly Technik Limited has informed the Exchange regarding Analysts/Institutional Investor Meet/Con. Call Updates
29-Nov-2016 18:46:00,Analysts/Institutional Investor Meet/Con. Call Updates,Astral Poly Technik Limited has informed the Exchange regarding Analysts/Institutional Investor Meet/Con. Call Updates
28-Nov-2016 17:14:00,Analysts/Institutional Investor Meet/Con. Call Updates,Astral Poly Technik Limited has informed the Exchange regarding Analysts/Institutional Investor Meet/Con. Call Updates
28-Nov-2016 08:41:00,ESOPs/ESOS/ESPS,"Astral Poly Technik Limited has informed the Exchange that Company has allotted 16,282 equity shares of Re. 1/-each pursuant to exercise of options under ""Astral Poly Technik Limited Employee Stock Op"
25-Nov-2016 12:00:00,Analysts/Institutional Investor Meet/Con. Call Updates,Astral Poly Technik Limited has informed the Exchange regarding Analysts/Institutional Investor Meet/Con. Call Updates
22-Nov-2016 17:35:00,Analysts/Institutional Investor Meet/Con. Call Updates,Astral Poly Technik Limited has informed the Exchange regarding Analysts/Institutional Investor Meet/Con. Call Updates
17-Nov-2016 17:38:00,Analysts/Institutional Investor Meet/Con. Call Updates,Astral Poly Technik Limited has informed the Exchange regarding Analysts/Institutional Investor Meet/Con. Call Updates
17-Nov-2016 17:08:00,Press Release,"Astral Poly Technik Limited has informed the Exchange regarding a press release dated November 17, 2016, titled ""Press Release Astral Q2 FY 16-17 ""."
17-Nov-2016 16:10:00,Dividend,"Astral Poly Technik Limited has informed the Exchange that the Board of Directors, at its meeting held on November 17, 2016, has inter alia considered and approved - Payment of Interim Dividend @ Re.0"
17-Nov-2016 16:05:41,Financial Result Updates,"Astral Poly Technik Limited has submitted to the Exchange, the financial results for the period ended September 30, 2016."
08-Nov-2016 14:15:00,Record Date,"Astral Poly Technik Limited has informed the Exchange that the Company has fixed Record Date as November 25, 2016 for the purpose of interim dividend."
04-Nov-2016 10:52:00,Analysts/Institutional Investor Meet/Con. Call Updates,Astral Poly Technik Limited has informed the Exchange regarding Analysts/Institutional Investor Meet/Con. Call Updates
14-Oct-2016 18:12:00,Analysts/Institutional Investor Meet/Con. Call Updates,Astral Poly Technik Limited has informed the Exchange regarding Schedule of Analyst/Institutional Investor Meeting.
13-Oct-2016 10:45:00,Analysts/Institutional Investor Meet/Con. Call Updates,Astral Poly Technik Limited has informed the Exchange regarding Schedule of Analyst/ Institutional Investor Meeting.
05-Oct-2016 17:50:00,Analysts/Institutional Investor Meet/Con. Call Updates,Astral Poly Technik Limited has informed the Exchange regarding schedule of Analyst/Institutional Investor Meeting.
03-Oct-2016 17:55:00,Analysts/Institutional Investor Meet/Con. Call Updates,Astral Poly Technik Limited has informed the Exchange regarding Schedule of Analyst /Institutional Investor Meetings.
29-Sep-2016 18:43:00,Analysts/Institutional Investor Meet/Con. Call Updates,Astral Poly Technik Limited has informed the Exchange regarding Schedule of Analyst /Institutional Investor Meetings.
28-Sep-2016 10:10:00,Analysts/Institutional Investor Meet/Con. Call Updates,Astral Poly Technik Limited has informed the Exchange regarding Schedule of Analyst /Institutional Investor Meetings
26-Sep-2016 19:08:00,Analysts/Institutional Investor Meet/Con. Call Updates,Astral Poly Technik Limited has informed the Exchange the Intimation of Schedule of Analyst /Institutional Investor Meetings.
19-Sep-2016 11:30:00,Credit Rating,Astral Poly Technik Limited has informed the Exchange regarding Revision in Credit Rating.
09-Sep-2016 18:22:00,"Regulation 44(3) of SEBI (LODR), Reg., 2015","Astral Poly Technik Limited has submitted to the Exchange a copy of voting results of Annual General Meeting of the Company held on September 08, 2016, along with a copy of Scrutinizer's Report."
08-Sep-2016 17:10:00,Annual General Meeting Updates,"Astral Poly Technik Limited has submitted to the Exchange a copy of the proceedings of the Annual General Meeting of the Company held on September 08, 2016."
24-Aug-2016 18:55:00,Analysts/Institutional Investor Meet/Con. Call Updates,Astral Poly Technik Limited has informed the Exchange regarding Transcript of Earnings Call.
22-Aug-2016 09:10:00,Analysts/Institutional Investor Meet/Con. Call Updates,Astral Poly Technik Limited has informed the Exchange regarding Schedule of Participation in Investor Conference.
19-Aug-2016 18:04:00,Analysts/Institutional Investor Meet/Con. Call Updates,"Astral Poly Technik Limited has informed the Exchange regarding Earnings Call on August 22, 2016."
19-Aug-2016 17:41:00,Press Release,"Astral Poly Technik Limited has informed the Exchange regarding a press release dated August 19, 2016 titled ""Astral Poly Technik delivers Consolidated top-line growth of 17% for Q1 2016-17""."
19-Aug-2016 15:40:42,Financial Result Updates,"Astral Poly Technik Limited has submitted to the Exchange the standalone & consolidated financial results along with the Limited Review Report for the period ended June 30, 2016."
17-Aug-2016 08:14:00,Updates,"Astral Poly Technik Limited has informed the Exchange vide letter dated August 16, 2016 regarding discontinuance of agreements with Lubrizol Advanced Materials Inc. ( ""Lubrizol"" )""."
11-Aug-2016 10:29:00,Annual General Meeting Updates,Astral Poly Technik Limited has informed the Exchange regarding Annual Report (2015-16) and AGM Notice.
11-Aug-2016 10:26:00,AGM/Book Closure,"Astral Poly Technik Limited has informed the Exchange that the Register of Members and Share Transfer Books of the Company shall remain closed from September 2, 2016 to September 8, 2016 (both days in"
03-Aug-2016 09:07:00,Press Release,"Astral Poly Technik Limited has informed the Exchange regarding a press release dated August 03, 2016 titled ""Astral Pipes Launches New CPVC Plumbing Brand"""
02-Aug-2016 15:53:00,Updates,"Astral Poly Technik Limited has inform the Exchange regarding Intimation of Press Conference on August 03, 2016."
04-Jul-2016 10:25:00,Analysts Meet,Astral Poly Technik Limited has informed the Exchange regarding the Intimation of Analyst/Institutional Meet.
13-Jun-2016 10:09:00,Analysts Meet,"Astral Poly Technik Limited has informed the Exchange vide letter dated June 13, 2016 regarding ""Intimation of Analyst/Institutional Investor Meet""."
31-May-2016 17:15:00,Updates,Astral Poly Technik Limited has informed the Exchange regarding presentation to analysts
28-May-2016 18:28:00,Analysts Meet,Astral Poly Technik Limited has informed the Exchange regarding analyst Meet/ Meeting with Institutional Investors.
27-May-2016 19:27:00,Press Release,"Astral Poly Technik Limited has informed the Exchange regarding a press release dated May 27, 2016 titled ""Astral Poly Technik delivers Consolidated top-line growth of 20% and EBDITA growth of 22% for"
27-May-2016 19:12:24,Financial Result Updates,"Astral Poly Technik Limited has submitted to the Exchange the standalone & consolidated financial results along with the Auditors Report for the period ended March 31, 2016."
18-May-2016 10:36:00,Trading Window,"Astral Poly Technik Limited has informed the Exchange that in accordance to the Code of Conduct of the Company for prohibition of insider trading, the ""Trading Window"" for dealing / trading in the sha"
07-May-2016 16:04:00,Press Release,"Astral Poly Technik Limited has informed the Exchange regarding a press release dated May 07, 2016 titled  ""Astral Poly Technik's Subsidiary Opens Business in U.S."""
26-Apr-2016 10:58:00,Reply to Clarification Sought,"ASTRAL:The Exchange had sought clarification from the Company with respect to announcement dated April 23, 2016, regarding ""Purchase of Land in Rajasthan"".The reply of the Company is attached."
25-Apr-2016 16:35:00,Clarification,"ASTRAL:The Exchange has sought clarification from the Company with respect to announcement dated April 23, 2016 regarding ""Purchase of Land in Rajasthan""."".On basis of above the Company is required to"
23-Apr-2016 17:35:00,Updates,"Astral Poly Technik Limited has informed the Exchange vide letter dated April 23, 2016 regarding ""Purchase of Land in Rajasthan""."
11-Apr-2016 11:16:00,Updates,"Astral Poly Technik Limited has informed the Exchange that Mr Sandeep Engineer, Managing Director of the Company has been conferred with the coveted titled ""Inspiring Business Leader of India"" for dem"
08-Apr-2016 17:32:00,Disc. under Reg.30 of SEBI (SAST) Reg.2011,"Specialty Process LLC has submitted to the Exchange vide letter dated April 01, 2016 a copy of disclosure under Regulation 30(1) and 30(2) of SEBI (Substantial Acquisition of Shares & Takeovers) Regul"
08-Apr-2016 15:45:00,Disc. under Reg.30 of SEBI (SAST) Reg.2011,"Saumya Polymers LLP has submitted to the Exchange vide letter dated April 01, 2016  a copy of disclosure under Regulation 30(1) and 30(2) of SEBI (Substantial Acquisition of Shares & Takeovers) Regula"
08-Apr-2016 15:33:00,Disc. under Reg.30 of SEBI (SAST) Reg.2011,"Sandeep Engineer has submitted to the Exchange vide letter dated April 01, 2016 a copy of disclosure under Regulation 30(1) and 30(2) of SEBI (Substantial Acquisition of Shares & Takeovers) Regulation"
07-Apr-2016 17:39:00,Disc. under Reg.30 of SEBI (SAST) Reg.2011,"Kairav chemicals limited has submitted to the Exchange vide letter dated April 1, 2016 a copy of disclosure under Regulation 30(1) and 30(2) of SEBI (Substantial Acquisition of Shares & Takeovers) Reg"
07-Apr-2016 17:14:00,Disc. under Reg.30 of SEBI (SAST) Reg.2011,"Jagruti Engineer has submitted to the Exchange vide letter dated April 1, 2016  a copy of disclosure under Regulation 30(1) and 30(2) of SEBI (Substantial Acquisition of Shares & Takeovers) Regulation"
07-Apr-2016 16:38:00,Disc. under Reg.30 of SEBI (SAST) Reg.2011,"Mrs. Hansaben Engineer has submitted to the Exchange vide letter dated April 1, 2016 a copy of disclosure under Regulation 30(1) and 30(2) of SEBI (Substantial Acquisition of Shares & Takeovers) Regul"
10-Mar-2016 16:00:00,Dividend,"Astral Poly Technik Limited has informed the Exchange that the Board of Directors of the Company at its meeting held on March 10, 2016 has considered and approved Payment of Interim Dividend @ Rs. 0.2"
07-Mar-2016 17:59:00,Record Date,"Astral Poly Technik Limited has informed the Exchange March 18, 2016 shall be the Record Date for the purpose of payment of 2nd Interim dividend, if declared by the Board of Directors for the Financia"
07-Mar-2016 09:52:00,Trading Window,"Astral Poly Technik Limited has informed the Exchange that In accordance to the Code of Conduct of the Company for prohibition of insider trading, the ""Trading Window"" for dealing / trading in the sha"
15-Feb-2016 17:26:00,Updates,Astral Poly Technik Limited has informed the Exchange regarding Investor Presentation in Analyst /Institutional Meetings.
13-Feb-2016 16:36:00,Updates,"Astral Poly Technik Limited has informed the Exchange vide letter dated February 13, 2016 regarding"" Analyst and Investor's Conference call Q3FY16""."
12-Feb-2016 11:15:00,Updates,"Astral Poly Technik Limited has informed the Exchange that the respective subsidiary companies have on February 11, 2016 filed the Certified Order of Hon'ble high Court of Gujarat with the Registrar o"
11-Feb-2016 12:07:00,Updates,"Astral Poly Technik Limited has informed the Exchange vide letter dated February 11, 2016 regarding"" Schedule of Participation in Analyst /Institutional Meetings""."
10-Feb-2016 16:42:00,Press Release,"Astral Poly Technik Limited has informed the Exchange regarding Press Release dated February 10, 2016 title "" Astral Poly Technik delivers Consolidated top-line growth of 13% and EBDITA growth of 14% "
10-Feb-2016 15:47:35,Financial Result Updates,"Astral Poly Technik Limited has submitted to the Exchange the standalone & consolidated financial results along with the Limited Review Report for the period ended December 31, 2015."
10-Feb-2016 11:12:00,Updates,"Astral Poly Technik Limited has informed the Exchange regarding Conference Call on February 10, 2016."
01-Feb-2016 17:11:00,Trading Window,"Astral Poly Technik Limited has informed the Exchange that the ""Trading Window"" for dealing in the shares of the Company by Designated Persons shall remain closed from February 2, 2016 to February 12,"
19-Jan-2016 12:24:00,Amalgamation/Merger,"Astral Poly Technik Limited has informed the Exchange regarding ""Amalgamation of Subsidiary Companies""."
28-Dec-2015 11:12:00,Credit Rating,Astral Poly Technik Limited has informed the Exchange about the revision in Credit Rating by CRISIL.
07-Dec-2015 18:31:00,Updates,Astral Poly Technik Limited has informed the Exchange that the Board of Directors have approved and adopted following policies pursuant to the requirements of SEBI (Listing Obligation and Disclosure R
04-Dec-2015 10:07:00,Updates,"Astral Poly Technik Limited has informed the Exchange vide letter dated December 04, 2015 regarding ""Astral has been awarded India's Most Trusted Brand 2015 under Category of ""PVC Pipes""."
14-Nov-2015 12:12:00,ESOPs/ESOS/ESPS,"Astral Poly Technik Limited has informed the Exchange that the Shareholders of Astral Poly Technik Limited (""the Company"") approved the formulation and implementation of Astral Employee Stock Option S"
05-Nov-2015 16:31:00,Press Release,"Astral Poly Technik Limited has informed the Exchange regarding a press release dated November 05, 2015 titled ""Astral Poly Technik delivers Consolidated top-line growth of 31% and EBDITA growth of 32"
05-Nov-2015 15:48:00,Dividend,"Astral Poly Technik Limited has informed the Exchange that the Board of Directors of the Company at their meeting held on November 5, 2015 has inter alia considered and approved - Payment of Interim D"
05-Nov-2015 15:38:58,Financial Result Updates,Astral Poly Technik Limited has submitted to the exchange the standalone & consolidated financial results along with the Limited Review Report for the period ended 30-Sep-2015.
02-Nov-2015 19:38:00,Acquisition,Astral Poly Technik Limited has informed the Exchange regarding the updates on Acquisition and preferential allotment of shares.
26-Oct-2015 20:32:00,Record Date,"Astral Poly Technik Limited has informed the Exchange that the Company has fixed Record Date as November 10, 2015 for the purpose of interim dividend."
26-Oct-2015 16:25:00,Trading Window,"Astral Poly Technik Limited has informed the Exchange that the Trading window for dealing /trading in the shares of the Company by Designated Persons shall remain closed from October 28, 2015 to Novem"
23-Oct-2015 18:56:00,Postal Ballot Updates,Astral Poly Technik Limited has informed the Exchange the Postal Ballot Voting Results along with the scrutinizer's report
03-Oct-2015 12:59:00,Postal Ballot Updates,Astral Poly Technik Limited has submitted to the Exchange Corrigendum to Notice of Postal Ballot.
21-Sep-2015 08:23:00,Postal Ballot Updates,Astral Poly Technik Limited has submitted to the Exchange the Notice of Postal Ballot for passing the resolutions as set out in the notice by means of postal ballot.
18-Sep-2015 09:24:00,Outcome of Board Meeting,"Astral Poly Technik Limited has informed the Exchange that the Board of Directors in its meeting held on September 17, 2015 approved the followings;(1) Acquisition of balance 24% of equity share capit"
16-Sep-2015 18:14:00,Trading Window,"Astral Poly Technik Limited has informed the Exchange that the ""Trading Window "" for dealing/ trading in the shares of the Company by Designated Persons shall remain closed with immediate effect upto "
13-Aug-2015 11:17:00,Disclosure of Voting Pattern - Clause 35A,"Astral Poly Technik Limited has submitted to the Exchange a copy of voting results of Annual General Meeting of the Company held on August 11, 2015 along with a copy of Scrutinizer's Report pursuant t"
11-Aug-2015 19:13:00,Annual General Meeting Updates,"Astral Poly Technik Limited has informed the Exchange regarding the proceedings of the Annual General Meeting of the Company held on August 11, 2015."
11-Aug-2015 16:28:00,Press Release,"Astral Poly Technik Limited has informed the Exchange regarding a press release dated August 11, 2015 titled ""Astral Poly Technik delivers Consolidated top-line growth of 42% for the Q1 2015-2016""."
11-Aug-2015 15:41:01,Financial Result Updates,Astral Poly Technik Limited has submitted to the exchange the standalone & consolidated financial results along with the Limited Review Report for the period ended 30-Jun-2015.
01-Aug-2015 11:37:00,Trading Window,"Astral Poly Technik Limited has informed the Exchange that the trading window for dealing/trading in th shares of the Company by Designated Persons shall remain closed from August 03, 2015 to August 1"
14-Jul-2015 18:01:00,Annual General Meeting Updates,"Astral Poly Technik Limited has submitted to the Exchange a copy of notice of Annual General Meeting of the members of the company to be held on August 11, 2015."
14-Jul-2015 11:36:00,AGM/Book Closure,"Astral Poly Technik Limited has informed the Exchange that the Register of Members and Share Transfer Books of the Company shall remain closed from August 5, 2015 to August 11, 2015 for the purpose of"
03-Jul-2015 17:42:00,Updates,"Astral Poly Technik Limited has informed the Exchange the Change in E mail id for investor grievance as under:  Existing E-mail Id: co@astralcpvc.com, investor@astralcpvc.com  New(Changed) Email-id: c"
18-Jun-2015 16:27:00,Updates,"Astral Poly Technik Limited has informed the Exchange that the Company has closed down its operations at manufacturing unit at Baddi, Himachal Pradesh because it has become commercially unviable to ru"
28-May-2015 19:25:00,Dividend,"Astral Poly Technik Limited has informed the Exchange that the Board of Directors of the Company at its meeting held on May 28, 2015, has recommended final equity dividend of Re. 0.225/- (i.e. 22.5%) "
28-May-2015 17:23:03,Financial Result Updates,Astral Poly Technik Limited has submitted to the exchange the standalone financial results for the period ended 31-Mar-2015.
18-May-2015 16:39:00,Trading Window,"Astral Poly Technik Limited has informed the Exchange that the 'Trading Window' for dealing / trading in the shares of the Company by Insiders, shall remain closed from May 21, 2015 to May 30, 2015 (b"
15-May-2015 10:49:00,Updates,"Astral Poly Technik Limited has informed the Exchange that Pursuant to Regulation 8 of Securities and Exchange Board of India (Prohibition of Insider Trading) Regulations, 2015 the Board of Directors "
15-Apr-2015 11:04:00,Disc. under Reg.30 of SEBI (SAST) Reg.2011,"Rekha Bipin Mehta has submitted to the Exchange vide letter dated April 01, 2015 a copy of disclosure under Regulation 30(1) and 30(2) of SEBI (Substantial Acquisition of Shares & Takeovers) Regulatio"
15-Apr-2015 11:03:00,Disc. under Reg.30 of SEBI (SAST) Reg.2011,"Saumya Polymers LLP has submitted to the Exchange vide letter dated April 01, 2015 a copy of disclosure under Regulation 30(1) and 30(2) of SEBI (Substantial Acquisition of Shares & Takeovers) Regulat"
15-Apr-2015 11:03:00,Disc. under Reg.30 of SEBI (SAST) Reg.2011,"Sandeep P. Engineer has submitted to the Exchange vide letter dated April 01, 2015 a copy of disclosure under Regulation 30(1) and 30(2) of SEBI (Substantial Acquisition of Shares & Takeovers) Regulat"
15-Apr-2015 11:03:00,Disc. under Reg.30 of SEBI (SAST) Reg.2011,"Hansa Engineer has submitted to the Exchange vide letter dated April 01, 2015 a copy of disclosure under Regulation 30(1) and 30(2) of SEBI (Substantial Acquisition of Shares & Takeovers) Regulations,"
15-Apr-2015 11:02:00,Disc. under Reg.30 of SEBI (SAST) Reg.2011,"Kairav Chemicals Limited has submitted to the Exchange vide letter dated April 01, 2015 a copy of disclosure under Regulation 30(1) and 30(2) of SEBI (Substantial Acquisition of Shares & Takeovers) Re"
15-Apr-2015 10:47:00,Disc. under Reg.30 of SEBI (SAST) Reg.2011,"Jagruti Engineer has submitted to the Exchange vide letter dated April 01, 2015 a copy of disclosure under Regulation 30(1) and 30(2) of SEBI (Substantial Acquisition of Shares & Takeovers) Regulation"
15-Apr-2015 10:45:00,Disc. under Reg.30 of SEBI (SAST) Reg.2011,"Specialty Process LLC has submitted to the Exchange vide letter dated April 01, 2015 a copy of disclosure under Regulation 30(1) and 30(2) of SEBI (Substantial Acquisition of Shares & Takeovers) Regul"
02-Feb-2015 12:07:00,Change in Company Secretary/Compliance Officer,"Astral Poly Technik Limited has informed the Exchange that Mr. Amish Shah, Company Secretary & Compliance officer of the Company has resigned from the post of Company Secretary & Compliance Officer w."
28-Jan-2015 16:27:00,Outcome of Board Meeting,"Astral Poly Technik Limited has informed the Exchange that the Board of Directors of the Company at its meeting held on January 28, 2015 has inter alia consider and approved -  1. Appointment of Mr. N"
28-Jan-2015 16:15:02,Financial Result Updates,Astral Poly Technik Limited has submitted to the exchange the standalone financial results along with the Limited Review Report for the period ended 31-Dec-2014.
27-Jan-2015 20:01:00,Disclosure of Voting Pattern - Clause 35A,Astral Poly Technik Limited has submitted to the Exchange a copy of Result of Postal Ballot & Voting Results as per clause 35A of Listing Agreement along with a copy of Scrutinizer's Report.
19-Jan-2015 17:45:00,Trading Window,"Astral Poly Technik Limited has informed the Exchange that the 'Trading Window' for dealing / trading in the shares of the Company by Insiders, shall remain closed from date of notice till the complet"
