date,desc,text
04-Jul-2026 20:27:57,Press Release,"CG Power and Industrial Solutions Limited has informed the Exchange regarding a press release dated July 04, 2026, titled ""CG Semi commences commercial production at its G1 OSAT facility in Sanand, Gu"
01-Jul-2026 13:49:55,Copy of Newspaper Publication,CG Power and Industrial Solutions Limited has informed the Exchange about Copy of Newspaper Publication
01-Jul-2026 11:53:44,Disclosure under SEBI Takeover Regulations,Tube Investments of India Limited has Submitted to the Exchange a copy of Disclosure under Regulation 31(4) of the Securities and Exchange Board of India (Substantial Acquisition of Shares and Takeove
30-Jun-2026 16:24:22,Shareholders meeting,"CG Power and Industrial Solutions Limited has informed the Exchange regarding Notice of Annual General Meeting to be held on July 24, 2026"
26-Jun-2026 15:50:12,Trading Window,"CG Power and Industrial Solutions Limited has informed the Exchange regarding the Trading Window closure pursuant to SEBI (Prohibition of Insider Trading) Regulations, 2015"
24-Jun-2026 11:46:09,Disclosure under SEBI Takeover Regulations,Tube Investments of India Limited has Submitted to the Exchange a copy of Disclosure under Regulation 31(4) and 31 (5) of the Securities and Exchange Board of India (Substantial Acquisition of Shares 
23-Jun-2026 11:41:08,Analysts/Institutional Investor Meet/Con. Call Updates,CG Power and Industrial Solutions Limited has informed the Exchange about Schedule of meet
15-Jun-2026 18:32:50,ESOP/ESOS/ESPS,CG Power and Industrial Solutions Limited has informed the Exchange regarding Allotment of 21000  Shares.
10-Jun-2026 16:16:24,Analysts/Institutional Investor Meet/Con. Call Updates,CG Power and Industrial Solutions Limited has informed the Exchange about Schedule of meet
08-Jun-2026 12:27:25,Analysts/Institutional Investor Meet/Con. Call Updates,CG Power and Industrial Solutions Limited has informed the Exchange about Schedule of meet
08-Jun-2026 12:27:25,Analysts/Institutional Investor Meet/Con. Call Updates,CG Power and Industrial Solutions Limited has informed the Exchange about Schedule of meet
04-Jun-2026 17:39:16,Capacity addition,CG Power and Industrial Solutions Limited has informed the Exchange about Capacity addition
04-Jun-2026 17:39:16,Press Release,"CG Power and Industrial Solutions Limited has informed the Exchange regarding a press release dated Jun 04, 2026, titled ""Press Release dated 4th June, 2026""."
04-Jun-2026 15:28:06,Analysts/Institutional Investor Meet/Con. Call Updates,CG Power and Industrial Solutions Limited has informed the Exchange about Schedule of meet
02-Jun-2026 11:26:56,Analysts/Institutional Investor Meet/Con. Call Updates,CG Power and Industrial Solutions Limited has informed the Exchange about Schedule of meet
29-May-2026 23:57:29,ESOP/ESOS/ESPS,CG Power and Industrial Solutions Limited has informed the Exchange regarding Allotment of 1000  Shares.
18-May-2026 18:52:21,ESOP/ESOS/ESPS,CG Power and Industrial Solutions Limited has informed the Exchange regarding Allotment of 20500  Shares.
12-May-2026 15:51:38,Analysts/Institutional Investor Meet/Con. Call Updates,CG Power and Industrial Solutions Limited has informed the Exchange about Transcript
06-May-2026 19:47:20,Analysts/Institutional Investor Meet/Con. Call Updates,CG Power and Industrial Solutions Limited has informed the Exchange about Link of Recording
06-May-2026 17:21:08,General Updates,CG Power and Industrial Solutions Limited has informed the Exchange about General Updates
06-May-2026 16:52:02,Monitoring Agency Report,"Please find enclosed the disclosure regarding Monitoring Agency Report for the quarter ended 31st March, 2026."
06-May-2026 15:56:47,Statement of deviation(s) or variation(s) under Reg. 32,CG Power and Industrial Solutions Limited has informed the Exchange about statement of deviation(s) or variation(s) under Reg. 32
06-May-2026 15:21:03,Press Release (Revised),"CG Power and Industrial Solutions Limited has informed the Exchange regarding a revised press release dated May 06, 2026, titled ""Q4 Results-FY 2025-26""."
06-May-2026 14:40:09,Press Release,"CG Power and Industrial Solutions Limited has informed the Exchange regarding a press release dated May 06, 2026, titled ""Results-Q4-FY 2025-26""."
06-May-2026 14:30:57,Outcome of Board Meeting,"CG Power and Industrial Solutions Limited has submitted to the Exchange, the financial results for the period ended March 31, 2026."
29-Apr-2026 12:59:55,Analysts/Institutional Investor Meet/Con. Call Updates,CG Power and Industrial Solutions Limited has informed the Exchange about Schedule of meet
21-Apr-2026 18:42:30,Disclosure of material issue,CG Power and Industrial Solutions Limited has informed regarding Disclosure of material issue
17-Apr-2026 16:44:11,ESOP/ESOS/ESPS,CG Power and Industrial Solutions Limited has informed the Exchange regarding Allotment of 15500  Shares.
15-Apr-2026 08:57:11,Press Release,"CG Power and Industrial Solutions Limited has informed the Exchange regarding a press release dated April 15, 2026, titled ""Press Release""."
14-Apr-2026 14:52:57,"Certificate under SEBI (Depositories and Participants) Regulations, 2018","CG Power and Industrial Solutions Limited has informed the Exchange about Certificate under SEBI (Depositories and Participants) Regulations, 2018"
14-Apr-2026 12:30:48,Change in Management,CG Power and Industrial Solutions Limited has informed the Exchange about change in Management
01-Apr-2026 20:29:10,General Updates,CG Power and Industrial Solutions Limited has informed the Exchange about General Updates
28-Mar-2026 13:44:27,Trading Window,"CG Power and Industrial Solutions Limited has informed the Exchange regarding the Trading Window closure pursuant to SEBI (Prohibition of Insider Trading) Regulations, 2015"
25-Mar-2026 14:25:27,ESOP/ESOS/ESPS,CG Power and Industrial Solutions Limited has informed the Exchange regarding Allotment of 3640  Shares.
19-Mar-2026 22:15:52,Credit Rating,CG Power and Industrial Solutions Limited has informed the Exchange about Credit Rating
19-Mar-2026 08:59:36,Resignation,"CG Power and Industrial Solutions Limited has informed the Exchange regarding Resignation of Mr Sriram Rangarajan as Other of the company w.e.f. March 19, 2026."
18-Mar-2026 16:47:19,General Updates,CG Power and Industrial Solutions Limited has informed the Exchange about General Updates
18-Mar-2026 10:15:54,Analysts/Institutional Investor Meet/Con. Call Updates,CG Power and Industrial Solutions Limited has informed the Exchange about Schedule of meet
12-Mar-2026 12:23:59,Analysts/Institutional Investor Meet/Con. Call Updates,CG Power and Industrial Solutions Limited has informed the Exchange about Schedule of meet
12-Mar-2026 12:23:59,Analysts/Institutional Investor Meet/Con. Call Updates,CG Power and Industrial Solutions Limited has informed the Exchange about Schedule of meet
12-Mar-2026 12:23:59,Analysts/Institutional Investor Meet/Con. Call Updates,CG Power and Industrial Solutions Limited has informed the Exchange about Schedule of meet
10-Mar-2026 19:14:58,ESOP/ESOS/ESPS,CG Power and Industrial Solutions Limited has informed the Exchange regarding Allotment of 3000  Shares.
06-Mar-2026 22:36:52,Shareholders meeting,"CG Power and Industrial Solutions Limited has submitted the Exchange a copy Srutinizers report of  Postal Ballot. Further, the company has informed the Exchange regarding voting results."
05-Mar-2026 17:18:53,Disclosure of material issue,CG Power and Industrial Solutions Limited has informed regarding Disclosure of material issue
03-Mar-2026 15:24:08,ESOP/ESOS/ESPS,CG Power and Industrial Solutions Limited has informed the Exchange regarding Allotment of 6000  Shares.
25-Feb-2026 21:16:35,General Updates,CG Power and Industrial Solutions Limited has informed the Exchange about General Updates
24-Feb-2026 16:22:54,ESOP/ESOS/ESPS,CG Power and Industrial Solutions Limited has informed the Exchange regarding Allotment of 6000  Shares.
13-Feb-2026 15:18:28,Copy of Newspaper Publication,CG Power and Industrial Solutions Limited has informed the Exchange about Copy of Newspaper Publication
06-Feb-2026 19:25:16,ESOP/ESOS/ESPS,CG Power and Industrial Solutions Limited has informed the Exchange regarding Allotment of 10000  Shares.
04-Feb-2026 23:27:48,Copy of Newspaper Publication,CG Power and Industrial Solutions Limited has informed the Exchange about Copy of Newspaper Publication
03-Feb-2026 20:38:14,Shareholders meeting,CG Power and Industrial Solutions Limited has informed the Exchange regarding Notice of Postal Ballot
02-Feb-2026 21:42:32,Analysts/Institutional Investor Meet/Con. Call Updates,CG Power and Industrial Solutions Limited has informed the Exchange about Schedule of meet
02-Feb-2026 21:42:32,Analysts/Institutional Investor Meet/Con. Call Updates,CG Power and Industrial Solutions Limited has informed the Exchange about Schedule of meet
02-Feb-2026 21:42:32,Analysts/Institutional Investor Meet/Con. Call Updates,CG Power and Industrial Solutions Limited has informed the Exchange about Schedule of meet
02-Feb-2026 21:27:42,Analysts/Institutional Investor Meet/Con. Call Updates,CG Power and Industrial Solutions Limited has informed the Exchange about Transcript
30-Jan-2026 22:19:06,Updates,CG Power and Industrial Solutions Limited has informed the Exchange regarding 'Disclosure regarding application with stock exchanges for reclassification of promoter'.
30-Jan-2026 15:22:48,Press Release,"CG Power and Industrial Solutions Limited has informed the Exchange regarding a press release dated January 30, 2026, titled ""Press Release dated 30th January 2026""."
30-Jan-2026 12:42:44,Monitoring Agency Report,Please find enclosed revised Monitoring Agency Report for the quarter ended 31st December 2025.
29-Jan-2026 19:20:19,Pendency of Litigation(s)/dispute(s) or the outcome impacting the Company,CG Power and Industrial Solutions Limited has informed the Exchange about Pendency of Litigation(s)/dispute(s) or the outcome impacting the Company
29-Jan-2026 19:20:19,Pendency of Litigation(s)/dispute(s) or the outcome impacting the Company,CG Power and Industrial Solutions Limited has informed the Exchange about Pendency of Litigation(s)/dispute(s) or the outcome impacting the Company
29-Jan-2026 19:20:19,Pendency of Litigation(s)/dispute(s) or the outcome impacting the Company,CG Power and Industrial Solutions Limited has informed the Exchange about Pendency of Litigation(s)/dispute(s) or the outcome impacting the Company
29-Jan-2026 11:38:42,Analysts/Institutional Investor Meet/Con. Call Updates,CG Power and Industrial Solutions Limited has informed the Exchange about Schedule of meet
27-Jan-2026 19:30:30,Analysts/Institutional Investor Meet/Con. Call Updates,CG Power and Industrial Solutions Limited has informed the Exchange about Link of Recording
27-Jan-2026 16:32:06,Monitoring Agency Report,"Please find enclosed the Monitoring Agency Report for the quarter ended 31st December, 2025"
27-Jan-2026 16:02:57,Statement of deviation(s) or variation(s) under Reg. 32,CG Power and Industrial Solutions Limited has informed the Exchange about statement of deviation(s) or variation(s) under Reg. 32
27-Jan-2026 15:50:11,General Updates,CG Power and Industrial Solutions Limited has informed the Exchange about General Updates regarding re-classification of a member of Promoter Group to Public on receipt of the request letter.
27-Jan-2026 15:46:27,Appointment,"CG Power and Industrial Solutions Limited has informed the Exchange regarding re-appointment of Mr Sriram Sivaram as Non- Executive Independent Director of the company w.e.f. Jun 10, 2026."
27-Jan-2026 14:55:46,Press Release,"CG Power and Industrial Solutions Limited has informed the Exchange regarding a press release dated January 27, 2026, titled ""Q3-FY 2025-26 results""."
27-Jan-2026 14:52:11,Record Date,CG Power and Industrial Solutions Limited has informed the Exchange that Record date for the purpose of Dividend  is 01-Feb-2026.
27-Jan-2026 14:44:58,Dividend,"CG Power and Industrial Solutions Limited has informed the Exchange that Board of Directors at its meeting held on January 27, 2026, declared Interim Dividend of Rs. 1.30 per equity share."
27-Jan-2026 14:44:58,Outcome of Board Meeting,"CG Power and Industrial Solutions Limited has submitted to the Exchange, the financial results for the period ended December 31, 2025."
22-Jan-2026 12:27:15,ESOP/ESOS/ESPS,CG Power and Industrial Solutions Limited has informed the Exchange regarding Allotment of 15000  Shares.
19-Jan-2026 23:31:43,Analysts/Institutional Investor Meet/Con. Call Updates,CG Power and Industrial Solutions Limited has informed the Exchange about Schedule of meet
17-Jan-2026 20:43:50,Press Release,"CG Power and Industrial Solutions Limited has informed the Exchange regarding a press release dated January 17, 2026, titled ""Press Release dated 17th January 2026""."
07-Jan-2026 12:35:59,ESOP/ESOS/ESPS,CG Power and Industrial Solutions Limited has informed the Exchange regarding Allotment of 10000  Shares.
06-Jan-2026 15:16:58,"Certificate under SEBI (Depositories and Participants) Regulations, 2018","CG Power and Industrial Solutions Limited has informed the Exchange about Certificate under SEBI (Depositories and Participants) Regulations, 2018"
02-Jan-2026 12:28:13,Appointment,"CG Power and Industrial Solutions Limited has informed the Exchange regarding Appointment of Mr Dhananjay Bapat as Other of the company w.e.f. January 02, 2026."
02-Jan-2026 12:28:13,Resignation,"CG Power and Industrial Solutions Limited has informed the Exchange regarding Resignation of Mr Chidambaram Balakrishnan as Other of the company w.e.f. January 01, 2026."
30-Dec-2025 22:23:24,ESOP/ESOS/ESPS,CG Power and Industrial Solutions Limited has informed the Exchange regarding Allotment of 5000  Shares.
26-Dec-2025 16:14:09,Trading Window,"CG Power and Industrial Solutions Limited has informed the Exchange regarding the Trading Window closure pursuant to SEBI (Prohibition of Insider Trading) Regulations, 2015"
23-Dec-2025 14:13:33,Allotment of Securities,"CG Power and Industrial Solutions Limited has informed the Exchange regarding allotment of 5000 securities pursuant to ESOP/ESPS at its meeting held on December 23, 2025"
23-Dec-2025 09:37:30,Analysts/Institutional Investor Meet/Con. Call Updates,CG Power and Industrial Solutions Limited has informed the Exchange about Schedule of meet
18-Dec-2025 15:16:00,Updates,"CG Power and Industrial Solutions Limited has informed the Exchange regarding 'Disclosure under Regulation 31A of SEBI LODR, Regulations, 2015'."
11-Dec-2025 23:15:31,ESOP/ESOS/ESPS,CG Power and Industrial Solutions Limited has informed the Exchange regarding Allotment of 40000  Shares.
05-Dec-2025 20:57:09,General Updates,CG Power and Industrial Solutions Limited has informed the Exchange about General Updates
05-Dec-2025 20:53:40,General Updates,CG Power and Industrial Solutions Limited has informed the Exchange about General Updates
28-Nov-2025 14:10:51,ESOP/ESOS/ESPS,CG Power and Industrial Solutions Limited has informed the Exchange regarding Allotment of 15000  Shares.
24-Nov-2025 08:51:22,Press Release,"CG Power and Industrial Solutions Limited has informed the Exchange regarding a press release dated November 24, 2025, titled ""Press Release dated 24th November, 2025""."
19-Nov-2025 19:00:09,Pendency of Litigation(s)/dispute(s) or the outcome impacting the Company,CG Power and Industrial Solutions Limited has informed the Exchange about Pendency of Litigation(s)/dispute(s) or the outcome impacting the Company
18-Nov-2025 19:52:53,ESOP/ESOS/ESPS,CG Power and Industrial Solutions Limited has informed the Exchange regarding Allotment of 21800  Shares.
18-Nov-2025 19:49:21,Pendency of Litigation(s)/dispute(s) or the outcome impacting the Company,CG Power and Industrial Solutions Limited has informed the Exchange about Pendency of Litigation(s)/dispute(s) or the outcome impacting the Company
13-Nov-2025 19:36:07,Analysts/Institutional Investor Meet/Con. Call Updates,CG Power and Industrial Solutions Limited has informed the Exchange about Schedule of meet
13-Nov-2025 08:33:12,Analysts/Institutional Investor Meet/Con. Call Updates,CG Power and Industrial Solutions Limited has informed the Exchange about Schedule of meet
11-Nov-2025 11:11:03,Analysts/Institutional Investor Meet/Con. Call Updates,CG Power and Industrial Solutions Limited has informed the Exchange about Schedule of meet
11-Nov-2025 11:11:03,Analysts/Institutional Investor Meet/Con. Call Updates,CG Power and Industrial Solutions Limited has informed the Exchange about Schedule of meet
11-Nov-2025 11:11:03,Analysts/Institutional Investor Meet/Con. Call Updates,CG Power and Industrial Solutions Limited has informed the Exchange about Schedule of meet
11-Nov-2025 11:11:03,Analysts/Institutional Investor Meet/Con. Call Updates,CG Power and Industrial Solutions Limited has informed the Exchange about Schedule of meet
11-Nov-2025 11:11:03,Analysts/Institutional Investor Meet/Con. Call Updates,CG Power and Industrial Solutions Limited has informed the Exchange about Schedule of meet
10-Nov-2025 12:03:24,Monitoring Agency Report,"Monitoring Agency Report for the quarter ended 30th September, 2025"
06-Nov-2025 19:21:49,Updates,CG Power and Industrial Solutions Limited has informed the Exchange regarding 'Disclosure under Regulation 31A of SEBI LODR'.
05-Nov-2025 10:45:58,Allotment of Securities,"CG Power and Industrial Solutions Limited has informed the Exchange regarding allotment of 11000 securities pursuant to ESOP/ESPS at its meeting held on November 05, 2025"
04-Nov-2025 12:47:36,Analysts/Institutional Investor Meet/Con. Call Updates,CG Power and Industrial Solutions Limited has informed the Exchange about Transcript
31-Oct-2025 17:28:34,Retirement,CG Power and Industrial Solutions Limited has informed the Exchange about Retirement
29-Oct-2025 18:33:53,Statement of deviation(s) or variation(s) under Reg. 32,CG Power and Industrial Solutions Limited has informed the Exchange about statement of deviation(s) or variation(s) under Reg. 32
29-Oct-2025 18:22:38,Analysts/Institutional Investor Meet/Con. Call Updates,CG Power and Industrial Solutions Limited has informed the Exchange about Link of Recording
29-Oct-2025 15:06:49,Press Release,"CG Power and Industrial Solutions Limited has informed the Exchange regarding a press release dated October 29, 2025, titled ""Press Release dated 29th October, 2025""."
29-Oct-2025 14:44:14,Outcome of Board Meeting,"CG Power and Industrial Solutions Limited has submitted to the Exchange, the financial results for the period ended September 30, 2025."
29-Oct-2025 14:44:14,Outcome of Board Meeting,"CG Power and Industrial Solutions Limited has informed the Exchange regarding Outcome of Board Meeting held on October 29, 2025."
29-Oct-2025 14:40:13,Outcome of Board Meeting,"CG Power and Industrial Solutions Limited has informed the Exchange regarding  Board meeting held on October 29, 2025."
24-Oct-2025 15:06:17,Analysts/Institutional Investor Meet/Con. Call Updates,CG Power and Industrial Solutions Limited has informed the Exchange about Schedule of meet
16-Oct-2025 16:23:56,"Certificate under SEBI (Depositories and Participants) Regulations, 2018","CG Power and Industrial Solutions Limited has informed the Exchange about Certificate under SEBI (Depositories and Participants) Regulations, 2018"
14-Oct-2025 13:01:46,Allotment of Securities,"CG Power and Industrial Solutions Limited has informed the Exchange regarding allotment of 40000 securities pursuant to ESOP/ESPS at its meeting held on October 14, 2025"
08-Oct-2025 11:20:43,"Certificate under SEBI (Depositories and Participants) Regulations, 2018","CG Power and Industrial Solutions Limited has informed the Exchange about Certificate under SEBI (Depositories and Participants) Regulations, 2018"
30-Sep-2025 14:47:21,Allotment of Securities,"CG Power and Industrial Solutions Limited has informed the Exchange regarding allotment of 23000 securities pursuant to ESOP/ESPS at its meeting held on September 30, 2025"
30-Sep-2025 14:34:15,Appointment,"CG Power and Industrial Solutions Limited has informed the Exchange regarding Appointment of Ms Vrushali Kedar Gadkari  as Other of the company w.e.f. September 30, 2025."
29-Sep-2025 17:56:33,Resignation,"CG Power and Industrial Solutions Limited has informed the Exchange regarding Resignation of Mr Mehernosh Mehta as Other of the company w.e.f. September 29, 2025."
26-Sep-2025 21:11:17,Updates,CG Power and Industrial Solutions Limited has informed the Exchange regarding 'Receipt of request of reclassification of Promoter Group of the Company'.
26-Sep-2025 20:54:36,Trading Window,"CG Power and Industrial Solutions Limited has informed the Exchange regarding the Trading Window closure pursuant to SEBI (Prohibition of Insider Trading) Regulations, 2015"
23-Sep-2025 12:30:46,Allotment of Securities,"CG Power and Industrial Solutions Limited has informed the Exchange regarding allotment of 15800 securities pursuant to ESOP/ESPS at its meeting held on September 23, 2025"
22-Sep-2025 14:57:50,Analysts/Institutional Investor Meet/Con. Call Updates,CG Power and Industrial Solutions Limited has informed the Exchange about Schedule of meet
17-Sep-2025 15:25:05,Updates,"CG Power and Industrial Solutions Limited has informed the Exchange regarding ''Intimation Under Regulation 30 Read With Regulation 31(A)(8) Of SEBI (LODR), 2015 Following Receipt Of Request For Re-Cl"
09-Sep-2025 15:34:09,Allotment of Securities,"CG Power and Industrial Solutions Limited has informed the Exchange regarding allotment of 5600 securities pursuant to ESOP/ESPS at its meeting held on September 09, 2025"
03-Sep-2025 12:48:22,Allotment of Securities,"CG Power and Industrial Solutions Limited has informed the Exchange regarding allotment of 71980 securities pursuant to ESOP/ESPS at its meeting held on September 03, 2025"
02-Sep-2025 08:15:10,Analysts/Institutional Investor Meet/Con. Call Updates,CG Power and Industrial Solutions Limited has informed the Exchange about Schedule of meet
28-Aug-2025 17:38:31,Press Release,"CG Power and Industrial Solutions Limited has informed the Exchange regarding a press release dated August 28, 2025, titled ""Press Release dated 28th August 2025""."
23-Aug-2025 15:03:09,Pendency of Litigation(s)/dispute(s) or the outcome impacting the Company,CG Power and Industrial Solutions Limited has informed the Exchange about Pendency of Litigation(s)/dispute(s) or the outcome impacting the Company
11-Aug-2025 22:54:56,Press Release,"CG Power and Industrial Solutions Limited has informed the Exchange regarding a press release dated August 11, 2025, titled ""Press Release issued by CG DE SUB LLC, a wholly owned step down subsidiary "
11-Aug-2025 15:44:46,Analysts/Institutional Investor Meet/Con. Call Updates,CG Power and Industrial Solutions Limited has informed the Exchange about Schedule of meet
11-Aug-2025 15:44:46,Analysts/Institutional Investor Meet/Con. Call Updates,CG Power and Industrial Solutions Limited has informed the Exchange about Schedule of meet
11-Aug-2025 15:44:46,Analysts/Institutional Investor Meet/Con. Call Updates,CG Power and Industrial Solutions Limited has informed the Exchange about Schedule of meet
08-Aug-2025 10:20:49,Allotment of Securities,"CG Power and Industrial Solutions Limited has informed the Exchange regarding allotment of 52000 securities pursuant to ESOP/ESPS at its meeting held on August 08, 2025"
06-Aug-2025 14:35:07,Copy of Newspaper Publication,CG Power and Industrial Solutions Limited has informed the Exchange about Copy of Newspaper Publication
02-Aug-2025 12:25:59,General Updates,CG Power and Industrial Solutions Limited has informed the Exchange about General Updates
30-Jul-2025 20:51:10,ESOP/ESOS/ESPS,CG Power and Industrial Solutions Limited has informed the Exchange regarding Allotment of 11000  Shares.
30-Jul-2025 19:59:12,Analysts/Institutional Investor Meet/Con. Call Updates,CG Power and Industrial Solutions Limited has informed the Exchange about Transcript
26-Jul-2025 14:18:29,Pendency of Litigation(s)/dispute(s) or the outcome impacting the Company,CG Power and Industrial Solutions Limited has informed the Exchange about Pendency of Litigation(s)/dispute(s) or the outcome impacting the Company
25-Jul-2025 21:19:35,Shareholders meeting,"CG Power and Industrial Solutions Limited has submitted the Exchange a copy Srutinizers report of  Annual General Meeting held on July 24, 2025"
24-Jul-2025 20:53:51,Analysts/Institutional Investor Meet/Con. Call Updates,CG Power and Industrial Solutions Limited has informed the Exchange about Link of Recording
24-Jul-2025 18:02:56,Shareholders meeting,"CG Power and Industrial Solutions Limited has informed the Exchange regarding Proceedings of  Annual General Meeting held on July 24, 2025. Further, the company has informed the Exchange regarding vot"
24-Jul-2025 14:29:01,Press Release,"CG Power and Industrial Solutions Limited has informed the Exchange regarding a press release dated July 24, 2025, titled ""Q1 FY 2024-25 financial results""."
24-Jul-2025 14:17:26,Outcome of Board Meeting,"CG Power and Industrial Solutions Limited has submitted to the Exchange, the financial results for the period ended Jun 30, 2025."
21-Jul-2025 16:02:45,Analysts/Institutional Investor Meet/Con. Call Updates,CG Power and Industrial Solutions Limited has informed the Exchange about Schedule of meet
11-Jul-2025 21:19:27,Allotment of Securities,"CG Power and Industrial Solutions Limited has informed the Exchange regarding allotment of 7000 securities pursuant to ESOP/ESPS at its meeting held on July 11, 2025"
09-Jul-2025 16:07:53,"Certificate under SEBI (Depositories and Participants) Regulations, 2018","CG Power and Industrial Solutions Limited has informed the Exchange about Certificate under SEBI (Depositories and Participants) Regulations, 2018"
04-Jul-2025 19:32:41,Allotment of Securities,"CG Power and Industrial Solutions Limited has informed the Exchange regarding allotment of 45454545 securities pursuant to Qualified Institution Placement at its meeting held on July 04, 2025"
03-Jul-2025 22:23:40,Qualified Institutional Placement,CG Power and Industrial Solutions Limited has informed the Exchange about qualified Institutional Placement
02-Jul-2025 20:48:50,Shareholders meeting,"CG Power and Industrial Solutions Limited has informed the Exchange regarding Notice of Annual General Meeting to be held on July 24, 2025"
30-Jun-2025 20:23:02,Qualified Institutional Placement,CG Power and Industrial Solutions Limited has informed the Exchange about qualified Institutional Placement
28-Jun-2025 20:00:45,Trading Window,"CG Power and Industrial Solutions Limited has informed the Exchange regarding the Trading Window closure pursuant to SEBI (Prohibition of Insider Trading) Regulations, 2015"
27-Jun-2025 16:49:19,Cessation,"CG Power and Industrial Solutions Limited has informed the Exchange regarding Cessation of Mr Mukul Srivastava as Other of the company w.e.f. Jun 27, 2025."
24-Jun-2025 16:56:25,Updates,CG Power and Industrial Solutions Limited has informed the Exchange regarding 'Disclosure under Regulation 30 of SEBI LODR'.
23-Jun-2025 16:23:19,Analysts/Institutional Investor Meet/Con. Call Updates,CG Power and Industrial Solutions Limited has informed the Exchange about Schedule of meet
19-Jun-2025 21:05:44,Analysts/Institutional Investor Meet/Con. Call Updates,CG Power and Industrial Solutions Limited has informed the Exchange about Schedule of meet
18-Jun-2025 18:06:02,Disclosure under SEBI Takeover Regulations,Tube Investments Of India Ltd has Submitted to the Exchange a copy of Disclosure under Regulation 31(4) of the Securities and Exchange Board of India (Substantial Acquisition of Shares and Takeovers) 
17-Jun-2025 14:54:12,Press Release,"CG Power and Industrial Solutions Limited has informed the Exchange regarding a press release dated Jun 17, 2025, titled ""Press Release dated 17th June 2025""."
14-Jun-2025 12:57:44,Analysts/Institutional Investor Meet/Con. Call Updates,CG Power and Industrial Solutions Limited has informed the Exchange about Schedule of meet
14-Jun-2025 12:57:44,Analysts/Institutional Investor Meet/Con. Call Updates,CG Power and Industrial Solutions Limited has informed the Exchange about Schedule of meet
13-Jun-2025 10:56:08,ESOP/ESOS/ESPS,CG Power and Industrial Solutions Limited has informed the Exchange regarding Allotment of 41200  Shares.
06-Jun-2025 17:46:29,Rumour Verification - Regulation 30(11),CG Power and Industrial Solutions Limited has informed the Exchange about Rumour Verification - Regulation 30(11)
06-Jun-2025 16:15:44,Rumour Verification - Regulation 30(11),CG Power and Industrial Solutions Limited has informed the Exchange about Rumour Verification - Regulation 30(11)
06-Jun-2025 10:55:57,ESOP/ESOS/ESPS,CG Power and Industrial Solutions Limited has informed the Exchange regarding Allotment of 6500  Shares.
02-Jun-2025 18:43:39,Appointment,"CG Power and Industrial Solutions Limited has informed the Exchange regarding Appointment of Mr Jatinder Kaul as Other of the company w.e.f. Jun 02, 2025."
02-Jun-2025 18:43:39,Cessation,"CG Power and Industrial Solutions Limited has informed the Exchange regarding Cessation of Mr Indraneel Dhaneshwar as Other of the company w.e.f. Jun 02, 2025."
28-May-2025 16:13:18,Allotment of Securities,"CG Power and Industrial Solutions Limited has informed the Exchange regarding allotment of 6000 securities pursuant to ESOP/ESPS at its meeting held on May 28, 2025"
22-May-2025 21:50:27,Change in Management,CG Power and Industrial Solutions Limited has informed the Exchange about change in Management
12-May-2025 16:24:50,Analysts/Institutional Investor Meet/Con. Call Updates,CG Power and Industrial Solutions Limited has informed the Exchange about Transcript
12-May-2025 12:54:19,Disclosure under SEBI Takeover Regulations,Tube Investments of India Limited has Submitted to the Exchange a copy of Disclosure under Regulation 31(4) of the Securities and Exchange Board of India (Substantial Acquisition of Shares and Takeove
08-May-2025 15:23:09,ESOP/ESOS/ESPS,CG Power and Industrial Solutions Limited has informed the Exchange regarding Exercise of 20740  Options.
08-May-2025 15:07:54,Updates,CG Power and Industrial Solutions Limited has informed the Exchange regarding 'Update on BTW'.
06-May-2025 18:18:14,Analysts/Institutional Investor Meet/Con. Call Updates,CG Power and Industrial Solutions Limited has informed the Exchange about Link of Recording
06-May-2025 15:24:13,Updates,CG Power and Industrial Solutions Limited has informed the Exchange regarding 'Intimation of 88th AGM of the Company'.
06-May-2025 14:53:36,Press Release,"CG Power and Industrial Solutions Limited has informed the Exchange regarding a press release dated May 06, 2025, titled ""4th quarter and year ended 31st March 2025""."
06-May-2025 14:39:00,Outcome of Board Meeting,"CG Power and Industrial Solutions Limited has informed the Exchange regarding Outcome of Board Meeting held on May 06, 2025."
06-May-2025 14:39:00,Outcome of Board Meeting,"CG Power and Industrial Solutions Limited has informed the Exchange regarding Outcome of Board Meeting held on May 06, 2025."
30-Apr-2025 23:02:59,Analysts/Institutional Investor Meet/Con. Call Updates,CG Power and Industrial Solutions Limited has informed the Exchange about Schedule of meet
30-Apr-2025 17:43:32,Analysts/Institutional Investor Meet/Con. Call Updates,CG Power and Industrial Solutions Limited has informed the Exchange about Schedule of meet
28-Apr-2025 15:53:53,Press Release,"CG Power and Industrial Solutions Limited has informed the Exchange regarding a press release dated April 28, 2025, titled ""Press Release dated 28th April, 2025""."
18-Apr-2025 16:33:03,ESOP/ESOS/ESPS,CG Power and Industrial Solutions Limited has informed the Exchange regarding Allotment of 135000  Shares.
10-Apr-2025 17:16:48,"Certificate under SEBI (Depositories and Participants) Regulations, 2018","CG Power and Industrial Solutions Limited has informed the Exchange about Certificate under SEBI (Depositories and Participants) Regulations, 2018"
10-Apr-2025 15:53:48,Pendency of Litigation(s)/dispute(s) or the outcome impacting the Company,CG Power and Industrial Solutions Limited has informed the Exchange about Pendency of Litigation(s)/dispute(s) or the outcome impacting the Company
03-Apr-2025 19:55:54,Updates,CG Power and Industrial Solutions Limited has informed the Exchange regarding 'Update on acquisition of RF Component Business of Renesas'.
28-Mar-2025 15:49:43,Trading Window,"CG Power and Industrial Solutions Limited has informed the Exchange regarding the Trading Window closure pursuant to SEBI (Prohibition of Insider Trading) Regulations, 2015"
27-Mar-2025 17:36:30,Action(s) taken or orders passed,CG Power and Industrial Solutions Limited has informed the Exchange about Action(s) taken or orders passed
26-Mar-2025 17:14:54,Press Release,"CG Power and Industrial Solutions Limited has informed the Exchange regarding a press release dated March 26, 2025, titled ""Press Release dated 16th March 2025""."
21-Mar-2025 17:42:47,Updates,CG Power and Industrial Solutions Limited has informed the Exchange regarding 'Incorporation of step down subsidiary in China'.
20-Mar-2025 15:55:10,Press Release,"CG Power and Industrial Solutions Limited has informed the Exchange regarding a press release dated March 20, 2025, titled ""Press Release dated 20th March 2025 issued by the Company""."
18-Mar-2025 16:58:51,Updates,"CG Power and Industrial Solutions Limited has informed the Exchange regarding 'Disclosure under SEBI (Prohibition of Insider Trading) Regulations, 2015 in relation to amendment in the 'Code of Practic"
18-Mar-2025 13:53:22,Record Date,CG Power and Industrial Solutions Limited has informed the Exchange that Record date for the purpose of Dividend  is 22-Mar-2025.
18-Mar-2025 13:48:46,Dividend,"CG Power and Industrial Solutions Limited has informed the Exchange that Board of Directors at its meeting held on March 18, 2025, declared Interim Dividend of 1.30 per equity share."
17-Mar-2025 21:53:57,Shareholders meeting,CG Power and Industrial Solutions Limited has submitted the Exchange a copy Srutinizers report of  Postal Ballot
13-Mar-2025 18:54:17,General Updates,CG Power and Industrial Solutions Limited has informed the Exchange about General Updates
12-Mar-2025 08:08:41,Updates,CG Power and Industrial Solutions Limited has informed the Exchange regarding 'Update on acquisition of Rf Component Business of Renesas'.
11-Mar-2025 15:10:46,Press Release,"CG Power and Industrial Solutions Limited has informed the Exchange regarding a press release dated March 11, 2025, titled ""Press Release dated 11th March 2025""."
07-Mar-2025 22:50:21,Updates,CG Power and Industrial Solutions Limited has informed the Exchange regarding 'Incorporation of step down subsidiary of the Company'.
03-Mar-2025 15:50:12,Appointment,"CG Power and Industrial Solutions Limited has informed the Exchange regarding Appointment of Mr Gaurav Makhija as Other of the company w.e.f. March 03, 2025."
28-Feb-2025 23:30:19,Pendency of Litigation(s)/dispute(s) or the outcome impacting the Company,CG Power and Industrial Solutions Limited has informed the Exchange about Pendency of Litigation(s)/dispute(s) or the outcome impacting the Company
20-Feb-2025 14:52:31,Analysts/Institutional Investor Meet/Con. Call Updates,CG Power and Industrial Solutions Limited has informed the Exchange about Schedule of meet
20-Feb-2025 14:52:31,Analysts/Institutional Investor Meet/Con. Call Updates,CG Power and Industrial Solutions Limited has informed the Exchange about Schedule of meet
14-Feb-2025 15:12:49,Disclosure of material issue,CG Power and Industrial Solutions Limited has informed regarding Disclosure of material issue
13-Feb-2025 16:46:21,Shareholders meeting,CG Power and Industrial Solutions Limited has informed the Exchange regarding Notice of Postal Ballot
12-Feb-2025 14:02:37,Analysts/Institutional Investor Meet/Con. Call Updates,CG Power and Industrial Solutions Limited has informed the Exchange about Schedule of meet
10-Feb-2025 11:37:19,ESOP/ESOS/ESPS,CG Power and Industrial Solutions Limited has informed the Exchange regarding Allotment of 45000  Shares.
07-Feb-2025 15:51:52,Analysts/Institutional Investor Meet/Con. Call Updates,CG Power and Industrial Solutions Limited has informed the Exchange about Schedule of meet
07-Feb-2025 15:51:52,Analysts/Institutional Investor Meet/Con. Call Updates,CG Power and Industrial Solutions Limited has informed the Exchange about Schedule of meet
06-Feb-2025 16:40:22,Analysts/Institutional Investor Meet/Con. Call Updates,CG Power and Industrial Solutions Limited has informed the Exchange about Schedule of meet
06-Feb-2025 16:40:22,Analysts/Institutional Investor Meet/Con. Call Updates,CG Power and Industrial Solutions Limited has informed the Exchange about Schedule of meet
04-Feb-2025 08:55:09,Investor Presentation,CG Power and Industrial Solutions Limited has informed the Exchange about Investor Presentation
04-Feb-2025 08:55:09,Investor Presentation,CG Power and Industrial Solutions Limited has informed the Exchange about Investor Presentation
03-Feb-2025 20:08:27,Analysts/Institutional Investor Meet/Con. Call Updates,CG Power and Industrial Solutions Limited has informed the Exchange about Transcript
31-Jan-2025 19:10:07,Analysts/Institutional Investor Meet/Con. Call Updates,CG Power and Industrial Solutions Limited has informed the Exchange about Schedule of meet
31-Jan-2025 19:10:07,Analysts/Institutional Investor Meet/Con. Call Updates,CG Power and Industrial Solutions Limited has informed the Exchange about Schedule of meet
28-Jan-2025 18:17:31,Analysts/Institutional Investor Meet/Con. Call Updates,CG Power and Industrial Solutions Limited has informed the Exchange about Link of Recording
28-Jan-2025 17:42:59,Integrated Filing- Financial,Integrated Filings (Financial)
28-Jan-2025 16:05:54,Press Release (Revised),"CG Power and Industrial Solutions Limited has informed the Exchange regarding a revised press release dated January 28, 2025, titled ""Financial Results-Q3-FY 2024-25""."
28-Jan-2025 14:53:06,Press Release,"CG Power and Industrial Solutions Limited has informed the Exchange regarding a press release dated January 28, 2025, titled ""Results-Q3-FY 2024-25""."
28-Jan-2025 14:33:00,Appointment,"CG Power and Industrial Solutions Limited has informed the Exchange regarding Appointment of Mr Mammen Chally as Non- Executive Independent Director of the company w.e.f. January 28, 2025."
28-Jan-2025 14:25:55,Outcome of Board Meeting,"CG Power and Industrial Solutions Limited has informed the Exchange regarding  Board meeting held on January 28, 2025."
28-Jan-2025 14:22:51,Financial Result Updates," CG Power and Industrial Solutions Limited has submitted to the Exchange, the financial results for the period ended December 31, 2024."
23-Jan-2025 18:48:18,Analysts/Institutional Investor Meet/Con. Call Updates,CG Power and Industrial Solutions Limited has informed the Exchange about Schedule of meet
20-Jan-2025 17:02:55,Appointment,"CG Power and Industrial Solutions Limited has informed the Exchange regarding Appointment of Mr Mehernosh N. Mehta as Other of the company w.e.f. January 20, 2025."
17-Jan-2025 12:58:23,Updates,CG Power and Industrial Solutions Limited has informed the Exchange regarding 'Update under Regulation 30'.
17-Jan-2025 09:56:17,Allotment of Securities,"CG Power and Industrial Solutions Limited has informed the Exchange regarding allotment of 67500 securities pursuant to ESOP/ESPS at its meeting held on January 16, 2025"
10-Jan-2025 18:39:17,"Certificate under SEBI (Depositories and Participants) Regulations, 2018","CG Power and Industrial Solutions Limited has informed the Exchange about Certificate under SEBI (Depositories and Participants) Regulations, 2018"
03-Jan-2025 20:16:25,Retirement,CG Power and Industrial Solutions Limited has informed the Exchange about Retirement of Senior Management Personnel of the Company.
30-Dec-2024 16:39:39,Allotment of Securities,"CG Power and Industrial Solutions Limited has informed the Exchange regarding allotment of 12500 securities pursuant to ESOP/ESPS at its meeting held on December 30, 2024"
29-Dec-2024 13:16:56,Trading Window,"CG Power and Industrial Solutions Limited has informed the Exchange regarding the Trading Window closure pursuant to SEBI (Prohibition of Insider Trading) Regulations, 2015"
27-Dec-2024 19:57:38,Loss of Share Certificates,CG Power and Industrial Solutions Limited has informed the Exchange about Loss of Share Certificates
26-Dec-2024 12:58:17,ESOP/ESOS/ESPS,CG Power and Industrial Solutions Limited has informed the Exchange regarding Exercise of 179710  Options.
24-Dec-2024 15:37:45,Updates,CG Power and Industrial Solutions Limited has informed the Exchange regarding 'Incorporation of Step-down wholly owned subsidiary'.
23-Dec-2024 17:01:22,Loss of Share Certificates,CG Power and Industrial Solutions Limited has informed the Exchange about Loss of Share Certificates
23-Dec-2024 16:56:39,ESOP/ESOS/ESPS,CG Power and Industrial Solutions Limited has informed the Exchange regarding Exercise of 11640  Options.
20-Dec-2024 20:06:31,Loss of Share Certificates,CG Power and Industrial Solutions Limited has informed the Exchange about Loss of Share Certificates
18-Dec-2024 21:16:23,Shareholders meeting,"CG Power and Industrial Solutions Limited has submitted the Exchange a copy Srutinizers report of  Postal Ballot. Further, the company has informed the Exchange regarding voting results."
16-Dec-2024 12:07:52,Analysts/Institutional Investor Meet/Con. Call Updates,CG Power and Industrial Solutions Limited has informed the Exchange about Schedule of meet
05-Dec-2024 20:19:09,Pendency of Litigation(s)/dispute(s) or the outcome impacting the Company,CG Power and Industrial Solutions Limited has informed the Exchange about a stay order passed by the Income Tax Department on 4th December 2024.
05-Dec-2024 19:51:41,Loss of Share Certificates,CG Power and Industrial Solutions Limited has informed the Exchange about Loss of Share Certificates
05-Dec-2024 19:51:41,Loss of Share Certificates,CG Power and Industrial Solutions Limited has informed the Exchange about Loss of Share Certificates
05-Dec-2024 19:51:41,Loss of Share Certificates,CG Power and Industrial Solutions Limited has informed the Exchange about Loss of Share Certificates
05-Dec-2024 19:41:10,ESOP/ESOS/ESPS,CG Power and Industrial Solutions Limited has informed the Exchange regarding Exercise of 25000  Options.
04-Dec-2024 20:48:30,Loss of Share Certificates,CG Power and Industrial Solutions Limited has informed the Exchange about Loss of Share Certificates
02-Dec-2024 20:20:29,Investor Presentation,CG Power and Industrial Solutions Limited has informed the Exchange about Investor Presentation
02-Dec-2024 18:32:32,Loss of Share Certificates,CG Power and Industrial Solutions Limited has informed the Exchange about Loss of Share Certificates
29-Nov-2024 22:56:31,Analysts/Institutional Investor Meet/Con. Call Updates,CG Power and Industrial Solutions Limited has informed the Exchange about Schedule of meet
29-Nov-2024 22:56:31,Analysts/Institutional Investor Meet/Con. Call Updates,CG Power and Industrial Solutions Limited has informed the Exchange about Schedule of meet
29-Nov-2024 22:44:15,Loss of Share Certificates,CG Power and Industrial Solutions Limited has informed the Exchange about Loss of Share Certificates
27-Nov-2024 08:53:20,Press Release,"CG Power and Industrial Solutions Limited has informed the Exchange regarding a press release dated November 27, 2024, titled ""G.G.Tronics India Private Limited, a subsidiary of CG Power andIndustrial"
25-Nov-2024 11:34:28,Analysts/Institutional Investor Meet/Con. Call Updates,CG Power and Industrial Solutions Limited has informed the Exchange about Schedule of meet
22-Nov-2024 17:04:17,Loss of Share Certificates,CG Power and Industrial Solutions Limited has informed the Exchange about Loss of Share Certificates
19-Nov-2024 23:22:06,Loss of Share Certificates,CG Power and Industrial Solutions Limited has informed the Exchange about Loss of Share Certificates
19-Nov-2024 23:22:06,Loss of Share Certificates,CG Power and Industrial Solutions Limited has informed the Exchange about Loss of Share Certificates
19-Nov-2024 21:27:45,ESOP/ESOS/ESPS,CG Power and Industrial Solutions Limited has informed the Exchange regarding Exercise of 40000  Options.
19-Nov-2024 16:09:42,Copy of Newspaper Publication,CG Power and Industrial Solutions Limited has informed the Exchange about Copy of Newspaper Publication
18-Nov-2024 21:16:54,Shareholders meeting,CG Power and Industrial Solutions Limited has informed the Exchange regarding Notice of Postal Ballot
15-Nov-2024 16:58:16,General Updates,CG Power and Industrial Solutions Limited has informed the Exchange about General Updates
14-Nov-2024 16:20:36,Loss of Share Certificates,CG Power and Industrial Solutions Limited has informed the Exchange about Loss of Share Certificates
07-Nov-2024 16:30:01,Loss of Share Certificates,CG Power and Industrial Solutions Limited has informed the Exchange about Loss of Share Certificates
30-Oct-2024 23:40:11,Loss of Share Certificates,CG Power and Industrial Solutions Limited has informed the Exchange about Loss of Share Certificates
29-Oct-2024 12:57:51,Updates,CG Power and Industrial Solutions Limited has informed the Exchange regarding 'Incorporation of Subsidiary of the Company' namely Axiro Semiconductor Private Limited
28-Oct-2024 17:34:35,General Updates,CG Power and Industrial Solutions Limited has informed the Exchange about General Updates
28-Oct-2024 17:22:16,Loss of Share Certificates,CG Power and Industrial Solutions Limited has informed the Exchange about Loss of Share Certificates
28-Oct-2024 16:31:37,Analysts/Institutional Investor Meet/Con. Call Updates,CG Power and Industrial Solutions Limited has informed the Exchange about Transcript
28-Oct-2024 09:04:16,Product launch,CG Power and Industrial Solutions Limited has informed the Exchange about Product launch
24-Oct-2024 17:09:05,Updates,CG Power and Industrial Solutions Limited has informed the Exchange regarding 'Approval on Re-classification'.
21-Oct-2024 19:49:34,Analysts/Institutional Investor Meet/Con. Call Updates,CG Power and Industrial Solutions Limited has informed the Exchange about Link of Recording
21-Oct-2024 14:57:23,Press Release,"CG Power and Industrial Solutions Limited has informed the Exchange regarding a press release dated October 21, 2024, titled ""Financial Results-Q2-FY 2024-25""."
21-Oct-2024 14:45:15,Institutional Placement Programme,CG Power and Industrial Solutions Limited has informed the Exchange about institutional Placement Programme
21-Oct-2024 14:39:26,Outcome of Board Meeting,"CG Power and Industrial Solutions Limited has informed the Exchange regarding  Board meeting held on October 21, 2024."
21-Oct-2024 14:36:34,Financial Result Updates," CG Power and Industrial Solutions Limited has submitted to the Exchange, the financial results for the period ended September 30, 2024."
18-Oct-2024 16:11:06,Loss of Share Certificates,CG Power and Industrial Solutions Limited has informed the Exchange about Loss of Share Certificates
18-Oct-2024 16:04:10,Action(s) taken or orders passed,CG Power and Industrial Solutions Limited has informed the Exchange about Action(s) taken or orders passed
16-Oct-2024 17:56:03,Analysts/Institutional Investor Meet/Con. Call Updates,CG Power and Industrial Solutions Limited has informed the Exchange about Schedule of meet
15-Oct-2024 15:42:59,Loss of Share Certificates,CG Power and Industrial Solutions Limited has informed the Exchange about Loss of Share Certificates
14-Oct-2024 17:20:18,Appointment,CG Power and Industrial Solutions Limited has informed the Exchange regarding Appointment of Mr Deven Jani as Vice President- Strategic Sourcing as part of the Senior Management of the Company w.e.f. 
10-Oct-2024 16:47:45,Loss of Share Certificates,CG Power and Industrial Solutions Limited has informed the Exchange about Loss of Share Certificates
10-Oct-2024 16:47:45,Loss of Share Certificates,CG Power and Industrial Solutions Limited has informed the Exchange about Loss of Share Certificates
09-Oct-2024 12:00:40,Loss of Share Certificates,CG Power and Industrial Solutions Limited has informed the Exchange about Loss of Share Certificates
05-Oct-2024 13:44:50,Press Release,"CG Power and Industrial Solutions Limited has informed the Exchange regarding a press release dated October 05, 2024, titled ""CG acquires Radio Frequency Components Business from Renesas, marking its "
05-Oct-2024 02:34:35,Disclosure of material issue,CG Power and Industrial Solutions Limited has informed regarding Execution of Definitive Agreement for acquisition of Radio Frequency (RF) Components business of Renesas Electronics America Inc. & oth
04-Oct-2024 15:52:01,Loss of Share Certificates,CG Power and Industrial Solutions Limited has informed the Exchange about Loss of Share Certificates
04-Oct-2024 15:46:49,"Certificate under SEBI (Depositories and Participants) Regulations, 2018","CG Power and Industrial Solutions Limited has informed the Exchange about Certificate under SEBI (Depositories and Participants) Regulations, 2018"
28-Sep-2024 20:23:40,Trading Window,"CG Power and Industrial Solutions Limited has informed the Exchange regarding the Trading Window closure pursuant to SEBI (Prohibition of Insider Trading) Regulations, 2015"
24-Sep-2024 17:10:29,Loss of Share Certificates,CG Power and Industrial Solutions Limited has informed the Exchange about Loss of Share Certificates
20-Sep-2024 12:46:41,Loss of Share Certificates,CG Power and Industrial Solutions Limited has informed the Exchange about Loss of Share Certificates
20-Sep-2024 12:46:41,Loss of Share Certificates,CG Power and Industrial Solutions Limited has informed the Exchange about Loss of Share Certificates
20-Sep-2024 12:46:41,Loss of Share Certificates,CG Power and Industrial Solutions Limited has informed the Exchange about Loss of Share Certificates
20-Sep-2024 12:46:41,Loss of Share Certificates,CG Power and Industrial Solutions Limited has informed the Exchange about Loss of Share Certificates
18-Sep-2024 13:48:52,Analysts/Institutional Investor Meet/Con. Call Updates,CG Power and Industrial Solutions Limited has informed the Exchange about Schedule of meet
17-Sep-2024 19:09:26,Cessation,"CG Power and Industrial Solutions Limited has informed the Exchange regarding Cessation of Ms Sasikala Varadachari as Non- Executive Independent Director of the company w.e.f. September 17, 2024."
10-Sep-2024 12:23:37,Updates,"CG Power and Industrial Solutions Limited has informed the Exchange regarding 'Demand Order passed by Tax Authority, Bhopal '."
09-Sep-2024 21:04:59,Resignation,"CG Power and Industrial Solutions Limited has informed the Exchange regarding Resignation of Mr Kalyan Kumar Paul as Non- Executive Director of the company w.e.f. September 10, 2024."
06-Sep-2024 19:04:26,Loss of Share Certificates,CG Power and Industrial Solutions Limited has informed the Exchange about Loss of Share Certificates
30-Aug-2024 13:56:48,Updates,CG Power and Industrial Solutions Limited has informed the Exchange regarding 'Demand Order passed by Tax Authority on 29th August 2024'.
29-Aug-2024 22:17:15,Shareholders meeting,"CG Power and Industrial Solutions Limited has submitted the Exchange a copy Srutinizers report of  Postal Ballot. Further, the company has informed the Exchange regarding voting results."
29-Aug-2024 20:14:45,Allotment of Securities,"CG Power and Industrial Solutions Limited has informed the Exchange regarding allotment of 19000 securities pursuant to ESOP/ESPS at its meeting held on August 29, 2024"
29-Aug-2024 15:37:14,Loss of Share Certificates,CG Power and Industrial Solutions Limited has informed the Exchange about Loss of Share Certificates
26-Aug-2024 18:05:12,Analysts/Institutional Investor Meet/Con. Call Updates,CG Power and Industrial Solutions Limited has informed the Exchange about Schedule of meet
22-Aug-2024 16:56:16,Loss of Share Certificates,CG Power and Industrial Solutions Limited has informed the Exchange about Loss of Share Certificates
21-Aug-2024 12:05:35,Updates,CG Power and Industrial Solutions Limited has informed the Exchange regarding 'Disclosure related to Demand order passed on 20th August 2024'.
20-Aug-2024 18:04:32,Loss of Share Certificates,CG Power and Industrial Solutions Limited has informed the Exchange about Loss of Share Certificates
20-Aug-2024 13:51:52,Updates,CG Power and Industrial Solutions Limited has informed the Exchange regarding 'Update on the acquisition of stake in M/s. G.G. Tronics India Private Limited'.
17-Aug-2024 17:38:19,Allotment of Securities,"CG Power and Industrial Solutions Limited has informed the Exchange regarding allotment of 38000 securities pursuant to ESOP/ESPS at its meeting held on August 17, 2024"
16-Aug-2024 17:13:22,Loss of Share Certificates,CG Power and Industrial Solutions Limited has informed the Exchange about Loss of Share Certificates
14-Aug-2024 13:14:39,Updates,CG Power and Industrial Solutions Limited has informed the Exchange regarding 'Demand Order passed by Tax Authority on 13th August 2024'.
12-Aug-2024 14:38:54,Change in Management,CG Power and Industrial Solutions Limited has informed the Exchange about change in Management
09-Aug-2024 17:36:16,Loss of Share Certificates,CG Power and Industrial Solutions Limited has informed the Exchange about Loss of Share Certificates
09-Aug-2024 14:03:19,Allotment of Securities,"CG Power and Industrial Solutions Limited has informed the Exchange regarding allotment of 20000 securities pursuant to ESOP/ESPS at its meeting held on August 09, 2024"
08-Aug-2024 17:27:55,Loss of Share Certificates,CG Power and Industrial Solutions Limited has informed the Exchange about Loss of Share Certificates
06-Aug-2024 12:31:52,Loss of Share Certificates,CG Power and Industrial Solutions Limited has informed the Exchange about Loss of Share Certificates
02-Aug-2024 15:47:31,Loss of Share Certificates,CG Power and Industrial Solutions Limited has informed the Exchange about Loss of Share Certificates
01-Aug-2024 10:59:43,Allotment of Securities,"CG Power and Industrial Solutions Limited has informed the Exchange regarding allotment of 41000 securities pursuant to ESOP/ESPS at its meeting held on August 01, 2024"
31-Jul-2024 17:19:30,Analysts/Institutional Investor Meet/Con. Call Updates,CG Power and Industrial Solutions Limited has informed the Exchange about Transcript
31-Jul-2024 17:14:10,Copy of Newspaper Publication,CG Power and Industrial Solutions Limited has informed the Exchange about Copy of Newspaper Publication
30-Jul-2024 17:40:13,Shareholders meeting,CG Power and Industrial Solutions Limited has informed the Exchange regarding Notice of Postal Ballot
26-Jul-2024 19:25:01,Resignation,"CG Power and Industrial Solutions Limited has informed the Exchange regarding Resignation of Mr Sudhir Kulkarni as Other of the company w.e.f. July 26, 2024."
26-Jul-2024 18:42:34,Loss of Share Certificates,CG Power and Industrial Solutions Limited has informed the Exchange about Loss of Share Certificates
26-Jul-2024 17:40:41,Allotment of Securities,"CG Power and Industrial Solutions Limited has informed the Exchange regarding allotment of 30000 securities pursuant to ESOP/ESPS at its meeting held on July 26, 2024"
25-Jul-2024 15:51:49,Shareholders meeting,"CG Power and Industrial Solutions Limited has submitted the Exchange a copy Srutinizers report of  Annual General Meeting held on July 24, 2024. Further, the company has informed the Exchange regardin"
24-Jul-2024 19:41:21,Shareholders meeting,"CG Power and Industrial Solutions Limited has informed the Exchange regarding Proceedings of Annual General Meeting held on July 24, 2024"
24-Jul-2024 18:58:39,Analysts/Institutional Investor Meet/Con. Call Updates,CG Power and Industrial Solutions Limited has informed the Exchange about Link of Recording
24-Jul-2024 18:24:20,Updates,CG Power and Industrial Solutions Limited has informed the Exchange regarding 'Reference to Disclosure dated 24th July 2024 related to acquisition of stake of G.G. Tronics India Private Limited'.
24-Jul-2024 17:44:35,Loss of Share Certificates,CG Power and Industrial Solutions Limited has informed the Exchange about Loss of Share Certificates
24-Jul-2024 17:44:35,Loss of Share Certificates,CG Power and Industrial Solutions Limited has informed the Exchange about Loss of Share Certificates
24-Jul-2024 16:15:06,Press Release,"CG Power and Industrial Solutions Limited has informed the Exchange regarding a press release dated July 24, 2024, titled ""Acquisition of stake in G G Tronics India Pvt. Ltd.""."
24-Jul-2024 15:09:21,Acquisition,CG Power and Industrial Solutions Limited has informed the Exchange about Acquisition
24-Jul-2024 13:52:27,Press Release,"CG Power and Industrial Solutions Limited has informed the Exchange regarding a press release dated July 24, 2024, titled ""Unaudited Financial Results-Q1-FY 2024-25""."
24-Jul-2024 13:11:18,Outcome of Board Meeting,"CG Power and Industrial Solutions Limited has informed the Exchange regarding  Board meeting held on July 24, 2024."
24-Jul-2024 12:55:39,Financial Result Updates,"CG Power and Industrial Solutions Limited has submitted to the Exchange, the financial results for the period ended June 30, 2024."
19-Jul-2024 17:37:44,Analysts/Institutional Investor Meet/Con. Call Updates,CG Power and Industrial Solutions Limited has informed the Exchange about Schedule of meet
18-Jul-2024 18:01:52,Loss of Share Certificates,CG Power and Industrial Solutions Limited has informed the Exchange about Loss of Share Certificates
18-Jul-2024 14:57:01,Allotment of Securities,"CG Power and Industrial Solutions Limited has informed the Exchange regarding allotment of 5000 securities pursuant to ESOP/ESPS at its meeting held on July 18, 2024"
18-Jul-2024 14:50:25,Loss of Share Certificates,CG Power and Industrial Solutions Limited has informed the Exchange about Loss of Share Certificates
12-Jul-2024 16:39:02,Loss of Share Certificates,CG Power and Industrial Solutions Limited has informed the Exchange about Loss of Share Certificates
10-Jul-2024 12:43:27,Allotment of Securities,"CG Power and Industrial Solutions Limited has informed the Exchange regarding allotment of 453140 securities pursuant to ESOP/ESPS at its meeting held on July 10, 2024"
08-Jul-2024 14:16:48,Press Release,"CG Power and Industrial Solutions Limited has informed the Exchange regarding a press release dated July 08, 2024, titled ""Press Release dated 8th July 2024""."
08-Jul-2024 12:37:22,Change in Director(s),CG Power and Industrial Solutions Limited has informed the Exchange regarding Change in Director(s) of the company.
05-Jul-2024 16:40:34,"Certificate under SEBI (Depositories and Participants) Regulations, 2018","CG Power and Industrial Solutions Limited has informed the Exchange about Certificate under SEBI (Depositories and Participants) Regulations, 2018"
04-Jul-2024 16:05:49,Updates,CG Power and Industrial Solutions Limited has informed the Exchange regarding 'Execution of Development Agreement for the Joint Development of the Company's property 'CG House''.
03-Jul-2024 22:02:57,Loss of Share Certificates,CG Power and Industrial Solutions Limited has informed the Exchange about Loss of Share Certificates
03-Jul-2024 22:02:57,Loss of Share Certificates,CG Power and Industrial Solutions Limited has informed the Exchange about Loss of Share Certificates
03-Jul-2024 21:57:34,Allotment of Securities,"CG Power and Industrial Solutions Limited has informed the Exchange regarding allotment of 10000 securities pursuant to ESOP/ESPS at its meeting held on July 03, 2024"
01-Jul-2024 16:19:05,Copy of Newspaper Publication,CG Power and Industrial Solutions Limited has informed the Exchange about Copy of Newspaper Publication informing about the Notice of 87th Annual General Meeting of the Company scheduled to be held on
29-Jun-2024 14:17:37,Shareholders meeting,"CG Power and Industrial Solutions Limited has informed the Exchange regarding Notice of Annual General Meeting to be held on July 24, 2024"
28-Jun-2024 15:24:16,Loss of Share Certificates,CG Power and Industrial Solutions Limited has informed the Exchange about Loss of Share Certificates
28-Jun-2024 15:17:37,Trading Window,"CG Power and Industrial Solutions Limited has informed the Exchange regarding the Trading Window closure pursuant to SEBI (Prohibition of Insider Trading) Regulations, 2015"
27-Jun-2024 17:46:58,Loss of Share Certificates,CG Power and Industrial Solutions Limited has informed the Exchange about Loss of Share Certificates
27-Jun-2024 13:56:06,Analysts/Institutional Investor Meet/Con. Call Updates,CG Power and Industrial Solutions Limited has informed the Exchange about Schedule of meet
21-Jun-2024 17:42:09,Loss of Share Certificates,CG Power and Industrial Solutions Limited has informed the Exchange about Loss of Share Certificates
21-Jun-2024 17:35:01,ESOP/ESOS/ESPS,CG Power and Industrial Solutions Limited has informed the Exchange regarding Allotment of 473140  Shares.
20-Jun-2024 12:20:49,Analysts/Institutional Investor Meet/Con. Call Updates,CG Power and Industrial Solutions Limited has informed the Exchange about Schedule of meet
18-Jun-2024 11:12:32,Analysts/Institutional Investor Meet/Con. Call Updates,CG Power and Industrial Solutions Limited has informed the Exchange about Schedule of meet
13-Jun-2024 14:07:41,Analysts/Institutional Investor Meet/Con. Call Updates,CG Power and Industrial Solutions Limited has informed the Exchange about Schedule of meet
11-Jun-2024 15:34:12,Analysts/Institutional Investor Meet/Con. Call Updates,CG Power and Industrial Solutions Limited has informed the Exchange about Schedule of meet
09-Jun-2024 16:49:23,Loss of Share Certificates,CG Power and Industrial Solutions Limited has informed the Exchange about Loss of Share Certificates
09-Jun-2024 16:49:23,Loss of Share Certificates,CG Power and Industrial Solutions Limited has informed the Exchange about Loss of Share Certificates
09-Jun-2024 16:49:23,Loss of Share Certificates,CG Power and Industrial Solutions Limited has informed the Exchange about Loss of Share Certificates
09-Jun-2024 16:49:23,Loss of Share Certificates,CG Power and Industrial Solutions Limited has informed the Exchange about Loss of Share Certificates
09-Jun-2024 16:33:46,Allotment of Securities,"CG Power and Industrial Solutions Limited has informed the Exchange regarding allotment of 25000 securities pursuant to ESOP/ESPS at its meeting held on Jun 09, 2024"
03-Jun-2024 16:40:30,Loss of Share Certificates,CG Power and Industrial Solutions Limited has informed the Exchange about Loss of Share Certificates
31-May-2024 16:54:25,Loss of Share Certificates,CG Power and Industrial Solutions Limited has informed the Exchange about Loss of Share Certificates
31-May-2024 11:20:40,Loss of Share Certificates,CG Power and Industrial Solutions Limited has informed the Exchange about Loss of Share Certificates
27-May-2024 17:04:14,Loss of Share Certificates,CG Power and Industrial Solutions Limited has informed the Exchange about Loss of Share Certificates
27-May-2024 11:41:15,Disclosure under SEBI Takeover Regulations,Tube Investments of India Limited has Submitted to the Exchange a copy of Disclosure under Regulation 31(4) of the Securities and Exchange Board of India (Substantial Acquisition of Shares and Takeove
20-May-2024 17:00:49,Analysts/Institutional Investor Meet/Con. Call Updates,CG Power and Industrial Solutions Limited has informed the Exchange about Schedule of meet
17-May-2024 14:38:40,Updates,"CG Power and Industrial Solutions Limited has informed the Exchange regarding 'Disclosure under Regulation 30 of SEBI (LODR) Regulations, 2015'."
15-May-2024 17:27:54,Analysts/Institutional Investor Meet/Con. Call Updates,CG Power and Industrial Solutions Limited has informed the Exchange about Schedule of meet
14-May-2024 14:47:45,Loss of Share Certificates,CG Power and Industrial Solutions Limited has informed the Exchange about Loss of Share Certificates
14-May-2024 14:47:45,Loss of Share Certificates,CG Power and Industrial Solutions Limited has informed the Exchange about Loss of Share Certificates
14-May-2024 14:47:45,Loss of Share Certificates,CG Power and Industrial Solutions Limited has informed the Exchange about Loss of Share Certificates
14-May-2024 14:47:45,Loss of Share Certificates,CG Power and Industrial Solutions Limited has informed the Exchange about Loss of Share Certificates
14-May-2024 14:47:45,Loss of Share Certificates,CG Power and Industrial Solutions Limited has informed the Exchange about Loss of Share Certificates
14-May-2024 14:47:45,Loss of Share Certificates,CG Power and Industrial Solutions Limited has informed the Exchange about Loss of Share Certificates
14-May-2024 14:47:45,Loss of Share Certificates,CG Power and Industrial Solutions Limited has informed the Exchange about Loss of Share Certificates
14-May-2024 14:33:14,Allotment of Securities,"CG Power and Industrial Solutions Limited has informed the Exchange regarding allotment of 40600 securities pursuant to ESOP/ESPS at its meeting held on May 13, 2024"
13-May-2024 17:14:14,Analysts/Institutional Investor Meet/Con. Call Updates,CG Power and Industrial Solutions Limited has informed the Exchange about Transcript
12-May-2024 22:00:30,Analysts/Institutional Investor Meet/Con. Call Updates,CG Power and Industrial Solutions Limited has informed the Exchange about Schedule of meet
12-May-2024 22:00:30,Analysts/Institutional Investor Meet/Con. Call Updates,CG Power and Industrial Solutions Limited has informed the Exchange about Schedule of meet
09-May-2024 17:44:47,Updates,"CG Power and Industrial Solutions Limited has informed the Exchange regarding 'Disclosure under Regulation 30 of SEBI (LODR) Regulations, 2015'."
08-May-2024 13:56:12,Updates,"CG Power and Industrial Solutions Limited has informed the Exchange regarding 'Disclosure under Regulation 30 of SEBI (LODR) Regulations, 2015'."
07-May-2024 17:15:55,Loss of Share Certificates,CG Power and Industrial Solutions Limited has informed the Exchange about Loss of Share Certificates
06-May-2024 17:38:43,Analysts/Institutional Investor Meet/Con. Call Updates,CG Power and Industrial Solutions Limited has informed the Exchange about Link of Recording
06-May-2024 17:28:19,Press Release (Revised),"CG Power and Industrial Solutions Limited has informed the Exchange regarding a revised press release dated May 06, 2024, titled ""Audited Financial Results-Q4-FY 2023-24.""."
06-May-2024 14:22:33,Updates,CG Power and Industrial Solutions Limited has informed the Exchange regarding 'Intimation of 87th AGM of the Company'.
06-May-2024 14:11:32,Press Release,"CG Power and Industrial Solutions Limited has informed the Exchange regarding a press release dated May 06, 2024, titled ""Audited Financial Results-Q4-FY 2023-24""."
06-May-2024 13:52:00,Outcome of Board Meeting,"CG Power and Industrial Solutions Limited has informed the Exchange regarding  Board meeting held on May 06, 2024."
06-May-2024 13:47:52,Financial Result Updates,"CG Power and Industrial Solutions Limited has submitted to the Exchange, the financial results for the period ended March 31, 2024."
03-May-2024 18:29:00,Loss of Share Certificates,CG Power and Industrial Solutions Limited has informed the Exchange about Loss of Share Certificates
02-May-2024 19:41:55,Updates,"CG Power and Industrial Solutions Limited has informed the Exchange regarding 'Disclosure under Regulation 30 of SEBI (LODR) regulations, 2015'."
30-Apr-2024 17:46:51,Loss of Share Certificates,CG Power and Industrial Solutions Limited has informed the Exchange about Loss of Share Certificates
29-Apr-2024 17:08:41,Analysts/Institutional Investor Meet/Con. Call Updates,CG Power and Industrial Solutions Limited has informed the Exchange about Schedule of meet
20-Apr-2024 13:33:51,Loss of Share Certificates,CG Power and Industrial Solutions Limited has informed the Exchange about Loss of Share Certificates
17-Apr-2024 17:31:17,Loss of Share Certificates,CG Power and Industrial Solutions Limited has informed the Exchange about Loss of Share Certificates
12-Apr-2024 17:41:55,Updates,"CG Power and Industrial Solutions Limited has informed the Exchange regarding 'Disclosure under Regulation 30 of SEBI LODR, 2015'."
08-Apr-2024 19:26:37,Updates,"CG Power and Industrial Solutions Limited has informed the Exchange regarding 'Disclosure under Regulation 30 of SEBI (LODR), 2015'."
08-Apr-2024 18:34:42,Loss of Share Certificates,CG Power and Industrial Solutions Limited has informed the Exchange about Loss of Share Certificates
08-Apr-2024 18:28:59,"Certificate under SEBI (Depositories and Participants) Regulations, 2018","CG Power and Industrial Solutions Limited has informed the Exchange about Certificate under SEBI (Depositories and Participants) Regulations, 2018"
06-Apr-2024 13:56:25,Updates,CG Power and Industrial Solutions Limited has informed the Exchange regarding 'Disclosure under Regulation 30 of SEBI LODR'.
05-Apr-2024 16:25:11,Loss of Share Certificates,CG Power and Industrial Solutions Limited has informed the Exchange about Loss of Share Certificates
04-Apr-2024 17:34:47,Loss of Share Certificates,CG Power and Industrial Solutions Limited has informed the Exchange about Loss of Share Certificates
01-Apr-2024 16:33:45,Loss of Share Certificates,CG Power and Industrial Solutions Limited has informed the Exchange about Loss of Share Certificates
27-Mar-2024 17:40:24,Loss of Share Certificates,CG Power and Industrial Solutions Limited has informed the Exchange about Loss of Share Certificates
26-Mar-2024 20:06:25,Trading Window,"CG Power and Industrial Solutions Limited has informed the Exchange regarding the Trading Window closure pursuant to SEBI (Prohibition of Insider Trading) Regulations, 2015"
22-Mar-2024 21:05:44,Loss of Share Certificates,CG Power and Industrial Solutions Limited has informed the Exchange about Loss of Share Certificates
18-Mar-2024 20:53:56,Loss of Share Certificates,CG Power and Industrial Solutions Limited has informed the Exchange about Loss of Share Certificates
15-Mar-2024 16:27:42,Analysts/Institutional Investor Meet/Con. Call Updates,CG Power and Industrial Solutions Limited has informed the Exchange about Schedule of meet
15-Mar-2024 16:27:42,Analysts/Institutional Investor Meet/Con. Call Updates,CG Power and Industrial Solutions Limited has informed the Exchange about Schedule of meet
14-Mar-2024 15:15:24,Analysts/Institutional Investor Meet/Con. Call Updates,CG Power and Industrial Solutions Limited has informed the Exchange about Schedule of meet
13-Mar-2024 07:34:19,Press Release,"CG Power and Industrial Solutions Limited has informed the Exchange regarding a press release dated March 13, 2024, titled ""CG Semi Private Limited performs foundation stone laying ceremony in Sanand,"
12-Mar-2024 16:12:11,Loss of Share Certificates,CG Power and Industrial Solutions Limited has informed the Exchange about Loss of Share Certificates
08-Mar-2024 21:51:35,Updates,CG Power and Industrial Solutions Limited has informed the Exchange regarding 'Incorporation of Subsidiary of the Company'.
06-Mar-2024 16:15:58,Loss of Share Certificates,CG Power and Industrial Solutions Limited has informed the Exchange about Loss of Share Certificates
05-Mar-2024 16:41:58,Updates,"CG Power and Industrial Solutions Limited has informed the Exchange regarding 'further to our disclosure dated 29th February, 2024, enclosed the copy of the Notice issued by the Income Tax Authority'."
04-Mar-2024 17:17:29,Loss of Share Certificates,CG Power and Industrial Solutions Limited has informed the Exchange about Loss of Share Certificates
04-Mar-2024 17:08:54,ESOP/ESOS/ESPS,CG Power and Industrial Solutions Limited has informed the Exchange regarding Allotment of 30620  Shares.
01-Mar-2024 17:23:22,Loss of Share Certificates,CG Power and Industrial Solutions Limited has informed the Exchange about Loss of Share Certificates
01-Mar-2024 15:33:28,Loss of Share Certificates,CG Power and Industrial Solutions Limited has informed the Exchange about Loss of Share Certificates
01-Mar-2024 00:18:06,Press Release,"CG Power and Industrial Solutions Limited has informed the Exchange regarding a press release dated March 01, 2024, titled ""CG Power and Industrial Solutions Limited, Renesas, and Stars Microelectroni"
29-Feb-2024 17:36:50,Updates,"CG Power and Industrial Solutions Limited has informed the Exchange regarding 'Disclosure under Regulation 30 of SEBI (LODR) Regulation, 2015 in relation to the Release made by the Press Information B"
29-Feb-2024 17:26:35,Allotment of Securities,"CG Power and Industrial Solutions Limited has informed the Exchange regarding allotment of 2000 securities pursuant to ESOP/ESPS at its meeting held on February 29, 2024"
29-Feb-2024 11:46:05,Updates,"CG Power and Industrial Solutions Limited has informed the Exchange regarding 'Disclosure under Regulation 30 of SEBI (LODR) Regulations, 2015'."
28-Feb-2024 10:30:10,Analysts/Institutional Investor Meet/Con. Call Updates,CG Power and Industrial Solutions Limited has informed the Exchange about Schedule of meet
28-Feb-2024 10:30:10,Analysts/Institutional Investor Meet/Con. Call Updates,CG Power and Industrial Solutions Limited has informed the Exchange about Schedule of meet
23-Feb-2024 18:08:47,Loss of Share Certificates,CG Power and Industrial Solutions Limited has informed the Exchange about Loss of Share Certificates
21-Feb-2024 21:05:02,Updates,CG Power and Industrial Solutions Limited has informed the Exchange regarding 'Filing an Application with the Stock Exchanges for re-classification of Outgoing Promoters to Public category'.
13-Feb-2024 17:11:41,Analysts/Institutional Investor Meet/Con. Call Updates,CG Power and Industrial Solutions Limited has informed the Exchange about Presentation
08-Feb-2024 22:40:43,Memorandum of Understanding/Agreements,CG Power and Industrial Solutions Limited has informed the Exchange about execution of Joint Venture Agreement and related documents for setting up of the Joint Venture Company with Renesas Electronic
07-Feb-2024 15:15:13,Analysts/Institutional Investor Meet/Con. Call Updates,CG Power and Industrial Solutions Limited has informed the Exchange about Schedule of meet
07-Feb-2024 15:15:13,Analysts/Institutional Investor Meet/Con. Call Updates,CG Power and Industrial Solutions Limited has informed the Exchange about Schedule of meet
07-Feb-2024 15:05:12,Allotment of Securities,"CG Power and Industrial Solutions Limited has informed the Exchange regarding allotment of 17000 securities pursuant to ESOP/ESPS at its meeting held on February 07, 2024"
29-Jan-2024 17:59:32,Analysts/Institutional Investor Meet/Con. Call Updates,CG Power and Industrial Solutions Limited has informed the Exchange about Transcript
23-Jan-2024 18:30:10,Analysts/Institutional Investor Meet/Con. Call Updates,CG Power and Industrial Solutions Limited has informed the Exchange about Link of Recording
23-Jan-2024 18:18:53,Updates,CG Power and Industrial Solutions Limited has informed the Exchange regarding 'under Regulation 30 read with Regulation 31(A)(8) of Securities and Exchange Board of India (Listing Obligations and Disc
23-Jan-2024 15:40:53,Loss of Share Certificates,CG Power and Industrial Solutions Limited has informed the Exchange about Loss of Share Certificates
23-Jan-2024 15:40:53,Loss of Share Certificates,CG Power and Industrial Solutions Limited has informed the Exchange about Loss of Share Certificates
23-Jan-2024 15:05:48,Press Release,"CG Power and Industrial Solutions Limited has informed the Exchange regarding a press release dated January 23, 2024, titled ""Financial Results-Q3-FY 2023-24""."
23-Jan-2024 14:52:54,Record Date,CG Power and Industrial Solutions Limited has informed the Exchange that Record date for the purpose of Dividend  is 05-Feb-2024.
23-Jan-2024 14:47:39,Outcome of Board Meeting,"CG Power and Industrial Solutions Limited has informed the Exchange regarding  outcome of the Board meeting held on January 23, 2024."
23-Jan-2024 14:45:51,Dividend,"CG Power and Industrial Solutions Limited has informed the Exchange that Board of Directors at its meeting held on January 23, 2024, declared Interim Dividend of Rs. 1.30 per equity share."
23-Jan-2024 14:37:01,Financial Result Updates,"CG Power and Industrial Solutions Limited has submitted to the Exchange, the financial results for the period ended December 31, 2023."
19-Jan-2024 16:34:47,Loss of Share Certificates,CG Power and Industrial Solutions Limited has informed the Exchange about Loss of Share Certificates
19-Jan-2024 16:34:47,Loss of Share Certificates,CG Power and Industrial Solutions Limited has informed the Exchange about Loss of Share Certificates
19-Jan-2024 16:34:47,Loss of Share Certificates,CG Power and Industrial Solutions Limited has informed the Exchange about Loss of Share Certificates
19-Jan-2024 16:34:47,Loss of Share Certificates,CG Power and Industrial Solutions Limited has informed the Exchange about Loss of Share Certificates
19-Jan-2024 16:34:47,Loss of Share Certificates,CG Power and Industrial Solutions Limited has informed the Exchange about Loss of Share Certificates
19-Jan-2024 16:34:47,Loss of Share Certificates,CG Power and Industrial Solutions Limited has informed the Exchange about Loss of Share Certificates
16-Jan-2024 18:58:44,Analysts/Institutional Investor Meet/Con. Call Updates,CG Power and Industrial Solutions Limited has informed the Exchange about Schedule of meet
15-Jan-2024 17:08:53,Loss of Share Certificates,CG Power and Industrial Solutions Limited has informed the Exchange about Loss of Share Certificates
09-Jan-2024 10:29:12,"Certificate under SEBI (Depositories and Participants) Regulations, 2018","CG Power and Industrial Solutions Limited has informed the Exchange about Certificate under SEBI (Depositories and Participants) Regulations, 2018 for the period from 1st October 2023 to 31st December"
08-Jan-2024 15:33:22,Updates,CG Power and Industrial Solutions Limited has informed the Exchange regarding 'Disclosure under Regulation 30 of SEBI LODR'.
02-Jan-2024 18:00:25,Resignation,CG Power and Industrial Solutions Limited has informed the Exchange regarding Resignation of Mr Ranjan Singh Executive Vice President Business Excellence & New Initiatives as Other of the company w.e.
31-Dec-2023 11:37:35,Updates,"CG Power and Industrial Solutions Limited has informed the Exchange regarding 'Disclosure under Regulation 30 of SEBI LODR, 2015'."
28-Dec-2023 13:25:26,Updates,"CG Power and Industrial Solutions Limited has informed the Exchange regarding 'Disclosure under Regulation 30 of SEBI LODR, 2015'."
27-Dec-2023 19:52:17,Trading Window,"CG Power and Industrial Solutions Limited has informed the Exchange regarding the Trading Window closure pursuant to SEBI (Prohibition of Insider Trading) Regulations, 2015"
19-Dec-2023 17:11:35,Loss of Share Certificates,CG Power and Industrial Solutions Limited has informed the Exchange about Loss of Share Certificates
14-Dec-2023 20:34:21,Loss of Share Certificates,CG Power and Industrial Solutions Limited has informed the Exchange about Loss of Share Certificates
14-Dec-2023 20:34:21,Loss of Share Certificates,CG Power and Industrial Solutions Limited has informed the Exchange about Loss of Share Certificates
14-Dec-2023 20:34:21,Loss of Share Certificates,CG Power and Industrial Solutions Limited has informed the Exchange about Loss of Share Certificates
14-Dec-2023 20:34:21,Loss of Share Certificates,CG Power and Industrial Solutions Limited has informed the Exchange about Loss of Share Certificates
14-Dec-2023 20:34:21,Loss of Share Certificates,CG Power and Industrial Solutions Limited has informed the Exchange about Loss of Share Certificates
14-Dec-2023 20:34:21,Loss of Share Certificates,CG Power and Industrial Solutions Limited has informed the Exchange about Loss of Share Certificates
14-Dec-2023 12:55:04,Updates,CG Power and Industrial Solutions Limited has informed the Exchange regarding 'Signing of Term sheet for Joint Development of the Company's property 'CG House'.'.
13-Dec-2023 17:17:27,Loss of Share Certificates,CG Power and Industrial Solutions Limited has informed the Exchange about Loss of Share Certificates
01-Dec-2023 11:03:40,Analysts/Institutional Investor Meet/Con. Call Updates,CG Power and Industrial Solutions Limited has informed the Exchange about Schedule of meet
23-Nov-2023 17:11:50,Loss of Share Certificates,CG Power and Industrial Solutions Limited has informed the Exchange about Loss of Share Certificates
22-Nov-2023 22:35:26,Loss of Share Certificates,CG Power and Industrial Solutions Limited has informed the Exchange about Loss of Share Certificates
22-Nov-2023 22:35:26,Loss of Share Certificates,CG Power and Industrial Solutions Limited has informed the Exchange about Loss of Share Certificates
22-Nov-2023 22:35:26,Loss of Share Certificates,CG Power and Industrial Solutions Limited has informed the Exchange about Loss of Share Certificates
22-Nov-2023 11:23:00,Updates,"CG Power and Industrial Solutions Limited has informed the Exchange regarding 'Disclosure on filing an application by the Company with Ministry of Electronics and Information Technology (MeitY), Gover"
11-Nov-2023 14:41:13,Updates,CG Power and Industrial Solutions Limited has informed the Exchange regarding 'NCLT Order passed with respective to the Company's subsidiary i.e. CG Power Solutions Limited'.
10-Nov-2023 16:25:07,Updates,CG Power and Industrial Solutions Limited has informed the Exchange regarding 'Intimation under Regulation 30 read with Regulation 31(A(8) of Securities and Exchange Board of India (Listing Obligation
07-Nov-2023 17:27:53,Loss of Share Certificates,CG Power and Industrial Solutions Limited has informed the Exchange about Loss of Share Certificates
06-Nov-2023 17:05:41,Loss of Share Certificates,CG Power and Industrial Solutions Limited has informed the Exchange about Loss of Share Certificates
01-Nov-2023 17:21:31,Updates,CG Power and Industrial Solutions Limited has informed the Exchange regarding 'Update on family arrangement between Murugappa family members'.
01-Nov-2023 17:21:31,Press Release,"CG Power and Industrial Solutions Limited has informed the Exchange regarding a press release dated November 01, 2023, titled ""Update on family arrangement between Murugappa family members."""
30-Oct-2023 16:33:11,Loss of Share Certificates,CG Power and Industrial Solutions Limited has informed the Exchange about Loss of Share Certificates
30-Oct-2023 16:33:11,Loss of Share Certificates,CG Power and Industrial Solutions Limited has informed the Exchange about Loss of Share Certificates
30-Oct-2023 11:52:54,Analysts/Institutional Investor Meet/Con. Call Updates,CG Power and Industrial Solutions Limited has informed the Exchange about Schedule of meet
29-Oct-2023 19:25:20,Analysts/Institutional Investor Meet/Con. Call Updates,CG Power and Industrial Solutions Limited has informed the Exchange about Transcript
29-Oct-2023 14:58:19,Allotment of Securities,"CG Power and Industrial Solutions Limited has informed the Exchange regarding allotment of 5000 securities pursuant to ESOP/ESPS at its meeting held on October 29, 2023"
27-Oct-2023 21:14:19,Analysts/Institutional Investor Meet/Con. Call Updates,CG Power and Industrial Solutions Limited has informed the Exchange about Schedule of meet
27-Oct-2023 17:02:32,Loss of Share Certificates,CG Power and Industrial Solutions Limited has informed the Exchange about Loss of Share Certificates
25-Oct-2023 17:22:15,Loss of Share Certificates,CG Power and Industrial Solutions Limited has informed the Exchange about Loss of Share Certificates
23-Oct-2023 21:51:27,Analysts/Institutional Investor Meet/Con. Call Updates,CG Power and Industrial Solutions Limited has informed the Exchange about Schedule of meet
21-Oct-2023 20:52:51,Allotment of Securities,"CG Power and Industrial Solutions Limited has informed the Exchange regarding allotment of 7500 securities pursuant to ESOP/ESPS at its meeting held on October 21, 2023"
20-Oct-2023 23:36:13,Related Party Transactions,CG Power and Industrial Solutions Limited has informed the Exchange about related Party Transactions
20-Oct-2023 19:01:25,Analysts/Institutional Investor Meet/Con. Call Updates,CG Power and Industrial Solutions Limited has informed the Exchange about Link of Recording
20-Oct-2023 14:18:14,Press Release,"CG Power and Industrial Solutions Limited has informed the Exchange regarding a press release dated October 20, 2023, titled ""Press Release-Q2-FY 2023-24""."
20-Oct-2023 13:53:38,Outcome of Board Meeting,"CG Power and Industrial Solutions Limited has informed the Exchange regarding  Board meeting held on October 20, 2023."
20-Oct-2023 13:41:55,Financial Result Updates,"CG Power and Industrial Solutions Limited has submitted to the Exchange, the financial results for the period ended September 30, 2023."
18-Oct-2023 11:59:32,Loss of Share Certificates,CG Power and Industrial Solutions Limited has informed the Exchange about Loss of Share Certificates
17-Oct-2023 16:38:57,Loss of Share Certificates,CG Power and Industrial Solutions Limited has informed the Exchange about Loss of Share Certificates
17-Oct-2023 16:38:57,Loss of Share Certificates,CG Power and Industrial Solutions Limited has informed the Exchange about Loss of Share Certificates
17-Oct-2023 11:05:51,Allotment of Securities,"CG Power and Industrial Solutions Limited has informed the Exchange regarding allotment of 15000 securities pursuant to ESOP/ESPS at its meeting held on October 16, 2023"
14-Oct-2023 16:51:56,Analysts/Institutional Investor Meet/Con. Call Updates,CG Power and Industrial Solutions Limited has informed the Exchange about Schedule of meet
13-Oct-2023 16:19:52,Loss of Share Certificates,CG Power and Industrial Solutions Limited has informed the Exchange about Loss of Share Certificates
06-Oct-2023 16:52:22,"Certificate under SEBI (Depositories and Participants) Regulations, 2018","CG Power and Industrial Solutions Limited has informed the Exchange about Certificate under SEBI (Depositories and Participants) Regulations, 2018 for the period from 1st July 2023 to 30th September 2"
27-Sep-2023 23:29:55,Loss of Share Certificates,CG Power and Industrial Solutions Limited has informed the Exchange about Loss of Share Certificates
27-Sep-2023 13:51:13,Trading Window,"CG Power and Industrial Solutions Limited has informed the Exchange regarding the Trading Window closure pursuant to SEBI (Prohibition of Insider Trading) Regulations, 2015"
26-Sep-2023 15:24:32,Loss of Share Certificates,CG Power and Industrial Solutions Limited has informed the Exchange about Loss of Share Certificates
18-Sep-2023 17:54:06,Analysts/Institutional Investor Meet/Con. Call Updates,CG Power and Industrial Solutions Limited has informed the Exchange about Schedule of meet
18-Sep-2023 17:54:06,Analysts/Institutional Investor Meet/Con. Call Updates,CG Power and Industrial Solutions Limited has informed the Exchange about Schedule of meet
18-Sep-2023 17:54:06,Analysts/Institutional Investor Meet/Con. Call Updates,CG Power and Industrial Solutions Limited has informed the Exchange about Schedule of meet
18-Sep-2023 12:28:50,Analysts/Institutional Investor Meet/Con. Call Updates,CG Power and Industrial Solutions Limited has informed the Exchange about Schedule of meet
14-Sep-2023 10:21:53,Analysts/Institutional Investor Meet/Con. Call Updates,CG Power and Industrial Solutions Limited has informed the Exchange about Schedule of meet
12-Sep-2023 19:59:27,Analysts/Institutional Investor Meet/Con. Call Updates,CG Power and Industrial Solutions Limited has informed the Exchange about Schedule of meet
12-Sep-2023 19:54:26,Loss of Share Certificates,CG Power and Industrial Solutions Limited has informed the Exchange about Loss of Share Certificates
12-Sep-2023 19:54:26,Loss of Share Certificates,CG Power and Industrial Solutions Limited has informed the Exchange about Loss of Share Certificates
12-Sep-2023 19:54:26,Loss of Share Certificates,CG Power and Industrial Solutions Limited has informed the Exchange about Loss of Share Certificates
12-Sep-2023 17:27:34,Loss of Share Certificates,CG Power and Industrial Solutions Limited has informed the Exchange about Loss of Share Certificates
11-Sep-2023 17:34:02,Loss of Share Certificates,CG Power and Industrial Solutions Limited has informed the Exchange about Loss of Share Certificates
11-Sep-2023 12:42:12,Analysts/Institutional Investor Meet/Con. Call Updates,CG Power and Industrial Solutions Limited has informed the Exchange about Schedule of meet
11-Sep-2023 12:42:12,Analysts/Institutional Investor Meet/Con. Call Updates,CG Power and Industrial Solutions Limited has informed the Exchange about Schedule of meet
08-Sep-2023 16:30:51,Analysts/Institutional Investor Meet/Con. Call Updates,CG Power and Industrial Solutions Limited has informed the Exchange about Schedule of meet preponed on 11th September 2023 which was earlier scheduled on 13th September 2023.
08-Sep-2023 16:15:04,Loss of Share Certificates,CG Power and Industrial Solutions Limited has informed the Exchange about Loss of Share Certificates
06-Sep-2023 17:34:14,Loss of Share Certificates,CG Power and Industrial Solutions Limited has informed the Exchange about Loss of Share Certificates
01-Sep-2023 10:26:49,Appointment,CG Power and Industrial Solutions Limited has informed the Exchange regarding changes in senior management of the Company as per the enclosed disclosure.
31-Aug-2023 16:41:35,Analysts/Institutional Investor Meet/Con. Call Updates,CG Power and Industrial Solutions Limited has informed the Exchange about Schedule of meet
31-Aug-2023 16:41:35,Analysts/Institutional Investor Meet/Con. Call Updates,CG Power and Industrial Solutions Limited has informed the Exchange about Schedule of meet
20-Aug-2023 15:04:03,Updates,CG Power and Industrial Solutions Limited has informed the Exchange regarding 'Family arrangement between Murugappa family members'.
20-Aug-2023 15:04:03,Press Release,"CG Power and Industrial Solutions Limited has informed the Exchange regarding a press release dated August 20, 2023, titled ""Family arrangement between Murugappa family members""."
19-Aug-2023 15:06:29,Loss of Share Certificates,CG Power and Industrial Solutions Limited has informed the Exchange about Loss of Share Certificates
19-Aug-2023 15:06:29,Loss of Share Certificates,CG Power and Industrial Solutions Limited has informed the Exchange about Loss of Share Certificates
19-Aug-2023 15:06:29,Loss of Share Certificates,CG Power and Industrial Solutions Limited has informed the Exchange about Loss of Share Certificates
19-Aug-2023 15:06:29,Loss of Share Certificates,CG Power and Industrial Solutions Limited has informed the Exchange about Loss of Share Certificates
18-Aug-2023 10:50:07,Analysts/Institutional Investor Meet/Con. Call Updates,CG Power and Industrial Solutions Limited has informed the Exchange about Schedule of meet
16-Aug-2023 12:18:05,Analysts/Institutional Investor Meet/Con. Call Updates,CG Power and Industrial Solutions Limited has informed the Exchange about Schedule of meet
16-Aug-2023 12:18:05,Analysts/Institutional Investor Meet/Con. Call Updates,CG Power and Industrial Solutions Limited has informed the Exchange about Schedule of meet
09-Aug-2023 17:57:50,Analysts/Institutional Investor Meet/Con. Call Updates,CG Power and Industrial Solutions Limited has informed the Exchange about Schedule of meet and Presentation
09-Aug-2023 17:57:50,Analysts/Institutional Investor Meet/Con. Call Updates,CG Power and Industrial Solutions Limited has informed the Exchange about Schedule of meet and Presentation
09-Aug-2023 17:57:50,Analysts/Institutional Investor Meet/Con. Call Updates,CG Power and Industrial Solutions Limited has informed the Exchange about Schedule of meet and Presentation
09-Aug-2023 17:57:50,Analysts/Institutional Investor Meet/Con. Call Updates,CG Power and Industrial Solutions Limited has informed the Exchange about Schedule of meet and Presentation
09-Aug-2023 14:26:36,Analysts/Institutional Investor Meet/Con. Call Updates,CG Power and Industrial Solutions Limited has informed the Exchange about Schedule of meet
08-Aug-2023 21:56:30,Loss of Share Certificates,CG Power and Industrial Solutions Limited has informed the Exchange about Loss of Share Certificates
07-Aug-2023 14:14:26,Allotment of Securities,"CG Power and Industrial Solutions Limited has informed the Exchange regarding allotment of 23900 securities pursuant to ESOP/ESPS on August 07, 2023"
03-Aug-2023 12:04:31,Loss of Share Certificates,CG Power and Industrial Solutions Limited has informed the Exchange about Loss of Share Certificates
01-Aug-2023 15:29:01,Analysts/Institutional Investor Meet/Con. Call Updates,"Pursuant to Regulations 30(2) and 46(2) of the SEBI (Listing Obligations and Disclosure Requirements) Regulations, 2015, CG Power and Industrial Solutions Limited has informed the Exchange about Trans"
28-Jul-2023 16:54:49,Shareholders meeting,"CG Power and Industrial Solutions Limited has submitted the Exchange a copy Srutinizers report of  Annual General Meeting held on July 27, 2023. Further, the company has informed the Exchange regardin"
27-Jul-2023 20:09:51,Analysts/Institutional Investor Meet/Con. Call Updates,CG Power and Industrial Solutions Limited has informed the Exchange about Link of Recording
27-Jul-2023 19:50:53,Shareholders meeting,"CG Power and Industrial Solutions Limited has informed the Exchange regarding Proceedings of Annual General Meeting held on July 27, 2023"
27-Jul-2023 13:08:16,Press Release,"CG Power and Industrial Solutions Limited has informed the Exchange regarding a press release dated July 27, 2023, titled ""Q1 Results-FY 2023-24""."
27-Jul-2023 12:45:46,Financial Result Updates,"CG Power and Industrial Solutions Limited has submitted to the Exchange, the financial results for the period ended June 30, 2023."
26-Jul-2023 20:10:14,Loss of Share Certificates,CG Power and Industrial Solutions Limited has informed the Exchange about Loss of Share Certificates
26-Jul-2023 20:03:55,Credit Rating,CG Power and Industrial Solutions Limited has informed the Exchange about Credit Rating
26-Jul-2023 11:36:22,Loss of Share Certificates,CG Power and Industrial Solutions Limited has informed the Exchange about Loss of Share Certificates
21-Jul-2023 18:41:37,Loss of Share Certificates,CG Power and Industrial Solutions Limited has informed the Exchange about Loss of Share Certificates
21-Jul-2023 18:41:37,Loss of Share Certificates,CG Power and Industrial Solutions Limited has informed the Exchange about Loss of Share Certificates
21-Jul-2023 18:41:37,Loss of Share Certificates,CG Power and Industrial Solutions Limited has informed the Exchange about Loss of Share Certificates
19-Jul-2023 17:05:10,Analysts/Institutional Investor Meet/Con. Call Updates,"It is hereby informed that pursuant to Regulations 30(2) and 46(2) of the SEBI (Listing Obligations and Disclosure Requirements) Regulations, 2015, we wish to inform that earnings call for the 1st qua"
19-Jul-2023 08:26:27,Appointment,"CG Power and Industrial Solutions Limited has informed the Exchange regarding Appointment of Mr Ajay Jain as Vice President, Transformer Business in the category of Senior Management of the company w."
15-Jul-2023 10:36:41,Updates,"CG Power and Industrial Solutions Limited has informed the Exchange regarding 'Intimation under Regulation 30 of the SEBI (Listing obligations and Disclosure Requirements) Regulations, 2015 ( Listing "
11-Jul-2023 16:11:24,"Certificate under SEBI (Depositories and Participants) Regulations, 2018","CG Power and Industrial Solutions Limited has informed the Exchange about Certificate under SEBI (Depositories and Participants) Regulations, 2018"
09-Jul-2023 13:58:31,Disclosure under SEBI Takeover Regulations,Tube Investments of India Limited��has Submitted to the Exchange a copy of Disclosure under Regulation 31(4) of the Securities and Exchange Board of India��(Substantial Acquisition of Shares and Takeo
05-Jul-2023 15:38:59,Copy of Newspaper Publication,CG Power and Industrial Solutions Limited has informed the Exchange about Copy of Newspaper Advertisements published today i.e. 5th July 2023 in Business Standards and Loksatta informing about the Not
05-Jul-2023 14:08:18,Loss of Share Certificates,CG Power and Industrial Solutions Limited has informed the Exchange about Loss of Share Certificates
04-Jul-2023 20:43:03,Shareholders meeting,"CG Power and Industrial Solutions Limited has informed the Exchange regarding Notice of Annual General Meeting to be held on July 27, 2023"
04-Jul-2023 11:47:51,Loss of Share Certificates,CG Power and Industrial Solutions Limited has informed the Exchange about Loss of Share Certificates
30-Jun-2023 15:34:48,Allotment of Securities,"CG Power and Industrial Solutions Limited has informed the Exchange regarding allotment of 33000 securities pursuant to ESOP/ESPS at its meeting held on Jun 30, 2023"
29-Jun-2023 15:13:50,Trading Window,"CG Power and Industrial Solutions Limited has informed the Exchange regarding the Trading Window closure pursuant to SEBI (Prohibition of Insider Trading) Regulations, 2015"
27-Jun-2023 15:46:43,Loss of Share Certificates,CG Power and Industrial Solutions Limited has informed the Exchange about Loss of Share Certificates
15-Jun-2023 19:24:22,Loss of Share Certificates,CG Power and Industrial Solutions Limited has informed the Exchange about Loss of Share Certificates
12-Jun-2023 22:14:32,Loss of Share Certificates,CG Power and Industrial Solutions Limited has informed the Exchange about Loss of Share Certificates
10-Jun-2023 21:34:00,Analysts/Institutional Investor Meet/Con. Call Updates,CG Power and Industrial Solutions Limited has informed the Exchange about Schedule of meet
10-Jun-2023 14:30:57,Loss of Share Certificates,CG Power and Industrial Solutions Limited has informed the Exchange about Loss of Share Certificates
10-Jun-2023 14:30:57,Loss of Share Certificates,CG Power and Industrial Solutions Limited has informed the Exchange about Loss of Share Certificates
10-Jun-2023 14:30:57,Loss of Share Certificates,CG Power and Industrial Solutions Limited has informed the Exchange about Loss of Share Certificates
09-Jun-2023 19:37:54,Loss of Share Certificates,CG Power and Industrial Solutions Limited has informed the Exchange about Loss of Share Certificates
05-Jun-2023 15:07:53,Updates,CG Power and Industrial Solutions Limited has informed the Exchange regarding 'Dissolution of step down subsidiary of the Company- CG Power Solutions UK Limited'.
02-Jun-2023 22:43:10,Loss of Share Certificates,CG Power and Industrial Solutions Limited has informed the Exchange about Loss of Share Certificates
30-May-2023 14:08:49,Analysts/Institutional Investor Meet/Con. Call Updates,CG Power and Industrial Solutions Limited has informed the Exchange about Schedule of meet
26-May-2023 17:32:24,Loss of Share Certificates,CG Power and Industrial Solutions Limited has informed the Exchange about Loss of Share Certificates
26-May-2023 11:34:36,Loss of Share Certificates,CG Power and Industrial Solutions Limited has informed the Exchange about Loss of Share Certificates
25-May-2023 19:22:16,Analysts/Institutional Investor Meet/Con. Call Updates,CG Power and Industrial Solutions Limited has informed the Exchange about Schedule of meet
23-May-2023 17:36:20,Loss of Share Certificates,CG Power and Industrial Solutions Limited has informed the Exchange about Loss of Share Certificates
23-May-2023 17:36:20,Loss of Share Certificates,CG Power and Industrial Solutions Limited has informed the Exchange about Loss of Share Certificates
23-May-2023 17:36:20,Loss of Share Certificates,CG Power and Industrial Solutions Limited has informed the Exchange about Loss of Share Certificates
23-May-2023 17:36:20,Loss of Share Certificates,CG Power and Industrial Solutions Limited has informed the Exchange about Loss of Share Certificates
17-May-2023 12:54:50,Loss of Share Certificates,CG Power and Industrial Solutions Limited has informed the Exchange about Loss of Share Certificates
16-May-2023 17:14:20,Annual Secretarial Compliance Report,"Pursuant to Regulation 24A of SEBI (Listing Obligations and Disclosure Requirements) Regulations, 2015 please find enclosed the Annual Secretarial Compliance Report, issued by the Practicing Company S"
15-May-2023 22:13:04,Analysts/Institutional Investor Meet/Con. Call Updates,CG Power and Industrial Solutions Limited has informed the Exchange about Transcript
12-May-2023 16:54:09,Allotment of Securities,"CG Power and Industrial Solutions Limited has informed the Exchange regarding allotment of 67760 securities pursuant to ESOP/ESPS at its meeting held on May 12, 2023"
11-May-2023 11:32:53,Loss of Share Certificates,CG Power and Industrial Solutions Limited has informed the Exchange about Loss of Share Certificates
09-May-2023 16:20:16,Loss of Share Certificates,CG Power and Industrial Solutions Limited has informed the Exchange about Loss of Share Certificates
09-May-2023 13:08:30,Updates,CG Power and Industrial Solutions Limited has informed the Exchange regarding '86th Annual General Meeting of the Company.'.
08-May-2023 20:50:39,Related Party Transactions,"CG Power and Industrial Solutions Limited has informed the Exchange about related Party Transactions for the half year ended 31st March, 2023"
08-May-2023 20:42:57,Change in Auditors,CG Power and Industrial Solutions Limited has informed the Exchange regarding Change in Auditors of the company.
08-May-2023 19:04:15,Analysts/Institutional Investor Meet/Con. Call Updates,CG Power and Industrial Solutions Limited has informed the Exchange about Link of Recording
08-May-2023 18:30:05,Analysts/Institutional Investor Meet/Con. Call Updates,CG Power and Industrial Solutions Limited has informed the Exchange about Schedule of meet and Presentation
08-May-2023 18:30:05,Analysts/Institutional Investor Meet/Con. Call Updates,CG Power and Industrial Solutions Limited has informed the Exchange about Schedule of meet and Presentation
08-May-2023 17:46:05,Change in Company Secretary/Compliance Officer,CG Power and Industrial Solutions Limited has informed the Exchange about Resignation of Company Secretary/Compliance Officer of the Company.
08-May-2023 17:40:55,Change in Company Secretary/Compliance Officer,CG Power and Industrial Solutions Limited has informed the Exchange about Appointment of Company Secretary/Compliance Officer of the Company.
08-May-2023 17:31:18,Change in Director(s),CG Power and Industrial Solutions Limited has informed the Exchange regarding Change in Director(s) of the company.
08-May-2023 15:22:48,Press Release,"CG Power and Industrial Solutions Limited has informed the Exchange regarding a press release dated May 08, 2023, titled ""Q4-FY 2022-23 financial results""."
08-May-2023 13:30:09,Outcome of Board Meeting,"CG Power and Industrial Solutions Limited has informed the Exchange regarding  Board meeting held on May 08, 2023."
08-May-2023 13:22:07,Financial Result Updates,"CG Power and Industrial Solutions Limited has submitted to the Exchange, the financial results for the period ended March 31, 2023."
04-May-2023 16:17:16,Loss of Share Certificates,CG Power and Industrial Solutions Limited has informed the Exchange about Loss of Share Certificates
02-May-2023 16:29:09,Analysts/Institutional Investor Meet/Con. Call Updates,"CG Power and Industrial Solutions Limited has informed the Exchange about Schedule of meet, post declaration of the financial results for the quarter and year ended 31st March, 2023 through Digital Ac"
26-Apr-2023 17:15:30,Updates,CG Power and Industrial Solutions Limited has informed the Exchange regarding 'Closure of step down subsidiary of the Company- CG Middle East FZE'.
20-Apr-2023 19:19:01,Loss of Share Certificates,CG Power and Industrial Solutions Limited has informed the Exchange about Loss of Share Certificates
13-Apr-2023 23:53:47,"Certificate under SEBI (Depositories and Participants) Regulations, 2018","CG Power and Industrial Solutions Limited has informed the Exchange about Certificate under SEBI (Depositories and Participants) Regulations, 2018"
13-Apr-2023 23:16:59,Loss of Share Certificates,CG Power and Industrial Solutions Limited has informed the Exchange about Loss of Share Certificates
13-Apr-2023 11:56:22,Loss of Share Certificates,CG Power and Industrial Solutions Limited has informed the Exchange about Loss of Share Certificates
13-Apr-2023 11:56:22,Loss of Share Certificates,CG Power and Industrial Solutions Limited has informed the Exchange about Loss of Share Certificates
12-Apr-2023 12:33:34,Loss of Share Certificates,CG Power and Industrial Solutions Limited has informed the Exchange about Loss of Share Certificates
11-Apr-2023 12:39:02,Loss of Share Certificates,CG Power and Industrial Solutions Limited has informed the Exchange about Loss of Share Certificates
04-Apr-2023 21:06:51,Loss of Share Certificates,CG Power and Industrial Solutions Limited has informed the Exchange about Loss of Share Certificates
30-Mar-2023 11:25:21,Trading Window,"CG Power and Industrial Solutions Limited has informed the Exchange regarding the Trading Window closure pursuant to SEBI (Prohibition of Insider Trading) Regulations, 2015"
25-Mar-2023 18:06:24,Loss of Share Certificates,CG Power and Industrial Solutions Limited has informed the Exchange about Loss of Share Certificates
14-Mar-2023 14:29:51,Loss of Share Certificates,CG Power and Industrial Solutions Limited has informed the Exchange about Loss of Share Certificates
10-Mar-2023 12:59:49,Allotment of Securities,"CG Power and Industrial Solutions Limited has informed the Exchange regarding allotment of 35000 securities pursuant to ESOP/ESPS at its meeting held on March 09, 2023"
10-Mar-2023 12:53:21,Analysts/Institutional Investor Meet/Con. Call Updates,CG Power and Industrial Solutions Limited has informed the Exchange about Schedule of meet
10-Mar-2023 12:53:20,Analysts/Institutional Investor Meet/Con. Call Updates,CG Power and Industrial Solutions Limited has informed the Exchange about Schedule of meet
08-Mar-2023 22:25:10,Loss of Share Certificates,CG Power and Industrial Solutions Limited has informed the Exchange about Loss of Share Certificates
05-Mar-2023 23:43:33,Loss of Share Certificates,CG Power and Industrial Solutions Limited has informed the Exchange about Loss of Share Certificates
03-Mar-2023 23:38:45,Loss of Share Certificates,CG Power and Industrial Solutions Limited has informed the Exchange about Loss of Share Certificates
02-Mar-2023 11:47:00,Record Date,CG Power and Industrial Solutions Limited has informed the Exchange that Record date for the purpose of Interim Dividend for the financial year 2022-23 is 15-Mar-2023.
02-Mar-2023 11:39:06,Dividend,"CG Power and Industrial Solutions Limited has informed the Exchange that Board of Directors at its meeting held on March 02, 2023, declared Interim Dividend of Rs. 1.50 per equity share."
27-Feb-2023 22:53:42,Loss of Share Certificates,CG Power and Industrial Solutions Limited has informed the Exchange about Loss of Share Certificates
17-Feb-2023 16:03:07,Analysts/Institutional Investor Meet/Con. Call Updates,"CG Power and Industrial Solutions Limited has informed the Exchange about Schedule of meet to be held on 22nd February, 2023"
17-Feb-2023 15:56:25,Loss of Share Certificates,CG Power and Industrial Solutions Limited has informed the Exchange about Loss of Share Certificates
07-Feb-2023 14:49:40,Analysts/Institutional Investor Meet/Con. Call Updates,"CG Power and Industrial Solutions Limited has informed the Exchange about Schedule of meet/conference to be held on 8th February, 2023; 14th February, 2023 and 21st February, 2023."
07-Feb-2023 14:49:39,Analysts/Institutional Investor Meet/Con. Call Updates,"CG Power and Industrial Solutions Limited has informed the Exchange about Schedule of meet/conference to be held on 8th February, 2023; 14th February, 2023 and 21st February, 2023."
07-Feb-2023 14:49:39,Analysts/Institutional Investor Meet/Con. Call Updates,"CG Power and Industrial Solutions Limited has informed the Exchange about Schedule of meet/conference to be held on 8th February, 2023; 14th February, 2023 and 21st February, 2023."
06-Feb-2023 14:47:39,Analysts/Institutional Investor Meet/Con. Call Updates,CG Power and Industrial Solutions Limited has informed the Exchange about Schedule of meet
31-Jan-2023 16:33:52,Loss of Share Certificates,"CG Power and Industrial Solutions Limited has informed the Exchange about issuance of a ""Letter of Confirmation"" on 30th January, 2023 in lieu of duplicate share certificate reported as lost to the sh"
31-Jan-2023 16:33:52,Loss of Share Certificates,"CG Power and Industrial Solutions Limited has informed the Exchange about issuance of a ""Letter of Confirmation"" on 30th January, 2023 in lieu of duplicate share certificate reported as lost to the sh"
30-Jan-2023 17:23:26,Analysts/Institutional Investor Meet/Con. Call Updates,"CG Power and Industrial Solutions Limited has informed the Exchange about Transcript of the conference call held with analysts/investors on Wednesday, 24th January, 2023, has been uploaded on the Comp"
25-Jan-2023 19:20:19,Analysts/Institutional Investor Meet/Con. Call Updates,CG Power and Industrial Solutions Limited has informed the Exchange about Presentation
25-Jan-2023 14:22:02,Loss of Share Certificates,CG Power and Industrial Solutions Limited has informed the Exchange about Loss of Share Certificates
24-Jan-2023 19:22:15,Analysts/Institutional Investor Meet/Con. Call Updates,"CG Power and Industrial Solutions Limited has informed the Exchange about Link of Recording of the conference call held with analysts and investors on Tuesday, 24th January, 2023, has been uploaded on"
24-Jan-2023 14:23:55,Press Release,"CG Power and Industrial Solutions Limited has informed the Exchange regarding a press release dated January 24, 2023, titled ""Financial Results for the quarter ended 31st December, 2022""."
24-Jan-2023 13:12:32,Outcome of Board Meeting,"CG Power and Industrial Solutions Limited has informed the Exchange regarding Outcome of Board Meeting held on January 24, 2023."
24-Jan-2023 13:05:06,Financial Result Updates,"CG Power and Industrial Solutions Limited has submitted to the Exchange, the financial results for the period ended December 31, 2022."
23-Jan-2023 13:34:45,Analysts/Institutional Investor Meet/Con. Call Updates,"CG Power and Industrial Solutions Limited has informed the Exchange about Schedule of meet to be held on Wednesday, 25th January, 2023"
17-Jan-2023 11:23:28,Analysts/Institutional Investor Meet/Con. Call Updates,"CG Power and Industrial Solutions Limited has informed the Exchange about Schedule of meet scheduled to be held on 24th January, 2023"
13-Jan-2023 19:33:27,Loss of Share Certificates,CG Power and Industrial Solutions Limited has informed the Exchange about Loss of Share Certificates
09-Jan-2023 19:36:32,Updates,"CG Power and Industrial Solutions Limited has informed the Exchange regarding 'Intimation of Meeting of the Board of Directors to consider and approve the Unaudited Financial Results, on Standalone as"
05-Jan-2023 17:36:40,"Certificate under SEBI (Depositories and Participants) Regulations, 2018","CG Power and Industrial Solutions Limited has informed the Exchange about Certificate under SEBI (Depositories and Participants) Regulations, 2018 for the quarter ended 31st December, 2022"
04-Jan-2023 10:44:34,Loss of Share Certificates,CG Power and Industrial Solutions Limited has informed the Exchange about Loss of Share Certificates
30-Dec-2022 12:10:51,Trading Window,"CG Power and Industrial Solutions Limited has informed the Exchange regarding the Trading Window closure pursuant to SEBI (Prohibition of Insider Trading) Regulations, 2015"
24-Dec-2022 12:27:36,Updates,"CG Power and Industrial Solutions Limited has informed the Exchange regarding 'Disclosure pursuant to Regulation 30 of the SEBI (Listing Obligation and Disclosure Requirements) Regulations, 2015'."
22-Dec-2022 22:30:24,Allotment of Securities,"CG Power and Industrial Solutions Limited has informed the Exchange regarding allotment of 19760 securities pursuant to ESOP/ESPS at its meeting held on December 22, 2022"
15-Dec-2022 16:32:37,Schedule of Analysts/Institutional Investor Meet/Con. Call,"CG Power and Industrial Solutions Limited has informed the Exchange about Schedule of Analysts/Institutional Investor Meet/Con. Call scheduled to be held on 23rd December, 2022"
15-Dec-2022 16:32:34,Schedule of Analysts/Institutional Investor Meet/Con. Call,"CG Power and Industrial Solutions Limited has informed the Exchange about Schedule of Analysts/Institutional Investor Meet/Con. Call scheduled to be held on 16th December, 2022"
15-Dec-2022 16:26:42,Postal Ballot,"CG Power and Industrial Solutions Limited has informed the Exchange about Voting results and Scrutinizer report of Postal Ballot for the resolutions as proposed in the Notice dated 11th November, 2022"
09-Dec-2022 18:58:15,Loss of share certificate,CG Power and Industrial Solutions Limited has informed the Exchange about Loss of share certificate pursuant to Regulation 39(3) of the SEBI (Listing Obligations and Disclosure Requirements) Regulatio
06-Dec-2022 15:45:39,Redemption,"CG Power and Industrial Solutions Limited has informed the Exchange about Redemption of the Non-Convertible Debentures on 5th December, 2022."
05-Dec-2022 19:21:22,Schedule of Analysts/Institutional Investor Meet/Con. Call,"CG Power and Industrial Solutions Limited has informed the Exchange about Schedule of Analysts/Institutional Investor Meet/Con. Call scheduled to be held on 16th December, 2022"
05-Dec-2022 19:21:21,Schedule of Analysts/Institutional Investor Meet/Con. Call,"CG Power and Industrial Solutions Limited has informed the Exchange about Schedule of Analysts/Institutional Investor Meet/Con. Call scheduled to be held on 13th December, 2022"
05-Dec-2022 19:21:18,Schedule of Analysts/Institutional Investor Meet/Con. Call,"CG Power and Industrial Solutions Limited has informed the Exchange about Schedule of Analysts/Institutional Investor Meet/Con. Call scheduled to be held on 9th December, 2022"
02-Dec-2022 14:53:57,Loss of share certificate,CG Power and Industrial Solutions Limited has informed the Exchange about Loss of share certificate pursuant to Regulation 39(3) of the SEBI (Listing Obligations and Disclosure Requirements) Regulatio
25-Nov-2022 14:16:00,Loss of share certificate,"CG Power and Industrial Solutions Limited has informed the Exchange pursuant to Regulation 39(3) of the SEBI (Listing Obligations and Disclosure Requirements) Regulations, 2015, that the Company has r"
24-Nov-2022 17:57:42,Loss of share certificate,"CG Power and Industrial Solutions Limited has informed the Exchange pursuant to Regulation 39(3) of the SEBI (Listing Obligations and Disclosure Requirements) Regulations, 2015, the Company has receiv"
21-Nov-2022 14:25:45,Schedule of Analysts/Institutional Investor Meet/Con. Call,"CG Power and Industrial Solutions Limited has informed the Exchange about Schedule of Analysts/Institutional Investor Meet/Con. Call scheduled to be held on 24th November, 2022."
19-Nov-2022 16:22:06,Loss of share certificate,"CG Power and Industrial Solutions Limited has informed the Exchange pursuant to Regulation 39(3) of the SEBI (Listing Obligations and Disclosure Requirements) Regulations, 2015, the Company has receiv"
15-Nov-2022 12:32:27,Newspaper Advertisements,"CG Power and Industrial Solutions Limited has informed the Exchange about Newspaper Advertisements published todayi.e. 15th November, 2022 in Business Standard and Loksatta newspapers informing about "
14-Nov-2022 20:15:42,Postal Ballot,"CG Power and Industrial Solutions Limited has informed the Exchange about Notice of Postal Ballot dated 11th November, 2022 (""Notice"") for the approval of the shareholders of the Company on the propos"
09-Nov-2022 22:36:25,Loss of share certificate,"We wish to inform you that pursuant to Regulation 39(3) of the SEBI (Listing Obligations and Disclosure Requirements) Regulations, 2015 read with SEBI Circular No. SEBI/HO/MIRSD/MIRSD_RTAMB /P/CIR/202"
09-Nov-2022 18:09:51,Schedule of Analysts/Institutional Investor Meet/Con. Call,"CG Power and Industrial Solutions Limited has informed the Exchange about Schedule of Analysts/Institutional Investor Meet/Con. Call scheduled to be held on 10th November, 2022"
09-Nov-2022 15:21:24,General updates,CG Power and Industrial Solutions Limited has informed the Exchange about Completion of liquidation of step down subsidiary of the Company i.e. CG Power & Industrial Solutions Middle East FZE
08-Nov-2022 15:47:30,Schedule of Analysts/Institutional Investor Meet/Con. Call,"CG Power and Industrial Solutions Limited has informed the Exchange about Schedule of Analysts/Institutional Investor Meet/Con. Call scheduled to be held on 9th November, 2022."
03-Nov-2022 19:06:36,Related Party Transaction,CG Power and Industrial Solutions Limited has informed the Exchange about related party transaction for the period ended September 2022
01-Nov-2022 22:37:00,Schedule of Analysts/Institutional Investor Meet/Con. Call,"CG Power and Industrial Solutions Limited has informed the Exchange about Schedule of Analysts/Institutional Investor Meet/Con. Call scheduled to be held on 2nd November, 2022"
31-Oct-2022 22:23:48,Loss of share certificate,"CG Power and Industrial Solutions Limited has informed the Exchange pursuant to Regulation 39(3) of the SEBI (Listing Obligations and Disclosure Requirements) Regulations, 2015, the Company has receiv"
30-Oct-2022 19:13:48,Schedule of Analysts/Institutional Investor Meet/Con. Call,"CG Power and Industrial Solutions Limited has informed the Exchange about Schedule of Analysts/Institutional Investor Meet/Con. Call scheduled to be held on 31st October, 2022"
26-Oct-2022 17:04:18,Transcript of Analysts/Institutional Investor Meet/Con. Call,"CG Power and Industrial Solutions Limited has informed the Exchange about Transcript of Analysts/Institutional Investor Meet/Con. Call held on Wednesday, 19th October 2022."
22-Oct-2022 13:37:39,Loss of share certificate,"We wish to inform you that pursuant to Regulation 39(3) of the SEBI (Listing Obligations and Disclosure Requirements) Regulations, 2015 read with SEBI Circular No. SEBI/HO/MIRSD/MIRSD_RTAMB /P/CIR/202"
19-Oct-2022 19:01:18,Loss of share certificate,"CG Power and Industrial Solutions Limited has informed the Exchange pursuant to Regulation 39(3) of the SEBI (Listing Obligations and Disclosure Requirements) Regulations, 2015, the Company has receiv"
19-Oct-2022 18:53:27,Recording of Analysts/Institutional Investor Meet/Con. Call,"CG Power and Industrial Solutions Limited has informed the Exchange about Recording of Analysts/Institutional Investor Meet/Con. Call held today i.e. 19th October, 2022"
19-Oct-2022 17:17:54,Press Release,CG Power and Industrial Solutions Limited has informed the Exchange about press release dated 19-Oct-2022 titled Press Release-Q2 Financial Results
19-Oct-2022 17:13:15,Agreements/Contracts/Arrangements/ MOU's PARA A,CG Power and Industrial Solutions Limited has informed the Exchange on approval of Draft Scheme of Arrangement between the Company and its shareholders
19-Oct-2022 15:45:12,Re-appointment,"CG Power and Industrial Solutions Limited has informed the Exchange that the Board of Directors of the Company, on the recommendation of the Nomination and Remuneration Committee, approved the re-appo"
19-Oct-2022 14:57:36,Capacity addition/product launch,CG Power and Industrial Solutions Limited has informed the Exchange about a proposal to expand the Company's manufacturing capacity of its Low Tension Motors plants located at Ahmednagar and Goa.
19-Oct-2022 14:20:57,Outcome of Board Meeting,CG Power and Industrial Solutions Limited  has informed the Exchange about Board Meeting held on 19-Oct-2022 to consider and approve the unaudited financial results for the quarter and half year ended
10-Oct-2022 13:02:30,Schedule of Analysts/Institutional Investor Meet/Con. Call,"CG Power and Industrial Solutions Limited has informed the Exchange about Schedule of Analysts/Institutional Investor Meet/Con. Call scheduled to be held on Wednesday, 19th October, 2022"
07-Oct-2022 13:37:12,General updates,"CG Power and Industrial Solutions Limited has informed the Exchange about Certificate pursuant to Regulation 74(5) of SEBI (Depositories and Participants) Regulations, 2018 for the period from 1st Jul"
06-Oct-2022 17:02:51,General updates,"CG Power and Industrial Solutions Limited has informed the Exchange about Final Order no. WTM/AB/CFID/CFID_1/20149/2022-23 dated 4th October, 2022 (���Order���) passed by the Securities and Exchange B"
29-Sep-2022 19:44:24,Closure of trading window,"CG Power and Industrial Solutions Limited has informed the Exchange about Closure of trading window pursuant to SEBI (Prohibition of Insider Trading) Regulations, 2015 as amended upto date and in acco"
25-Sep-2022 12:18:12,Appointment,CG Power and Industrial Solutions Limited  has informed the Exchange about appointment of Mrs Vijayalakshmi Rajaram Iyer as Independent Director of the Company w.e.f. 24-Sep-2022
21-Sep-2022 21:28:54,Loss of share certificate,CG Power and Industrial Solutions Limited has informed the Exchange about Loss of share certificate pursuant to Regulation 39(3) of the SEBI (Listing Obligations and Disclosure Requirements) Regulatio
20-Sep-2022 17:45:30,Loss of share certificate,CG Power and Industrial Solutions Limited has informed the Exchange about Loss of share certificate pursuant to Regulation 39(3) of the SEBI (Listing Obligations and Disclosure Requirements) Regulatio
19-Sep-2022 11:09:42,Cessation,"CG Power and Industrial Solutions Limited  has informed the Exchange about cessation of Mr. Shailendra Roy as Independent Director of the Company who was appointed for the period from 26th November, 2"
14-Sep-2022 10:30:15,Schedule of Analysts/Institutional Investor Meet/Con. Call,"CG Power and Industrial Solutions Limited has informed the Exchange about Schedule of Analysts/Institutional Investor Meet/Con. Call scheduled to be held on 14th September, 2022"
05-Sep-2022 11:41:42,Schedule of Analysts/Institutional Investor Meet/Con. Call,"CG Power and Industrial Solutions Limited has informed the Exchange about Schedule of Analysts/Institutional Investor Meet/Con. Call scheduled to be held on 6th September, 2022"
24-Aug-2022 18:14:56,Schedule of Analysts/Institutional Investor Meet/Con. Call,"CG Power and Industrial Solutions Limited has informed the Exchange about Schedule of Analysts/Institutional Investor Meet/Con. Call scheduled to be held on 26th August, 2022 and 2nd September, 2022."
24-Aug-2022 18:14:54,Schedule of Analysts/Institutional Investor Meet/Con. Call,"CG Power and Industrial Solutions Limited has informed the Exchange about Schedule of Analysts/Institutional Investor Meet/Con. Call scheduled to be held on 26th August, 2022 and 2nd September, 2022."
23-Aug-2022 22:24:15,Loss of share certificate,CG Power and Industrial Solutions Limited has informed the Exchange about Loss of share certificate pursuant to Regulation 39(3) of the SEBI (Listing Obligations and Disclosure Requirements) Regulatio
20-Aug-2022 13:22:12,Loss of share certificate,"We wish to inform you that pursuant to Regulation 39(3) of the SEBI (Listing Obligations and Disclosure Requirements) Regulations, 2015 read with SEBI Circular No. SEBI/HO/MIRSD/MIRSD_RTAMB /P/CIR/202"
17-Aug-2022 17:41:26,Schedule of Analysts/Institutional Investor Meet/Con. Call,"CG Power and Industrial Solutions Limited has informed the Exchange about Schedule of Analysts/Institutional Investor Meet/Con. Call scheduled to be held on 18th & 19th August, 2022."
17-Aug-2022 17:41:24,Schedule of Analysts/Institutional Investor Meet/Con. Call,"CG Power and Industrial Solutions Limited has informed the Exchange about Schedule of Analysts/Institutional Investor Meet/Con. Call scheduled to be held on 18th & 19th August, 2022."
08-Aug-2022 17:48:39,Schedule of Analysts/Institutional Investor Meet/Con. Call,"CG Power and Industrial Solutions Limited has informed the Exchange about Schedule of Analysts/Institutional Investor Meet/Con. Call scheduled to be held on Tuesday, 9th August, 2022."
04-Aug-2022 22:39:54,Monitoring Agency Report,"CG Power and Industrial Solutions Limited has informed the Exchange about Monitoring Agency Report for the quarter ended 30th June, 2022, issued by ICICI Bank Limited, the Monitoring Agency appointed "
04-Aug-2022 14:53:27,Schedule of Analysts/Institutional Investor Meet/Con. Call,"CG Power and Industrial Solutions Limited has informed the Exchange about Schedule of Analysts/Institutional Investor Meet/Con. Call scheduled to be held on 5th August, 2022."
03-Aug-2022 13:24:18,Transcript of Analysts/Institutional Investor Meet/Con. Call,"CG Power and Industrial Solutions Limited has informed the Exchange about Transcript of Analysts/Institutional Investor Meet/Con. Call held on Wednesday, 27th July, 2022"
29-Jul-2022 17:27:09,Loss of share certificate,CG Power and Industrial Solutions Limited has informed the Exchange about Loss of share certificate pursuant to Regulation 39(3) of the SEBI (Listing Obligations and Disclosure Requirements) Regulatio
29-Jul-2022 15:48:42,Annual General Meeting,CG Power and Industrial Solutions Limited has informed the Exchange about Voting results and  Scrutinizer report of 85th Annual General Meeting held on 27-Jul-2022
28-Jul-2022 09:26:09,Recording of Analysts/Institutional Investor Meet/Con. Call,"CG Power and Industrial Solutions Limited has informed the Exchange about Recording of Analysts/Institutional Investor Meet/Con. Call held on Wednesday, 27th July, 2022."
27-Jul-2022 19:10:51,Annual General Meeting,CG Power and Industrial Solutions Limited has informed the Exchange about  Proceedings of 85th Annual General Meeting of the Company held on 27-Jul-2022
27-Jul-2022 17:18:15,Press Release,CG Power and Industrial Solutions Limited has informed the Exchange about press release dated 27-Jul-2022 titled Press Release-Q1 Financial Results
27-Jul-2022 13:57:30,General updates,CG Power and Industrial Solutions Limited has informed the Exchange about 'Nil' Statement on Deviation or Variation in utilisation of Funds raised through Preferential issue for the quarter ended 30th
27-Jul-2022 13:31:15,Outcome of Board Meeting,CG Power and Industrial Solutions Limited  has informed the Exchange about Board Meeting held on 27-Jul-2022 to consider and approve the unaudited financial results for the period ended June 2022
18-Jul-2022 17:22:33,Schedule of Analysts/Institutional Investor Meet/Con. Call,"CG Power and Industrial Solutions Limited has informed the Exchange about Schedule of Analysts/Institutional Investor Meet/Con. Call on 27th July, 2022 "
07-Jul-2022 18:28:42,Loss of share certificate,"We wish to inform you that pursuant to Regulation 39(3) of the SEBI (Listing Obligations and Disclosure Requirements) Regulations, 2015 read with SEBI Circular No. SEBI /HO/ MIRSD'/ MIRSD_RTAMB / P / "
06-Jul-2022 18:19:45,General updates,"CG Power and Industrial Solutions Limited has informed the Exchange about Certificate pursuant to Regulation 74(5) of SEBI (Depositories and Participants) Regulations, 2018 for the period from 1st Apr"
05-Jul-2022 11:51:06,Newspaper Advertisements,"CG Power and Industrial Solutions Limited has informed the Exchange about Newspaper Advertisements published today i.e. 05th July, 2022 in Financial Express and Loksatta newspapers informing about the"
04-Jul-2022 18:58:51,Annual General Meeting,CG Power and Industrial Solutions Limited has informed the Exchange about Notice of Annual General Meeting to be held on 27-Jul-2022
01-Jul-2022 13:38:18,Loss of share certificate,CG Power and Industrial Solutions Limited has informed the Exchange about Loss of share certificate pursuant to Regulation 39(3) of the SEBI (Listing Obligations and Disclosure Requirements) Regulatio
30-Jun-2022 19:38:12,General updates,"CG Power and Industrial Solutions Limited has informed the Exchange about Disclosure under Regulation 30 of SEBI (Listing Obligations and Disclosure Requirements) Regulations, 2015"
30-Jun-2022 15:24:51,General updates,"CG Power and Industrial Solutions Limited has informed the Exchange about Disclosure under Regulation 30 of SEBI (Listing Obligations and Disclosure Requirements) Regulations, 2015"
29-Jun-2022 14:13:48,Closure of trading window,"CG Power and Industrial Solutions Limited has informed the Exchange about Closure of trading window pursuant to SEBI (Prohibition of Insider Trading) Regulations, 2015 as amended upto date and in acco"
21-Jun-2022 14:55:19,Schedule of Analysts/Institutional Investor Meet/Con. Call,"CG Power and Industrial Solutions Limited has informed the Exchange about Schedule of Analysts/Institutional Investor Meet/Con. Call scheduled to be held on 24th June, 2022"
16-Jun-2022 21:03:44,Schedule of Analysts/Institutional Investor Meet/Con. Call,"CG Power and Industrial Solutions Limited has informed the Exchange about Schedule of Analysts/Institutional Investor Meet/Con. Call scheduled to be held on 17th June, 2022"
16-Jun-2022 17:00:18,Credit Rating,CG Power and Industrial Solutions Limited has informed the Exchange about Upgrade of Credit Rating
26-May-2022 15:31:02,Schedule of Analysts/Institutional Investor Meet/Con. Call,"CG Power and Industrial Solutions Limited has informed the Exchange about Schedule of Analysts/Institutional Investor Meet/Con. Call to be held on 27th May, 2022 and 31st May, 2022."
26-May-2022 15:31:01,Schedule of Analysts/Institutional Investor Meet/Con. Call,"CG Power and Industrial Solutions Limited has informed the Exchange about Schedule of Analysts/Institutional Investor Meet/Con. Call to be held on 27th May, 2022 and 31st May, 2022"
24-May-2022 17:58:06,Loss of share certificate,CG Power and Industrial Solutions Limited has informed the Exchange about Loss of share certificate pursuant to Regulation 39(3) of the SEBI (Listing Obligations and Disclosure Requirements) Regulatio
18-May-2022 16:46:28,General updates,"CG Power and Industrial Solutions Limited has informed the Exchange regarding allotment of equity shares to Tube Investments of India Limited on conversion of 8,52,33,645 warrants into equal number of"
17-May-2022 18:55:15,Related Party Transaction,CG Power and Industrial Solutions Limited has informed the Exchange about related party transaction on a consolidated basis for the half year ended 31st March 2022.
16-May-2022 15:28:40,Schedule of Analysts/Institutional Investor Meet/Con. Call,"CG Power and Industrial Solutions Limited has informed the Exchange about Schedule of Analysts/Institutional Investor Meet/Con. Call on 18th May, 2022"
06-May-2022 17:41:37,Transcript of Analysts/Institutional Investor Meet/Con. Call,"CG Power and Industrial Solutions Limited has informed the Exchange about Transcript of Analysts/Institutional Investor Meet/Con. Call held on 02nd May, 2022"
06-May-2022 16:48:16,Monitoring Agency Report,"CG Power and Industrial Solutions Limited has informed the Exchange about Monitoring Agency Report for the quarter ended 31st March, 2022 "
06-May-2022 10:53:52,Loss of share certificate,CG Power and Industrial Solutions Limited has informed the Exchange about Loss of share certificate pursuant to Regulation 39(3) of the SEBI (Listing Obligations and Disclosure Requirements) Regulatio
03-May-2022 13:06:43,Recording of Analysts/Institutional Investor Meet/Con. Call,"CG Power and Industrial Solutions Limited has informed the Exchange about Recording of Analysts/Institutional Investor Meet/Con. Call held on 02nd May, 2022"
02-May-2022 14:10:55,General updates,CG Power and Industrial Solutions Limited has informed the Exchange about 'Nil' Statement on Deviation or Variation in utilisation of Funds raised through Preferential issue
02-May-2022 13:33:23,Press Release,CG Power and Industrial Solutions Limited has informed the Exchange about press release dated 02-May-2022 titled Press Release-Q4 Financial Results
02-May-2022 13:05:44,Outcome of Board Meeting,CG Power and Industrial Solutions Limited  has informed the Exchange about Board Meeting held on 02-May-2022 to consider financial statements for the period ended March 2022.
02-May-2022 12:58:03,Financial Result Updates,"CG Power and Industrial Solutions Limited has submitted to the Exchange, the financial results for the period ended March 31, 2022."
26-Apr-2022 11:32:13,Schedule of Analysts/Institutional Investor Meet/Con. Call,"CG Power and Industrial Solutions Limited has informed the Exchange about Schedule of Analysts/Institutional Investor Meet/Con. Call to be held on 02nd May, 2022"
11-Apr-2022 12:05:11,Disclosure under SEBI Takeover Regulations,Promoter/Promoter Group of CG Power and Industrial Solutions Limited has submitted a disclosure under Regulation 31(4) of SEBI Takeover Regulations for the year ended 31-Mar-2022
08-Apr-2022 16:37:59,General updates,"CG Power and Industrial Solutions Limited has informed the Exchange about Certificate pursuant to Regulation 74(5) of SEBI (Depositories and Participants) Regulations, 2018 for the period from 1st Jan"
08-Apr-2022 15:57:31,Disclosure under SEBI Takeover Regulations,Promoter/Promoter Group of CG Power and Industrial Solutions Limited has submitted a disclosure under Regulation 31(4) of SEBI Takeover Regulations for the year ended 31-Mar-2022
04-Apr-2022 18:28:08,Loss of share certificate,CG Power and Industrial Solutions Limited has informed the Exchange about Loss of share certificate pursuant to Regulation 39(3) of the SEBI (Listing Obligations and Disclosure Requirements) Regulatio
30-Mar-2022 18:48:54,Loss of share certificate,CG Power and Industrial Solutions Limited has informed the Exchange about Loss of share certificate pursuant to Regulation 39(3) of the SEBI (Listing Obligations and Disclosure Requirements) Regulatio
30-Mar-2022 18:41:41,Closure of trading window,"CG Power and Industrial Solutions Limited has informed the Exchange about Closure of trading window pursuant to SEBI (Prohibition of Insider Trading) Regulations, 2015 as amended upto date and in acco"
26-Mar-2022 16:09:23,Loss of share certificate,CG Power and Industrial Solutions Limited has informed the Exchange about issue of duplicate share certificate in lieu of the loss of share certificate by the shareholder as mentioned in the enclosed 
26-Mar-2022 16:09:21,Loss of share certificate,CG Power and Industrial Solutions Limited has informed the Exchange about Loss of share certificate pursuant to Regulation 39(3) of the SEBI (Listing Obligations and Disclosure Requirements) Regulatio
17-Mar-2022 18:16:50,Schedule of Analysts/Institutional Investor Meet/Con. Call,"CG Power and Industrial Solutions Limited has informed the Exchange about Schedule of Analysts/Institutional Investor Meet/Con. Call on 21st March, 2022; 28th March, 2022; 29th March, 2022 and 30th Ma"
17-Mar-2022 18:16:49,Schedule of Analysts/Institutional Investor Meet/Con. Call,"CG Power and Industrial Solutions Limited has informed the Exchange about Schedule of Analysts/Institutional Investor Meet/Con. Call on 21st March, 2022; 28th March, 2022; 29th March, 2022 and 30th Ma"
17-Mar-2022 18:16:47,Schedule of Analysts/Institutional Investor Meet/Con. Call,"CG Power and Industrial Solutions Limited has informed the Exchange about Schedule of Analysts/Institutional Investor Meet/Con. Call on 21st March, 2022; 28th March, 2022; 29th March, 2022 and 30th Ma"
17-Mar-2022 18:16:45,Schedule of Analysts/Institutional Investor Meet/Con. Call,"CG Power and Industrial Solutions Limited has informed the Exchange about Schedule of Analysts/Institutional Investor Meet/Con. Call on 21st March, 2022; 28th March, 2022; 29th March, 2022 and 30th Ma"
11-Mar-2022 18:19:12,Loss of share certificate,CG Power and Industrial Solutions Limited has informed the Exchange about Loss of share certificate pursuant to Regulation 39(3) of the SEBI (Listing Obligations and Disclosure Requirements) Regulatio
03-Mar-2022 18:20:55,Loss of share certificate,CG Power and Industrial Solutions Limited has informed the Exchange about Loss of share certificate pursuant to Regulation 39(3) of the SEBI (Listing Obligations and Disclosure Requirements) Regulatio
01-Mar-2022 16:41:55,Loss of share certificate,CG Power and Industrial Solutions Limited has informed the Exchange about Loss of share certificate pursuant to Regulation 39(3) of the SEBI (Listing Obligations and Disclosure Requirements) Regulatio
28-Feb-2022 14:42:11,Schedule of Analysts/Institutional Investor Meet/Con. Call,"CG Power and Industrial Solutions Limited has informed the Exchange about Schedule of Analysts/Institutional Investor Meet/Con. Call scheduled to be held on 02nd March, 2022"
25-Feb-2022 17:21:18,Loss of share certificate,CG Power and Industrial Solutions Limited has informed the Exchange about issue of duplicate share certificate in lieu of the loss of share certificate by the shareholders.
21-Feb-2022 19:00:32,General updates,"CG Power and Industrial Solutions Limited has informed the Exchange about Disclosure under Regulation 30 of SEBI (Listing Obligations and Disclosure Requirements) Regulations, 2015 (���SEBI LODR���)Fu"
19-Feb-2022 19:34:30,General updates,"CG Power and Industrial Solutions Limited has informed the Exchange about Disclosure under regulation 30 of SEBI(Listing Obligations and Disclosure Requirements) Regulations, 2015"
17-Feb-2022 17:16:16,Analysts/Institutional Investor Meet/Con. Call Updates,CG Power and Industrial Solutions Limited has informed the Exchange about Schedule of meet
12-Feb-2022 23:06:48,Credit Rating,CG Power and Industrial Solutions Limited has informed the Exchange about Credit Rating
11-Feb-2022 15:07:42,Allotment of Securities,"CG Power and Industrial Solutions Limited has informed the Exchange regarding allotment of 90000000 securities pursuant to Preferential Issue on February 11, 2022"
10-Feb-2022 17:34:55,Analysts/Institutional Investor Meet/Con. Call Updates,CG Power and Industrial Solutions Limited has informed the Exchange about Schedule of meet
10-Feb-2022 17:34:54,Analysts/Institutional Investor Meet/Con. Call Updates,CG Power and Industrial Solutions Limited has informed the Exchange about Schedule of meet
08-Feb-2022 16:45:52,Loss of Share Certificates,CG Power and Industrial Solutions Limited has informed the Exchange about Loss of Share Certificates
02-Feb-2022 19:15:51,Analysts/Institutional Investor Meet/Con. Call Updates,CG Power and Industrial Solutions Limited has informed the Exchange about Schedule of meet
01-Feb-2022 20:16:04,Shareholders meeting,"CG Power and Industrial Solutions Limited has submitted the Exchange a copy Srutinizers report of  Annual General Meeting held on January 31, 2022. Further, the company has informed the Exchange regar"
01-Feb-2022 13:43:10,Monitoring Agency Report,"In compliance with the provisions of Regulation 32 of the Securities and Exchange Board of India (Listing Obligations and Disclosure Requirements) Regulations, 2015, read with Regulation 164A(6) of Se"
31-Jan-2022 18:42:45,Shareholders meeting,"CG Power and Industrial Solutions Limited has informed the Exchange regarding Proceedings of Annual General Meeting held on January 31, 2022"
29-Jan-2022 16:58:04,Analysts/Institutional Investor Meet/Con. Call Updates,CG Power and Industrial Solutions Limited has informed the Exchange about Schedule of meet
27-Jan-2022 13:56:41,Press Release,"CG Power and Industrial Solutions Limited has informed the Exchange regarding a press release dated January 27, 2022, titled ""Press Release-Q3 Financial Results""."
27-Jan-2022 13:19:40,Outcome of Board Meeting,"CG Power and Industrial Solutions Limited has informed the Exchange regarding  Board meeting held on January 27, 2022."
27-Jan-2022 13:14:53,Financial Result Updates,"CG Power and Industrial Solutions Limited has submitted to the Exchange, the financial results for the period ended December 31, 2021."
21-Jan-2022 15:43:03,Analysts/Institutional Investor Meet/Con. Call Updates,"CG Power and Industrial Solutions Limited has informed the Exchange about Schedule of meet for the quarter ended 31st December, 2021"
12-Jan-2022 11:17:33,"Certificate under SEBI (Depositories and Participants) Regulations, 2018","CG Power and Industrial Solutions Limited has informed the Exchange about Certificate under SEBI (Depositories and Participants) Regulations, 2018 for the period from 1st October, 2021 to 31st Decembe"
09-Jan-2022 13:45:59,Copy of Newspaper Publication,"CG Power and Industrial Solutions Limited has informed the Exchange about Copy of Newspaper Publication for the 84th Annual General Meeting to be held on 31st January, 2022."
08-Jan-2022 22:51:54,Shareholders meeting,"CG Power and Industrial Solutions Limited has informed the Exchange regarding Notice of Annual General Meeting to be held on January 31, 2022"
05-Jan-2022 10:56:37,Loss of Share Certificates,CG Power and Industrial Solutions Limited has informed the Exchange about Loss of Share Certificates
31-Dec-2021 18:10:04,Shareholders meeting,"CG Power and Industrial Solutions Limited has submitted the Exchange a copy Srutinizers report of  Postal Ballot. Further, the company has informed the Exchange regarding voting results ."
31-Dec-2021 14:47:28,Updates,CG Power and Industrial Solutions Limited has informed the Exchange regarding 'Intimation of 84th Annual General Meeting of the Company for the financial year 2020-21'.In furtherance to our captioned 
31-Dec-2021 12:11:51,Outcome of Board Meeting,"CG Power and Industrial Solutions Limited has informed the Exchange regarding  Board meeting held on December 31, 2021."
31-Dec-2021 12:08:19,Financial Results Updates,Considering and approving the revised financial results of the Company.
30-Dec-2021 18:03:02,Trading Window,"CG Power and Industrial Solutions Limited has informed the Exchange regarding the Trading Window closure pursuant to SEBI (Prohibition of Insider Trading) Regulations, 2015"
30-Dec-2021 14:15:55,Updates,"CG Power and Industrial Solutions Limited has informed the Exchange regarding 'Disclosure under Regulation 30 of the SEBI (Listing Obligations and Disclosure Requirements) Regulations, 2015'."
25-Dec-2021 17:20:29,Updates,"CG Power and Industrial Solutions Limited has informed the Exchange regarding 'Disclosure under Regulation 30 of the SEBI (Listing Obligations and Disclosure Requirements) Regulations, 2015'.We refer "
23-Dec-2021 16:45:07,Loss of Share Certificates,CG Power and Industrial Solutions Limited has informed the Exchange about Loss of Share Certificates
22-Dec-2021 12:55:12,Updates,CG Power and Industrial Solutions Limited has informed the Exchange regarding 'completion of liquidation of step down subsidiary of the Company'.
17-Dec-2021 17:56:53,Loss of Share Certificates,CG Power and Industrial Solutions Limited has informed the Exchange about Loss of Share Certificates
16-Dec-2021 22:27:40,Extension of Annual General Meeting,"CG Power and Industrial Solutions Limited has informed the Exchange about extension of Annual General Meeting of the Company till 31st March, 2022 pursuant to the NCLT order."
06-Dec-2021 18:15:49,Loss of Share Certificates,CG Power and Industrial Solutions Limited has informed the Exchange about Loss of Share Certificates
02-Dec-2021 18:13:22,Loss of Share Certificates,CG Power and Industrial Solutions Limited has informed the Exchange about Loss of Share Certificates
30-Nov-2021 18:55:33,Shareholders meeting,CG Power and Industrial Solutions Limited has informed the Exchange regarding Notice of Postal Ballot
18-Nov-2021 18:32:55,ESOP/ESOS/ESPS,CG Power and Industrial Solutions Limited has informed the Exchange regarding Grant of 1834100  Options.
17-Nov-2021 10:07:16,Loss of Share Certificates,CG Power and Industrial Solutions Limited has informed the Exchange about Loss of Share Certificates
15-Nov-2021 18:02:22,Loss of Share Certificates,CG Power and Industrial Solutions Limited has informed the Exchange about Loss of Share Certificates
29-Oct-2021 23:30:17,Updates,CG Power and Industrial Solutions Limited has informed the Exchange regarding 'CG Power and Industrial Solutions Limited has informed the Exchange regarding 'Disclosure on the re-casted financial stat
29-Oct-2021 23:28:57,Updates,CG Power and Industrial Solutions Limited has informed the Exchange regarding 'CG Power and Industrial Solutions Limited has informed the Exchange regarding 'Disclosure on the re-casted financial stat
29-Oct-2021 23:27:35,Updates,CG Power and Industrial Solutions Limited has informed the Exchange regarding 'CG Power and Industrial Solutions Limited has informed the Exchange regarding 'Disclosure on the re-casted financial stat
29-Oct-2021 23:24:32,Updates,CG Power and Industrial Solutions Limited has informed the Exchange regarding 'CG Power and Industrial Solutions Limited has informed the Exchange regarding 'Disclosure on the re-casted financial stat
29-Oct-2021 22:21:11,Updates,CG Power and Industrial Solutions Limited has informed the Exchange regarding 'Disclosure on the re-casted financial statements for the five financial years i.e. from 2014-15 to 2018-19- Part 1 of 5Du
22-Oct-2021 19:38:55,Monitoring Agency Report,"In compliance with the provisions of Regulation 32 of the Securities and Exchange Board of India (Listing Obligations and Disclosure Requirements) Regulations, 2015, read with Regulation 164A(6) of Se"
21-Oct-2021 14:51:12,Press Release,"CG Power and Industrial Solutions Limited has informed the Exchange regarding a press release dated October 21, 2021, titled ""Q2 Results   all round improvement in performance""."
21-Oct-2021 14:27:31,Outcome of Board Meeting,"CG Power and Industrial Solutions Limited has informed the Exchange regarding  Board meeting held on October 21, 2021 for the financial results for the quarter and half year ended 30th September, 2021"
21-Oct-2021 14:22:06,Financial Result Updates,"CG Power and Industrial Solutions Limited has submitted to the Exchange, the financial results for the period ended September 30, 2021."
18-Oct-2021 14:49:19,Updates,"CG Power and Industrial Solutions Limited has informed the Exchange regarding 'Disclosure under Regulation 30 of the SEBI (Listing Obligations and Disclosure Requirements) Regulations, 2015'."
18-Oct-2021 12:48:30,Analysts/Institutional Investor Meet/Con. Call Updates,CG Power and Industrial Solutions Limited has informed the Exchange about Schedule of meet
13-Oct-2021 17:50:13,Loss of Share Certificates,CG Power and Industrial Solutions Limited has informed the Exchange about the issuance of duplicate share certificate
07-Oct-2021 17:00:15,"Certificate under SEBI (Depositories and Participants) Regulations, 2018","CG Power and Industrial Solutions Limited has informed the Exchange about Certificate under SEBI (Depositories and Participants) Regulations, 2018 for the period from 1st July, 2021 to 30th September,"
06-Oct-2021 19:21:18,Loss of Share Certificates,CG Power and Industrial Solutions Limited has informed the Exchange about Loss of Share Certificates
06-Oct-2021 19:21:17,Loss of Share Certificates,CG Power and Industrial Solutions Limited has informed the Exchange about Loss of Share Certificates
29-Sep-2021 13:21:10,Trading Window,"CG Power and Industrial Solutions Limited has informed the Exchange regarding the Trading Window closure pursuant to SEBI (Prohibition of Insider Trading) Regulations, 2015"
24-Sep-2021 16:46:51,Shareholders meeting,"CG Power and Industrial Solutions Limited has submitted the Exchange a copy Srutinizers report of  Postal Ballot. Further, the company has informed the Exchange regarding voting results."
16-Sep-2021 18:20:59,Extension of Annual General Meeting,CG Power and Industrial Solutions Limited has informed the Exchange about extension of Annual General Meeting In furtherance to the captioned letter and pursuant to Regulation 30 of the Securities and
25-Aug-2021 12:02:17,Copy of Newspaper Publication,CG Power and Industrial Solutions Limited has informed the Exchange about Copy of Newspaper Publication
24-Aug-2021 23:26:26,Shareholders meeting,CG Power and Industrial Solutions Limited has informed the Exchange regarding Notice of Postal Ballot
24-Aug-2021 10:11:26,Reply to Clarification Sought,"CGPOWER: The Exchange had sought clarification from CG Power and Industrial Solutions Limited with respect to announcement dated 18-Aug-2021, regarding Outcome of Board Meeting of the Company'.��On ba"
20-Aug-2021 17:09:52,Clarification,"CGPOWER: The Exchange has sought clarification from CG Power and Industrial Solutions Limited with respect to announcement dated 18-Aug-2021, regarding Outcome of Board Meeting of the Company'.��On ba"
19-Aug-2021 17:08:45,Loss of Share Certificates,CG Power and Industrial Solutions Limited has informed the Exchange about Loss of Share Certificates
18-Aug-2021 19:22:31,Loss of Share Certificates,CG Power and Industrial Solutions Limited has informed the Exchange about Loss of Share Certificates
18-Aug-2021 19:10:05,Updates,CG Power and Industrial Solutions Limited has informed the Exchange regarding 'Outcome of Board Meeting of the Company'.
13-Aug-2021 16:24:23,Loss of Share Certificates,CG Power and Industrial Solutions Limited has informed the Exchange about Loss of Share Certificates
09-Aug-2021 20:26:53,Loss of Share Certificates,CG Power and Industrial Solutions Limited has informed the Exchange about issuance of duplicate share certificate
05-Aug-2021 10:59:21,Monitoring Agency Report,"In compliance with the provisions of Regulation 32 of the Securities and Exchange Board of India (Listing Obligations and Disclosure Requirements) Regulations, 2015, read with Regulation 164A(6) of Se"
03-Aug-2021 20:40:04,Extension of Annual General Meeting,"CG Power and Industrial Solutions Limited has informed the Exchange that the Company has made an application under Section 96(1) of the Companies Act, 2013, to the Registrar of Companies, Mumbai, seek"
02-Aug-2021 18:21:33,Press Release,"CG Power and Industrial Solutions Limited has informed the Exchange regarding a press release dated August 02, 2021, titled ""Q1 Performance""."
02-Aug-2021 17:51:37,Outcome of Board Meeting,"CG Power and Industrial Solutions Limited has informed the Exchange regarding  Board meeting held on August 02, 2021."
02-Aug-2021 17:44:57,Financial Result Updates,"CG Power and Industrial Solutions Limited has submitted to the Exchange, the financial results for the period ended June 30, 2021."
22-Jul-2021 15:31:55,Loss of Share Certificates,CG Power and Industrial Solutions Limited has informed the Exchange about Loss of Share Certificates
20-Jul-2021 19:55:30,Loss of Share Certificates,CG Power and Industrial Solutions Limited has informed the Exchange about Loss of Share Certificates
07-Jul-2021 20:46:13,Related Party Transactions,"CG Power and Industrial Solutions Limited has informed the Exchange about related Party Transactions on both standalone and consolidated basis, in the format specified in the relevant accounting stand"
07-Jul-2021 18:58:43,"Certificate under SEBI (Depositories and Participants) Regulations, 2018","CG Power and Industrial Solutions Limited has informed the Exchange about Certificate under regulation 74(5) of SEBI (Depositories and Participants) Regulations, 2018 for the period from 1st April, 20"
05-Jul-2021 16:23:32,Allotment of Securities,"CG Power and Industrial Solutions Limited has informed the Exchange regarding allotment of 13845000 securities pursuant to Preferential Issue at its meeting held on July 05, 2021"
01-Jul-2021 19:49:42,Loss of Share Certificates,CG Power and Industrial Solutions Limited has informed the Exchange about Loss of Share Certificates
01-Jul-2021 17:49:59,Copy of Newspaper Publication,CG Power and Industrial Solutions Limited has informed the Exchange about Copy of Newspaper Publication in relation to transfer of equity shares to Investor Education and Protection Fund Authority
29-Jun-2021 17:21:58,Updates,CG Power and Industrial Solutions Limited has informed the Exchange regarding 'Disclosure under Regulation 30 and other applicable regulations of SEBI (ListingObligations and Disclosure Requirements) 
29-Jun-2021 17:05:45,Trading Window,"CG Power and Industrial Solutions Limited has informed the Exchange regarding the Trading Window closure pursuant to SEBI (Prohibition of Insider Trading) Regulations, 2015"
24-Jun-2021 16:16:08,Updates,CG Power and Industrial Solutions Limited has informed the Exchange regarding 'Disclosure pursuant to Regulation 30 of the SEBI (Listing Obligation andDisclosure Requirements) Regulations. 2015'.
16-Jun-2021 17:47:09,Loss of Share Certificates,CG Power and Industrial Solutions Limited has informed the Exchange about Loss of Share Certificates
11-Jun-2021 19:20:22,Statement of deviation(s) or variation(s) under Reg. 32,CG Power and Industrial Solutions Limited has informed the Exchange about statement of deviation(s) or variation(s) under Reg. 32
11-Jun-2021 19:12:20,Press Release,"CG Power and Industrial Solutions Limited has informed the Exchange regarding a press release dated Jun 11, 2021, titled ""Company Update""."
11-Jun-2021 18:59:32,Change in Director(s),CG Power and Industrial Solutions Limited has informed the Exchange regarding Change in Director(s) of the company.
11-Jun-2021 18:51:49,Outcome of Board Meeting,"CG Power and Industrial Solutions Limited has informed the Exchange regarding Outcome of Board Meeting held on Jun 11, 2021."
11-Jun-2021 18:46:21,Financial Result Updates,"CG Power and Industrial Solutions Limited has submitted to the Exchange, the financial results for the period ended March 31, 2021."
08-Jun-2021 20:37:20,Shareholders meeting,"CG Power and Industrial Solutions Limited has submitted the Exchange a copy Srutinizers report of  Extraordinary General Meeting held on Jun 07, 2021. Further, the company has informed the Exchange re"
07-Jun-2021 17:54:54,Shareholders meeting,"CG Power and Industrial Solutions Limited has informed the Exchange regarding Proceedings of Extraordinary General Meeting held on Jun 07, 2021"
07-Jun-2021 09:04:58,Corrigendum,"CG Power and Industrial Solutions Limited has informed the Exchange regarding Corrigendum to Notice of Extra Ordinary General Meeting to be held on Jun 07, 2021"
06-Jun-2021 19:16:22,Copy of Newspaper Publication,CG Power and Industrial Solutions Limited has informed the Exchange about Copy of Newspaper Publication regarding Corrigendum to the Notice of Extra- Ordinary General Meeting of the Company
24-May-2021 20:59:44,Updates,CG Power and Industrial Solutions Limited has informed the Exchange regarding 'Update on termination of Global Depository Receipts ( GDRs ) program of the Company and delisting of GDRs.'.
17-May-2021 15:10:00,Copy of Newspaper Publication,CG Power and Industrial Solutions Limited has informed the Exchange about Copy of Newspaper Publication informing about the Notice of Extra-Ordinary General Meeting of the Company scheduled to be held
14-May-2021 20:21:34,Shareholders meeting,"CG Power and Industrial Solutions Limited has informed the Exchange regarding Notice of Extraordinary General Meeting to be held on Monday, 7th June 2021."
12-May-2021 21:38:14,Monitoring Agency Report,"In compliance with the provisions of Regulation 32(6) of the Securities and Exchange Board of India (Listing Obligations and Disclosure Requirements) Regulations, 2015, read with Regulation 164A(6) of"
11-May-2021 18:38:08,Outcome of Board Meeting,"CG Power and Industrial Solutions Limited has informed the Exchange regarding Outcome of Board Meeting held on May 11, 2021."
22-Apr-2021 04:24:55,Disclosure under SEBI Takeover Regulations,"Promoter/Member of the Promoter Group of the Company has informed the Exchange regarding disclosure under Regulation 30 and Regulation 31(4) of SEBI SAST Regulations 2011 as on March 31, 2021"
15-Apr-2021 17:18:41,"Certificate under SEBI (Depositories and Participants) Regulations, 2018","CG Power and Industrial Solutions Limited has informed the Exchange about Certificate under SEBI (Depositories and Participants) Regulations, 2018 for the period from 1st January, 2021 to 31st March, "
30-Mar-2021 19:38:39,Trading Window,"CG Power and Industrial Solutions Limited has informed the Exchange regarding the Trading Window closure pursuant to SEBI (Prohibition of Insider Trading) Regulations, 2015"
25-Mar-2021 17:26:03,Updates,CG Power and Industrial Solutions Limited has informed the Exchange regarding ' approval of the revised/amended  Code of Practices and Procedures for fair disclosure of Unpublished Price Sensitive Inf
25-Mar-2021 17:05:54,Updates,"CG Power and Industrial Solutions Limited has informed the Exchange regarding 'approval of the proposal for voluntary liquidation of its step down subsidiary CG Sales Network Malaysia Sdn. Bhd, Malays"
25-Mar-2021 16:59:26,Outcome of Board Meeting,"CG Power and Industrial Solutions Limited has informed the Exchange regarding  Board meeting held on March 25, 2021."
08-Mar-2021 17:59:51,Loss of Share Certificates,CG Power and Industrial Solutions Limited has informed the Exchange about Loss of Share Certificates
19-Feb-2021 13:02:34,Updates,CG Power and Industrial Solutions Limited has informed the Exchange regarding 'Intimation/ Disclosure pursuant to Regulation 30 of the SEBI (Listing Obligation and Disclosure Requirements) Regulations
12-Feb-2021 17:06:19,Statement of deviation(s) or variation(s) under Reg. 32,CG Power and Industrial Solutions Limited has informed the Exchange about Nil statement of deviation(s) or variation(s) in utilisation of Funds raised through Preferential issue under Reg. 32
12-Feb-2021 15:45:32,Credit Rating,"CG Power and Industrial Solutions Limited has informed the Exchange that pursuant to Regulation 30 of the Securities and Exchange Board of lndia (Listing Obligations and Disclosure Requirements), Regu"
12-Feb-2021 15:33:06,Monitoring Agency Report,"Monitoring Agency Report for the quarter ended December 31, 2020"
05-Feb-2021 19:26:46,Updates,"CG Power and Industrial Solutions Limited has informed the Exchange regarding 'Disclosure under Regulation 30 of SEBI (Listing Obligations and Disclosure Requirements) Regulations, 2015'."
05-Feb-2021 19:16:08,Updates,CG Power and Industrial Solutions Limited has informed the Exchange regarding 'Voluntary Liquidation of step-down subsidiary of the Company'.
05-Feb-2021 19:13:33,Updates,CG Power and Industrial Solutions Limited has informed the Exchange regarding 'Termination of Global Depository Receipts ( GDRs ) program of the Company and delisting of GDRs from the London Stock Exc
05-Feb-2021 19:05:19,Financial Result Updates,"CG Power and Industrial Solutions Limited has submitted to the Exchange, the financial results for the period ended December 31, 2020."
05-Feb-2021 19:02:53,Outcome of Board Meeting,"CG Power and Industrial Solutions Limited has informed the Exchange regarding  Board meeting held on February 05, 2021."
29-Jan-2021 16:15:12,Copy of Newspaper Publication,"CG Power and Industrial Solutions Limited has informed the Exchange about Copy of Newspaper Publication for the Board Meeting intimation to be held on February 5, 2021."
06-Jan-2021 17:12:12,"Certificate under SEBI (Depositories and Participants) Regulations, 2018","CG Power and Industrial Solutions Limited has informed the Exchange about Certificate under SEBI (Depositories and Participants) Regulations, 2018 pursuant to Regulation 74(5) of SEBI (Depositories an"
30-Dec-2020 16:13:26,Trading Window,"CG Power and Industrial Solutions Limited has informed the Exchange regarding the Trading Window closure pursuant to SEBI (Prohibition of Insider Trading) Regulations, 2015"
28-Dec-2020 16:11:28,Updates,CG Power and Industrial Solutions Limited has informed the Exchange regarding 'Disclosure under Regulation 30 and other applicable regulations of SEBI (Listing Obligations and Disclosure Requirements)
23-Dec-2020 16:27:06,Press Release,"CG Power and Industrial Solutions Limited has informed the Exchange regarding a press release dated December 23, 2020, titled ""CG inaugurates new Motor manufacturing facility  Smart LV Motors  at Ahme"
21-Dec-2020 19:43:01,Allotment of Securities,"CG Power and Industrial Solutions Limited has informed the Exchange regarding allotment of 68728522 securities pursuant to Preferential Issue at its meeting held on December 19, 2020. The Finance Comm"
21-Dec-2020 08:26:04,Updates,CG Power and Industrial Solutions Limited has informed the Exchange regarding 'Disclosure under Regulation 30 and other applicable regulations of SEBI (Listing Obligations and Disclosure Requirements)
21-Dec-2020 08:22:21,Disclosure under SEBI Takeover Regulations,"Tube Investments of India Limited has submitted to the Exchange a copy of disclosure under Regulation 10(6) of SEBI (Substantial Acquisition of Shares & Takeover) Regulations, 2011"
07-Dec-2020 14:13:00,Spurt in Volume,"Significant increase in volume has been observed in CG Power and Industrial Solutions Limited. The Exchange, in order to ensure that investors have latest relevant information about the company and to"
05-Dec-2020 17:13:59,Copy of Newspaper Publication,CG Power and Industrial Solutions Limited has informed the Exchange about Copy of Newspaper Publication in relation to transfer of equity shares  and dividend to Investor Education and Protection Fund
04-Dec-2020 20:58:32,Allotment of Securities,"CG Power and Industrial Solutions Limited has informed the Exchange regarding allotment of 20000 securities pursuant to Non Convertible Securities at its meeting held on December 04, 2020 (Non Convert"
04-Dec-2020 18:57:00,Spurt in Volume,"Significant increase in volume has been observed in CG Power and Industrial Solutions Limited. The Exchange, in order to ensure that investors have latest relevant information about the company and to"
26-Nov-2020 15:23:44,Change in Director(s),CG Power and Industrial Solutions Limited has informed the Exchange regarding Change in Director(s) of the company.
26-Nov-2020 14:48:25,Allotment of Securities,"CG Power and Industrial Solutions Limited has informed the Exchange regarding allotment of 817757010 securities pursuant to Preferential Issue at its meeting held on November 26, 2020"
25-Nov-2020 22:49:40,Loss of Share Certificates,CG Power and Industrial Solutions Limited has informed the Exchange about Loss of Share Certificates
21-Nov-2020 19:20:56,Updates,"CG Power and Industrial Solutions Limited has informed the Exchange regarding 'Disclosure under Regulation 30 of SEBI (Listing Obligations and Disclosure Requirements) Regulations, 2015'."
19-Nov-2020 22:51:15,Updates,"CG Power and Industrial Solutions Limited has informed the Exchange regarding 'Disclosure under Regulation 30 and 31A(8)(d) of SEBI (Listing Obligations and Disclosure Requirements) Regulations, 2015 "
17-Nov-2020 18:44:19,Disclosure under SEBI (PIT) Reg 2015,"CG Power and Industrial Solutions Limited has informed the Exchange regarding Disclosure under Regulation 3 of the Securities and Exchange Board of India (Prohibition of Insider Trading) Regulations, "
17-Nov-2020 17:31:05,Loss of Share Certificates,CG Power and Industrial Solutions Limited has informed the Exchange about Loss of Share Certificates
10-Nov-2020 19:12:36,Related Party Transactions,CG Power and Industrial Solutions Limited has informed the Exchange about the disclosure under Regulation 23(9) of Listing Regulations for the half-yearly disclosure on Related Party Transactions on a
06-Nov-2020 18:50:13,Updates,"CG Power and Industrial Solutions Limited has informed the Exchange regarding 'Disclosure under Regulation 31A(8)(c) of SEBI (Listing Obligations and Disclosure Requirements) Regulations, 2015.'."
30-Oct-2020 19:50:46,Trading Window,"CG Power and Industrial Solutions Limited has informed the Exchange regarding the Closure of Trading Window pursuant to SEBI (Prohibition of Insider Trading) Regulations, 2015"
30-Oct-2020 16:44:40,Updates,"CG Power and Industrial Solutions Limited has informed the Exchange regarding 'Intimation/Disclosure pursuant to Regulation 30 of the SEBI (Listing Obligation and Disclosure Requirements) Regulations,"
28-Oct-2020 20:51:42,Financial Result Updates,"CG Power and Industrial Solutions Limited has submitted to the Exchange, the financial results for the period ended September 30, 2020."
28-Oct-2020 20:49:20,Outcome of Board Meeting,"CG Power and Industrial Solutions Limited has informed the Exchange regarding  Board meeting held on October 28, 2020."
23-Oct-2020 16:05:04,Copy of Newspaper Publication,"CG Power and Industrial Solutions Limited has informed the Exchange about Copy of Newspaper Publication for Intimation of Board Meeting to be held on October 28, 2020 to consider and approve the Unaud"
20-Oct-2020 17:12:46,Shareholders meeting,"CG Power and Industrial Solutions Limited has submitted the Exchange a copy Srutinizers report of  Annual General Meeting held on October 19, 2020. Further, the company has informed the Exchange regar"
19-Oct-2020 17:52:53,Shareholders meeting,"CG Power and Industrial Solutions Limited has informed the Exchange regarding Proceedings of Annual General Meeting held on October 19, 2020"
16-Oct-2020 18:08:51,"Certificate under SEBI (Depositories and Participants) Regulations, 2018","CG Power and Industrial Solutions Limited has informed the Exchange about Certificate pursuant to Regulation 74(5) of SEBI (Depositories and Participants) Regulations, 2018 for the period from 1st Jul"
14-Oct-2020 22:51:56,Updates,"CG Power and Industrial Solutions Limited has informed the Exchange regarding 'Disclosure under Regulation 30 of the SEBI (Listing Obligations and Disclosure Requirements) Regulations, 2015'."
07-Oct-2020 16:43:52,Defaults on Payment of Interest/Principal,"Disclosure of defaults on payment of interest, repayment of. principal amount onloans from banks/ financial institutions for the quarter ended September 30, 2020"
29-Sep-2020 21:24:45,Trading Window,"CG Power and Industrial Solutions Limited has informed the Exchange regarding the Trading Window closure pursuant to SEBI (Prohibition of Insider Trading) Regulations, 2015 for the quarter and half ye"
29-Sep-2020 17:25:02,Updates,CG Power and Industrial Solutions Limited has informed the Exchange regarding 'Disclosure under Regulation 30 of the Securities and Exchange Board ��of India (Listing Obligations and Disclosure Requir
28-Sep-2020 14:01:02,Copy of Newspaper Publication,CG Power and Industrial Solutions Limited has informed the Exchange about Copy of Newspaper Publication
26-Sep-2020 18:15:20,Shareholders meeting,"CG Power and Industrial Solutions Limited has informed the Exchange regarding Notice of Annual General Meeting to be held on October 19, 2020"
24-Sep-2020 22:01:54,Shareholders meeting,"CG Power and Industrial Solutions Limited has submitted the Exchange a copy Srutinizers report of  Extraordinary General Meeting held on September 24, 2020. Further, the company has informed the Excha"
24-Sep-2020 18:15:49,Shareholders meeting,"CG Power and Industrial Solutions Limited has informed the Exchange regarding Proceedings of Extraordinary General Meeting held on September 24, 2020"
23-Sep-2020 12:22:11,Reply to Clarification Sought,"CGPOWER: The Exchange had sought clarification from CG Power and Industrial Solutions Limited with respect to announcement dated 05-Sep-2020, regarding�� Disclosure under Regulation 30 of the SEBI (Li"
22-Sep-2020 16:25:57,Copy of Newspaper Publication,CG Power and Industrial Solutions Limited has informed the Exchange about Copy of Newspaper Publication for attention of Equity Shareholders of the Company in respect of information regarding 83rd Ann
21-Sep-2020 19:19:18,Updates,CG Power and Industrial Solutions Limited has informed the Exchange regarding 'Intimation of 83rd Annual General Meeting of the Company for the financial year 2019-20'.
16-Sep-2020 18:42:13,Updates,"CG Power and Industrial Solutions Limited has informed the Exchange regarding 'Outcome of Meeting of the Board of Directors held on September 16, 2020'."
09-Sep-2020 12:00:42,Clarification,"CGPOWER: The Exchange has sought clarification from CG Power and Industrial Solutions Limited with respect to announcement dated 05-Sep-2020, regarding�� Disclosure under Regulation 30 of the SEBI (Li"
08-Sep-2020 03:48:07,Updates,"CG Power and Industrial Solutions Limited has informed the Exchange regarding 'Outcome of Meeting of the Board of Directors held on September 7, 2020'."
08-Sep-2020 03:35:54,Financial Result Updates,"CG Power and Industrial Solutions Limited has submitted to the Exchange, the financial results for the period ended June 30, 2020."
05-Sep-2020 17:31:14,Copy of Newspaper Publication,CG Power and Industrial Solutions Limited has informed the Exchange about Copy of Newspaper Publication in relation to transfer of equity shares to Investor Education and Protection Fund ( IEPF ) Auth
05-Sep-2020 17:25:01,Updates,"CG Power and Industrial Solutions Limited has informed the Exchange regarding 'Disclosure under Regulation 30 of the SEBI (Listing Obligations and Disclosure Requirements) Regulations, 2015'."
04-Sep-2020 23:02:47,Updates,"CG Power and Industrial Solutions Limited has informed the Exchange regarding 'SEBI Letter dated September 4, 2020 granting relaxation in relation to the proposed re-classification of promoters and pr"
03-Sep-2020 23:01:43,Copy of Newspaper Publication,CG Power and Industrial Solutions Limited has informed the Exchange about Copy of Newspaper Publication regarding Notice of Extra-Ordinary General Meeting of the Company scheduled to be held on Septem
03-Sep-2020 00:23:16,Shareholders meeting,"CG Power and Industrial Solutions Limited has submitted the Exchange a copy Srutinizers report of  Extraordinary General Meeting held on September 02, 2020. Further, the company has informed the Excha"
02-Sep-2020 22:39:00,Shareholders meeting,"CG Power and Industrial Solutions Limited has informed the Exchange regarding Proceedings of Extraordinary General Meeting held on September 02, 2020"
02-Sep-2020 20:57:48,Shareholders meeting,"CG Power and Industrial Solutions Limited has informed the Exchange regarding Notice of Extraordinary General Meeting to be held on September 24, 2020"
02-Sep-2020 10:10:07,Outcome of Board Meeting,"CG Power and Industrial Solutions Limited has informed the Exchange regarding  the Board meeting held on September 02, 2020."
01-Sep-2020 20:15:03,Copy of Newspaper Publication,CG Power and Industrial Solutions Limited has informed the Exchange about Copy of Newspaper Publication for intimation of Board Meeting
01-Sep-2020 20:02:10,Extension of Annual General Meeting,CG Power and Industrial Solutions Limited has informed the Exchange about extension of Annual General Meeting
28-Aug-2020 23:49:23,Updates,"CG Power and Industrial Solutions Limited has informed the Exchange regarding 'Disclosure under Regulation 30 of the SEBI (Listing Obligations and Disclosure Requirements) Regulations, 2015'."
11-Aug-2020 22:58:29,Updates,"CG Power and Industrial Solutions Limited has informed the Exchange regarding 'Disclosure under Regulation 30 of the SEBI (Listing Obligatjons and Disclosure Requirements) Regulations, 2015'."
08-Aug-2020 20:59:31,Copy of Newspaper Publication,CG Power and Industrial Solutions Limited has informed the Exchange about Copy of Newspaper Publication regarding Notice of Extra-Ordinary General Meeting of the Company
07-Aug-2020 19:20:42,Shareholders meeting,"CG Power and Industrial Solutions Limited has informed the Exchange regarding Notice of Extraordinary General Meeting to be held on September 02, 2020"
07-Aug-2020 13:35:31,Outcome of Board Meeting,"CG Power and Industrial Solutions Limited has informed the Exchange regarding Board meeting held on August 07, 2020."
26-Jul-2020 13:28:00,Related Party Transactions,"CG Power and Industrial Solutions Limited has informed the Exchange about related Party Transactions disclosure for half year ended March 31, 2020"
21-Jul-2020 20:13:00,Updates,CG Power and Industrial Solutions Limited has informed the Exchange regarding 'Update on Sale/ Divestment of step-down subsidiary of the Company under Regulation 30 of the SEBI (Listing Obligations an
11-Jul-2020 19:41:00,"Certificate under SEBI (Depositories and Participants) Regulations, 2018","CG Power and Industrial Solutions Limited has informed the Exchange about Certificate under Regulation 74(5) of SEBI (Depositories and Participants) Regulations, 2018 for the period from 1st April, 20"
09-Jul-2020 17:18:00,Updates,"CG Power and Industrial Solutions Limited has informed the Exchange regarding 'Disclosure under Regulation 30 of the SEBI (Listing Obligations and Disclosure Requirements) Regulations, 2015'."
07-Jul-2020 13:56:00,Copy of Newspaper Publication,CG Power and Industrial Solutions Limited has informed the Exchange about Copy of Newspaper Publication - Notice of transfer of shares to IEPF
07-Jul-2020 12:00:00,Updates,CG Power and Industrial Solutions Limited has informed the Exchange regarding 'Disclosure of defaults on payment of interest / repayment of principal amount on loans from banks / financial institution
02-Jul-2020 15:50:00,News Verification,"The Exchange has sought clarification from CG Power and Industrial Solutions Limited with respect to recent news item captioned Murugappa Group eyes CG Power, ready to invest Rs 750 crore.  The respon"
02-Jul-2020 12:27:00,News Verification,"The Exchange has sought clarification from CG Power and Industrial Solutions Limited with respect to recent news item captioned Murugappa Group eyes CG Power, ready to invest Rs 750 crore.  The respon"
30-Jun-2020 18:09:00,Trading Window,"CG Power and Industrial Solutions Limited has informed the Exchange regarding the Trading Window closure pursuant to SEBI (Prohibition of Insider Trading) Regulations, 2015"
29-Jun-2020 18:28:00,Updates,CG Power and Industrial Solutions Limited has informed the Exchange regarding 'Intimation / Disclosure pursuant to Regulation 30 of the SEBI (Listing Obligation and Disclosure Requirements) Regulation
28-Jun-2020 01:20:49,Financial Result Updates,"CG Power and Industrial Solutions Limited has submitted to the Exchange, the financial results for the period ended March 31, 2020."
28-Jun-2020 01:14:00,Outcome of Board Meeting,"CG Power and Industrial Solutions Limited has informed the Exchange regarding Outcome of Meeting of the Board of Directors held on June 27, 2020."
27-Jun-2020 21:19:00,Updates,CG Power and Industrial Solutions Limited has informed the Exchange regarding 'Disclosure of defaults on payment of interest / repayment of principal amount on loans from banks / financial institution
24-Jun-2020 16:22:00,Updates,"CG Power and Industrial Solutions Limited has informed the Exchange regarding 'Disclosure under Regulation 30 of the SEBI (Listing Obligations and Disclosure Requirements) Regulations, 2015.'."
22-Jun-2020 12:33:00,Copy of Newspaper Publication,CG Power and Industrial Solutions Limited has informed the Exchange about Copy of Newspaper Publication for intimation of Board Meeting
19-Jun-2020 17:19:00,Updates,"CG Power and Industrial Solutions Limited has informed the Exchange regarding 'Disclosure pursuant to SEBI Circular SEBI/HO/DDHS/CIR/P/2018/144 dated November 26, 2018 '."
27-May-2020 17:26:00,Disclosure under SEBI Takeover Regulations,"Promoter of CG Power and Industrial Solutions Limited has informed the Exchange regarding disclosure under regulation 30(2) of SEBI (SAST) Regulations, 2011"
25-Apr-2020 15:37:00,Updates,"CG Power and Industrial Solutions Limited has informed the Exchange regarding 'Please find enclosed herewith certificate dated April 3, 2020 issued by Datamatics Business Solutions Limited, Registrar "
19-Apr-2020 18:06:00,Updates,CG Power and Industrial Solutions Limited has informed the Exchange regarding 'Liquidation of two step-down subsidiaries of the Company'.
31-Mar-2020 15:11:00,Trading Window,"CG Power and Industrial Solutions Limited has informed the Exchange regarding the Trading Window closure pursuant to SEBI (Prohibition of Insider Trading) Regulations, 2015"
25-Mar-2020 17:33:00,Updates,CG Power and Industrial Solutions Limited has informed the Exchange regarding 'Intimation/ Disclosure pursuant to Regulation 30 of the SEBI (Listing Obligation and Disclosure Requirements) Regulations
20-Mar-2020 10:39:00,Updates,"CG Power and Industrial Solutions Limited has informed the Exchange regarding 'Clarification on News Item in The Economic Times dated March 20, 2020. '."
16-Mar-2020 21:37:00,Updates,CG Power and Industrial Solutions Limited has informed the Exchange regarding 'Outcome of Meeting of the Board of Directors'.
16-Mar-2020 21:25:00,Change in Company Secretary/Compliance Officer,CG Power and Industrial Solutions Limited has informed the Exchange about Appointment of Company Secretary and Compliance Officer
11-Mar-2020 18:54:00,Updates,CG Power and Industrial Solutions Limited has informed the Exchange regarding 'Intimation/ Disclosure pursuant to Regulation 30 of the SEBI (Listing Obligation and Disclosure Requirements) Regulations
05-Mar-2020 20:17:00,Updates,CG Power and Industrial Solutions Limited has informed the Exchange regarding 'Intimation/ Disclosure pursuant to Regulation 30 of the SEBI (Listing Obligation and Disclosure Requirements) Regulations
17-Feb-2020 19:03:00,Updates,CG Power and Industrial Solutions Limited has informed the Exchange regarding 'Intimation/ Disclosure pursuant to Regulation 30 of the SEBI (Listing Obligation and Disclosure Requirements) Regulations
17-Feb-2020 18:58:00,Related Party Transactions,"CG Power and Industrial Solutions Limited has informed the Exchange regarding Disclosure under Regulation 23(9) of (Listing Obligations and Disclosure Requirements) Regulations, 2015 ( Listing Regulat"
14-Feb-2020 19:43:00,Outcome of Board Meeting,"CG Power and Industrial Solutions Limited has informed the Exchange regarding  Board meeting held on February 14, 2020."
14-Feb-2020 19:32:55,Financial Result Updates,"CG Power and Industrial Solutions Limited has submitted to the Exchange, the financial results for the period ended December 31, 2019."
09-Feb-2020 19:06:00,Updates,CG Power and Industrial Solutions Limited has informed the Exchange regarding 'Newspaper advertisement for intimation of Board Meeting'.
07-Feb-2020 22:05:00,Updates,CG Power and Industrial Solutions Limited has informed the Exchange regarding 'Intimation/ Disclosure pursuant to Regulation 30 of the SEBI (Listing Obligation and Disclosure Requirements) Regulations
07-Feb-2020 21:33:00,Updates,CG Power and Industrial Solutions Limited has informed the Exchange regarding ' Intimation/ Disclosure pursuant to Regulation 30 of the SEBI (Listing Obligation and Disclosure Requirements) Regulation
29-Jan-2020 02:29:11,Financial Result Updates,"CG Power and Industrial Solutions Limited has submitted to the Exchange, the financial results for the period ended September 30, 2019."
29-Jan-2020 02:26:03,Financial Result Updates,"CG Power and Industrial Solutions Limited has submitted to the Exchange, the financial results for the period ended June 30, 2019."
24-Jan-2020 20:43:00,Updates,"CG Power and Industrial Solutions Limited has informed the Exchange regarding 'Outcome of Board Meeting held on January 24, 2020   Application to Central Government for removal of Joint Auditor u/s 14"
24-Jan-2020 20:33:00,Appointment,"CG Power and Industrial Solutions Limited has informed the Exchange regarding Appointment of Mr Rathin Roy as Non- Executive Independent Director of the company w.e.f. January 24, 2020."
24-Jan-2020 20:33:00,Appointment,"CG Power and Industrial Solutions Limited has informed the Exchange regarding Appointment of Ms Aditi Raja as Non- Executive Independent Director of the company w.e.f. January 24, 2020."
24-Jan-2020 20:20:00,Change in Company Secretary/Compliance Officer,CG Power and Industrial Solutions Limited has informed the Exchange about resignation of Company Secretary and Compliance and appointment of Compliance Officer
23-Jan-2020 19:58:00,Updates,CG Power and Industrial Solutions Limited has informed the Exchange regarding 'Intimation/ Disclosure pursuant to Regulation 30 of the SEBI (Listing Obligation and Disclosure Requirements) Regulations
23-Jan-2020 13:04:00,Updates,CG Power and Industrial Solutions Limited has informed the Exchange regarding 'Newspaper advertisement for intimation of Board Meeting '.
16-Jan-2020 19:03:00,Updates,"CG Power and Industrial Solutions Limited has informed the Exchange regarding 'Please find enclosed herewith certificate dated January 16, 2020 issued by Datamatics Business Solutions Limited, Registr"
16-Jan-2020 18:52:00,Updates,CG Power and Industrial Solutions Limited has informed the Exchange regarding 'Intimation/ Disclosure pursuant to Regulation 30 of the SEBI (Listing Obligation and Disclosure Requirements) Regulations
31-Dec-2019 10:39:00,Updates,"CG Power and Industrial Solutions Limited has informed the Exchange regarding 'Delay in submission of financial results for the 1st quarter ended June 30, 2019 and 2nd quarter and half year ended Sept"
31-Dec-2019 10:30:00,Appointment,"CG Power and Industrial Solutions Limited has informed the Exchange regarding Appointment of Mr Pradeep Mathur as Non- Executive Independent Director of the company w.e.f. December 30, 2019."
20-Dec-2019 08:12:00,Updates,CG Power and Industrial Solutions Limited has informed the Exchange regarding 'Appointment of Hon ble Justice Mr. T. S. Thakur (Retd.) as Head of Investigation'.
16-Dec-2019 17:28:00,Shareholders meeting,"CG Power and Industrial Solutions Limited has submitted the Exchange a copy Srutinizers report of  Annual General Meeting held on December 14, 2019. Further, the company has informed the Exchange rega"
16-Dec-2019 10:41:00,Shareholders meeting,"CG Power and Industrial Solutions Limited has informed the Exchange regarding Proceedings of Annual General Meeting held on December 14, 2019"
16-Dec-2019 09:36:00,Reasons for Delayed/Non-submission of Financial Results,CG Power and Industrial Solutions Limited has informed regarding Reasons for Delayed/Non-submission of Financial Results.
16-Dec-2019 08:38:00,Shareholders meeting,"CG Power and Industrial Solutions Limited has informed the Exchange regarding Proceedings of Annual General Meeting held on December 14, 2019"
13-Dec-2019 23:26:00,Change in Company Secretary/Compliance Officer,"CG Power and Industrial Solutions Limited has informed the Exchange about appointment of Mr. Nimesh Shah, Member of the Institute of Companies Secretaries of India (FCS No.: F3365) as Company Secretar"
11-Dec-2019 00:41:00,Updates,CG Power and Industrial Solutions Limited has informed the Exchange regarding 'Intimation/ Disclosure pursuant to Regulation 30 of the SEBI (Listing Obligation and Disclosure Requirements) Regulations
06-Dec-2019 19:49:00,Scheme of Arrangement,CG Power and Industrial Solutions Limited has informed the Exchange about withdrawal of Scheme of Amalgamation.
28-Nov-2019 17:54:00,Updates,"CG Power and Industrial Solutions Limited has informed the Exchange regarding 'Outcome of the Board Meeting held on November 28, 2019'."
28-Nov-2019 17:16:00,Updates,"CG Power and Industrial Solutions Limited has informed the Exchange regarding 'Rescission of Agreement for Avantha Brand Usage dated February 13, 2019 executed between CG Power and Industrial Solution"
22-Nov-2019 22:17:00,Updates,"CG Power and Industrial Solutions Limited has informed the Exchange regarding 'Intimation of application filed by the Ministry of Corporate Affairs under Section 130 of the Companies Act, 2013 before "
22-Nov-2019 15:07:00,News Verification,The Exchange has sought clarification from CG Power and Industrial Solutions Limited with respect to recent news item captioned CG Power plans to raise Rs 800 cr via equity issue to tackle liquidity c
22-Nov-2019 14:46:00,News Verification,The Exchange has sought clarification from CG Power and Industrial Solutions Limited with respect to recent news item captioned SFIO to probe fund diversion at CG Power.  The response from the Company
21-Nov-2019 17:37:00,Shareholders meeting,"CG Power and Industrial Solutions Limited has informed the Exchange regarding Notice of Annual General Meeting to be held on December 14, 2019"
21-Nov-2019 15:20:00,Updates,CG Power and Industrial Solutions Limited has informed the Exchange regarding 'Newspaper Advertisement for Intimation of the 82nd Annual General Meeting of the Company'.
20-Nov-2019 18:54:00,Shareholders meeting,"CG Power and Industrial Solutions Limited has informed the Exchange regarding Notice of Annual General Meeting to be held on December 14, 2019, along with Annual Report."
15-Nov-2019 19:13:00,Clarification,"CGPOWER:The Exchange has sought clarification from CG Power and Industrial Solutions Limited with respect to announcement dated 12-Nov-2019, regarding Outcome of the Board Meeting held on November 10 "
13-Nov-2019 11:08:00,Outcome of Board Meeting,"CG Power and Industrial Solutions Limited has informed the Exchange regarding  Board meeting held on November 11, 2019."
12-Nov-2019 18:31:00,Analysts/Institutional Investor Meet/Con. Call Updates,CG Power and Industrial Solutions Limited has informed the Exchange regarding Analysts/Institutional Investor Meet/Con. Call Updates
12-Nov-2019 04:51:00,Updates,"CG Power and Industrial Solutions Limited has informed the Exchange regarding 'Outcome of the Board Meeting held on November 10 & 11, 2019'."
11-Nov-2019 08:56:00,Board Meeting Adjourned,"CG Power and Industrial Solutions Limited has informed the Exchange that We wish to inform you that the meeting of the Board of Directors held on November 10, 2019 to consider amongst other businesses"
08-Nov-2019 17:47:00,News Verification,The Exchange has sought clarification from CG Power and Industrial Solutions Limited with respect to recent news item captioned SFIO to probe fund diversion at CG Power.  The response from the Company
06-Nov-2019 11:33:00,News Verification,The Exchange has sought clarification from CG Power and Industrial Solutions Limited with respect to recent news item captioned CG Power plans to raise Rs 800 cr via equity issue to tackle liquidity c
05-Nov-2019 18:05:00,Press Release,"CG Power and Industrial Solutions Limited has informed the Exchange regarding a press release dated November 05, 2019, titled ""CG Power Indonesia bags additional IDR 334 billion (USD 24 million) order"
04-Nov-2019 17:57:00,Updates,CG Power and Industrial Solutions Limited has informed the Exchange regarding 'Newspaper advertisement for intimation of Board Meeting '.
02-Nov-2019 15:15:00,Resignation,"CG Power and Industrial Solutions Limited has informed the Exchange regarding Resignation of Ms Shikha Kapadia as Company Secretary & Compliance Officer of the company w.e.f. December 31, 2019."
22-Oct-2019 17:22:00,Updates,"CG Power and Industrial Solutions Limited has informed the Exchange regarding 'Please find enclosed herewith certificate dated October 22, 2019 issued by Datamatics Business Solutions Limited, Registr"
17-Oct-2019 09:09:00,Resignation,"CG Power and Industrial Solutions Limited has informed the Exchange regarding Resignation of Mr Gautam Thapar as Non- Executive Director of the company w.e.f. October 09, 2019."
16-Oct-2019 18:16:00,Updates,CG Power and Industrial Solutions Limited has informed the Exchange regarding 'Intimation/Disclosure pursuant to Regulation 30 of the SEBI (Listing Obligations and Disclosure Requirements) Regulations
14-Oct-2019 19:32:00,Disclosure under SEBI Takeover Regulations,"Avantha Holdings Ltd has informed the Exchange regarding reason for encumbrance vide letter dated October 14, 2019 under SEBI ( SAST) Regulations, 2011."
09-Oct-2019 15:36:00,Disclosure under SEBI Takeover Regulations,"Avantha Holdings Limited has informed the Exchange regarding reason for encumbrance vide letter dated October 04,2019 under SEBI ( SAST) Regulations, 2011."
30-Sep-2019 19:11:00,Resignation,"CG Power and Industrial Solutions Limited has informed the Exchange regarding Resignation of Mr K N Neelkant as Managing Director & CEO of the company w.e.f. September 30, 2019."
30-Sep-2019 06:56:00,Related Party Transactions,"CG Power and Industrial Solutions Limited has informed the Exchange regarding Disclosure of Related party Transactions pursuant to Regulation 23(9) of the SEBI ( LODR) Regulations, 2015"
26-Sep-2019 12:10:00,Reasons for Delayed/Non-submission of Financial Results,"CG Power and Industrial Solutions Limited has informed the Exchange regarding delay in submission of unaudited financial results for the 1st quarter ended June 30, 2019."
25-Sep-2019 20:02:00,Updates,"CG Power and Industrial Solutions Limited has informed the Exchange regarding 'Outcome of the Board Meeting held on September 25, 2019'."
23-Sep-2019 19:01:00,Updates,"CG Power and Industrial Solutions Limited has informed the Exchange regarding 'Extension of time for conducting 82nd Annual General Meeting (""AGM"") of CG Power and Industrial Solutions Limited ('the C"
18-Sep-2019 10:11:00,Updates,"CG Power and Industrial Solutions Limited has informed the Exchange regarding 'Interim Order issued by the Securities and Exchange Board of India dated September 17, 2019 in the matter of CG Power and"
16-Sep-2019 08:38:00,Extension of Annual General Meeting,"CG Power and Industrial Solutions Limited has informed the Exchange that the Company has made an application under Section 96(1) of the Companies Act, 2013 to the Registrar of Companies, Mumbai seekin"
13-Sep-2019 16:12:00,News Verification,The Exchange has sought clarification from CG Power and Industrial Solutions Limited with respect to recent news item captioned Ousted CG Power chairman sends legal notice to firm.  The response from 
31-Aug-2019 01:37:00,Outcome of Board Meeting,"CG Power and Industrial Solutions Limited has informed the Exchange regarding  Board meeting held on August 30, 2019."
31-Aug-2019 01:33:16,Financial Result Updates,"CG Power and Industrial Solutions Limited has submitted to the Exchange, the financial results for the period ended March 31, 2019."
30-Aug-2019 23:46:00,Updates,CG Power and Industrial Solutions Limited has informed the Exchange regarding 'Removal of Chief Financial Officer of the Company'.
29-Aug-2019 21:59:00,Updates,CG Power and Industrial Solutions Limited has informed the Exchange regarding 'Newspaper advertisement in relation to transfer of equity shares to Investor Education and Protection Fund (��IEPF��) Aut
29-Aug-2019 10:56:00,Updates,"CG Power and Industrial Solutions Limited has informed the Exchange regarding 'In cognizance of the current situation being faced by the Company and the recent developments, including disclosures date"
28-Aug-2019 17:08:00,News Verification,The Exchange has sought clarification from CG Power and Industrial Solutions Limited with respect to recent news item captioned CG Power to sell non-core assets raise fresh equity.  The response from 
28-Aug-2019 11:34:00,News Verification,The Exchange has sought clarification from CG Power and Industrial Solutions Limited with respect to recent news item captioned CG Power to sell non-core assets raise fresh equity.  The response from 
27-Aug-2019 13:51:00,Analysts/Institutional Investor Meet/Con. Call Updates,CG Power and Industrial Solutions Limited has informed the Exchange regarding Analysts/Institutional Investor Meet/Con. Call Updates-Reschedule
27-Aug-2019 09:52:00,Analysts/Institutional Investor Meet/Con. Call Updates,CG Power and Industrial Solutions Limited has informed the Exchange regarding Analysts/Institutional Investor Meet/Con. Call Updates
24-Aug-2019 16:41:00,Updates,CG Power and Industrial Solutions Limited has informed the Exchange regarding 'Newspaper advertisement for intimation of Board Meeting'.
20-Aug-2019 04:08:00,Updates,"CG Power and Industrial Solutions Limited has informed the Exchange regarding 'Outcome of the Board Meeting dated August 19, 2019'."
14-Aug-2019 16:09:00,Updates,CG Power and Industrial Solutions Limited has informed the Exchange regarding 'Newspaper advertisement for intimation of Board Meeting '.
13-Aug-2019 14:13:00,Updates,CG Power and Industrial Solutions Limited has informed the Exchange regarding 'Intimation of Meeting of the Board of Directors '.
13-Aug-2019 13:22:00,Reasons for Delayed/Non-submission of Financial Results,"CG Power and Industrial Solutions Limited has informed the Exchange about Delay in submission of financial results for quarter ended June 30, 2019"
05-Aug-2019 18:16:00,Cessation,"CG Power and Industrial Solutions Limited has informed the Exchange regarding Cessation of Mr Valentin Von Massow as Non- Executive Independent Director of the company w.e.f. August 05, 2019."
20-Jul-2019 10:36:00,Press Release,"CG Power and Industrial Solutions Limited has informed the Exchange regarding a press release dated July 19, 2019, titled ""CG bags contract for 400 MW wind farm in Saudi Arabia""."
11-Jul-2019 15:43:00,Reasons for Delayed/Non-submission of Financial Results,"CG Power and Industrial Solutions Limited has informed the Exchange regarding Delay in submission of audited financial results for 4th quarter and year ended March 31, 2019."
05-Jul-2019 18:32:00,Updates,"CG Power and Industrial Solutions Limited has informed the Exchange regarding 'Please find enclosed herewith certificate dated July 5, 2019 issued by Datamatics Business Solutions Limited, Registrar a"
21-Jun-2019 16:29:00,Updates,"CG Power and Industrial Solutions Limited has informed the Exchange regarding 'Disclosure under Regulation 30 of the SEBI (Listing Obligations and Disclosure Requirements) Regulations, 2015 regarding "
21-Jun-2019 16:12:00,Updates,"CG Power and Industrial Solutions Limited has informed the Exchange regarding 'Disclosure under Regulation 30 of the SEBI (Listing Obligations and Disclosure Requirements) Regulations, 2015 (��Listing"
07-Jun-2019 17:49:00,Press Release,"CG Power and Industrial Solutions Limited has informed the Exchange regarding a press release dated Jun 07, 2019, titled ""CG launches next generation of compact Drives and advance series of products f"
22-May-2019 19:10:00,Updates,"CG Power and Industrial Solutions Limited has informed the Exchange regarding 'Intimation of Board Meeting for approval of audited financial results for the 4th quarter and year ended March 31, 2019. "
17-May-2019 17:01:00,Updates,CG Power and Industrial Solutions Limited has informed the Exchange regarding 'Newspaper advertisement in relation to transfer of equity shares to Investor Education and Protection Fund (��IEPF��) Aut
10-May-2019 20:38:00,Updates,"CG Power and Industrial Solutions Limited has informed the Exchange regarding 'Disclosure under Regulation 30 of the SEBI (Listing Obligations and Disclosure Requirements) Regulations, 2015 for appoin"
06-May-2019 21:00:00,Updates,CG Power and Industrial Solutions Limited has informed the Exchange regarding 'Update on Sale and transfer of the Company��s Business in Hungary '.
19-Apr-2019 15:06:00,Updates,CG Power and Industrial Solutions Limited has informed the Exchange regarding 'Merger of step down subsidiaries'.
16-Apr-2019 18:23:00,Disc. under Reg.30 of SEBI (SAST) Reg.2011,"The Promoter along with PAC has submitted to the Exchange a copy of Annual Disclosure under Regulation 30(1) and 30(2) of SEBI (Substantial Acquisition of Shares and Takeovers), Regulations, 2011 as o"
05-Apr-2019 19:12:00,Amalgamation/Merger,"In furtherance to our aforesaid communications dated February 14, 2019 and March 08, 2019  in relation to the amalgamation of CG Power Solutions Limited (��CGPSOL��), a wholly owned subsidiary company"
29-Mar-2019 18:19:00,Updates,"CG Power and Industrial Solutions Limited has informed the Exchange regarding 'Newspaper advertisement dated March 29, 2019'."
22-Mar-2019 11:53:00,Updates,"CG Power and Industrial Solutions Limited has informed the Exchange regarding 'a) Disclosures under Regulation 29 and 31 of the SEBI (Substaintial Acquisition of Shares and Takeovers) Regulations, 201"
20-Mar-2019 16:14:00,Press Release,"CG Power and Industrial Solutions Limited has informed the Exchange regarding a press release dated March 20, 2019, titled ""CG equipped ��Deutsche Bucht�� offshore substation topside sails out""."
11-Mar-2019 18:25:00,Updates,"CG Power and Industrial Solutions Limited has informed the Exchange regarding 'Disclosure under SEBI (Prohibition of Insider Trading) Regulations, 2015 in relation to amendment in the 'Code of Practic"
11-Mar-2019 08:55:00,Updates,CG Power and Industrial Solutions Limited has informed the Exchange regarding correction of inadvertent typographical error in para 3rd of Point no. 1 of company communication reference no. COSEC/130/
08-Mar-2019 19:41:00,Change in Director(s),CG Power and Industrial Solutions Limited has informed the Exchange regarding Change in Director(s) of the company. and resignation of Chief Financial Officer of the company.
08-Mar-2019 19:30:00,Updates,"CG Power and Industrial Solutions Limited has informed the Exchange regarding 'Please find enclosed disclosure towards Board��s decision on March 8, 2019 relating to re-classification of the businesse"
08-Mar-2019 18:46:00,Amalgamation/Merger,"CG Power and Industrial Solutions Limited has informed the Exchange regarding Disclosure under Regulation 30 of the SEBI ( Listing Obligations and Disclosure Requirements) Regulations, 2015 ('Listing "
26-Feb-2019 17:39:00,News Verification,"The Exchange has sought clarification from CG Power and Industrial Solutions Limited with respect to recent news item captioned ""CG Power promoter in talks to sell stake: Reports"". The Exchange, in or"
26-Feb-2019 14:56:00,News Verification,"The Exchange has sought clarification from CG Power and Industrial Solutions Limited with respect to recent news item captioned ""CG Power promoter in talks to sell stake: Reports"". In this regard, Exc"
14-Feb-2019 21:42:00,Analysts/Institutional Investor Meet/Con. Call Updates,CG Power and Industrial Solutions Limited has informed the Exchange regarding Analysts/Institutional Investor Meet/Con. Call Updates
14-Feb-2019 17:29:00,Updates,"CG Power and Industrial Solutions Limited has informed the Exchange regarding 'the Board of Directors of CG Power and Industrial Solutions Limited (��the Company��) at its meeting held on February 12,"
14-Feb-2019 10:47:00,Financial Results Updates,CG Power and Industrial Solutions Limited has informed the Exchange regarding Correction of typographical error in Limited Review Report on the Unaudited Consolidated Financial Results of the Company 
13-Feb-2019 02:18:10,Financial Result Updates,"CG Power and Industrial Solutions Limited has submitted to the Exchange, the financial results for the period ended December 31, 2018."
13-Feb-2019 02:14:00,Outcome of Board Meeting,"CG Power and Industrial Solutions Limited has informed the Exchange regarding  Board meeting held on February 12, 2019."
11-Feb-2019 20:14:00,Analysts/Institutional Investor Meet/Con. Call Updates,CG Power and Industrial Solutions Limited has informed the Exchange regarding Analysts/Institutional Investor Meet/Con. Call Updates
05-Feb-2019 18:57:00,Updates,CG Power and Industrial Solutions Limited has informed the Exchange regarding 'Newspaper advertisement for intimation of Change in Board Meeting Date  '.
18-Jan-2019 19:27:00,Updates,CG Power and Industrial Solutions Limited has informed the Exchange regarding 'Newspaper advertisement for intimation of Board Meeting '.
21-Dec-2018 14:51:00,Updates,CG Power and Industrial Solutions Limited has informed the Exchange regarding 'Newspaper Advertisement in relation to transfer of Equity shares to IEPF Authority'.
06-Dec-2018 11:48:00,Analysts/Institutional Investor Meet/Con. Call Updates,CG Power and Industrial Solutions Limited has informed the Exchange regarding Analysts/Institutional Investor Meet/Con. Call Updates
01-Dec-2018 12:35:00,Updates,CG Power and Industrial Solutions Limited has informed the Exchange regarding 'Newspaper advertisement in relation to transfer of equity shares to Investor Education and Protection Fund (��IEPF��) Aut
21-Nov-2018 19:35:00,Analysts/Institutional Investor Meet/Con. Call Updates,CG Power and Industrial Solutions Limited has informed the Exchange regarding Analysts/Institutional Investor Meet/Con. Call Updates
20-Nov-2018 13:21:00,Reply to Clarification Sought,"CGPOWER: The Exchange had sought clarification from CG Power and Industrial Solutions Limited with respect to announcement dated 07-Nov-2018, regarding "" CG Power and Industrial Solutions Limited has "
14-Nov-2018 11:21:00,Clarification,"CGPOWER:The Exchange has sought clarification from CG Power and Industrial Solutions Limited with respect to announcement dated 07-Nov-2018, regarding "" CG Power and Industrial Solutions Limited has i"
13-Nov-2018 23:09:23,Financial Result Updates,"CG Power and Industrial Solutions Limited has submitted to the Exchange, the financial results for the period ended September 30, 2018."
13-Nov-2018 23:03:00,Outcome of Board Meeting,"CG Power and Industrial Solutions Limited has informed the Exchange regarding  Board meeting held on November 13, 2018."
09-Nov-2018 13:59:00,Analysts/Institutional Investor Meet/Con. Call Updates,CG Power and Industrial Solutions Limited has informed the Exchange regarding Analysts/Institutional Investor Meet/Con. Call Updates
07-Nov-2018 17:21:00,Press Release,"CG Power and Industrial Solutions Limited has informed the Exchange regarding a press release dated November 06, 2018, titled ""CG Belgium inaugurates World��s first fully integrated 400kV Mobile Subst"
06-Nov-2018 15:14:00,Updates,CG Power and Industrial Solutions Limited has informed the Exchange regarding 'Newspaper advertisement for intimation of Board Meeting '.
02-Oct-2018 12:59:00,Appointment,"CG Power and Industrial Solutions Limited has informed the Exchange regarding Appointment of Mr Sudhir Mathur as Additional and Non Executive Independent Director of the company w.e.f. October 01, 201"
01-Oct-2018 23:55:00,Cessation,"CG Power and Industrial Solutions Limited has informed the Exchange regarding Cessation of Mr Sanjay Labroo as Non- Executive Independent Director of the company w.e.f. October 01, 2018."
28-Sep-2018 23:50:00,Shareholders meeting,"CG Power and Industrial Solutions Limited has submitted the Exchange a copy Srutinizers report of  Annual General Meeting held on September 28, 2018. Further, the company has informed the Exchange reg"
28-Sep-2018 23:18:00,Shareholders meeting,"CG Power and Industrial Solutions Limited has informed the Exchange regarding Proceedings of Annual General Meeting held on September 28, 2018"
05-Sep-2018 19:08:00,Updates,CG Power and Industrial Solutions Limited has informed the Exchange regarding 'Public Notice for intimation of the 81st Annual General Meeting (��AGM��) of the Company'.
04-Sep-2018 18:01:00,Shareholders meeting,"CG Power and Industrial Solutions Limited has informed the Exchange regarding Notice of Annual General Meeting to be held on September 28, 2018"
23-Aug-2018 19:27:00,Updates,CG Power and Industrial Solutions Limited has informed the Exchange regarding 'Recommendation of Board of Directors of the Company in relation to appointment of Statutory Auditors'.
20-Aug-2018 17:03:00,Press Release,"CG Power and Industrial Solutions Limited has informed the Exchange regarding a press release dated August 20, 2018, titled ""Inauguration of the First High-Voltage and Extra High Voltage Air Insulated"
17-Aug-2018 19:30:00,Press Release,"CG Power and Industrial Solutions Limited has informed the Exchange regarding a press release dated August 17, 2018, titled ""CGPISL enters into a Strategic Alliance Agreement with TENAGA SWITCHGEAR""."
17-Aug-2018 17:05:00,Updates,CG Power and Industrial Solutions Limited has informed the Exchange regarding 'Newspaper advertisement in relation to transfer of equity shares to Investor Education and Protection Fund (��IEPF��) Aut
17-Aug-2018 16:33:00,Analysts/Institutional Investor Meet/Con. Call Updates,CG Power and Industrial Solutions Limited has informed the Exchange regarding Analysts/Institutional Investor Meet/Con. Call Updates
10-Aug-2018 20:15:48,Financial Result Updates,"CG Power and Industrial Solutions Limited has submitted to the Exchange, the financial results for the period ended June 30, 2018."
10-Aug-2018 20:11:00,Outcome of Board Meeting,"CG Power and Industrial Solutions Limited has informed the Exchange regarding  Board meeting held on August 10, 2018."
03-Aug-2018 23:44:00,Analysts/Institutional Investor Meet/Con. Call Updates,CG Power and Industrial Solutions Limited has informed the Exchange regarding Analysts/Institutional Investor Meet/Con. Call Updates
01-Aug-2018 15:17:00,Updates,CG Power and Industrial Solutions Limited has informed the Exchange regarding 'Newspaper advertisement for intimation of Change in Board Meeting Date  '.
23-Jul-2018 08:47:00,Updates,"CG Power and Industrial Solutions Limited has informed the Exchange regarding 'Disclosure under Regulation 30 of SEBI (Listing Obligations and Disclosure Requirements), Regulations, 2015 for Sale and "
20-Jul-2018 11:47:00,Updates,"CG Power and Industrial Solutions Limited has informed the Exchange regarding 'Newspaper advertisement for intimation of Board Meeting to be held on August 3, 2018'."
06-Jul-2018 19:16:00,Press Release,"CG Power and Industrial Solutions Limited has informed the Exchange regarding a press release dated July 06, 2018, titled ""CG alongwith its consortium partners installed its largest ever Offshore Tran"
22-Jun-2018 18:07:00,Option to submit Standalone/Consolidated Financial Results,"CG Power and Industrial Solutions Limited has informed the Exchange regarding Intimation under Regulation 33(3)(b) (I) of the SEBI ( Listing Obligations and Disclosure Requirements) Regulations, 2015."
06-Jun-2018 15:34:00,Analysts/Institutional Investor Meet/Con. Call Updates,CG Power and Industrial Solutions Limited has informed the Exchange regarding Analysts/Institutional Investor Meet/Con. Call Updates
05-Jun-2018 23:07:00,Press Release,"CG Power and Industrial Solutions Limited has informed the Exchange regarding a press release dated Jun 05, 2018, titled ""CG bags a large order of INR 3190million from Indian Railways""."
01-Jun-2018 17:44:00,Analysts/Institutional Investor Meet/Con. Call Updates,CG Power and Industrial Solutions Limited has informed the Exchange regarding Analysts/Institutional Investor Meet/Con. Call Updates
30-May-2018 18:03:12,Financial Result Updates,"CG Power and Industrial Solutions Limited has submitted to the Exchange, the financial results for the period ended March 31, 2018."
30-May-2018 17:56:00,Outcome of Board Meeting,"CG Power and Industrial Solutions Limited has informed the Exchange regarding the Outcome of the Board meeting held on May 30, 2018."
29-May-2018 23:44:00,Shareholders meeting,"CG Power and Industrial Solutions Limited has submitted the Exchange a copy Srutinizers report of  Postal Ballot. Further, the company has informed the Exchange regarding voting results."
28-May-2018 15:09:00,Analysts/Institutional Investor Meet/Con. Call Updates,CG Power and Industrial Solutions Limited has informed the Exchange regarding Analysts/Institutional Investor Meet/Con. Call Updates
19-May-2018 16:47:00,Updates,"CG Power and Industrial Solutions Limited has informed the Exchange regarding 'Newspaper advertisement for intimation of Board Meeting on May 30, 2018'."
30-Apr-2018 16:28:00,Updates,"CG Power and Industrial Solutions Limited has informed the Exchange regarding 'Newspaper advertisement for dispatch of Postal Ballot Notice dated April 28, 2018.'."
29-Apr-2018 22:50:00,Shareholders meeting,CG Power and Industrial Solutions Limited has informed the Exchange regarding Notice of Postal Ballot
28-Apr-2018 15:23:00,Change in Auditors,CG Power and Industrial Solutions Limited has informed the Exchange regarding Change in Auditors of the company.
06-Apr-2018 18:35:00,Disc. under Reg.30 of SEBI (SAST) Reg.2011,"Avantha Holdings Limited has submitted to the Exchange a copy of disclosure under Regulation 30(2) of SEBI (Substantial Acquisition of Shares & Takeovers) Regulations, 2011."
21-Feb-2018 12:49:00,Updates,"CG Power and Industrial Solutions Limited has informed the Exchange regarding 'Pursuant to Regulation 30 of SEBI (Listing Obligations and Disclosure Requirements) Regulations, 2015, please find enclos"
16-Feb-2018 17:05:00,Analysts/Institutional Investor Meet/Con. Call Updates,CG Power and Industrial Solutions Limited has informed the Exchange regarding Analysts/Institutional Investor Meet/Con. Call Updates
12-Feb-2018 18:53:00,Appointment,"CG Power and Industrial Solutions Limited has informed the Exchange regarding Appointment of Ms Shikha Kapadia as Company Secretary & Compliance Officer of the company w.e.f. February 12, 2018."
12-Feb-2018 18:40:39,Financial Result Updates,"CG Power and Industrial Solutions Limited has submitted to the Exchange, the financial results for the period ended December 31, 2017."
12-Feb-2018 17:09:00,Updates,CG Power and Industrial Solutions Limited has informed the Exchange regarding 'Execution of Agreements in relation to sale and transfer of the Company��s Business in Hungary [Disclosure under Regulati
12-Feb-2018 09:21:00,Press Release,"CG Power and Industrial Solutions Limited has informed the Exchange regarding a press release dated February 12, 2018, titled ""��CG Power bags order from Indonesian state utility PT PLN Indonesia (Per"
07-Feb-2018 19:36:00,Press Release,"CG Power and Industrial Solutions Limited has informed the Exchange regarding a press release dated February 07, 2018, titled ""CG bags largest order of INR 107 crore from EESL""."
06-Feb-2018 16:33:00,Analysts/Institutional Investor Meet/Con. Call Updates,CG Power and Industrial Solutions Limited has informed the Exchange regarding Analysts/Institutional Investor Meet/Con. Call Updates
23-Nov-2017 15:02:00,Press Release,"CG Power and Industrial Solutions Limited has informed the Exchange regarding a press release dated November 23, 2017, titled ""CG bags order of INR 111 crore from Indian Railways""."
15-Nov-2017 16:55:00,Analysts/Institutional Investor Meet/Con. Call Updates,CG Power and Industrial Solutions Limited has informed the Exchange regarding Analysts/Institutional Investor Meet/Con. Call Updates
13-Nov-2017 14:54:00,Analysts/Institutional Investor Meet/Con. Call Updates,CG Power and Industrial Solutions Limited has informed the Exchange regarding Analysts/Institutional Investor Meet/Con. Call Updates
09-Nov-2017 18:12:00,Outcome of Board Meeting,"CG Power and Industrial Solutions Limited has informed the Exchange regarding Outcome of Board Meeting held on November 09, 2017."
09-Nov-2017 18:04:30,Financial Result Updates,"CG Power and Industrial Solutions Limited has submitted to the Exchange, the financial results for the period ended September 30, 2017."
06-Nov-2017 16:35:00,Analysts/Institutional Investor Meet/Con. Call Updates,CG Power and Industrial Solutions Limited has informed the Exchange regarding Analysts/Institutional Investor Meet/Con. Call Updates
23-Sep-2017 14:51:00,Shareholders meeting,"CG Power and Industrial Solutions Limited has submitted the Exchange a copy Srutinizers report of  Annual General Meeting held on September 22, 2017. Further, the company has informed the Exchange reg"
23-Sep-2017 14:41:00,Shareholders meeting,"CG Power and Industrial Solutions Limited has informed the Exchange regarding Proceedings of Annual General Meeting held on September 22, 2017"
28-Aug-2017 18:56:00,Shareholders meeting,"CG Power and Industrial Solutions Limited has informed the Exchange regarding Notice of Annual General Meeting to be held on September 22, 2017"
24-Aug-2017 19:56:00,Updates,CG Power and Industrial Solutions Limited has informed the Exchange regarding 'consequent to cessation of Mr Manoj Koul as Company Secretary and Compliance Officer of the Company with effect from the 
18-Aug-2017 18:08:00,Analysts/Institutional Investor Meet/Con. Call Updates,CG Power and Industrial Solutions Limited has informed the Exchange regarding Analysts/Institutional Investor Meet/Con. Call Updates
16-Aug-2017 17:03:00,Reply to Clarification Sought,"CGPOWER:The Exchange had sought clarification from CG Power and Industrial Solutions Limited with respect to announcement dated 11-Aug-2017, regarding appointment of Mr. V. R Venkatesh as Chief Financ"
16-Aug-2017 11:27:00,Reply to Clarification Sought,"CGPOWER:The Exchange has sought clarification from CG Power and Industrial Solutions Limited with respect to announcement dated 11-Aug-2017, regarding "" CG Power and Industrial Solutions Limited has i"
16-Aug-2017 11:02:00,Updates,CG Power and Industrial Solutions Limited has informed the Exchange that the Key Managerial Personnel of the Company are severally authorised to determine materiality of an event/information and its d
14-Aug-2017 18:32:00,Analysts/Institutional Investor Meet/Con. Call Updates,CG Power and Industrial Solutions Limited has informed the Exchange regarding Analysts/Institutional Investor Meet/Con. Call Updates
12-Aug-2017 18:04:00,Clarification,"CGPOWER:The Exchange has sought clarification from CG Power and Industrial Solutions Limited with respect to announcement dated 11-Aug-2017, regarding "" CG Power and Industrial Solutions Limited has i"
11-Aug-2017 17:49:00,Change in Company Secretary/Compliance Officer,"CG Power and Industrial Solutions Limited has informed the Exchange that the Company Secretary and Compliance Officer, Mr. Manoj Koul has expressed his intention to resign from the Company on account "
11-Aug-2017 17:45:00,Updates,"CG Power and Industrial Solutions Limited has informed the Exchange regarding Disclosure under Regulation 30 of SEBI ( Listing Obligations and Disclosure Requirements) Regulations, 2015."
11-Aug-2017 17:28:10,Financial Result Updates,"CG Power and Industrial Solutions Limited has submitted to the Exchange, the financial results for the period ended June 30, 2017."
11-Aug-2017 15:02:00,Updates,CG Power and Industrial Solutions Limited has informed the Exchange that As part of the Company s stated strategy of geography/product-wise divestment with the objective of debt reduction and focus on
08-Aug-2017 17:45:00,Analysts/Institutional Investor Meet/Con. Call Updates,CG Power and Industrial Solutions Limited has informed the Exchange regarding Analysts/Institutional Investor Meet/Con. Call Updates
01-Aug-2017 08:57:00,Updates,CG Power and Industrial Solutions Limited has informed the Exchange regarding Update on sale and divestment of Company's Power Business in USA under Regulation 30 of SEBI (Listing Obligations and Disc
21-Jun-2017 09:53:00,Updates,CG Power and Industrial Solutions Limited has informed the Exchange regarding Receipt of binding offer and execution of Stock Purchase Agreement for acquisition of the Company s Power Business in USA 
09-Jun-2017 17:36:00,Analysts/Institutional Investor Meet/Con. Call Updates,CG Power and Industrial Solutions Limited has informed the Exchange regarding Analysts/Institutional Investor Meet/Con. Call Updates as per attachment.
05-Jun-2017 11:38:00,Analysts/Institutional Investor Meet/Con. Call Updates,CG Power and Industrial Solutions Limited has informed the Exchange regarding Analysts/Institutional Investor Meet/Con. Call Updates as per attachment
30-May-2017 17:19:00,Analysts/Institutional Investor Meet/Con. Call Updates,CG Power and Industrial Solutions Limited has informed the Exchange regarding Analysts/Institutional Investor Meet/Con. Call Updates
26-May-2017 19:25:00,Declaration for audit reports with unmodified opinion(s),"CG Power and Industrial Solutions Limited has informed the Exchange Declaration in respect of unmodified opinion on Annual Audited Financial Results for the Financial year ended March 31, 2017."
26-May-2017 17:57:00,Acquisition,CG Power and Industrial Solutions Limited has informed the Exchange regarding the receipt of offer for acquisition of the Company's Power Business in USA
26-May-2017 17:44:46,Financial Result Updates,"CG Power and Industrial Solutions Limited has submitted to the Exchange, the financial results for the period ended March 31, 2017."
24-May-2017 16:41:00,Analysts/Institutional Investor Meet/Con. Call Updates,CG Power and Industrial Solutions Limited has informed the Exchange regarding Analysts/Institutional Investor Meet/Con. Call Updates
09-May-2017 15:21:00,Updates,CG Power and Industrial Solutions Limited has submitted to the Exchange a copy of newspaper clippings on Transfer of Equity Shares of the Company to Investor Education and Protection Fund (IEPF)
02-May-2017 17:09:00,Appointment of Director,"CG Power and Industrial Solutions Limited has informed the Exchange that  the Board of Directors has, vide its resolution dated May 02, 2017, appointed Mr. Jitender Balakrishnan  as an Additional Dire"
06-Apr-2017 18:21:00,Disc. under Reg.30 of SEBI (SAST) Reg.2011,"Avantha Holdings Limited has submitted to the Exchange a copy of disclosure under Regulation 30(1) and 30(2) of SEBI (Substantial Acquisition of Shares & Takeovers) Regulations, 2011."
30-Mar-2017 16:25:00,Resignation of Director,"CG Power and Industrial Solutions Limited has informed the Exchange that Mr. Shirsh Apte, Non Executive Independent Director of the Company has tendered his resignation and decided to step down from h"
07-Mar-2017 09:08:00,Updates,Crompton Greaves Limited has informed the Exchange regarding Disclosure for Signing of Share Purchase Agreement with Affair for Sale and acquisition of the Company's B2B Automation business.
03-Mar-2017 16:11:00,Analysts/Institutional Investor Meet/Con. Call Updates,Crompton  Greaves Limited has informed the Exchange regarding Analysts/Institutional Investor Meet/Con. Call Updates. as underName                         Date                                   Meetin
02-Mar-2017 16:41:00,Name and Symbol Change,CROMPGREAV: Members of the Exchange are hereby informed that the name of Crompton Greaves Limited shall be changed to CG Power and Industrial Solutions Limited and the trading symbol of the Company be
27-Feb-2017 18:43:00,Amendments to Memorandum & Articles of Association,Crompton Greaves Limited has informed the Exchange regarding Alteration of MOA & AOA consequent to change of Company name from Crompton Greaves Limited to CG Power and Industrial Solutions Limited
15-Feb-2017 12:17:00,Analysts/Institutional Investor Meet/Con. Call Updates,Crompton  Greaves Limited has informed the Exchange regarding Analysts/Institutional Investor Meet/Con. Call Updates
10-Feb-2017 17:21:18,Financial Result Updates,"Crompton  Greaves Limited has submitted to the Exchange, the financial results for the period ended December 31, 2016."
10-Feb-2017 10:24:00,Analysts/Institutional Investor Meet/Con. Call Updates,Crompton  Greaves Limited has informed the Exchange regarding Analysts/Institutional Investor Meet/Con. Call Updates
08-Feb-2017 17:53:00,Analysts/Institutional Investor Meet/Con. Call Updates,Crompton  Greaves Limited has informed the Exchange regarding Analysts/Institutional Investor Meet/Con. Call Updates
25-Jan-2017 15:49:00,Shareholders meeting,"Crompton  Greaves Limited has informed the Exchange regarding Proceedings of Postal Ballot. Further, the company has submitted the Exchange a copy of Srutinizers report along with voting results."
17-Jan-2017 13:59:00,Press Release (Revised),"Crompton Greaves Limited has informed the Exchange regarding a Revised press release dated January 17, 2017, titled ""CG Wins USD 105 Million order from PT PLN Indonesia""."
17-Jan-2017 10:50:00,Press Release,"Crompton Greaves Limited has informed the Exchange regarding Press release dated January 17, 2017 titled "" CG wins USD 115 million order from PT PLN Indonesia."""
23-Dec-2016 16:34:00,Shareholders meeting,Crompton Greaves Limited has submitted to the a Copy of the Postal Ballot Notice.
09-Dec-2016 12:57:00,Analysts/Institutional Investor Meet/Con. Call Updates,Crompton  Greaves Limited has informed the Exchange regarding Analysts/Institutional Investor Meet/Con. Call Updates
07-Dec-2016 18:36:00,Updates,Crompton Greaves Limited has informed the Exchange regarding Update on sale of Transmission & Distribution (T&D) Business Outside India.
07-Dec-2016 18:19:31,Financial Result Updates,"Crompton  Greaves Limited has submitted to the Exchange, the financial results for the period ended September 30, 2016."
07-Dec-2016 15:13:00,Analysts/Institutional Investor Meet/Con. Call Updates,Crompton  Greaves Limited has informed the Exchange regarding Analysts/Institutional Investor Meet/Con. Call Updates.
02-Dec-2016 16:29:00,Updates,Crompton Greaves Limited has informed the Exchange regarding Update on sale of transmission & Distribution ( T& D) Business outside India under Regulation 30 of SEBI(LODR) Regulation 2015.
30-Nov-2016 13:11:00,Updates,"Crompton Greaves Limited has submitted to the Exchange a copy of Newspaper Publication of Notice for the attention of equity shareholders of the Company, Transfer of Equity Shares of the Company to In"
21-Nov-2016 16:49:00,Analysts/Institutional Investor Meet/Con. Call Updates,Crompton  Greaves Limited has informed the Exchange regarding Analysts/Institutional Investor Meet/Con. Call Updates
07-Nov-2016 14:24:00,Updates,"Crompton Greaves Limited has informed the Exchange regarding ""Receipt of binding offer for acquisition of Company's B2B Automation business""."
01-Nov-2016 13:29:00,Updates,Crompton Greaves Limited has informed the Exchange regarding Update on sale of transmission & Distribution ( t & d ) business outside india.
02-Sep-2016 12:13:00,Analysts/Institutional Investor Meet/Con. Call Updates,Crompton Greaves Limited has informed the Exchange regarding the transcript of the Analysts CalL.
31-Aug-2016 18:36:00,Annual General Meeting Updates,"Crompton Greaves Limited has informed the Exchange that the shareholders of the Company have at the 79th Annual General Meeting ('AGM') held on August 30, 2016 approved appointment of M/s. Chaturvedi "
31-Aug-2016 18:17:00,Annual General Meeting Updates,"Crompton Greaves Limited has submitted to the Exchange a copy of the proceedings of the Annual General Meeting of the Company held on August 30, 2016."
31-Aug-2016 17:00:00,"Regulation 44(3) of SEBI (LODR), Reg., 2015","Crompton Greaves Limited has submitted to the Exchange a copy of the results of voting on the resolutions passed at the Annual General Meeting of the Members of the Company held on August 30, 2016 alo"
30-Aug-2016 14:50:34,Financial Result Updates,"Crompton  Greaves Limited has submitted to the Exchange the standalone & consolidated financial results along with the Limited Review Report for the period ended June 30, 2016."
01-Aug-2016 14:58:00,Updates,"Crompton Greaves Limited has informed the Exchange that a fire broke out at the Company's Transformer Office building in Kanjurmarg, Mumbai, late night on Saturday, July 30, 2016. The fire was confine"
27-Jul-2016 11:15:00,Updates,"Crompton Greaves Limited has informed the Exchange that in continuation to the previous communication letter dated July 13, 2016 on the subject captioned above, whereby the Company had informed the St"
13-Jul-2016 12:57:00,Updates,"Crompton Greaves Limited has informed the Exchange that due to unprecedented torrential heavy rains, since July 9, 2016, the Company's manufacturing facilities located at Mandideep in Madhya Pradesh h"
22-Jun-2016 11:36:00,Book Closure Updates,"Crompton Greaves Limited had informed the Exchange that the Register of Members and Share Transfer Books of the Company shall remain closed from July 16, 2016 to July 22, 2016 (both days inclusive) fo"
22-Jun-2016 11:31:00,Annual General Meeting Updates,"Crompton Greaves Limited had informed the Exchange that the Annual General Meeting of the members of the company to be held on July 22, 2016. The Company has now informed the Exchange that the Annual "
17-Jun-2016 15:34:00,Updates,Crompton Greaves Limited has informed the Exchange regarding Declaration under Reg 33(3) (b) of the SEBI (LODR) Reg 2016.
02-Jun-2016 15:04:00,Analysts Meet,Crompton Greaves Limited has informed the Exchange regarding Analyst Call - Q 4 FY 16.
27-May-2016 20:06:00,AGM/Book Closure,"Crompton Greaves Limited has informed the Exchange that the Register of Members and Share Transfer Books of the Company shall remain closed from July 16, 2016 to July 22, 2016 (both days inclusive) fo"
27-May-2016 18:49:00,Outcome of Board Meeting,"Crompton Greaves Limited has informed the Exchange regarding the Outcome of Board Meeting of the Company held on May 27, 2016."
27-May-2016 18:45:22,Financial Result Updates,"Crompton  Greaves Limited has submitted to the Exchange the standalone & consolidated financial results along with the Auditors Report for the period ended March 31, 2016."
25-May-2016 17:55:00,Updates,Crompton Greaves Limited has informed the Exchange regarding Schedule of Analyst / Investor Meeting.
09-May-2016 09:29:00,Updates,Crompton Greaves Limited has informed the Exchange about the update on sale of transmission & Distribution (T&D) Business outside India.
06-Apr-2016 12:27:00,Appointment of Director,Crompton Greaves Limited has informed the Exchange that the Board of Directors has approved the appointment of Ms. Ramni Nirula as an additional director in the capacity of a Non-Executive Independent
22-Mar-2016 16:19:00,Demerger,Crompton Greaves Limited has informed the Exchange regarding Demerger.
18-Mar-2016 11:05:00,Press Release,"Crompton Greaves Limited has informed the Exchange regarding press release dated March 17, 2016 titled ""CG wins USD 35 million order from PT PLN (Persero) Indonesia."""
14-Mar-2016 16:03:00,Resignation of Director,"Crompton Greaves Limited has informed the Exchange that Mrs Colette Lewiner, Non Executive Independent Director has intended to step down from her directorship of the Company w.e.f. March 14, 2016."
11-Mar-2016 14:05:00,Analysts Meet,"Crompton Greaves Limited has informed the Exchange vide letter dated March 11, 2016 regarding ""Analyst Call - Sale of T & D Business Outside India on March 9, 2016""."
10-Mar-2016 17:43:00,Press Release,"Crompton Greaves Limited has informed the Exchange regarding a press release dated March 10, 2016 titled ""Cofely Febricom lemants and CG win EnBW Hohe See contract."
09-Mar-2016 09:40:00,Updates,"Crompton Greaves Limited has informed the Exchange vide letter dated March 09, 2016 regarding ""Sale of Transmission & Distribution (T&D) Business Outside India""."
25-Feb-2016 14:07:00,Record Date,"Crompton Greaves Limited has informed the Exchange that the Company has fixed Record Date as March 16, 2016 for the purpose of reckoning names of the equity shareholders of the Company entitled to rec"
10-Feb-2016 16:32:00,Updates,Crompton Greaves Limited has informed the Exchange regarding Schedule of Analyst/ institutional Investor Meetings.
09-Feb-2016 17:13:00,Press Release,"Crompton Greaves Limited has informed the Exchange regarding a press release dated February 09, 21016 regarding results for the quarter ended December 2015."
05-Feb-2016 19:21:00,Updates,Crompton Greaves Limited has submitted to the Exchange the transcript of the Analyst Call - Q3 FY16.
04-Feb-2016 15:34:00,Updates,Crompton Greaves Limited has informed the Exchange the intimation under Reg 30(2) Regulation 2015 regarding the Board Meeting of Crompton Greaves Consumer Electricals Limited (CGCEL).
04-Feb-2016 09:14:00,Updates,"Crompton Greaves Limited has informed the Exchange that further to Company's communication dated February 02, 2016, intimating the receipt of binding offer for the purchase of the international power "
03-Feb-2016 18:02:00,Appointment,Crompton Greaves Limited has informed the Exchange about the Appointment of Secretarial Auditor.
02-Feb-2016 18:29:57,Financial Result Updates,"Crompton  Greaves Limited has submitted to the Exchange the standalone & consolidated financial results along with the Limited Review Report for the period ended December 31, 2015."
02-Feb-2016 18:28:00,Press Release,"Crompton Greaves Limited has informed the Exchange regarding a press release dated February 02, 2016 titled "" Senior Management Changes at Crompton Greaves ""."
27-Jan-2016 15:47:00,Press Release,"Crompton Greaves Limited has informed the Exchange regarding a press release dated January 27, 2016 titled ""CG and the CEA to explore solar market potential in India""."
18-Jan-2016 14:31:00,Press Release,"Crompton Greaves Limited has informed the Exchange regarding a press release dated January 18, 2016 titled ''CG's smart grid solutions to support the expansion of Dominican Republic's transmission net"
12-Jan-2016 16:49:00,Press Release,"Crompton Greaves Limited has informed the Exchange regarding the press release dated January 12, 2016 titled, ""CG to Power offshore wind farm in the Baltic Sea."""
12-Jan-2016 16:42:00,Press Release,"Crompton Greaves Limited has informed the Exchange regarding a press release dated January 12, 2016, titled ""CG to power offshore wind farm in the Baltic Sea""."
31-Dec-2015 13:03:00,Updates,"Crompton Greaves Limited has informed the Exchange that with reference to Company earlier letter dated November 20, 2015 informing that the Honorable High Court of Judicature at Bombay has approved th"
02-Dec-2015 18:34:00,Updates,"Crompton Greaves Limited has informed the Exchange regarding ""Determining materiality of an event or information for making disclosures to stock exchanges(s)""."
20-Nov-2015 17:07:00,Updates,"Crompton Greaves Limited has informed the Exchange that the Honorable High Court of Judicature at Bombay has on November 20, 2015, approved the Scheme of Demerger of the Consumer Products Business Uni"
29-Oct-2015 18:45:39,Financial Result Updates,Crompton  Greaves Limited has submitted to the exchange the standalone & consolidated financial results along with the Limited Review Report for the period ended 30-Sep-2015.
27-Oct-2015 13:14:00,Press Release,"Crompton Greaves Limited has informed the Exchange regarding a press release dated October 27, 2015 titled ""CG announces the sale of Canadian Power Transformer (CPT) Business to PTI Holdings Corporati"
27-Oct-2015 09:06:00,Updates,"Crompton Greaves Limited has informed the Exchange regarding the divestment of Canadian power systems business. The Committee at its meeting held on October 26, 2015 has approved the sale of Company's"
16-Oct-2015 15:55:00,Updates,"Crompton Greaves Limited has informed the Exchange that as a part of its continuous asset optimisation initiatives, the Board of Directors of the Company has approved entering into a definitive agreem"
14-Oct-2015 12:54:00,Press Release,"Crompton Greaves Limited has informed the Exchange regarding a press release dated October 14, 2015 titled ""CG presents new Smart Grid facility In Grenoble""."
08-Oct-2015 12:34:00,Press Release,"Crompton Greaves Limited has informed the Exchange regarding a press release dated October 08, 2015 titled ""CG announces the sale of CG Lucy Joint Venture for Rs. 402 million to British Company W Lucy"
08-Oct-2015 11:10:00,Updates,"Crompton Greaves Limited has informed the Exchange that the Board of Directors of the Company, has approved divestment of its investment of 600,000 equity shares of Rs.10/- each made in the year 1994 "
01-Oct-2015 13:58:00,Press Release,"Crompton Greaves Limited has informed the Exchange regarding a press release dated October 01, 2015 titled ""CG wins USD 62 millions order from PT PLN Indonesia for Power Transformers."""
29-Sep-2015 11:10:00,Press Release,"Crompton Greaves Limited has informed the Exchange regarding a Press Release dated September 29, 2015 titled ''CG wins Euro 24 million smart meters order from Spanish utility Iberdrola"""
28-Sep-2015 10:47:00,Press Release,"Crompton Greaves Limited has informed the Exchange regarding a press release dated September 28, 2015, titled ""Cg sins Euro 17Million order from Spanish utility GNF."""
07-Sep-2015 13:10:00,Press Release,"Crompton Greaves Limited has informed the Exchange regarding a press release dated September 7, 2015 titled ""CG to energise 35 million households in France""."
01-Sep-2015 14:30:00,Press Release,"Crompton Greaves Limited has informed the Exchange regarding a press release dated September 1, 2015 titled ""CG to fortify Korea's transmission network with latest Polymeric Technology""."
14-Aug-2015 11:09:00,Court Convened Meeting Updates,"Crompton Greaves Limited has informed the Exchange regarding Outcome of Court Convened Meeting of the Equity Shareholders of the Company held on August 13, 2015, pursuant to Clause 35A of the Listing "
14-Aug-2015 10:29:00,Annual General Meeting Updates,"Crompton Greaves Limited has submitted to the exchange a copy of the Proceedings of the Annual General Meeting held on July 24, 2015."
13-Aug-2015 14:47:00,Press Release,"Crompton Greaves Limited has informed the Exchange regarding a press release dated August 13, 2015 titled ""CG wins INR 300 crores orders from Power Grid for transmission equipments""."
12-Aug-2015 19:26:00,Updates,Crompton Greaves Limited has informed the Exchange that consequent to the certain unresolved disputes arising out of the Distribution Franchisee Agreement (DFA) of the Company with Maharashtra State E
03-Aug-2015 17:37:00,Appointment of Company Secretary/Compliance Officer,Crompton Greaves Limited has informed the Exchange that Mr Manoj Koul has been appointed as Company Secretary of the Company with immediate effect. Mr Manoj Koul is also appointed as Compliance office
30-Jul-2015 15:04:00,Press Release,"Crompton Greaves Limited has informed the Exchange regarding a press release dated July 30, 2015 titled ""CG to support smart grid deployment in Portugal""."
25-Jul-2015 11:26:00,Disclosure of Voting Pattern - Clause 35A,"Crompton Greaves Limited has informed the Exchange regarding Outcome of Annual General Meeting held on July 24, 2015 pursuant to Clause 35A of the Listing Agreement along with Scrutinizers report."
24-Jul-2015 14:38:20,Financial Result Updates,Crompton  Greaves Limited has submitted to the exchange the standalone & consolidated financial results along with the Limited Review Report for the period ended 30-Jun-2015.
21-Jul-2015 17:22:00,Updates,Crompton Greaves Limited has submitted to the Exchange a copy of the Corrigendum to the Annual Report 2014-15 of the Company.
16-Jul-2015 16:56:00,Press Release,"Crompton Greaves Limited has informed the Exchange regarding a press release dated July 16, 2015 titled ""CG to Provide Smart Grid Infrastructure for SEC""."
15-Jul-2015 19:00:00,Court Convened Meeting Updates,Crompton Greaves Limited has subimitted to the exchange a copy of Notice of Court Convened Meeting of the Equity Shareholders of the Company.
07-Jul-2015 16:57:00,Press Release,"Crompton Greaves Limited has informed the Exchange regarding a press release dated July 7, 2015 titled ""CG signs global supply agreement for electrical motors with Lafarge""."
06-Jul-2015 13:51:00,Press Release,"Crompton Greaves Limited has informed the Exchange regarding a press release dated July 06, 2015, titled""CG appoints Shantanu Khosla as the Head of Consumer Business""."
01-Jul-2015 08:56:00,Updates,"Crompton Greaves Limited has informed the Exchange vide letter dated June 30, 2015 Regarding Consumer BU Demerger-Disclosure From Promoter."
29-Jun-2015 14:22:00,Press Release,"Crompton Greaves Limited has informed the Exchange regarding a press release dated June 29, 2015 titled ""CG's technology to fortify electricity networks in Philippines""."
23-Jun-2015 17:30:00,Press Release,"Crompton Greaves Limited has informed the Exchange regarding a press release dated June 23, 2015 titled ""Crompton and SOGO partner to widen consumer appliances portfolio""."
01-Jun-2015 14:34:00,Press Release,"Crompton Greaves Limited has informed the Exchange regarding a press release dated June 01, 2015, titled ""CG announced as No. 1 Company in Power Equipments by Dun & Bradstreet"". "
28-May-2015 20:57:00,Outcome of Board Meeting,Crompton Greaves Limited has informed the Exchange that the Board of Directors have decided not to declare any final dividend.
28-May-2015 19:40:00,AGM/Book Closure,"Crompton Greaves Limited has informed the Exchange that the Register of Members and Share Transfer Books of the Company shall remain closed from July 18, 2015 to July 24, 2015   (both days inclusive) "
28-May-2015 19:20:00,Updates,"Crompton Greaves Limited has informed the Exchange regarding an announcement dated May 28, 2015 titled, ""Crompton Greaves Limited (CGL) Announces Receipt of Non-Binding Proposals by interested Parties"
28-May-2015 19:11:02,Financial Result Updates,Crompton  Greaves Limited has submitted to the exchange the consolidated financial results for the period ended 31-Mar-2015.
28-May-2015 19:11:00,"Code of Conduct under SEBI(PIT) Reg., 2015","Crompton Greaves Limited has informed the Exchange regarding codes under SEBI (Prohibition of Insider Trading) Regulations, 2015"
28-May-2015 18:51:02,Financial Result Updates,Crompton  Greaves Limited has submitted to the exchange the standalone financial results for the period ended 31-Mar-2015.
28-May-2015 18:50:00,Resignation of Company Secretary/Compliance Officer,"Crompton Greaves Limited has informed the Exchange that Ms. Minal Bhosale, the Company Secretary, will be resigning from the Company effective May 31, 2015. Ms. Bhosale will also resign as the Complia"
26-May-2015 15:15:00,Press Release,"Crompton Greaves Limited has informed the Exchange regarding a press release dated May 26, 2015 titled ''CG to provide smart grid solutions in Portugal''"
20-May-2015 19:31:00,Updates,Crompton Greaves Limited has informed the Exchange regarding the disclosure of Nashik Factory.
18-May-2015 16:30:00,Press Release,"Crompton Greaves Limited has informed the Exchange regarding a press release dated May 18, 2015 titled ""CG's innovative technology to power 280,000 households in Germany ""."
07-May-2015 14:54:00,Disclosure under SEBI Takeover Regulations,"Crompton Greaves Limited has submitted to the Exchange vide its letter dated May 7, 2015 a copy of disclosure under Regulation 29(2) of SEBI (Substantial Acquisition of Shares & Takeovers) Regulations"
06-May-2015 21:49:00,Disclosure under SEBI Takeover Regulations,"ICICI Prudential Asset Management Company Limited has submitted to the Exchange, vide letter dated May 6, 2015 a copy of disclosure under Regulation 29(2) of SEBI (Substantial Acquisition of Shares & "
30-Apr-2015 10:14:00,Press Release,"Crompton Greaves Limited has informed the Exchange regarding Press Release dated April 30, 2015, titled ""CG Continues to partner with ANDE to Strengthen Paraguay's electricity network""."
24-Apr-2015 15:39:00,Press Release,"Crompton Greaves Limited has informed the Exchange regarding a press release dated April 24, 2015 titled ""Advent International to lead acquisition of 34.37% of Crompton Greaves  consumer products busi"
24-Apr-2015 08:24:00,Updates,"Crompton Greaves Limited has informed the Exchange that with reference to the earlier announcement dated November 24, 2014, wherein the Company had intimated that one of the  entities of the promoter "
21-Apr-2015 13:13:00,Press Release,"Crompton Greaves Limited has informed the Exchange regarding a press release dated April 21, 2015 titled ""CG No.1 trusted brand in engineering""."
20-Apr-2015 18:24:00,News Clarification,"The Exchange has sought clarification from Crompton Greaves Limited with respect to a news item captioned ""Advent led group to buy Crompton Greaves unit for $350 million"". The Company has clarified th"
20-Apr-2015 15:12:00,News Clarification,"The Exchange has sought clarification from Crompton Greaves Limited with respect to recent news item captioned ""Advent led group to buy Crompton Greaves unit for $350 million"". In this regard, Exchang"
13-Apr-2015 15:11:00,News Clarification,"The Exchange had sought clarification from Crompton Greaves Limited with respect to recent news item captioned ""PE firms to buy 35% of Crompton Greaves unit"". In this regard, the reply from the Compan"
13-Apr-2015 14:46:00,Disclosure under SEBI Takeover Regulations,"Crompton Greaves Limited has submitted to the Exchange  vide letter dated April 13, 2015 a copy of disclosure under Regulation 29(1) of SEBI (Substantial Acquisition of Shares & Takeovers) Regulations"
13-Apr-2015 12:55:00,News Clarification,"The Exchange has sought clarification from Crompton Greaves Limited with respect to recent news item captioned ""PE firms to buy 35% of Crompton Greaves unit"". In this regard, Exchange have advised the"
10-Apr-2015 15:06:00,Disclosure under SEBI Takeover Regulations,"Reliance Capital Asset Management Limited has submitted to the Exchange  vide letter dated April 10, 2015 a copy of disclosure under Regulation 29(1) of SEBI (Substantial Acquisition of Shares & Takeo"
30-Mar-2015 11:28:00,Press Release,"Crompton Greaves Limited has informed the Exchange regarding a press release dated March 30, 2015 titled ""CG Wins INR 115 Crore order from PGCIL, India's largest transmission utility"". "
25-Mar-2015 18:40:00,Amalgamation/Merger,"Crompton Greaves Limited has informed the Exchange that the Honourable High Court of Judicature at Bombay has sanctioned the Scheme of Amalgamation of CG Energy Management Limited (""CGEML"" or ""the Tra"
24-Mar-2015 12:05:00,Press Release,"Crompton Greaves Limited has informed the Exchange regarding a press release dated March 24, 2015 titled ""CG to provide ANDE with Smart Grid infrastructure""."
17-Mar-2015 13:02:00,Press Release,"Crompton Greaves Limited has informed the Exchange regarding a press release dated March 17, 2015 titled ""CG appoints K N Neelkant as Executive Vice - President and President of Industrial Business Un"
11-Mar-2015 15:57:00,Press Release,"Crompton Greaves Limited has informed the Exchange regarding a press release dated March 11, 2015 titled ""CG to provide smart grid solutions in Saudi Arabia""."
04-Mar-2015 16:52:00,Press Release,"Crompton Greaves Limited has informed the Exchange regarding a press release dated March 04, 2015 titled ""Crompton LED's to strengthen Power Ministry's energy efficiency projects""."
04-Mar-2015 13:48:00,Updates,"Crompton Greaves Limited has informed the Exchange that on November 24, 2014, Company had informed the Stock Exchanges, that Avantha Power and Infrastructure Limited (APIL), in which CG holds an equit"
03-Mar-2015 14:09:00,Demerger,"Crompton Greaves Limited has informed the Exchange regarding the outcomes from the Meeting of Board of Directors of the Company held on March 03, 2015: Scheme of demerger of Consumer BU : A new Scheme"
23-Feb-2015 13:11:00,Press Release,"Crompton Greaves Limited has informed the Exchange regarding a press release dated February 23, 2015, titled ""CG wins USD 20 million order from PT PLN Indonesia""."
20-Feb-2015 18:26:00,Clarification,"The Exchange had sought clarification from Crompton Greaves Limited with respect to an announcement dated February 19, 2015 captioned ""Board of Directors of the Company at its meeting held on February"
19-Feb-2015 19:09:00,Clarification,"The Exchange has sought clarification from Crompton Greaves Limited with respect to an announcement dated February 19, 2015 captioned  Board of Directors of the Company at its meeting held on February"
19-Feb-2015 16:06:00,Scheme of Arrangement,"Crompton Greaves Limited has informed the Exchange that the Board of Directors at its meeting held on February 19, 2015, based on comments received from the SEBI, the Stock Exchanges and investors' fe"
16-Feb-2015 18:03:00,Press Release,"Crompton Greaves Limited has informed the Exchange regarding a press release dated February 16, 2015 titled ""CG Wins INR 119 Crore order from NTPC, India's largest generation utility""."
03-Feb-2015 17:08:00,Date of payment of dividend,"Crompton Greaves Limited has informed the Exchange that the date of payment of interim dividend will be February 18, 2015."
03-Feb-2015 17:07:02,Financial Result Updates,Crompton  Greaves Limited has submitted to the exchange the standalone & consolidated financial results along with the Limited Review Report for the period ended 31-Dec-2014.
03-Feb-2015 17:05:00,Dividend,Crompton Greaves Limited has informed the Exchange that the Board of Directors have declared an interim dividend of 20% i.e. Rs.0.40 per share.
30-Jan-2015 11:35:00,Disclosure under SEBI Takeover Regulations,"Crompton  Greaves Limited has submitted to the Exchange vide letter dated January 29, 2015 a copy of disclosure under Regulation 29(1) of SEBI (Substantial Acquisition of Shares & Takeovers) Regulatio"
28-Jan-2015 17:28:00,Date of payment of dividend,"Crompton Greaves Limited has informed the Exchange that the date of payment of dividend will be February 18, 2015."
28-Jan-2015 17:25:00,Record Date,"Crompton Greaves Limited has informed the Exchange that the Company has fixed Record Date as February 9, 2015 for the purpose of interim dividend."
27-Jan-2015 19:23:00,Disclosure under SEBI Takeover Regulations,"ICICI Prudential Asset Management Company Limited has submitted to the Exchange, vide letter dated January 27, 2015 a copy of disclosure under Regulation 29(1) of SEBI (Substantial Acquisition of Shar"
20-Jan-2015 16:51:00,Press Release,"Crompton Greaves Limited has informed the Exchange regarding a press release dated January 20, 2015, titled ""CG wins USD 26 million contract to reinforce Indonesia's grid""."
12-Jan-2015 16:23:00,Press Release,"Crompton Greaves Limited has informed the Exchange regarding a press release dated January 12, 2015 titled ""CG inks MoU with French company Arelis for supply of electronics components to Aerospace and"
