date,desc,text
10-Jul-2026 16:36:33,"Certificate under SEBI (Depositories and Participants) Regulations, 2018","Certificate under Regulation 74(5) of SEBI (Depositories and Participants) Regulations, 2018 for the quarter ended June 30, 2026"
30-Jun-2026 19:03:31,Shareholders meeting,"Dalmia Bharat Limited has submitted the Exchange a copy Srutinizers report of  Annual General Meeting held on Jun 30, 2026"
30-Jun-2026 18:42:47,Shareholders meeting,"Dalmia Bharat Limited has informed the Exchange regarding Proceedings of Annual General Meeting held on Jun 30, 2026"
26-Jun-2026 18:31:31,Trading Window,"Dalmia Bharat Limited has informed the Exchange regarding the Trading Window closure pursuant to SEBI (Prohibition of Insider Trading) Regulations, 2015"
22-Jun-2026 18:43:21,General Updates,Intimation of Schedule of Analyst/ Institutional Investor Meeting(s)
21-Jun-2026 16:38:06,Commencement of commercial production/operations,Dalmia Bharat Limited has informed the Exchange about Commencement of commercial production/operations
18-Jun-2026 12:07:39,Copy of Newspaper Publication,"Advertisement published in newspapers for Transfer of Shares to Investor Education and Protection Fund (IEPF) in compliance with the Investor Education and Protection Fund Authority (Accounting, Audit"
06-Jun-2026 11:33:07,Copy of Newspaper Publication,"Submission of Newspaper Advertisement related to 13th Annual General Meeting, RecordDate, e-voting and other related information"
05-Jun-2026 17:01:41,General Updates,"Communication to shareholders through E-mail, containing a brief note on the provisions relating to deduction of tax at source (TDS) on Dividend as per the Income Tax Act, 2025,"
05-Jun-2026 16:54:55,General Updates,Web-link of the Integrated Annual Report 2025-26 of the Company
04-Jun-2026 22:21:33,Shareholders meeting,"Dalmia Bharat Limited has informed the Exchange regarding Notice of Annual General Meeting to be held on Jun 30, 2026"
03-Jun-2026 16:05:12,Disclosure under SEBI Takeover Regulations,Y.H. Dalmia and others has Submitted to the Exchange a copy of Disclosure under Regulation 31(4) of the Securities and Exchange Board of India (Substantial Acquisition of Shares and Takeovers) Regulat
29-May-2026 19:00:43,Capacity addition,"Disclosure under Regulation 30 of the SEBI (Listing Obligations and DisclosureRequirements) Regulations, 2015 ( Listing Regulations )   Update on Capacity Addition"
29-May-2026 12:13:38,Copy of Newspaper Publication,"Submission of Newspaper Advertisement related to Annual General Meeting, Record Dateand other related information"
23-May-2026 18:25:43,Updates,"Dalmia Bharat Limited has informed the Exchange regarding 'Convening of the 13th Annual General Meeting ( AGM ) of the Company on Tuesday, June 30, 2026 at 11:30 A.M. (IST) through Video Conferencing "
23-May-2026 18:18:16,Change in Auditors,Dalmia Bharat Limited has informed the Exchange regarding Change in Auditors of the company.
23-May-2026 18:09:46,Record Date,Dalmia Bharat Limited has informed the Exchange that Record date for the purpose of Dividend  is 23-Jun-2026.
23-May-2026 17:37:37,Outcome of Board Meeting,"Dalmia Bharat Limited has informed the Exchange regarding Outcome of Board Meeting held on May 23, 2026."
22-May-2026 01:10:55,Press Release,"Dalmia Bharat Limited has informed the Exchange regarding a press release dated May 22, 2026, titled ""Press Release on Execution of Business Transfer Agreement to acquire 5.2 MnTPA Cement capacity in "
22-May-2026 00:59:33,Capacity addition,"Disclosure under Regulation 30 of the SEBI (Listing Obligations and Disclosure Requirements) Regulations, 2015 ( Listing Regulations )   Capacity Addition"
11-May-2026 17:02:07,General Updates,Intimation of Schedule of Analyst/ Institutional Investor Meeting(s)
08-May-2026 15:27:56,General Updates,Dalmia Bharat Limited has informed the Exchange about General Updates
01-May-2026 18:22:20,General Updates,"Disclosure under Regulation 30 of the SEBI (Listing Obligations and Disclosure Requirements) Regulations, 2015 ( Listing Regulations )"
01-May-2026 12:17:00,Analysts/Institutional Investor Meet/Con. Call Updates,Dalmia Bharat Limited has informed the Exchange about Transcript  of Q4 FY26 - Earnings Conference Call
29-Apr-2026 22:19:16,Acquisition,Dalmia Bharat Limited has informed the Exchange about Acquisition
28-Apr-2026 14:32:24,General Updates,Dalmia Bharat Limited has informed the Exchange about General Updates. Earnings Release / Investor Presentation   Q4 FY26 and FY26
28-Apr-2026 14:30:52,Press Release,"Dalmia Bharat Limited has informed the Exchange regarding a press release dated April 28, 2026, titled ""Press Release on Audited Financial Results for the quarter and year ended March 31, 2026""."
28-Apr-2026 14:22:48,Outcome of Board Meeting,"Dalmia Bharat Limited has submitted to the Exchange, the financial results for the period ended March 31, 2026."
23-Apr-2026 18:36:55,Analysts/Institutional Investor Meet/Con. Call Updates,Dalmia Bharat Limited has informed the Exchange about Schedule of meet
22-Apr-2026 08:44:27,General Updates,"Disclosure under Regulation 30 of the SEBI (Listing Obligations and Disclosure Requirements) Regulations, 2015 ( Listing Regulations )   Release of attached properties of the Dalmia Cement (Bharat) Li"
16-Apr-2026 18:53:07,Analysts/Institutional Investor Meet/Con. Call Updates,Dalmia Bharat Limited has informed the Exchange about Schedule of meet
07-Apr-2026 16:35:24,"Certificate under SEBI (Depositories and Participants) Regulations, 2018","Certificate under Regulation 74(5) of SEBI (Depositories and Participants) Regulations, 2018 for the quarter ended March 31, 2026"
29-Mar-2026 19:36:47,Updates,Dalmia Bharat Limited has informed the Exchange regarding 'General update'.
26-Mar-2026 23:09:48,General Updates,Dalmia Bharat Limited has informed the Exchange about General Updates
26-Mar-2026 18:46:33,Trading Window,"Dalmia Bharat Limited has informed the Exchange regarding the Trading Window closure pursuant to SEBI (Prohibition of Insider Trading) Regulations, 2015"
20-Mar-2026 19:00:50,Acquisition,Dalmia Bharat Limited has informed the Exchange about Acquisition.
11-Mar-2026 21:58:25,General Updates,Dalmia Bharat Limited has informed the Exchange about General Updates
03-Mar-2026 13:19:06,General Updates,Intimation of Schedule of Analyst/ Institutional Investor Meeting(s)
02-Feb-2026 15:04:31,General Updates,Intimation of Schedule of Analyst/ Institutional Investor Meeting(s)
23-Jan-2026 16:28:01,Updates,Dalmia Bharat Limited has informed the Exchange regarding 'Update   Re-submission of Legible/Machine-Readable copy of Unaudited FinancialResults (Standalone & Consolidated) ( Results ) for the quarter
23-Jan-2026 16:17:40,Analysts/Institutional Investor Meet/Con. Call Updates,Dalmia Bharat Limited has informed the Exchange about Transcript of Q3 FY26- Earnings Conference Call
21-Jan-2026 15:01:05,Press Release,"Dalmia Bharat Limited has informed the Exchange regarding a press release dated January 21, 2026, titled ""Press Release on Unaudited Financial Results for the quarter and nine monthsended December 31,"
21-Jan-2026 14:56:29,General Updates,Dalmia Bharat Limited has informed the Exchange about General Updates. Earnings Release / Investor Presentation   Q3 & 9M FY26
21-Jan-2026 14:42:46,Outcome of Board Meeting,"Dalmia Bharat Limited has submitted to the Exchange, the financial results for the period ended December 31, 2025."
20-Jan-2026 19:22:13,Commencement of commercial production/operations,"Disclosure under Regulation 30 of SEBI (Listing Obligations and Disclosure Requirements) Regulations, 2015 ( Listing Regulations )   Update on Capacity Expansion"
19-Jan-2026 17:34:47,Credit Rating,Dalmia Bharat Limited has informed the Exchange about Credit Rating
16-Jan-2026 22:45:22,Sale or disposal,"Regulation 30 of SEBI (Listing Obligations and Disclosure Requirements) Regulations, 2015 ( Listing Regulations )   Disposal of stake in an Associate"
16-Jan-2026 18:00:27,Analysts/Institutional Investor Meet/Con. Call Updates,"In reference to our intimation dated January 13, 2026, and pursuant to Regulation 30 read with Part A of Schedule III of the SEBI (Listing Obligations and Disclosure Requirements) Regulations, 2015, w"
14-Jan-2026 21:20:41,Acquisition,"Regulation 30 of SEBI (Listing Obligations and Disclosure Requirements) Regulations, 2015 ( Listing Regulations )   Update on Acquisition"
13-Jan-2026 17:21:48,Analysts/Institutional Investor Meet/Con. Call Updates,"Pursuant to the provisions of Regulation 30 read with Part A of Schedule III of the SEBI (Listing Obligations and Disclosure Requirements) Regulations, 2015, we wish to inform that an investors/analys"
08-Jan-2026 15:04:54,"Certificate under SEBI (Depositories and Participants) Regulations, 2018","Certificate under Regulation 74(5) of SEBI (Depositories and Participants) Regulations, 2018 for the quarter ended December 31, 2025"
01-Jan-2026 16:38:49,General Updates,Dalmia Bharat Limited has informed the Exchange about General Updates
28-Dec-2025 12:11:36,General Updates,Dalmia Bharat Limited has informed the Exchange about General Updates
26-Dec-2025 16:02:26,Trading Window,"Dalmia Bharat Limited has informed the Exchange regarding the Trading Window closure pursuant to SEBI (Prohibition of Insider Trading) Regulations, 2015"
23-Dec-2025 18:40:49,Updates,Dalmia Bharat Limited has informed the Exchange regarding 'Allotment of equity shares upon exercise of stock options'.
12-Dec-2025 18:13:34,General Updates,Dalmia Bharat Limited has informed the Exchange about General Updates. Pls find schedule of Analysts Meetings to be attended by Company management
30-Nov-2025 21:23:07,General Updates,Dalmia Bharat Limited has informed the Exchange about General Updates. Clarification on media reports.
30-Nov-2025 16:59:03,General Updates,Dalmia Bharat Limited has informed the Exchange about General Updates
29-Nov-2025 19:07:50,General Updates,Dalmia Bharat Limited has informed the Exchange about General Updates
21-Nov-2025 15:56:24,General Updates,"Disclosure under Regulation 30 of the SEBI (Listing Obligations and Disclosure Requirements) Regulations, 2015 ( Listing Regulations ) - Update"
07-Nov-2025 11:13:33,General Updates,Dalmia Bharat Limited has informed the Exchange about General Updates :  Investor Presentation   Q2 FY26
06-Nov-2025 17:34:51,General Updates,Dalmia Bharat Limited has informed the Exchange about General Updates : Intimation of Schedule of Analyst/ Institutional Investor Meeting(s)
27-Oct-2025 22:05:31,Acquisition,Dalmia Bharat Limited has informed the Exchange about Acquisition
23-Oct-2025 20:08:45,General Updates,Dalmia Bharat Limited has informed the Exchange about General Updates
22-Oct-2025 17:20:35,Analysts/Institutional Investor Meet/Con. Call Updates,Dalmia Bharat Limited has informed the Exchange about Transcript
17-Oct-2025 18:58:31,Acquisition,Dalmia Bharat Limited has informed the Exchange about Acquisition
17-Oct-2025 18:38:00,General Updates,"Disclosure under Regulation 30 of the SEBI (Listing Obligations and Disclosure Requirements) Regulations, 2015 ( Listing Regulations )"
17-Oct-2025 13:11:09,Record Date,Dalmia Bharat Limited has informed the Exchange that Record date for the purpose of Dividend  is 25-Oct-2025.
17-Oct-2025 13:03:45,General Updates,Dalmia Bharat Limited has informed the Exchange about Earnings Release / Investor Presentation   Q2 & H1 FY26
17-Oct-2025 12:52:45,Press Release,"Dalmia Bharat Limited has informed the Exchange regarding a press release dated October 17, 2025, titled ""Press Release on Unaudited Financial Results for the quarter and half year ended September 30,"
17-Oct-2025 12:50:56,Dividend,"Dalmia Bharat Limited has informed the Exchange that Board of Directors at its meeting held on October 17, 2025, declared Interim Dividend of Rs. 4 per equity share."
17-Oct-2025 12:47:03,Outcome of Board Meeting,"Outcome of Board Meeting held on October 17, 2025"
14-Oct-2025 16:18:51,Rumour Verification - Regulation 30(11),Dalmia Bharat Limited has informed the Exchange about Rumour Verification - Regulation 30(11)
09-Oct-2025 15:39:45,Copy of Newspaper Publication,Dalmia Bharat Limited has informed the Exchange about Copy of Newspaper Publication
08-Oct-2025 18:36:15,Analysts/Institutional Investor Meet/Con. Call Updates,Dalmia Bharat Limited has informed the Exchange about Schedule of meet
07-Oct-2025 16:06:51,"Certificate under SEBI (Depositories and Participants) Regulations, 2018","Dalmia Bharat Limited has informed the Exchange about Certificate under SEBI (Depositories and Participants) Regulations, 2018"
29-Sep-2025 15:40:00,Change in Management,"Dalmia Bharat Limited has informed the Exchange about change in Management Mr. Anirudh Tara has been appointed as the Chief Strategy Officer (CSO) of the Company with effect from today, i.e. September"
26-Sep-2025 15:37:20,Trading Window,"Dalmia Bharat Limited has informed the Exchange regarding the Trading Window closure pursuant to SEBI (Prohibition of Insider Trading) Regulations, 2015"
24-Sep-2025 17:42:42,Action(s) initiated or orders passed,Dalmia Bharat Limited has informed the Exchange about Action(s) initiated or orders passed
18-Sep-2025 22:02:35,General Updates,"Dalmia Bharat Limited has informed the Exchange about General Updates, regarding receipt of approval of Stock Exchanges for Reclassification of a shareholder from  Promoter and Promoter Group  categor"
17-Sep-2025 13:36:50,Copy of Newspaper Publication,Dalmia Bharat Limited has informed the Exchange about Newspaper Advertisement regarding opening of Special Window for re-lodgement oftransfer requests of physical shares
08-Sep-2025 15:46:45,General Updates,Dalmia Bharat Limited has informed the Exchange about General Updates. The management of the Company shall attend the Conference/ Investor Meeting(s) as per intimation attached.
26-Aug-2025 22:35:16,General Updates,Dalmia Bharat Limited has informed the Exchange about General Updates. Management of the Company shall attend the Conference/ Investor Meeting(s) as per intimation.
12-Aug-2025 15:37:11,Credit Rating,Dalmia Bharat Limited has informed the Exchange about Credit Rating
12-Aug-2025 10:36:03,General Updates,Dalmia Bharat Limited has informed the Exchange about Investor Presentation   Q1 FY26
11-Aug-2025 21:19:07,General Updates,Dalmia Bharat Limited has informed the Exchange about Intimation of Schedule of Analyst/ Institutional Investor Meeting(s)
08-Aug-2025 11:08:24,General Updates,Dalmia Bharat Limited has informed the Exchange about General Updates
25-Jul-2025 14:26:22,Analysts/Institutional Investor Meet/Con. Call Updates,Dalmia Bharat Limited has informed the Exchange about Transcript
24-Jul-2025 21:34:14,General Updates,Dalmia Bharat Limited has informed the Exchange about General Updates
23-Jul-2025 18:56:28,General Updates,Dalmia Bharat Limited has informed the Exchange about General Updates
23-Jul-2025 17:21:13,General Updates,Dalmia Bharat Limited has informed the Exchange about General Updates Earnings Release / Investor Presentation   Q1 FY26
22-Jul-2025 19:41:11,Capacity addition,Dalmia Bharat Limited has informed the Exchange about Capacity addition
22-Jul-2025 19:05:25,General Updates,Dalmia Bharat Limited has informed the Exchange about General Updates. Earnings Release / Investor Presentation   Q1 FY26
22-Jul-2025 18:46:51,Press Release,"Dalmia Bharat Limited has informed the Exchange regarding a press release dated July 22, 2025, titled ""Press Release on Unaudited Financial Results for the quarter ended June 30, 2025""."
22-Jul-2025 18:38:36,General Updates,"Dalmia Bharat Limited has informed the Exchange about General Updates. Please find enclosed herewith Earnings Release   Q1 FY26, which is proposed to be shared with Analysts / Investors."
22-Jul-2025 18:25:30,Outcome of Board Meeting,"Dalmia Bharat Limited has submitted to the Exchange, the financial results for the period ended Jun 30, 2025."
18-Jul-2025 22:56:54,Credit Rating- Revision,"Dalmia Bharat Limited has informed the Exchange about Credit Rating- Revision.  ICRA ESG Ratings Limited (ICRA), a SEBI registered Category-I ESG Rating Provider, has upgraded the ESG rating assigned "
15-Jul-2025 16:28:35,Analysts/Institutional Investor Meet/Con. Call Updates,"Pursuant to the provisions of Regulation 30 read with Part A of Schedule III of the SEBI (Listing Obligations and Disclosure Requirements) Regulations, 2015, we wish to inform that an investors/analys"
12-Jul-2025 20:54:23,General Updates,Dalmia Bharat Limited has informed the Exchange about General Updates
09-Jul-2025 13:40:32,"Certificate under SEBI (Depositories and Participants) Regulations, 2018","Dalmia Bharat Limited has informed the Exchange about Certificate under Regulation 74(5) of SEBI (Depositories and Participants) Regulations, 2018 for the quarter ended June 30, 2025"
08-Jul-2025 16:55:58,General Updates,Dalmia Bharat Limited has informed the Exchange about General Updates. Receipt of approval of Stock Exchanges for Reclassification of certain shareholders from  Promoter and Promoter Group  category t
04-Jul-2025 19:04:19,Rumour Verification - Regulation 30(11),Dalmia Bharat Limited has informed the Exchange about Rumour Verification - Regulation 30(11)
03-Jul-2025 18:54:17,General Updates,Dalmia Bharat Limited has informed the Exchange about General Updates. Intimation of receipt of request for re-classification from  Promoter and Promoter Group  category to  Public  category sharehold
30-Jun-2025 19:25:45,Shareholders meeting,"Dalmia Bharat Limited has submitted the Exchange a copy Srutinizers report of  Annual General Meeting held on Jun 30, 2025"
30-Jun-2025 17:46:35,Shareholders meeting,"Dalmia Bharat Limited has informed the Exchange regarding Proceedings of Annual General Meeting held on Jun 30, 2025"
27-Jun-2025 18:23:23,Trading Window,"Dalmia Bharat Limited has informed the Exchange regarding the Trading Window closure pursuant to SEBI (Prohibition of Insider Trading) Regulations, 2015"
24-Jun-2025 16:59:06,General Updates,Dalmia Bharat Limited has informed the Exchange about General Updates
19-Jun-2025 15:19:08,Disclosure under SEBI Takeover Regulations,Y.H. Dalmia & Others has Submitted to the Exchange a copy of Disclosure under Regulation 31(4) of the Securities and Exchange Board of India (Substantial Acquisition of Shares and Takeovers) Regulatio
18-Jun-2025 23:38:55,Analysts/Institutional Investor Meet/Con. Call Updates,Dalmia Bharat Limited has informed the Exchange about Schedule of meet
18-Jun-2025 20:25:44,Disclosure under SEBI Takeover Regulations,Keshav Power Limited has submitted to the Exchange a copy of Disclosures under Regulation 10(6)-Report to stock Exchange in respect of any acquisition made in reliance upon exemption provided for in r
13-Jun-2025 11:02:49,General Updates,Dalmia Bharat Limited has informed the Exchange about General Updates
11-Jun-2025 11:53:29,General Updates,Dalmia Bharat Limited has informed the Exchange about General Updates
07-Jun-2025 23:16:52,General Updates,"Dalmia Bharat Limited has informed the Exchange about General Updates. Pursuant to Regulation 30 of the SEBI Listing Regulations, we wish to inform that the Company has today, i.e. on June 7, 2025, se"
07-Jun-2025 15:13:47,Copy of Newspaper Publication,Dalmia Bharat Limited has informed the Exchange about Copy of Newspaper Publication
06-Jun-2025 15:58:31,Pendency of Litigation(s)/dispute(s) or the outcome impacting the Company,Dalmia Bharat Limited has informed the Exchange about Pendency of Litigation(s)/dispute(s) or the outcome impacting the Company
05-Jun-2025 22:10:29,General Updates,Dalmia Bharat Limited has informed the Exchange about General Updates
05-Jun-2025 22:06:48,Record Date,Dalmia Bharat Limited has informed the Exchange that Record date for the purpose of Dividend & Meeting  is 23-Jun-2025.
05-Jun-2025 22:03:53,General Updates,Dalmia Bharat Limited has informed the Exchange about General Updates
05-Jun-2025 21:54:27,Shareholders meeting,"Dalmia Bharat Limited has informed the Exchange regarding Notice of Annual General Meeting to be held on Jun 30, 2025"
03-Jun-2025 13:22:31,Copy of Newspaper Publication,"Dalmia Bharat Limited has informed the Exchange about Submission of Newspaper Advertisement related to Annual General Meeting, Record Date and other related information"
30-May-2025 18:39:17,Record Date,Dalmia Bharat Limited has informed the Exchange that Record date for the purpose of Dividend  is 23-Jun-2025.
30-May-2025 18:28:54,Change in Management,Dalmia Bharat Limited has informed the Exchange about appointment of Senior Management Personnel and recommendation for appointment of Secretarial Auditor
30-May-2025 18:19:19,Outcome of Board Meeting,"Outcome of Board Meeting held on May 30, 2025"
30-May-2025 18:09:26,General Updates,Dalmia Bharat Limited has informed the Exchange about Update on Income Tax case
27-May-2025 15:06:07,Rumour Verification - Regulation 30(11),Dalmia Bharat Limited has informed the Exchange about Rumour Verification - Regulation 30(11)
26-May-2025 16:30:34,General Updates,Dalmia Bharat Limited has informed the Exchange about Intimation of Schedule of Analyst/ Institutional Investor Meeting(s)
23-May-2025 18:57:05,General Updates,"Dalmia Bharat Limited has informed the Exchange about  disclosure under Regulation 30 of the SEBI (Listing Obligations and Disclosure Requirements) Regulations, 2015 ( Listing Regulations )"
15-May-2025 19:03:57,General Updates,Dalmia Bharat Limited has informed the Exchange about  Investor Presentation   Q4 FY25
03-May-2025 12:10:44,General Updates,Dalmia Bharat Limited has informed the Exchange about General Updates. The management of the Company shall attend the Conferences/ Investor Meetings as per the intimation.
01-May-2025 18:36:22,General Updates,"Dalmia Bharat Limited has informed the Exchange about Disclosure under Regulation 30 of the SEBI (Listing Obligations and DisclosureRequirements) Regulations, 2015 ( Listing Regulations )"
26-Apr-2025 13:24:54,Analysts/Institutional Investor Meet/Con. Call Updates,Dalmia Bharat Limited has informed the Exchange about Transcript
23-Apr-2025 19:34:55,General Updates,Dalmia Bharat Limited has informed the Exchange about Earnings Release / Investor Presentation   Q4FY25 and FY25
23-Apr-2025 19:25:52,Press Release,"Dalmia Bharat Limited has informed the Exchange regarding a press release dated April 23, 2025, titled ""Press Release on Financial Results for the quarter and year ended March 31, 2025""."
23-Apr-2025 19:14:38,Outcome of Board Meeting,"Dalmia Bharat Limited has informed the Exchange regarding Outcome of Board Meeting held on April 23, 2025."
22-Apr-2025 22:20:48,Pendency of Litigation(s)/dispute(s) or the outcome impacting the Company,Dalmia Bharat Limited has informed the Exchange about  update on litigation.
19-Apr-2025 11:41:45,General Updates,Dalmia Bharat Limited has informed the Exchange about General Updates
16-Apr-2025 18:48:26,Action(s) initiated or orders passed,Dalmia Bharat Limited has informed the Exchange about Action(s) initiated or orders passed
16-Apr-2025 11:16:42,Analysts/Institutional Investor Meet/Con. Call Updates,"Dalmia Bharat Limited has informed the Exchange about Schedule of meet on the Audited Standalone and Consolidated Financial Results of the Company for the quarter and year ended March 31, 2025."
09-Apr-2025 15:05:40,"Certificate under SEBI (Depositories and Participants) Regulations, 2018","Dalmia Bharat Limited has informed the Exchange about Certificate under SEBI (Depositories and Participants) Regulations, 2018"
05-Apr-2025 15:06:51,General Updates,Dalmia Bharat Limited has informed the Exchange about General Updates
03-Apr-2025 15:28:48,General Updates,"Dalmia Bharat Limited has informed the Exchange about General Updates.Please find enclosed herewith Investor Presentation - April 2025, which is proposed to be shared with Analysts/ Investors."
03-Apr-2025 14:12:26,General Updates,Dalmia Bharat Limited has informed the Exchange about General Updates
30-Mar-2025 21:10:16,Commencement of commercial production/operations,Dalmia Bharat Limited has informed the Exchange about Commencement of Commercial Production.
29-Mar-2025 15:19:09,Action(s) taken or orders passed,"Dalmia Bharat Limited has informed the Exchange about Action(s) taken or orders passed, pertaining to Cautionary E-mails received from Stock Exchanges."
24-Mar-2025 17:34:56,Trading Window,"Dalmia Bharat Limited has informed the Exchange regarding the Trading Window closure pursuant to SEBI (Prohibition of Insider Trading) Regulations, 2015"
18-Mar-2025 18:53:29,General Updates,Dalmia Bharat Limited has informed the Exchange about Schedule of Analyst/ Institutional Investor Meeting(s).
17-Mar-2025 22:24:28,Cessation,Dalmia Bharat Limited has informed the Exchange regarding cessation of Mr. Rajiv Bansal as President & Chief Transformation Officer and Senior Management Personnel of the Company effective from the cl
15-Mar-2025 18:38:00,Press Release,"Dalmia Bharat Limited has informed the Exchange regarding a press release dated March 15, 2025, titled ""Dalmia Bharat Commences Commercial Production of its New Grinding Unit of 2.4 MTPA at Lanka, Ass"
15-Mar-2025 18:25:35,Commencement of commercial production/operations,"Dalmia Bharat Limited has informed the Exchange about Commencement of commercial production/operations. We are pleased to inform you that today, i.e. on March 15, 2025, Dalmia Cement (North East) Limi"
13-Mar-2025 11:53:11,Rumour Verification - Regulation 30(11),Dalmia Bharat Limited has informed the Exchange about Rumour Verification - Regulation 30(11)
13-Mar-2025 09:46:00,Updates,"Dalmia Bharat Limited has informed the Exchange regarding 'Approval of Scheme of Arrangement between Vinay Cement Limited and Dalmia Cement (North East) Limited, subsidiaries of Dalmia Bharat Limited'"
05-Mar-2025 21:55:52,Acquisition,Dalmia Bharat Limited has informed the Exchange about Acquisition
28-Feb-2025 19:20:53,Press Release,"Dalmia Bharat Limited has informed the Exchange regarding a press release dated February 28, 2025, titled ""Press Release and Presentation on Capacity addition.""."
28-Feb-2025 19:10:19,General Updates,Dalmia Bharat Limited has informed the Exchange about General Updates -Capacity Addition
26-Feb-2025 12:03:05,General Updates,Dalmia Bharat Limited has informed the Exchange about General Updates
25-Feb-2025 18:53:23,General Updates,Dalmia Bharat Limited has informed the Exchange about General Updates
15-Feb-2025 12:35:00,General Updates,Dalmia Bharat Limited has informed the Exchange about General Updates
12-Feb-2025 18:32:19,General Updates,Dalmia Bharat Limited has informed the Exchange about General Updates
11-Feb-2025 18:38:10,General Updates,Dalmia Bharat Limited has informed the Exchange about General Updates
06-Feb-2025 19:11:21,General Updates,Dalmia Bharat Limited has informed the Exchange about General Updates. The management of the Company shall attend the Conference/ Investor Meeting(s) as per the attached intimation.
06-Feb-2025 19:02:25,General Updates,"Dalmia Bharat Limited has informed the Exchange about General Updates. Please find enclosed herewith Investor Presentation - February 2025, which is proposed to be shared with Analysts/ Investors."
06-Feb-2025 15:43:15,General Updates,Dalmia Bharat Limited has informed the Exchange about General Updates
31-Jan-2025 22:59:28,General Updates,Dalmia Bharat Limited has informed the Exchange about General Updates
27-Jan-2025 18:02:10,General Updates,Dalmia Bharat Limited has informed the Exchange about General Updates
24-Jan-2025 13:48:39,Analysts/Institutional Investor Meet/Con. Call Updates,Dalmia Bharat Limited has informed the Exchange about Transcript
21-Jan-2025 17:35:24,Integrated Filing- Financial,Integrated filing financials
21-Jan-2025 17:31:37,Updates,Dalmia Bharat Limited has informed the Exchange regarding 'Investor Presentation'.
21-Jan-2025 17:14:04,Financial Result Updates," Dalmia Bharat Limited has submitted to the Exchange, the financial results for the period ended December 31, 2024."
18-Jan-2025 12:28:37,Credit Rating,Dalmia Bharat Limited has informed the Exchange about Credit Rating
17-Jan-2025 18:18:20,General Updates,Dalmia Bharat Limited has informed the Exchange about acquisition
14-Jan-2025 19:25:05,Analysts/Institutional Investor Meet/Con. Call Updates,Dalmia Bharat Limited has informed the Exchange about Schedule of meet
10-Jan-2025 10:14:52,General Updates,Dalmia Bharat Limited has informed the Exchange about General Updates
08-Jan-2025 17:05:49,"Certificate under SEBI (Depositories and Participants) Regulations, 2018","Dalmia Bharat Limited has informed the Exchange about Certificate under SEBI (Depositories and Participants) Regulations, 2018"
25-Dec-2024 14:50:58,Trading Window,"Dalmia Bharat Limited has informed the Exchange regarding the Trading Window closure pursuant to SEBI (Prohibition of Insider Trading) Regulations, 2015"
22-Dec-2024 12:39:05,General Updates,Dalmia Bharat Limited has informed the Exchange about General Updates
20-Dec-2024 22:00:29,Change in Management,Dalmia Bharat Limited has informed the Exchange about change in Senior Management  Personnel of the Company
05-Dec-2024 11:54:05,Options to purchase securities,Dalmia Bharat Limited has informed the Exchange about Options to purchase securities
04-Dec-2024 00:09:37,Action(s) taken or orders passed,Dalmia Bharat Limited has informed the Exchange about Action(s) taken or orders passed
02-Dec-2024 17:50:30,Analysts/Institutional Investor Meet/Con. Call Updates,Dalmia Bharat Limited has informed the Exchange about Schedule of meet
13-Nov-2024 18:20:13,Loss of Share Certificates,Dalmia Bharat Limited has informed the Exchange about Loss of Share Certificates
09-Nov-2024 15:59:48,Loss of Share Certificates,Dalmia Bharat Limited has informed the Exchange about Loss of Share Certificates
07-Nov-2024 17:06:41,Analysts/Institutional Investor Meet/Con. Call Updates,Dalmia Bharat Limited has informed the Exchange about Schedule of meet
07-Nov-2024 17:06:41,Analysts/Institutional Investor Meet/Con. Call Updates,Dalmia Bharat Limited has informed the Exchange about Schedule of meet
06-Nov-2024 15:31:45,Options to purchase securities,Dalmia Bharat Limited has informed the Exchange about Options to purchase securities
05-Nov-2024 20:20:43,Investor Presentation,Dalmia Bharat Limited has informed the Exchange about Investor Presentation
31-Oct-2024 18:06:42,General Updates,Dalmia Bharat Limited has informed the Exchange about General Updates
25-Oct-2024 16:58:51,Updates,Dalmia Bharat Limited has informed the Exchange regarding 'Machine Readable / Legible copy of financial results'.
25-Oct-2024 16:45:20,Loss of Share Certificates,Dalmia Bharat Limited has informed the Exchange about Loss of Share Certificates
24-Oct-2024 22:49:43,General Updates,Dalmia Bharat Limited has informed the Exchange about Acquisition
22-Oct-2024 18:32:52,Analysts/Institutional Investor Meet/Con. Call Updates,Dalmia Bharat Limited has informed the Exchange about Transcript
21-Oct-2024 15:56:54,General Updates,"Audio Recording of Earnings Call held for Unaudited Financial Results (Consolidatedand Standalone) for the quarter and half year ended September 30, 2024."
21-Oct-2024 15:54:45,General Updates,"copy of newspaperpublication of un-audited financial results of the Company for the quarter & half year endedSeptember 30, 2024, published in Financial Express (English-all editions-National) and Dina"
19-Oct-2024 19:16:25,Investor Presentation,Dalmia Bharat Limited has informed the Exchange about Investor Presentation
19-Oct-2024 17:08:16,Press Release,"Dalmia Bharat Limited has informed the Exchange regarding a press release dated October 19, 2024, titled ""Press Release on unaudited financial results of the Company for the quarter and half year ende"
19-Oct-2024 16:58:45,Financial Result Updates," Dalmia Bharat Limited has submitted to the Exchange, the financial results for the period ended September 30, 2024."
19-Oct-2024 16:57:35,Dividend,"Dalmia Bharat Limited has informed the Exchange that Board of Directors at its meeting held on October 19, 2024, declared Interim Dividend of 4 per equity share."
10-Oct-2024 18:08:55,Analysts/Institutional Investor Meet/Con. Call Updates,Dalmia Bharat Limited has informed the Exchange about Schedule of meet
10-Oct-2024 17:50:16,Loss of Share Certificates,Dalmia Bharat Limited has informed the Exchange about Loss of Share Certificates
10-Oct-2024 17:09:38,Action(s) taken or orders passed,Dalmia Bharat Limited has informed the Exchange about Action(s) taken or orders passed
10-Oct-2024 16:50:24,"Certificate under SEBI (Depositories and Participants) Regulations, 2018","Dalmia Bharat Limited has informed the Exchange about Certificate under SEBI (Depositories and Participants) Regulations, 2018"
01-Oct-2024 22:30:21,General Updates,Dalmia Bharat Limited has informed the Exchange about General Updates
28-Sep-2024 18:38:47,Pendency of Litigation(s)/dispute(s) or the outcome impacting the Company,Dalmia Bharat Limited has informed the Exchange about Pendency of Litigation(s)/dispute(s) or the outcome impacting the Company
27-Sep-2024 15:57:33,Trading Window,"Dalmia Bharat Limited has informed the Exchange regarding the Trading Window closure pursuant to SEBI (Prohibition of Insider Trading) Regulations, 2015"
18-Sep-2024 21:25:15,Acquisition,Dalmia Bharat Limited has informed the Exchange about Acquisition
12-Sep-2024 17:00:46,Loss of Share Certificates,Dalmia Bharat Limited has informed the Exchange about Loss of Share Certificates
03-Sep-2024 22:31:03,Acquisition,Dalmia Bharat Limited has informed the Exchange about Acquisition
01-Sep-2024 12:35:00,Updates,"Dalmia Bharat Limited has informed the Exchange regarding 'Disclosure under Regulation 30 of the SEBI (Listing Obligations and Disclosure Requirements) Regulations, 2015 ( Listing Regulations )'."
31-Aug-2024 13:03:54,Updates,"Dalmia Bharat Limited has informed the Exchange regarding 'Disclosure under Regulation 30 of the SEBI (Listing Obligations and DisclosureRequirements) Regulations, 2015 ( Listing Regulations )'."
30-Aug-2024 17:32:02,Updates,Dalmia Bharat Limited has informed the Exchange regarding 'Announcement under Regulation 30'.
29-Aug-2024 14:38:25,Updates,Dalmia Bharat Limited has informed the Exchange regarding 'Announcement under Regulation 30 of SEBI Listing Regulations'.
28-Aug-2024 18:03:13,Updates,Dalmia Bharat Limited has informed the Exchange regarding 'Announcement under Regulation 30 of SEBI Listing Regulations'.
28-Aug-2024 17:54:56,Loss of Share Certificates,Dalmia Bharat Limited has informed the Exchange about Loss of Share Certificates
28-Aug-2024 13:27:40,Analysts/Institutional Investor Meet/Con. Call Updates,Dalmia Bharat Limited has informed the Exchange about Schedule of meet
27-Aug-2024 17:12:15,Loss of Share Certificates,Dalmia Bharat Limited has informed the Exchange about Loss of Share Certificates
24-Aug-2024 17:45:28,Updates,"Dalmia Bharat Limited has informed the Exchange regarding 'Disclosure under Regulation 30 of the SEBI (Listing Obligations and Disclosure Requirements) Regulations, 2015'."
23-Aug-2024 18:24:32,Updates,"Dalmia Bharat Limited has informed the Exchange regarding 'Disclosure under Regulation 30 of the SEBI (Listing Obligations and Disclosure Requirements) Regulations, 2015'."
22-Aug-2024 21:58:02,Acquisition,Dalmia Bharat Limited has informed the Exchange about Acquisition
14-Aug-2024 14:54:03,Investor Presentation,Dalmia Bharat Limited has informed the Exchange about Investor Presentation
11-Aug-2024 15:42:11,Updates,Dalmia Bharat Limited has informed the Exchange regarding 'Announcement under Regulation 30- SEBI LODR'.
08-Aug-2024 20:44:49,Analysts/Institutional Investor Meet/Con. Call Updates,Dalmia Bharat Limited has informed the Exchange about Schedule of meet
08-Aug-2024 20:44:49,Analysts/Institutional Investor Meet/Con. Call Updates,Dalmia Bharat Limited has informed the Exchange about Schedule of meet
08-Aug-2024 20:44:49,Analysts/Institutional Investor Meet/Con. Call Updates,Dalmia Bharat Limited has informed the Exchange about Schedule of meet
01-Aug-2024 18:21:28,Updates,Dalmia Bharat Limited has informed the Exchange regarding 'Announcement under Regulation 30 LODR- Update'.
31-Jul-2024 13:37:49,Analysts/Institutional Investor Meet/Con. Call Updates,Dalmia Bharat Limited has informed the Exchange about Schedule of meet
27-Jul-2024 15:53:59,Copy of Newspaper Publication,Dalmia Bharat Limited has informed the Exchange about Copy of Newspaper Publication
24-Jul-2024 11:39:54,Analysts/Institutional Investor Meet/Con. Call Updates,Dalmia Bharat Limited has informed the Exchange about Transcript
19-Jul-2024 18:03:35,Loss of Share Certificates,Dalmia Bharat Limited has informed the Exchange about Loss of Share Certificates
19-Jul-2024 16:14:55,Analysts/Institutional Investor Meet/Con. Call Updates,Dalmia Bharat Limited has informed the Exchange about Link of Recording
19-Jul-2024 14:51:21,Copy of Newspaper Publication,Dalmia Bharat Limited has informed the Exchange about Copy of Newspaper Publication
18-Jul-2024 18:26:46,Investor Presentation,Dalmia Bharat Limited has informed the Exchange about Investor Presentation
18-Jul-2024 17:27:41,Press Release,"Dalmia Bharat Limited has informed the Exchange regarding a press release dated July 18, 2024, titled ""Press Release""."
18-Jul-2024 17:15:27,Outcome of Board Meeting,"Dalmia Bharat Limited has informed the Exchange regarding Outcome of Board Meeting held on July 18, 2024."
18-Jul-2024 17:06:47,Financial Result Updates,"Dalmia Bharat Limited has submitted to the Exchange, the financial results for the period ended June 30, 2024."
15-Jul-2024 14:23:19,"Certificate under SEBI (Depositories and Participants) Regulations, 2018","Dalmia Bharat Limited has informed the Exchange about Certificate under SEBI (Depositories and Participants) Regulations, 2018"
12-Jul-2024 13:05:59,Analysts/Institutional Investor Meet/Con. Call Updates,Dalmia Bharat Limited has informed the Exchange about Schedule of meet
07-Jul-2024 18:46:30,Updates,Dalmia Bharat Limited has informed the Exchange regarding 'Announcement under Regulation 30- Update'.
04-Jul-2024 10:45:34,Updates,"Dalmia Bharat Limited has informed the Exchange regarding 'Commencement of commercial production at Kadapa, Andhra Pradesh'."
03-Jul-2024 11:50:51,Updates,Dalmia Bharat Limited has informed the Exchange regarding 'Proceeding of Annual General Meeting'.
28-Jun-2024 17:32:12,Amendment to AOA/MOA,Dalmia Bharat Limited has informed the Exchange regarding the Amendment to AOA/MOA of the company.
28-Jun-2024 17:20:24,Shareholders meeting,"Dalmia Bharat Limited has submitted the Exchange a copy Srutinizers report of  Annual General Meeting held on Jun 28, 2024. Further, the company has informed the Exchange regarding voting results."
28-Jun-2024 16:49:37,Shareholders meeting,"Dalmia Bharat Limited has informed the Exchange regarding Proceedings of  Annual General Meeting held on Jun 28, 2024 along with a copy of minutes."
25-Jun-2024 16:29:22,Trading Window,"Dalmia Bharat Limited has informed the Exchange regarding the Trading Window closure pursuant to SEBI (Prohibition of Insider Trading) Regulations, 2015"
17-Jun-2024 16:21:44,Analysts/Institutional Investor Meet/Con. Call Updates,Dalmia Bharat Limited has informed the Exchange about Schedule of meet
17-Jun-2024 16:17:01,Analysts/Institutional Investor Meet/Con. Call Updates,Dalmia Bharat Limited has informed the Exchange about Schedule of meet
11-Jun-2024 14:09:18,Loss of Share Certificates,Dalmia Bharat Limited has informed the Exchange about Loss of Share Certificates
09-Jun-2024 08:11:15,Acquisition,Dalmia Bharat Limited has informed the Exchange about Acquisition
07-Jun-2024 23:25:55,Acquisition,Dalmia Bharat Limited has informed the Exchange about Acquisition
07-Jun-2024 12:52:56,Credit Rating,Dalmia Bharat Limited has informed the Exchange about Credit Rating
07-Jun-2024 10:54:42,Updates,"Dalmia Bharat Limited has informed the Exchange regarding 'Announcement under Regulation 30 SEBI (Listing Obligations and Disclosure Requirements) Regulations, 2015 '."
06-Jun-2024 15:35:05,Loss of Share Certificates,Dalmia Bharat Limited has informed the Exchange about Loss of Share Certificates
06-Jun-2024 15:30:43,Copy of Newspaper Publication,Dalmia Bharat Limited has informed the Exchange about Copy of Newspaper Publication
05-Jun-2024 16:28:12,Shareholders meeting,"Dalmia Bharat Limited has informed the Exchange regarding Notice of Annual General Meeting to be held on Jun 28, 2024"
05-Jun-2024 16:06:16,Record Date,Dalmia Bharat Limited has informed the Exchange that Record date for the purpose of Dividend  is 19-Jun-2024.
31-May-2024 16:37:45,Updates,"Dalmia Bharat Limited has informed the Exchange regarding 'Announcement under Regulation 30 of SEBI (Listing Obligations and Disclosure Requirements) Regulations, 2015'."
31-May-2024 16:36:17,Updates,"Dalmia Bharat Limited has informed the Exchange regarding 'Announcement under Regulation 30 of SEBI (Listing Obligations and Disclosure Requirements) Regulations, 2015'."
30-May-2024 17:45:16,Updates,Dalmia Bharat Limited has informed the Exchange regarding 'General Announcement- Annual General Meeting'.
30-May-2024 12:24:23,Copy of Newspaper Publication,Dalmia Bharat Limited has informed the Exchange about Copy of Newspaper Publication
28-May-2024 21:51:34,Updates,"Dalmia Bharat Limited has informed the Exchange regarding 'Announcement under Regulation 30 of SEBI (Listing Obligations and Disclosure Requirements) Regulations, 2015'."
23-May-2024 17:28:02,Updates,Dalmia Bharat Limited has informed the Exchange regarding 'Announcement under Regulation 30 of SEBI (Listing Obligations and Disclosure Requirements )Regulation 2015'.
21-May-2024 13:16:30,Updates,"Dalmia Bharat Limited has informed the Exchange regarding 'Announcement under Regulation 30 of SEBI (Listing Obligations and Disclosure Requirements), 2015'."
17-May-2024 21:04:42,Updates,"Dalmia Bharat Limited has informed the Exchange regarding 'Commencement of Commercial production at Ariyalur, Tamil Nadu'."
17-May-2024 18:26:28,Updates,Dalmia Bharat Limited has informed the Exchange regarding 'Announcement under Regulation 31A of SEBI Listing Regulations'.
16-May-2024 20:31:27,Investor Presentation,Dalmia Bharat Limited has informed the Exchange about Investor Presentation
16-May-2024 19:10:46,Disclosure under SEBI Takeover Regulations,"Y.H. Dalmia has Submitted to the Exchange a copy of Disclosure under Regulation 31(4) of the Securities and Exchange Board of India (Substantial Acquisition of Shares and Takeovers) Regulations, 2011."
14-May-2024 17:56:37,Updates,"Dalmia Bharat Limited has informed the Exchange regarding 'Announcement under Regulation 30 of SEBI (Listing Obligations and Disclosure Requirements) Regulations, 2015'."
13-May-2024 15:37:49,Updates,"Dalmia Bharat Limited has informed the Exchange regarding 'Announcement under Regulation 30 of SEBI (Listing Obligation and Disclosure Requirements) Regulations, 2015'."
04-May-2024 10:27:21,Updates,"Dalmia Bharat Limited has informed the Exchange regarding 'Disclosure under Regulation 30 of the SEBI (Listing Obligations and Disclosure Requirements) Regulations, 2015 ( Listing Regulations )'."
03-May-2024 16:40:07,Loss of Share Certificates,Dalmia Bharat Limited has informed the Exchange about Loss of Share Certificates
02-May-2024 13:00:28,Updates,"Dalmia Bharat Limited has informed the Exchange regarding 'Announcement under Regulation 30 SEBI (Listing Obligations and Disclosure Requirements) Regulations, 2015'."
01-May-2024 18:47:36,Analysts/Institutional Investor Meet/Con. Call Updates,Dalmia Bharat Limited has informed the Exchange about Transcript
30-Apr-2024 18:30:56,Updates,"Dalmia Bharat Limited has informed the Exchange regarding 'Announcement under Regulation 30 of SEBI (Listing Obligations and Disclosures Requirements) Regulations, 2015'."
29-Apr-2024 17:46:37,Updates,"Dalmia Bharat Limited has informed the Exchange regarding 'Disclosure under Regulation 30 of the SEBI (Listing Obligations and Disclosure Requirements) Regulations, 2015'."
25-Apr-2024 17:06:17,Updates,"Dalmia Bharat Limited has informed the Exchange regarding 'Intimation pursuant to Regulation 31A of SEBI (Listing Obligations and Disclosure Requirements) Regulations, 2015 '."
25-Apr-2024 15:26:25,Updates,Dalmia Bharat Limited has informed the Exchange regarding 'Audio Recording of Earnings Call held for Audited Financial Results for the quarter and year ended March 31 2024'.
25-Apr-2024 15:22:10,Copy of Newspaper Publication,Dalmia Bharat Limited has informed the Exchange about Copy of Newspaper Publication
24-Apr-2024 19:27:54,Investor Presentation,Dalmia Bharat Limited has informed the Exchange about Investor Presentation
24-Apr-2024 18:55:14,Press Release,"Dalmia Bharat Limited has informed the Exchange regarding a press release dated April 24, 2024, titled ""Press Release on Financial Results for the quarter and year ended March 31, 2024""."
24-Apr-2024 18:52:08,Dividend,"Dalmia Bharat Limited has informed the Exchange that Board of Directors at its meeting held on April 24, 2024, recommended Final Dividend of 5 per equity share."
24-Apr-2024 18:49:26,Financial Result Updates,"Dalmia Bharat Limited has submitted to the Exchange, the financial results for the period ended March 31, 2024."
19-Apr-2024 16:38:35,Updates,"Dalmia Bharat Limited has informed the Exchange regarding 'Announcement under Regulation 30 of SEBI Listing Regulations, 2015'."
18-Apr-2024 16:11:06,Updates,Dalmia Bharat Limited has informed the Exchange regarding 'Intimation of receipt of request for reclassification from ''promoter and promoter group'' category to ''public'' category under Regulation 3
17-Apr-2024 15:08:43,Updates,Dalmia Bharat Limited has informed the Exchange regarding 'Intimation of receipt of request for reclassification from  promoter and promoter group  category to  public  category shareholders in accord
12-Apr-2024 13:28:48,Analysts/Institutional Investor Meet/Con. Call Updates,Dalmia Bharat Limited has informed the Exchange about Schedule of meet
11-Apr-2024 16:38:26,Updates,"Dalmia Bharat Limited has informed the Exchange regarding 'Disclosure under Regulation 30 of the SEBI (Listing Obligations and Disclosure Requirements) Regulations, 2015 '."
06-Apr-2024 08:03:37,Acquisition,Dalmia Bharat Limited has informed the Exchange about Acquisition
05-Apr-2024 16:26:43,Updates,Dalmia Bharat Limited has informed the Exchange regarding 'Update on ongoing litigation'.
03-Apr-2024 16:33:07,"Certificate under SEBI (Depositories and Participants) Regulations, 2018","Dalmia Bharat Limited has informed the Exchange about Certificate under SEBI (Depositories and Participants) Regulations, 2018"
27-Mar-2024 11:36:07,Trading Window,"Dalmia Bharat Limited has informed the Exchange regarding the Trading Window closure pursuant to SEBI (Prohibition of Insider Trading) Regulations, 2015"
16-Mar-2024 17:51:26,Updates,Dalmia Bharat Limited has informed the Exchange regarding 'Announcement under Regulation 30 of Listing Regulations'.
25-Feb-2024 17:04:02,Analysts/Institutional Investor Meet/Con. Call Updates,Dalmia Bharat Limited has informed the Exchange about Schedule of meet
23-Feb-2024 19:44:27,Updates,"Dalmia Bharat Limited has informed the Exchange regarding 'Disclosure under Regulation 30 of the SEBI (Listing Obligations and Disclosure Requirements) Regulations, 2015 ( Listing Regulations )'."
19-Feb-2024 17:54:59,Press Release,"Dalmia Bharat Limited has informed the Exchange regarding a press release dated February 19, 2024, titled "" Dalmia Cement elevates its commitment to home builders with a bold new brand positioning as "
15-Feb-2024 21:20:05,Analysts/Institutional Investor Meet/Con. Call Updates,Dalmia Bharat Limited has informed the Exchange about Schedule of meet
14-Feb-2024 22:53:33,Updates,"Dalmia Bharat Limited has informed the Exchange regarding 'Disclosure under Regulation 30 of SEBI (Listing Obligations and Disclosure Requirements) Regulations, 2015- Change in Senior Management Perso"
10-Feb-2024 17:33:09,Investor Presentation,Dalmia Bharat Limited has informed the Exchange about Investor Presentation
09-Feb-2024 12:54:39,Analysts/Institutional Investor Meet/Con. Call Updates,Dalmia Bharat Limited has informed the Exchange about Schedule of meet
09-Feb-2024 12:53:25,Analysts/Institutional Investor Meet/Con. Call Updates,Dalmia Bharat Limited has informed the Exchange about Schedule of meet
02-Feb-2024 15:34:32,Updates,"Dalmia Bharat Limited has informed the Exchange regarding 'Disclosure under Regulation 30 of the SEBI (Listing Obligations and Disclosure Requirements) Regulations, 2015 ( Listing Regulations )- Updat"
30-Jan-2024 21:11:53,Analysts/Institutional Investor Meet/Con. Call Updates,Dalmia Bharat Limited has informed the Exchange about Transcript
25-Jan-2024 18:19:42,Updates,As per letter attached
25-Jan-2024 15:57:29,Analysts/Institutional Investor Meet/Con. Call Updates,Dalmia Bharat Limited has informed the Exchange about Link of Recording
25-Jan-2024 15:48:16,Copy of Newspaper Publication,"Pursuant to the Regulation 30 of SEBI Listing Regulations, please find attached copies ofnewspaper advertisement of Unaudited Financial Results of the Company for the quarter & ninemonths ended Decemb"
24-Jan-2024 18:09:11,Investor Presentation,Dalmia Bharat Limited has informed the Exchange about Investor Presentation
24-Jan-2024 16:29:45,Press Release,"Dalmia Bharat Limited has informed the Exchange regarding a press release dated January 24, 2024, titled ""Press Release on Financial Results for the Quarter ended December 31, 2023""."
24-Jan-2024 16:26:32,Outcome of Board Meeting,"Dalmia Bharat Limited has informed the Exchange regarding Outcome of Board Meeting held on January 24, 2024."
24-Jan-2024 16:23:47,Financial Result Updates,"Dalmia Bharat Limited has submitted to the Exchange, the financial results for the period ended December 31, 2023."
18-Jan-2024 16:48:20,Loss of Share Certificates,Dalmia Bharat Limited has informed the Exchange about Loss of Share Certificates
16-Jan-2024 15:28:49,Analysts/Institutional Investor Meet/Con. Call Updates,"Dalmia this is to inform you that an investors/analyst conference call on the Unaudited Standalone and Consolidated Financial Results of the Company for the quarter and nine months ended December 31, "
13-Jan-2024 13:59:24,Updates,Dalmia Bharat Limited has informed the Exchange regarding 'outcome of postal ballot and scrutiniser 's report'.
11-Jan-2024 16:58:00,Loss of Share Certificates,Dalmia Bharat Limited has informed the Exchange about Loss of Share Certificates
05-Jan-2024 16:58:41,"Certificate under SEBI (Depositories and Participants) Regulations, 2018","Dalmia Bharat Limited has informed the Exchange about Certificate under SEBI (Depositories and Participants) Regulations, 2018"
01-Jan-2024 18:17:48,Updates,"Dalmia Bharat Limited has informed the Exchange regarding 'Disclosure under Regulation 30 of the SEBI (Listing Obligations and Disclosure Requirements) Regulations, 2015 ( Listing Regulations )'."
31-Dec-2023 19:49:37,Updates,"Dalmia Bharat Limited has informed the Exchange regarding 'Disclosure under Regulation 30 of the SEBI (Listing Obligations and Disclosure Requirements) Regulations, 2015 ( Listing Regulations )'."
29-Dec-2023 19:26:49,Updates,"Dalmia Bharat Limited has informed the Exchange regarding 'Disclosure under Regulation 30 of the SEBI (Listing Obligations and Disclosure Requirements) Regulations, 2015 ( Listing Regulations )'."
26-Dec-2023 17:40:37,Change in Director(s),Dalmia Bharat Limited has informed the Exchange regarding Change in Director(s) of the company.
26-Dec-2023 17:17:38,Trading Window,"Dalmia Bharat Limited has informed the Exchange regarding the Trading Window closure pursuant to SEBI (Prohibition of Insider Trading) Regulations, 2015"
20-Dec-2023 19:33:42,Updates,"Dalmia Bharat Limited has informed the Exchange regarding 'Disclosure under Regulation 30 of the SEBI (Listing Obligations and Disclosure Requirements) Regulations, 2015 ( Listing Regulations )'."
20-Dec-2023 18:21:38,Loss of Share Certificates,Dalmia Bharat Limited has informed the Exchange about Loss of Share Certificates
13-Dec-2023 12:11:01,Copy of Newspaper Publication,"Disclosure under Regulations 30 and 47 of the SEBI (Listing Obligations and DisclosureRequirements) Regulations, 2015 ( Listing Regulations )- Newspaper Advertisement PostalBallot Notice Dalmia Bharat"
11-Dec-2023 18:18:03,Shareholders meeting,Dalmia Bharat Limited has informed the Exchange regarding Notice of Postal Ballot
08-Dec-2023 09:34:20,Updates,"Dalmia Bharat Limited has informed the Exchange regarding 'Disclosure under Regulation 30 of the SEBI (Listing Obligations and Disclosure Requirements) Regulations, 2015 '."
05-Dec-2023 17:53:12,Updates,Dalmia Bharat Limited has informed the Exchange regarding 'Update'.
05-Dec-2023 17:41:16,ESOP/ESOS/ESPS,Dalmia Bharat Limited has informed the Exchange regarding Allotment of 528  Shares.
24-Nov-2023 16:28:38,Analysts/Institutional Investor Meet/Con. Call Updates,Dalmia Bharat Limited has informed the Exchange about Schedule of meet
16-Nov-2023 20:18:03,Loss of Share Certificates,Dalmia Bharat Limited has informed the Exchange about Loss of Share Certificates
06-Nov-2023 17:34:02,ESOP/ESOS/ESPS,Dalmia Bharat Limited has informed the Exchange regarding Allotment of 16740  Shares.
01-Nov-2023 22:04:48,Updates,"Dalmia Bharat Limited has informed the Exchange regarding 'Commencement of Commercial Production of 0.9 MTPA Increased Cement Grinding Capacity at Belgaum, Karnataka'."
26-Oct-2023 16:16:08,Investor Presentation,Dalmia Bharat Limited has informed the Exchange about Investor Presentation
20-Oct-2023 20:01:12,Analysts/Institutional Investor Meet/Con. Call Updates,Transcript of Q2 FY-24 & H1 FY-24 - Earnings Conference Call
17-Oct-2023 14:27:51,Updates,Dalmia Bharat Limited has informed the Exchange regarding 'Communication to Shareholders - Intimation on Tax Deduction on Dividend'.
16-Oct-2023 17:34:39,Copy of Newspaper Publication,"Pursuant to the Regulation 30 of SEBI Listing Regulations, please find attached copies of newspaper advertisement of Unaudited Financial Results of the Company for the quarter & half yearly ended Sept"
16-Oct-2023 17:22:13,Analysts/Institutional Investor Meet/Con. Call Updates,Dalmia Bharat Limited has informed the Exchange about Link of Recording
14-Oct-2023 20:20:07,Updates,Dalmia Bharat Limited has informed the Exchange regarding 'Capacity Expansion '.
14-Oct-2023 20:19:03,Change in Director(s),Dalmia Bharat Limited has informed the Exchange regarding Change in Director(s) of the company.
14-Oct-2023 19:52:33,Related Party Transactions,"Disclosure of Related Party Transactions for the half-year ended September 30, 2023"
14-Oct-2023 19:48:43,Investor Presentation,Dalmia Bharat Limited has informed the Exchange about Investor Presentation
14-Oct-2023 19:40:46,Press Release,"Dalmia Bharat Limited has informed the Exchange regarding a press release dated October 14, 2023, titled ""Press Release on Financial Results for the Quarter ended September 30, 2023.""."
14-Oct-2023 19:38:17,Dividend,"Dalmia Bharat Limited has informed the Exchange that Board of Directors at its meeting held on October 14, 2023, declared Interim Dividend of Rs. 4 per equity share."
14-Oct-2023 19:33:37,Financial Result Updates,"Dalmia Bharat Limited has submitted to the Exchange, the financial results for the period ended September 30, 2023."
14-Oct-2023 17:46:28,Analysts/Institutional Investor Meet/Con. Call Updates,Dalmia Bharat Limited has informed the Exchange about Schedule of meet
12-Oct-2023 17:06:54,Revised Record date,"In furtherance to our intimation dated October 06, 2023 and October 8, 2023 incompliance with Regulation 42 of SEBI (Listing Obligations and DisclosureRequirements) Regulations, 2015, this is to infor"
09-Oct-2023 20:40:27,Analysts/Institutional Investor Meet/Con. Call Updates,Dalmia Bharat Limited has informed the Exchange about Schedule of meet
08-Oct-2023 22:33:54,Record Date,"In furtherance to our intimation dated October 06, 2023 and in compliance with Regulation 42 of SEBI (Listing Obligations and Disclosure Requirements) Regulations, 2015, this is to inform you that the"
06-Oct-2023 15:36:57,"Certificate under SEBI (Depositories and Participants) Regulations, 2018","Certificate under Regulation 74(5) of SEBI (Depositories and Participants) Regulations, 2018 for the quarter ended September 30, 2023."
28-Sep-2023 16:59:27,Loss of Share Certificates,Dalmia Bharat Limited has informed the Exchange about Loss of Share Certificates
28-Sep-2023 14:55:50,Trading Window,"Dalmia Bharat Limited has informed the Exchange regarding the Trading Window closure pursuant to SEBI (Prohibition of Insider Trading) Regulations, 2015"
28-Sep-2023 14:50:15,Updates,"Dalmia Bharat Limited has informed the Exchange regarding 'Disclosure under Regulation 30 of the SEBI (Listing Obligations and Disclosure Requirements) Regulations, 2015 ( Listing Regulations )'. Purs"
18-Sep-2023 18:00:27,Analysts/Institutional Investor Meet/Con. Call Updates,Dalmia Bharat Limited has informed the Exchange about Schedule of meet
13-Sep-2023 16:04:25,Loss of Share Certificates,Dalmia Bharat Limited has informed the Exchange about Loss of Share Certificates
09-Sep-2023 14:45:44,Updates,"Dalmia Bharat Limited has informed the Exchange regarding 'Disclosure under Regulation 30 of the SEBI (Listing Obligations and Disclosure Requirements) Regulations, 2015 ( Listing Regulations )'."
29-Aug-2023 18:50:14,Updates,"Dalmia Bharat Limited has informed the Exchange regarding 'Disclosure under Regulation 30 of SEBI (Listing Obligations and Disclosure Requirements) Regulations, 2015'."
25-Aug-2023 16:59:59,Updates,"Dalmia Bharat Limited has informed the Exchange regarding 'This is in continuation to our disclosure dated August 14, 2023, pursuant to Regulation 30 of the SEBI (Listing Obligations and Disclosure Re"
24-Aug-2023 23:16:23,Updates,"Dalmia Bharat Limited has informed the Exchange regarding ' Disclosure pursuant to Clause 20 of Para A of Part A of Schedule III of SEBI (Listing Obligations and DisclosureRequirements) Regulations, 2"
17-Aug-2023 09:49:44,Loss of Share Certificates,Dalmia Bharat Limited has informed the Exchange about Loss of Share Certificates
14-Aug-2023 23:27:16,Updates,"In terms of recent amendments made in Regulation 30 of the SEBI (Listing Obligations and Disclosure Requirements) Regulations, 2015 vide SEBI (Listing Obligations and Disclosure Requirements) (Second "
12-Aug-2023 23:27:00,Acquisition,"Disclosure about further Investment by subsidiary - Regulation 30 of SEBI (Listing Obligations and Disclosure Requirements) Regulations, 2015 - Allotment of Equity Shares pursuant to Rights Issue of D"
10-Aug-2023 15:45:48,Analysts/Institutional Investor Meet/Con. Call Updates,Dalmia Bharat Limited has informed the Exchange about Schedule of meet
10-Aug-2023 15:44:12,Analysts/Institutional Investor Meet/Con. Call Updates,Dalmia Bharat Limited has informed the Exchange about Schedule of meet
10-Aug-2023 15:42:20,Analysts/Institutional Investor Meet/Con. Call Updates,Dalmia Bharat Limited has informed the Exchange about Schedule of meet
07-Aug-2023 15:31:27,Investor Presentation,Dalmia Bharat Limited has informed the Exchange about Investor Presentation
01-Aug-2023 22:28:22,Updates,"Dalmia Bharat Limited has informed the Exchange regarding 'Commencement of Commercial Production of Greenfield Grinding unit at Sattur, Tamil Nadu'."
28-Jul-2023 21:25:34,ESOP/ESOS/ESPS,Dalmia Bharat Limited has informed the Exchange regarding Allotment of 50000  Equity Shares of Rs. 2/- each upon exercise of ESOPs.
27-Jul-2023 17:16:30,Analysts/Institutional Investor Meet/Con. Call Updates,Dalmia Bharat Limited has informed the Exchange about Transcript
21-Jul-2023 15:17:20,Updates,Dalmia Bharat Limited has informed the Exchange regarding 'Audio Recording - Earnings Call Relating To The Unaudited Standalone And Consolidated Financial Results Of The Company For The Quarter Ended 
21-Jul-2023 13:29:20,Copy of Newspaper Publication,"Pursuant to the Regulation 30 of SEBI Listing Regulations, please find attached copies ofnewspaper advertisement of Unaudited Financial Results of the Company for the quarter endedJune 30, 2023, publi"
21-Jul-2023 07:16:59,Investor Presentation,Dalmia Bharat Limited has informed the Exchange about Investor Presentation
20-Jul-2023 19:06:06,Press Release,"Dalmia Bharat Limited has informed the Exchange regarding a press release dated July 20, 2023, titled ""Press Release on Financial Results for the Quarter ended June 30, 2023""."
20-Jul-2023 18:58:09,Financial Result Updates,"Dalmia Bharat Limited has submitted to the Exchange, the financial results for the period ended June 30, 2023."
19-Jul-2023 19:51:37,Updates,"Dalmia Bharat Limited has informed the Exchange regarding 'Disclosure under Regulation 30 of the SEBI (Listing Obligations and Disclosure Requirements) Regulations, 2015, as amended ( SEBI Listing Reg"
13-Jul-2023 22:21:27,Analysts/Institutional Investor Meet/Con. Call Updates,Dalmia Bharat Limited has informed the Exchange about Schedule of meet
10-Jul-2023 15:46:07,"Certificate under SEBI (Depositories and Participants) Regulations, 2018","Dalmia Bharat Limited has informed the Exchange about Certificate under SEBI (Depositories and Participants) Regulations, 2018"
05-Jul-2023 12:42:14,Updates,Dalmia Bharat Limited has informed the Exchange regarding 'Transcript of 10th Annual General Meeting'.
30-Jun-2023 22:12:01,Shareholders meeting,"Dalmia Bharat Limited has submitted the Exchange a copy Srutinizers report of  Annual General Meeting held on Jun 30, 2023. Further, the company has informed the Exchange regarding voting results."
30-Jun-2023 21:57:31,Shareholders meeting,"Dalmia Bharat Limited has informed the Exchange regarding Proceedings of Annual General Meeting held on Jun 30, 2023"
30-Jun-2023 21:49:26,Shareholders meeting,"Dalmia Bharat Limited has informed the Exchange with copy of minutes of  Annual General Meeting held on Jun 30, 2023"
29-Jun-2023 14:57:41,Trading Window,"Dalmia Bharat Limited has informed the Exchange regarding the Trading Window closure pursuant to SEBI (Prohibition of Insider Trading) Regulations, 2015"
27-Jun-2023 16:55:45,Analysts/Institutional Investor Meet/Con. Call Updates,Dalmia Bharat Limited has informed the Exchange about Schedule of meet
23-Jun-2023 15:14:49,Loss of Share Certificates,Dalmia Bharat Limited has informed the Exchange about Loss of Share Certificates
20-Jun-2023 16:02:00,Updates,Dalmia Bharat Limited has informed the Exchange regarding 'Notice convening the 10th Annual General Meeting of the Company for the Financial Year2022-23 as required under Regulation 30 of the SEBI (Li
14-Jun-2023 16:50:29,Reply to Clarification Sought,"DALBHARAT: The Exchange had sought clarification from Dalmia Bharat Limited with respect to announcement dated 27-May-2023, regarding appointment of Directors. On basis of above the Company was requir"
09-Jun-2023 13:00:28,Copy of Newspaper Publication,"Please find enclosed e-copies of publication(s) published on June 09, 2023 in Business Line (English)and Dinamani (Tamil) newspaper(s), intimating that the 10th Annual General Meeting of the Company w"
08-Jun-2023 21:09:12,Updates,Dalmia Bharat Limited has informed the Exchange regarding 'Business Responsibility and Sustainability Report (BRSR) for the financial year 2022-23'.
08-Jun-2023 11:57:24,Shareholders meeting,"Dalmia Bharat Limited has informed the Exchange regarding Notice of Annual General Meeting to be held on Jun 30, 2023"
08-Jun-2023 11:49:56,Record Date,Dalmia Bharat Limited has informed the Exchange that Record date for the purpose of Dividend  is 23-Jun-2023.
07-Jun-2023 16:56:08,Clarification,"DALBHARAT: The Exchange has sought clarification from Dalmia Bharat Limited with respect to announcement dated 27-May-2023, regarding appointment of Directors. On basis of above the Company is require"
07-Jun-2023 15:11:45,Copy of Newspaper Publication,"Please find enclosed e-copies of publication in the newspaper(s) published on June 07, 2023 inBusiness Line and Dinamani newspaper(s), with respect to 10th Annual General Meeting of theCompany to be h"
02-Jun-2023 15:04:16,Updates,Dalmia Bharat Limited has informed the Exchange regarding 'Communication to Shareholders - Intimation on Tax Deduction on Dividend'.
02-Jun-2023 15:02:06,Updates,"Dalmia Bharat Limited has informed the Exchange regarding 'Pursuant to SEBI Circular No. SEBI/HO/MIRSD/MIRSD-PoD-1/P/CIR/2023/37 dated March 16,2023, please find attached herewith the compliance certi"
02-Jun-2023 14:58:01,Investor Presentation,Dalmia Bharat Limited has informed the Exchange about Investor Presentation
27-May-2023 12:43:23,Updates,Dalmia Bharat Limited has informed the Exchange regarding 'Intimation of outcome of Board meeting- appointment of Directors under Regulation 30 of the SEBI (Listing Obligations and Disclosure Requirem
27-May-2023 12:38:21,Updates,Dalmia Bharat Limited has informed the Exchange regarding 'Intimation about increase in capacity'.
25-May-2023 19:15:10,Annual Secretarial Compliance Report,"Pursuant to Regulation 24A of the Listing Regulations read with SEBI Circular No. CIR/CFD/CMD1/27/2019 dated February 08, 2019, please find enclosed the Annual Secretarial Compliance Report issued by "
25-May-2023 18:02:12,Loss of Share Certificates,Dalmia Bharat Limited has informed the Exchange about Loss of Share Certificates
22-May-2023 16:50:58,Loss of Share Certificates,Dalmia Bharat Limited has informed the Exchange about Loss of Share Certificates
19-May-2023 21:52:53,Analysts/Institutional Investor Meet/Con. Call Updates,"Pursuant to the provisions of Regulation 30 of SEBI (Listing Obligations and Disclosure Requirements) Regulations, 2015, we wish to inform you that the representatives of the company are scheduled to "
09-May-2023 17:00:21,Disclosure under SEBI Takeover Regulations,"Y.H. Dalmia has Submitted to the Exchange a copy of Disclosure under Regulation 31(4) of the Securities and Exchange Board of India (Substantial Acquisition of Shares and Takeovers) Regulations, 2011."
02-May-2023 19:58:16,Analysts/Institutional Investor Meet/Con. Call Updates,Dalmia Bharat Limited has informed the Exchange about Transcript
28-Apr-2023 17:46:46,Updates,Dalmia Bharat Limited has informed the Exchange regarding 'Disclosure about completion of sale of equity stake in Dalmia Bharat Refractories Limited'.
26-Apr-2023 17:51:37,Analysts/Institutional Investor Meet/Con. Call Updates,"Audio Recording - Earnings Call relating to the Audited Standalone and Consolidated Financial Results of the Company for the fourth quarter & financial year ended March 31, 2023."
26-Apr-2023 17:46:14,Updates,Dalmia Bharat Limited has informed the Exchange regarding 'Update on acquisition of Cement assets from Jaiprakash Associates Limited ( JAL )'.
26-Apr-2023 14:31:21,Copy of Newspaper Publication,"Pursuant to the Regulation 30 of SEBI Listing Regulations, please find attached copies of newspaper advertisement of Audited Financial Results of the Company for the quarter and year ended March 31, 2"
26-Apr-2023 14:23:03,Updates,Dalmia Bharat Limited has informed the Exchange regarding 'Update on acquisition of Cement assets from Jaiprakash Associates Limited ( JAL )'.
25-Apr-2023 19:06:48,Investor Presentation,Dalmia Bharat Limited has informed the Exchange about Investor Presentation
25-Apr-2023 18:57:05,Press Release,"Dalmia Bharat Limited has informed the Exchange regarding a press release dated April 25, 2023, titled ""Press Release on Financial Results for the Quarter & Year ended March 31, 20""."
25-Apr-2023 18:23:19,Related Party Transactions,"Disclosure of Related Party Transactions for the half-year ended March 31, 2023"
25-Apr-2023 17:40:06,Dividend,"Outcome of Board Meeting held on April 25, 2023."
25-Apr-2023 17:34:16,Financial Result Updates,"Dalmia Bharat Limited has submitted to the Exchange, the financial results for the period ended March 31, 2023."
23-Apr-2023 16:17:18,Analysts/Institutional Investor Meet/Con. Call Updates,"Pursuant to the provisions of Regulation 30 read with Part A of Schedule III of the SEBl (ListingObligations and Disclosure Requirements) Regulations, 2015, this is to inform you that aninvestors/anal"
22-Apr-2023 18:26:02,Updates,"Dalmia Bharat Limited has informed the Exchange regarding 'Intimation about increase in capacity.'.In continuation to our intimation dated, April 1, 2023, pursuant to Regulation 30 of SEBL (Listing Ob"
05-Apr-2023 16:30:44,Updates,"Dalmia Bharat Limited has informed the Exchange regarding 'Disclosure under Regulation 31(4) of SEBI (Substantial Acquisition of Shares &Takeovers) Regulations, 2011, for the financial year ended Marc"
05-Apr-2023 16:24:46,"Certificate under SEBI (Depositories and Participants) Regulations, 2018","Certificate under Regulation 74(5) of SEBI (Depositories and Participants) Regulations, 2018 for the quarter ended March 31, 2023."
01-Apr-2023 18:59:06,Updates,Dalmia Bharat Limited has informed the Exchange regarding 'Intimation about increase in capacity at various units'.
31-Mar-2023 17:10:09,Analysts/Institutional Investor Meet/Con. Call Updates,"In terms of Regulation 30 of the SEBI (Listing Obligation and Disclosure Requirement), Regulations2015, please find attached transcript of the Conference Call regarding divestment of non-corerefractor"
29-Mar-2023 13:50:18,Trading Window,"Dalmia Bharat Limited has informed the Exchange regarding the Trading Window closure pursuant to SEBI (Prohibition of Insider Trading) Regulations, 2015"
27-Mar-2023 16:17:23,Analysts/Institutional Investor Meet/Con. Call Updates,"Pursuant to the provisions of Regulation 30 of SEBl (Listing Obligations and DisclosureRequirements) Regulations, 2015, we wish to inform you that the following representatives of theCompany are sched"
27-Mar-2023 16:15:51,Analysts/Institutional Investor Meet/Con. Call Updates,Dalmia Bharat Limited has informed the Exchange about Link of Recording
26-Mar-2023 18:49:14,Analysts/Institutional Investor Meet/Con. Call Updates,Dalmia Bharat Limited has informed the Exchange about Schedule of meet
26-Mar-2023 18:41:44,Updates,Dalmia Bharat Limited has informed the Exchange regarding 'Disclosure of sale of equity stake in Dalmia Bharat Refractories Limited'.
22-Feb-2023 12:07:47,Investor Presentation,Dalmia Bharat Limited has informed the Exchange about Investor Presentation
13-Feb-2023 15:52:48,Analysts/Institutional Investor Meet/Con. Call Updates,"In terms of Regulation 30 of the SEBI (Listing Obligation and Disclosure Requirement), Regulations2015, please find attached transcript of the Q3 FY23 Earnings Conference Call held on February 06,2023"
08-Feb-2023 12:22:51,Analysts/Institutional Investor Meet/Con. Call Updates,"We refer to our letter dated February 01, 2023, informing you about earnings call to be held on February 06, 2023, relating to the unaudited Standalone and Consolidated Financial Results of the Compan"
06-Feb-2023 20:44:51,Copy of Newspaper Publication,"Pursuant to the Regulation 30 of SEBI Listing Regulations, please find attached copies of newspaper advertisement of unaudited Financial Results of the Company for the quarter and nine months ended De"
04-Feb-2023 19:49:05,Investor Presentation,Dalmia Bharat Limited has informed the Exchange about Investor Presentation
04-Feb-2023 19:45:07,Outcome of Board Meeting,"Dalmia Bharat Limited has informed the Exchange regarding  Board meeting held on February 04, 2023."
04-Feb-2023 19:35:02,Financial Result Updates,"Dalmia Bharat Limited has submitted to the Exchange, the financial results for the period ended December 31, 2022."
02-Feb-2023 13:03:26,Analysts/Institutional Investor Meet/Con. Call Updates,"Pursuant to the provisions of Regulation 30 of SEBl (Listing Obligations and Disclosure Requirements) Regulations, 2015, the details of proposed schedule of Analyst/Institutional Investor meeting(s) i"
02-Feb-2023 13:03:25,Analysts/Institutional Investor Meet/Con. Call Updates,"Pursuant to the provisions of Regulation 30 of SEBl (Listing Obligations and Disclosure Requirements) Regulations, 2015, the details of proposed schedule of Analyst/Institutional Investor meeting(s) i"
02-Feb-2023 13:03:25,Analysts/Institutional Investor Meet/Con. Call Updates,"Pursuant to the provisions of Regulation 30 of SEBl (Listing Obligations and Disclosure Requirements) Regulations, 2015, the details of proposed schedule of Analyst/Institutional Investor meeting(s) i"
01-Feb-2023 13:00:22,Analysts/Institutional Investor Meet/Con. Call Updates,"Pursuant to the provisions of Regulation 30 read with Part A of Schedule III of the SEBl (ListingObligations and Disclosure Requirements) Regulations, 2015, this is to inform you that aninvestors/anal"
18-Jan-2023 16:07:40,Copy of Newspaper Publication,"This is to inform you that the Company, pursuant to Rule 6(3)(a) of the Investor Educationand Protection Fund Authority (Accounting, Audit, Transfer and Refund) Rules, 2016, asamended, has published a"
10-Jan-2023 12:44:30,Loss of Share Certificates,"This is to inform you that pursuant to Regulation 39(3) of SEBI (Listing Obligations and Disclosure Requirements) Regulation, 2015, the Company has received a request for issuance of duplicate share c"
04-Jan-2023 11:26:13,"Certificate under SEBI (Depositories and Participants) Regulations, 2018","Dalmia Bharat Limited has informed the Exchange about Certificate under SEBI (Depositories and Participants) Regulations, 2018"
26-Dec-2022 11:26:01,Trading Window,"Dalmia Bharat Limited has informed the Exchange regarding the Trading Window closure pursuant to SEBI (Prohibition of Insider Trading) Regulations, 2015"
13-Dec-2022 13:42:03,Acquisition,Dalmia Bharat Limited has informed the Exchange about update on the Acquisition
13-Dec-2022 13:25:27,Acquisition,"Dear Sir/Madam,In continuation to our intimation and press release dated December 12, 2022 regarding binding Framework Agreement entered by Dalmia Cement (Bharat) Limited (DCBL), wholly owned subsidia"
12-Dec-2022 15:26:51,Press Release,"Dalmia Bharat Limited has informed the Exchange about press release dated 12-Dec-2022 titled Signing of Framework Agreement with Jaiprakash Associates LimitedNew Delhi, December 12th, 2022: Dalmia Cem"
12-Dec-2022 15:18:19,Agreements/Contracts/Arrangements/ MOU's PARA A,"Dear Sir/Madam,We hereby intimate that Dalmia Cement (Bharat) Limited (DCBL), wholly owned subsidiary of Dalmia Bharat Limited has today entered into a binding Framework Agreement for the acquisition "
10-Dec-2022 22:51:42,Closure of trading window,"Dear Sir/Madam,We wish to inform you that as per the provisions of the SEBI (Prohibition of Insider Trading) Regulations, 2015 and Company's code for prevention of Insider Trading, the Trading Window "
05-Dec-2022 13:19:54,Schedule of Analysts/Institutional Investor Meet/Con. Call,Dalmia Bharat Limited has informed the Exchange about Schedule of Analysts/Institutional Investor Meet/Con. Call 
24-Nov-2022 12:54:57,Schedule of Analysts/Institutional Investor Meet/Con. Call,"Pursuant to the provisions of Regulation 30 of SEBl (Listing Obligations and Disclosure Requirements) Regulations, 2015, we wish to inform you that the representatives of the company are scheduled to "
20-Nov-2022 21:35:30,Schedule of Analysts/Institutional Investor Meet/Con. Call,Dalmia Bharat Limited has informed the Exchange about Schedule of Analysts/Institutional Investor Meet/Con. Call Pursuant to the provisions of Regulation 30 of SEBl (Listing Obligations and Disclosure
20-Nov-2022 21:22:09,General updates,"This is to intimate that Dalmia Bharat Refractories Limited (DBRL), an associate company listed on Calcutta Stock Exchanged Limited and Metropolitan Stock Exchange of India Limited (���Stock Exchanges"
18-Nov-2022 13:39:54,General updates,"In reference to above-mentioned subject, we have filed investor presentation as per Regulation 30 of SEBI (Listing Obligations and Disclosure Requirements) Regulations, 2015 for November 2022 vide let"
11-Nov-2022 14:28:45,Related Party Transaction,"In terms of Regulation 23(9) of the Securities and Exchange Board of India (Listing Obligations and Disclosure Requirements) Regulations, 2015, attached is the disclosure of Related Party Transactions"
10-Nov-2022 17:55:12,Investor Presentation,"Please find enclosed herewith Investor Presentation - November 2022, which is proposed to be shared with Analysts / Investors."
10-Nov-2022 13:19:27,Schedule of Analysts/Institutional Investor Meet/Con. Call,"Pursuant to the provisions of Regulation 30 of SEBI (Listing Obligations and Disclosure Requirements) Regulations, 2015, the details of proposed schedule of Analyst/Institutional Investor meeting(s) i"
08-Nov-2022 16:44:03,Transcript of Analysts/Institutional Investor Meet/Con. Call,"In terms of Regulation 30 of the SEBI (Listing Obligation and Disclosure Requirement), Regulations 2015, please find attached transcript of the Q2 FY23 Earnings Conference Call held on November 03, 20"
07-Nov-2022 11:33:09,General updates,"This is to inform that the Board of Directors of the Company has allotted 11,160 equity shares of Rs.2/- each of the Company on November 05, 2022 to the Option Grantee upon exercise of stock options u"
03-Nov-2022 15:49:33,Recording of Analysts/Institutional Investor Meet/Con. Call,"We refer to our letter dated October 21, 2022, informing you about earnings call to be held today, i.e. Thursday, November 03, 2022, relating to the unaudited Standalone and Consolidated Financial Res"
03-Nov-2022 11:10:57,Newspaper Advertisements,"Pursuant to the Regulation 30 of SEBI Listing Regulations, please find attached copies of newspaper advertisement of unaudited Financial Results of the Company for the quarter and half year ended Sept"
02-Nov-2022 23:13:54,Investor Presentation,"Please find enclosed herewith Investor Presentation ��� Earning Release Q2FY23 & H1FY23, which is proposed to be shared with Analysts / Investors. "
02-Nov-2022 16:43:57,Dividend,"Dalmia Bharat Limited has informed the Exchange that Board of Directors at its meeting held on 02-Nov-2022, declared Dividend of Rs. 4 per equity share."
02-Nov-2022 16:43:55,Outcome of Board Meeting,Dalmia Bharat Limited  has informed the Exchange about Board Meeting held on 02-Nov-2022 to consider financial statements for the period ended September 2022 and Dividend
23-Oct-2022 11:22:03,General updates,"Please note that in accordance with the provisions of the Income Tax Act, 1961, dividend paid on or after 1st April 2020, is taxable in the hands of shareholders and the Company is required to deduct "
21-Oct-2022 20:05:39,Schedule of Analysts/Institutional Investor Meet/Con. Call,"Pursuant to the provisions of Regulation 30 read with Part A of Schedule III of the SEBl (Listing Obligations and Disclosure Requirements) Regulations, 2015, this is to inform you that an investors/an"
21-Oct-2022 14:59:17,Revised Record date,Dalmia Bharat Limited had intimated the 04-Nov-2022 as the record date. The Company has now informed the Exchange that the Record date has been revised to 11-Nov-2022 for the purpose of Dividend.
19-Oct-2022 16:02:15,Record Date,"In terms of Regulation 42 of the Listing Regulations, the RecordDate for reckoning the shareholders who shall be entitled to receive the interim dividend, if any, so declared, will be Thursday, Novemb"
06-Oct-2022 10:47:36,General updates,"Dalmia Bharat Limited has informed the Exchange about Certificate under Regulation 74(5) of SEBI (Depositories and Participants) Regulations, 2018 for the quarter ended September 30, 2022"
29-Sep-2022 12:14:54,Closure of trading window,"We wish to inform you that as per the provisions of the SEBI (Prohibition of Insider Trading) Regulations, 2015 and Company's code for prevention of Insider Trading, the Trading Window of the Company "
31-Aug-2022 11:26:12,Business Responsibility & Sustainability Report (BRSR),Please find attached herewith the BRSR forming part of the Annual Report of the Company for the financial year 2021-22.We request you to please take the same on record.
27-Aug-2022 20:04:36,General updates,Dalmia Bharat Limited has informed the Exchange about Investor Presentation - August 2022
24-Aug-2022 13:27:27,Loss of share certificate,"This is to inform you that pursuant to Regulation 39(3) of SEBI (Listing Obligations and Disclosure Requirements) Regulation, 2015, the Company has received a request for issuance of duplicate share c"
09-Aug-2022 15:56:33,Schedule of Analysts/Institutional Investor Meet/Con. Call,"Pursuant to the provisions of Regulation 30 of SEBl (Listing Obligations and Disclosure Requirements) Regulations, 2015, the details of proposed schedule of Analyst/Institutional Investor meeting is a"
09-Aug-2022 13:12:57,Transcript of Analysts/Institutional Investor Meet/Con. Call,"In terms of Regulation 30 of the SEBI (Listing Obligation and Disclosure Requirement), Regulations 2015, please find attached transcript of the Q1 FY23 Earnings Conference Call held on August 05, 2022"
05-Aug-2022 16:49:51,Recording of Analysts/Institutional Investor Meet/Con. Call,"We refer to our letter dated July 26, 2022, informing you about earnings call to be held today, i.e. Friday, August 05, 2022, relating to the unaudited Standalone and Consolidated Financial Results of"
05-Aug-2022 16:47:09,Newspaper Advertisements,"Pursuant to the Regulation 30 of SEBI Listing Regulations, please find attached copies of newspaper advertisement of unaudited Financial Results of the Company for the first quarter ended June 30, 202"
04-Aug-2022 19:24:49,Investor Presentation,"Please find enclosed herewith Investor Presentation ��� Earning Release Q1FY23, which is proposed to be shared with Analysts / Investors. We request you to please take the same on record."
04-Aug-2022 17:51:06,General updates,"This is to inform that the Board of Directors of the Company has allotted 1,00,000 equity shares of Rs.2/- each of the Company on August 04, 2022 to the Option Grantee upon exercise of stock options u"
04-Aug-2022 17:39:06,Outcome of Board Meeting,"Please take note that the Board of Directors in its meeting held today i.e. Thursday, August 04, 2022, approved the Unaudited Financial Results (Standalone & Consolidated) (���Results���) for the firs"
01-Aug-2022 12:52:45,Newspaper Advertisements,"This is to inform you that the Company, pursuant to Rule 6(3)(a) of the Investor Education and Protection Fund Authority (Accounting, Audit, Transfer and Refund) Rules, 2016, as amended, has published"
26-Jul-2022 12:55:24,Schedule of Analysts/Institutional Investor Meet/Con. Call,"Pursuant to the provisions of Regulation 30 read with Part A of Schedule III of the SEBl (Listing Obligations and Disclosure Requirements) Regulations, 2015, this is to inform you that an investors/an"
11-Jul-2022 16:22:06,General updates,"Dalmia Bharat Limited has informed the Exchange about Certificate under Regulation 74(5) of SEBI (Depositories and Participants) Regulations, 2018 for the quarter ended June 30, 2022"
01-Jul-2022 23:28:09,Annual General Meeting,"We are pleased to enclose herewith as Annexure A, details of voting results of the business transacted at the 9"" Annual General Meeting (���AGM���) of the members of the Company held on July 01, 2022 "
01-Jul-2022 22:46:48,General updates,"Dalmia Bharat Limited has informed the Exchange about Intimation of implementation of the Scheme(s) of Arrangement involving Dalmia Cement (Bharat) Limited (���DCBL���), wholly owned subsidiary of the"
01-Jul-2022 19:14:54,Annual General Meeting,Dalmia Bharat Limited has informed the Exchange about  Proceedings of Annual General Meeting held on 01-Jul-2022
01-Jul-2022 16:22:15,Annual General Meeting,"We wish to inform you that at the 9th Annual General Meeting (���AGM���) of the Company held today, i.e. Friday, July 01, 2022, at 11:30 A.M. IST through Video/Conferencing (���VC���) / Other Audio Vi"
29-Jun-2022 18:35:36,Closure of trading window,"We wish to inform you that as per the provisions of the SEBI (Prohibition of Insider Trading) Regulations, 2015 and Company's code for prevention of Insider Trading, the Trading Window of the Company "
23-Jun-2022 13:35:59,General updates,Dalmia Bharat Limited has informed the Exchange about Information regarding issuance of ���Letter of Confirmation��� in lieu of lost share certificate.
16-Jun-2022 17:27:58,Appointment,"With reference to the captioned subject, we hereby inform you that the Board of Directors of the Company in their meeting held today, has taken note of the resignation of Dr. Sanjeev Gemawat from the "
16-Jun-2022 17:21:11,Resignation,"With reference to the captioned subject, we hereby inform you that the Board of Directors of the Company in their meeting held today, has taken note of the resignation of Dr. Sanjeev Gemawat from the "
13-Jun-2022 19:53:57,General updates,"Dalmia Bharat Limited has informed the Exchange about submission of copy of the Order(s) received from Hon���ble National Company Law Tribunal, Chennai Bench approving the Scheme(s) of Arrangement inv"
09-Jun-2022 13:01:52,Newspaper Advertisements,"Please find enclosed e-copies of publication in the newspaper(s) published on June 09, 2022 in Business Line and Dinamani newspaper(s), intimating that the 9th Annual General Meeting of the Company wi"
08-Jun-2022 18:51:01,Annual General Meeting,"This is to inform you that the 9th Annual General Meeting (���AGM���) of Dalmia Bharat Limited (���Company���) is scheduled to be held on Friday, July 01, 2022 at 11.30 a.m. IST through Video Conferen"
08-Jun-2022 18:44:12,Record Date,Dalmia Bharat Limited has informed the Exchange that Record date for the purpose of Dividend  is 25-Jun-2022.
07-Jun-2022 16:37:44,Investor Presentation,"Please find enclosed herewith Investor Presentation ��� June 2022, which is proposed to be shared with Analysts / Investors.We request you to please take the same on record."
07-Jun-2022 13:31:07,Newspaper Advertisements,"Please find enclosed e-copies of publication in the newspaper(s) published on June 07, 2022 in Business Line and Dinamani newspaper(s), with respect to 9th Annual General Meeting of the Company to be "
03-Jun-2022 18:11:34,Schedule of Analysts/Institutional Investor Meet/Con. Call,"Pursuant to the provisions of Regulation 30 of SEBl (Listing Obligations and Disclosure Requirements) Regulations, 2015, the details of proposed schedule of Analyst/Institutional Investor meeting(s) i"
03-Jun-2022 18:09:55,Schedule of Analysts/Institutional Investor Meet/Con. Call,"Pursuant to the provisions of Regulation 30 of SEBl (Listing Obligations and Disclosure Requirements) Regulations, 2015, the details of proposed schedule of Analyst/Institutional Investor meeting(s) i"
01-Jun-2022 15:50:03,General updates,"Please note that in accordance with the provisions of the Income Tax Act, 1961, dividend paid on or after 1st April 2020, is taxable in the hands of shareholders and the Company is required to deduct "
27-May-2022 16:34:31,Loss of share certificate,"This is to inform you that pursuant to Regulation 39(3) of SEBI (Listing Obligations and Disclosure Requirements) Regulation, 2015, the Company has received a request for issuance of duplicate share c"
24-May-2022 18:47:50,General updates,"In terms of Regulation 23(9) of the Securities and Exchange Board of India (Listing Obligations and Disclosure Requirements) Regulations, 2015, attached is the disclosure of Related Party Transactions"
16-May-2022 15:11:28,General updates,"This is in reference to the disclosure made on May 10, 2022 with respect to the proposed appointment of M/S. Walker Chandiok & Co LLP by Dalmia Cement (Bharat) Limited (DCBL), a material subsidiary of"
13-May-2022 13:54:12,Transcript of Analysts/Institutional Investor Meet/Con. Call,"In terms of Regulation 30 of the SEBI (Listing Obligation and Disclosure Requirement), Regulations 2015, please find attached transcript of the Q4FY22 & FY22 Earnings Conference Call held on May 10, 2"
12-May-2022 20:06:57,Disclosure under SEBI Takeover Regulations,"Promoter/Promoter Group of Dalmia Bharat Limited has submitted a disclosure under Regulation 31(4) of SEBI (Substantial Acquisition of Shares and Takeovers) Regulations, 2011 for the year ended 31-Mar"
11-May-2022 09:34:21,Newspaper Advertisements,"Pursuant to the Regulation 30 of SEBI Listing Regulations, please find attached copies of newspaper advertisement of Audited Financial Results of the Company for the quarter and year ended March 31, 2"
10-May-2022 16:15:19,General updates,"Dalmia Bharat Limited has informed the Exchange about Resignation of M/S NSBP & Co., Joint Statutory Auditors of Dalmia Cement (Bharat) Limited (DCBL), a material subsidiary of the Company and propose"
10-May-2022 16:11:57,Recording of Analysts/Institutional Investor Meet/Con. Call,"We refer to our letter dated May 03, 2022, informing you about earnings call to be held today, i.e. Tuesday, May 10, 2022, relating to the Q4FY22 & FY22 Financial Results of the Company.In terms of Re"
10-May-2022 00:39:42,Investor Presentation,"Please find enclosed herewith Investor Presentation ��� Q4FY22 & FY22, which is proposed to be shared with Analysts / Investors. We request you to please take the same on record."
10-May-2022 00:37:25,Press Release,Dalmia Bharat Limited has informed the Exchange about  revised press release dated 09-May-2022 titled FY22 Highlights
09-May-2022 21:19:29,Financial Result Updates,"Dalmia Bharat Limited has submitted to the Exchange, the financial results for the period ended March 31, 2022."
09-May-2022 20:53:56,Dividend,"Dalmia Bharat Limited has informed the Exchange that Board of Directors at its meeting held on 09-May-2022, declared Dividend of Rs. 5 per equity share."
09-May-2022 20:53:53,Outcome of Board Meeting,Dalmia Bharat Limited  has informed the Exchange about Board Meeting held on 09-May-2022 to consider financial statements for the period ended March 2022 and Dividend
03-May-2022 10:52:21,Schedule of Analysts/Institutional Investor Meet/Con. Call,"This is in supersession to the disclosure made on May 02, 2022 with respect to investors/analyst conference call on the Audited Financial Results of the Company for the quarter and year ended March 31"
02-May-2022 11:37:58,Schedule of Analysts/Institutional Investor Meet/Con. Call,"Pursuant to the provisions of Regulation 30 read with Part A of Schedule III of the SEBl (Listing Obligations and Disclosure Requirements) Regulations, 2015, this is to inform you that an investors/an"
05-Apr-2022 10:11:57,General updates,"Pursuant to Regulation 74(5) of SEBI (Depositories and Participants) Regulations, 2018, please find attached the certificate of M/s KFin Technologies Limited, Registrar and Share Transfer Agent, certi"
29-Mar-2022 13:00:15,Closure of trading window,"We wish to inform you that as per the provisions of the SEBI (Prohibition of Insider Trading) Regulations, 2015 and Company's code for prevention of Insider Trading, the Trading Window of the Company "
25-Mar-2022 15:52:00,General updates,Dalmia Bharat Limited has informed the Exchange about Change of name of the Registrar and Share Transfer Agent of the Company from ���KFin Technologies Private Limited��� to ���KFin Technologies Limit
01-Mar-2022 18:48:01,General updates,"Dalmia Bharat Limited has informed the Exchange about Update about ���effective date��� of Schemes of Arrangement involving Dalmia Cement (Bharat) Limited, wholly owned subsidiary of the Company."
15-Feb-2022 16:17:00,Analysts/Institutional Investor Meet/Con. Call Updates,"Pursuant to the provisions of Regulation 30 of SEBl (Listing Obligations and Disclosure Requirements)  Regulations, 2015, the details of proposed schedule of Analyst/Institutional Investor meeting(s) "
15-Feb-2022 16:14:57,Analysts/Institutional Investor Meet/Con. Call Updates,"Pursuant to the provisions of Regulation 30 of SEBl (Listing Obligations and Disclosure Requirements)  Regulations, 2015, the details of proposed schedule of Analyst/Institutional Investor meeting(s) "
15-Feb-2022 16:12:12,Analysts/Institutional Investor Meet/Con. Call Updates,"Pursuant to the provisions of Regulation 30 of SEBl (Listing Obligations and Disclosure Requirements)  Regulations, 2015, the details of proposed schedule of Analyst/Institutional Investor meeting(s) "
10-Feb-2022 17:56:13,Reply to Clarification Sought,"DALBHARAT: The Exchange had sought clarification from Dalmia Bharat Limited with respect to announcement dated 01-Feb-2022, regarding its press release dated February 01, 2022, titled ""Dalmia Cement B"
08-Feb-2022 12:00:57,ESOP/ESOS/ESPS,Dalmia Bharat Limited has informed the Exchange regarding Allotment of 240000  Shares.
05-Feb-2022 18:04:49,Updates,"Dalmia Bharat Limited has informed the Exchange regarding 'Update about Scheme of Arrangement involving Dalmia Cement (Bharat) Limited, whollyowned subsidiary of the Company.'."
04-Feb-2022 12:04:08,Clarification,"DALBHARAT: The Exchange has sought clarification from Dalmia Bharat Limited with respect to announcement dated 01-Feb-2022, regarding its press release dated February 01, 2022, titled ""Dalmia Cement B"
01-Feb-2022 21:32:41,Press Release,"Dalmia Bharat Limited has informed the Exchange regarding a press release dated February 01, 2022, titled ""Dalmia Cement Bharat Solidifies Renewable Energy Commitment with Solar Power Plant Expansion"""
01-Feb-2022 18:01:00,Updates,"Dalmia Bharat Limited has informed the Exchange regarding 'This is in continuation to our letter dated January 31, 2022, informing about receipt of an order dated January 29, 2022 from Andhra Pradesh "
31-Jan-2022 23:00:21,Updates,"Dalmia Bharat Limited has informed the Exchange regarding 'This is to inform you that Dalmia Cement (Bharat) Limited ( DCBL ), wholly owned material subsidiary of the Company has received an order dat"
29-Jan-2022 10:16:57,Copy of Newspaper Publication,"Pursuant to the Regulation 30 of SEBI Listing Regulations, please find attached copies of newspaper advertisement of Unaudited Financial Results of the Company for the quarter and nine months endedDec"
27-Jan-2022 19:14:38,Outcome of Board Meeting,"Please take note that the Board of Directors in its meeting held today i.e. Thursday, January 27, 2022 approved the Unaudited Financial Results (Standalone & Consolidated) ( Results ) for the quarter "
27-Jan-2022 19:03:50,Financial Result Updates,"Dalmia Bharat Limited has submitted to the Exchange, the financial results for the period ended December 31, 2021."
20-Jan-2022 11:21:31,Analysts/Institutional Investor Meet/Con. Call Updates,"Pursuant to the provisions of Regulation 30 read with Part A of Schedule III of the SEBl (Listing Obligations and Disclosure Requirements) Regulations, 2015, this is to inform you that an investors/an"
15-Jan-2022 17:21:56,Press Release,"Dalmia Bharat Limited has informed the Exchange regarding a press release dated January 15, 2022, titled ""Dalmia Bharat Expands and adds 2.9 MnT Cement Capacity at it s Murli Plant in Maharashtra, ent"
04-Jan-2022 18:08:18,"Certificate under SEBI (Depositories and Participants) Regulations, 2018","Dalmia Bharat Limited has informed the Exchange about Certificate under SEBI (Depositories and Participants) Regulations, 2018"
27-Dec-2021 16:41:32,Trading Window,"Dalmia Bharat Limited has informed the Exchange regarding the Trading Window closure pursuant to SEBI (Prohibition of Insider Trading) Regulations, 2015"
11-Nov-2021 22:41:52,Analysts/Institutional Investor Meet/Con. Call Updates,"Pursuant to the provisions of Regulation 30 of SEBl (Listing Obligations and Disclosure Requirements) Regulations, 2015, the details of proposed schedule of Analyst/Institutional Investor meeting(s) i"
10-Nov-2021 19:02:48,ESOP/ESOS/ESPS,Dalmia Bharat Limited has informed the Exchange regarding Allotment of 11160  Shares.
28-Oct-2021 13:31:31,Revised Record date,Dalmia Bharat Limited had intimated the 09-Nov-2021 as the record date. The Company has now informed the Exchange that the Record date has been revised to 10-Nov-2021 for the purpose of Dividend.
28-Oct-2021 13:17:18,Copy of Newspaper Publication,"Pursuant to the Regulation 30 of SEBI Listing Regulations, please find attached copies of newspaper advertisement of Unaudited Financial Results of the Company for the quarter and half year ended Sept"
27-Oct-2021 17:43:40,Record Date,Dalmia Bharat Limited has informed the Exchange that Record date for the purpose of DI  is 09-Nov-2021.
27-Oct-2021 17:35:29,Dividend,"Dalmia Bharat Limited has informed the Exchange that Board of Directors at its meeting held on October 27, 2021, declared Interim Dividend of 4 per equity share."
27-Oct-2021 17:33:22,Financial Result Updates,"Dalmia Bharat Limited has submitted to the Exchange, the financial results for the period ended September 30, 2021."
16-Oct-2021 19:03:21,Analysts/Institutional Investor Meet/Con. Call Updates,Dalmia Bharat Limited has informed the Exchange about Schedule of meet
09-Oct-2021 19:11:25,"Certificate under SEBI (Depositories and Participants) Regulations, 2018","Certificate under Regulation 74(5) of SEBI (Depositories and Participants)Regulations, 2018 for the quarter ended September 30, 2021"
01-Oct-2021 12:00:49,Shareholders meeting,"Dalmia Bharat Limited has submitted the Exchange a copy Srutinizers report of  Annual General Meeting held on September 29, 2021. Further, the company has informed the Exchange regarding voting result"
30-Sep-2021 12:21:22,Trading Window,"Dalmia Bharat Limited has informed the Exchange regarding the Trading Window closure pursuant to SEBI (Prohibition of Insider Trading) Regulations, 2015"
30-Sep-2021 12:11:13,Shareholders meeting,"Dalmia Bharat Limited has informed the Exchange regarding Proceedings of Annual General Meeting held on September 29, 2021"
24-Sep-2021 16:56:31,Press Release,"Dalmia Bharat Limited has informed the Exchange regarding a press release dated September 24, 2021, titled "" Dalmia Cement (Bharat) Ltd. commences commercial production of Line 2 at its Kapilas Cement"
20-Sep-2021 15:19:25,Investor Presentation,Dalmia Bharat Limited has informed the Exchange about Investor Presentation
15-Sep-2021 16:22:24,Analysts/Institutional Investor Meet/Con. Call Updates,Dalmia Bharat Limited has informed the Exchange about Analysts/Institutional Investor Meet/Con. Call Updates
14-Sep-2021 13:24:25,Reply to Clarification Sought,"DALBHARAT: The Exchange had sought clarification from Dalmia Bharat Limited with respect to announcement dated 28-Aug-2021, regarding press release titled ""MoUs signed by Dalmia Cement (Bharat) Limite"
08-Sep-2021 18:50:59,Copy of Newspaper Publication,"Please find enclosed e-copies of newspaper advertisement published on September 08, 2021 in Business Line and Dinamani newspaper(s), intimating that the 8th Annual General Meeting of the Company will "
07-Sep-2021 23:04:41,Shareholders meeting,"Dalmia Bharat Limited has informed the Exchange regarding Notice of Annual General Meeting to be held on September 29, 2021"
07-Sep-2021 14:20:44,Clarification,"DALBHARAT: The Exchange has sought clarification from Dalmia Bharat Limited with respect to announcement dated 28-Aug-2021, regarding press release titled ""MoUs signed by Dalmia Cement (Bharat) Limite"
03-Sep-2021 18:31:48,Copy of Newspaper Publication,"Please find enclosed e-copies of newspaper advertisement published on September 03, 2021 in Business Line and Dinamani newspaper(s), with respect to 8th Annual General Meeting of the Company to be hel"
28-Aug-2021 20:19:49,Press Release,"Dalmia Bharat Limited has informed the Exchange regarding a press release dated August 28, 2021, titled ""MoUs signed by Dalmia Cement (Bharat) Limited, a wholly owned subsidiary of the Company with Go"
21-Aug-2021 20:25:38,Updates,Dalmia Bharat Limited has informed the Exchange regarding 'Communication to Shareholders - Intimation on Tax Deduction on Dividend'.
05-Aug-2021 21:01:02,Copy of Newspaper Publication,"This is to inform you that the Company, pursuant to Rule 6(3)(a) of the Investor Education and Protection Fund Authority (Accounting, Audit, Transfer and Refund) Rules, 2016, as amended, has published"
28-Jul-2021 12:41:40,Copy of Newspaper Publication,"Pursuant to the Regulation 30 of SEBI Listing Regulations, please find attached copies of newspaper advertisement of Unaudited Financial Results of the Company for the quarter ended June 30, 2021, pub"
28-Jul-2021 10:18:01,Investor Presentation,Dalmia Bharat Limited has informed the Exchange about Investor Presentation
27-Jul-2021 17:37:58,Updates,"Dalmia Bharat Limited has informed the Exchange regarding 'The Board of Directors in its meeting held today i.e. Tuesday, July 27, 2021 recommended the appointment of M/s. Walker Chandiok & Co LLP, Ch"
27-Jul-2021 17:33:36,Updates,"Dalmia Bharat Limited has informed the Exchange regarding 'Convening of 8th Annual General Meeting ( AGM ) of the Company on Wednesday, September 29, 2021 through Video Conferencing/Other Audio Visual"
27-Jul-2021 17:17:27,Outcome of Board Meeting,"Dalmia Bharat Limited has informed the Exchange regarding Outcome of Board Meeting held on July 27, 2021."
27-Jul-2021 17:15:46,Record Date,Dalmia Bharat Limited has informed the Exchange that Record date for the purpose of Dividend & AGM  is 22-Sep-2021.
27-Jul-2021 17:11:34,Financial Result Updates,"Dalmia Bharat Limited has submitted to the Exchange, the financial results for the period ended June 30, 2021."
21-Jul-2021 11:19:50,Analysts/Institutional Investor Meet/Con. Call Updates,Dalmia Bharat Limited has informed the Exchange about Analysts/Institutional Investor Meet/Con. Call Updates
08-Jul-2021 23:14:46,Demise,"Dalmia Bharat Limited has informed the Exchange regarding Demise of Mr Jai Hari Dalmia, Promoter and Non - Executive Director of the company on July 08, 2021."
06-Jul-2021 14:34:36,"Certificate under SEBI (Depositories and Participants) Regulations, 2018","Dalmia Bharat Limited has informed the Exchange about Certificate under SEBI (Depositories and Participants) Regulations, 2018"
30-Jun-2021 21:48:08,Trading Window,"Dalmia Bharat Limited has informed the Exchange regarding the Trading Window closure pursuant to SEBI (Prohibition of Insider Trading) Regulations, 2015"
28-Jun-2021 21:00:41,Loss of Share Certificates,Dalmia Bharat Limited has informed the Exchange about Loss of Share Certificates
04-Jun-2021 19:07:12,Loss of Share Certificates,Dalmia Bharat Limited has informed the Exchange about Loss of Share Certificates
02-Jun-2021 18:54:42,Analysts/Institutional Investor Meet/Con. Call Updates,Dalmia Bharat Limited has informed the Exchange about Analysts/Institutional Investor Meet/Con. Call Updates
28-May-2021 20:36:22,Related Party Transactions,Dalmia Bharat Limited has informed the Exchange about related Party Transactions
20-May-2021 18:29:40,Updates,"Dalmia Bharat Limited has informed the Exchange regarding 'We wish to inform you that Dalmia Power Limited, a wholly owned subsidiary of Dalmia Bharat Limited (the  Company ) has sold 1,34,00,000 equi"
18-May-2021 19:38:08,Disclosure under SEBI Takeover Regulations,"Promoter/Member of the Promoter Group of the Company has informed the Exchange regarding disclosure under Regulation 30 and 31(4) of SEBI SAST Regulations, 2011 as on March 31, 2021."
01-May-2021 18:02:49,Copy of Newspaper Publication,Dalmia Bharat Limited has informed the Exchange about Copy of Newspaper Publication
30-Apr-2021 04:51:26,Dividend,"Dalmia Bharat Limited has informed the Exchange that Board of Directors at its meeting held on April 29, 2021, recommended Final Dividend of 1.33 per equity share."
30-Apr-2021 04:42:51,Financial Result Updates,"Dalmia Bharat Limited has submitted to the Exchange, the financial results for the period ended March 31, 2021."
23-Apr-2021 17:55:08,Copy of Newspaper Publication,"Pursuant to Regulation 47(1) of the SEBI (Listing Obligations and Disclosure Requirements) Regulations, 2015 ( SEBI Regulation ), please find enclosed newspaper advertisement published in the followin"
20-Apr-2021 11:25:27,Disclosure under SEBI Takeover Regulations,"��Promoter/Member of the Promoter Group of the Company has informed the Exchange regarding disclosure under Regulation 30 and Regulation 31(4) of SEBI SAST Regulations 2011��as at March 31, 2021."
07-Apr-2021 15:54:59,"Certificate under SEBI (Depositories and Participants) Regulations, 2018","Pursuant to Regulation 74(5) of SEBI (Depositories and Participants) Regulations, 2018, we are forwarding herewith a copy of the certificate dated April 03, 2021 of M/s. KFIN Technologies Private Limi"
02-Apr-2021 19:21:51,Updates,"Dalmia Bharat Limited has informed the Exchange regarding 'Intimation of event under Regulation 30 of SEBI (Listing Obligations and Disclosure Requirements) Regulations, 2015 ( LODR Regulations ) - Re"
30-Mar-2021 10:50:26,Trading Window,"Dalmia Bharat Limited has informed the Exchange regarding the Trading Window closure pursuant to SEBI (Prohibition of Insider Trading) Regulations, 2015"
30-Mar-2021 10:42:29,Updates,"Dalmia Bharat Limited has informed the Exchange regarding 'This is in supersession to the disclosure made on February 04, 2021 with respect to ESOP shares this is to inform that the Board of Directors"
24-Mar-2021 10:05:14,Updates,"Dalmia Bharat Limited has informed the Exchange regarding 'Pursuant to Regulation 30 of the SEBI (Listing Obligations and Disclosure Requirements), Regulations, 2015, it is to inform that on March 23,"
23-Mar-2021 23:24:24,Appointment,"Dalmia Bharat Limited has informed the Exchange regarding Appointment of Mr Dharmender Tuteja as Chief Financial Officer and Key Managerial Personnel  of the company w.e.f. March 23, 2021."
23-Mar-2021 23:18:25,Updates,Dalmia Bharat Limited has informed the Exchange regarding 'Intimation of Appointment of Chief Financial Officer (CF0) and Key Managerial Personnel (KMP) under Regulation 30 of the SEBI (Listing Obliga
23-Mar-2021 22:58:43,Updates,Dalmia Bharat Limited has informed the Exchange regarding 'Disclosure of Schemes involving subsidiary and step-down subsidiaries of the Company'.
16-Mar-2021 17:40:59,Updates,"Dalmia Bharat Limited has informed the Exchange regarding 'Intimation of event under Regulation 30 of SEBI (Listing Obligations and DisclosureRequirements) Regulations, 2015 ( LODR Regulations )&#8208"
16-Mar-2021 15:12:31,Analysts/Institutional Investor Meet/Con. Call Updates,Dalmia Bharat Limited has informed the Exchange about Analysts/Institutional Investor Meet/Con. Call Updates
23-Feb-2021 18:33:58,Loss of Share Certificates,Dalmia Bharat Limited has informed the Exchange about Loss of Share Certificates
11-Feb-2021 15:14:47,Analysts/Institutional Investor Meet/Con. Call Updates,Dalmia Bharat Limited has informed the Exchange about Analysts/Institutional Investor Meet/Con. Call Updates
05-Feb-2021 09:48:33,Updates,"Dalmia Bharat Limited has informed the Exchange regarding 'Intimation of event under Regulation 30 of SEBI (Listing Obligations and Disclosure Requirements) Regulations, 2015 ( LODR Regulations )&#820"
04-Feb-2021 20:45:47,ESOP/ESOS/ESPS,"Dalmia Bharat Limited has informed the Exchange regarding Allotment of 327500  Shares.The Board of Directors of the Company at its meeting held today (i.e. February 04, 2021), inter alia issued and al"
04-Feb-2021 20:23:36,Outcome of Board Meeting,"The Board of Directors of the Company has at its meeting held today (i.e. February 04, 2021), inter alia considered and approved Standalone and Consolidated Unaudited Financial Results for the quarter"
04-Feb-2021 20:15:16,Financial Result Updates,"Dalmia Bharat Limited has submitted to the Exchange, the financial results for the period ended December 31, 2020."
02-Feb-2021 15:36:52,Analysts/Institutional Investor Meet/Con. Call Updates,"Pursuant to the provisions of Regulation 30 read with Part A of Schedule III of the SEBl (Listing Obligations and Disclosure Requirements) Regulations, 2015, this is to inform you that an investors/an"
22-Jan-2021 19:44:33,Copy of Newspaper Publication,Dalmia Bharat Limited has informed the Exchange about Copy of Newspaper Publication
13-Jan-2021 19:15:24,"Certificate under SEBI (Depositories and Participants) Regulations, 2018","Dalmia Bharat Limited has informed the Exchange about Certificate under SEBI (Depositories and Participants) Regulations, 2018"
30-Dec-2020 18:43:51,Trading Window,"Dalmia Bharat Limited has informed the Exchange regarding the Trading Window closure pursuant to SEBI (Prohibition of Insider Trading) Regulations, 2015.."
16-Dec-2020 16:26:06,Loss of Share Certificates,Dalmia Bharat Limited has informed the Exchange about Loss of Share Certificates
10-Dec-2020 17:54:29,Updates,Dalmia Bharat Limited has informed the Exchange regarding 'Dalmia Bharat Limited has informed the Exchange regarding disclosure pursuant to Regulation 30 of the SEBI (Listing Obligation and Disclosure
03-Dec-2020 18:27:15,Related Party Transactions,Dalmia Bharat Limited has informed the Exchange about related Party Transactions
05-Nov-2020 18:09:04,Financial Result Updates,"Dalmia Bharat Limited has submitted to the Exchange, the financial results for the period ended September 30, 2020."
05-Nov-2020 18:01:48,Outcome of Board Meeting,"Dalmia Bharat Limited has informed the Exchange regarding  Board meeting held on November 05, 2020."
02-Nov-2020 19:34:46,Analysts/Institutional Investor Meet/Con. Call Updates,Dalmia Bharat Limited has informed the Exchange about Analysts/Institutional Investor Meet/Con. Call Updates. Pursuant to the provisions of Regulation 30 read with Part A of Schedule III of the SEBl (
28-Oct-2020 21:18:13,Copy of Newspaper Publication,Dalmia Bharat Limited has informed the Exchange about Copy of Newspaper Publication
14-Oct-2020 19:19:29,Resignation,"Dalmia Bharat Limited has informed the Exchange regarding Resignation of Mr Jayesh Nagindas Doshi as Chief Financial Officer of the company w.e.f. October 31, 2020."
14-Oct-2020 19:15:50,Resignation,"Dalmia Bharat Limited has informed the Exchange regarding Resignation of Mr Jayesh Nagindas Doshi as Executive Director of the company w.e.f. October 31, 2020."
12-Oct-2020 19:40:19,"Certificate under SEBI (Depositories and Participants) Regulations, 2018","Dalmia Bharat Limited has informed the Exchange about Certificate under SEBI (Depositories and Participants) Regulations, 2018"
02-Oct-2020 16:53:25,Post Buyback Public Announcement,Dalmia Bharat Limited has informed the Exchange about post Buyback Public Announcement
01-Oct-2020 18:14:52,Closure of Buy Back,"Dalmia Bharat Limited has informed the Exchange regarding Closure of Buy Back with effect from October 01, 2020"
30-Sep-2020 19:00:43,Shareholders meeting,"Dalmia Bharat Limited has informed the Exchange regarding Proceedings of Annual General Meeting held on September 30, 2020. Further, the company has submitted the Exchange a copy of Srutinizers report"
29-Sep-2020 17:43:52,Trading Window,"Dalmia Bharat Limited has informed the Exchange regarding the Trading Window closure pursuant to SEBI (Prohibition of Insider Trading) Regulations, 2015"
23-Sep-2020 19:26:15,Loss of Share Certificates,Dalmia Bharat Limited has informed the Exchange about Loss of Share Certificates
10-Sep-2020 18:14:57,Updates,"Dalmia Bharat Limited has informed the Exchange regarding 'Update regarding acquisition/revival of Murli Industries Limited under Insolvency and Bankruptcy Code, 2016'."
09-Sep-2020 19:25:19,Copy of Newspaper Publication,Dalmia Bharat Limited has informed the Exchange about Copy of Newspaper Publication
09-Sep-2020 19:22:40,Loss of Share Certificates,Dalmia Bharat Limited has informed the Exchange about Loss of Share Certificates
08-Sep-2020 20:47:46,Book Closure,Dalmia Bharat Limited has informed the Exchange that Register of Members & Share Transfer Books of the Company will remain closed from 24-Sep-2020 to 30-Sep-2020 for the purpose of Annual General Meet
08-Sep-2020 20:40:54,Shareholders meeting,"Dalmia Bharat Limited has informed the Exchange regarding Notice of Annual General Meeting to be held on September 30, 2020"
07-Sep-2020 19:10:19,Copy of Newspaper Publication,Dalmia Bharat Limited has informed the Exchange about Copy of Newspaper Publication
24-Aug-2020 19:58:19,Copy of Newspaper Publication,Dalmia Bharat Limited has informed the Exchange about Copy of Newspaper Publication
06-Aug-2020 19:49:07,Financial Result Updates,"Dalmia Bharat Limited has submitted to the Exchange, the financial results for the period ended June 30, 2020."
06-Aug-2020 19:44:36,Outcome of Board Meeting,"Dalmia Bharat Limited has informed the Exchange regarding  Board meeting held on August 06, 2020."
04-Aug-2020 17:22:54,Analysts/Institutional Investor Meet/Con. Call Updates,Dalmia Bharat Limited has informed the Exchange about Analysts/Institutional Investor Meet/Con. Call Updates
30-Jul-2020 19:46:00,Copy of Newspaper Publication,Dalmia Bharat Limited has informed the Exchange about Copy of Newspaper Publication
15-Jul-2020 20:11:00,"Certificate under SEBI (Depositories and Participants) Regulations, 2018","Dalmia Bharat Limited has informed the Exchange about Certificate under SEBI (Depositories and Participants) Regulations, 2018"
13-Jul-2020 22:57:00,Updates,"Dalmia Bharat Limited has informed the Exchange regarding 'Disclosure under Regulation 30 of Securities and Exchange Board of India (Listing Obligations and Disclosure Requirements) Regulations, 2015 "
12-Jul-2020 14:52:00,Related Party Transactions,Dalmia Bharat Limited has informed the Exchange about related Party Transactions
30-Jun-2020 19:29:00,Buyback,Dalmia Bharat Limited has informed the Exchange about Buyback
30-Jun-2020 19:21:00,Trading Window,"Dalmia Bharat Limited has informed the Exchange regarding the Trading Window closure pursuant to SEBI (Prohibition of Insider Trading) Regulations, 2015"
15-Jun-2020 20:01:00,Buyback,Dalmia Bharat Limited has informed the Exchange about Buyback
13-Jun-2020 18:06:30,Financial Result Updates,"Dalmia Bharat Limited has submitted to the Exchange, the financial results for the period ended March 31, 2020."
13-Jun-2020 18:01:00,Outcome of Board Meeting,"Dalmia Bharat Limited has informed the Exchange regarding  Board meeting held on Jun 13, 2020."
09-Jun-2020 13:06:00,Analysts/Institutional Investor Meet/Con. Call Updates,"Pursuant to the provisions of Regulation 30 read with Part A of Schedule Ill of the SEBI (Listing Obligations and Disclosure Requirements) Regulations, 2015, this is to inform you that an investors/an"
29-May-2020 10:31:00,Disclosure under SEBI Takeover Regulations,Promoters Dalmia Bharat Limited has informed the Exchange regarding the disclosure pursuant to the provisions of Regulation 30 of the SEBI (Substantial Acquisition of Shares and Takeovers) Regulations
24-Apr-2020 21:39:00,Updates,"Dalmia Bharat Limited has informed the Exchange regarding 'Disclosure under Regulation 30 of Securities and Exchange Board of India (Listing Obligations and Disclosure Requirements) Regulations, 2015 "
22-Apr-2020 20:30:00,Updates,"Dalmia Bharat Limited has informed the Exchange regarding 'Pursuant to Regulation 74(5) of SEBI (Depositories and Participants) Regulations, 2018, we are forwarding herewith a copy of the certificate "
03-Apr-2020 08:29:00,Copy of Newspaper Publication,Dalmia Bharat Limited has informed the Exchange regarding Corrigendum to the public announcement in relation to the buyback of equity shares of INR 2/- each ( Equity Shares ) by Dalmia Bharat Limited 
30-Mar-2020 19:19:00,Trading Window,"Dalmia Bharat Limited has informed the Exchange regarding the Trading Window closure pursuant to SEBI (Prohibition of Insider Trading) Regulations, 2015"
25-Mar-2020 17:02:00,Updates,"Dalmia Bharat Limited has informed the Exchange regarding 'Disclosure under Regulation 30 of Securities and Exchange Board of India (Listing Obligations and Disclosure Requirements) Regulations, 2015 "
24-Mar-2020 19:23:00,Public Announcement - Buyback of Shares,Dalmia Bharat Limited has informed the Exchange regarding Public Announcement��Buyback of equity shares from the open market through stock exchanges under the Securities and Exchange Board of India (B
23-Mar-2020 08:25:00,Buyback,"Dalmia Bharat Limited has informed the Exchange that Board of Directors of the Company in its board meeting held today i.e. March 21, 2020, approved the buyback of equity shares (the Buyback"") of the "
22-Mar-2020 18:23:00,Outcome of Board Meeting,"Dalmia Bharat Limited has informed the Exchange regarding  revision in the outcome of Board meeting held on March 21, 2020 for the purpose of  Buy Back of shares of the Company."
21-Mar-2020 15:44:00,Press Release,"Dalmia Bharat Limited has informed the Exchange regarding a press release dated March 21, 2020, titled ""Buy Back of Shares of the Company""."
21-Mar-2020 12:29:00,Outcome of Board Meeting,"Dalmia Bharat Limited has informed the Exchange regarding  outcome of the Board Meeting dated March 21, 2020, approving buyback of equity shares (the  Buyback"")."
18-Feb-2020 12:04:00,Reply to Clarification- Financial results,The Exchange had sought clarification from Dalmia Bharat Limited for the quarter ended 31-Dec-2019 with respect to Regulation 33 of the SEBI (Listing Obligations and Disclosure Requirements) Regulatio
11-Feb-2020 16:49:00,Shareholders meeting,"Dalmia Bharat Limited has informed the Exchange regarding Proceedings of Postal Ballot. Further, the company has submitted the Exchange a copy of Srutinizers report along with voting results."
10-Feb-2020 20:02:00,Clarification - Financial Results,The Exchange has sought clarification from Dalmia Bharat Limited for the quarter ended 31-Dec-2019 with respect to Regulation 33 of the SEBI (Listing Obligations and Disclosure Requirements) Regulatio
07-Feb-2020 08:37:00,Record Date,"Dalmia Bharat Limited has informed the Exchange that the Company has fixed Record Date as February 18, 2020 for the purpose of Interim Dividend and has declared interim dividend of Rs. 2/- (100%) per "
07-Feb-2020 08:37:00,Dividend,"Dalmia Bharat Limited has informed the Exchange that the Board of Directors of the Company at its meeting held on February 06, 2020, has declared interim dividend of Rs. 2/- (100%) per equity share of"
06-Feb-2020 20:31:00,Outcome of Board Meeting,"Dalmia Bharat Limited has informed the Exchange regarding  Board meeting held on February 06, 2020."
06-Feb-2020 20:27:08,Financial Result Updates,"Dalmia Bharat Limited has submitted to the Exchange, the financial results for the period ended December 31, 2019."
05-Feb-2020 12:32:00,Press Release,"Dalmia Bharat Limited has informed the Exchange regarding a press release dated February 05, 2020, titled ""Joint Press Release""."
05-Feb-2020 12:05:00,Press Release,"Dalmia Bharat Limited has informed the Exchange regarding a press release dated February 05, 2020, titled ""Press Release""."
03-Feb-2020 19:23:00,Dividend Updates,"Dalmia Bharat Limited has informed the Exchange that In furtherance to our letter dated January 27, 2020 intimating the Board Meeting of the Company which is scheduled to be held on February 06, 2020 "
29-Jan-2020 18:53:00,Updates,"Dalmia Bharat Limited has informed the Exchange regarding 'Pursuant to Regulation 47(1) of the SEBI (Listing Obligations and Disclosure Requirements) Regulations, 2015 (""SEBI Regulations""), please fin"
29-Jan-2020 18:37:00,Analysts/Institutional Investor Meet/Con. Call Updates,Dalmia Bharat Limited has informed the Exchange regarding Analysts/Institutional Investor Meet/Con. Call Updates
15-Jan-2020 19:55:00,Updates,"Dalmia Bharat Limited has informed the Exchange regarding 'Compliance Certificate Pursuant to Regulation 74(5) of SEB! (Depositories and Participants) Regulations, 2018'."
10-Jan-2020 17:34:00,Updates,Dalmia Bharat Limited has informed the Exchange regarding 'Newspaper Publication'.
09-Jan-2020 17:43:00,Shareholders meeting,Dalmia Bharat Limited has informed the Exchange regarding Notice of Postal Ballot
31-Dec-2019 17:16:00,Trading Window,"Dalmia Bharat Limited has informed the Exchange regarding the Trading Window closure pursuant to SEBI (Prohibition of Insider Trading) Regulations, 2015"
13-Dec-2019 12:30:00,Registrar & Share Transfer Agent Update,Dalmia Bharat Limited has informed the Exchange regarding the Registrar & Share Transfer Agent Update
15-Nov-2019 17:39:00,Related Party Transactions,"Dalmia Bharat Limited has informed the Exchange regarding Compliance Under Regulation 23(9) of the SEBI (LODR) regulations, 2015."
14-Nov-2019 19:58:00,Press Release,"Dalmia Bharat Limited has informed the Exchange regarding a press release dated November 14, 2019, titled ""Scheme(s) of Arrangement involving Dalmia Cement (Bharat) Limited, a subsidiary of Dalmia Bha"
14-Nov-2019 19:52:00,Updates,Dalmia Bharat Limited has informed the Exchange regarding 'Schemes of Arrangement involving subsidiary and step-down subsidiaries of the Company.'.
06-Nov-2019 15:29:00,Updates,"Dalmia Bharat Limited has informed the Exchange regarding 'This is to inform you that pursuant to Regulation 39(3) of SEBI (Listing Obligations and Disclosure Requirements) Regulation, 2015, the Compa"
23-Oct-2019 18:06:00,Updates,"Dalmia Bharat Limited has informed the Exchange regarding 'Pursuant to Regulation 74(5) of SEBI (Depositories and Participants) Regulations, 2018, we are forwarding herewith a copy of the certificate "
19-Oct-2019 20:06:00,Outcome of Board Meeting,"Dalmia Bharat Limited has informed the Exchange regarding  Board meeting held on October 19, 2019."
19-Oct-2019 20:02:46,Financial Result Updates,"Dalmia Bharat Limited has submitted to the Exchange, the financial results for the period ended September 30, 2019."
15-Oct-2019 17:11:00,News Clarification,Dalmia Bharat Limited has informed the Exchange regarding Clarification with respect to news article on Mauritius based GuarantCo filing insolvency petition against Calcom Cement a subsidiary of Dalmi
30-Sep-2019 12:49:00,Trading Window,"Dalmia Bharat Limited has informed the Exchange regarding the Trading Window closure pursuant to SEBI (Prohibition of Insider Trading) Regulations, 2015"
25-Sep-2019 17:11:00,Resignation,"Dalmia Bharat Limited has informed the Exchange regarding Resignation of Mr Nagarajan Gopalaswamy as Non- Executive Independent Director of the company w.e.f. September 25, 2019."
12-Sep-2019 14:49:00,News Verification,The Exchange has sought clarification from Dalmia Bharat Limited with respect to recent news item captioned Dalmia Bharat puts in bid for Emamis cement business.  The response from the Company is atta
12-Sep-2019 10:56:00,News Verification,The Exchange has sought clarification from Dalmia Bharat Limited with respect to recent news item captioned Dalmia Bharat puts in bid for Emamis cement business.  The response from the Company is awai
30-Aug-2019 16:27:00,Change in Director(s),Dalmia Bharat Limited has informed the Exchange regarding Change in Director(s) of the company.
30-Aug-2019 16:22:00,Shareholders meeting,"Dalmia Bharat Limited has informed the Exchange regarding Proceedings of Annual General Meeting held on August 30, 2019. Further, the company has submitted the Exchange a copy of Srutinizers report al"
07-Aug-2019 17:46:00,Updates,"Dalmia Bharat Limited has informed the Exchange regarding 'Pursuant to Regulation 30 of SEBI (Listing Obligations and Disclosure Requirements) Regulations, 2015, attached is a copy of notice given to "
06-Aug-2019 20:01:00,AGM/Book Closure,"Dalmia Bharat Limited has informed the Exchange that the Register of Members and Share Transfer Books of the Company will remain closed from August 24, 2019 to August 30, 2019 ( both days inclusive) f"
06-Aug-2019 19:23:00,Shareholders meeting,"Dalmia Bharat Limited has informed the Exchange regarding Notice of Annual General Meeting to be held on August 30, 2019"
05-Aug-2019 16:59:00,Updates,"Dalmia Bharat Limited has informed the Exchange regarding 'This is to inform you that the Company, pursuant to Rule 6(3)(a) of the Investor Education and Protection Fund Authority (Accounting, Audit, "
01-Aug-2019 20:08:00,Outcome of Board Meeting,"Dalmia Bharat Limited has informed the Exchange regarding  Board meeting held on August 01, 2019."
01-Aug-2019 20:03:41,Financial Result Updates,"Dalmia Bharat Limited has submitted to the Exchange, the financial results for the period ended June 30, 2019."
26-Jul-2019 15:41:00,Updates,"Dalmia Bharat Limited has informed the Exchange regarding 'Update on Resolution Plan submitted for acquisition of Murli Industries Limited under Insolvency and Bankruptcy Code, 2016'."
30-Jun-2019 13:50:00,Trading Window,"Dalmia Bharat Limited has informed the Exchange regarding the Trading Window closure pursuant to SEBI (Prohibition of Insider Trading) Regulations, 2015"
27-Jun-2019 19:32:00,Disclosure under SEBI Takeover Regulations,Kavita Dalmia has submitted to the Exchange a copy of disclosure as per the prescribed format as required under Regulation 10(6) read with Regulation 10(1)(a) of SEBI (Substantial Acquisition of Share
25-Jun-2019 17:04:00,Disclosure under SEBI Takeover Regulations,shri Gautam Dalmia has submitted to the Exchange a copy of disclosure as per the prescribed format as required under Regulation 10(6) read with Regulation 10(1)(a) of SEBI (Substantial Acquisition of 
19-Jun-2019 22:12:00,Disclosure under SEBI Takeover Regulations,"Kavita Dalmia has submitted to the Exchange a copy of Disclosure u/r 10(5) of SEBI (Substantial Acquisition of Shares & Takeovers) Regulations, 2011 in relation to proposed Inter Se Transfers amongst "
13-Jun-2019 18:53:00,Disclosure under SEBI Takeover Regulations,Shri Gautam Dalmia has submitted to the Exchange a copy of disclosures under Regulation 10(5) under the Securities and Exchange Board of India (Substantial Acquisition of Shares and Takeovers) Regulat
10-Jun-2019 09:05:00,Related Party Transactions,"Dalmia Bharat Limited has submitted to the Exchange a copy of disclosure of Related Party Transactions on a consolidated basis, in the format specified in the accounting standards for the half year en"
03-Jun-2019 16:41:00,Disclosure under SEBI Takeover Regulations,"Y H Dalmia & Others has submitted to the Exchange a copy of Annual Disclosure under Regulation 30(1) and 30(2) of SEBI (Substantial Acquisition of Shares and Takeovers), Regulations, 2011 as on March "
29-May-2019 12:55:00,Disc. under Reg.30 of SEBI (SAST) Reg.2011,"The Promoter along with PAC has submitted to the Exchange a copy of Revised Disclosure under Regulation 30(1) and 30(2) of SEBI (Substantial Acquisition of Shares and Takeovers), Regulations, 2011 as "
17-May-2019 18:16:00,Reply to Clarification- Financial results,"The Exchange had sought clarification from Dalmia Bharat Limited with respect to Regulation 33 of the SEBI (Listing Obligations and Disclosure Requirements) Regulations, 2015. On basis of above the Co"
15-May-2019 21:36:00,Clarification - Financial Results,"The Exchange has sought clarification from Dalmia Bharat Limited with respect to Non-compliance as per Regulation 33 of the SEBI (Listing Obligations and Disclosure Requirements) Regulations, 2015. On"
10-May-2019 01:45:00,Press Release,"Dalmia Bharat Limited has informed the Exchange regarding a press release dated May 09, 2019, titled ""Press Release and Earning Release for the Quarter and Financial Year Ended March 31, 2019""."
10-May-2019 00:39:00,Dividend,"Dalmia Bharat Limited has informed the Exchange that Board of Directors at its meeting held on May 09, 2019, recommended Final Dividend of 2 per equity share."
10-May-2019 00:35:19,Financial Result Updates,"Dalmia Bharat Limited has submitted to the Exchange, the financial results for the period ended March 31, 2019."
26-Apr-2019 17:52:00,Name and Symbol Change,"DALBHARAT: Members of the Exchange are hereby informed that the name of Odisha Cement Limited shall be changed to Dalmia Bharat Limited w.e.f May 02, 2019"
25-Apr-2019 16:22:00,Disc. under Reg.30 of SEBI (SAST) Reg.2011,"The Promoter along with PAC has submitted to the Exchange a copy of Annual Disclosure under Regulation 30(1) and 30(2) of SEBI (Substantial Acquisition of Shares and Takeovers), Regulations, 2011 as o"
25-Apr-2019 12:11:00,Spurt in Volume,"Significant increase in volume has been observed in Odisha Cement Limited. The Exchange, in order to ensure that investors have latest relevant information about the company and to inform the market p"
25-Apr-2019 10:17:00,Spurt in Volume,"Significant increase in volume has been observed in Odisha Cement Limited. The Exchange, in order to ensure that investors have latest relevant information about the company and to inform the market p"
16-Apr-2019 17:33:00,Name Change,"Odisha Cement Limited has informed the Exchange that the name has been changed from Odisha Cement Limited to Dalmia Bharat Limited w.e.f. April 15, 2019"
03-Apr-2019 19:01:00,Trading Window,"Odisha Cement Limited has informed the Exchange regarding the Trading Window closure pursuant to SEBI (Prohibition of Insider Trading) Regulations, 2015"
26-Mar-2019 14:23:00,Disclosure under SEBI Takeover Regulations,"Rama Investment Company Private Limited has submitted to the Exchange a Copy of Disclosure under Regulations 29(2) of SEBI ( Substantial Acquisition of Shares and Takeovers) Regulations, 2011."
06-Mar-2019 22:08:00,Updates,"Odisha Cement Limited has informed the Exchange regarding 'Dear Sir/Madam,1. This is in continuation to our earlier intimation dated Feb 27, 2019 regarding our reporting to NSDL/NSE/SEBI about the ill"
27-Feb-2019 17:43:00,Updates,"Odisha Cement Limited has informed the Exchange regarding 'Regulation 30 of SEBI (Listing Obligations and Disclosure Requirements) Regulations, 2015 (��LODR Regulations��) with respect to certain ille"
19-Feb-2019 13:42:00,Reply to Clarification Sought,"The Exchange had sought clarification from Odisha Cement Limited with respect to announcement dated 07-Feb-2019, regarding "" Odisha Cement Limited has informed the Exchange regarding  Board meeting he"
13-Feb-2019 19:46:00,Clarification,"DALBHARAT:The Exchange has sought clarification from Odisha Cement Limited with respect to announcement dated 07-Feb-2019, regarding "" Odisha Cement Limited has informed the Exchange regarding  Board "
12-Feb-2019 11:25:20,Financial Result Updates,"Odisha Cement Limited has submitted to the Exchange, the financial results for the period ended December 31, 2018."
07-Feb-2019 19:47:00,Outcome of Board Meeting,"Odisha Cement Limited has informed the Exchange regarding  Board meeting held on February 07, 2019."
30-Jan-2019 19:46:00,Trading Window,"Odisha Cement Limited has informed the Exchange regarding the Trading Window closure pursuant to SEBI (Prohibition of Insider Trading) Regulations, 2015"
30-Jan-2019 08:41:00,Disclosure under SEBI Takeover Regulations,"Rama Investment Company Private Limited has submitted to the Exchange a Copy of disclosure u/s 10(6) of SEBI (Substantial Acquisition of Shares and Takeovers) Regulations, 2011."
29-Jan-2019 10:38:00,Disclosure under SEBI Takeover Regulations,"Odisha Cement Limited has informed the Exchange that  Disclosure under Regulation 29(1) of SEBI (Substantial Acquisition of Shares and Takeovers) Regulation, 2011"
22-Jan-2019 17:20:00,Updates,"Odisha Cement Limited has informed the Exchange regarding 'Update in respect of the Scheme of Arrangement and Amalgamation amongst   Dalmia Bharat Limited, Dalmia Cement (Bharat) Limited and Odisha Ce"
