date,desc,text
01-Jul-2026 19:30:08,Acquisition,"Endurance Technologies Limited has informed the Exchange about update on acquisition of additional stake in Stoeferle GmbH and Stoeferle Automotive GmbH by Endurance Overseas SpA, Italy ( EOSpA ), a w"
25-Jun-2026 17:25:24,Trading Window,"Endurance Technologies Limited has informed the Exchange regarding the Trading Window closure pursuant to SEBI (Prohibition of Insider Trading) Regulations, 2015"
24-Jun-2026 12:39:53,Sale or disposal,Endurance Technologies Limited has informed the Exchange about Sale of a wholly-owned step-down subsidiary of the Company in Italy
23-Jun-2026 18:56:57,Appointment,"Endurance Technologies Limited has informed the Exchange about change in management of the Company with the elevation of Ms. Preety Raj, Chief Human Resources Officer to President Cadre (Senior Manage"
18-Jun-2026 18:51:18,Capacity addition,"Endurance Technologies Limited has informed the Exchange about capacity addition for manufacturing Lithium-Ion Battery packs at the Company's existing facility at Mindewadi, Pune."
17-Jun-2026 20:16:09,Commencement of commercial production/operations,"Endurance Technologies Limited has informed the Exchange about Commencement of commercial production at the plant in Mindewadi, Pune effective today i.e. 17th June, 2026."
10-Jun-2026 18:22:34,Analysts/Institutional Investor Meet/Con. Call Updates,Endurance Technologies Limited has informed the Exchange about Schedule of meet and Presentation
09-Jun-2026 18:37:58,Change in Director(s),Endurance Technologies Limited has informed the Exchange regarding Change in Director(s) of the company.
09-Jun-2026 17:47:58,Copy of Newspaper Publication,The Company hereby informs about the letter sent to the shareholders concerned and copies of newspaper advertisement related to transfer of shares to IEPF.
09-Jun-2026 15:05:32,Analysts/Institutional Investor Meet/Con. Call Updates,"Endurance Technologies Limited informs the exchange that one-on-one and group meetings with Analyst / Institutional investors have been scheduled on 12th June, 2026 from 9:00 a.m to 5:00 p.m at Chenna"
04-Jun-2026 17:55:10,Analysts/Institutional Investor Meet/Con. Call Updates,"Endurance Technologies Limited informs the exchange that various group and one-on-one meetings have been scheduled on 10th and 11th June, 2026 from 8:00 a.m. to 5:00 p.m. (local time) in Singapore."
03-Jun-2026 17:08:42,Shareholders meeting,Endurance Technologies Limited has submitted the Exchange a copy Srutinizers report of  Postal Ballot
02-Jun-2026 18:45:40,Shareholders meeting,Endurance Technologies Limited has informed the Exchange regarding Proceedings of Postal Ballot
01-Jun-2026 18:06:48,Analysts/Institutional Investor Meet/Con. Call Updates,"Endurance Technologies Limited informs the exchange that one-on-one meetings have been scheduled on 3rd, 4th and 5th June, 2026 from 9:00 a.m. to 4:00 p.m. (local time) at certain manufacturing facili"
26-May-2026 19:07:03,Analysts/Institutional Investor Meet/Con. Call Updates,Endurance Technologies Limited has informed the Exchange about Schedule of meet
22-May-2026 14:29:36,Analysts/Institutional Investor Meet/Con. Call Updates,Endurance Technologies Limited has informed the Exchange about Transcript
15-May-2026 19:16:43,General Updates,Endurance Technologies Limited has informed the Exchange about update on GST demand order
15-May-2026 16:52:50,Analysts/Institutional Investor Meet/Con. Call Updates,"Endurance Technologies Limited has informed the Exchange that the audio recording of conference call for analysts / investors held today i.e. 15th May, 2026, is available on the Company s website."
15-May-2026 14:38:06,Copy of Newspaper Publication,"Endurance Technologies Limited has informed the Exchange about copy of Newspaper Publication - Audited Financial Results for the quarter and financial year ended 31st March, 2026"
15-May-2026 14:31:42,General Updates,"Endurance Technologies Limited has informed the Exchange regarding update on Order dated 17th February, 2025 passed by Deputy Commissioner (CT), LTU-DC 1, Tamil Nadu."
14-May-2026 20:26:54,Investor Presentation,Endurance Technologies Limited has informed the Exchange about Investor Presentation
14-May-2026 20:17:12,Press Release,"Endurance Technologies Limited has informed the Exchange regarding a press release dated May 14, 2026, titled ""Highlights of the audited financial results, both standalone and consolidated, for the qu"
14-May-2026 20:06:20,Record Date,Endurance Technologies Limited has informed the Exchange that Record date for the purpose of Dividend  is 31-Jul-2026.
14-May-2026 19:52:20,Change in Management,Endurance Technologies Limited has informed the Exchange about change in Management
14-May-2026 19:52:20,Dividend,"Endurance Technologies Limited has informed the Exchange that Board of Directors at its meeting held on May 14, 2026, recommended Final Dividend of Rs. 11.50 per equity share."
14-May-2026 19:40:20,Outcome of Board Meeting,"Endurance Technologies Limited has submitted to the Exchange, the financial results for the period ended March 31, 2026."
08-May-2026 12:19:45,Analysts/Institutional Investor Meet/Con. Call Updates,"Endurance Technologies Limited has informed the Exchange about  schedule of investor meet to be held on 15th May, 2026 at 11:00 a.m. (IST) to discuss the financial results."
30-Apr-2026 14:41:00,Copy of Newspaper Publication,Endurance Technologies Limited has informed the Exchange about Copy of Newspaper Publication
29-Apr-2026 13:09:47,Shareholders meeting,Endurance Technologies Limited has informed the Exchange regarding Notice of Postal Ballot
16-Apr-2026 19:36:32,Appointment,"Endurance Technologies Limited has informed the Exchange regarding Appointment of   as Other of the company w.e.f. April 16, 2026."
16-Apr-2026 19:33:38,Change in Director(s),Endurance Technologies Limited has informed the Exchange regarding Change in Director(s) of the company.
02-Apr-2026 18:38:13,Disclosure under SEBI Takeover Regulations," Anurang Jain has Submitted to the Exchange a copy of Disclosure under Regulation 31(4) of the Securities and Exchange Board of India (Substantial Acquisition of Shares and Takeovers) Regulations, 201"
02-Apr-2026 11:18:43,Resignation,"Endurance Technologies Limited has informed the Exchange regarding Resignation of  Mr. Prabhas Chandra Dash Head   Aftermarket (Senior Management Personnel) of the company w.e.f. April 01, 2026."
30-Mar-2026 18:28:38,General Updates,"Endurance Technologies Limited has informed the Exchange regarding update on Order dated 29th December, 2025 passed by Deputy Commissioner, Rudrapur   I, Uttarakhand."
25-Mar-2026 16:47:58,Trading Window,"Endurance Technologies Limited has informed the Exchange regarding the Trading Window closure pursuant to SEBI (Prohibition of Insider Trading) Regulations, 2015"
23-Mar-2026 18:36:25,Updates,"Endurance Technologies Limited has informed the Exchange regarding one-on-one meeting  scheduled on 25th March, 2026 from 3.00 p.m. to 4.00 p.m. in Pune."
20-Mar-2026 19:21:16,Updates,Endurance Technologies Limited has informed the Exchange regarding ''.
05-Mar-2026 18:44:43,Updates,"Endurance Technologies Limited has informed the Exchange regarding multiple group andone-on-one meetings  scheduled on 10th March, 2026 from 9.00 a.m. to 7.00 p.m. in Mumbai."
19-Feb-2026 17:48:24,Analysts/Institutional Investor Meet/Con. Call Updates,Endurance Technologies Limited has informed the Exchange about Transcript
17-Feb-2026 18:16:32,Updates,"'Endurance Technologies Limited informs you that a meeting with Institutional Investors has been scheduled on 20th February, 2026 from 12.00 noon. to 2.00 p.m.'."
13-Feb-2026 18:13:35,Analysts/Institutional Investor Meet/Con. Call Updates,Endurance Technologies Limited has informed the Exchange about Link of Recording
13-Feb-2026 13:37:11,Copy of Newspaper Publication,Endurance Technologies Limited has informed the Exchange about Copy of Newspaper Publication
12-Feb-2026 20:24:11,Updates,Endurance Technologies Limited has informed the Exchange regarding 'Amendment to the Code of Practices and Procedures for Fair Disclosure of Unpublished Price Sensitive Information.'
12-Feb-2026 20:13:49,Investor Presentation,Endurance Technologies Limited has informed the Exchange about Investor Presentation
12-Feb-2026 20:07:42,Press Release,"Endurance Technologies Limited has informed the Exchange regarding a press release dated February 12, 2026, titled ""Highlights of the unaudited financial results, both standalone and consolidated, for"
12-Feb-2026 19:50:29,Outcome of Board Meeting,"Endurance Technologies Limited has submitted to the Exchange, the financial results for the period ended December 31, 2025."
11-Feb-2026 13:05:51,Agreements,Endurance Technologies Limited has informed the Exchange about Agreements
03-Feb-2026 16:34:09,Analysts/Institutional Investor Meet/Con. Call Updates,Endurance Technologies Limited has informed the Exchange about Schedule of meet
13-Jan-2026 18:16:42,Updates,Endurance Technologies Limited has informed the Exchange regarding 'Industrial Promotion Subsidy   Eligibility Certificate received under Package Scheme of Incentives - 2019'.
01-Jan-2026 12:10:34,Updates,"Endurance Technologies Limited has informed the Exchange regarding 'Disclosure under Regulation 7(2) of the SEBI (Prohibition of Insider Trading) Regulations, 2015.'"
30-Dec-2025 11:51:48,General Updates,"Endurance Technologies Limited has informed the Exchange regarding an Order dated 29th December, 2025 passed by Deputy Commissioner, Rudrapur   I, Uttarakhand."
29-Dec-2025 17:16:46,Amalgamation/Merger,Endurance Technologies Limited has informed the Exchange about Amalgamation/Merger
23-Dec-2025 19:23:59,Updates,Endurance Technologies Limited has informed the Exchange regarding 'Cyber security incident'.
18-Dec-2025 17:12:15,Trading Window,"Endurance Technologies Limited has informed the Exchange regarding the Trading Window closure pursuant to SEBI (Prohibition of Insider Trading) Regulations, 2015"
12-Dec-2025 09:50:05,Updates,"Endurance Technologies Limited informs you that multiple group / one-on-one meetings have been scheduled on 17th December, 2025 from 10.00 a.m. to 5.00 p.m. in Mumbai."
10-Dec-2025 18:42:40,Updates,"Endurance Technologies Limited informs you that a meeting with Avendus Capital has been re-scheduled (from 8th December, 2025) on 11th December, 2025 at 10 a.m in Chennai."
10-Dec-2025 18:42:40,Updates,"Endurance Technologies Limited informs you that a meeting with Institutional investors has been scheduled on 12th December, 2025 at 11.30 a.m."
03-Dec-2025 18:32:19,Updates,"Endurance Technologies Limited informs you that  a meeting with Institutional Investors has been Scheduled on 8th December, 2025 at 4 p.m."
03-Dec-2025 18:32:19,Updates,"Endurance Technologies Limited informs you that  a meeting with Institutional Investors has been Scheduled on 9th December, 2025 at 4.30 p.m. in Mumbai."
03-Dec-2025 18:32:19,Updates,"Endurance Technologies Limited informs you that  a meeting with Institutional Investors has been Scheduled on 9th December, 2025 at 2 p.m. in Mumbai"
20-Nov-2025 17:50:30,Analysts/Institutional Investor Meet/Con. Call Updates,Endurance Technologies Limited has informed the Exchange about Transcript
18-Nov-2025 16:33:31,Updates,"Endurance Technologies Limited informs you that a meeting with Institutional Investors has been Scheduled on 24th November, 2025 at 03:30 p.m."
18-Nov-2025 16:33:31,Updates,"Endurance Technologies Limited informs you that a meeting with Institutional Investors has been Scheduled on 27th November, 2025 at 02:00 p.m. in Pune."
18-Nov-2025 16:33:31,Updates,"Endurance Technologies Limited informs you that a meeting with Institutional Investors has been Scheduled on 25th November, 2025 at 10:00 a.m. in Chennai."
14-Nov-2025 15:59:12,Copy of Newspaper Publication,Endurance Technologies Limited has informed the Exchange about Copy of Newspaper Publication
13-Nov-2025 15:34:55,Analysts/Institutional Investor Meet/Con. Call Updates,Endurance Technologies Limited has informed the Exchange about Link of Recording
12-Nov-2025 19:28:17,Investor Presentation,Endurance Technologies Limited has informed the Exchange about Investor Presentation
12-Nov-2025 19:18:58,Press Release,"Endurance Technologies Limited has informed the Exchange regarding a press release dated November 12, 2025, titled ""Highlights of the unaudited financial results, both standalone and consolidated, for"
12-Nov-2025 19:10:31,Outcome of Board Meeting,"Endurance Technologies Limited has submitted to the Exchange, the financial results for the period ended September 30, 2025."
03-Nov-2025 16:07:10,Analysts/Institutional Investor Meet/Con. Call Updates,Endurance Technologies Limited has informed the Exchange about Schedule of meet
15-Oct-2025 16:18:10,Shareholders meeting,Endurance Technologies Limited has submitted to the Exchange a copy of Scrutiniser's report of  Postal Ballot.
14-Oct-2025 18:11:45,Shareholders meeting,Endurance Technologies Limited has informed the Exchange regarding Proceedings of Postal Ballot.
11-Oct-2025 12:03:07,Commencement of commercial production/operations,Endurance Technologies Limited has informed the Exchange about Commencement of commercial production/operations
03-Oct-2025 16:03:05,Updates,Endurance Technologies Limited has informed the Exchange regarding 'Intimation of change in e-mail address of MUFG Intime India Private Limited - the Registrar and Transfer Agent ( RTA ) of the Compan
01-Oct-2025 12:18:37,Updates,"Endurance Technologies Limited has informed the Exchange regarding 'Disclosure under Regulation 7(2) of the SEBI (Prohibition of Insider Trading) Regulations, 2015 ( PIT Regulations )."
25-Sep-2025 11:29:41,Trading Window,"Endurance Technologies Limited has informed the Exchange regarding the Trading Window closure pursuant to SEBI (Prohibition of Insider Trading) Regulations, 2015"
18-Sep-2025 18:26:16,Analysts/Institutional Investor Meet/Con. Call Updates,Endurance Technologies Limited has informed the Exchange about Schedule of meet
12-Sep-2025 17:32:57,Copy of Newspaper Publication,Endurance Technologies Limited has informed the Exchange about Copy of Newspaper Publication
12-Sep-2025 09:52:21,Rumour Verification - Regulation 30(11),Endurance Technologies Limited has informed the Exchange about Rumour Verification - Regulation 30(11)
11-Sep-2025 15:35:39,Analysts/Institutional Investor Meet/Con. Call Updates,Endurance Technologies Limited has informed the Exchange about Schedule of meet and Presentation
11-Sep-2025 15:24:02,Shareholders meeting,Endurance Technologies Limited has informed the Exchange regarding Notice of Postal Ballot
26-Aug-2025 16:08:34,Copy of Newspaper Publication,"Endurance Technologies Limited is enclosing herewith newspaper advertisements published on 26th August, 2025 in the Financial Express (English) and the Loksatta (Marathi), giving public notice under t"
22-Aug-2025 15:31:57,Analysts/Institutional Investor Meet/Con. Call Updates,Endurance Technologies Limited has informed the Exchange about Transcript.
19-Aug-2025 19:40:23,Capacity addition,Endurance Technologies Limited has informed the Exchange about Capacity addition
19-Aug-2025 19:21:08,Updates,"Endurance Technologies Limited informs you that a group meeting with Analyst / Institutional Investors has been Scheduled on 2nd September, 2025 from 10.00 a.m to 4.30 p.m."
19-Aug-2025 19:17:58,Updates,"Endurance Technologies Limited informs you that a group meeting with Analyst / Institutional Investors has been Scheduled on 22nd August, 2025 from 12.00 noon to 1.00 p.m."
14-Aug-2025 15:18:02,Analysts/Institutional Investor Meet/Con. Call Updates,"Endurance Technologies Limited is informing you that the audio recording of conference call for analysts / investors held today i.e. 14th August, 2025, is available on Company s website."
14-Aug-2025 13:04:34,Copy of Newspaper Publication,"Endurance Technologies Limited is enclosing herewith extract copies of newspaper advertisement of the unaudited financial results of the Company for the quarter ended 30th June, 2025."
13-Aug-2025 21:37:58,Shareholders meeting,"Endurance Technologies Limited has informed the Exchange regarding Proceedings of Annual General Meeting held on August 13, 2025. Further, the company has submitted the Exchange a copy of Srutinizers "
13-Aug-2025 17:30:14,Investor Presentation,Endurance Technologies Limited has informed the Exchange about Investor Presentation
13-Aug-2025 17:26:36,Press Release,"Endurance Technologies Limited has informed the Exchange regarding a press release dated August 13, 2025, titled ""press release giving highlights of the unaudited financial results, both standalone an"
13-Aug-2025 15:54:22,Appointment,"Endurance Technologies Limited has informed the Exchange regarding Appointment of  Shyamak Ramyar Tata as Non- Executive Independent Director of the company w.e.f. November 01, 2025."
13-Aug-2025 15:45:20,Outcome of Board Meeting,"Endurance Technologies Limited has submitted to the Exchange, the financial results for the period ended Jun 30, 2025."
06-Aug-2025 18:57:47,Analysts/Institutional Investor Meet/Con. Call Updates,"Endurance Technologies Limited informs you that a group meeting with Analyst / Institutional Investors has been Scheduled on 14th August, 2025 at 11.00 a.m. (IST)"
31-Jul-2025 19:26:46,Amalgamation/Merger,"Endurance Technologies Limited has informed the Exchange about a proposal of merger of wholly-owned step-down subsidiaries of the Company viz. Endurance Engineering S.r.l, Italy and Endurance S.p.A, I"
19-Jul-2025 13:19:31,Copy of Newspaper Publication,Endurance Technologies Limited has informed the Exchange about Copy of Newspaper Publication
18-Jul-2025 17:18:48,Shareholders meeting,"Endurance Technologies Limited has informed the Exchange regarding Notice of Annual General Meeting to be held on August 13, 2025"
25-Jun-2025 19:24:48,Rumour Verification - Regulation 30(11),Endurance Technologies Limited has informed the Exchange about Rumour Verification - Regulation 30(11)
24-Jun-2025 18:29:20,Updates,"Endurance Technologies Limited informs you that a group meeting with Analyst / Institutional Investors has been Scheduled on 27th June, 2025."
24-Jun-2025 18:29:20,Updates,"Endurance Technologies Limited informs you that a group meeting with Analyst / Institutional Investors has been Scheduled on 27th June, 2025."
24-Jun-2025 18:05:38,Copy of Newspaper Publication,Endurance Technologies Limited has informed the Exchange about Copy of Newspaper Publication.
24-Jun-2025 17:45:14,Trading Window,"Endurance Technologies Limited has informed the Exchange regarding the Trading Window closure pursuant to SEBI (Prohibition of Insider Trading) Regulations, 2015"
23-Jun-2025 18:18:29,Updates,"Endurance Technologies Limited has informed the Exchange regarding 'Disclosure under Regulation 7(2) of the SEBI (Prohibition of Insider Trading) Regulations, 2015 ( PIT Regulations )"
23-Jun-2025 17:59:35,Change in Management,Endurance Technologies Limited has informed the Exchange about change in Management of the Company with elevation of Mr. Jignesh Gandhi as President - Marketing and Business Development (Senior Manage
18-Jun-2025 19:07:53,Updates,"Endurance Technologies Limited informs you that a one-on-one meeting with Janchor Partners Ltd., Mumbai is scheduled on 19th June, 2025 between 12.30 p.m. to 1.30 p.m."
04-Jun-2025 16:42:10,Updates,Endurance Technologies Limited has informed the Exchange regarding 'Intimation of meeting with Analysts / Institutional Investors (one on one)'.
04-Jun-2025 16:39:26,Updates,Endurance Technologies Limited has informed the Exchange regarding 'Intimation of meeting with Analysts / Institutional Investors (one on one)'.
04-Jun-2025 16:34:49,Analysts/Institutional Investor Meet/Con. Call Updates,Endurance Technologies Limited has informed the Exchange about Schedule of meet
04-Jun-2025 16:27:58,Analysts/Institutional Investor Meet/Con. Call Updates,Endurance Technologies Limited has informed the Exchange about Schedule of meet
03-Jun-2025 18:12:50,Updates,"Endurance Technologies Limited informs you that a meeting with Analyst / Institutional Investors has been Scheduled on 6th June, 2025 between 9.00 a.m. to 4.30 p.m."
03-Jun-2025 18:00:34,Updates,Endurance Technologies Limited has informed the Exchange regarding violation to the Company's Code of Conduct for Prevention of Insider Trading under the SEBI (Prohibition of Insider Trading) Regulati
23-May-2025 19:09:31,Analysts/Institutional Investor Meet/Con. Call Updates,Endurance Technologies Limited has informed the Exchange about Transcript.
22-May-2025 14:32:46,Updates,"Endurance Technologies Limited informs you that one-on-one meetings with Investors viz. 3P Investment Managers Pvt. Ltd. and SBI Life Insurance Co. Ltd. have been scheduled on 26th May, 2025 between 1"
17-May-2025 18:31:39,Copy of Newspaper Publication,Endurance Technologies Limited has informed the Exchange about Copy of Newspaper Publication
16-May-2025 19:43:05,Acquisition,Endurance Technologies Limited has informed the Exchange about Acquisition
16-May-2025 16:41:58,Analysts/Institutional Investor Meet/Con. Call Updates,Endurance Technologies Limited has informed the Exchange about Link of Recording
15-May-2025 21:49:22,General Updates,"ENDURANCE: Endurance Technologies Limited has informed the Exchange about General Updates.Intimation of appointment of Secretarial Auditor, subject to approval of members at ensuing Annual General Mee"
15-May-2025 21:18:45,Updates,Endurance Technologies Limited has informed the Exchange regarding 'Financial Results Updates'.
15-May-2025 21:07:01,Updates,Endurance Technologies Limited has informed the Exchange that Register of Members & Share Transfer Books of the Company will remain closed from 2-Aug-2025 to 13-Aug-2025 for the purpose of Dividend.
15-May-2025 20:13:12,Investor Presentation,Endurance Technologies Limited has informed the Exchange about Investor Presentation
15-May-2025 20:08:09,Press Release,"Endurance Technologies Limited has informed the Exchange regarding a press release giving highlights of the audited financial results, both standalone and consolidated, for the quarter and financial y"
15-May-2025 20:02:57,Record Date,Endurance Technologies Limited has informed the Exchange that Record date for the purpose of Dividend  is 01-Aug-2025.
15-May-2025 19:59:49,Change in Director(s),Endurance Technologies Limited has informed the Exchange regarding Change in Director(s) of the company.
15-May-2025 19:52:17,Dividend,"Endurance Technologies Limited has informed the Exchange that Board of Directors at its meeting held on May 15, 2025, recommended Final Dividend of Rs. 10 per equity share."
15-May-2025 19:43:28,Outcome of Board Meeting,"Endurance Technologies Limited has informed the Exchange regarding Outcome of Board Meeting held on May 15, 2025."
08-May-2025 16:31:28,Acquisition,Endurance Technologies Limited has informed the Exchange about Acquisition of 100% equity shares in Maxwell Energy Systems Private Limited (increase from 61.50% to 100%).
07-May-2025 16:52:23,Updates,"Endurance Technologies Limited has informed the Exchange regarding an Order passed by the Uttarakhand Pollution Control Board, Uttarakhand."
29-Apr-2025 18:47:11,Product launch,Endurance Technologies Limited has informed the Exchange about Product launch
29-Apr-2025 14:24:00,Analysts/Institutional Investor Meet/Con. Call Updates,"Endurance Technologies Limited informs you that a conference call for analysts and investors is scheduled on 16th May, 2025 at 10:00 a.m. (IST) to discuss the audited financial results (both standalon"
22-Apr-2025 19:15:23,Updates,Endurance Technologies Limited has informed the Exchange regarding 'Intimation of change in the contact details of the Registrar and Transfer Agent of the Company.
04-Apr-2025 18:29:35,Updates,Endurance Technologies Limited has informed the Exchange regarding 'Industrial Promotion Subsidy   Eligibility Certificate received under Package Scheme of Incentives - 2019'.
02-Apr-2025 18:05:28,Acquisition,Endurance Technologies Limited has informed the Exchange about update on Acquisition
01-Apr-2025 18:06:24,Disclosure under SEBI Takeover Regulations,"Anurang Jain has Submitted to the Exchange a copy of Disclosure under Regulation 31(4) of the Securities and Exchange Board of India (Substantial Acquisition of Shares and Takeovers) Regulations, 2011"
25-Mar-2025 14:36:21,Trading Window,"Endurance Technologies Limited has informed the Exchange regarding the Trading Window closure pursuant to SEBI (Prohibition of Insider Trading) Regulations, 2015"
24-Mar-2025 18:27:43,Updates,"Endurance Technologies Limited has informed the Exchange regarding a meeting with M&G Investments ( M&G ) scheduled on 26th March, 2025 from 11.00 a.m. to 12.00 noon at Pune."
20-Mar-2025 20:01:59,Acquisition,Endurance Technologies Limited has informed the Exchange about Acquisition
20-Mar-2025 16:27:25,Updates,"Endurance Technologies Limited has informed the Exchange regarding 'Endurance Technologies Limited informs you that a one-on-one meeting has been scheduled on 24th March, 2025 from 11.00 a.m. to 12.00"
17-Mar-2025 16:37:24,Updates,Endurance Technologies Limited has informed the Exchange regarding 'Update on Voluntary Separation Scheme'.
17-Mar-2025 12:48:13,Updates,"Endurance Technologies Limited informs you that a one-on-one meeting has been scheduled on 18th March, 2025 from 2.00 p.m. to 3.00 p.m. at Pune with Wellington Management, Singapore."
01-Mar-2025 19:07:09,Updates,Endurance Technologies Limited has informed the Exchange regarding 'Updates on Voluntary Separation Scheme'.
26-Feb-2025 19:10:31,Updates,"Endurance Technologies Limited informs you that multiple group / one- on-one meetings have been scheduled on 4th March, 2025 from 10.00 a.m. to 5.00 p.m. in Mumbai."
26-Feb-2025 19:08:49,Updates,"Endurance Technologies Limited informs you that multiple group / one- on-one meetings have been scheduled on 4th March, 2025 from 10.00 a.m. to 5.00 p.m. in Mumbai.'."
18-Feb-2025 17:34:35,Analysts/Institutional Investor Meet/Con. Call Updates,Endurance Technologies Limited has informed the Exchange about Transcript
18-Feb-2025 17:14:08,Updates,"Endurance Technologies Limited has informed the Exchange regarding an Order dated 17th February, 2025 passed by the Deputy Commissioner (CT), LTU-DC1, Tamil Nadu."
13-Feb-2025 19:23:12,Analysts/Institutional Investor Meet/Con. Call Updates,Endurance Technologies Limited has informed the Exchange about Link of Recording
13-Feb-2025 13:07:18,Copy of Newspaper Publication,"Endurance Technologies Limited is enclosing herewith extract copies of the print media of unaudited financial results of the Company for the quarter and nine months ended 31st December, 2024, publishe"
12-Feb-2025 20:23:57,Integrated Filing- Financial,"Endurance Technologies Limited submit herewith, the Integrated Filing (Financial) for the quarter and nine months ended 31st December, 2024."
12-Feb-2025 20:21:55,Investor Presentation,Endurance Technologies Limited has informed the Exchange about Investor Presentation
12-Feb-2025 20:19:03,Press Release,"Endurance Technologies Limited has informed the Exchange regarding a press release dated February 12, 2025."
12-Feb-2025 19:43:06,Financial Result Updates," Endurance Technologies Limited has submitted to the Exchange, the financial results for the period ended December 31, 2024."
12-Feb-2025 15:28:47,Updates,"Endurance Technologies Limited informs you that a  one-on-one virtual meeting with Ambit Asset Management (Ambit) has been scheduled on 17th February, 2025 from 2.00 p.m. to 3.00 p.m."
10-Feb-2025 19:47:56,Updates,"Endurance Technologies Limited has informed the Exchange regarding 'Voluntary Separation Scheme for one of the plants of the Company in Waluj, Dist. Chh. Sambhajinagar '."
10-Feb-2025 14:31:16,Updates,"Endurance Technologies Limited has informed the Exchange regarding 'Endurance Technologies Limited informs you that multiple group / one-on-one meetings have been scheduled on 14th February, 2025 from"
05-Feb-2025 18:42:14,Analysts/Institutional Investor Meet/Con. Call Updates,Endurance Technologies Limited has informed the Exchange about Schedule of meet
01-Jan-2025 17:06:36,Updates,"Endurance Technologies Limited has informed that the RTA viz. Link Intime India Private Limited have apprised the Company that their entity name has been changed to MUFG Intime India Private Limited, "
01-Jan-2025 14:16:42,Resignation,"Endurance Technologies Limited has informed the Exchange regarding Resignation of  Mr. Nilesh Phanse, President - Operations of the company w.e.f. December 31, 2024."
31-Dec-2024 18:42:49,Updates,"Endurance Technologies Limited has informed the Exchange regarding '' Imposing of fine and penalty by the Office of the Commissioner of Customs, Group   IV, New Customs House, Ballard Estate, Mumbai."
26-Dec-2024 17:37:28,Trading Window,"Endurance Technologies Limited has informed the Exchange regarding the Trading Window closure pursuant to SEBI (Prohibition of Insider Trading) Regulations, 2015"
19-Dec-2024 18:59:07,Amalgamation/Merger,Endurance Technologies Limited has informed the Exchange about Amalgamation/Merger
16-Dec-2024 19:23:38,Updates,"Endurance Technologies Limited has informed the Exchange regarding a one - on - one meeting scheduled on 18th December, 2024 with Spore Investment Management (India) Pvt. Ltd. (GIC)."
13-Dec-2024 19:58:33,General Updates,"Endurance Technologies Limited has informed the Exchange about - Judgement received by Endurance Overseas Srl, a subsidiary of the Company, passed by the Court of Tax Justice, Italy."
12-Dec-2024 23:00:45,Acquisition,Endurance Technologies Limited has informed the Exchange about Acquisition
06-Dec-2024 14:46:42,Updates,"Endurance Technologies Limited has informed the Exchange that  one-on- one meeting is scheduled with Analyst / Institutional Investors on 11th December, 2024 from 11.00 a.m. to 2.00 p.m."
03-Dec-2024 15:14:48,Updates,"Endurance Technologies Limited has informed the Exchange regarding 'Endurance Technologies Limited informs you that a one on one meeting with Institutional Investors is scheduled on 10th December, 202"
03-Dec-2024 15:11:10,Updates,"Endurance Technologies Limited has informed the Exchange regarding 'Endurance Technologies Limited informs you that a one on one meeting with Institutional Investors is scheduled on 9th December, 2024"
18-Nov-2024 18:35:51,Updates,"Endurance Technologies Limited informs you that a group meeting with Analysts / Institutional Investors has been scheduled on 22nd November, 2024 from 10.00 p.m. to 2.00 p.m."
14-Nov-2024 16:14:24,Analysts/Institutional Investor Meet/Con. Call Updates,Endurance Technologies Limited has informed the Exchange about Transcript
11-Nov-2024 19:34:13,Analysts/Institutional Investor Meet/Con. Call Updates,Endurance Technologies Limited has informed the Exchange about Schedule of meet
11-Nov-2024 19:31:10,Analysts/Institutional Investor Meet/Con. Call Updates,Endurance Technologies Limited has informed the Exchange about Schedule of meet
08-Nov-2024 11:08:46,Copy of Newspaper Publication,"Endurance Technologies Limited has informed the Exchange about Copy of Newspaper Publication of financial results for quarter  and half year ended 30th, September, 2024 in Business Standard."
07-Nov-2024 16:33:25,Analysts/Institutional Investor Meet/Con. Call Updates,Endurance Technologies Limited has informed the Exchange about Link of Recording
07-Nov-2024 12:17:07,Copy of Newspaper Publication,"Endurance Technologies Limited has informed the Exchange about Copy of Newspaper Publication of financial results for the quarter and half year ended 30th September, 2024."
06-Nov-2024 19:59:35,Investor Presentation,Endurance Technologies Limited has informed the Exchange about Investor Presentation
06-Nov-2024 19:53:40,Press Release,"Endurance Technologies Limited has informed the Exchange regarding a press release dated November 06, 2024, titled ""Press Release - Un-audited Financial Results - 30 - 09 - 2024 ""."
06-Nov-2024 19:40:23,Financial Result Updates," Endurance Technologies Limited has submitted to the Exchange, the financial results for the period ended September 30, 2024."
05-Nov-2024 12:56:06,Analysts/Institutional Investor Meet/Con. Call Updates,Endurance Technologies Limited has informed the Exchange about Schedule of meet
28-Oct-2024 12:12:58,Analysts/Institutional Investor Meet/Con. Call Updates,Endurance Technologies Limited has informed the Exchange about Schedule of meet
10-Oct-2024 16:38:02,Capacity addition,Endurance Technologies Limited has informed the Exchange about Capacity addition
10-Oct-2024 10:02:06,Credit Rating,Endurance Technologies Limited has informed the Exchange about Credit Rating
02-Oct-2024 10:39:04,Updates,"Endurance Technologies Limited has informed the Exchange regarding an Order dated 1st October, 2024 passed by the Office of Assistant Commissioner, Ghatak 21 (Ahmedabad) Range - 6, Division - 2, Gujar"
30-Sep-2024 18:24:09,Shareholders meeting,Endurance Technologies Limited has submitted the Exchange a copy Srutinizers report of  Postal Ballot
27-Sep-2024 12:05:42,Analysts/Institutional Investor Meet/Con. Call Updates,Endurance Technologies Limited has informed the Exchange about Schedule of meet
26-Sep-2024 10:28:36,Trading Window,"Endurance Technologies Limited has informed the Exchange regarding the Trading Window closure pursuant to SEBI (Prohibition of Insider Trading) Regulations, 2015"
24-Sep-2024 18:36:54,Analysts/Institutional Investor Meet/Con. Call Updates,Endurance Technologies Limited has informed the Exchange about Schedule of meet
24-Sep-2024 18:31:02,Credit Rating,Endurance Technologies Limited has informed the Exchange about Credit Rating
09-Sep-2024 18:31:43,"Code of Conduct under SEBI(PIT) Reg., 2015","Endurance Technologies Limited has informed the Exchange about Code of Conduct under SEBI(PIT) Reg., 2015"
06-Sep-2024 15:23:09,Analysts/Institutional Investor Meet/Con. Call Updates,Endurance Technologies Limited has informed the Exchange about Schedule of meet
05-Sep-2024 18:44:00,Analysts/Institutional Investor Meet/Con. Call Updates,Endurance Technologies Limited has informed the Exchange about Schedule of meet
05-Sep-2024 18:41:20,Analysts/Institutional Investor Meet/Con. Call Updates,Endurance Technologies Limited has informed the Exchange about Schedule of meet
28-Aug-2024 13:48:03,Updates,"Endurance Technologies Limited has informed the Exchange regarding 'Order dated 27th August, 2024 passed by the Office of Deputy Commissioner (CT), Jurisdiction LTU-DC1 Tamil Nadu.'."
28-Aug-2024 11:45:21,Copy of Newspaper Publication,Endurance Technologies Limited has informed the Exchange about Copy of Newspaper Publication
26-Aug-2024 16:58:27,Shareholders meeting,Endurance Technologies Limited has informed the Exchange regarding Notice of Postal Ballot
23-Aug-2024 18:53:30,Shareholders meeting,"Endurance Technologies Limited has informed the Exchange regarding Proceedings of Annual General Meeting held on August 23, 2024. Further, the company has submitted the Exchange a copy of Srutinizers "
21-Aug-2024 19:28:26,Updates,"Endurance Technologies Limited has informed the Exchange regarding  Order dated 21st August, 2024 passed by the Office of Deputy Commissioner (CT), Jurisdiction LTU-DC1:LTU-DC1:LTU:Tamil Nadu, State /"
19-Aug-2024 16:33:54,Analysts/Institutional Investor Meet/Con. Call Updates,Endurance Technologies Limited has informed the Exchange about Transcript
14-Aug-2024 18:11:46,Analysts/Institutional Investor Meet/Con. Call Updates,Endurance Technologies Limited has informed the Exchange about Link of Recording
13-Aug-2024 18:55:39,Updates,Endurance Technologies Limited has informed the Exchange regarding 'Board noting of the Response to the Notices received from Stock Exchanges under the SEBI (Listing Obligations and Disclosure Require
13-Aug-2024 18:39:39,Investor Presentation,Endurance Technologies Limited has informed the Exchange about Investor Presentation
13-Aug-2024 18:30:55,Press Release,"Endurance Technologies Limited has informed the Exchange regarding a press release dated August 13, 2024, titled ""We are enclosing Press Release giving highlights of the Financial Results, both Standa"
13-Aug-2024 18:02:36,Change in Director(s),Endurance Technologies Limited has informed the Exchange regarding Change in Director(s) of the company.
13-Aug-2024 17:59:43,Financial Result Updates," Endurance Technologies Limited has submitted to the Exchange, the financial results for the period ended June 30, 2024."
09-Aug-2024 19:27:04,Updates,Endurance Technologies Limited has informed the Exchange regarding  receipt of Orders passed the Authorities.
05-Aug-2024 12:55:38,Copy of Newspaper Publication,Endurance Technologies Limited has informed the Exchange about Copy of Newspaper Publication
05-Aug-2024 12:53:59,Corrigendum,Endurance Technologies Limited has informed the Exchange regarding Corrigendum to the Annual Report for the Financial Year 2023-24.
02-Aug-2024 18:54:05,Analysts/Institutional Investor Meet/Con. Call Updates,Endurance Technologies Limited has informed the Exchange about Schedule of meet
02-Aug-2024 12:32:45,Resignation of Independent director,ENDURANCE TECHNOLOGIES LIMITED has informed the Exchange about Resignation of Independent director.
02-Aug-2024 12:21:22,Resignation,"Endurance Technologies Limited has informed the Exchange regarding Resignation of Mr Roberto Testore as Independent Director of the company w.e.f. August 31, 2024."
31-Jul-2024 19:40:33,Amalgamation/Merger,Endurance Technologies Limited has informed the Exchange about Amalgamation/Merger
31-Jul-2024 17:56:35,Acquisition,Endurance Technologies Limited has informed the Exchange about Acquisition
25-Jul-2024 16:11:24,Shareholders meeting,"Endurance Technologies Limited has informed the Exchange regarding Notice of Annual General Meeting to be held on August 23, 2024"
12-Jul-2024 13:31:59,Updates,"Endurance Technologies Limited has informed the Exchange regarding 'Disclosure under Regulation 30 of the SEBI (Listing Obligations and Disclosure Requirements) Requirements, 2015 ( Listing Regulation"
03-Jul-2024 17:26:50,Updates,"Endurance Technologies Limited has informed the Exchange regarding 'Disclosure under Regulation 7(2) of the SEBI (Prohibition of InsiderTrading) Regulations, 2015.'"
01-Jul-2024 19:47:51,Updates,Endurance Technologies Limited has informed the Exchange regarding 'disclosure regarding imposing of fine by Stock Exchanges'.
26-Jun-2024 16:08:18,Trading Window,"Endurance Technologies Limited has informed the Exchange regarding the Trading Window closure pursuant to SEBI (Prohibition of Insider Trading) Regulations, 2015"
13-Jun-2024 16:37:57,Analysts/Institutional Investor Meet/Con. Call Updates,Endurance Technologies Limited has informed the Exchange about Schedule of meet and Presentation
06-Jun-2024 19:25:00,"Code of Conduct under SEBI(PIT) Reg., 2015","Endurance Technologies Limited has informed the Exchange about Code of Conduct under SEBI(PIT) Reg., 2015"
05-Jun-2024 19:24:48,Cessation,"Endurance Technologies Limited has informed the Exchange regarding Cessation of Mr Ramesh Gehaney as Executive Director of the company w.e.f. Jun 05, 2024."
05-Jun-2024 19:22:26,Change in Director(s),Endurance Technologies Limited has informed the Exchange regarding Change in Director(s) of the company.
05-Jun-2024 19:22:26,Appointment,"Endurance Technologies Limited has informed the Exchange regarding Appointment of Mr Rajendra Abhange as Executive Director of the company w.e.f. Jun 06, 2024."
05-Jun-2024 19:22:26,Appointment,"Endurance Technologies Limited has informed the Exchange regarding Appointment of Mr R. S. Raja Gopal Sastry as Chief Financial Officer of the company w.e.f. Jun 06, 2024."
05-Jun-2024 19:22:26,Retirement,Endurance Technologies Limited has informed the Exchange about Retirement
03-Jun-2024 19:28:40,Analysts/Institutional Investor Meet/Con. Call Updates,Endurance Technologies Limited has informed the Exchange about Schedule of meet and Presentation
03-Jun-2024 19:25:29,Analysts/Institutional Investor Meet/Con. Call Updates,Endurance Technologies Limited has informed the Exchange about Schedule of meet and Presentation
03-Jun-2024 19:23:12,Analysts/Institutional Investor Meet/Con. Call Updates,Endurance Technologies Limited has informed the Exchange about Schedule of meet and Presentation
03-Jun-2024 19:21:17,Analysts/Institutional Investor Meet/Con. Call Updates,Endurance Technologies Limited has informed the Exchange about Schedule of meet and Presentation
01-Jun-2024 10:01:05,Acquisition,Endurance Technologies Limited has informed the Exchange about Acquisition
28-May-2024 17:01:59,Copy of Newspaper Publication,Endurance Technologies Limited has informed the Exchange about Copy of Newspaper Publication
24-May-2024 19:24:39,Analysts/Institutional Investor Meet/Con. Call Updates,Endurance Technologies Limited has informed the Exchange about Transcript
17-May-2024 19:36:57,Analysts/Institutional Investor Meet/Con. Call Updates,Endurance Technologies Limited has informed the Exchange about Link of Recording
17-May-2024 15:31:03,Updates,Endurance Technologies Limited has informed the Exchange regarding 'Submission of update on financial results'.
16-May-2024 20:51:25,Book Closure,Endurance Technologies Limited has informed the Exchange that Register of Members & Share Transfer Books of the Company will remain closed from 12-Aug-2024 to 23-Aug-2024 for the purpose of Dividend.
16-May-2024 20:29:58,Investor Presentation,Endurance Technologies Limited has informed the Exchange about Investor Presentation
16-May-2024 20:25:26,Press Release,"Endurance Technologies Limited has informed the Exchange regarding a press release dated May 16, 2024, titled ""Press release giving highlights of the audited financial results, both standalone and con"
16-May-2024 20:00:10,Dividend Updates,Endurance Technologies Limited has informed the Exchange about Dividend Updates
16-May-2024 19:56:48,Updates,Endurance Technologies Limited has informed the Exchange regarding 'Capital expenditure for a greenfield project - capacity addition'.
16-May-2024 19:52:25,Appointment,"Endurance Technologies Limited has informed the Exchange regarding Appointment of Mr Rajendra Abhange as Executive Director of the company w.e.f. Jun 06, 2024."
16-May-2024 19:52:25,Change in Management,Endurance Technologies Limited has informed the Exchange about change in Management
16-May-2024 19:52:25,Appointment,"Endurance Technologies Limited has informed the Exchange regarding Appointment of Mr R. S. Raja Gopal Sastry, as Chief Financial Officer of the company w.e.f. Jun 06, 2024."
16-May-2024 19:44:21,Financial Result Updates,"Endurance Technologies Limited has submitted to the Exchange, the financial results for the period ended March 31, 2024."
10-May-2024 18:11:36,"Code of Conduct under SEBI(PIT) Reg., 2015","Endurance Technologies Limited has informed the Exchange about Code of Conduct under SEBI(PIT) Reg., 2015"
10-May-2024 17:55:49,Analysts/Institutional Investor Meet/Con. Call Updates,Endurance Technologies Limited has informed the Exchange about Schedule of meet
25-Apr-2024 12:42:17,Updates,Endurance Technologies Limited has informed the Exchange regarding 'Response to the advisory letters received from Stock Exchanges underRegulation 30 of the SEBI (Listing Obligations and Disclosure Re
18-Apr-2024 09:06:25,Updates,"Endurance Technologies Limited has informed the Exchange regarding 'Intimation under Regulation 30 of SEBI (Listing Obligations and Disclosure Requirements) Regulations, 2015 (""Listing Regulations"")'."
09-Apr-2024 13:05:32,Updates,Endurance Technologies Limited has informed the Exchange regarding 'Intimation of Mr. Rajendra Abhange joining as Chief Operating Officer   Designate'.
20-Mar-2024 18:49:48,Updates,"Endurance Technologies Limited has informed the Exchange regarding 'Disclosure under Regulation 30 of the SEBI (Listing Obligations and Disclosure Requirements) Regulations, 2015'."
20-Mar-2024 14:46:06,Analysts/Institutional Investor Meet/Con. Call Updates,Endurance Technologies Limited has informed the Exchange about Schedule of meet and Presentation
22-Feb-2024 10:55:05,Analysts/Institutional Investor Meet/Con. Call Updates,Endurance Technologies Limited has informed the Exchange about Schedule of meet and Presentation
22-Feb-2024 10:49:54,Analysts/Institutional Investor Meet/Con. Call Updates,Endurance Technologies Limited has informed the Exchange about Schedule of meet and Presentation
15-Feb-2024 13:34:10,Analysts/Institutional Investor Meet/Con. Call Updates,Endurance Technologies Limited has informed the Exchange about Schedule of meet
13-Feb-2024 19:39:09,Analysts/Institutional Investor Meet/Con. Call Updates,Endurance Technologies Limited has informed the Exchange about Transcript
09-Feb-2024 23:19:02,Analysts/Institutional Investor Meet/Con. Call Updates,Endurance Technologies Limited has informed the Exchange about Schedule of meet and Presentation
09-Feb-2024 15:53:16,Analysts/Institutional Investor Meet/Con. Call Updates,Endurance Technologies Limited has informed the Exchange about Schedule of meet and Presentation
07-Feb-2024 18:09:03,Analysts/Institutional Investor Meet/Con. Call Updates,Endurance Technologies Limited has informed the Exchange about Link of Recording
06-Feb-2024 19:33:16,Investor Presentation,Endurance Technologies Limited has informed the Exchange about Investor Presentation
06-Feb-2024 19:28:10,Press Release,"Endurance Technologies Limited has informed the Exchange regarding a press release dated February 06, 2024, titled ""highlights of the unaudited financial results, both standalone and consolidated, for"
06-Feb-2024 19:16:26,"Code of Conduct under SEBI(PIT) Reg., 2015","Endurance Technologies Limited has informed the Exchange about Code of Conduct under SEBI(PIT) Reg., 2015"
06-Feb-2024 18:37:52,Appointment,Endurance Technologies Limited has informed the Exchange regarding appointment of Mr. Rajendra Abhange  as Chief Operating Officer   Designate of the company in April 2024.
06-Feb-2024 18:31:09,Financial Result Updates,"Endurance Technologies Limited has submitted to the Exchange, the financial results for the period ended December 31, 2023."
06-Feb-2024 13:53:01,Updates,Endurance Technologies Limited has informed the Exchange regarding 'Commencement of commercial production of Printed circuit boards with embedded electronics for Battery Management System and other ap
31-Jan-2024 16:44:02,Analysts/Institutional Investor Meet/Con. Call Updates,Endurance Technologies Limited has informed the Exchange about Schedule of meet
29-Jan-2024 18:43:15,Updates,"Endurance Technologies Limited has informed the Exchange regarding 'Order passed by Office of the Superintendent of Central Goods & Services Tax (CGST), Waluj Range-1.'."
29-Jan-2024 13:38:48,Updates,Endurance Technologies Limited has informed the Exchange regarding 'Update On The Appointment Of Senior Management Personnel AndCFO Designate'.
27-Jan-2024 11:26:28,Updates,"Endurance Technologies Limited has informed the Exchange regarding 'Intimation under Regulation 30 of SEBI Listing Obligations and Disclosure Requirements) Regulations, 2015 ( Listing Regulations )'."
29-Dec-2023 17:09:22,Credit Rating,Endurance Technologies Limited has informed the Exchange about Credit Rating
29-Dec-2023 16:22:40,Updates,"Endurance Technologies Limited has informed the Exchange regarding 'the Order passed by Office of the Deputy Commissioner, Rudrapur Sector, Uttarakhand'."
22-Dec-2023 18:28:06,Trading Window,"Endurance Technologies Limited has informed the Exchange regarding the Trading Window closure pursuant to SEBI (Prohibition of Insider Trading) Regulations, 2015"
20-Dec-2023 19:05:22,Updates,"Endurance Technologies Limited has informed the Exchange regarding 'the Order passed by Office of the Superintendent of Central Goods & Services Tax (CGST), Waluj Range-1'."
12-Dec-2023 16:45:46,Updates,"Endurance Technologies Limited has informed the Exchange regarding 'Submission of machine-readable copy of unaudited financial results for the quarter and half year ended 30th September, 2023 along wi"
29-Nov-2023 17:41:41,Analysts/Institutional Investor Meet/Con. Call Updates,Endurance Technologies Limited has informed the Exchange about Schedule of meet and Presentation
24-Nov-2023 16:44:04,Analysts/Institutional Investor Meet/Con. Call Updates,Endurance Technologies Limited has informed the Exchange about Schedule of meet
24-Nov-2023 16:41:47,Analysts/Institutional Investor Meet/Con. Call Updates,Endurance Technologies Limited has informed the Exchange about Schedule of meet
17-Nov-2023 17:58:04,Analysts/Institutional Investor Meet/Con. Call Updates,Endurance Technologies Limited has informed the Exchange about Transcript
13-Nov-2023 17:57:54,Analysts/Institutional Investor Meet/Con. Call Updates,Endurance Technologies Limited has informed the Exchange about Schedule of meet
09-Nov-2023 15:01:50,Analysts/Institutional Investor Meet/Con. Call Updates,Endurance Technologies Limited has informed the Exchange about Link of Recording
08-Nov-2023 18:58:41,Investor Presentation,Endurance Technologies Limited has informed the Exchange about Investor Presentation
08-Nov-2023 18:55:16,Press Release,"Endurance Technologies Limited has informed the Exchange regarding a press release dated November 08, 2023, titled ""Highlights of the financial results, both standalone and consolidated, for the quart"
08-Nov-2023 18:26:50,Updates,Endurance Technologies Limited has informed the Exchange regarding 'Intimation of appointment of Senior Management Personnel ( SMP ) and Group Chief Financial Officer - Designate'.
08-Nov-2023 18:19:57,Financial Result Updates,"Endurance Technologies Limited has submitted to the Exchange, the financial results for the period ended September 30, 2023."
06-Nov-2023 17:08:59,Analysts/Institutional Investor Meet/Con. Call Updates,Endurance Technologies Limited has informed the Exchange about Cancellation of a meeting with Analyst / Institutional Investor
02-Nov-2023 17:26:17,Analysts/Institutional Investor Meet/Con. Call Updates,Endurance Technologies Limited has informed the Exchange about Schedule of meet and Presentation
02-Nov-2023 17:20:04,Analysts/Institutional Investor Meet/Con. Call Updates,Endurance Technologies Limited has informed the Exchange about Schedule of meet and Presentation
30-Oct-2023 18:03:37,Analysts/Institutional Investor Meet/Con. Call Updates,Endurance Technologies Limited has informed the Exchange about Schedule of meet
27-Sep-2023 19:48:43,Updates,Endurance Technologies Limited has informed the Exchange regarding 'Capacity addition for Alloy Wheels'.
25-Sep-2023 16:48:04,Credit Rating,Endurance Technologies Limited has informed the Exchange about Credit Rating
25-Sep-2023 16:27:54,Analysts/Institutional Investor Meet/Con. Call Updates,Endurance Technologies Limited has informed the Exchange about Schedule of meet
25-Sep-2023 16:18:06,Trading Window,"Endurance Technologies Limited has informed the Exchange regarding the Trading Window closure pursuant to SEBI (Prohibition of Insider Trading) Regulations, 2015"
11-Sep-2023 18:31:45,Analysts/Institutional Investor Meet/Con. Call Updates,Endurance Technologies Limited has informed the Exchange about Link of Recording
05-Sep-2023 14:22:46,Analysts/Institutional Investor Meet/Con. Call Updates,Endurance Technologies Limited has informed the Exchange about Schedule of meet and Presentation
05-Sep-2023 14:10:53,Analysts/Institutional Investor Meet/Con. Call Updates,Endurance Technologies Limited has informed the Exchange about Schedule of meet and Presentation
29-Aug-2023 19:24:15,Analysts/Institutional Investor Meet/Con. Call Updates,Endurance Technologies Limited has informed the Exchange about Presentation and Link of Recording
23-Aug-2023 20:27:11,Shareholders meeting,"Endurance Technologies Limited has informed the Exchange regarding Proceedings of Annual General Meeting held on August 23, 2023. Further, the company has submitted the Exchange a copy of Srutinizers "
22-Aug-2023 13:53:45,Analysts/Institutional Investor Meet/Con. Call Updates,Endurance Technologies Limited has informed the Exchange about Link of Recording
22-Aug-2023 13:51:17,Analysts/Institutional Investor Meet/Con. Call Updates,Endurance Technologies Limited has informed the Exchange about Schedule of meet
21-Aug-2023 17:18:08,Analysts/Institutional Investor Meet/Con. Call Updates,Endurance Technologies Limited has informed the Exchange about Transcript
14-Aug-2023 19:02:04,Analysts/Institutional Investor Meet/Con. Call Updates,Endurance Technologies Limited has informed the Exchange about Schedule of meet
11-Aug-2023 15:31:07,Analysts/Institutional Investor Meet/Con. Call Updates,Endurance Technologies Limited has informed the Exchange about Schedule of meet
10-Aug-2023 19:57:25,Investor Presentation,Endurance Technologies Limited has informed the Exchange about Investor Presentation
10-Aug-2023 19:55:07,Press Release,"Endurance Technologies Limited has informed the Exchange regarding a press release dated August 10, 2023, titled ""Highlights of the financial results, both standalone and consolidated, for the quarter"
10-Aug-2023 19:42:00,Financial Result Updates,"Endurance Technologies Limited has submitted to the Exchange, the financial results for the period ended June 30, 2023."
03-Aug-2023 15:01:05,Analysts/Institutional Investor Meet/Con. Call Updates,Endurance Technologies Limited has informed the Exchange about conference call
21-Jul-2023 18:55:31,Shareholders meeting,"Endurance Technologies Limited has informed the Exchange regarding Notice of Annual General Meeting to be held on August 23, 2023"
17-Jul-2023 17:53:04,Acquisition,Endurance Technologies Limited has informed the Exchange about Acquisition
28-Jun-2023 16:00:11,Analysts/Institutional Investor Meet/Con. Call Updates,Endurance Technologies Limited has informed the Exchange about Schedule of meet
28-Jun-2023 15:58:12,Analysts/Institutional Investor Meet/Con. Call Updates,Endurance Technologies Limited has informed the Exchange about Schedule of meet
27-Jun-2023 14:45:30,Trading Window,"Endurance Technologies Limited has informed the Exchange regarding the Trading Window closure pursuant to SEBI (Prohibition of Insider Trading) Regulations, 2015"
19-Jun-2023 15:12:21,Analysts/Institutional Investor Meet/Con. Call Updates,Endurance Technologies Limited has informed the Exchange about Schedule of meet
14-Jun-2023 17:23:22,Analysts/Institutional Investor Meet/Con. Call Updates,Endurance Technologies Limited has informed the Exchange about Schedule of meet
02-Jun-2023 13:36:29,Analysts/Institutional Investor Meet/Con. Call Updates,Endurance Technologies Limited has informed the Exchange about Schedule of meet
25-May-2023 17:41:29,Annual Secretarial Compliance Report,"Pursuant to Regulation 24A of the SEBI (Listing Obligations and Disclosure Requirements) Regulations, 2015, we submit herewith the Annual Secretarial Compliance Report for the financial year ended 31s"
18-May-2023 15:33:49,Related Party Transactions,Endurance Technologies Limited has informed the Exchange about related Party Transactions
17-May-2023 19:17:36,Investor Presentation,Endurance Technologies Limited has informed the Exchange about Investor Presentation
17-May-2023 18:20:34,Book Closure,Endurance Technologies Limited has informed the Exchange that Register of Members & Share Transfer Books of the Company will remain closed from 12-Aug-2023 to 23-Aug-2023 for the purpose of Dividend.
17-May-2023 18:02:37,Press Release,"Endurance Technologies Limited has informed the Exchange regarding a press release dated May 17, 2023, titled ""Press release giving highlights of the financial results""."
17-May-2023 17:45:18,Dividend,"Endurance Technologies Limited has informed the Exchange that Board of Directors at its meeting held on May 17, 2023, recommended Final Dividend of 7 per equity share."
17-May-2023 17:33:44,Financial Result Updates,"Endurance Technologies Limited has submitted to the Exchange, the financial results for the period ended March 31, 2023."
11-May-2023 16:44:31,Analysts/Institutional Investor Meet/Con. Call Updates,Endurance Technologies Limited has informed the Exchange about Schedule of meet
30-Mar-2023 17:32:00,Amendment to AOA/MOA,Endurance Technologies Limited has informed the Exchange regarding the Amendment to AOA/MOA of the company.
23-Mar-2023 18:24:10,Trading Window,"Endurance Technologies Limited has informed the Exchange regarding the Trading Window closure pursuant to SEBI (Prohibition of Insider Trading) Regulations, 2015"
22-Mar-2023 15:55:10,Analysts/Institutional Investor Meet/Con. Call Updates,"Endurance Technologies Limited has informed the Exchange that as a part of regularinvestors briefing to give an overview of the automotive industry and Company's business, multiple one-on-one /group m"
21-Mar-2023 15:20:31,Shareholders meeting,"Endurance Technologies Limited has submitted the Exchange a copy Srutinizers report of  Postal Ballot. Further, the company has informed the Exchange regarding voting results."
01-Mar-2023 14:19:57,Analysts/Institutional Investor Meet/Con. Call Updates,Endurance Technologies Limited has informed the Exchange about Schedule of meet
20-Feb-2023 14:19:18,Analysts/Institutional Investor Meet/Con. Call Updates,Endurance Technologies Limited has informed the Exchange about Schedule of meet
14-Feb-2023 19:17:03,Shareholders meeting,Endurance Technologies Limited has informed the Exchange regarding Notice of Postal Ballot
14-Feb-2023 19:10:06,Analysts/Institutional Investor Meet/Con. Call Updates,Endurance Technologies Limited has informed the Exchange about Schedule of meet
09-Feb-2023 14:33:32,"Code of Conduct under SEBI(PIT) Reg., 2015","Endurance Technologies Limited has informed the Exchange about Code of Conduct under SEBI(PIT) Reg., 2015"
09-Feb-2023 14:20:44,Updates,Endurance Technologies Limited has informed the Exchange regarding 'Intimation of Postal Ballot and Cut-off date'.
08-Feb-2023 19:27:09,Analysts/Institutional Investor Meet/Con. Call Updates,Endurance Technologies Limited has informed the Exchange about Schedule of meet
08-Feb-2023 19:10:04,Outcome of Board Meeting,"Endurance Technologies Limited has informed the Exchange regarding Outcome of Board Meeting held on February 08, 2023."
08-Feb-2023 19:02:15,Financial Result Updates,"Endurance Technologies Limited has submitted to the Exchange, the financial results for the period ended December 31, 2022."
02-Feb-2023 17:58:02,Analysts/Institutional Investor Meet/Con. Call Updates,Endurance Technologies Limited has informed the Exchange about Schedule of meet
16-Jan-2023 09:48:17,Credit Rating,Endurance Technologies Limited has informed the Exchange about Credit Rating
27-Dec-2022 18:33:42,Analysts/Institutional Investor Meet/Con. Call Updates,Endurance Technologies Limited has informed the Exchange about Schedule of meet
26-Dec-2022 18:48:37,Trading Window,"Endurance Technologies Limited has informed the Exchange regarding the Trading Window closure pursuant to SEBI (Prohibition of Insider Trading) Regulations, 2015"
13-Dec-2022 18:28:24,Schedule of Analysts/Institutional Investor Meet/Con. Call,Endurance Technologies Limited has informed the Exchange about meeting with Analysts/Institutional Investors 
22-Nov-2022 11:20:45,Related Party Transaction,"Endurance Technologies Limited has informed the Exchange that we submit herewith disclosure of Related Party Transactions, on a consolidated basis, for the half year ended 30th September, 2022, in the"
17-Nov-2022 19:55:57,Spurt in Volume,"ENDURANCE : Significant increase in volume has been observed in Endurance Technologies Limited. The Exchange, in order to ensure that investors have latest relevant information about the company and t"
17-Nov-2022 17:59:59,Spurt in Volume,"ENDURANCE : Significant increase in volume has been observed in Endurance Technologies Limited. The Exchange, in order to ensure that investors have latest relevant information about the company and t"
10-Nov-2022 17:26:15,Schedule of Analysts/Institutional Investor Meet/Con. Call,"Endurance Technologies Limited has informed that various group meetings /one-on-one meetings have been scheduled from 14th to 15th November, 2022 as part of the regular investors briefing to give an o"
07-Nov-2022 19:38:48,Outcome of Board Meeting,"We inform you that the Board of Directors of the Company, at its meeting held today i.e. 7th November, 2022, has approved the unaudited financial results, both standalone and consolidated, for the qua"
01-Nov-2022 13:46:57,Schedule of Analysts/Institutional Investor Meet/Con. Call,"Endurance Technologies Limited has informed the Exchange that This has reference to our letter dated 26th September, 2022 informing that a Board meeting of the Company is scheduled on 7th November, 20"
26-Sep-2022 18:24:15,Closure of trading window,"Endurance Technologies Limited has informed the Exchange that in terms of the SEBI (Prohibition of Insider Trading) Regulations, 2015 and the Company���s Code of Conduct for Prevention of Insider Trad"
26-Sep-2022 18:16:06,Credit Rating,"Endurance Technologies Limited has informed the Exchange that ICRA Limited, a credit rating agency, has reaffirmed the credit rating for availing credit facilities from banks and issuance of Commercia"
14-Sep-2022 15:46:57,Schedule of Analysts/Institutional Investor Meet/Con. Call,"Endurance Technologies Limited has informed the Exchange that a telephonic discussion/video conference with Amansa Capital Pte. Ltd., Singapore (Amansa) has been scheduled on 15th September, 2022.Kind"
30-Aug-2022 18:50:42,Schedule of Analysts/Institutional Investor Meet/Con. Call,"Endurance Technologies Limited has informed the Exchange that a virtual meeting with ICICI Prudential Mutual Fund (""ICICI MF"") has been scheduled on 1st September, 2022. Kindly note that the meeting s"
30-Aug-2022 18:43:06,Schedule of Analysts/Institutional Investor Meet/Con. Call,"Endurance Technologies Limited has informed the Exchange about Schedule of various group/one-to-one meetings with multiple investors have been scheduled from 5th September, 2022 to 8th September, 2022"
25-Aug-2022 19:04:54,Disclosure of other UPSI/material event,"Endurance Technologies Limited has informed about the re-appointment of M/s. S R B C & Co. LLP, Chartered Accountants, having ICAI Registration No. 3249828/3OOOO3, as Statutory Auditors of the Company"
25-Aug-2022 15:20:51,Annual General Meeting,"We inform you that 23rd Annual General Meeting was held on 24th August, 2022 at 2.00 p.m. (IST) through Video Conferencing or Other Audio Visual Means. The registered office of the Company situated at"
10-Aug-2022 19:10:51,Outcome of Board Meeting,"We inform you that the Board of Directors of the Company, at its meeting held today i.e. 10th August, 2022, has approved the unaudited financial results, both standalone and consolidated, for the quar"
02-Aug-2022 17:55:00,Schedule of Analysts/Institutional Investor Meet/Con. Call,"This has reference to our letter dated 13th July, 2022 informing that a Board meeting of the Company is scheduled on 10th August, 2022 to, inter alia, consider and approve the unaudited financial resu"
02-Aug-2022 14:55:27,Schedule of Analysts/Institutional Investor Meet/Con. Call,"This has reference to our letter dated 13th July, 2022 informing that a Board meeting of the Company is scheduled on 10th August, 2022 to, inter alia, consider and approve the unaudited financial resu"
01-Jul-2022 17:54:06,Acquisition,Endurance Technologies Limited has informed the Exchange about Acquisition of 51% equity shareholding of Maxwell Energy Systems Private Limited
29-Jun-2022 14:26:27,Schedule of Analysts/Institutional Investor Meet/Con. Call,"Endurance Technologies Limited has informed the Exchange that Pursuant to the above-referred regulation, a telephonic discussion/video conference with Amansa Capital Pte. Ltd. Singapore has been sched"
24-Jun-2022 17:52:01,Closure of trading window,"Endurance Technologies Limited has informed the Exchange that in terms of the SEBI (Prohibition of Insider Trading) Regulations, 2015 (as amended from time to time) and the Company���s Code of Conduct"
23-Jun-2022 11:46:17,Schedule of Analysts/Institutional Investor Meet/Con. Call,"Endurance Technologies Limited has informed the Exchange that Pursuant to the above-referred regulation, a meeting has been scheduled with HSBC Global Asset Management (HSBC) on 24th June, 2022.Kindly"
22-Jun-2022 15:04:53,Schedule of Analysts/Institutional Investor Meet/Con. Call,"Endurance Technologies Limited has informed the Exchange that pursuant to the above-referred regulation, as a part of regular investors briefing to give an overview of the automotive industry and Comp"
06-Jun-2022 18:31:57,General updates,"In continuation of our letter dated 11th May, 2022 on the subject, we inform that the Company has accepted separation of 56 permanent workmen on its rolls under the 'voluntary Separation Scheme (VSS) "
06-Jun-2022 18:25:50,Schedule of Analysts/Institutional Investor Meet/Con. Call,"Endurance Technologies Limited has informed that various group meetings /one-on-one meetings have been scheduled from 7th to 15th June, 2022 as part of the regular investors briefing to give an overvi"
06-Jun-2022 09:03:01,Related Party Transaction,Endurance Technologies Limited has informed the Exchange about related party transaction for the period ended March 2022
20-May-2022 14:54:39,Book Closure,Endurance Technologies Limited has informed the Exchange that Register of Members & Share Transfer Books of the Company will remain closed from 13-Aug-2022 to 24-Aug-2022 for the purpose of Dividend.
19-May-2022 19:17:25,Financial Result Updates,"Endurance Technologies Limited has submitted to the Exchange, the financial results for the period ended March 31, 2022."
19-May-2022 18:52:09,Outcome of Board Meeting,"We inform you that the Board of Directors of the Company, at its meeting held today i.e. on 19th May, 2022, which commenced at 2.00 p.m. and concluded at 6.25 p.m. considered and approved, inter alia,"
19-May-2022 18:50:44,Dividend,"Endurance Technologies Limited has informed the Exchange that Board of Directors at its meeting held on 19-May-2022, declared Dividend of Rs. 6.25 per equity share."
19-May-2022 18:50:43,Outcome of Board Meeting,"We inform you that the Board of Directors of the Company, at its meeting held today i.e. on 19th May, 2022, which commenced at 2.00 p.m. and concluded at 6.25 p.m. considered and approved, inter alia,"
19-May-2022 18:49:04,Outcome of Board Meeting,"We inform you that the Board of Directors of the Company, at its meeting held today i.e. on 19th May, 2022, which commenced at 2.00 p.m. and concluded at 6.25 p.m. considered and approved, inter alia,"
18-May-2022 17:00:06,Acquisition,Endurance Technologies Limited has informed the Exchange about Acquisition of Maxwell Energy Systems Private Limited
13-May-2022 14:20:03,Schedule of Analysts/Institutional Investor Meet/Con. Call,"This has reference to our letter dated 3rd May, 2022, informing that a Board meeting of the Company is scheduled on 19th May, 2022 to, inter alia, consider and approve the audited financial results (b"
11-May-2022 15:53:26,General updates,"Endurance Technologies Limited has informed that the Company has announced today i.e. 11th May, 2022 a Voluntary Separation Scheme (VSS) for all its eligible permanent workmen employed on the rolls of"
23-Mar-2022 15:10:31,Closure of trading window,"This is to inform that in terms of the SEBI (Prohibition of Insider Trading) Regulations, 2015 (as amended from time to time) and the Company���s Code of Conduct for Prevention of Insider Trading (���"
17-Mar-2022 10:40:16,Schedule of Analysts/Institutional Investor Meet/Con. Call,"We inform you that telephonic /virtual meetings with GIC Singapore (""GIC"") has been scheduled on 21st March, 2022.Kindly note that the meeting schedule may change due to exigencies on part of GIC/Comp"
08-Mar-2022 15:02:34,Schedule of Analysts/Institutional Investor Meet/Con. Call,"We inform you that meetings with CLSA India Private Limited (���CLSA���) and Bank of America (���BofA���) have been scheduled on 9th March, 2022.Kindly note that the meeting schedule may change due to"
24-Feb-2022 00:10:23,Schedule of Analysts/Institutional Investor Meet/Con. Call,"We inform you that a telephonic /virtual meeting with T. Rowe Price Hong Kong Limited (""T. Rowe Price"") has been scheduled on 24th February, 2022.Kindly note that the meeting schedule may change due t"
18-Feb-2022 15:09:02,Analysts/Institutional Investor Meet/Con. Call Updates,Endurance Technologies Limited has informed the Exchange about Schedule of meet
14-Feb-2022 16:46:58,Analysts/Institutional Investor Meet/Con. Call Updates,Endurance Technologies Limited has informed the Exchange about Schedule of meet
08-Feb-2022 19:05:14,Financial Result Updates,"Endurance Technologies Limited has submitted to the Exchange, the financial results for the period ended December 31, 2021."
08-Feb-2022 18:56:38,Outcome of Board Meeting,"Endurance Technologies Limited has informed the Exchange regarding  Board meeting held on February 08, 2022."
01-Feb-2022 16:25:32,Analysts/Institutional Investor Meet/Con. Call Updates,Endurance Technologies Limited has informed the Exchange about Schedule of meet
14-Jan-2022 17:14:58,Credit Rating,Endurance Technologies Limited has informed the Exchange about Credit Rating
24-Dec-2021 11:11:27,Trading Window,"Endurance Technologies Limited has informed the Exchange regarding the Trading Window closure pursuant to SEBI (Prohibition of Insider Trading) Regulations, 2015"
11-Dec-2021 16:33:48,Updates,"Endurance Technologies Limited has informed the Exchange regarding 'Intimation of commencement of commercial production at the Company s newplant in Waluj, Aurangabad'."
10-Dec-2021 11:18:59,Analysts/Institutional Investor Meet/Con. Call Updates,Endurance Technologies Limited has informed the Exchange about Schedule of meet
02-Dec-2021 10:55:35,Analysts/Institutional Investor Meet/Con. Call Updates,Endurance Technologies Limited has informed the Exchange about Schedule of meet and Presentation
19-Nov-2021 16:41:33,Analysts/Institutional Investor Meet/Con. Call Updates,Endurance Technologies Limited has informed the Exchange about Schedule of meet and Presentation
11-Nov-2021 21:21:56,Financial Result Updates,"Endurance Technologies Limited has submitted to the Exchange, the financial results for the period ended September 30, 2021."
11-Nov-2021 21:19:57,Outcome of Board Meeting,"Endurance Technologies Limited has informed the Exchange regarding  Board meeting held on November 11, 2021.Meeting commenced at 4 p.m. and concluded at 9.07  p.m."
02-Nov-2021 13:02:31,Analysts/Institutional Investor Meet/Con. Call Updates,Endurance Technologies Limited has informed the Exchange about Schedule of meet and Registration link for attending conference call
01-Oct-2021 14:08:07,Updates,Endurance Technologies Limited has informed the Exchange regarding 'Company has commenced commercial production of Anti-lock Braking Systems (ABS) modulators from one of its manufacturing plants at Wa
30-Sep-2021 17:56:44,Credit Rating,Endurance Technologies Limited has informed the Exchange about Credit Rating
24-Sep-2021 13:35:10,Trading Window,"Endurance Technologies Limited has informed the Exchange regarding the Trading Window closure pursuant to SEBI (Prohibition of Insider Trading) Regulations, 2015"
17-Sep-2021 17:45:24,Analysts/Institutional Investor Meet/Con. Call Updates,Endurance Technologies Limited has informed the Exchange about Analysts/Institutional Investor Meet/Con. Call Updates
11-Sep-2021 09:40:25,Analysts/Institutional Investor Meet/Con. Call Updates,Endurance Technologies Limited has informed the Exchange about Analysts/Institutional Investor Meet/Con. Call Updates
25-Aug-2021 22:19:35,Shareholders meeting,"Endurance Technologies Limited has informed the Exchange regarding Proceedings of Annual General Meeting held on August 25, 2021. Further, the company has submitted the Exchange a copy of Srutinizers "
16-Aug-2021 14:41:50,Analysts/Institutional Investor Meet/Con. Call Updates,Endurance Technologies Limited has informed the Exchange about Analysts/Institutional Investor Meet/Con. Call Updates
11-Aug-2021 16:38:04,Financial Result Updates,"Endurance Technologies Limited has submitted to the Exchange, the financial results for the period ended June 30, 2021."
11-Aug-2021 16:36:22,Outcome of Board Meeting,"Endurance Technologies Limited has informed the Exchange regarding  Board meeting held on August 11, 2021.We inform you that the Board of Directors of the Company, at its meeting held today i.e. 11th "
04-Aug-2021 11:02:21,Analysts/Institutional Investor Meet/Con. Call Updates,Endurance Technologies Limited has informed the Exchange about Analysts/Institutional Investor Meet/Con. Call Updates
30-Jul-2021 12:44:00,Shareholders meeting,"Endurance Technologies Limited has informed the Exchange regarding Notice of Annual General Meeting to be held on August 25, 2021"
12-Jul-2021 12:30:39,Appointment,"Endurance Technologies Limited has informed the Exchange regarding Appointment of Mr Anant Jaivant Talaulicar as Non- Executive Independent Director of the company w.e.f. July 12, 2021."
07-Jul-2021 15:24:16,Analysts/Institutional Investor Meet/Con. Call Updates,Endurance Technologies Limited has informed the Exchange about Analysts/Institutional Investor Meet/Con. Call Updates
24-Jun-2021 17:03:38,Trading Window,"Endurance Technologies Limited has informed the Exchange regarding the Trading Window closure pursuant to SEBI (Prohibition of Insider Trading) Regulations, 2015"
16-Jun-2021 15:40:52,Analysts/Institutional Investor Meet/Con. Call Updates,Endurance Technologies Limited has informed the Exchange about Analysts/Institutional Investor Meet/Con. Call Updates
15-Jun-2021 15:47:22,Analysts/Institutional Investor Meet/Con. Call Updates,Endurance Technologies Limited has informed the Exchange about Analysts/Institutional Investor Meet/Con. Call Updates
14-Jun-2021 14:56:43,Analysts/Institutional Investor Meet/Con. Call Updates,Endurance Technologies Limited has informed the Exchange about Analysts/Institutional Investor Meet/Con. Call Updates
08-Jun-2021 15:46:59,Analysts/Institutional Investor Meet/Con. Call Updates,Endurance Technologies Limited has informed the Exchange about Analysts/Institutional Investor Meet/Con. Call Updates
06-Jun-2021 06:58:47,Shareholders meeting,"Endurance Technologies Limited has submitted the Exchange a copy Srutinizers report of  Postal Ballot. Further, the company has informed the Exchange regarding voting results."
02-Jun-2021 23:23:28,Updates,"Endurance Technologies Limited has informed the Exchange regarding 'Information relating to Directors proposed for re-appointment / appointment in the Notice of Postal Ballot dated 3rd May, 2021'."
02-Jun-2021 16:26:13,Related Party Transactions,Endurance Technologies Limited has informed the Exchange about related Party Transactions
31-May-2021 09:14:18,Analysts/Institutional Investor Meet/Con. Call Updates,Endurance Technologies Limited has informed the Exchange about Analysts/Institutional Investor Meet/Con. Call Updates
24-May-2021 15:16:42,Updates,"Endurance Technologies Limited has informed the Exchange regarding 'Update on Voluntary Separation Scheme for one of the plants of the Company in Chakan, Dist. Pune'."
19-May-2021 17:40:20,Financial Result Updates,"Endurance Technologies Limited has submitted to the Exchange, the financial results for the period ended March 31, 2021."
19-May-2021 17:37:29,Book Closure,Endurance Technologies Limited has informed the Exchange that Register of Members & Share Transfer Books of the Company will remain closed from 14-Aug-2021 to 25-Aug-2021 for the purpose of Dividend.
19-May-2021 17:21:07,Dividend,"Endurance Technologies Limited has informed the Exchange that Board of Directors at its meeting held on May 19, 2021, recommended Final Dividend of 6 per equity share."
19-May-2021 17:19:26,Dividend,"Endurance Technologies Limited has informed the Exchange that Board of Directors at its meeting held on May 19, 2021, recommended Final Dividend of Rs. 6 per equity share."
15-May-2021 13:20:51,Analysts/Institutional Investor Meet/Con. Call Updates,Endurance Technologies Limited has informed the Exchange about Analysts/Institutional Investor Meet/Con. Call Updates
06-May-2021 16:02:16,Trading Window,"Endurance Technologies Limited has informed the Exchange regarding the Trading Window closure pursuant to SEBI (Prohibition of Insider Trading) Regulations, 2015"
04-May-2021 13:29:25,Shareholders meeting,Endurance Technologies Limited has informed the Exchange regarding Notice of Postal Ballot
03-May-2021 16:00:38,Updates,"Endurance Technologies Limited has informed the Exchange regarding 'Voluntary Separation Scheme for one of the plants of the Company in Chakan, Dist. Pune'."
03-May-2021 11:29:49,Updates,Endurance Technologies Limited has informed the Exchange regarding 'Update on Notice for Postal Ballot'.
02-May-2021 11:50:42,Demise,"Endurance Technologies Limited has informed the Exchange regarding Demise of Mr Partho S Datta, Independent Director of the company on May 01, 2021."
23-Apr-2021 18:25:19,Updates,Endurance Technologies Limited has informed the Exchange regarding 'Postal Ballot and Cut-off date'.
22-Apr-2021 17:26:29,Disclosure under SEBI Takeover Regulations,"Promoter/Member of the Promoter Group of the Company has informed the Exchange regarding disclosure under Regulation 30 of SEBI SAST Regulations 2011 as on March 31, 2021"
15-Apr-2021 17:57:25,Disclosure under SEBI Takeover Regulations,"Promoter/Member of the Promoter Group of the Company has informed the Exchange regarding disclosure under Regulation 30 of SEBI SAST Regulations, 2011 as on March 31, 2021."
25-Mar-2021 12:46:17,Trading Window,"Endurance Technologies Limited has informed the Exchange regarding the Trading Window closure pursuant to SEBI (Prohibition of Insider Trading) Regulations, 2015"
23-Mar-2021 15:41:00,Analysts/Institutional Investor Meet/Con. Call Updates,Endurance Technologies Limited has informed the Exchange about Analysts/Institutional Investor Meet/Con. Call Updates
16-Mar-2021 16:48:03,Analysts/Institutional Investor Meet/Con. Call Updates,Endurance Technologies Limited has informed the Exchange about Analysts/Institutional Investor Meet/Con. Call Updates
02-Mar-2021 11:45:38,Analysts/Institutional Investor Meet/Con. Call Updates,Endurance Technologies Limited has informed the Exchange about Analysts/Institutional Investor Meet/Con. Call Updates
26-Feb-2021 09:54:54,Reply to Clarification Sought,"ENDURANCE:��The Exchange had sought clarification from Endurance Technologies Limited with respect to announcement dated 09-Feb-2021, regarding resignation Mrs. Falguni Nayar. On basis of above the Co"
18-Feb-2021 10:36:46,Analysts/Institutional Investor Meet/Con. Call Updates,Endurance Technologies Limited has informed the Exchange about Analysts/Institutional Investor Meet/Con. Call Updates
16-Feb-2021 17:53:17,Clarification,"ENDURANCE: The Exchange has sought clarification from Endurance Technologies Limited with respect to announcement dated 09-Feb-2021, regarding resignation Mrs. Falguni Nayar. On basis of above the Com"
09-Feb-2021 17:00:29,Change in Director(s),Endurance Technologies Limited has informed the Exchange regarding Change in Director(s) of the company.
09-Feb-2021 16:53:00,Financial Result Updates,"Endurance Technologies Limited has submitted to the Exchange, the financial results for the period ended December 31, 2020."
09-Feb-2021 16:47:50,Outcome of Board Meeting,"Endurance Technologies Limited has informed the Exchange regarding Outcome of Board Meeting held on February 09, 2021."
03-Feb-2021 11:40:29,Analysts/Institutional Investor Meet/Con. Call Updates,Endurance Technologies Limited has informed the Exchange about Analysts/Institutional Investor Meet/Con. Call Updates
02-Feb-2021 18:04:49,Updates,"Endurance Technologies Limited has informed the Exchange regarding 'Intimation of commencement of commercial production at the Company s plant in Vallam, Tamil Nadu'."
27-Jan-2021 18:44:13,Credit Rating,Endurance Technologies Limited has informed the Exchange about Credit Rating
14-Jan-2021 16:24:47,Analysts/Institutional Investor Meet/Con. Call Updates,Endurance Technologies Limited has informed the Exchange about Analysts/Institutional Investor Meet/Con. Call Updates
05-Jan-2021 17:08:13,Analysts/Institutional Investor Meet/Con. Call Updates,Endurance Technologies Limited has informed the Exchange about Analysts/Institutional Investor Meet/Con. Call Updates
23-Dec-2020 15:15:40,Trading Window,"Endurance Technologies Limited has informed the Exchange regarding the Trading Window closure pursuant to SEBI (Prohibition of Insider Trading) Regulations, 2015"
08-Dec-2020 13:45:26,Analysts/Institutional Investor Meet/Con. Call Updates,Endurance Technologies Limited has informed the Exchange about Analysts/Institutional Investor Meet/Con. Call Updates
30-Nov-2020 17:35:43,Analysts/Institutional Investor Meet/Con. Call Updates,Endurance Technologies Limited has informed the Exchange about Analysts/Institutional Investor Meet/Con. Call Updates
26-Nov-2020 17:33:11,Related Party Transactions,Endurance Technologies Limited has informed the Exchange about related Party Transactions
20-Nov-2020 16:44:08,Analysts/Institutional Investor Meet/Con. Call Updates,Endurance Technologies Limited has informed the Exchange about Analysts/Institutional Investor Meet/Con. Call Updates
11-Nov-2020 11:25:31,Analysts/Institutional Investor Meet/Con. Call Updates,Endurance Technologies Limited has informed the Exchange about Analysts/Institutional Investor Meet/Con. Call Updates
10-Nov-2020 17:50:22,Change in Director(s),Endurance Technologies Limited has informed the Exchange regarding Change in Director(s) of the company.
10-Nov-2020 17:44:59,Financial Result Updates,"Endurance Technologies Limited has submitted to the Exchange, the financial results for the period ended September 30, 2020."
10-Nov-2020 17:38:28,Outcome of Board Meeting,"Endurance Technologies Limited has informed the Exchange regarding  Board meeting held on November 10, 2020."
05-Nov-2020 11:06:44,Updates,Endurance Technologies Limited has informed the Exchange regarding 'Update on Voluntary Separation Scheme for one of the plants of theCompany in Aurangabad'.
04-Nov-2020 12:09:13,Analysts/Institutional Investor Meet/Con. Call Updates,Endurance Technologies Limited has informed the Exchange about Analysts/Institutional Investor Meet/Con. Call Updates
15-Oct-2020 15:04:51,Updates,Endurance Technologies Limited has informed the Exchange regarding 'Voluntary Separation Scheme for one of the plants of the Company InAurangabad'.
28-Sep-2020 17:39:16,Trading Window,"Endurance Technologies Limited has informed the Exchange regarding the Trading Window closure pursuant to SEBI (Prohibition of Insider Trading) Regulations, 2015"
24-Sep-2020 12:32:28,Shareholders meeting,"Endurance Technologies Limited has informed the Exchange regarding Proceedings of Annual General Meeting held on September 23, 2020. Further, the company has submitted the Exchange a copy of Srutinize"
17-Sep-2020 16:14:29,Analysts/Institutional Investor Meet/Con. Call Updates,Endurance Technologies Limited has informed the Exchange about Analysts/Institutional Investor Meet/Con. Call Updates
14-Sep-2020 14:38:02,Analysts/Institutional Investor Meet/Con. Call Updates,Endurance Technologies Limited has informed the Exchange about Analysts/Institutional Investor Meet/Con. Call Updates
08-Sep-2020 14:54:21,Credit Rating,Endurance Technologies Limited has informed the Exchange about Credit Rating
04-Sep-2020 18:07:05,Updates,Endurance Technologies Limited has informed the Exchange regarding 'Industrial Promotion Subsidy - Eligibility Certificate received underPackage Scheme of Incentives - 2013'.
29-Aug-2020 12:27:05,Shareholders meeting,"Endurance Technologies Limited has informed the Exchange regarding Notice of Annual General Meeting to be held on September 23, 2020"
26-Aug-2020 18:39:56,Analysts/Institutional Investor Meet/Con. Call Updates,Endurance Technologies Limited has informed the Exchange about Analysts/Institutional Investor Meet/Con. Call Updates
17-Aug-2020 11:01:14,Analysts/Institutional Investor Meet/Con. Call Updates,Endurance Technologies Limited has informed the Exchange about Analysts/Institutional Investor Meet/Con. Call Updates
17-Aug-2020 10:50:33,Analysts/Institutional Investor Meet/Con. Call Updates,Endurance Technologies Limited has informed the Exchange about Analysts/Institutional Investor Meet/Con. Call Updates
13-Aug-2020 17:59:28,Financial Result Updates,"Endurance Technologies Limited has submitted to the Exchange, the financial results for the period ended June 30, 2020."
13-Aug-2020 17:48:56,Outcome of Board Meeting,"Endurance Technologies Limited has informed the Exchange regarding  Board meeting held on August 13, 2020."
10-Aug-2020 16:29:23,Analysts/Institutional Investor Meet/Con. Call Updates,Endurance Technologies Limited has informed the Exchange about Analysts/Institutional Investor Meet/Con. Call Updates
06-Aug-2020 10:31:18,Analysts/Institutional Investor Meet/Con. Call Updates,Endurance Technologies Limited has informed the Exchange about Analysts/Institutional Investor Meet/Con. Call Updates
16-Jul-2020 16:22:00,Updates,Endurance Technologies Limited has informed the Exchange regarding 'Consolidation of plant operations in Italy'.
13-Jul-2020 17:29:00,Analysts/Institutional Investor Meet/Con. Call Updates,Endurance Technologies Limited has informed the Exchange about Analysts/Institutional Investor Meet/Con. Call Updates
10-Jul-2020 13:48:00,Updates,"Endurance Technologies Limited has informed the Exchange regarding 'Lockdown directions issued by the Municipal Corporation of Aurangabad due to COVID-19, resulting in lower level of plant operations "
09-Jul-2020 14:18:00,Related Party Transactions,Endurance Technologies Limited has informed the Exchange about related Party Transactions
30-Jun-2020 14:53:00,Analysts/Institutional Investor Meet/Con. Call Updates,Endurance Technologies Limited has informed the Exchange about Analysts/Institutional Investor Meet/Con. Call Updates
29-Jun-2020 16:09:00,Analysts/Institutional Investor Meet/Con. Call Updates,Endurance Technologies Limited has informed the Exchange about Analysts/Institutional Investor Meet/Con. Call Updates
29-Jun-2020 15:43:00,Trading Window,"Endurance Technologies Limited has informed the Exchange regarding the Trading Window closure pursuant to SEBI (Prohibition of Insider Trading) Regulations, 2015"
25-Jun-2020 18:34:00,Updates,Endurance Technologies Limited has informed the Exchange regarding 'Impact of COVID-19 on the Company'.
25-Jun-2020 17:03:50,Financial Result Updates,"Endurance Technologies Limited has submitted to the Exchange, the financial results for the period ended March 31, 2020."
25-Jun-2020 16:47:00,Outcome of Board Meeting,"Endurance Technologies Limited has informed the Exchange regarding  Board meeting held on Jun 25, 2020."
23-Jun-2020 15:56:00,Analysts/Institutional Investor Meet/Con. Call Updates,Endurance Technologies Limited has informed the Exchange about Rescheduling of Analysts/Institutional Investor Meet/Con. Call Updates
18-Jun-2020 22:46:00,Analysts/Institutional Investor Meet/Con. Call Updates,Endurance Technologies Limited has informed the Exchange about Analysts/Institutional Investor Meet/Con. Call Updates
03-Jun-2020 13:32:00,Trading Window,"Endurance Technologies Limited has informed the Exchange regarding the Trading Window closure pursuant to SEBI (Prohibition of Insider Trading) Regulations, 2015"
01-Jun-2020 17:41:00,Credit Rating,Endurance Technologies Limited has informed the Exchange regarding Credit Rating
27-May-2020 17:27:00,Analysts/Institutional Investor Meet/Con. Call Updates,Endurance Technologies Limited has informed the Exchange regarding Analysts/Institutional Investor Meet/Con. Call Updates
22-May-2020 12:37:00,Updates,"Endurance Technologies Limited has informed the Exchange regarding 'Acquisition of Grimeca Srl by Endurance Adler SpA., step-down subsidiary of Endurance Technologies Limited'."
09-May-2020 19:56:00,Analysts/Institutional Investor Meet/Con. Call Updates,Endurance Technologies Limited has informed the Exchange regarding Analysts/Institutional Investor Meet/Con. Call Updates
07-May-2020 18:33:00,Updates,Endurance Technologies Limited has informed the Exchange regarding 'Intimation of resuming plant operations in India'.
04-May-2020 20:39:00,Updates,Endurance Technologies Limited has informed the Exchange regarding 'Intimation of resuming plant operations in Italy'.
27-Apr-2020 10:10:00,Updates,"Endurance Technologies Limited has informed the Exchange regarding 'Intimation of resuming plant operations at Pantnagar and Waluj, Aurangabad'."
24-Apr-2020 16:36:00,Analysts/Institutional Investor Meet/Con. Call Updates,Endurance Technologies Limited has informed the Exchange regarding Analysts/Institutional Investor Meet/Con. Call Updates
22-Apr-2020 17:00:00,Disclosure under SEBI Takeover Regulations,"Promoters of Endurance Technologies Limited has informed the Exchange regarding disclosure under regulation 30(1) and 30(2) of SEBI (SAST) Regulation, 2011"
15-Apr-2020 20:43:00,Updates,"Endurance Technologies Limited has informed the Exchange regarding 'Acquisition of Adler SpA by Endurance Overseas Srl., subsidiary of the Endurance Technologies Limited'."
08-Apr-2020 10:29:00,Analysts/Institutional Investor Meet/Con. Call Updates,Endurance Technologies Limited has informed the Exchange regarding Analysts/Institutional Investor Meet/Con. Call Updates
31-Mar-2020 16:09:00,Analysts/Institutional Investor Meet/Con. Call Updates,Endurance Technologies Limited has informed the Exchange regarding Analysts/Institutional Investor Meet/Con. Call Updates
25-Mar-2020 15:48:00,Updates,Endurance Technologies Limited has informed the Exchange regarding 'Temporary suspension of operations of Endurance Group companies in India and Italy as per the directions issued by government / regu
23-Mar-2020 17:51:00,Trading Window,"Endurance Technologies Limited has informed the Exchange regarding the Trading Window closure pursuant to SEBI (Prohibition of Insider Trading) Regulations, 2015"
23-Mar-2020 13:37:00,Updates,Endurance Technologies Limited has informed the Exchange regarding 'Intimation of temporary suspension of operations of plants and offices as per the directions issued by government / regulatory autho
18-Mar-2020 11:08:00,Analysts/Institutional Investor Meet/Con. Call Updates,Endurance Technologies Limited has informed the Exchange regarding Analysts/Institutional Investor Meet/Con. Call Updates
14-Mar-2020 12:37:00,Analysts/Institutional Investor Meet/Con. Call Updates,Endurance Technologies Limited has informed the Exchange regarding Analysts/Institutional Investor Meet/Con. Call Updates
06-Mar-2020 12:08:00,Analysts/Institutional Investor Meet/Con. Call Updates,Endurance Technologies Limited has informed the Exchange regarding Analysts/Institutional Investor Meet/Con. Call Updates
04-Mar-2020 18:34:00,Corrigendum,"Endurance Technologies Limited has informed the Exchange regarding Corrigendum to Outcome of Board Meeting vide letter dated 3rd March, 2020"
03-Mar-2020 18:47:00,Date of payment of dividend,Endurance Technologies Limited has informed the Exchange regarding Date of payment of dividend
03-Mar-2020 18:30:00,Dividend,"Endurance Technologies Limited has informed the Exchange that Board of Directors at its meeting held on March 03, 2020, declared Interim Dividend of 5.50 per equity share."
24-Feb-2020 11:02:00,Record Date,"Endurance Technologies Limited has informed the Exchange that the Company has fixed Record Date as March 12, 2020 for the purpose of consider declaration of interim dividend for the financial year end"
24-Feb-2020 10:57:00,Trading Window,"Endurance Technologies Limited has informed the Exchange regarding the Trading Window closure pursuant to SEBI (Prohibition of Insider Trading) Regulations, 2015"
06-Feb-2020 17:12:00,Outcome of Board Meeting,"Endurance Technologies Limited has informed the Exchange regarding  Board meeting held on February 06, 2020."
06-Feb-2020 17:05:28,Financial Result Updates,"Endurance Technologies Limited has submitted to the Exchange, the financial results for the period ended December 31, 2019."
05-Feb-2020 14:52:00,Analysts/Institutional Investor Meet/Con. Call Updates,Endurance Technologies Limited has informed the Exchange regarding Analysts/Institutional Investor Meet/Con. Call Updates
31-Jan-2020 10:23:00,Analysts/Institutional Investor Meet/Con. Call Updates,Endurance Technologies Limited has informed the Exchange regarding Analysts/Institutional Investor Meet/Con. Call Updates
09-Jan-2020 09:56:00,Analysts/Institutional Investor Meet/Con. Call Updates,Endurance Technologies Limited has informed the Exchange regarding Analysts/Institutional Investor Meet/Con. Call Updates
24-Dec-2019 13:03:00,Trading Window,"Endurance Technologies Limited has informed the Exchange regarding the Trading Window closure pursuant to SEBI (Prohibition of Insider Trading) Regulations, 2015"
20-Dec-2019 10:34:00,Analysts/Institutional Investor Meet/Con. Call Updates,Endurance Technologies Limited has informed the Exchange regarding Analysts/Institutional Investor Meet/Con. Call Updates
12-Dec-2019 16:54:00,Analysts/Institutional Investor Meet/Con. Call Updates,Endurance Technologies Limited has informed the Exchange regarding Analysts/Institutional Investor Meet/Con. Call Updates
03-Dec-2019 16:40:00,Analysts/Institutional Investor Meet/Con. Call Updates,Endurance Technologies Limited has informed the Exchange regarding Analysts/Institutional Investor Meet/Con. Call Updates
27-Nov-2019 15:25:00,Related Party Transactions,Endurance Technologies Limited has informed the Exchange regarding Disclosure of Related Party Transaction disclosure under Regulation 23(9) of the SEBI (Listing Obligations and Disclosure Requirement
25-Nov-2019 11:32:00,Analysts/Institutional Investor Meet/Con. Call Updates,Endurance Technologies Limited has informed the Exchange regarding Analysts/Institutional Investor Meet/Con. Call Updates
14-Nov-2019 17:11:00,Outcome of Board Meeting,"Endurance Technologies Limited has informed the Exchange regarding  Board meeting held on November 14, 2019."
14-Nov-2019 17:02:31,Financial Result Updates,"Endurance Technologies Limited has submitted to the Exchange, the financial results for the period ended September 30, 2019."
13-Nov-2019 17:43:00,Analysts/Institutional Investor Meet/Con. Call Updates,Endurance Technologies Limited has informed the Exchange regarding Analysts/Institutional Investor Meet/Con. Call Updates
07-Nov-2019 14:56:00,Analysts/Institutional Investor Meet/Con. Call Updates,Endurance Technologies Limited has informed the Exchange regarding Analysts/Institutional Investor Meet/Con. Call Updates
14-Oct-2019 17:54:00,Analysts/Institutional Investor Meet/Con. Call Updates,Endurance Technologies Limited has informed the Exchange regarding Analysts/Institutional Investor Meet/Con. Call Updates
26-Sep-2019 12:40:00,Trading Window,"Endurance Technologies Limited has informed the Exchange regarding the Trading Window closure pursuant to SEBI (Prohibition of Insider Trading) Regulations, 2015"
18-Sep-2019 14:27:00,Updates,"Endurance Technologies Limited has informed the Exchange regarding 'Setting up of plant in Kolar, Karnataka - Intimation of commencement of operations'."
11-Sep-2019 15:10:00,Analysts/Institutional Investor Meet/Con. Call Updates,Endurance Technologies Limited has informed the Exchange regarding Analysts/Institutional Investor Meet/Con. Call Updates
30-Aug-2019 14:40:00,Analysts/Institutional Investor Meet/Con. Call Updates,Endurance Technologies Limited has informed the Exchange regarding Analysts/Institutional Investor Meet/Con. Call Updates
30-Aug-2019 14:40:00,Analysts/Institutional Investor Meet/Con. Call Updates,Endurance Technologies Limited has informed the Exchange regarding Analysts/Institutional Investor Meet/Con. Call Updates
26-Aug-2019 18:50:00,Analysts/Institutional Investor Meet/Con. Call Updates,Endurance Technologies Limited has informed the Exchange regarding Analysts/Institutional Investor Meet/Con. Call Updates
23-Aug-2019 14:54:00,Credit Rating,Endurance Technologies Limited has informed the Exchange regarding Credit Rating
16-Aug-2019 16:54:00,Analysts/Institutional Investor Meet/Con. Call Updates,Endurance Technologies Limited has informed the Exchange regarding Analysts/Institutional Investor Meet/Con. Call Updates
08-Aug-2019 23:23:00,Shareholders meeting,"Endurance Technologies Limited has informed the Exchange regarding Proceedings of Annual General Meeting held on August 08, 2019. Further, the company has submitted the Exchange a copy of Srutinizers "
08-Aug-2019 23:13:00,Withdrawal,Endurance Technologies Limited has informed the Exchange about Withdrawal of new business for manufacturing of tyres
08-Aug-2019 14:07:00,Outcome of Board Meeting,"Endurance Technologies Limited has informed the Exchange regarding  Board meeting held on August 08, 2019."
08-Aug-2019 13:59:00,Outcome of Board Meeting,"Endurance Technologies Limited has informed the Exchange regarding  Board meeting held on August 08, 2019."
08-Aug-2019 13:53:56,Financial Result Updates,"Endurance Technologies Limited has submitted to the Exchange, the financial results for the period ended June 30, 2019."
06-Aug-2019 17:53:00,Analysts/Institutional Investor Meet/Con. Call Updates,Endurance Technologies Limited has informed the Exchange regarding Analysts/Institutional Investor Meet/Con. Call Updates
30-Jul-2019 15:00:00,Analysts/Institutional Investor Meet/Con. Call Updates,Endurance Technologies Limited has informed the Exchange regarding Analysts/Institutional Investor Meet/Con. Call Updates
10-Jul-2019 16:54:00,Updates,Endurance Technologies Limited has informed the Exchange regarding 'Newspaper advertisement of Notice of the Twentieth Annual GeneralMeeting'.
27-Jun-2019 13:00:00,Analysts/Institutional Investor Meet/Con. Call Updates,Endurance Technologies Limited has informed the Exchange regarding Analysts/Institutional Investor Meet/Con. Call Updates
25-Jun-2019 18:01:00,Trading Window,"Endurance Technologies Limited has informed the Exchange regarding the Trading Window closure pursuant to SEBI (Prohibition of Insider Trading) Regulations, 2015"
04-Jun-2019 18:49:00,Related Party Transactions,Endurance Technologies Limited has informed the Exchange regarding Disclosure of Related party Transactions.
24-May-2019 14:41:00,Analysts/Institutional Investor Meet/Con. Call Updates,Endurance Technologies Limited has informed the Exchange regarding Analysts/Institutional Investor Meet/Con. Call Updates
21-May-2019 17:03:00,Credit Rating,Endurance Technologies Limited has informed the Exchange regarding Credit Rating
20-May-2019 19:03:00,Analysts/Institutional Investor Meet/Con. Call Updates,Endurance Technologies Limited has informed the Exchange regarding Analysts/Institutional Investor Meet/Con. Call Updates
14-May-2019 17:38:00,AGM/Book Closure,"Endurance Technologies Limited has informed the Exchange that the Register of Members and Share Transfer Books of the Company shall remain closed from  August 1, 2019 to August 8, 2019 (both day inclu"
14-May-2019 16:49:00,Outcome of Board Meeting,"Endurance Technologies Limited has informed the Exchange regarding Outcome of Board Meeting held on May 14, 2019."
14-May-2019 16:40:00,Dividend,"Endurance Technologies Limited has informed the Exchange that Board of Directors at its meeting held on May 14, 2019, recommended Final Dividend of 5.50 per equity share."
14-May-2019 16:23:04,Financial Result Updates,"Endurance Technologies Limited has submitted to the Exchange, the financial results for the period ended March 31, 2019."
10-May-2019 17:34:00,Analysts/Institutional Investor Meet/Con. Call Updates,Endurance Technologies Limited has informed the Exchange regarding Analysts/Institutional Investor Meet/Con. Call Updates
08-Apr-2019 09:21:00,Disc. under Reg.30 of SEBI (SAST) Reg.2011,"Endurance Technologies Limited has informed the Exchange��regarding disclosure under Regulation 30(1) and 30(2) of SEBI (Substantial Acquisition of Shares and Takeovers), Regulations, 2011."
05-Apr-2019 14:38:00,Updates,Endurance Technologies Limited has informed the Exchange regarding 'Update on closure of plant at Manesar �� payment of compensation toworkmen'.
03-Apr-2019 16:57:00,Trading Window,"Endurance Technologies Limited has informed the Exchange regarding the Trading Window closure pursuant to SEBI (Prohibition of Insider Trading) Regulations, 2015"
02-Apr-2019 13:07:00,Analysts/Institutional Investor Meet/Con. Call Updates,Endurance Technologies Limited has informed the Exchange regarding Analysts/Institutional Investor Meet/Con. Call Updates
28-Mar-2019 11:53:00,Analysts/Institutional Investor Meet/Con. Call Updates,Endurance Technologies Limited has informed the Exchange regarding Analysts/Institutional Investor Meet/Con. Call Updates
06-Mar-2019 18:25:00,Offer For Sale-Stock Exchange Mechanism,"Anurang jain has informed the Exchange regarding Offer for sale of equity shares of face value of Rs. 10 each (the ""Equity Shares"") of Endurance Technologies Limited (the ""Company"") by its promoter ,M"
05-Mar-2019 19:24:00,Offer For Sale-Stock Exchange Mechanism,"Endurance Technologies Limited has informed the Exchange that The Company has received intimation regarding the proposed offer for sale of equity shares of face value of Rs. 10 each (""Equity Shares"") "
05-Mar-2019 17:03:00,Offer For Sale-Stock Exchange Mechanism,"Anurag Jain has submitted to the Exchange, an announcement with respect to offer for sale through Stock Exchange Mechanism for sale upto 63,63,637 Equity shares of face value of Rs. 10 each of Enduran"
22-Feb-2019 17:42:00,Analysts/Institutional Investor Meet/Con. Call Updates,Endurance Technologies Limited has informed the Exchange regarding Analysts/Institutional Investor Meet/Con. Call Updates
19-Feb-2019 09:48:00,Analysts/Institutional Investor Meet/Con. Call Updates,Endurance Technologies Limited has informed the Exchange regarding Analysts/Institutional Investor Meet/Con. Call Updates
15-Feb-2019 14:10:00,Analysts/Institutional Investor Meet/Con. Call Updates,Endurance Technologies Limited has informed the Exchange regarding Analysts/Institutional Investor Meet/Con. Call Updates
11-Feb-2019 17:12:00,Updates,Endurance Technologies Limited has informed the Exchange regarding 'Amendment to the Code of Practices and Procedures for Fair Disclosureof Unpublished Price Sensitive Information.'.
11-Feb-2019 16:39:00,Analysts/Institutional Investor Meet/Con. Call Updates,Endurance Technologies Limited has informed the Exchange regarding Analysts/Institutional Investor Meet/Con. Call Updates
07-Feb-2019 17:24:12,Financial Result Updates,"Endurance Technologies Limited has submitted to the Exchange, the financial results for the period ended December 31, 2018."
01-Feb-2019 11:12:00,Analysts/Institutional Investor Meet/Con. Call Updates,Endurance Technologies Limited has informed the Exchange regarding Analysts/Institutional Investor Meet/Con. Call Updates
18-Jan-2019 10:00:00,Trading Window,"Endurance Technologies Limited has informed the Exchange regarding the Trading Window closure pursuant to SEBI (Prohibition of Insider Trading) Regulations, 2015"
11-Jan-2019 15:13:00,Analysts/Institutional Investor Meet/Con. Call Updates,Endurance Technologies Limited has informed the Exchange regarding Analysts/Institutional Investor Meet/Con. Call Updates
07-Jan-2019 18:36:00,Updates,Endurance Technologies Limited has informed the Exchange regarding 'Acquisition of Fonpresmetal Gap SpA'.
07-Jan-2019 11:16:00,Analysts/Institutional Investor Meet/Con. Call Updates,Endurance Technologies Limited has informed the Exchange regarding Analysts/Institutional Investor Meet/Con. Call Updates
01-Jan-2019 15:06:00,Updates,"Endurance Technologies Limited has informed the Exchange regarding ""Merger of Endurance Fondalmec S.p.A into Endurance FOA S.p.A, the two step-down subsidiaries in Italy""."
24-Dec-2018 13:43:00,Shareholders meeting,"Endurance Technologies Limited has submitted the Exchange a copy Srutinizers report of  Postal Ballot. Further, the company has informed the Exchange regarding voting results."
19-Dec-2018 15:26:00,Updates,Endurance Technologies Limited has informed the Exchange regarding 'consolidation of plant operations and consequent discontinuation of manufacturing operations at Manesar'.
19-Dec-2018 12:54:00,Analysts/Institutional Investor Meet/Con. Call Updates,Endurance Technologies Limited has informed the Exchange regarding Analysts/Institutional Investor Meet/Con. Call Updates
13-Dec-2018 10:49:00,Analysts/Institutional Investor Meet/Con. Call Updates,Endurance Technologies Limited has informed the Exchange regarding Analysts/Institutional Investor Meet/Con. Call Updates
05-Dec-2018 11:22:00,Analysts/Institutional Investor Meet/Con. Call Updates,Endurance Technologies Limited has informed the Exchange regarding Analysts/Institutional Investor Meet/Con. Call Updates
04-Dec-2018 10:18:00,Analysts/Institutional Investor Meet/Con. Call Updates,Endurance Technologies Limited has informed the Exchange regarding Analysts/Institutional Investor Meet/Con. Call Updates
23-Nov-2018 11:48:00,Updates,"Endurance Technologies Limited has informed the Exchange regarding 'Publication of newspaper advertisements for completion of dispatch of Notice of Postal Ballot, Postal Ballot Form and business reply"
22-Nov-2018 16:54:00,Shareholders meeting,Endurance Technologies Limited has informed the Exchange regarding Notice of Postal Ballot
05-Nov-2018 10:38:00,Analysts/Institutional Investor Meet/Con. Call Updates,Endurance Technologies Limited has informed the Exchange regarding Analysts/Institutional Investor Meet/Con. Call Updates
03-Nov-2018 13:10:49,Financial Result Updates,"Endurance Technologies Limited has submitted to the Exchange, the financial results for the period ended September 30, 2018."
03-Nov-2018 13:04:00,Outcome of Board Meeting,"Endurance Technologies Limited has informed the Exchange regarding  Board meeting held on November 03, 2018."
26-Oct-2018 11:42:00,Analysts/Institutional Investor Meet/Con. Call Updates,Endurance Technologies Limited has informed the Exchange regarding Analysts/Institutional Investor Meet/Con. Call Updates
26-Oct-2018 10:33:00,Analysts/Institutional Investor Meet/Con. Call Updates,Endurance Technologies Limited has informed the Exchange regarding Analysts/Institutional Investor Meet/Con. Call Updates
19-Oct-2018 15:28:00,Trading Window,"Endurance Technologies Limited has informed the Exchange regarding the Trading Window closure pursuant to SEBI (Prohibition of Insider Trading) Regulations, 2015"
03-Oct-2018 10:05:00,Analysts/Institutional Investor Meet/Con. Call Updates,Endurance Technologies Limited has informed the Exchange regarding Analysts/Institutional Investor Meet/Con. Call Updates
27-Sep-2018 16:15:00,Analysts/Institutional Investor Meet/Con. Call Updates,Endurance Technologies Limited has informed the Exchange regarding Analysts/Institutional Investor Meet/Con. Call Updates
24-Sep-2018 14:55:00,Updates,"Endurance Technologies Limited has informed the Exchange regarding 'Update on setting up of plant in Halol, Gujarat - Intimation of commencement of operations'."
11-Sep-2018 15:08:00,Analysts/Institutional Investor Meet/Con. Call Updates,Endurance Technologies Limited has informed the Exchange regarding Analysts/Institutional Investor Meet/Con. Call Updates
10-Sep-2018 14:42:00,Updates,Endurance Technologies Limited has informed the Exchange regarding 'consolidation of plant operations and consequent discontinuation of manufacturing operations at Manesar'.
06-Sep-2018 18:39:00,Shareholders meeting,"Endurance Technologies Limited has informed the Exchange regarding Proceedings of Annual General Meeting held on September 06, 2018. Further, the company has submitted the Exchange a copy of Srutinize"
06-Sep-2018 16:14:00,Analysts/Institutional Investor Meet/Con. Call Updates,Endurance Technologies Limited has informed the Exchange regarding Analysts/Institutional Investor Meet/Con. Call Updates
28-Aug-2018 16:03:00,Updates,"Endurance Technologies Limited has informed the Exchange regarding 'copies of the newspaper advertisements published today, 28th August, 2018, in Loksatta and Financial Express. These advertisements p"
20-Aug-2018 11:59:00,Analysts/Institutional Investor Meet/Con. Call Updates,Endurance Technologies Limited has informed the Exchange regarding Analysts/Institutional Investor Meet/Con. Call Updates
10-Aug-2018 15:41:30,Financial Result Updates,"Endurance Technologies Limited has submitted to the Exchange, the financial results for the period ended June 30, 2018."
09-Aug-2018 19:05:00,Shareholders meeting,"Endurance Technologies Limited has informed the Exchange regarding Notice of Annual General Meeting to be held on September 06, 2018"
06-Aug-2018 18:31:00,Analysts/Institutional Investor Meet/Con. Call Updates,Endurance Technologies Limited has informed the Exchange regarding Analysts/Institutional Investor Meet/Con. Call Updates
17-Jul-2018 09:51:00,Trading Window,"Endurance Technologies Limited has informed the Exchange regarding the Trading Window closure pursuant to SEBI (Prohibition of Insider Trading) Regulations, 2015"
12-Jul-2018 15:45:00,Analysts/Institutional Investor Meet/Con. Call Updates,Endurance Technologies Limited has informed the Exchange regarding Analysts/Institutional Investor Meet/Con. Call Updates
06-Jul-2018 15:38:00,Reply to Clarification Sought,"ENDURANCE:The Exchange had sought clarification from Endurance Technologies Limited with respect to announcement dated 30-Jun-2018, regarding "" Endurance Technologies Limited has informed the Exchange"
03-Jul-2018 19:19:00,Clarification,"ENDURANCE:The Exchange has sought clarification from Endurance Technologies Limited with respect to announcement dated 30-Jun-2018, regarding "" Endurance Technologies Limited has informed the Exchange"
02-Jul-2018 12:47:00,Analysts/Institutional Investor Meet/Con. Call Updates,Endurance Technologies Limited has informed the Exchange regarding Analysts/Institutional Investor Meet/Con. Call Updates
30-Jun-2018 16:22:00,Updates,Endurance Technologies Limited has informed the Exchange regarding 'Consolidation of plant operations and consequent discontinuation of manufacturing activities at Manesar with effect from 31st August
28-Jun-2018 15:21:00,Credit Rating,Endurance Technologies Limited has informed the Exchange regarding Credit Rating
27-Jun-2018 15:53:00,Analysts/Institutional Investor Meet/Con. Call Updates,Endurance Technologies Limited has informed the Exchange regarding Analysts/Institutional Investor Meet/Con. Call Updates
25-Jun-2018 20:05:00,Book Closure Updates,"Endurance Technologies Limited had informed the Exchange that the Register of Members and Share Transfer Books of the Company shall remain closed from September 1, 2018 to September 7, 2018 (both days"
07-Jun-2018 17:50:00,Analysts/Institutional Investor Meet/Con. Call Updates,Endurance Technologies Limited has informed the Exchange regarding Analysts/Institutional Investor Meet/Con. Call Updates
05-Jun-2018 15:20:00,Analysts/Institutional Investor Meet/Con. Call Updates,Endurance Technologies Limited has informed the Exchange regarding Analysts/Institutional Investor Meet/Con. Call Updates
25-May-2018 12:38:00,Credit Rating,Endurance Technologies Limited has informed the Exchange regarding Credit Rating
18-May-2018 17:49:00,Analysts/Institutional Investor Meet/Con. Call Updates,Endurance Technologies Limited has informed the Exchange regarding Analysts/Institutional Investor Meet/Con. Call Updates
18-May-2018 15:31:00,Updates,Endurance Technologies Limited has informed the Exchange regarding 'receipt of Industrial Promotion Subsidy �� Eligibility Certificate under Package Scheme of Incentives �� 2013 from Directorate of In
17-May-2018 12:10:00,Analysts/Institutional Investor Meet/Con. Call Updates,Endurance Technologies Limited has informed the Exchange regarding Analysts/Institutional Investor Meet/Con. Call Updates
15-May-2018 17:59:00,AGM/Book Closure,"Endurance Technologies Limited has informed the Exchange that the Register of Members and Share Transfer Books of the Company shall remain closed from September 1, 2018 to September 7, 2018 (both days"
15-May-2018 17:58:00,Outcome of Board Meeting,"Endurance Technologies Limited has informed the Exchange regarding Outcome of Board Meeting held on May 15, 2018."
15-May-2018 16:53:24,Financial Result Updates,"Endurance Technologies Limited has submitted to the Exchange, the financial results for the period ended March 31, 2018."
15-May-2018 16:42:00,Dividend,"Endurance Technologies Limited has informed the Exchange that Board of Directors at its meeting held on May 15, 2018, recommended Final Dividend of 4 per equity share."
09-May-2018 15:00:00,Analysts/Institutional Investor Meet/Con. Call Updates,Endurance Technologies Limited has informed the Exchange regarding Analysts/Institutional Investor Meet/Con. Call Updates
27-Apr-2018 16:36:00,Trading Window,"Endurance Technologies Limited has informed the Exchange regarding the Trading Window closure pursuant to SEBI (Prohibition of Insider Trading) Regulations, 2015"
12-Apr-2018 15:48:00,Analysts/Institutional Investor Meet/Con. Call Updates,Endurance Technologies Limited has informed the Exchange regarding Analysts/Institutional Investor Meet/Con. Call Updates
10-Apr-2018 15:21:00,Disc. under Reg.30 of SEBI (SAST) Reg.2011,"Anurang Jain has submitted to the Exchange a copy of disclosure under Regulation 30(1) and 30(2) of SEBI (Substantial Acquisition of Shares & Takeovers) Regulations, 2011."
19-Mar-2018 16:46:00,Analysts/Institutional Investor Meet/Con. Call Updates,Endurance Technologies Limited has informed the Exchange regarding Analysts/Institutional Investor Meet/Con. Call Updates
14-Feb-2018 16:28:00,Updates,Endurance Technologies Limited has informed the Exchange regarding 'Change in situation of Registered Office'.
14-Feb-2018 15:45:37,Financial Result Updates,"Endurance Technologies Limited has submitted to the Exchange, the financial results for the period ended December 31, 2017."
08-Feb-2018 11:38:00,Analysts/Institutional Investor Meet/Con. Call Updates,Endurance Technologies Limited has informed the Exchange regarding Analysts/Institutional Investor Meet/Con. Call Updates
05-Feb-2018 15:40:00,Updates,"Endurance Technologies Limited has informed the Exchange regarding 'setting up of a plant in Malur Taluka, Kolar Dist., Karnataka'."
24-Jan-2018 10:34:00,Trading Window,"Endurance Technologies Limited has informed the Exchange regarding the Trading Window closure pursuant to SEBI (Prohibition of Insider Trading) Regulations, 2015"
15-Jan-2018 17:04:00,Analysts/Institutional Investor Meet/Con. Call Updates,Endurance Technologies Limited has informed the Exchange regarding Analysts/Institutional Investor Meet/Con. Call Updates
08-Jan-2018 17:11:00,Analysts/Institutional Investor Meet/Con. Call Updates,Endurance Technologies Limited has informed the Exchange regarding Analysts/Institutional Investor Meet/Con. Call Updates
01-Jan-2018 10:19:00,Updates,"Endurance Technologies Limited has informed the Exchange regarding 'Update on Company��s plant at Takve, Dist. Pune  (i) Consolidation of plant operations  (ii) Implementation of Voluntary Separation "
18-Dec-2017 12:49:00,Analysts/Institutional Investor Meet/Con. Call Updates,Endurance Technologies Limited has informed the Exchange regarding Analysts/Institutional Investor Meet/Con. Call Updates
15-Dec-2017 15:12:00,Press Release,"Endurance Technologies Limited has informed the Exchange regarding a press release dated December 15, 2017, titled ""Endurance Technologies Ltd. receives 'First Prize' for its energy conservation initi"
15-Dec-2017 11:51:00,Analysts/Institutional Investor Meet/Con. Call Updates,Endurance Technologies Limited has informed the Exchange regarding Analysts/Institutional Investor Meet/Con. Call Updates
14-Dec-2017 11:08:00,Analysts/Institutional Investor Meet/Con. Call Updates,Endurance Technologies Limited has informed the Exchange regarding Analysts/Institutional Investor Meet/Con. Call Updates
01-Dec-2017 16:26:00,Analysts/Institutional Investor Meet/Con. Call Updates,Endurance Technologies Limited has informed the Exchange regarding Analysts/Institutional Investor Meet/Con. Call Updates
17-Nov-2017 15:55:00,Analysts/Institutional Investor Meet/Con. Call Updates,Endurance Technologies Limited has informed the Exchange regarding Analysts/Institutional Investor Meet/Con. Call Updates
09-Nov-2017 17:03:55,Financial Result Updates,"Endurance Technologies Limited has submitted to the Exchange, the financial results for the period ended September 30, 2017."
08-Nov-2017 16:08:00,Analysts/Institutional Investor Meet/Con. Call Updates,Endurance Technologies Limited has informed the Exchange regarding Analysts/Institutional Investor Meet/Con. Call Updates
03-Nov-2017 15:37:00,Analysts/Institutional Investor Meet/Con. Call Updates,Endurance Technologies Limited has informed the Exchange regarding Analysts/Institutional Investor Meet/Con. Call Updates
23-Oct-2017 11:24:00,Analysts/Institutional Investor Meet/Con. Call Updates,Endurance Technologies Limited has informed the Exchange regarding Analysts/Institutional Investor Meet/Con. Call Updates
17-Oct-2017 10:50:00,Trading Window,"Endurance Technologies Limited has informed the Exchange regarding the Trading Window closure pursuant to SEBI (Prohibition of Insider Trading) Regulations, 2015"
16-Oct-2017 15:21:00,Updates,"Endurance Technologies Limited has informed the Exchange regarding 'Voluntary Separation Scheme for its plant located in Takve, Tal. Vadgaon Maval, Dist. Pune. '."
16-Oct-2017 11:29:00,Analysts/Institutional Investor Meet/Con. Call Updates,Endurance Technologies Limited has informed the Exchange regarding Analysts/Institutional Investor Meet/Con. Call Updates
12-Oct-2017 09:42:00,Analysts/Institutional Investor Meet/Con. Call Updates,Endurance Technologies Limited has informed the Exchange regarding Analysts/Institutional Investor Meet/Con. Call Updates
23-Sep-2017 09:39:00,Analysts/Institutional Investor Meet/Con. Call Updates,Endurance Technologies Limited has informed the Exchange regarding Analysts/Institutional Investor Meet/Con. Call Updates
19-Sep-2017 14:20:00,Analysts/Institutional Investor Meet/Con. Call Updates,Endurance Technologies Limited has informed the Exchange regarding Analysts/Institutional Investor Meet/Con. Call Updates
12-Sep-2017 19:56:00,Reply to Clarification- Financial results,"The Exchange had sought clarification from Endurance Technologies Limited with respect to Non-compliance as per Regulation 33 of the SEBI (Listing Obligations and Disclosure Requirements) Regulations,"
11-Sep-2017 10:32:00,Clarification - Financial Results,"The Exchange has sought clarification from Endurance Technologies Limited with respect to Non-compliance as per Regulation 33 of the SEBI (Listing Obligations and Disclosure Requirements) Regulations,"
04-Sep-2017 15:31:00,Analysts/Institutional Investor Meet/Con. Call Updates,Endurance Technologies Limited has informed the Exchange regarding Analysts/Institutional Investor Meet/Con. Call Updates
01-Sep-2017 17:12:00,Analysts/Institutional Investor Meet/Con. Call Updates,Endurance Technologies Limited has informed the Exchange regarding Analysts/Institutional Investor Meet/Con. Call Updates
29-Aug-2017 11:09:00,Analysts/Institutional Investor Meet/Con. Call Updates,Endurance Technologies Limited has informed the Exchange regarding Analysts/Institutional Investor Meet/Con. Call Updates
17-Aug-2017 16:32:00,Analysts/Institutional Investor Meet/Con. Call Updates,Endurance Technologies Limited has informed the Exchange regarding Analysts/Institutional Investor Meet/Con. Call Updates
08-Aug-2017 16:13:12,Financial Result Updates,"Endurance Technologies Limited has submitted to the Exchange, the financial results for the period ended June 30, 2017."
02-Aug-2017 15:57:00,Analysts/Institutional Investor Meet/Con. Call Updates,Endurance Technologies Limited has informed the Exchange regarding Analysts/Institutional Investor Meet/Con. Call Updates
28-Jul-2017 19:34:00,Shareholders meeting,"Endurance Technologies Limited has informed the Exchange regarding Proceedings of Annual General Meeting held on July 28, 2017. Further, the company has submitted the Exchange a copy of Srutinizers re"
20-Jul-2017 10:58:00,Trading Window,"Endurance Technologies Limited has informed the Exchange regarding the Trading Window closure pursuant to SEBI (Prohibition of Insider Trading) Regulations, 2015"
03-Jul-2017 13:30:00,Shareholders meeting,"Endurance Technologies Limited has informed the Exchange regarding Notice of Annual General Meeting to be held on July 28, 2017"
23-Jun-2017 16:00:00,Credit Rating,Endurance Technologies Limited has informed the Exchange regarding Credit Rating
07-Jun-2017 18:01:00,Updates,Endurance Technologies Limited has informed the Exchange regarding Capacity expansion at Chennai Plant.
19-May-2017 15:36:00,Updates,"Endurance Technologies Limited has informed the Exchange regarding Acquisition of a leasehold plot of land in Halol, Gujarat."
12-May-2017 11:47:00,Updates,"Endurance Technologies Limited has informed the Exchange regarding Voluntary Separation Scheme for plants in Chakan, Dist. Pune."
12-May-2017 10:53:00,Updates,"Endurance Technologies Limited has informed the Exchange regarding Voluntary Separation Scheme for plants in Chakan, Dist. Pune."
10-May-2017 18:41:00,AGM/Book Closure,"Endurance Technologies Limited has informed the Exchange that the Company has fixed Book Closure from July 22, 2017 to July 28, 2017 for the purpose of Annual General Meeting and payment of dividend."
10-May-2017 17:52:00,Outcome of Board Meeting,"Endurance Technologies Limited has informed the Exchange regarding Outcome of Board Meeting held on May 10, 2017."
10-May-2017 17:32:00,Dividend,"Endurance Technologies Limited has informed the Exchange that the Board of Directors of the Company at its meeting held on May 10, 2017 has Recommended dividend of Rs 2.50 per equity share of face val"
10-May-2017 17:19:14,Financial Result Updates,"Endurance Technologies Limited has submitted to the Exchange, the financial results for the period ended March 31, 2017."
04-May-2017 14:32:00,Analysts/Institutional Investor Meet/Con. Call Updates,Endurance Technologies Limited has informed the Exchange regarding Analysts/Institutional Investor Meet/Con. Call Updates
29-Apr-2017 14:19:00,Credit Rating,Endurance Technologies Limited has informed the Exchange regarding Credit Rating
21-Apr-2017 17:43:00,Trading Window,"Endurance Technologies Limited has informed the Exchange that Trading window for dealing in securities of the Company shall remain closed from April 24, 2017 to May 12, 2017 (both days inclusive)."
17-Apr-2017 15:43:00,Analysts/Institutional Investor Meet/Con. Call Updates,Endurance Technologies Limited has informed the Exchange regarding Analysts/Institutional Investor Meet/Con. Call Updates
17-Apr-2017 10:11:00,Updates,"Endurance Technologies Limited has informed the Exchange regarding ""Execution of License and Technical Assistance Agreement with BWI North America Inc. for manufacture of Anti-lock Braking Systems ( A"
06-Apr-2017 13:40:00,Disc. under Reg.30 of SEBI (SAST) Reg.2011,"ANURAG JAIN has informed the Exchange that vide letter dated April 03, 2017 a copy of disclosure under Regulation 30(1) and 30(2) of SEBI (Substantial Acquisition of Shares & Takeovers) Regulations, 2"
29-Mar-2017 16:51:00,Analysts/Institutional Investor Meet/Con. Call Updates,Endurance Technologies Limited has informed the Exchange regarding Analysts/Institutional Investor Meet/Con. Call Updates
21-Mar-2017 17:11:00,Analysts/Institutional Investor Meet/Con. Call Updates,Endurance Technologies Limited has informed the Exchange regarding Analysts/Institutional Investor Meet/Con. Call Updates
06-Mar-2017 16:38:00,Analysts/Institutional Investor Meet/Con. Call Updates,Endurance Technologies Limited has informed the Exchange regarding Analysts/Institutional Investor Meet/Con. Call Updates
08-Feb-2017 16:18:13,Financial Result Updates,"Endurance Technologies Limited has submitted to the Exchange, the financial results for the period ended December 31, 2016."
03-Feb-2017 18:15:00,Analysts/Institutional Investor Meet/Con. Call Updates,Endurance Technologies Limited has informed the Exchange regarding Analysts/Institutional Investor Meet/Con. Call Updates
13-Jan-2017 11:05:00,Trading Window,"Endurance Technologies Limited has informed the Exchange that the trading window for dealing in securities of the Company shall remain closed from January 23, 2017 to February 10, 2017 (both days incl"
11-Jan-2017 11:53:00,Analysts/Institutional Investor Meet/Con. Call Updates,Endurance Technologies Limited has informed the Exchange regarding Analysts/Institutional Investor Meet/Con. Call Updates
10-Jan-2017 18:47:00,Updates,"Endurance Technologies Limited has informed the Exchange regarding Intimation of commencement of operations at a new plant in Massenbachhausen, Germany"
09-Jan-2017 18:55:00,Meeting Updates,"Endurance Technologies Limited has informed the Exchange that the scheduled date of the meeting of Board of Directors as February 08, 2017 which inadvertently was mentioned as February 08, 2016."
06-Jan-2017 11:58:00,Updates,"Endurance Technologies Limited has informed the Exchange regarding ""Consolidation of plant operations""."
02-Dec-2016 16:54:00,Appointment of Director,"Endurance Technologies Limited has informed the Exchange that the Board of Directors, at its meeting held on December 02, 2016, has approved the appointment of Mr. Massimo Venuti as an Additional Dire"
02-Dec-2016 16:21:24,Financial Result Updates,"Endurance Technologies Limited has submitted to the Exchange, the financial results for the period ended September 30, 2016."
30-Nov-2016 15:12:00,Analysts/Institutional Investor Meet/Con. Call Updates,Endurance Technologies Limited has informed the Exchange regarding Analysts/Institutional Investor Meet/Con. Call Updates
08-Nov-2016 19:02:00,Analysts/Institutional Investor Meet/Con. Call Updates,Endurance Technologies Limited has informed the Exchange regarding Analysts/Institutional Investor Meet/Con. Call Updates
05-Nov-2016 17:55:00,Analysts/Institutional Investor Meet/Con. Call Updates,Endurance Technologies Limited has informed the Exchange regarding Analysts/Institutional Investor Meet/Con. Call Updates
26-Oct-2016 10:34:00,News Clarification,"Endurance Technologies Limited has informed the Exchange regarding ""Public notice refuting news article published in a section of print media""."
21-Oct-2016 12:04:00,Resignation of Director,"Endurance Technologies Limited has informed the Exchange that Mr. Asanka Rodrigo, Nominee Director of Actis Components and System Investments Limited (""Actis"") has resigned from the Board of the Compa"
