date,desc,text
06-Jul-2026 16:12:34,"Certificate under SEBI (Depositories and Participants) Regulations, 2018","Vodafone Idea Limited has submitted Certificate under SEBI (Depositories and Participants) Regulations, 2018 for the quarter ended 30 June 2026 to the Exchange."
30-Jun-2026 17:00:04,Acquisition,Vodafone Idea Limited has informed the Exchange about completion of acquisition in MTK Quantum Green Energy Private Limited
30-Jun-2026 15:52:09,Investor Presentation,Vodafone Idea Limited has informed the Exchange about Investor Presentation
26-Jun-2026 16:16:54,Trading Window,"Vodafone Idea Limited has informed the Exchange regarding the Trading Window closure pursuant to SEBI (Prohibition of Insider Trading) Regulations, 2015"
22-Jun-2026 19:53:42,Allotment of Securities,Vodafone Idea Limited has informed the Exchange regarding allotment of 430 Crore warrants to Suryaja Investments Pte. Ltd. (an Aditya Birla Group entity and a member of the Promoter Group) on a prefer
12-Jun-2026 17:17:59,Shareholders meeting,"Vodafone Idea Limited has submitted the Exchange a copy Srutinizers report of Extraordinary General Meeting held on 11 June 2026. Further, the company has informed the Exchange regarding voting result"
11-Jun-2026 18:52:49,Shareholders meeting,Vodafone Idea Limited has informed the Exchange regarding proceedings of Extraordinary General Meeting held on 11 June 2026 via Video Conferencing
10-Jun-2026 12:00:23,Disclosure under SEBI Takeover Regulations,Vodafone Idea Limited has Submitted to the Exchange a copy of Disclosure under Regulation 31(4) of the Securities and Exchange Board of India (Substantial Acquisition of Shares and Takeovers) Regulati
09-Jun-2026 10:48:10,Disclosure of material issue,"Vodafone Idea Limited has informed regarding Disclosure under Regulation 30 of SEBI (Listing Obligations and Disclosure Requirements), Regulations, 2015 regarding Update on material litigation"
09-Jun-2026 09:06:04,Disclosure of material issue,"Vodafone Idea Limited has informed regarding Disclosure under Regulation 30 of SEBI (Listing Obligations and Disclosure Requirements), Regulations, 2015 regarding Update on material litigation"
08-Jun-2026 19:36:12,Analysts/Institutional Investor Meet/Con. Call Updates,Vodafone Idea Limited has informed the Exchange about Schedule of Analyst(s)/ Institutional Investor(s) Meeting
08-Jun-2026 19:23:44,Action(s) taken or orders passed,"Vodafone Idea Limited has informed the Exchange about Disclosure under Regulation 30 Of SEBI (Listing Obligations And Disclosure Requirements) Regulations, 2015"
03-Jun-2026 12:31:21,Analysts/Institutional Investor Meet/Con. Call Updates,Vodafone Idea Limited has informed the Exchange about Schedule of Analyst(s)/ Institutional Investor(s) Meeting
02-Jun-2026 16:04:48,Disclosure under SEBI Takeover Regulations,Grasim Industries Limited has Submitted to the Exchange a copy of Disclosure under Regulation 31(4) of the Securities and Exchange Board of India (Substantial Acquisition of Shares and Takeovers) Regu
02-Jun-2026 13:05:18,Credit Rating- Revision,"Vodafone Idea Limited has informed the Exchange about Disclosure under Regulation 30(6) of Securities and Exchange Board of India (Listing Obligations and Disclosure Requirements) Regulations, 2015 re"
26-May-2026 17:50:28,Updates,Vodafone Idea Limited has submitted Annual Secretarial Compliance Report for the Financial Year Ended 31 March 2026
25-May-2026 18:01:13,Analysts/Institutional Investor Meet/Con. Call Updates,Transcript of the Analyst/ Investor call held on 18 May 2026 relating to Company's performance for the Fourth Quarter and Financial Year ended 31 March 2026
25-May-2026 09:53:06,Credit Rating- New,"Vodafone Idea Limited has informed the Exchange about Disclosure under Regulation 30 of the SEBI(Listing Obligations and Disclosure Requirements) Regulations, 2015 regarding assignment of Credit Ratin"
20-May-2026 17:05:59,Acquisition,Vodafone Idea Limited has informed the Exchange that the Company has entered into a Power Purchase Agreement and a Share Purchase Agreement on 20 May 2026 for acquisition of not less than 26% paid up 
20-May-2026 15:30:22,Copy of Newspaper Publication,"Vodafone Idea Limited has enclosed copy of Newspaper Publication regarding dispatch of Notice of Extra-ordinary General Meeting of the Company to be held on 11 June 2026, through Video Conferencing"
19-May-2026 20:25:08,Shareholders meeting,"Vodafone Idea Limited has informed the Exchange regarding Notice of Extraordinary General Meeting to be held on June 11, 2026 through Video Conferencing"
18-May-2026 18:07:55,Analysts/Institutional Investor Meet/Con. Call Updates,Vodafone Idea Limited has informed the Exchange about Audio recording of the Earning Call held on 18 May 2026 on the Company's performance for the fourth quarter and financial year ended 31 March 2026
18-May-2026 17:54:39,Copy of Newspaper Publication,"Vodafone Idea Limited has informed the Exchange about Newspaper Advertisement regarding Extraordinary General Meeting of the company to be held on 11 June 2026, through Video Conferencing ('VC"")"
18-May-2026 17:46:10,Copy of Newspaper Publication,Vodafone Idea Limited has informed the Exchange about Newspaper Publication of extracts of Financial Results for the fourth quarter and financial year ended 31 March 2026
16-May-2026 19:26:40,Resignation of Director/KMP/SMP,Vodafone Idea Limited has informed the Exchange about Resignation of Director/KMP/SMP
16-May-2026 18:51:25,Change in Management,Vodafone Idea Limited has informed the Exchange regarding the change in Senior Management Personnel
16-May-2026 18:47:43,General Updates,Vodafone Idea Limited has informed the Exchange about Quarterly Report for Fourth Quarter and Financial year ended 31 March 2026
16-May-2026 18:42:00,Outcome of Board Meeting,"Vodafone Idea Limited has informed the Exchange regarding Issuance of Warrants on Preferential Basis aggregating upto Rs 4,730 Crores to Suryaja Investments Pte. Ltd., Singapore, (an Aditya Birla Grou"
16-May-2026 18:10:35,Outcome of Board Meeting,"Board of Directors of the Company at their meeting held on 16 May 2026, inter-alia, have approved the Audited Financial Results (Standalone and Consolidated) of the Company for the Fourth Quarter and "
13-May-2026 21:35:43,Analysts/Institutional Investor Meet/Con. Call Updates,Vodafone Idea Limited has informed the Exchange about Analyst/Investor Call to be held on 18 May 2026 at 2:30 p.m. in respect to the Company's performance for the fourth quarter and financial year end
11-May-2026 18:29:35,News Verification,The Exchange has sought clarification from Vodafone Idea Limited with respect to recent news item captioned Why Vodafone Idea shares rallied 10% today; stock up 34% in one month.  The response from th
11-May-2026 14:41:23,News Verification,The Exchange has sought clarification from Vodafone Idea Limited with respect to recent news item captioned Why Vodafone Idea shares rallied 10% today; stock up 34% in one month.  The response from th
11-May-2026 11:42:47,Monitoring Agency Report,The Company has informed the exchange about the Monitoring Agency Report for the Quarter ended 31 March 2026
05-May-2026 19:47:04,General Updates,Vodafone Idea Limited has informed the Exchange about Change in Chairperson of the Company
30-Apr-2026 19:08:46,General Updates,Vodafone Idea Limited has informed the Exchange about update on AGR matter
23-Apr-2026 13:30:54,Action(s) taken or orders passed,"Vodafone Idea Limited has informed the Exchange about announcement under Regulation 30 Of SEBI (Listing Obligations And Disclosure Requirements) Regulations, 2015"
17-Apr-2026 21:13:49,Action(s) taken or orders passed,Vodafone Idea Limited has informed the Exchange about Action(s) taken or orders passed
03-Apr-2026 16:45:26,"Certificate under SEBI (Depositories and Participants) Regulations, 2018","Vodafone Idea Limited has informed the Exchange about Certificate under SEBI (Depositories and Participants) Regulations, 2018 for the quarter ended 31 March 2026"
26-Mar-2026 14:31:36,Trading Window,"Vodafone Idea Limited has informed the Exchange regarding the Trading Window closure pursuant to SEBI (Prohibition of Insider Trading) Regulations, 2015"
25-Mar-2026 18:44:16,Action(s) taken or orders passed,"Vodafone Idea Limited has informed the Exchange about Disclosure under Regulation 30 of SEBI (Listing Obligations and Disclosure Requirements) Regulations, 2015"
13-Mar-2026 19:22:31,Action(s) taken or orders passed,"Vodafone Idea Limited has informed the Exchange about Disclosure under Regulation 30 of SEBI (Listing Obligations and Disclosure Requirements) Regulations, 2015 regarding order passed under Central Go"
11-Mar-2026 21:34:33,Analysts/Institutional Investor Meet/Con. Call Updates,"Vodafone Idea Limited has informed the Exchange about Disclosure under Regulation 30 of SEBI (Listing Obligations and Disclosure Requirements) Regulation, 2015 regarding Intimation of Analyst(s)/ Inst"
06-Mar-2026 17:14:21,Resignation,"Vodafone Idea Limited has informed the Exchange regarding Resignation of  Mr. Gautam Pendse as Other of the company w.e.f. March 06, 2026."
04-Mar-2026 16:21:18,Credit Rating- Revision,"Vodafone Idea Limited has informed the Exchange about Disclosure under Regulation 30(6) of Securities and Exchange Board of India (Listing Obligations and Disclosure Requirements) Regulations, 2015 re"
27-Feb-2026 18:30:06,Action(s) taken or orders passed,"Vodafone Idea Limited has informed the Exchange about Disclosure under Regulation 30 of SEBI (Listing Obligations and Disclosure Requirements) Regulations, 2015"
19-Feb-2026 18:52:23,General Updates,"Vodafone Idea Limited has informed the Exchange regarding Disclosure under Regulation 30 of SEBI (Listing Obligations and Disclosure Requirements) Regulations, 2015   ESG Rating of the Company for FY "
19-Feb-2026 18:10:19,Action(s) taken or orders passed,"Vodafone Idea Limited has informed the Exchange about Disclosure under Regulation 30 of SEBI (Listing Obligations and Disclosure Requirements) Regulations, 2015"
05-Feb-2026 10:55:41,Action(s) taken or orders passed,"Vodafone Idea Limited has informed the Exchange about Disclosure under Regulation 30 of SEBI (Listing Obligations and Disclosure Requirements) Regulations, 2015"
04-Feb-2026 14:59:19,Action(s) taken or orders passed,"Vodafone Idea Limited has informed the Exchange about Disclosure under Regulation 30 of SEBI (Listing Obligations and Disclosure Requirements) Regulations, 2015"
02-Feb-2026 17:48:09,Action(s) taken or orders passed,"Vodafone Idea Limited has informed the Exchange about Disclosure under Regulation 30 of SEBI (Listing Obligations and Disclosure Requirements) Regulations, 2015"
30-Jan-2026 11:28:44,Credit Rating- Others,Vodafone Idea Limited has informed the exchange about revision in Credit Rating outlook
28-Jan-2026 15:49:51,Investor Presentation,Vodafone Idea Limited has informed the Exchange about Investor Presentation
28-Jan-2026 14:31:45,Copy of Newspaper Publication,Vodafone Idea Limited has informed the Exchange about Newspaper Publication of extracts of Financial Results for the third quarter and nine months ended 31 December 2025
27-Jan-2026 22:13:12,General Updates,Vodafone Idea Limited has informed the Exchange about Outcome of Board Meeting   Financial Results and Disclosure under Regulation 30 of SEBI (Listing Obligations & Disclosure Requirements) Regulation
27-Jan-2026 20:20:33,Monitoring Agency Report,The Company has informed the Exchange about the Monitoring Agency Report for the Quarter ended 31 December 2025
27-Jan-2026 20:18:23,Updates,Vodafone Idea Limited has informed the Exchange regarding Quarterly Report for Third Quarter and Nine months ended 31 December 2025.
27-Jan-2026 20:12:04,Outcome of Board Meeting,"Vodafone Idea Limited has informed the Exchange that Board of Directors at their meeting held on 27 January 2026, inter-alia, approved the Unaudited Financial Results (Standalone and Consolidated) for"
23-Jan-2026 19:05:21,Action(s) taken or orders passed,"Vodafone Idea Limited has informed the Exchange about Disclosure under Regulation 30 of SEBI (Listing Obligations and Disclosure Requirements) Regulations, 2015"
22-Jan-2026 18:53:30,Analysts/Institutional Investor Meet/Con. Call Updates,"Vodafone Idea Limited has informed the Exchange about a Management Meet with analysts and institutional investors on Wednesday, 28 January 2026 at 4:30 P.M. in Mumbai."
09-Jan-2026 08:30:14,General Updates,Vodafone Idea Limited has informed the Exchange regarding update on AGR matter
07-Jan-2026 15:34:00,"Certificate under SEBI (Depositories and Participants) Regulations, 2018","Vodafone Idea Limited has informed the Exchange about Certificate under Regulation 74(5) of the SEBI (Depositories and Participants) Regulations, 2018 for the quarter ended 31 December 2025"
06-Jan-2026 15:46:04,Action(s) taken or orders passed,"Vodafone Idea Limited has informed the Exchange Intimation about Disclosure under Regulation 30 of SEBI (Listing Obligations and Disclosure Requirements) Regulations, 2015 regarding order passed under"
01-Jan-2026 16:04:20,Action(s) taken or orders passed,"Vodafone Idea Limited has informed the Exchange Intimation about Disclosure under Regulation 30 of SEBI (Listing Obligations and Disclosure Requirements) Regulations, 2015 regarding order passed under"
31-Dec-2025 18:49:53,Agreements,"Disclosure under Regulation 30 of SEBI (Listing Obligations and Disclosure Requirements), Regulations, 2015 - Amendment agreement dated 31 December 2025 to the Implementation Agreement dated 20 March "
31-Dec-2025 16:36:26,News Verification,"The Exchange has sought clarification from Vodafone Idea Limited with respect to recent news item captioned Vodafone Idea AGR dues of &#8377;87,695 crore frozen by cabinet; Stock gives up gains.  The "
31-Dec-2025 14:37:07,News Verification,"The Exchange has sought clarification from Vodafone Idea Limited with respect to recent news item captioned Vodafone Idea AGR dues of &#8377;87,695 crore frozen by cabinet; Stock gives up gains.  The "
31-Dec-2025 12:57:58,Action(s) taken or orders passed,"Vodafone Idea Limited has informed the Exchange about Disclosure under Regulation 30 of SEBI (Listing Obligations and Disclosure Requirements) Regulations, 2015 regarding order passed under Central Go"
30-Dec-2025 17:33:13,Action(s) taken or orders passed,"Vodafone Idea Limited has informed the Exchange about Disclosure under Regulation 30 of SEBI (Listing Obligations and Disclosure Requirements) Regulations, 2015 regarding order passed under Central Go"
30-Dec-2025 13:19:16,Action(s) taken or orders passed,"Vodafone Idea Limited has informed the Exchange about Disclosure under Regulation 30 of SEBI (Listing Obligations and Disclosure Requirements) Regulations, 2015 regarding order passed under Central Go"
29-Dec-2025 13:29:26,Trading Window,"Vodafone Idea Limited has informed the Exchange regarding the Trading Window closure pursuant to SEBI (Prohibition of Insider Trading) Regulations, 2015"
26-Dec-2025 18:59:11,Action(s) taken or orders passed,"Vodafone Idea Limited has informed the Exchange about Disclosure under Regulation 30 of SEBI (Listing Obligations and Disclosures Requirements) Regulations, 2015 regarding orders passed under Central "
25-Dec-2025 16:43:06,Action(s) taken or orders passed,"Vodafone Idea Limited has informed the Exchange about Disclosure under Regulation 30 of SEBI (Listing Obligations and Disclosures Requirements) Regulations, 2015 regarding orders passed under Central "
22-Dec-2025 13:26:35,Action(s) taken or orders passed,"Vodafone Idea Limited has informed the Exchange about disclosure under Regulation 30 of SEBI (Listing Obligations and Disclosure Requirements) Regulations, 2015 regarding order passed under the Centra"
19-Dec-2025 21:04:00,Action(s) taken or orders passed,"Vodafone Idea Limited has informed the Exchange about Disclosure under Regulation 30 of SEBI (Listing Obligations and Disclosure Requirements) Regulations, 2015 regarding orders passed under Central G"
18-Dec-2025 17:56:21,Press Release,"Vodafone Idea Limited has informed the Exchange regarding a press release dated December 18, 2025, titled ""Disclosure under Regulation 30 of SEBI (Listing Obligations and Disclosure Requirements) Regu"
16-Dec-2025 16:19:49,Action(s) taken or orders passed,"Vodafone Idea Limited has informed the Exchange about Disclosure under Regulation 30 of SEBI (Listing Obligations and Disclosure Requirements) Regulations, 2015 regarding order passed under Central Go"
09-Dec-2025 18:58:24,Giving guarantees/indemnity/ becoming a surety for third party,Vodafone Idea Limited has informed the Exchange about Issuance of Corporate Guarantee and Pledge of Shares
02-Dec-2025 20:54:59,News Verification,The Exchange has sought clarification from Vodafone Idea Limited with respect to recent news item captioned Vodafone Idea shares jump 4% on anticipation of AGR relief by year-end.  The response from t
02-Dec-2025 10:53:56,News Verification,The Exchange has sought clarification from Vodafone Idea Limited with respect to recent news item captioned Vodafone Idea shares jump 4% on anticipation of AGR relief by year-end.  The response from t
01-Dec-2025 13:40:30,Action(s) taken or orders passed,"Vodafone Idea Limited has informed the Exchange about Disclosure under Regulation 30 of SEBI (Listing Obligations and Disclosure Requirements) Regulations, 2015 regarding order passed under Central Go"
17-Nov-2025 18:16:58,Analysts/Institutional Investor Meet/Con. Call Updates,Transcript of the Analyst/ Investor call held on 11 November 2025 relating to Company's performance for the Second Quarter and Half Year ended 30 September 2025
14-Nov-2025 12:53:27,Action(s) taken or orders passed,"Vodafone Idea Limited has informed the Exchange about Disclosure under Regulation 30 of SEBI (Listing Obligations and Disclosure Requirements) Regulations, 2015 regarding order passed under Central Go"
12-Nov-2025 17:10:34,Shareholders meeting,"Vodafone Idea Limited has submitted to the Exchange a copy Scrutinizers Report of Postal Ballot. Further, the company has informed the Exchange regarding voting results"
11-Nov-2025 17:54:09,Analysts/Institutional Investor Meet/Con. Call Updates,Vodafone Idea Limited has informed the Exchange about Audio recording of the Earning Call held on 11 November 2025 on the Company's performance for the second quarter and half year ended 30 September 
11-Nov-2025 14:44:54,Copy of Newspaper Publication,Vodafone Idea Limited has informed the Exchange about Newspaper Publication of extracts of Financial Results for the second quarter and half year ended 30 September 2025
10-Nov-2025 19:25:14,Incorporation,"Vodafone Idea Limited has informed the Exchange  regarding Disclosure under Regulation 30 of the SEBI (Listing Obligations and Disclosure Requirements) Regulation, 2015 regarding investment in special"
10-Nov-2025 18:55:21,Monitoring Agency Report,The Company has informed the exchange about the Monitoring Agency Report for the Quarter ended 30 September 2025
10-Nov-2025 18:49:14,Updates,Vodafone Idea Limited has informed the Exchange regarding 'Quarterly Report for the second quarter and half year ended 30 September 2025'.
10-Nov-2025 18:44:09,Outcome of Board Meeting,"Vodafone Idea Limited has submitted to the Exchange, the financial results for the period ended September 30, 2025."
06-Nov-2025 14:42:05,Analysts/Institutional Investor Meet/Con. Call Updates,Vodafone Idea Limited has informed the Exchange about Analyst/Investor Call to be held on 11 November 2025 at 2:30 p.m for the Company's performance for  second quarter and half year ended 30 Septembe
04-Nov-2025 19:48:04,General Updates,Vodafone Idea Limited has informed the Exchange regarding update on AGR matter
03-Nov-2025 15:40:35,News Verification,The Exchange has sought clarification from Vodafone Idea Limited with respect to recent news item captioned US PE Giant TGH In Talks To Invest Up To $6 Billion In Vodafone Idea.  The response from the
03-Nov-2025 12:09:54,News Verification,The Exchange has sought clarification from Vodafone Idea Limited with respect to recent news item captioned US PE Giant TGH In Talks To Invest Up To $6 Billion In Vodafone Idea.  The response from the
30-Oct-2025 13:52:47,News Verification,The Exchange has sought clarification from Vodafone Idea Limited with respect to recent news item captioned Vodafone Idea shares tank 11% after Supreme Court written order on AGR dues creates uncertai
30-Oct-2025 10:48:02,News Verification,The Exchange has sought clarification from Vodafone Idea Limited with respect to recent news item captioned Vodafone Idea shares tank 11% after Supreme Court written order on AGR dues creates uncertai
27-Oct-2025 15:42:23,General Updates,"Vodafone Idea Limited has informed the Exchange about Disclosure under Regulation 30 of SEBI (Listing Obligations and Disclosure Requirements) Regulations, 2015   Update on AGR matter"
23-Oct-2025 17:51:31,Acquisition,Vodafone Idea Limited has informed the Exchange about completion of acquisition (first tranche)  in Aditya Birla Renewables SPV 3 Limited
11-Oct-2025 15:50:23,Copy of Newspaper Publication,Vodafone Idea Limited has informed the Exchange about Copy of Newspaper Advertisement regarding the Notice of Postal Ballot and Remote E-Voting Information
10-Oct-2025 17:54:47,Shareholders meeting,Vodafone Idea Limited has enclosed Notice of Postal Ballot  for seeking approval of shareholders for appointment of Mr. Abhijit Kishore as Chief Executive Officer of the Company.
09-Oct-2025 16:44:19,"Certificate under SEBI (Depositories and Participants) Regulations, 2018","Vodafone Idea Limited has informed the Exchange about Certificate under Regulation 74(5) of the SEBI (Depositories and Participants) Regulations, 2018 for the quarter ended 30 September 2025"
03-Oct-2025 23:49:00,Updates,"Vodafone Idea Limited has informed the Exchange regarding Intimation under Regulation 30 of the SEBI (Listing Obligations and Disclosure Requirements) Regulations, 2015 pertaining toapproval of Draft "
03-Oct-2025 19:06:30,Appointment,"Vodafone Idea Limited has informed the Exchange regarding Appointment of Mr Tejas Mehta as Chief Financial Officer of the company w.e.f. October 06, 2025."
03-Oct-2025 19:03:50,Cessation,"Vodafone Idea Limited has informed the Exchange regarding Cessation of Mr Murthy GVAS as Chief Financial Officer of the company w.e.f. October 05, 2025."
26-Sep-2025 16:16:44,Trading Window,"Vodafone Idea Limited has informed the Exchange regarding the Trading Window closure pursuant to SEBI (Prohibition of Insider Trading) Regulations, 2015"
19-Sep-2025 18:48:26,Action(s) taken or orders passed,"Vodafone Idea Limited has informed the Exchange about Disclosure under Regulation 30 of SEBI (Listing Obligations and Disclosure Requirements) Regulations, 2015 regarding order passed under Finance Ac"
19-Sep-2025 17:57:32,News Verification,The Exchange has sought clarification from Vodafone Idea Limited with respect to recent news item captioned Vodafone Idea shares surge 12% after government says not opposing relief plea.  The response
19-Sep-2025 12:55:36,News Verification,The Exchange has sought clarification from Vodafone Idea Limited with respect to recent news item captioned Vodafone Idea shares surge 12% after government says not opposing relief plea.  The response
10-Sep-2025 10:49:47,Investor Presentation,Vodafone Idea Limited has informed the Exchange about Investor Presentation
26-Aug-2025 19:11:29,Shareholders meeting,"Vodafone Idea Limited has submitted to the Exchange a copy Srutinizers Report of Annual General Meeting held on 25 August 2025. Further, the company has informed the Exchange regarding voting results"
26-Aug-2025 13:18:00,News Verification,The Exchange has sought clarification from Vodafone Idea Limited with respect to recent news item captioned Vodafone Idea shares slumps 6 percent after government clarifies no fresh discussion on ADR 
26-Aug-2025 10:47:08,News Verification,The Exchange has sought clarification from Vodafone Idea Limited with respect to recent news item captioned Vodafone Idea shares slumps 6 percent after government clarifies no fresh discussion on ADR 
25-Aug-2025 18:15:34,Shareholders meeting,Vodafone Idea Limited has informed the Exchange regarding Proceedings of  Annual General Meeting held on 25 August 2025.
25-Aug-2025 18:03:31,Analysts/Institutional Investor Meet/Con. Call Updates,Transcript of the Analyst/Investor Call held on 18 August 2025 relating to Company's Performance for the first quarter ended 30 June 2025
18-Aug-2025 18:07:36,Analysts/Institutional Investor Meet/Con. Call Updates,Vodafone Idea Limited has informed the Exchange about Audio recording of the Earning Call held on 18 August 2025 on the Company's performance for the first quarter ended 30 June 2025
15-Aug-2025 15:03:31,Copy of Newspaper Publication,Vodafone Idea Limited has informed the Exchange about Newspaper Publication of extracts of Financial Results for the first quarter ended 30 June 2025
14-Aug-2025 18:31:24,Appointment,"Vodafone Idea Limited has informed the Exchange regarding Appointment of  Abhijit Kishore as Chief Executive Officer of the company w.e.f. August 19, 2025 for a term of 3 years."
14-Aug-2025 18:28:48,Cessation,"Vodafone Idea Limited has informed the Exchange regarding end of term of  Akshaya Moondra as Chief Executive Officer of the company w.e.f. August 18, 2025."
14-Aug-2025 18:18:41,Updates,Vodafone Idea Limited has informed the Exchange regarding 'Quarterly report for the First Quarter ended 30 June 2025'.
14-Aug-2025 18:14:39,Monitoring Agency Report,The Company has informed the Exchange about the Monitoring Agency Report for the Quarter ended 30 June 2025
14-Aug-2025 18:12:30,Outcome of Board Meeting,"Vodafone Idea Limited has informed the Exchange that Board of Directors at their meeting held on 14 August 2025, inter alia, approved the Unaudited Financial Results (Standalone and Consolidated) for "
12-Aug-2025 18:16:43,Acquisition,Vodafone Idea Limited has informed the Exchange that the Company has entered into a Power Purchase Agreement and a Share Purchase Agreement on 12 August 2025 for acquisition of not less than 26% paid 
11-Aug-2025 19:47:57,Analysts/Institutional Investor Meet/Con. Call Updates,Vodafone Idea Limited has informed the Exchange about Analyst/Investor Call to be held on 18 August 2025 at 2:30 p.m for the Company's performance for first quarter ended on 30 June 2025
06-Aug-2025 12:14:20,Action(s) taken or orders passed,"Vodafone Idea Limited has informed the Exchange about Disclosure under Regulation 30 of SEBI (Listing Obligations and Disclosure Requirements) Regulations, 2015 regarding order passed under Central Go"
02-Aug-2025 16:41:22,Copy of Newspaper Publication,"Vodafone Idea Limited has informed the Exchange about Newspaper Advertisement regarding Notice of the 30th Annual General Meeting of the Company, Book Closure, Information on E-Voting and other relate"
01-Aug-2025 20:29:09,General Updates,"Vodafone Idea Limited has informed the Exchange about disclosure under Regulation 30 of the SEBI (Listing Obligations and Disclosure Requirements) Regulations, 2015 regarding Order received by Company"
01-Aug-2025 19:22:38,Updates,Vodafone Idea Limited has informed the Exchange regarding intimation pursuant to Regulation 36(1)(b) of SEBI LODR Regulations pertaining to Letter sent to shareholders.
01-Aug-2025 18:28:59,Shareholders meeting,"Vodafone Idea Limited has informed the Exchange regarding Notice of Annual General Meeting to be held on  Monday, 25 August 2025 at 4:00 P.M through VC"
29-Jul-2025 16:59:49,Copy of Newspaper Publication,Vodafone Idea Limited has informed the Exchange about Copy of Newspaper Publication regarding Annual General Meeting to be held on 25 August 2025 through Video Conferencing
08-Jul-2025 15:34:05,"Certificate under SEBI (Depositories and Participants) Regulations, 2018","Vodafone Idea Limited has informed the Exchange about Certificate under Regulation 74(5) of the SEBI (Depositories and Participants) Regulations, 2018 for the quarter ended 30 June 2025"
30-Jun-2025 15:41:54,Press Release,"Vodafone Idea Limited has informed the Exchange regarding a press release dated 30 June 2025, titled ""Vi set to launch 5G in 23 cities""."
28-Jun-2025 18:26:08,Amendment to AOA/MOA,Vodafone Idea Limited has informed the Exchange regarding the Amendment to AOA/MOA of the company.
28-Jun-2025 17:04:10,Shareholders meeting,"Vodafone Idea Limited has submitted the Exchange a copy Srutinizers report of Extraordinary General Meeting held on 27 June 2025. Further, the company has informed the Exchange regarding voting result"
27-Jun-2025 18:07:03,Shareholders meeting,Vodafone Idea Limited has informed the Exchange regarding proceedings of Extraordinary General Meeting held on 27 June 2025 via Video Conferencing/ Other Audio Visual Means
27-Jun-2025 14:13:44,Trading Window,"Vodafone Idea Limited has informed the Exchange regarding the Trading Window closure pursuant to SEBI (Prohibition of Insider Trading) Regulations, 2015"
26-Jun-2025 21:44:01,Disclosure under SEBI Takeover Regulations, Grasim Industries Limited has Submitted to the Exchange a copy of Disclosure under Regulation 31(4) of the Securities and Exchange Board of India (Substantial Acquisition of Shares and Takeovers) Reg
26-Jun-2025 21:30:22,Disclosure under SEBI Takeover Regulations,Vodafone Idea Limited has Submitted to the Exchange a copy of Disclosure under Regulation 31(4) of the Securities and Exchange Board of India (Substantial Acquisition of Shares and Takeovers) Regulati
24-Jun-2025 16:49:57,News Verification,"The Exchange has sought clarification from Vodafone Idea Limited with respect to recent news item captioned Vodafone Idea shares jump over 7% on reports of govt considering relief on &#8377;84,000 cro"
24-Jun-2025 13:09:29,News Verification,"The Exchange has sought clarification from Vodafone Idea Limited with respect to recent news item captioned Vodafone Idea shares jump over 7% on reports of govt considering relief on &#8377;84,000 cro"
20-Jun-2025 18:50:36,Investor Presentation,Vodafone Idea Limited has informed the Exchange about Investor Presentation
18-Jun-2025 15:41:56,Press Release,"Vodafone Idea Limited has informed the Exchange regarding a press release dated June 18, 2025, titled ""Vi and AST SpaceMobile Announce Partnership for Satellite Connectivity""."
17-Jun-2025 16:01:36,Action(s) taken or orders passed,"Vodafone Idea Limited has informed the Exchange about Disclosure under Regulation 30 of the SEBI (Listing Obligations and Disclosure Requirements) Regulations, 2015 for Order passed under CENVAT Credi"
10-Jun-2025 15:56:42,Press Release,"Vodafone Idea Limited has informed the Exchange regarding a press release dated June 10, 2025, titled  Vi launches 5G in Bengaluru ""."
05-Jun-2025 19:02:12,Analysts/Institutional Investor Meet/Con. Call Updates,Vodafone Idea Limited has informed the Exchange about the Transcript of the Analyst/ Investor Call held on 2 June 2025 relating to Company's Performance for the fourth quarter and financial year ended
05-Jun-2025 16:15:19,Copy of Newspaper Publication,"Vodafone Idea Limited has informed the Exchange about Copy of Newspaper Publication regarding Extra-ordinary General Meeting of the Company to be held on 27 June 2025, through Video Conferencing /Othe"
04-Jun-2025 18:46:31,Shareholders meeting,"Vodafone Idea Limited has informed the Exchange regarding Notice of Extraordinary General Meeting to be held on June 27, 2025 through Video Conferencing/ Other Audio Visual Means (""VC/OAVM"")"
02-Jun-2025 17:20:40,Copy of Newspaper Publication,Vodafone Idea Limited has informed the Exchange about Newspaper Publication of extracts of Financial Results for the fourth quarter and financial year ended 31 March 2025
02-Jun-2025 17:04:40,Analysts/Institutional Investor Meet/Con. Call Updates,Vodafone Idea Limited has informed the Exchange about Audio Recording of the Earnings Call held on 2 June 2025 on the Company's performance for the fourth quarter and financial year ended 31 March 202
30-May-2025 23:56:58,General Updates,"Vodafone Idea Limited has informed the Exchange regarding the 30th Annual General Meeting to be held on Monday, 25 August 2025 through Video Conference (''VC'')/ Other Audio Visual Means (''OAVM'')"
30-May-2025 23:45:28,General Updates,"Vodafone Idea Limited has informed the Exchange about Appointment of Umesh Ved & Associates, Company Secretaries as Secretarial Auditors of the Company for a term of five consecutive years, subject to"
30-May-2025 23:39:03,Change in Director(s),Vodafone Idea Limited has informed the Exchange regarding Change in Director(s) of the company.
30-May-2025 23:34:51,General Updates,Vodafone Idea Limited has informed the Exchange about Quarterly Report for The Fourth Quarter and Financial Year Ended 31 March 2025
30-May-2025 23:31:07,Outcome of Board Meeting,Board of Directors at their meeting held on 30th May 2025 have inter-alia approved the raising of funds as per attached letter
30-May-2025 23:09:52,Outcome of Board Meeting,"Board of Directors of the Company at their meeting held on 30 May 2025 inter-alia, have approved the Audited Financial Results (Standalone and Consolidated) of the Company for the Financial Year ended"
27-May-2025 19:52:41,Analysts/Institutional Investor Meet/Con. Call Updates,Vodafone Idea Limited has informed the Exchange about Schedule of meet
19-May-2025 21:16:45,News Verification,The Exchange has sought clarification from Vodafone Idea Limited with respect to recent news item captioned Government Rejects Vodafone Idea s AGR Relief Plea Ahead Of Supreme Court Hearing.  The resp
19-May-2025 12:59:03,News Verification,The Exchange has sought clarification from Vodafone Idea Limited with respect to recent news item captioned Government Rejects Vodafone Idea s AGR Relief Plea Ahead Of Supreme Court Hearing.  The resp
16-May-2025 16:14:35,Acquisition,Vodafone Idea Limited has informed the Exchange about acquisition of 26% stake in equity share capital of Sangli Wind Energy Private Limited
14-May-2025 15:32:13,Press Release,"Vodafone Idea Limited has informed the Exchange regarding a press release titled ""Vodafone Idea launches 5G services in Delhi NCR; to expand to all 17 circles by August 2025""."
12-May-2025 12:34:04,General Updates,Vodafone Idea Limited has informed the Exchange about deferment Of Extra-Ordinary General Meeting convened on 3 June 2025
05-May-2025 18:47:16,Copy of Newspaper Publication,"Vodafone Idea Limited has informed the Exchange about Newspaper Advertisement regarding Extra Ordinary General Meeting of the company to be held on 3 June 2025, through Video Conferencing/Other Audio "
02-May-2025 18:57:04,Monitoring Agency Report,The Company has informed the Exchange about the Monitoring Agency Report(s) for the Quarter ended 31 March 2025
02-May-2025 18:47:49,Alteration/revision(s),Vodafone Idea Limited has informed the Exchange about Disclosure pertaining to amendment to Shareholders' Agreement and proposed amendments to Articles of Association
28-Apr-2025 12:05:38,Press Release,"Vodafone Idea Limited has informed the Exchange regarding a press release dated April 28, 2025, titled ""Vodafone Idea to launch 5G Services in Chandigarh and Patna""""."
21-Apr-2025 18:20:32,Credit Rating- Revision,"Vodafone Idea Limited has informed the Exchange about Disclosure under Regulation 30 of the SEBI(Listing Obligations and Disclosure Requirements) Regulations ,2015 regarding Revision (Upgrade) of Cred"
17-Apr-2025 17:17:01,Disclosure under SEBI Takeover Regulations,"Neetu Malhotra, Under-Secretary, Ministry of Finance, Department Of Investment and Public Asset Management, Govt. of India has submitted to the Exchange a copy of Disclosures under Regulation 10(6)-Re"
11-Apr-2025 14:03:13,Credit Rating- New,"Vodafone Idea Limited has informed the Exchange about Disclosure under Regulation 30 of the SEBI(Listing Obligations and Disclosure Requirements) Regulations, 2015 regarding assignment of Credit Ratin"
09-Apr-2025 13:36:18,Investor Presentation,Vodafone Idea Limited has informed the Exchange about Investor Presentation
08-Apr-2025 19:15:37,Allotment of Securities,"Vodafone Idea Limited has informed the Exchange regarding allotment of 36,95,00,00,000 Equity Shares to Department of Investment and Public Asset Management, Government of India aggregating to Rs. 369"
07-Apr-2025 19:22:19,"Certificate under SEBI (Depositories and Participants) Regulations, 2018","Vodafone Idea Limited has informed the Exchange about Certificate under Regulation 74(5) of the SEBI (Depositories and Participants) Regulations, 2018 for the quarter ended 31 March 2025"
05-Apr-2025 15:40:01,Action(s) taken or orders passed,"Vodafone Idea Limited has informed the Exchange about Disclosure under Regulation 30 of SEBI (Listing Obligations and Disclosure Requirements) Regulations, 2015 for order passed under Customs Act, 196"
30-Mar-2025 19:25:37,Disclosure of material issue,Vodafone Idea Limited has informed regarding Disclosure of material development
27-Mar-2025 14:57:36,Trading Window,"Vodafone Idea Limited has informed the Exchange regarding the Trading Window closure pursuant to SEBI (Prohibition of Insider Trading) Regulations, 2015"
19-Mar-2025 15:52:57,News Verification,The Exchange has sought clarification from Vodafone Idea Limited with respect to recent news item captioned Vodafone Idea in talks with Starlink & other satcom providers: CTO.  The response from the C
19-Mar-2025 11:55:44,News Verification,The Exchange has sought clarification from Vodafone Idea Limited with respect to recent news item captioned Vodafone Idea in talks with Starlink & other satcom providers: CTO.  The response from the C
19-Mar-2025 00:25:00,Press Release,"Vodafone Idea Limited has informed the Exchange regarding a press release dated March 19, 2025, titled ""Vi Launches 5G Services in Mumbai with unmatched value""."
07-Mar-2025 19:02:20,Action(s) taken or orders passed,"Vodafone Idea Limited has informed the Exchange about Disclosure under Regulation 30 of the SEBI (Listing Obligations and Disclosure Requirements) Regulations, 2015 pertaining to Order passed under In"
07-Mar-2025 12:30:05,Reply to Clarification- Financial results,The Exchange had sought clarification from Vodafone Idea Limited for the quarter ended 31-Dec-2024 with respect to Regulation 33 of the SEBI (Listing Obligations and Disclosure Requirements) Regulatio
05-Mar-2025 10:50:23,Clarification - Financial Results,The Exchange has sought clarification from Vodafone Idea Limited for the quarter ended 31-Dec-2024 with respect to Regulation 33 of the SEBI (Listing Obligations and Disclosure Requirements) Regulatio
01-Mar-2025 12:18:42,Action(s) taken or orders passed,"Vodafone Idea Limited has informed the Exchange about Disclosure under Regulation 30 of SEBI (Listing Obligations and Disclosure Requirements) Regulations, 2015 ( SEBI Listing Regulations ) for Order "
28-Feb-2025 13:13:31,Action(s) taken or orders passed,"Disclosure under Regulation 30 of the SEBI (Listing Obligations and Disclosure Requirements) Regulations, 2015 pertaining to the Order passed under Central Goods and Services Tax Act, 2017"
19-Feb-2025 17:12:44,Analysts/Institutional Investor Meet/Con. Call Updates,"Vodafone Idea Limited has informed the Exchange about Transcript of the Analyst / Investors Call held on Wednesday, 12 February 2025 in respect of Unaudited Financial Results for the third quarter and"
19-Feb-2025 12:10:09,Action(s) taken or orders passed,"Vodafone Idea Limited has informed the Exchange about Disclosure under Regulation 30 of the SEBI (Listing Obligations and Disclosure Requirements) Regulations, 2015 pertaining to order passed under Ce"
14-Feb-2025 16:41:19,Rumour Verification - Regulation 30(11),"Vodafone Idea Limited has informed the Exchange about Intimation under Regulation 30(11) of SEBI (Listing Obligations and Disclosure Requirements) Regulations, 2015 - Update on AGR Matter and Clarific"
14-Feb-2025 14:29:01,News Verification,"The Exchange has sought clarification from Vodafone Idea Limited with respect to recent news item captioned Vodafone Idea shares rally 7% on plans to fund Rs 10,000-crore expansion.  The response from"
14-Feb-2025 14:23:57,Rumour Verification - Regulation 30(11),"Vodafone Idea Limited has informed the Exchange about Intimation pursuant to Regulation 30(11) of the SEBI (Listing Obligations and Disclosure Requirements) Regulations, 2015 - Clarification on News I"
13-Feb-2025 15:48:45,News Verification,"The Exchange has sought clarification from Vodafone Idea Limited with respect to recent news item captioned Vodafone Idea shares rally 7% on plans to fund Rs 10,000-crore expansion.  The response from"
12-Feb-2025 17:40:20,Analysts/Institutional Investor Meet/Con. Call Updates,Vodafone Idea Limited has informed the Exchange about Audio Recording of the Earnings Call held on 12 February 2025 on the Company's performance for the third quarter and nine months ended 31 December
12-Feb-2025 14:56:43,Copy of Newspaper Publication,Vodafone Idea Limited has informed the Exchange about newspaper publication of extracts of Financial Results for the third quarter and nine months ended 31 December 2024
11-Feb-2025 19:17:30,Integrated Filing- Financial,"Integrated Filing (Financial) for the third quarter and nine months ended 31st December, 2024"
11-Feb-2025 19:13:30,Change in Management,"Disclosure under Regulation 30 of the SEBI Listing Regulations, 2015 - Change in Senior Management Personnel"
11-Feb-2025 18:42:09,Statement of deviation(s) or variation(s) under Reg. 32,Vodafone Idea Limited has informed the Exchange about statement of deviation(s) or variation(s) under Reg. 32
11-Feb-2025 18:35:36,Monitoring Agency Report,The Company has informed the exchange regarding the Monitoring Agency Report for the third quarter ended 31 December 2024
11-Feb-2025 18:32:44,Updates,"Vodafone Idea Limited has informed the Exchange regarding the Quarterly Report for the third quarter and nine months ended December 31, 2024"
11-Feb-2025 18:28:38,Financial Result Updates," Vodafone Idea Limited has submitted to the Exchange, the financial results for the period ended December 31, 2024."
05-Feb-2025 15:38:04,Action(s) taken or orders passed,"Disclosure under Regulation 30 of the SEBI (Listing Obligations and Disclosure Requirements) Regulations, 2015 pertaining to order passed under Central Goods and Services Tax Acts, 2017"
05-Feb-2025 13:05:25,Action(s) taken or orders passed,"Disclosure under Regulation 30 of the SEBI (Listing Obligations and Disclosure Requirements) Regulations, 2015 pertaining to orders passed under Central Goods and Services Tax Acts, 2017"
04-Feb-2025 17:36:00,Analysts/Institutional Investor Meet/Con. Call Updates,Analyst/Investor Call to be held on 12 February 2025 for the Third Quarter and Nine months ended 31 December 2024
04-Feb-2025 13:24:25,Action(s) taken or orders passed,"Disclosure under Regulation 30 of the SEBI (Listing Obligations and Disclosure Requirements) Regulation, 2015 pertaining to order passed under Central Goods and Services Tax Acts,2017"
03-Feb-2025 17:57:28,Action(s) taken or orders passed,"Disclosure under Regulation 30 of the SEBI (Listing Obligations and Disclosures Requirements) Regulation, 2015"
01-Feb-2025 11:48:46,General Updates,"Disclosure under Regulation 30 of the SEBI (Listing Obligations and Disclosures Requirements) Regulation, 2015"
31-Jan-2025 19:17:14,General Updates,"Disclosure under Regulation 30 of the SEBI (Listing Obligations and Disclosure Requirements) Regulations, 2015"
31-Jan-2025 12:03:00,General Updates,"Disclosure under Regulation 30 of the SEBI (Listing Obligations and Disclosure Requirements) Regulations, 2015"
30-Jan-2025 18:22:06,General Updates,"Disclosure under Regulation 30 of the SEBI (Listing Obligations and Disclosure Requirements) Regulations, 2015"
24-Jan-2025 12:35:12,General Updates,"Disclosure under Regulation 30 of the SEBI (Listing Obligations and Disclosure Requirements) Regulations, 2015"
23-Jan-2025 18:48:17,General Updates,"Disclosure under Regulation 30 of the SEBI (Listing Obligations and Disclosure Requirements) Regulations, 2015"
21-Jan-2025 19:32:08,General Updates,"Vodafone Idea Limited has informed the Exchange regarding ""Disclosure under Regulation 30 of the SEBI Listing Regulations, 2015"""
21-Jan-2025 14:16:55,Pendency of Litigation(s)/dispute(s) or the outcome impacting the Company,"Disclosure under Regulation 30 of the SEBI (Listing Obligations and Disclosure Requirements) Regulation, 2015 -Update on Material Litigation"
20-Jan-2025 16:08:08,Rumour Verification - Regulation 30(11),"Intimation pursuant to Regulation 30(11) of the SEBI (Listing Obligations and Disclosure Requirements) Regulations, 2015 - Clarification on News Item"
20-Jan-2025 14:18:27,News Verification,"News about Vodafone Idea Limited. The media had reports that Vodafone Idea, Airtel shares in focus as govt plans AGR dues waiver. The Exchange, in order to verify the accuracy or otherwise of the info"
13-Jan-2025 16:31:09,"Certificate under SEBI (Depositories and Participants) Regulations, 2018","Vodafone Idea Limited has informed the Exchange about Certificate under Regulation 74(5) of the SEBI (Depositories and Participants) Regulations, 2018 for the quarter ended 31 December 2024"
09-Jan-2025 17:21:29,Allotment of Securities,"Vodafone Idea Limited has informed the Exchange regarding allotment of  1,69,32,18,361 Equity Shares to Promoters of the Company aggregating to Rs. 1909.95 crores, on a preferential basis."
08-Jan-2025 17:43:57,Shareholders meeting,"Vodafone Idea Limited has submitted the Exchange a copy Srutinizers report of  Extraordinary General Meeting held on January 07, 2025. Further, the company has informed the Exchange regarding voting r"
07-Jan-2025 17:11:00,Shareholders meeting,"Vodafone Idea Limited has informed the Exchange regarding Proceedings of Extraordinary General Meeting held on January 07, 2025 via Video Conferencing/ Other Audio Visual Means"
07-Jan-2025 13:24:53,General Updates,"Vodafone Idea Limited has informed the Exchange regarding ""Disclosure under Regulation 30 of the SEBI Listing Regulation, 2015"""
06-Jan-2025 19:26:02,General Updates,"Vodafone Idea Limited has informed the Exchange regarding ""Disclosure under Regulation 30 of the SEBI Listing Regulation, 2015"""
06-Jan-2025 19:14:53,Diversification/Disinvestment,Vodafone Idea Limited has informed the Exchange about Sale of Equity Shares in Joint Venture Company
30-Dec-2024 16:24:31,Trading Window,"Vodafone Idea Limited has informed the Exchange regarding the Trading Window closure pursuant to SEBI (Prohibition of Insider Trading) Regulations, 2015"
28-Dec-2024 20:35:29,Updates,"Vodafone Idea Limited has informed the Exchange regarding 'Updates on Bank Guarantee Dispensation'. DoT vide its communication dated 27 December 2024, has dispensed with the requirement of submission "
20-Dec-2024 20:33:08,Action(s) taken or orders passed,Vodafone Idea Limited has informed the Exchange about details of Orders issued to the Company by the Telecom Regulatory Authority of India under Telecom Commercial Communications Customer Preference R
19-Dec-2024 14:26:56,General Updates,"Vodafone Idea Limited has informed the Exchange regarding 'Disclosure under Regulation 30 of the SEBI Listing Regulations, 2015'."
14-Dec-2024 13:48:29,Copy of Newspaper Publication,Vodafone Idea Limited has informed the Exchange about Copy of Newspaper Publication with respect to completion of dispatch of EGM Notice to be held on 7 January 2025
13-Dec-2024 14:21:02,Shareholders meeting,"Vodafone Idea Limited has informed the Exchange regarding Notice of Extraordinary General Meeting to be held on January 07, 2025 through Video Conferencing/ Other Audio Visual Means (""VC/OAVM"")"
13-Dec-2024 12:37:35,Investor Presentation,Vodafone Idea Limited has informed the Exchange about Investor Presentation
10-Dec-2024 15:22:12,Copy of Newspaper Publication,"Vodafone Idea Limited has informed the Exchange about Copy of Newspaper Publication regarding Extra Ordinary General Meeting of the Company to be held on 7 January 2025, through Video Conferencing /Ot"
09-Dec-2024 16:37:29,Outcome of Board Meeting,"Vodafone Idea Limited has informed the Exchange regarding Board meeting held on December 09, 2024 regarding issuance of equity shares on preferential basis aggregating to Rs. 1980 Crores"
26-Nov-2024 15:10:43,News Verification,The Exchange has sought clarification from Vodafone Idea Limited with respect to recent news item captioned Vodafone Idea-to MTNL - why-are-telecom-stocks-skyrocketing-.  The response from the Company
26-Nov-2024 10:39:47,News Verification,The Exchange has sought clarification from Vodafone Idea Limited with respect to recent news item captioned Vodafone Idea-to MTNL - why-are-telecom-stocks-skyrocketing-.  The response from the Company
21-Nov-2024 19:42:08,Analysts/Institutional Investor Meet/Con. Call Updates,Vodafone Idea Limited has informed the Exchange about Transcript of the Analyst/Investor call held on 14 November 2024 relating to Company's performance for the second quarter and half year ended 30 S
14-Nov-2024 18:34:57,Analysts/Institutional Investor Meet/Con. Call Updates,Vodafone Idea Limited has informed the Exchange about Link of Audio Recording of the Earning Call held on 14 November 2024 on the Company's performance for the second quarter and half year ended 30th 
14-Nov-2024 16:40:57,Copy of Newspaper Publication,Vodafone Idea Limited has informed the Exchange about Copy of Newspaper Publication of extracts of Financial Results for the second quarter and half year ended 30 September 2024
13-Nov-2024 18:32:38,Statement of deviation(s) or variation(s) under Reg. 32,Vodafone Idea Limited has informed the Exchange about statement of deviation(s) or variation(s) under Reg. 32
13-Nov-2024 18:29:31,Monitoring Agency Report,The Company has informed the exchange regarding the Monitoring Agency Report for the second quarter ended 30 September 2024
13-Nov-2024 18:25:41,General Updates,"The Company has attached the Quarterly Report for the second quarter ended September 30, 2024"
13-Nov-2024 18:23:11,Change in Director(s),Vodafone Idea Limited has informed the Exchange regarding Change in Director(s) of the company.
13-Nov-2024 18:17:20,Financial Result Updates," Vodafone Idea Limited has submitted to the Exchange, the financial results for the period ended September 30, 2024."
08-Nov-2024 13:18:30,Analysts/Institutional Investor Meet/Con. Call Updates,Vodafone Idea Limited has informed the Exchange about Schedule of meet to be held on 14 November 2024 for the Second Quarter and Half Year ended 30 September 2024
30-Oct-2024 13:44:13,Change in Director(s),Vodafone Idea Limited has informed the Exchange regarding Change in Director(s) of the company.
30-Oct-2024 13:33:41,Change in Director(s),Vodafone Idea Limited has informed the Exchange regarding Change in Director(s) of the company.
11-Oct-2024 18:16:58,Shareholders meeting,"Vodafone Idea Limited has submitted the Exchange a copy Srutinizers report of  Postal Ballot. Further, the company has informed the Exchange regarding voting results."
10-Oct-2024 17:34:21,"Certificate under SEBI (Depositories and Participants) Regulations, 2018","Vodafone Idea Limited has informed the Exchange about Certificate under SEBI (Depositories and Participants) Regulations, 2018"
08-Oct-2024 12:50:01,News Verification,The Exchange has sought clarification from Vodafone Idea Limited with respect to recent news item captioned Vodafone Idea stock tanks 9% amid buzz over DoT's notice for non-submission of bank guarante
08-Oct-2024 09:08:27,General Updates,"Vodafone Idea Limited has informed the Exchange about intimation pursuant to Regulation 30 of the SEBI Listing Regulations, 2015 -Clarification on News Item"
07-Oct-2024 12:13:51,News Verification,"News about Vodafone Idea Limited. The media had reports that Vodafone Idea stock tanks 9% amid buzz over DoT's notice for non-submission of bank guarantees. The Exchange, in order to verify the accura"
30-Sep-2024 17:10:07,Analysts/Institutional Investor Meet/Con. Call Updates,Vodafone Idea Limited has informed the Exchange about Transcript of the Analyst/ Investor Update Call
27-Sep-2024 18:21:39,Trading Window,"Vodafone Idea Limited has informed the Exchange regarding the Trading Window closure pursuant to SEBI (Prohibition of Insider Trading) Regulations, 2015"
24-Sep-2024 13:48:19,Analysts/Institutional Investor Meet/Con. Call Updates,Vodafone Idea Limited has informed the Exchange about Link of Recording of Analyst/ Investor Update Call for providing an update on recent developments.
22-Sep-2024 10:54:24,Press Release,"Vodafone Idea Limited has informed the Exchange regarding a press release dated September 22, 2024, titled ""Vodafone Idea concludes mega $3.6 bn deal with three global network partners""."
20-Sep-2024 19:08:35,Change in Management,Vodafone Idea Limited has informed the Exchange about Appointment of Senior Management Personnel
20-Sep-2024 15:27:41,Analysts/Institutional Investor Meet/Con. Call Updates,Vodafone Idea Limited has informed the Exchange about Schedule of meet
19-Sep-2024 15:30:49,News Verification,The Exchange has sought clarification from Vodafone Idea Limited with respect to recent news item captioned Vodafone Idea shares tank 10% after SC rejects AGR plea; Airtel pares gains.  The response f
19-Sep-2024 14:51:15,Updates,"Vodafone Idea Limited has informed the Exchange regarding 'Disclosure under Regulation 30 of the SEBI (Listing Obligations and Disclosure Requirements) Regulation, 2015 - Update on AGR Matters'."
19-Sep-2024 13:21:30,News Verification,The Exchange has sought clarification from Vodafone Idea Limited with respect to recent news item captioned Vodafone Idea shares tank 10% after SC rejects AGR plea; Airtel pares gains.  The response f
12-Sep-2024 19:07:53,Analysts/Institutional Investor Meet/Con. Call Updates,Vodafone Idea Limited has informed the Exchange about Schedule of meet of Analyst/ Investors
11-Sep-2024 15:23:30,Copy of Newspaper Publication,Vodafone Idea Limited has informed the Exchange about Copy of Newspaper Publication regarding the Postal Ballot Notice and RemoteE-Voting
10-Sep-2024 20:00:32,Shareholders meeting,Vodafone Idea Limited has informed the Exchange about Postal Ballot Notice regarding Adoption of Vodafone Idea Limited Employee Stock Option and Performance Stock Unit Scheme 2024.
09-Sep-2024 16:03:42,Investor Presentation,Vodafone Idea Limited has informed the Exchange about Investor Presentation
04-Sep-2024 23:20:18,Analysts/Institutional Investor Meet/Con. Call Updates,Vodafone Idea Limited has informed the Exchange about Schedule of meet of Analysts/Investors
02-Sep-2024 18:41:06,Updates,"Vodafone Idea Limited has informed the Exchange regarding 'Disclosure under Regulation 30 of the SEBI Listng Regulations, 2015'."
30-Aug-2024 15:47:49,Updates,Vodafone Idea Limited has informed the Exchange regarding 'Disclosure under Regulation 30 of the SEBI (Listing Obligations and Disclosure Requirements) Regulations 2015'.
29-Aug-2024 21:09:53,Updates,"Vodafone Idea Limited has informed the Exchange regarding 'Disclosure under Regulation 30 of the SEBI (Listing Obligations and Disclosure Requirement) Regulations, 2015'."
29-Aug-2024 20:40:44,Shareholders meeting,"Vodafone Idea Limited has submitted the Exchange a copy Srutinizers report of  Annual General Meeting held on August 28, 2024. Further, the company has informed the Exchange regarding voting results."
29-Aug-2024 14:15:30,Updates,"Vodafone Idea Limited has informed the Exchange regarding 'Disclosure under Regulation 30 of the SEBI Listing Regulations, 2015'."
28-Aug-2024 17:53:09,Updates,"Vodafone Idea Limited has informed the Exchange regarding 'Intimation pursuant to Regulation 30 of the SEBI Listing Regulations, 2015'."
28-Aug-2024 17:27:20,Shareholders meeting,"Vodafone Idea Limited has informed the Exchange regarding Proceedings of Annual General Meeting held on August 28, 2024 via Video Conferencing / Other- Audio Visual Means."
27-Aug-2024 19:21:18,Outcome of Board Meeting,"Vodafone Idea Limited has informed the Exchange regarding Outcome of Board Meeting held on August 27, 2024 where the Board has approved Adoption of Vodafone Idea Limited Employee Stock Option and Perf"
21-Aug-2024 20:30:41,Analysts/Institutional Investor Meet/Con. Call Updates,Vodafone Idea Limited has informed the Exchange about Transcript of the Analyst/ Investor Call held on 13 August 2024 relating to Company's Performance for the first quarter ended 30 June 2024
21-Aug-2024 19:35:30,Updates,Vodafone Idea Limited has informed the Exchange regarding 'Disclosure under Regulation 30 of the SEBI (Listing Obligations and Disclosure Requirements) Regulations 2015'.
14-Aug-2024 19:22:48,Updates,Vodafone Idea Limited has informed the Exchange regarding 'Disclosure under Regulation 30 (SEBI LODR) Regulations'.
13-Aug-2024 17:37:21,Analysts/Institutional Investor Meet/Con. Call Updates,Vodafone Idea Limited has informed the Exchange about Link of Audio Recording of the Earning Call held on 13 August 2024 on the Company's performance for the first quarter ended 30th June 2024
13-Aug-2024 15:39:27,Updates,"Vodafone Idea Limited has informed the Exchange regarding 'Disclosure under Regulation 30 of the SEBI (Listing Obligations and Disclosure Requirements) Regulations, 2015'."
13-Aug-2024 15:26:38,Copy of Newspaper Publication,Vodafone Idea Limited has informed the Exchange regarding Newspaper Publication of extracts of Financial Results for the first quarter ended 30 June 2024
12-Aug-2024 19:07:42,Statement of deviation(s) or variation(s) under Reg. 32,Vodafone Idea Limited has informed the Exchange about statement of deviation(s) or variation(s) under Reg. 32
12-Aug-2024 18:54:40,Monitoring Agency Report,Please find enclosed herewith Monitoring Agency Report for the Quarter ended 30th June 2024
12-Aug-2024 18:51:33,Updates,"The Company has attached the Quarterly Report for the first quarter ended June 30, 2024."
12-Aug-2024 18:47:09,Financial Result Updates," Vodafone Idea Limited has submitted to the Exchange, the financial results for the period ended June 30, 2024."
08-Aug-2024 18:35:19,Analysts/Institutional Investor Meet/Con. Call Updates,Vodafone Idea Limited has informed the Exchange about Schedule of meet to be held on 13 August 2024 for the First Quarter ended 30 June 2024
06-Aug-2024 16:33:44,Copy of Newspaper Publication,"Vodafone Idea Limited has informed the Exchange regarding Notice of the 29th Annual General Meeting of the Company, Book Closure, Information on E-Voting and other related information"
05-Aug-2024 22:46:39,Book Closure,Vodafone Idea Limited has informed the Exchange that Register of Members & Share Transfer Books of the Company will remain closed from 21-Aug-2024 to 28-Aug-2024 for the purpose of Annual General Meet
05-Aug-2024 22:41:29,Shareholders meeting,"Vodafone Idea Limited has informed the Exchange regarding Notice of Annual General Meeting to be held on Wednesday, August 28, 2024 through Video Conferencing / Other Audio Visual Means"
01-Aug-2024 17:48:38,Copy of Newspaper Publication,Vodafone Idea Limited has informed the Exchange about Copy of Newspaper Publication regarding Annual General Meeting to be held on 28 August 2024 through VC/OAVM
30-Jul-2024 16:29:11,Updates,"Vodafone Idea Limited has informed the Exchange regarding 'Disclosure under Regulation 30 of the SEBI (Listing Obligations and Disclosure Requirements) Regulations, 2015'."
29-Jul-2024 15:46:16,Change in Director(s),Vodafone Idea Limited has informed the Exchange regarding Change in Director(s) of the company.
29-Jul-2024 15:34:46,Updates,"Vodafone Idea Limited has informed the Exchange regarding 'Annual General Meeting of the Members of Vodafone Idea Limited to be held on Wednesday, 28 August 2024'."
29-Jul-2024 13:44:11,Allotment of Securities,"Vodafone Idea Limited has informed the Exchange regarding allotment of 122064 securities pursuant to ESOP/ESPS at its meeting held on July 29, 2024"
19-Jul-2024 18:23:57,Allotment of Securities,Vodafone Idea Limited has informed the Exchange regarding allotment of fourth tranche 415202701 Equity Shares to Vendors pursuant to Preferential Issue at its Capital Raising Committee meeting held on
19-Jul-2024 15:52:52,Allotment of Securities,Vodafone Idea Limited has informed the Exchange regarding allotment of third tranche  of 415202701 Equity Shares to Vendors pursuant to Preferential Issue at its Capital Raising Committee meeting held
18-Jul-2024 21:51:31,Allotment of Securities,Vodafone Idea Limited has informed the Exchange regarding allotment of second tranche of 415202701 Equity Shares to Vendors pursuant to Preferential Issue at its Capital Raising Committee meeting held
18-Jul-2024 19:04:24,Allotment of Securities,"Vodafone Idea Limited has informed the Exchange regarding allotment of first tranche of 415202701 Equity Shares pursuant to Preferential Issue at its Capital Raising Committee Meeting held on July 18,"
12-Jul-2024 18:59:58,Updates,"Vodafone Idea Limited has informed the Exchange regarding 'Disclosure Under Regulation 30 of SEBI (Listing Obligations And Disclosure Requirements) Regulations, 2015 '."
12-Jul-2024 18:50:02,Allotment of Securities,Vodafone Idea Limited has informed the Exchange regarding allotment of 160000000 Equity Shares pursuant to Conversion of Optionally Convertible Debentures at Capital Raising Committee meeting held on 
11-Jul-2024 18:12:58,Updates,Vodafone Idea Limited has informed the Exchange regarding ''Conversion request by ATC Telecom Infrastructure Private Limited to the Company to convert Optionally Convertible Debentures''.
11-Jul-2024 16:53:39,Shareholders meeting,"Vodafone Idea Limited has submitted the Exchange a copy Srutinizers report of  Extraordinary General Meeting held on July 10, 2024. Further, the company has informed the Exchange regarding voting resu"
10-Jul-2024 17:11:22,Shareholders meeting,"Vodafone Idea Limited has informed the Exchange regarding Proceedings of Extraordinary General Meeting held on July 10, 2024"
08-Jul-2024 17:38:27,"Certificate under SEBI (Depositories and Participants) Regulations, 2018","Vodafone Idea Limited has informed the Exchange about Certificate under SEBI (Depositories and Participants) Regulations, 2018"
28-Jun-2024 20:08:56,Press Release,"Vodafone Idea Limited has informed the Exchange regarding a press release dated Jun 28, 2024, titled ""Vodafone Idea Launches New Plans""."
27-Jun-2024 20:54:05,Investor Presentation,Vodafone Idea Limited has informed the Exchange about Investor Presentation
27-Jun-2024 18:07:54,Trading Window,"Vodafone Idea Limited has informed the Exchange regarding the Trading Window closure pursuant to SEBI (Prohibition of Insider Trading) Regulations, 2015"
26-Jun-2024 19:24:37,Updates,"Vodafone Idea Limited has informed the Exchange regarding 'Disclosure Under Regulation 30 Of SEBI (Listing Obligations And Disclosure Requirements) Regulations, 2015 - Update on Spectrum Auction'."
17-Jun-2024 17:45:14,Copy of Newspaper Publication,Vodafone Idea Limited has informed the Exchange about Copy of Newspaper Publication with respect to completion of dispatch of EGM Notice to be held on 10 July 2024
15-Jun-2024 17:06:42,Shareholders meeting,"Vodafone Idea Limited has informed the Exchange regarding Notice of Extraordinary General Meeting to be held on July 10, 2024"
14-Jun-2024 17:48:28,Copy of Newspaper Publication,Vodafone Idea Limited has informed the Exchange about Copy of Newspaper Publication regarding Extra Ordinary General Meeting to be held on 10 July 2024 through VC/OAVM
13-Jun-2024 15:53:53,Outcome of Board Meeting,"Vodafone Idea Limited has informed the Exchange regarding Board meeting outcome held on Jun 13, 2024 regarding issuance of equity shares on preferential basis aggregating to Rs. 2458 Crores."
04-Jun-2024 21:09:36,Credit Rating,Vodafone Idea Limited has informed the Exchange about Credit Rating
30-May-2024 18:57:01,Updates,"Vodafone Idea Limited has informed the Exchange regarding 'Disclosure under Regulation 30 of the SEBI(Listing Obligations and Disclosure Requirements) Regulation, 2015'."
29-May-2024 16:23:20,Disclosure under SEBI Takeover Regulations,Vodafone Idea Limited has Submitted to the Exchange a copy of Disclosure under Regulation 31(4) of the Securities and Exchange Board of India (Substantial Acquisition of Shares and Takeovers) Regulati
28-May-2024 14:41:04,Disclosure under SEBI Takeover Regulations,Birla Group Holdings Private Limited has submitted to the Exchange a copy of Disclosures under Regulation 10(6)-Report to stock Exchange in respect of any acquisition made in reliance upon exemption p
24-May-2024 19:49:17,Analysts/Institutional Investor Meet/Con. Call Updates,Vodafone Idea Limited has informed the Exchange about the Transcript of the Analyst/ Investor Call held on 17 May 2024 relating to Company's Performance for the fourth quarter and financial year ended
24-May-2024 18:49:04,Updates,"Vodafone Idea Limited has informed the Exchange regarding 'Disclosure under Regulation 30 of the SEBI(Listing Obligations and Disclosure Requirements) Regulation, 2015'."
23-May-2024 17:11:06,News Verification,The Exchange has sought clarification from Vodafone Idea Limited with respect to recent news item captioned Ericsson India in talks with Vodafone Idea for a 5G deal: India MD.  The response from the C
23-May-2024 12:14:58,News Verification,The Exchange has sought clarification from Vodafone Idea Limited with respect to recent news item captioned Ericsson India in talks with Vodafone Idea for a 5G deal: India MD.  The response from the C
21-May-2024 13:39:18,Updates,Vodafone Idea Limited has informed the Exchange regarding 'Disclosure under Regulation 30 of SEBI LODR Regulations 2015'.
21-May-2024 13:27:39,Allotment of Securities,"Vodafone Idea Limited has informed the Exchange regarding allotment of 1395427034 equity shares pursuant to Preferential Issue at its meeting held on May 21, 2024"
17-May-2024 18:04:05,Analysts/Institutional Investor Meet/Con. Call Updates,Vodafone Idea Limited has informed the Exchange about Link of Recording
17-May-2024 16:37:20,Copy of Newspaper Publication,Vodafone Idea Limited has informed the Exchange about Copy of Newspaper Publication regarding the extracts of results for the fourth quarter and Financial Year ended 31 March 2024
16-May-2024 19:19:06,Updates,Vodafone Idea Limited has informed the Exchange regarding 'Quarterly Report on the performance of the Company for the fourth quarter and Financial Year ended 31 March 2024'.
16-May-2024 19:00:37,Disclosure under SEBI Takeover Regulations,Grasim Industries Limited has Submitted to the Exchange a copy of Disclosure under Regulation 31(4) of the Securities and Exchange Board of India (Substantial Acquisition of Shares and Takeovers) Regu
16-May-2024 18:59:19,Financial Result Updates,"Vodafone Idea Limited has submitted to the Exchange, the financial results for the period ended March 31, 2024."
13-May-2024 19:06:10,Analysts/Institutional Investor Meet/Con. Call Updates,Vodafone Idea Limited has informed the Exchange about Schedule of meet
09-May-2024 15:26:21,Shareholders meeting,"Vodafone Idea Limited has submitted the Exchange a copy Srutinizers report of  Extraordinary General Meeting held on May 08, 2024. Further, the company has informed the Exchange regarding voting resul"
08-May-2024 16:15:57,Shareholders meeting,"Vodafone Idea Limited has informed the Exchange regarding Proceedings of Extraordinary General Meeting held on May 08, 2024"
03-May-2024 16:26:41,Investor Presentation,Vodafone Idea Limited has informed the Exchange about Investor Presentation
01-May-2024 23:17:03,Updates,Vodafone Idea Limited has informed the Exchange regarding 'Disclosure under Regulation 30 of SEBI LODR Regulations 2015'.
30-Apr-2024 20:44:48,Updates,"Vodafone Idea Limited has informed the Exchange regarding 'Disclosure under Regulation 30 of the SEBI (Listing Obligations and Disclosure Requirements) Regulations, 2015'."
29-Apr-2024 18:25:10,Updates,"Vodafone Idea Limited has informed the Exchange regarding 'Disclosure under Regulation 30 of the SEBI (Listing Obligations and Disclosure Requirements) Regulations, 2015'."
26-Apr-2024 20:33:36,Analysts/Institutional Investor Meet/Con. Call Updates,Vodafone Idea Limited has informed the Exchange about Schedule of meet
26-Apr-2024 18:15:46,Updates,"Vodafone Idea Limited has informed the Exchange regarding 'Disclosure under Regulation 30 of the SEBI (Listing Obligations and Disclosure Requirements) Regulations, 2015'."
25-Apr-2024 18:48:16,Updates,"Vodafone Idea Limited has informed the Exchange regarding 'Disclosure under Regulation 30 of the SEBI (Listing Obligations and Disclosure Requirements) Regulations, 2015'."
24-Apr-2024 20:42:00,Updates,"Vodafone Idea Limited has informed the Exchange regarding 'Disclosure under Regulation 30 of the SEBI(Listing Obligations and Disclosure Requirements) Regulations, 2015'."
23-Apr-2024 23:30:08,Allotment of Securities,"Vodafone Idea Limited has informed the Exchange regarding allotment of 16363636363 Equity Shares at an issue price of Rs 11 per share pursuant to Further Public Offer at its meeting held on April 23, "
23-Apr-2024 00:52:08,Updates,Vodafone Idea Limited has informed the Exchange regarding 'Update on Further Public Offer - Offer Price'.
19-Apr-2024 17:24:16,Updates,"Vodafone Idea Limited has informed the Exchange regarding 'Disclosure under Regulation 30 of the SEBI (Listing Obligations and Disclosure Requirements) Regulations, 2015'."
17-Apr-2024 15:07:30,Updates,"Vodafone Idea Limited has informed the Exchange regarding 'Disclosure under Regulation 30 of the SEBI (Listing Obligations and Disclosure Requirements) Regulations, 2015'."
17-Apr-2024 01:31:15,Updates,Vodafone Idea Limited has informed the Exchange regarding 'Further Public Offer - Allocation to Anchor Investors'.
16-Apr-2024 17:56:44,Copy of Newspaper Publication,Vodafone Idea Limited has informed the Exchange about Copy of Newspaper Publication
16-Apr-2024 16:36:02,Updates,"Vodafone Idea Limited has informed the Exchange regarding 'Disclosure under Regulation 30 of the SEBI (Listing Obligation and Disclosure Requirements) Regulations, 2015'."
15-Apr-2024 20:17:38,Shareholders meeting,"Vodafone Idea Limited has informed the Exchange regarding Notice of Extraordinary General Meeting to be held on Wednesday, May 08, 2024 through VC/OAVM"
13-Apr-2024 15:38:55,Updates,"Vodafone Idea Limited has informed the Exchange regarding 'Disclosure under Regulation 30 of the SEBI (Listing Obligations and Disclosure Requirements) Regulations, 2015'."
12-Apr-2024 09:16:38,Updates,Vodafone Idea Limited has informed the Exchange regarding 'Further Public Offer of Equity Shares aggregating upto Rs. 18000 Crore of face value Rs. 10 each'.
12-Apr-2024 01:36:49,Updates,"Vodafone Idea Limited has informed the Exchange regarding 'Further public offer of equity shares aggregating upto Rs. 18,000 crore of face value Rs.10 each'."
11-Apr-2024 14:42:13,Updates,"Vodafone Idea Limited has informed the Exchange regarding 'Disclosure under Regulation 30 of the SEBI (Listing Obligations and Disclosure Requirements) Regulations, 2015'."
09-Apr-2024 17:21:06,Copy of Newspaper Publication,"Vodafone Idea Limited has informed the Exchange about Copy of Newspaper Publication regarding EGM to be held on 8th May, 2024 through Video Conference (VC)/ or Other Audio -Visual Means (OAVM)"
08-Apr-2024 23:47:24,"Certificate under SEBI (Depositories and Participants) Regulations, 2018","Vodafone Idea Limited has informed the Exchange about Certificate under SEBI (Depositories and Participants) Regulations, 2018"
08-Apr-2024 18:00:06,Updates,"Vodafone Idea Limited has informed the Exchange regarding 'Disclosure under Regulation 30 of the SEBI (LODR) Regulations, 2015'."
06-Apr-2024 19:16:51,Outcome of Board Meeting,"Vodafone Idea Limited has informed the Exchange regarding  Board meeting held on April 06, 2024."
05-Apr-2024 18:17:39,Updates,"Vodafone Idea Limited has informed the Exchange regarding 'Disclosure under Regulation 30 of the SEBI Listing Regulations, 2015'."
03-Apr-2024 23:54:36,Updates,Vodafone Idea Limited has informed the Exchange regarding 'Further communication to our letter dated 3 April 2024'.
03-Apr-2024 20:33:58,Updates,"Vodafone Idea Limited has informed the Exchange regarding 'Disclosure under Regulation 30 of the SEBI (LODR) Regulations, 2015''."
03-Apr-2024 13:14:31,Shareholders meeting,"Vodafone Idea Limited has submitted the Exchange a copy Srutinizers report of  Extraordinary General Meeting held on April 02, 2024. Further, the company has informed the Exchange regarding voting res"
02-Apr-2024 16:54:22,Shareholders meeting,"Vodafone Idea Limited has informed the Exchange regarding Proceedings of Extraordinary General Meeting held on April 02, 2024"
28-Mar-2024 23:54:21,Trading Window,"Vodafone Idea Limited has informed the Exchange regarding the Trading Window closure pursuant to SEBI (Prohibition of Insider Trading) Regulations, 2015"
24-Mar-2024 22:53:58,Analysts/Institutional Investor Meet/Con. Call Updates,Vodafone Idea Limited has informed the Exchange about Schedule of meet
24-Mar-2024 20:07:04,Updates,Vodafone Idea Limited has informed the Exchange regarding 'the Allotment of Equity Shares pursuant to conversion of Optionally Convertible Debentures'.
21-Mar-2024 21:41:29,Updates,"Vodafone Idea Limited has informed the Exchange regarding 'Disclosure under Regulation 30 of the SEBI (LODR) Regulations, 2015'."
19-Mar-2024 18:50:05,Updates,Vodafone Idea Limited has informed the Exchange regarding 'Conversion request by ATC Telecom Infrastructure Private Limited to the Company to convert Optionally Convertible Debentures'.
18-Mar-2024 22:54:03,Investor Presentation,Vodafone Idea Limited has informed the Exchange about Investor Presentation
18-Mar-2024 21:33:30,Analysts/Institutional Investor Meet/Con. Call Updates,Vodafone Idea Limited has informed the Exchange about Schedule of meet
15-Mar-2024 20:57:42,Updates,"Vodafone Idea Limited has informed the Exchange regarding 'Disclosure under Regulation 30 of the SEBI (LODR) Regulations, 2015'."
11-Mar-2024 22:28:11,Analysts/Institutional Investor Meet/Con. Call Updates,Vodafone Idea Limited has informed the Exchange about Schedule of meet
11-Mar-2024 21:58:02,Investor Presentation,Vodafone Idea Limited has informed the Exchange about Investor Presentation
09-Mar-2024 18:46:39,Copy of Newspaper Publication,Vodafone Idea Limited has informed the Exchange about Copy of Newspaper Publication
08-Mar-2024 18:12:50,Shareholders meeting,"Vodafone Idea Limited has informed the Exchange regarding Notice of Extraordinary General Meeting to be held on Tuesday April 02, 2024"
05-Mar-2024 14:58:08,Copy of Newspaper Publication,Vodafone Idea Limited has informed the Exchange about Copy of Newspaper Publication regarding EGM to be held on 2nd April 2024 through Video Conference (VC)/ or Other Audio Visual Means (OAVM)
05-Mar-2024 14:06:05,Updates,"Vodafone Idea Limited has informed the Exchange regarding 'Disclosure under Regulation 30 of SEBI (LODR) Regulations, 2015'."
01-Mar-2024 15:35:22,Updates,"Vodafone Idea Limited has informed the Exchange regarding 'Disclosure under Regulation 30 of the SEBI (LODR) Regulations, 2015'."
29-Feb-2024 20:47:39,Updates,"Vodafone Idea Limited has informed the Exchange regarding 'Disclosure under Regulation 30 of the SEBI (LODR) Regulations, 2015'."
27-Feb-2024 18:03:03,Press Release,"Vodafone Idea Limited has informed the Exchange regarding a press release dated February 27, 2024, titled ""VIL Board approves equity fund raise of up to Rs. 20,000 Crores.""."
27-Feb-2024 18:00:48,Outcome of Board Meeting,"Vodafone Idea Limited has informed the Exchange regarding  Board meeting held on February 27, 2024."
21-Feb-2024 15:37:15,Updates,"Vodafone Idea Limited has informed the Exchange regarding 'Disclosure under Regulation 30 of SEBI Listing Regulations, 2015'."
09-Feb-2024 14:24:16,Updates,"Vodafone Idea Limited has informed the Exchange regarding 'Disclosure under Regulation 30 of SEBI (LODR) Regulations, 2015'."
06-Feb-2024 19:32:45,Analysts/Institutional Investor Meet/Con. Call Updates,Vodafone Idea Limited has informed the Exchange about Transcript relating to the Company's Performance for the third quarter and nine months ended 31st December 2023
31-Jan-2024 14:25:10,Analysts/Institutional Investor Meet/Con. Call Updates,Vodafone Idea Limited has informed the Exchange about Link of Recording
30-Jan-2024 15:13:41,Copy of Newspaper Publication,Vodafone Idea Limited has informed the Exchange about Copy of Newspaper Publication regarding the extracts of results for the third quarter and nine months ended 31st December 2023
29-Jan-2024 19:06:01,ESOP/ESOS/ESPS,Vodafone Idea Limited has informed the Exchange regarding Exercise of 131170  Options.
29-Jan-2024 18:29:51,Updates,Vodafone Idea Limited has informed the Exchange regarding 'Quarterly Report on the performance of the Company for the third quarter ended 31 December 2023'.
29-Jan-2024 18:25:39,Financial Result Updates,"Vodafone Idea Limited has submitted to the Exchange, the financial results for the period ended December 31, 2023."
25-Jan-2024 13:25:07,Analysts/Institutional Investor Meet/Con. Call Updates,Vodafone Idea Limited has informed the Exchange about Schedule of meet
18-Jan-2024 18:07:29,Updates,"Vodafone Idea Limited has informed the Exchange regarding 'Disclosure under Regulation 30 of SEBI(LODR) Regulations, 2015'."
11-Jan-2024 17:27:37,Updates,"Vodafone Idea Limited has informed the Exchange regarding 'Disclosure under Regulation 30 of SEBI(LODR) Regulations, 2015'."
10-Jan-2024 12:59:21,Updates,"Vodafone Idea Limited has informed the Exchange regarding 'Disclosure under Regulation 30 of SEBI(LODR) Regulations, 2015'."
09-Jan-2024 17:34:17,"Certificate under SEBI (Depositories and Participants) Regulations, 2018","Vodafone Idea Limited has informed the Exchange about Certificate under SEBI (Depositories and Participants) Regulations, 2018"
04-Jan-2024 18:16:09,Updates,"Vodafone Idea Limited has informed the Exchange regarding 'Disclosure under Regulation 30 of SEBI(LODR) Regulation, 2015'."
03-Jan-2024 10:55:18,Change in Management,Vodafone Idea Limited has informed the Exchange about change in Management
02-Jan-2024 13:20:49,News Verification,The Exchange has sought clarification from Vodafone Idea Limited with respect to recent news item captioned Elon's Starlink Tie-Up Talks In Market Pumps Vodafone Idea To The Skies In India.  The respo
01-Jan-2024 15:15:19,News Verification,The Exchange has sought clarification from Vodafone Idea Limited with respect to recent news item captioned Elon's Starlink Tie-Up Talks In Market Pumps Vodafone Idea To The Skies In India.  The respo
29-Dec-2023 16:04:17,Trading Window,"Vodafone Idea Limited has informed the Exchange regarding the Trading Window closure pursuant to SEBI (Prohibition of Insider Trading) Regulations, 2015"
09-Nov-2023 14:52:59,Updates,"Vodafone Idea Limited has informed the Exchange regarding 'Intimation pursuant to Regulation 30 of SEBI (Listing Obligations and Disclosure Requirements) Regulation, 2015'."
09-Nov-2023 13:19:25,Updates,"Vodafone Idea Limited has informed the Exchange regarding 'Intimation under Regulation 30 of SEBI(LODR) Regulation, 2015- Update on Material Litigation'."
04-Nov-2023 13:23:46,Updates,"Vodafone Idea Limited has informed the Exchange regarding 'Disclosure under Regulation 30 of the SEBI(Listing Obligations and Disclosure Requirements) Regulation, 2015 - Sale of shares in Joint Ventur"
04-Nov-2023 13:10:19,Analysts/Institutional Investor Meet/Con. Call Updates,Vodafone Idea Limited has informed the Exchange about Transcript
31-Oct-2023 12:59:01,Analysts/Institutional Investor Meet/Con. Call Updates,Vodafone Idea Limited has informed the Exchange about Link of Recording
27-Oct-2023 17:30:30,Analysts/Institutional Investor Meet/Con. Call Updates,Vodafone Idea Limited has informed the Exchange about Schedule of meet
27-Oct-2023 17:20:42,Updates,"Vodafone Idea Limited has informed the Exchange regarding 'Intimation under Regulation 30 of the SEBI (Listing Obligations and Disclosure Requirements) Regulation, 2015'."
27-Oct-2023 16:18:16,Copy of Newspaper Publication,Vodafone Idea Limited has informed the Exchange about Copy of Newspaper Publication regarding extract of results  for the second quarter and half year ended 30 September 2023
26-Oct-2023 20:14:56,Updates,Vodafone Idea Limited has informed the Exchange regarding 'Postponement of Analyst / Investor Call'.
26-Oct-2023 19:20:27,Updates,Vodafone Idea Limited has informed the Exchange regarding 'Quarterly Report on the performance of the Company for the second quarter and half year ended 30 September 2023'.
26-Oct-2023 19:16:51,Financial Result Updates,"Vodafone Idea Limited has submitted to the Exchange, the financial results for the period ended September 30, 2023."
23-Oct-2023 14:41:57,Analysts/Institutional Investor Meet/Con. Call Updates,Vodafone Idea Limited has informed the Exchange about Schedule of meet
18-Oct-2023 22:11:42,Updates,"Vodafone Idea Limited has informed the Exchange regarding 'Intimation under Regulation 30 of the SEBI (LODR)Reg, 2015'."
18-Oct-2023 21:35:27,Updates,"Vodafone Idea Limited has informed the Exchange regarding 'Intimation under Regulation 30 of the SEBI(LODR) Reg, 2015'."
09-Oct-2023 14:40:59,"Certificate under SEBI (Depositories and Participants) Regulations, 2018","Vodafone Idea Limited has informed the Exchange about Certificate under SEBI (Depositories and Participants) Regulations, 2018"
05-Oct-2023 23:29:22,Updates,"Vodafone Idea Limited has informed the Exchange regarding 'Disclosure under Regulation 30 Of The SEBI (Listing Obligation And Disclosure Requirements) Regulation, 2015'."
29-Sep-2023 21:41:58,Updates,"Vodafone Idea Limited has informed the Exchange regarding 'Disclosure under Regulation 30 of the SEBI (Listing Obligation and Disclosure Requirements) Reg, 2015'."
29-Sep-2023 14:59:15,Trading Window,"Vodafone Idea Limited has informed the Exchange regarding the Trading Window closure pursuant to SEBI (Prohibition of Insider Trading) Regulations, 2015"
25-Sep-2023 11:07:20,Reply to Clarification- Financial results,The Exchange had sought clarification from Vodafone Idea Limited for the quarter ended 30-Jun-2023 with respect to Regulation 33 of the SEBI (Listing Obligations and Disclosure Requirements) Regulatio
18-Sep-2023 09:14:36,Updates,Vodafone Idea Limited has informed the Exchange regarding 'Clarification on News Item'.
16-Sep-2023 19:29:34,Updates,Vodafone Idea Limited has informed the Exchange regarding 'update on payment of Spectrum Auction Installment'.
12-Sep-2023 18:01:23,Clarification - Financial Results,The Exchange has sought clarification from Vodafone Idea Limited for the quarter ended 30-Jun-2023 with respect to Regulation 33 of the SEBI (Listing Obligations and Disclosure Requirements) Regulatio
28-Aug-2023 08:58:08,Updates,"Vodafone Idea Limited has informed the Exchange regarding 'Intimation under Reg 30 of the SEBI(LODR) Reg, 2015 regarding alteration in redemption period of OCD issued and alloted to ATC'."
25-Aug-2023 16:55:03,Copy of Newspaper Publication,Vodafone Idea Limited has informed the Exchange about Copy of Newspaper Publication on Notice of Transfer of Equity Shares of the Company to IEPF
25-Aug-2023 15:32:15,Credit Rating,Vodafone Idea Limited has informed the Exchange about Credit Rating
23-Aug-2023 19:58:25,Analysts/Institutional Investor Meet/Con. Call Updates,Vodafone Idea Limited has informed the Exchange about Transcript
18-Aug-2023 12:37:52,Updates,Vodafone Idea Limited has informed the Exchange regarding 'Disclosure under Regulation 30 of SEBI(LODR) Regulation 2015'.
17-Aug-2023 17:00:54,Analysts/Institutional Investor Meet/Con. Call Updates,Vodafone Idea Limited has informed the Exchange about Link of Recording
16-Aug-2023 17:06:24,Copy of Newspaper Publication,Vodafone Idea Limited has informed the Exchange about Copy of Newspaper Publication of extracts of results for the first quarter ended 30 June 2023.
14-Aug-2023 23:07:46,Updates,Vodafone Idea Limited has informed the Exchange regarding 'Disclosure under Regulation 30 of SEBI (LODR)   continuing material events -  litigations'.
14-Aug-2023 20:44:01,Updates,Vodafone Idea Limited has informed the Exchange regarding 'Disclosure dated 14 August 2023'.
14-Aug-2023 20:16:43,Updates,Vodafone Idea Limited has informed the Exchange regarding 'Disclosure dated  14 August 2023 under Regulation 30'.
14-Aug-2023 19:49:09,Updates,Vodafone Idea Limited has informed the Exchange regarding 'Quarterly Report on the performance of the Company for first quarter ended 30 June 2023'.
14-Aug-2023 19:46:46,Financial Result Updates,"Vodafone Idea Limited has submitted to the Exchange, the financial results for the period ended June 30, 2023."
09-Aug-2023 18:56:06,Analysts/Institutional Investor Meet/Con. Call Updates,Vodafone Idea Limited has informed the Exchange about Schedule of meet
27-Jul-2023 14:18:00,Price movement,"Significant movement in price has been observed in Vodafone Idea Limited. The Exchange, in order to ensure that investors have latest relevant information about the company and to inform the market pl"
26-Jul-2023 17:55:54,Price movement,"Significant movement in price has been observed in Vodafone Idea Limited. The Exchange, in order to ensure that investors have latest relevant information about the company and to inform the market pl"
18-Jul-2023 17:08:24,Shareholders meeting,"Vodafone Idea Limited has submitted the Exchange a copy Srutinizers report of  Annual General Meeting held on July 17, 2023. Further, the company has informed the Exchange regarding voting results."
17-Jul-2023 17:16:48,Shareholders meeting,"Vodafone Idea Limited has informed the Exchange regarding Proceedings of Annual General Meeting held on July 17, 2023"
13-Jul-2023 15:42:36,Disclosure under SEBI Takeover Regulations,Omega telecom Holdings Limited��has Submitted to the Exchange a copy of Disclosure under Regulation 31(4) of the Securities and Exchange Board of India��(Substantial Acquisition of Shares and Takeover
11-Jul-2023 18:44:18,"Certificate under SEBI (Depositories and Participants) Regulations, 2018","Vodafone Idea Limited has informed the Exchange about Certificate under SEBI (Depositories and Participants) Regulations, 2018"
07-Jul-2023 15:52:08,Disclosure under SEBI Takeover Regulations,Grasim Industries Limited��has Submitted to the Exchange a copy of Disclosure under Regulation 31(4) of the Securities and Exchange Board of India��(Substantial Acquisition of Shares and Takeovers) Re
30-Jun-2023 15:00:05,Trading Window,"Vodafone Idea Limited has informed the Exchange regarding the Trading Window closure pursuant to SEBI (Prohibition of Insider Trading) Regulations, 2015"
26-Jun-2023 16:06:55,Copy of Newspaper Publication,"Vodafone Idea Limited has informed the Exchange about Copy of Newspaper Publication regarding Notice of the 28th Annual General Meeting of the Company, Book Closure, Information on E-Voting and other "
24-Jun-2023 22:43:09,Updates,Vodafone Idea Limited has informed the Exchange regarding 'Business Responsibility and Sustainability Report'.
24-Jun-2023 22:07:07,Shareholders meeting,"Vodafone Idea Limited has informed the Exchange regarding Notice of Annual General Meeting to be held on July 17, 2023"
24-Jun-2023 20:05:40,Book Closure,Vodafone Idea Limited has informed the Exchange that Register of Members & Share Transfer Books of the Company will remain closed from 10-Jul-2023 to 17-Jul-2023 for the purpose of Meeting.
24-Jun-2023 13:36:20,Investor Presentation,Vodafone Idea Limited has informed the Exchange about Investor Presentation
22-Jun-2023 17:51:03,Copy of Newspaper Publication,"Vodafone Idea Limited has informed the Exchange about Copy of Newspaper Publication regarding Annual General Meeting of the Company to be held on17th July, 2023 through Video Conference (VC)/ Other Au"
02-Jun-2023 22:42:08,Analysts/Institutional Investor Meet/Con. Call Updates,Vodafone Idea Limited has informed the Exchange about Transcript
29-May-2023 16:43:39,Annual Secretarial Compliance Report,The Company has filed Annual Secretarial Compliance Report for the Financial year ended 31st March 2023
26-May-2023 17:31:30,Analysts/Institutional Investor Meet/Con. Call Updates,Vodafone Idea Limited has informed the Exchange about Link of Recording
25-May-2023 22:35:36,Updates,Vodafone Idea Limited has informed the Exchange regarding 'Annual General Meeting to be held on 17 July 2023'.
25-May-2023 21:36:43,Related Party Transactions,Vodafone Idea Limited has informed the Exchange about related Party Transactions for the Half Year Ended 31st March 2023
25-May-2023 21:19:41,Change in Director(s),Vodafone Idea Limited has informed the Exchange regarding Change in Director(s) of the company.
25-May-2023 21:01:20,Updates,Vodafone Idea Limited has informed the Exchange regarding 'The Company has attached the Quarterly Report for the Fourth Quarter and Financial Year ended 31 March 2023.'.
25-May-2023 20:58:24,Outcome of Board Meeting,"Vodafone Idea Limited has informed the Exchange regarding Outcome of Board Meeting held on May 25, 2023."
25-May-2023 20:55:20,Financial Result Updates,"Vodafone Idea Limited has submitted to the Exchange, the financial results for the period ended March 31, 2023."
23-May-2023 18:57:26,Analysts/Institutional Investor Meet/Con. Call Updates,Vodafone Idea Limited has informed the Exchange about Schedule of meet
04-May-2023 16:51:04,Monitoring Agency Report,The Company has informed the exchange regarding the Monitoring Agency Report for the quarter ended 31 March 2023
24-Apr-2023 11:36:00,Spurt in Volume,"Significant increase in volume has been observed in Vodafone Idea Limited. The Exchange, in order to ensure that investors have latest relevant information about the company and to inform the market p"
21-Apr-2023 17:50:12,Spurt in Volume,"Significant increase in volume has been observed in Vodafone Idea Limited. The Exchange, in order to ensure that investors have latest relevant information about the company and to inform the market p"
20-Apr-2023 17:51:14,Appointment,"Vodafone Idea Limited has informed the Exchange regarding Appointment of Mr Kumar Mangalam Birla as Non- Executive Director of the company w.e.f. April 20, 2023."
20-Apr-2023 14:44:25,Resignation,"Vodafone Idea Limited has informed the Exchange regarding Resignation of Mr K K Maheshwari as Non- Executive Director of the company w.e.f. April 19, 2023."
11-Apr-2023 15:32:31,"Certificate under SEBI (Depositories and Participants) Regulations, 2018","Vodafone Idea Limited has informed the Exchange about Certificate under SEBI (Depositories and Participants) Regulations, 2018"
30-Mar-2023 15:28:08,Trading Window,"Vodafone Idea Limited has informed the Exchange regarding the Trading Window closure pursuant to SEBI (Prohibition of Insider Trading) Regulations, 2015"
28-Feb-2023 18:53:20,Allotment of Securities,"Vodafone Idea Limited has informed the Exchange regarding allotment of 4000 number of unsecured, unrated and unlisted Optionally Convertible Debentures of the face value of Rs. 10,00,000/- each (OCDs)"
27-Feb-2023 19:45:01,Allotment of Securities,"Vodafone Idea Limited has informed the Exchange regarding allotment of 12000 number of unsecured, unrated and unlisted Optionally Convertible Debentures of the face value of Rs. 10,00,000/- each (OCDs"
25-Feb-2023 19:54:16,Shareholders meeting,"Vodafone Idea Limited has submitted the Exchange a copy Srutinizers report of  Extraordinary General Meeting held on February 25, 2023. Further, the company has informed the Exchange regarding voting "
25-Feb-2023 17:02:08,Shareholders meeting,"Vodafone Idea Limited has informed the Exchange regarding Proceedings of Extraordinary General Meeting held on February 25, 2023"
22-Feb-2023 14:10:18,Analysts/Institutional Investor Meet/Con. Call Updates,"Vodafone Idea Limited has informed the Exchange about Transcript  of the analyst / investors call held on 15 February, 2023 relating to the Company s performance for the third quarter and nine months "
16-Feb-2023 16:43:48,Analysts/Institutional Investor Meet/Con. Call Updates,Vodafone Idea Limited has informed the Exchange about Link of Recording
14-Feb-2023 21:19:55,Appointment,"Vodafone Idea Limited has informed the Exchange regarding Appointment of Mr Murthy GVAS as Chief Financial Officer of the company w.e.f. February 15, 2023."
14-Feb-2023 21:14:37,Conversion,Vodafone Idea Limited has informed the Exchange about allotment of equity shares pursuant to conversion of warrants
14-Feb-2023 21:09:52,Updates,"Vodafone Idea Limited has informed the Exchange regarding 'Quarterly Report on the performance of the Company for the third Quarter ended 31st  December , 2022'."
14-Feb-2023 21:06:46,Outcome of Board Meeting,"Vodafone Idea Limited has informed the Exchange regarding Outcome of Board Meeting held on February 14, 2023."
14-Feb-2023 21:05:35,Financial Result Updates,"Vodafone Idea Limited has submitted to the Exchange, the financial results for the period ended December 31, 2022."
10-Feb-2023 17:30:09,Analysts/Institutional Investor Meet/Con. Call Updates,Vodafone Idea Limited has informed the Exchange about Schedule of meet
10-Feb-2023 14:32:45,Disclosure under SEBI Takeover Regulations,"The President of India (acting through and represented by the Department of Investment and Public Asset Management, Ministry of Finance, Government of India) has Submitted to the Exchange a copy of Di"
08-Feb-2023 13:00:42,Board Meeting Intimation,The Company has intimated the Exchange regarding date of Board Meeting for considering financial results for third quarter ended 31 December 2022
07-Feb-2023 19:27:02,Allotment of Securities,"Vodafone Idea Limited has informed the Exchange regarding allotment of 16133184899 securities pursuant to order passed by Government of India at its meeting held on February 07, 2023"
03-Feb-2023 19:12:48,Updates,Vodafone Idea Limited has informed the Exchange regarding 'Material Development - Intimation Under Regulation 30 Of Securities And Exchange Board Of India (Listing Obligations And Disclosure Requireme
03-Feb-2023 14:59:06,Copy of Newspaper Publication,Vodafone Idea Limited has informed the Exchange about Copy of Newspaper Publication
02-Feb-2023 12:25:06,Shareholders meeting,"Vodafone Idea Limited has informed the Exchange regarding Notice of Extraordinary General Meeting to be held on February 25, 2023"
02-Feb-2023 11:43:35,Shareholders meeting,"Vodafone Idea Limited has informed the Exchange regarding Notice of Extraordinary General Meeting to be held on February 25, 2023"
01-Feb-2023 16:08:24,Copy of Newspaper Publication,"Vodafone Idea Limited has informed the Exchange about Copy of Newspaper Publication regarding EGM to  be held on 25th February 2023 , through Video Conference (VC) / Other Audio-Visual Means (OAVM)"
31-Jan-2023 16:29:17,Outcome of Board Meeting,"Vodafone Idea Limited has informed the Exchange regarding  Board meeting held on January 31, 2023."
31-Jan-2023 16:11:38,Preferential issue,Vodafone Idea Limited has informed the Exchange about Preferential issue
11-Jan-2023 17:24:29,"Certificate under SEBI (Depositories and Participants) Regulations, 2018","Vodafone Idea Limited has informed the Exchange about Certificate under SEBI (Depositories and Participants) Regulations, 2018"
30-Dec-2022 15:10:41,Trading Window,"Vodafone Idea Limited has informed the Exchange regarding the Trading Window closure pursuant to SEBI (Prohibition of Insider Trading) Regulations, 2015"
10-Dec-2022 15:19:06,General updates,Vodafone Idea Limited has informed the Exchange about Update on Preferential Issue.
06-Dec-2022 14:17:18,General updates,Vodafone Idea Limited has informed the Exchange about Update on Preferential Issue
22-Nov-2022 19:39:00,Extra Ordinary Meeting,Vodafone Idea Limited has informed the Exchange about Voting Results and  Scrutinizer Report of Extra Ordinary General Meeting held on 21-Nov-2022
21-Nov-2022 18:24:51,Extra Ordinary Meeting,"Vodafone Idea Limited has informed the Exchange about Proceedings of Extra Ordinary General Meeting held on 21 November, 2022"
10-Nov-2022 18:51:21,Transcript of Analysts/Institutional Investor Meet/Con. Call,Vodafone Idea Limited has informed the Exchange about Transcript of Analysts/Institutional Investor Meet/Con. Call held on 4th November 2022 relating to the company's performance for the second quarte
04-Nov-2022 18:43:03,Recording of Analysts/Institutional Investor Meet/Con. Call,"Vodafone Idea Limited has informed the Exchange about Recording of Analysts/Institutional Investor Meet/Con. Call held on 4th November, 2022, relating to the Company���s performance for the second qua"
03-Nov-2022 21:14:21,Related Party Transaction,Vodafone Idea Limited has informed the Exchange about related party transaction for the half year ended 30th September 2022.
03-Nov-2022 18:49:15,General updates,"Vodafone Idea Limited has informed the Exchange about Quarterly Report on the performance of the Company for the Second Quarter and Half Year ended 30th September, 2022"
03-Nov-2022 18:36:51,Outcome of Board Meeting,Vodafone Idea Limited  has informed the Exchange about Board Meeting held on 03-Nov-2022 to consider financial statements for the second quarter and half year ended 30th September 2022
31-Oct-2022 14:16:48,Newspaper Advertisements,Vodafone Idea Limited has informed the Exchange about Newspaper Advertisements regarding Extra-ordinary General Meeting of the Company to be held on 21st November 2022
31-Oct-2022 14:08:48,Schedule of Analysts/Institutional Investor Meet/Con. Call,Vodafone Idea Limited has informed the Exchange about Schedule of Analysts/Institutional Investor Meet/Con. Call to be conducted on 04 November 2022
28-Oct-2022 16:49:57,Extra Ordinary Meeting,Vodafone Idea Limited has informed the Exchange about Notice of Extra Ordinary General Meeting to be held on 21-Nov-2022
25-Oct-2022 15:58:27,Newspaper Advertisements,"Vodafone Idea Limited has informed the Exchange about Newspaper Advertisement regarding Extraordinary General Meeting of the Company to be held on November 21, 2022,  through Video Conference (VC) / O"
21-Oct-2022 19:54:18,Outcome of Board Meeting,Vodafone Idea Limited  has informed the Exchange about Board Meeting held on 21-Oct-2022 to consider issue of securities on preferential basis.
18-Oct-2022 12:36:03,General updates,"Vodafone Idea Limited has informed the Exchange about Certificate under Regulation 74(5) of the SEBI (Depositories & Participants)  Regulations, 2018 for the quarter ended 30 September 2022"
06-Oct-2022 14:17:30,News Verification,IDEA : The Exchange has sought clarification from Vodafone Idea Limited with respect to recent news item captioned Clear dues or lose tower access: Indus Towers to Vodafone Idea.  The response from th
30-Sep-2022 12:57:12,Closure of trading window,"Vodafone Idea Limited has informed the Exchange about Closure of trading window pursuant to SEBI (Prohibition of Insider Trading) Regulations, 2015"
28-Sep-2022 18:17:32,News Verification,IDEA : The Exchange has sought clarification from Vodafone Idea Limited with respect to recent news item captioned Clear dues or lose tower access: Indus Towers to Vodafone Idea.  The response from th
30-Aug-2022 15:41:30,Re-appointment,Vodafone Idea Limited  has informed the Exchange about re-appointment of S R Batliboi and Associates as Statutory Auditor of the company
30-Aug-2022 15:19:12,Annual General Meeting,Vodafone Idea Limited has informed the Exchange about  Scrutinizer report of Annual General Meeting held on 29-Aug-2022
29-Aug-2022 16:42:12,Annual General Meeting,Vodafone Idea Limited has informed the Exchange about  Proceedings of Annual General Meeting held on 29-Aug-2022
18-Aug-2022 14:33:36,Newspaper Advertisements,Vodafone Idea Limited has informed the Exchange about Newspaper Advertisements on Notice of Transfer of equity shares of the Company to IEPF
17-Aug-2022 17:51:06,Transcript of Analysts/Institutional Investor Meet/Con. Call,Vodafone Idea Limited has informed the Exchange about Transcript of Analysts/Institutional Investor Meet/Con. Call held on 4 August 2022
08-Aug-2022 12:28:48,Newspaper Advertisements,"Vodafone Idea Limited has informed the Exchange about Newspaper Advertisements regarding Notice of the 27th Annual General Meeting of the Company, Book Closure, Information on E-Voting and other relat"
07-Aug-2022 14:25:27,Annual General Meeting,Vodafone Idea Limited has informed the Exchange about Notice of Annual General Meeting to be held on 29-Aug-2022
05-Aug-2022 19:54:30,Book Closure,Vodafone Idea Limited has informed the Exchange that Register of Members & Share Transfer Books of the Company will remain closed from 22-Aug-2022 to 29-Aug-2022 for the purpose of Annual General Meet
05-Aug-2022 13:02:27,Newspaper Advertisements,Vodafone Idea Limited has informed the Exchange about Newspaper Advertisement regarding 27th  Annual General Meeting of the Company to be  held  on  29th  August  2022  through  Video  Conference  (VC
04-Aug-2022 22:14:27,Transcript of Analysts/Institutional Investor Meet/Con. Call,Vodafone Idea Limited has informed the Exchange about Transcript of Analysts/Institutional Investor Meet/Con. Call held on 4 August 2022
04-Aug-2022 19:03:06,General updates,Vodafone Idea Limited has informed the Exchange about Intimation of Annual General Meeting and Book Closure Date
03-Aug-2022 19:41:36,Communication to shareholders as per Reg 30,Vodafone Idea Limited has informed the Exchange about changes in Independent Directors.
03-Aug-2022 19:05:00,Communication to shareholders as per Reg 30,"Vodafone Idea Limited has informed the Exchange about communication to shareholders as per Regulation 30 of SEBI (Listing Obligations and Disclosure Requirements) Regulations, 2015 about change in Cha"
03-Aug-2022 18:22:45,General updates,Vodafone Idea Limited has informed the Exchange about Quarterly Report for quarter ended 30 June 2022 on the performance of the Company.
03-Aug-2022 18:11:30,Outcome of Board Meeting,Vodafone Idea Limited  has informed the Exchange about Board Meeting held on 03-Aug-2022 to consider financial statements for the quarter ended June 2022
01-Aug-2022 18:26:21,Press Release,Vodafone Idea Limited has informed the Exchange about press release dated 01-Aug-2022 titled Update of Auction of 5G Spectrum
28-Jul-2022 18:46:42,Schedule of Analysts/Institutional Investor Meet/Con. Call,"Vodafone Idea Limited has informed the Exchange about Schedule of Analysts/Institutional Investor Meet/Con. Call  to be held on 04 August 2022, on the Company's performance for First Quarter ended 30 "
25-Jul-2022 12:52:45,Communication to shareholders as per Reg 30,"The Capital Raising Committee has at its meeting held today, i.e., 25th July, 2022, considered and approved the allotment of 42,76,56,421 Warrants to Euro Pacific Securities Ltd (a Vodafone Group enti"
22-Jul-2022 20:13:48,Outcome of Board Meeting,"Vodafone Idea Limited  has informed the Exchange about outcome of Board Meeting held on 22-Jul-2022, concerning Preferential Issue of  Warrants."
22-Jul-2022 20:01:42,Appointment,Vodafone Idea Limited  has informed the Exchange about appointment of Akshaya Moondra as Chief Executive Officer of the company w.e.f. 19-Aug-2022
15-Jul-2022 19:16:06,Extra Ordinary Meeting,Vodafone Idea Limited has informed the Exchange about Voting results and  Scrutinizer report of Extra Ordinary General Meeting held on 15-Jul-2022
15-Jul-2022 14:10:21,Extra Ordinary Meeting,Vodafone Idea Limited has informed the Exchange about  Proceedings of Extra Ordinary General Meeting held on 15-Jul-2022
12-Jul-2022 14:56:45,General updates,"Vodafone Idea Limited has informed the Exchange about Compliances - Certificate under Regulation 74(5) SEBI (Depositories & Participants)  Regulations, 2018 for the quarter ended 30 June 2022"
30-Jun-2022 16:30:47,Closure of trading window,Vodafone Idea Limited has informed the Exchange about Closure of trading window
24-Jun-2022 15:57:19,Newspaper Advertisements,"Further to our letter dated 23 June 2022, we are enclosing herewith copies of the newspaper advertisement published today with respect to completion of dispatch of notice of Extraordinary General Meet"
23-Jun-2022 18:52:07,Extra Ordinary Meeting,Vodafone Idea Limited has informed the Exchange about Notice of Extra Ordinary General Meeting to be held on 15-Jul-2022
23-Jun-2022 13:26:39,Newspaper Advertisements,"Vodafone Idea Limited has informed the Exchange about Newspaper Advertisement regarding Extraordinary General Meeting of the Company to be held on July 15, 2022,  through Video Conference (VC) / Other"
22-Jun-2022 22:48:36,General updates,Vodafone Idea Limited has informed the Exchange about Deferment of AGR Dues as per the attached communication.
22-Jun-2022 18:21:33,Outcome of Board Meeting,Vodafone Idea Limited  has informed the Exchange about Board Meeting held on 22-Jun-2022 to consider Fund raising
31-May-2022 18:08:05,News Verification,"IDEA : The Exchange has sought clarification from Vodafone Idea Limited with respect to recent news item captioned Vodafone Idea in talks with Amazon, PEs for Rs 20,000 cr investment.  The response fr"
31-May-2022 11:33:09,News Verification,"IDEA : The Exchange has sought clarification from Vodafone Idea Limited with respect to recent news item captioned Vodafone Idea in talks with Amazon, PEs for Rs 20,000 cr investment.  The response fr"
19-May-2022 16:21:56,General updates,Vodafone Idea Limited has informed the Exchange about Financial Results Updates.
18-May-2022 11:33:29,News Verification,IDEA : The Exchange has sought clarification from Vodafone Idea Limited with respect to recent news item captioned Vodafone shares jump 4% after UAE group buys 9.8% stake.  The response from the Compa
17-May-2022 21:40:35,Transcript of Analysts/Institutional Investor Meet/Con. Call,Vodafone Idea Limited has informed the Exchange about Transcript of Analysts/Institutional Investor Meet/Con. Call held on 11th May 2022 relating to the Company���s performance for the fourth quarter 
17-May-2022 18:14:35,News Verification,IDEA : The Exchange has sought clarification from Vodafone Idea Limited with respect to recent news item captioned Vodafone shares jump 4% after UAE group buys 9.8% stake.  The response from the Compa
17-May-2022 16:06:56,General updates,Please find enclosed herewith Secretarial Compliance Report for the financial year ended 31st March 2022
11-May-2022 20:24:41,Recording of Analysts/Institutional Investor Meet/Con. Call,Vodafone Idea Limited has informed the Exchange about Recording of Analysts/Institutional Investor Meet/Con. Call
10-May-2022 20:47:34,General updates,Vodafone Idea Limited has informed the Exchange about Quarterly Reports for Financial Year ended 31 March 2022
10-May-2022 19:11:34,Financial Result Updates,"Vodafone Idea Limited has submitted to the Exchange, the financial results for the period ended March 31, 2022."
10-May-2022 18:41:20,Related Party Transaction,Vodafone Idea Limited has informed the Exchange about related party transaction for the period ended March 2022
10-May-2022 18:13:56,Outcome of Board Meeting,Vodafone Idea Limited  has informed the Exchange about Board Meeting held on 10-May-2022 to consider financial statements for the period ended March 2022
04-May-2022 14:50:30,Schedule of Analysts/Institutional Investor Meet/Con. Call,"Vodafone Idea Limited has informed the Exchange about Schedule of Analysts/Institutional Investor Meet/Con. Call to be held on 11 May 2022, on the Company's performance for Fourth Quarter and Financia"
11-Apr-2022 17:09:06,General updates,"Vodafone Idea Limited has informed the Exchange about Compliance Certificate For The Financial Year Ended March 31, 2022"
11-Apr-2022 16:26:10,Disclosure under SEBI Takeover Regulations,Promoter/Promoter Group of Vodafone Idea Limited has submitted a disclosure under Regulation 31(4) of SEBI Takeover Regulations for the year ended 31-Mar-2022
11-Apr-2022 15:02:36,General updates,"Vodafone Idea Limited has informed the Exchange about Compliances-Certificate under Reg. 74 (5) of SEBI (DP) Regulations, 2018 for the quarter ended 31 March 2022."
11-Apr-2022 11:43:12,Disclosure under SEBI Takeover Regulations,Promoter/Promoter Group of Vodafone Idea Limited has submitted a disclosure under Regulation 31(4) of SEBI Takeover Regulations for the year ended 31-Mar-2022
08-Apr-2022 21:01:18,Disclosure under SEBI Takeover Regulations,Promoter/Promoter Group of Vodafone Idea Limited has submitted a disclosure under Regulation 31(4) of SEBI Takeover Regulations for the year ended 31-Mar-2022
31-Mar-2022 20:22:08,Closure of trading window,Vodafone Idea Limited has informed the Exchange about Closure of trading window
31-Mar-2022 13:06:33,Preferential Issue,"Vodafone Idea Limited has informed the Exchange about Preferential Issue - Allotment of 3,38,34,58,645 equity shares of Rs.10/- each for cash at an issue price of Rs.13.30 per equity share, aggregatin"
26-Mar-2022 21:42:46,Extra Ordinary Meeting,Vodafone Idea Limited has informed the Exchange about Voting results and  Scrutinizer report of Extra Ordinary General Meeting held on 26-Mar-2022
26-Mar-2022 16:48:20,Extra Ordinary Meeting,Vodafone Idea Limited has informed the Exchange about  Proceedings of Extra Ordinary General Meeting held on 26-Mar-2022
06-Mar-2022 21:34:50,Newspaper Advertisements,Vodafone Idea Limited has informed the Exchange about Newspaper Advertisements
06-Mar-2022 21:31:40,Newspaper Advertisements,Vodafone Idea Limited has informed the Exchange about Newspaper Advertisements
04-Mar-2022 18:15:50,Extra Ordinary Meeting,Vodafone Idea Limited has informed the Exchange about Notice of Extra Ordinary General Meeting to be held on 26-Mar-2022
04-Mar-2022 18:00:56,Newspaper Advertisements,Vodafone Idea Limited has informed the Exchange about Newspaper Advertisements concerning Extra-ordinary General Meeting to be held on 26 March 2022
04-Mar-2022 10:28:42,Outcome of Board Meeting,Vodafone Idea Limited  has informed the Exchange about Board Meeting held on 03-Mar-2022
04-Mar-2022 09:35:02,Resignation,Vodafone Idea Limited  has informed the Exchange about resignation of Mr. D. Bhattacharya as Non Executive - Non Independent Director of the company w.e.f. 02-Mar-2022
04-Mar-2022 09:34:13,Appointment,Vodafone Idea Limited  has informed the Exchange about appointment of Mr. K.K. Maheshwari as Non Executive - Non Independent Director of the company w.e.f. 03-Mar-2022
01-Feb-2022 20:02:07,Credit Rating,Vodafone Idea Limited has informed the Exchange about Credit Rating
21-Jan-2022 19:29:19,Updates,Vodafone Idea Limited has informed the Exchange regarding 'Quarterly Report On The Performance For The Third Quarter and Nine Months Ended 31 December 2021'.
21-Jan-2022 19:19:53,Financial Result Updates,"Vodafone Idea Limited has submitted to the Exchange, the financial results for the period ended December 31, 2021."
20-Jan-2022 12:58:20,"Certificate under SEBI (Depositories and Participants) Regulations, 2018","Vodafone Idea Limited has informed the Exchange about Certificate under SEBI (Depositories and Participants) Regulations, 2018"
20-Jan-2022 11:05:56,Analysts/Institutional Investor Meet/Con. Call Updates,Vodafone Idea Limited has informed the Exchange about Schedule of meet
18-Jan-2022 17:25:27,Reply to Clarification Sought,"IDEA: The Exchange had sought clarification from Vodafone Idea Limited with respect to announcement dated 11-Jan-2022, regarding company to exercise the option from Dot communication of converting the"
17-Jan-2022 13:46:00,News Verification,The Exchange has sought clarification from Vodafone Idea Limited with respect to recent news item captioned Vodafone Idea may tap FCCB route to raise $750 mn-$1 bn..  The response from the Company is 
14-Jan-2022 17:30:00,News Verification,The Exchange has sought clarification from Vodafone Idea Limited with respect to recent news item captioned Vodafone Idea may tap FCCB route to raise $750 mn-$1 bn..  The response from the Company is 
13-Jan-2022 13:13:53,Clarification,"IDEA: The Exchange has sought clarification from Vodafone Idea Limited with respect to announcement dated 11-Jan-2022, regarding company to��exercise the option from Dot communication of converting th"
12-Jan-2022 22:27:32,Analysts/Institutional Investor Meet/Con. Call Updates,Vodafone Idea Limited has informed the Exchange about Schedule of meet and Presentation
11-Jan-2022 08:05:01,Updates,Vodafone Idea Limited has informed the Exchange regarding 'Refer Attached Letter dated 11 Jan 2022'.
03-Jan-2022 10:16:39,Trading Window,"Vodafone Idea Limited has informed the Exchange regarding the Trading Window closure pursuant to SEBI (Prohibition of Insider Trading) Regulations, 2015"
15-Dec-2021 18:59:47,Updates,Vodafone Idea Limited has informed the Exchange regarding 'Reappointment of Independent Directors'.
06-Dec-2021 12:14:00,News Verification,"The Exchange has sought clarification from Vodafone Idea Limited with respect to recent news item captioned DoT starts returning bank guarantees to Airtel, Vodafone Idea: Report.  The response from th"
03-Dec-2021 15:43:00,News Verification,"The Exchange has sought clarification from Vodafone Idea Limited with respect to recent news item captioned DoT starts returning bank guarantees to Airtel, Vodafone Idea: Report.  The response from th"
29-Nov-2021 21:18:26,Investor Presentation,Vodafone Idea Limited has informed the Exchange about Investor Presentation
23-Nov-2021 11:46:26,Press Release,"Vodafone Idea Limited has informed the Exchange regarding a press release dated November 23, 2021, titled ""New Tariff Plans""."
17-Nov-2021 10:31:00,News Verification,The Exchange has sought clarification from Vodafone Idea Limited with respect to recent news item captioned Vodafone Idea may get SBI loan after India offers relief..  The response from the Company is
15-Nov-2021 19:33:38,Analysts/Institutional Investor Meet/Con. Call Updates,Vodafone Idea Limited has informed the Exchange about Schedule of meet
12-Nov-2021 15:22:35,Updates,Vodafone Idea Limited has informed the Exchange regarding 'Quarterly Report On The Performance For The Second Quarter and Half Year Ended 30 September 2021'.
12-Nov-2021 15:10:17,Financial Result Updates,"Vodafone Idea Limited has submitted to the Exchange, the financial results for the period ended September 30, 2021."
12-Nov-2021 14:35:00,News Verification,The Exchange has sought clarification from Vodafone Idea Limited with respect to recent news item captioned Vodafone Idea may get SBI loan after India offers relief..  The response from the Company is
10-Nov-2021 12:48:16,Analysts/Institutional Investor Meet/Con. Call Updates,Vodafone Idea Limited has informed the Exchange about Schedule of meet
29-Oct-2021 15:07:52,Updates,Vodafone Idea Limited has informed the Exchange regarding 'Deferment of AGR Dues'.
20-Oct-2021 14:33:53,Updates,"Vodafone Idea Limited has informed the Exchange regarding 'Disclosure Under Regulation 30 Of SEBI (Listing Obligations And Disclosure Requirements) Regulations, 2015 - Deferment Of Spectrum Auction In"
11-Oct-2021 15:25:03,"Certificate under SEBI (Depositories and Participants) Regulations, 2018","Vodafone Idea Limited has informed the Exchange about Certificate under SEBI (Depositories and Participants) Regulations, 2018 for the quarter ended 30 September 2021"
30-Sep-2021 23:06:24,Trading Window,"Vodafone Idea Limited has informed the Exchange regarding the Trading Window closure pursuant to SEBI (Prohibition of Insider Trading) Regulations, 2015"
30-Sep-2021 21:37:57,Shareholders meeting,"Vodafone Idea Limited has submitted the Exchange a copy Srutinizers report of  Annual General Meeting held on September 29, 2021. Further, the company has informed the Exchange regarding voting result"
30-Sep-2021 12:01:00,News Verification,"The Exchange has sought clarification from Vodafone Idea Limited with respect to recent news item captioned Revival plans: Promoters may invest Rs 10,000 crore in Vodafone Idea, says govt.  The respon"
29-Sep-2021 19:02:23,Shareholders meeting,"Vodafone Idea Limited has informed the Exchange regarding Proceedings of Annual General Meeting held on September 29, 2021"
28-Sep-2021 19:46:00,News Verification,"The Exchange has sought clarification from Vodafone Idea Limited with respect to recent news item captioned Revival plans: Promoters may invest Rs 10,000 crore in Vodafone Idea, says govt.  The respon"
15-Sep-2021 21:02:28,Press Release,"Vodafone Idea Limited has informed the Exchange regarding a press release dated September 15, 2021, titled ""Statements from Promoter Organisations of the Company""."
08-Sep-2021 15:11:04,Copy of Newspaper Publication,Vodafone Idea Limited has informed the Exchange about Copy of Newspaper Publication
05-Sep-2021 22:52:13,Copy of Newspaper Publication,Vodafone Idea Limited has informed the Exchange about Copy of Newspaper Publication
03-Sep-2021 23:18:44,Book Closure,Vodafone Idea Limited has informed the Exchange that Register of Members & Share Transfer Books of the Company will remain closed from 22-Sep-2021 to 29-Sep-2021 for the purpose of Meeting.
26-Aug-2021 22:38:29,Credit Rating,Vodafone Idea Limited has informed the Exchange about Credit Rating
15-Aug-2021 15:33:37,Updates,Vodafone Idea Limited has informed the Exchange regarding 'Re-appointment of Independent Directors'.
14-Aug-2021 19:36:36,Updates,Vodafone Idea Limited has informed the Exchange regarding 'Quarterly Report On The Performance For The First Quarter Ended 30 June 2021'.
14-Aug-2021 19:27:11,Financial Result Updates,"Vodafone Idea Limited has submitted to the Exchange, the financial results for the period ended June 30, 2021."
13-Aug-2021 20:59:31,Credit Rating,Vodafone Idea Limited has informed the Exchange about Credit Rating
11-Aug-2021 22:23:39,Analysts/Institutional Investor Meet/Con. Call Updates,Vodafone Idea Limited has informed the Exchange about Analysts/Institutional Investor Meet/Con. Call Updates
05-Aug-2021 15:38:00,News Verification,The Exchange has sought clarification from Vodafone Idea Limited with respect to recent news item captioned Voda Plc offers Vodafone Idea stake to lenders and BSNL for free.  The response from the Com
05-Aug-2021 14:05:00,News Verification,The Exchange has sought clarification from Vodafone Idea Limited with respect to recent news item captioned Birla tells govt he is willing to give up promoter stake in Vodafone Idea.  The response fro
05-Aug-2021 11:22:00,News Verification,The Exchange has sought clarification from Vodafone Idea Limited with respect to recent news item captioned Voda Plc offers Vodafone Idea stake to lenders and BSNL for free.  The response from the Com
04-Aug-2021 18:22:45,Change in Director(s),Vodafone Idea Limited has informed the Exchange regarding Change in Director(s) of the company.
04-Aug-2021 15:26:00,News Verification,The Exchange has sought clarification from Vodafone Idea Limited with respect to recent news item captioned Birla tells govt he is willing to give up promoter stake in Vodafone Idea.  The response fro
01-Aug-2021 23:11:15,Copy of Newspaper Publication,Vodafone Idea Limited has informed the Exchange about Copy of Newspaper Publication
01-Aug-2021 23:06:58,Copy of Newspaper Publication,Vodafone Idea Limited has informed the Exchange about Copy of Newspaper Publication
13-Jul-2021 19:00:00,News Verification,The Exchange has sought clarification from Vodafone Idea Limited with respect to recent news item captioned Vodafone Idea seeks to raise up to $3 billion from Apollo Global.  The response from the Com
12-Jul-2021 20:37:00,News Verification,The Exchange has sought clarification from Vodafone Idea Limited with respect to recent news item captioned Vodafone Idea seeks to raise up to $3 billion from Apollo Global.  The response from the Com
12-Jul-2021 12:27:00,News Verification,The Exchange has sought clarification from Vodafone Idea Limited with respect to recent news item captioned Vodafone Idea looking to sell data center business and land meant for data centers.  The res
12-Jul-2021 12:27:00,News Verification,The Exchange has sought clarification from Vodafone Idea Limited with respect to recent news item captioned Cash-strapped Vodafone Idea looks to monetise assets to raise $1 billion.  The response from
10-Jul-2021 15:32:24,Related Party Transactions,Vodafone Idea Limited has informed the Exchange about related Party Transactions for the year ended 31 March 2021
08-Jul-2021 20:16:53,"Certificate under SEBI (Depositories and Participants) Regulations, 2018","Vodafone Idea Limited has informed the Exchange about Certificate under SEBI (Depositories and Participants) Regulations, 2018 for the quarter ended 30 June 2021"
07-Jul-2021 16:39:00,News Verification,"The Exchange has sought clarification from Vodafone Idea Limited with respect to recent news item captioned ""Vodafone Idea looking to sell data center business and land meant for data centers.""�� The "
07-Jul-2021 16:38:00,News Verification,"The Exchange has sought clarification from Vodafone Idea Limited with respect to recent news item captioned ""Cash-strapped Vodafone Idea looks to monetise assets to raise $1 billion.""�� The response f"
01-Jul-2021 09:11:45,Trading Window,"Vodafone Idea Limited has informed the Exchange regarding the Trading Window closure pursuant to SEBI (Prohibition of Insider Trading) Regulations, 2015"
30-Jun-2021 20:53:43,Analysts/Institutional Investor Meet/Con. Call Updates,Vodafone Idea Limited has informed the Exchange about Analysts/Institutional Investor Meet/Con. Call Updates
30-Jun-2021 20:48:32,Updates,Vodafone Idea Limited has informed the Exchange regarding 'Quarterly Report On The Performance For The Fourth Quarter And Financial Year Ended 31 March 2021'.
30-Jun-2021 20:40:30,Press Release,"Vodafone Idea Limited has informed the Exchange regarding a press release dated Jun 30, 2021, titled ""Press Release for fourth quarter and financial year ended 31st March 2021 ""."
30-Jun-2021 20:18:57,Financial Result Updates,"Vodafone Idea Limited has submitted to the Exchange, the financial results for the period ended March 31, 2021."
23-Apr-2021 18:22:19,Disclosure under SEBI Takeover Regulations,"Promoter/Member of the Promoter Group of the Company has informed the Exchange regarding disclosure under Regulation 30 and Regulation 31(4) of SEBI SAST Regulations 2011��as at March 31, 2021."
22-Apr-2021 18:49:24,"Certificate under SEBI (Depositories and Participants) Regulations, 2018","Vodafone Idea Limited has informed the Exchange about Certificate under SEBI (Depositories and Participants) Regulations, 2018 received from the Registrar and Share Transfer Agent for quarter ended 31"
15-Apr-2021 12:55:00,News Verification,The Exchange has sought clarification from Vodafone Idea Limited with respect to recent news item captioned DoT issues show-cause notice to Vodafone Idea for non-payment of license fee in seven circle
14-Apr-2021 09:04:17,Annual Disclosure,"Vodafone Idea Limited has submitted to the Exchange Annual Disclosure as per SEBI Circular dated November 26, 2018."
09-Apr-2021 17:07:00,News Verification,The Exchange has sought clarification from Vodafone Idea Limited with respect to recent news item captioned DoT issues show-cause notice to Vodafone Idea for non-payment of license fee in seven circle
08-Apr-2021 11:45:21,Press Release,"Vodafone Idea Limited has informed the Exchange regarding a press release dated April 08, 2021, titled ""Launch of Integrated IoT solutions ""."
06-Apr-2021 07:43:30,Disclosure under SEBI Takeover Regulations,"Promoter/Member of the Promoter Group of the Company has informed the Exchange regarding disclosure under Regulation 30 and Regulation 31(4) of SEBI SAST Regulations 2011 as on March 31, 2021"
31-Mar-2021 21:16:49,Trading Window,"Vodafone Idea Limited has informed the Exchange regarding the Trading Window closure pursuant to SEBI (Prohibition of Insider Trading) Regulations, 2015"
02-Mar-2021 14:47:06,Updates,Vodafone Idea Limited has informed the Exchange regarding 'Auction of Spectrum'.
24-Feb-2021 19:01:59,Change in Director(s),Vodafone Idea Limited has informed the Exchange regarding Change in Director(s) of the company.
13-Feb-2021 17:03:02,Updates,Vodafone Idea Limited has informed the Exchange regarding 'Quarterly Report on the performance of the Company for third quarter ended 31 December 2020.'.
13-Feb-2021 16:03:52,Financial Result Updates,"Vodafone Idea Limited has submitted to the Exchange, the financial results for the period ended December 31, 2020."
10-Feb-2021 16:41:59,Analysts/Institutional Investor Meet/Con. Call Updates,Vodafone Idea Limited has informed the Exchange about Analysts/Institutional Investor Meet/Con. Call Updates to be held on 15 February 2021 on the Company's performance for third quarter ended Decembe
14-Jan-2021 12:43:15,"Certificate under SEBI (Depositories and Participants) Regulations, 2018","Vodafone Idea Limited has informed the Exchange about Certificate under SEBI (Depositories and Participants) Regulations, 2018 for the quarter ended 31 December 2020"
30-Dec-2020 16:14:12,Trading Window,"Vodafone Idea Limited has informed the Exchange regarding the Trading Window closure pursuant to SEBI (Prohibition of Insider Trading) Regulations, 2015"
30-Nov-2020 15:13:08,Related Party Transactions,Vodafone Idea Limited has informed the Exchange about related Party Transactions for the half year ended 30 September 2020
19-Nov-2020 21:18:31,Updates,Vodafone Idea Limited has informed the Exchange regarding 'Update On Bharti Infratel And Indus Towers Merger'.
11-Nov-2020 11:48:22,Analysts/Institutional Investor Meet/Con. Call Updates,Vodafone Idea Limited has informed the Exchange about Analysts/Institutional Investor Meet/Con. Call Updates
29-Oct-2020 23:08:34,Updates,"Vodafone Idea Limited has informed the Exchange regarding 'Certificate pursuant to Regulation 52(5) of SEBI (LODR) Regulations, 2015, issued by IDBI Trusteeship Services Limited, Debenture Trustee for"
29-Oct-2020 18:41:18,Updates,Vodafone Idea Limited has informed the Exchange regarding 'Quarterly Report On The Performance For Second Quarter and Half Year Ended 30 September 2020'.
29-Oct-2020 18:27:16,Financial Result Updates,"Vodafone Idea Limited has submitted to the Exchange, the financial results for the period ended September 30, 2020."
27-Oct-2020 18:06:00,"Certificate under SEBI (Depositories and Participants) Regulations, 2018","Vodafone Idea Limited has informed the Exchange about Certificate under SEBI (Depositories and Participants) Regulations, 2018"
26-Oct-2020 21:06:16,Analysts/Institutional Investor Meet/Con. Call Updates,Vodafone Idea Limited has informed the Exchange about Analysts/Institutional Investor Meet/Con. Call Updates
01-Oct-2020 18:51:05,Trading Window,"Vodafone Idea Limited has informed the Exchange regarding the Trading Window closure pursuant to SEBI (Prohibition of Insider Trading) Regulations, 2015"
01-Oct-2020 18:46:43,Amendment to AOA/MOA,Vodafone Idea Limited has informed the Exchange regarding the Amendment to AOA/MOA of the company.
01-Oct-2020 18:40:43,Shareholders meeting,"Vodafone Idea Limited has submitted the Exchange a copy Srutinizers report of  Annual General Meeting held on September 30, 2020. Further, the company has informed the Exchange regarding voting result"
30-Sep-2020 16:35:55,Shareholders meeting,"Vodafone Idea Limited has informed the Exchange regarding Proceedings of Annual General Meeting held on September 30, 2020"
16-Sep-2020 22:14:25,Investor Presentation,Vodafone Idea Limited has informed the Exchange about Corporate Presentation being uploaded on Company's Website
09-Sep-2020 14:12:11,Analysts/Institutional Investor Meet/Con. Call Updates,Vodafone Idea Limited has informed the Exchange about Analysts/Institutional Investor Meetings
08-Sep-2020 22:19:39,Copy of Newspaper Publication,"Vodafone Idea Limited has informed the Exchange about Copy of Newspaper Publication regarding the Notice of 25th Annual General Meeting of the Company, Book Closure, Information on E-voting and other "
08-Sep-2020 13:20:42,Book Closure,Vodafone Idea Limited has informed the Exchange that Register of Members & Share Transfer Books of the Company will remain closed from 23-Sep-2020 to 30-Sep-2020 for the purpose of Meeting.
07-Sep-2020 12:05:15,Press Release,"Vodafone Idea Limited has informed the Exchange regarding a press release dated September 07, 2020, titled ""Launch of New Brand -  Vodafone and Idea Brands are now  Vi  ""."
04-Sep-2020 22:51:32,Copy of Newspaper Publication,Vodafone Idea Limited has informed the Exchange about Copy of Newspaper Publication Newspaper Advertisement regarding the 25th Annual General Meeting of the Company to be held on 30th September 2020 t
04-Sep-2020 18:55:13,Outcome of Board Meeting,"Further to our intimation dated 1 September 2020, and pursuant to Regulation 30 of the SEBI LODR Regulations, we wish to inform you that the Board of Directors of the Company, at its meeting held toda"
03-Sep-2020 22:32:07,Shareholders meeting,"Vodafone Idea Limited has informed the Exchange regarding Notice of Annual General Meeting to be held on September 30, 2020"
03-Sep-2020 20:22:00,News Verification,"The Exchange has sought clarification from Vodafone Idea Limited with respect to recent news item captioned ""Verizon, Amazon may invest over $4 billion in Vodafone Idea: Report."" The response from the"
03-Sep-2020 15:16:00,News Verification,"The Exchange has sought clarification from Vodafone Idea Limited with respect to recent news item captioned Verizon, Amazon may invest over $4 billion in Vodafone Idea: Report.  The response from the "
02-Sep-2020 22:24:53,Updates,Vodafone Idea Limited has informed the Exchange regarding 'Update on AGR Matter'.
01-Sep-2020 09:59:08,Updates,Vodafone Idea Limited has informed the Exchange regarding 'Update on Bharti Infratel and Indus Towers Merger '.
28-Aug-2020 22:42:45,Copy of Newspaper Publication,Vodafone Idea Limited has informed the Exchange about Copy of Newspaper Publication pertaining to Notice of transfer of equity shares of the Company to Investor Education and Protection Fund (IEPF)
24-Aug-2020 23:31:57,Credit Rating,Vodafone Idea Limited has informed the Exchange about Credit Rating revision by CARE
06-Aug-2020 17:05:58,Updates,"Vodafone Idea Limited has informed the Exchange regarding 'Pursuant to Regulation 30 and other applicable provisions of SEBI (LODR) Regulations, 2015, enclosing herewith the quarterly report on the pe"
06-Aug-2020 16:37:05,Financial Result Updates,"Vodafone Idea Limited has submitted to the Exchange, the financial results for the period ended June 30, 2020."
24-Jul-2020 21:00:00,Related Party Transactions,The Company has informed the exchange regarding the compliance under Reg 23(9) of SEBI LODR Regulations 2015 on related party transactions for the year ended 31 March 2020
18-Jul-2020 16:34:00,Updates,Vodafone Idea Limited has informed the Exchange regarding 'AGR Matter Update'.
02-Jul-2020 12:52:00,Trading Window,"Vodafone Idea Limited has informed the Exchange regarding the Trading Window closure pursuant to SEBI (Prohibition of Insider Trading) Regulations, 2015"
01-Jul-2020 00:24:00,Monitoring Agency Report,Enclosing the Monitoring Agency Report for the Quarter Ended 31 March 2020
01-Jul-2020 00:16:00,Updates,"Vodafone Idea Limited has informed the Exchange regarding 'Pursuant to Regulation 30 and other applicable provisions of SEBI (LODR) Regulations, 2015, enclosing herewith the quarterly report on the pe"
01-Jul-2020 00:05:04,Financial Result Updates,"Vodafone Idea Limited has submitted to the Exchange, the financial results for the period ended March 31, 2020."
24-Jun-2020 23:35:00,Updates,Vodafone Idea Limited has informed the Exchange regarding 'Update on stake in Indus Towers Limited'.
03-Jun-2020 19:24:00,Disclosure under SEBI Takeover Regulations,Promoters of Vodafone Idea Limited has informed the Exchange regarding the disclosure pursuant to the provisions of Regulation 30 & 31(4) of the SEBI (Substantial Acquisition of Shares and Takeovers) 
02-Jun-2020 18:19:00,Disclosure under SEBI Takeover Regulations,"Promoters of Vodafone Idea Limited has informed the Exchange regarding disclosure under regulation 30(2) and 31(4) of SEBI (SAST) Regulations, 2011"
29-May-2020 14:38:00,News Verification,The Exchange has sought clarification from Vodafone Idea Limited with respect to recent news item captioned US internet giant Google eyes stake in Vodafone Idea.  The response from the Company is atta
29-May-2020 09:48:00,News Verification,The Exchange has sought clarification from Vodafone Idea Limited with respect to recent news item captioned US internet giant Google eyes stake in Vodafone Idea.  The response from the Company is awai
24-Apr-2020 13:00:00,Updates,Vodafone Idea Limited has informed the Exchange regarding 'Update on stake in Indus Towers Limited'.
31-Mar-2020 20:47:00,Trading Window,"Vodafone Idea Limited has informed the Exchange regarding the Trading Window closure pursuant to SEBI (Prohibition of Insider Trading) Regulations, 2015"
19-Mar-2020 19:06:00,Updates,Vodafone Idea Limited has informed the Exchange regarding 'Update on AGR Matter'.
16-Mar-2020 11:56:00,Updates,Vodafone Idea Limited has informed the Exchange regarding 'AGR Matter update'.
06-Mar-2020 13:41:00,Updates,Vodafone Idea Limited has informed the Exchange regarding 'Update on AGR Matter'- The Company has today filed its self-assessment of the AGR liabilities with the Department of Telecommunications.
04-Mar-2020 14:08:00,Scheme of Arrangement,Sanction of Scheme of Amalgamation of Vodafone India Digital Limited and Idea Telesystems Limited (wholly owned subsidiaries of the Company) with the Company
24-Feb-2020 19:32:00,Updates,Vodafone Idea Limited has informed the Exchange regarding 'Update on equity stake in Indus Towers'.
20-Feb-2020 12:25:00,Credit Rating,Vodafone Idea Limited has informed the Exchange regarding Credit Rating revision by Crisil
19-Feb-2020 19:17:00,Credit Rating,Vodafone Idea Limited has informed the Exchange regarding Credit Rating by Brickworks
19-Feb-2020 16:23:00,Price movement,"Significant movement in price has been observed in Vodafone Idea Limited. The Exchange, in order to ensure that investors have latest relevant information about the company and to inform the market pl"
19-Feb-2020 13:43:00,Price movement,"Significant movement in price has been observed in Vodafone Idea Limited. The Exchange, in order to ensure that investors have latest relevant information about the company and to inform the market pl"
18-Feb-2020 14:27:00,Credit Rating,Vodafone Idea Limited has informed the Exchange regarding Credit Rating revision by India Ratings
17-Feb-2020 19:50:00,Credit Rating,Vodafone Idea Limited has informed the Exchange regarding Credit Rating revision by CARE
17-Feb-2020 19:09:00,Updates,Vodafone Idea Limited has informed the Exchange regarding 'AGR Matter Update'.
15-Feb-2020 16:49:00,Updates,Vodafone Idea Limited has informed the Exchange regarding 'Announcement under Regulation 30 (LODR) - AGR Matter Update'.
13-Feb-2020 20:09:00,Analysts/Institutional Investor Meet/Con. Call Updates,"Vodafone Idea Limited has informed the Exchange regarding Analysts/Institutional Investor Meet/Con. Call Updates for 14 February 2020, has been postponed. The new date of the call shall be intimated s"
13-Feb-2020 19:56:00,Monitoring Agency Report,"Vodafone Idea Limited has informed the Stock Exchange regarding the Monitoring agency report for the quarter ended December 31, 2019."
13-Feb-2020 19:52:03,Financial Result Updates,"Vodafone Idea Limited has submitted to the Exchange, the financial results for the period ended December 31, 2019."
13-Feb-2020 19:20:00,Updates,Vodafone Idea Limited has informed the Exchange regarding 'Quarterly Report for third quarter and nine months ended 31 December 2019'.
13-Feb-2020 18:38:00,Outcome of Board Meeting,"Vodafone Idea Limited has informed the Exchange regarding  Board meeting held on February 13, 2020 for the approval of financial results for quarter ended 31 December 2019"
11-Feb-2020 13:14:00,Analysts/Institutional Investor Meet/Con. Call Updates,"Vodafone Idea Limited has informed the Exchange regarding Analysts/Institutional Investor Meet/Con. Call Updates on 14 February, 2020"
24-Jan-2020 22:37:00,Credit Rating,Vodafone Idea Limited has informed the Exchange regarding Credit Rating revision by Crisil
24-Jan-2020 19:53:00,Credit Rating,Vodafone Idea Limited has informed the Exchange regarding Credit Rating by India Ratings
21-Jan-2020 17:25:00,Updates,Vodafone Idea Limited has informed the Exchange regarding 'AGR Matter Update'.An application filed for modification of the supplemental order was mentioned before the Hon'ble Supreme Court today. The 
16-Jan-2020 20:32:00,Updates,"Vodafone Idea Limited has informed the Exchange regarding 'AGR Update'.Further to our communications dated 24 October 2019, 25 October 2019 and 26 October 2019 on the captioned subject, we wish to inf"
12-Jan-2020 23:09:00,Utilisation of Funds,"Vodafone Idea Limited has informed the Exchange about Utilisation of Funds - Board has approved modification for utilization of Rights Issue proceeds for an amount of Rs. 28,261 million"
24-Dec-2019 21:12:00,Updates,Vodafone Idea Limited has informed the Exchange regarding 'Update on equity stake in Indus Towers'.
12-Dec-2019 11:54:00,News Verification,"The Exchange has sought clarification from Vodafone Idea Limited with respect to recent news item captioned Vodafone Idea to sell some assets to Brookfield, Edelweiss: Report.  The response from the C"
11-Dec-2019 15:57:00,Related Party Transactions,Vodafone Idea Limited has informed the Exchange that The Company has informed the exchange regarding the compliance under Reg 23(9) of SEBI LODR Regulations 2015 on related party transactions for half
11-Dec-2019 11:06:00,News Verification,"The Exchange has sought clarification from Vodafone Idea Limited with respect to recent news item captioned Vodafone Idea to sell some assets to Brookfield, Edelweiss: Report.  The response from the C"
11-Dec-2019 10:11:00,News Verification,"The Exchange has sought clarification from Vodafone Idea Limited with respect to recent news item captioned Vodafone Idea will shut in absence of govt relief, says Chairman Kumar Mangalam Birla.  The "
06-Dec-2019 14:02:00,News Verification,"The Exchange has sought clarification from Vodafone Idea Limited with respect to recent news item captioned Vodafone Idea will shut in absence of govt relief, says Chairman Kumar Mangalam Birla.  The "
05-Dec-2019 15:24:00,Credit Rating,Vodafone Idea Limited has informed the Exchange regarding Credit Rating Revision by Brickwork Ratings.
05-Dec-2019 15:17:00,Credit Rating,Vodafone Idea Limited has informed the Exchange regarding Disclosure under Regulation 30 - Revision in Credit Rating.
01-Dec-2019 20:11:00,Press Release,"Vodafone Idea Limited has informed the Exchange regarding a press release dated December 01, 2019, titled ""New Prepaid Tariffs""."
22-Nov-2019 19:54:00,Credit Rating,Vodafone Idea Limited has informed the Exchange regarding Credit Rating revision by CRISIL
22-Nov-2019 19:40:00,Credit Rating,Vodafone Idea Limited has informed the Exchange regarding Credit Rating Revision by CARE
18-Nov-2019 20:40:00,Press Release,"Vodafone Idea Limited has informed the Exchange regarding a press release dated November 18, 2019, titled ""Media Release    Increase in Tariffs ""."
15-Nov-2019 15:49:00,Updates,"Vodafone Idea Limited has informed the Exchange regarding 'Certificate pursuant to Regulation 52(5) of SEBI (LODR) Regulations, 2015, issued by IDBI Trusteeship Services Limited, Debenture Trustee for"
14-Nov-2019 19:58:00,Monitoring Agency Report,"Vodafone Idea Limited has informed the exchange regarding the monitoring agency report for the quarter and half year ended September 30, 2019."
14-Nov-2019 19:48:00,Updates,Vodafone Idea Limited has informed the Exchange regarding 'Quarterly report on the results for the second quarter and half year ended September 30 2019.'.
14-Nov-2019 19:40:35,Financial Result Updates,"Vodafone Idea Limited has submitted to the Exchange, the financial results for the period ended September 30, 2019."
14-Nov-2019 10:51:00,News Verification,The Exchange has sought clarification from Vodafone Idea Limited with respect to recent news item captioned Vodafone Idea cracks 22% as AB Group unlikely to bring in fresh capital.  The response from 
13-Nov-2019 11:57:00,Analysts/Institutional Investor Meet/Con. Call Updates,"Vodafone Idea Limited has informed the Exchange regarding Analysts/Institutional Investor Meet/Con. Call Updates on 15 November, 2019 for Q2FY20 Results."
08-Nov-2019 21:05:00,Credit Rating,Vodafone Idea Limited has informed the Exchange regarding Credit Rating Revision by Brickwork Ratings
01-Nov-2019 22:00:00,Credit Rating,Vodafone Idea Limited has informed the Exchange regarding Credit Rating Revision by CRISIL
01-Nov-2019 18:55:00,Credit Rating,Vodafone Idea Limited has informed the Exchange regarding Credit Rating Revision by India Ratings and Research
31-Oct-2019 16:58:00,News Verification,The Exchange has sought clarification from Vodafone Idea Limited with respect to recent news item captioned Vodafone may exit India as losses mount and Firm tells lenders it won t be able to honour co
31-Oct-2019 11:57:00,News Verification,The Exchange has sought clarification from Vodafone Idea Limited with respect to recent news item captioned Vodafone may exit India as losses mount and Firm tells lenders it won t be able to honour co
30-Oct-2019 20:03:00,Credit Rating,Vodafone Idea Limited has informed the Exchange regarding Credit Rating Revision
26-Oct-2019 14:10:00,Updates,Vodafone Idea Limited has informed the Exchange regarding 'Update on equity stake in Indus Towers'.
26-Oct-2019 14:08:00,Updates,Vodafone Idea Limited has informed the Exchange regarding 'Further update on AGR matter'.
25-Oct-2019 15:57:00,Updates,Vodafone Idea Limited has informed the Exchange regarding 'Update on Supreme Court judgement on AGR matter'.
24-Oct-2019 17:09:00,Price movement,"Significant movement in price has been observed in Vodafone Idea Limited. The Exchange, in order to ensure that investors have latest relevant information about the company and to inform the market pl"
24-Oct-2019 17:01:00,Press Release,"Vodafone Idea Limited has informed the Exchange regarding a press release dated October 24, 2019, titled ""Media Statement on AGR matter""."
24-Oct-2019 15:47:00,Price movement,"Significant movement in price has been observed in Vodafone Idea Limited. The Exchange, in order to ensure that investors have latest relevant information about the company and to inform the market pl"
16-Oct-2019 14:13:00,Scheme of Arrangement,"Sanction of Scheme of Arrangement between the Company and its wholly owned subsidiary Vodafone Towers Limited (VTL), for transfer of Fiber Infrastructure Undertaking of the Company to VTL, by way of d"
07-Oct-2019 16:52:00,Disclosure under SEBI Takeover Regulations,"��Al-Amin Investments Ltd & Others��has informed the Exchange regarding reason for encumbrance vide letter dated October 04, 2019 under SEBI ( SAST) Regulations, 2011."
27-Aug-2019 23:58:00,Shareholders meeting,"Vodafone Idea Limited has informed the Exchange regarding Proceedings of Annual General Meeting held on August 27, 2019. Further, the company has submitted the Exchange a copy of Srutinizers report al"
20-Aug-2019 10:58:00,Reply to Clarification- Financial results,The Exchange had sought clarification from Vodafone Idea Limited for the quarter ended 30-Jun-2019 with respect to Regulation 33 of the SEBI (Listing Obligations and Disclosure Requirements) Regulatio
19-Aug-2019 17:27:00,Press Release,"Vodafone Idea Limited has informed the Exchange regarding a press release dated August 19, 2019, titled ""Vodafone Idea Limited:Organization Announcement""."
19-Aug-2019 17:25:00,Change in Management,Vodafone Idea Limited has informed the Exchange regarding Intimation under Regulation 30-Changes in Key managerial Personnel.
14-Aug-2019 21:04:00,Clarification - Financial Results,The Exchange has sought clarification from Vodafone Idea Limited for the quarter ended 30-Jun-2019 with respect to Regulation 33 of the SEBI (Listing Obligations and Disclosure Requirements) Regulatio
08-Aug-2019 20:44:00,Credit Rating,Vodafone Idea Limited has informed the Exchange regarding Credit Rating revision
06-Aug-2019 19:48:00,Credit Rating,Vodafone Idea Limited has informed the Exchange regarding Credit Rating Revision on NCDs
05-Aug-2019 17:31:00,Updates,"Vodafone Idea Limited has informed the Exchange regarding 'Undertaking under Regulation 57(2) of SEBI (LODR) Regulations, 2015'."
05-Aug-2019 17:20:00,Updates,Vodafone Idea Limited has informed the Exchange regarding 'Newspaper Advertisement regarding the 24th Annual General meeting'.
05-Aug-2019 09:59:00,AGM/Book Closure,"Vodafone Idea Limited has informed the Exchange that the Register of Members and Share Transfer Books of the Company will remain closed from August 20, 2019 to August 27, 2019  ( Both days inclusive) "
02-Aug-2019 22:45:00,Shareholders meeting,"Vodafone Idea Limited has informed the Exchange regarding Notice of Annual General Meeting to be held on August 27, 2019"
02-Aug-2019 18:58:00,Shareholders meeting,"Vodafone Idea Limited has informed the Exchange regarding Notice of Annual General Meeting to be held on August 27, 2019"
01-Aug-2019 16:53:00,Monitoring Agency Report,"Vodafone Idea Limited has informed the Exchange regarding monitoring agency report for the quarter ended June 30, 2019."
26-Jul-2019 17:10:00,Updates,Vodafone Idea Limited has informed the Exchange regarding 'Un-audited Financial Results for the quarter ended 30 June 2019'.
26-Jul-2019 16:58:00,Outcome of Board Meeting,"Vodafone Idea Limited has informed the Exchange regarding  Board meeting held on July 26, 2019."
26-Jul-2019 16:50:23,Financial Result Updates,"Vodafone Idea Limited has submitted to the Exchange, the financial results for the period ended June 30, 2019."
25-Jul-2019 10:46:00,Analysts/Institutional Investor Meet/Con. Call Updates,Vodafone Idea Limited has informed the Exchange regarding Analysts/Institutional Investor Meet/Con. Call Updates to be held for Q1F20 on 29 July 2019
23-Jul-2019 10:42:00,Clarification,"IDEA:The Exchange has sought clarification from Vodafone Idea Limited with respect to announcement dated 10-Jun-2019, regarding Credit Rating revision"". On basis of above the Company is required to cl"
19-Jul-2019 22:46:00,Updates,Vodafone Idea Limited has informed the Exchange regarding 'Update on Payments Bank'.
16-Jul-2019 20:15:00,Credit Rating,Vodafone Idea Limited has informed the Exchange regarding Credit Rating revision
08-Jul-2019 20:24:00,Amalgamation/Merger,"Intimation under Regulation 37(6) of SEBI (Listing Obligations and Disclosure Requirements), 2015 - Scheme of Amalgamation with wholly owned subsidiaries"
11-Jun-2019 18:54:00,Related Party Transactions,Vodafone Idea Limited has informed the Exchange regarding Related Party Transactions for the year ended 31 March 2019
10-Jun-2019 19:17:00,Credit Rating,Vodafone Idea Limited has informed the Exchange regarding Credit Rating revision
08-Jun-2019 12:21:00,Shareholders meeting,Vodafone Idea Limited has informed the exchange regarding the results of the Creditors meeting held on 06 June 2019
08-Jun-2019 00:26:00,Shareholders meeting,"Vodafone Idea Limited has submitted the Exchange a copy Srutinizers report of  Court Convened General Meeting held on Jun 06, 2019. Further, the company has informed the Exchange regarding voting resu"
07-Jun-2019 15:06:00,Shareholders meeting,"Vodafone Idea Limited has informed the Exchange regarding Proceedings of Court Convened General Meeting held on Jun 06, 2019"
14-May-2019 18:08:00,Amalgamation/Merger,"The Board of Directors of Vodafone Idea Limited at its meeting held on May 13, 2019, has considered and approved a Scheme of Amalgamation of Vodafone India Digital Limited and Idea Telesystems Limited"
13-May-2019 19:47:20,Financial Result Updates,"Vodafone Idea Limited has submitted to the Exchange, the financial results for the period ended March 31, 2019."
13-May-2019 19:09:00,Financial Results Updates,Vodafone Idea Limited has informed the Exchange regarding Quarterly Report on Q4 and FY 2018-19
13-May-2019 18:43:00,Outcome of Board Meeting,"Vodafone Idea Limited has informed the Exchange regarding  Board meeting held on May 13, 2019 for financial results of the Company for fourth quarter and financial year ended 31 March 2019"
10-May-2019 09:31:00,Disclosure under SEBI Takeover Regulations,Grasim Industries Limited (on behalf of itself and other acquirers) has submitted to the Exchange a copy of Disclosure under Regulation 10(6) of SEBI (Substantial Acquisition of Shares and Takeovers) 
09-May-2019 12:01:00,Analysts/Institutional Investor Meet/Con. Call Updates,Vodafone Idea Limited has informed the Exchange regarding Analysts/Institutional Investor Meet/Con. Call Updates on 14 May 2019 for Fourth quarter and financial year ended 31 March 2019
07-May-2019 20:36:00,Updates,"Vodafone Idea Limited has informed the Exchange regarding 'Newspaper Advertisement concerning Notices of the NCLT Convened Meeting(s) of the Equity Shareholders, Secured Creditors and Unsecured Credit"
05-May-2019 13:15:00,Allotment of Securities,"Vodafone Idea Limited has informed the Exchange regarding allotment of 19999830911 securities pursuant to Rights Issue at its meeting held on May 04, 2019  at a price of Rs.12.50 per Rights Equity Sha"
04-May-2019 14:51:00,Shareholders meeting,"Vodafone Idea Limited has informed the Exchange regarding Notice of Court Convened General Meeting to be held on Jun 06, 2019"
25-Apr-2019 16:49:00,Disc. under Reg.30 of SEBI (SAST) Reg.2011,"The Promoter along with PAC has submitted to the Exchange a copy of Annual Disclosure under Regulation 30(2) of SEBI (Substantial Acquisition of Shares and Takeovers), Regulations, 2011 as on March 31"
25-Apr-2019 10:36:00,Press Release,"Vodafone Idea Limited has informed the Exchange regarding a press release dated April 25, 2019, titled ""Update on Vodafone Idea Limited's Rights Issue of upto INR 25,000 crore""."
12-Apr-2019 21:27:00,Trading Window,"Vodafone Idea Limited has informed the Exchange regarding the Trading Window closure pursuant to SEBI (Prohibition of Insider Trading) Regulations, 2015Promoters to raise their participation in the Ri"
11-Apr-2019 13:51:00,News Clarification,"��The Exchange had sought clarification from the Company with respect to news item captioned- ""Vodafone Idea expects Indus Tower stake sale in 3-4 months for Rs.??5500 crore"". In this regard, you are "
10-Apr-2019 17:22:00,News Clarification,"The Exchange has sought clarification from the Company with respect to news item captioned- ""Vodafone Idea expects Indus Tower stake sale in 3-4 months for Rs.��5500 crore"". In this regard, you are ad"
09-Apr-2019 17:21:00,Press Release,"Vodafone Idea Limited has informed the Exchange regarding a press release dated April 09, 2019, titled ""Vodafone Idea Limited: Rs. 250 Billion rights issue to open on April 10, 2019 and close on April"
04-Apr-2019 11:23:00,Reply to Clarification Sought,":The Exchange had sought clarification from Vodafone Idea Limited with respect to announcement dated 15-Mar-2019, regarding "" Vodafone Idea Limited has informed the Exchange regarding Credit Rating re"
04-Apr-2019 00:03:00,Trading Window,"Vodafone Idea Limited has informed the Exchange regarding the Trading Window closure pursuant to SEBI (Prohibition of Insider Trading) Regulations, 2015"
03-Apr-2019 14:57:00,News Clarification,"The Exchange had sought clarification from the Company with respect to news item captioned- "" SC issues notice to Voda Airtel"". In this regard, you are advised to provide clarification/confirmation on"
01-Apr-2019 16:59:00,News Clarification,"The Exchange has sought clarification from the Company with respect to news item captioned- "" SC issues notice to Voda Airtel"". In this regard, you are advised to provide clarification/confirmation on"
26-Mar-2019 12:44:00,Clarification,"IDEA:The Exchange has sought clarification from Vodafone Idea Limited with respect to announcement dated 15-Mar-2019, regarding "" Vodafone Idea Limited has informed the Exchange regarding Credit Ratin"
20-Mar-2019 15:58:00,Record Date,"Vodafone Idea Limited has informed the Exchange that the Company has fixed Record Date as April 2, 2019 for the purpose of determining the shareholders who will be eligible to apply for the Issue."
20-Mar-2019 13:45:00,Press Release,"Vodafone Idea Limited has informed the Exchange regarding a press release dated March 20, 2019, titled ""Rights Issue aggregating upto Rs. 25000 crore""."
20-Mar-2019 12:11:00,Rights Issue,"Vodafone Idea Limited has informed the Exchange that Board of Directors at its meeting held on March 20, 2019, has decided to issue equity shares on rights basis in the ratio of 87 : 38, i.e 87 Equity"
15-Mar-2019 16:24:00,Credit Rating,Vodafone Idea Limited has informed the Exchange regarding Credit Rating revision
14-Mar-2019 13:59:00,Analysts/Institutional Investor Meet/Con. Call Updates,Vodafone Idea Limited has informed the Exchange regarding Analysts/Institutional Investor Meet/Con. Call Updates
04-Mar-2019 16:13:00,Analysts/Institutional Investor Meet/Con. Call Updates,Vodafone Idea Limited has informed the Exchange regarding Analysts/Institutional Investor Meet/Con. Call Updates
01-Mar-2019 16:17:00,Allotment of ESOP/ESPS,Vodafone Idea Limited has informed the Exchange regarding allotment of  84337 Equity Shares under ESOP
26-Feb-2019 13:17:00,Analysts/Institutional Investor Meet/Con. Call Updates,Vodafone Idea Limited has informed the Exchange regarding Analysts/Institutional Investor Meet/Con. Call Updates
26-Feb-2019 13:11:00,Investor Presentation,Vodafone Idea Limited has informed the Exchange regarding Investor Presentation uploaded on its website.
22-Feb-2019 18:49:00,Analysts/Institutional Investor Meet/Con. Call Updates,Vodafone Idea Limited has informed the Exchange regarding Analysts/Institutional Investor Meet/Con. Call Updates
20-Feb-2019 12:05:00,Analysts/Institutional Investor Meet/Con. Call Updates,Vodafone Idea Limited has informed the Exchange regarding Analysts/Institutional Investor Meet/Con. Call Updates being held today i.e. 20 February 2019
18-Feb-2019 14:38:00,Credit Rating,Vodafone Idea Limited has informed the Exchange regarding Credit Rating
15-Feb-2019 15:51:00,Updates,"Vodafone Idea Limited has informed the Exchange regarding 'Intimation under regulation 57(1) of SEBI (LODR) Regulations, 2015'."
11-Feb-2019 16:23:00,Updates,"Vodafone Idea Limited has informed the Exchange regarding 'Intimation under regulation 57(1) of SEBI ( LODR) Regulations, 2015'."
11-Feb-2019 15:01:00,Change in Director(s),Vodafone Idea Limited has informed the Exchange regarding Change in Director(s) of the company.
08-Feb-2019 11:03:00,Reply to Clarification- Financial results,"The Exchange had sought clarification from Vodafone Idea Limited with respect to Non-compliance as per Regulation 33 of the SEBI (Listing Obligations and Disclosure Requirements) Regulations, 2015.  O"
06-Feb-2019 19:54:00,Clarification - Financial Results,"The Exchange has sought clarification from Vodafone Idea Limited with respect to Non-compliance as per Regulation 33 of the SEBI (Listing Obligations and Disclosure Requirements) Regulations, 2015.  O"
06-Feb-2019 17:18:00,Updates,"Vodafone Idea Limited has informed the Exchange regarding ''Audited Financial Results for the third quarter ended 31st December, 2018- Quarterly Report""'.'."
06-Feb-2019 17:11:07,Financial Result Updates,"Vodafone Idea Limited has submitted to the Exchange, the financial results for the period ended December 31, 2018."
06-Feb-2019 17:04:00,Outcome of Board Meeting,"Vodafone Idea Limited has informed the Exchange regarding  Board meeting held on February 06, 2019."
05-Feb-2019 12:50:00,Analysts/Institutional Investor Meet/Con. Call Updates,"Vodafone Idea Limited has informed the Exchange regarding Analysts/Institutional Investor Meet/Con. Call Updates for the third quarter and nine months ended December 31, 2018, on February 7, 2019."
04-Feb-2019 15:19:00,Corrigendum,Vodafone Idea Limited has informed the Exchange regarding Corrigendum to Notice of Board Meeting considering un-audited financial results instead of audited financial results for the third quarter end
30-Jan-2019 16:19:00,Allotment of ESOP/ESPS,Vodafone Idea Limited has informed the Exchange regarding allotment of  87250 Equity Shares under ESOP
23-Jan-2019 15:26:00,Outcome of Board Meeting,"Vodafone Idea Limited has informed the Exchange regarding  Board meeting held on January 23, 2019 for Issuance of Equity shares/ other convertible securities for an amount aggregating upto Rs. 25,000 "
23-Jan-2019 12:01:00,News Clarification,"The Exchange had sought clarification from the Company with respect to news item captioned- ""Bharti infratel & Indus Towers seeks Rs 4,500 crore from Voda Idea as exit penalty??. In this regard, you a"
17-Jan-2019 15:29:00,News Clarification,"The Exchange has sought clarification from the Company with respect to news item captioned- "" Bharti infratel & Indus Towers seeks Rs 4,500 crore from Voda Idea as exit penalty��. In this regard, you "
27-Dec-2018 19:41:00,Updates,"Vodafone Idea Limited has informed the Exchange regarding 'Record date intimation under SEBI (Listing Obligations and Disclosure Requirements) Regulations,2015  for payment of Interest due on Non-Conv"
27-Dec-2018 18:50:00,Change in Director(s),Vodafone Idea Limited has informed the Exchange regarding Change in Director(s) of the company.
22-Dec-2018 18:15:00,Shareholders meeting,"Vodafone Idea Limited has informed the Exchange regarding Proceedings of Annual General Meeting held on December 22, 2018. Further, the company has submitted the Exchange a copy of Srutinizers report "
14-Dec-2018 19:08:00,News Verification,"The Exchange has sought clarification from Vodafone Idea Limited with respect to recent news item captioned ""TDSAT junks Trai's predatory pricing order"". The Exchange, in order to verify the accuracy "
14-Dec-2018 12:14:00,News Verification,"The Exchange has sought clarification from Vodafone Idea Limited with respect to recent news item captioned ""TDSAT junks Trai's predatory pricing order"". In this regard, Exchange have advised the Comp"
11-Dec-2018 15:33:00,Analysts/Institutional Investor Meet/Con. Call Updates,Vodafone Idea Limited has informed the Exchange regarding Analysts/Institutional Investor Meet/Con. Call Updates.
07-Dec-2018 15:42:00,Credit Rating,Vodafone Idea Limited has informed the Exchange regarding Credit Rating.
05-Dec-2018 15:13:00,Updates,Vodafone Idea Limited has informed the Exchange regarding 'Newspaper Advertisement regarding notice of the 23rd Annual General Meeting'.
04-Dec-2018 19:30:00,Credit Rating,Vodafone Idea Limited has informed the Exchange regarding Credit Rating.
03-Dec-2018 18:35:00,Analysts/Institutional Investor Meet/Con. Call Updates,Vodafone Idea Limited has informed the Exchange regarding Analysts/Institutional Investor Meet/Con. Call Updates.
03-Dec-2018 08:25:00,Amalgamation/Merger,"Vodafone Idea Limited has informed the Exchange regarding ""Sanction of Scheme of Amalgamation of Aditya Birla Telecom Limited (a wholly owned subsidiary) with the Company""."
30-Nov-2018 18:51:00,AGM/Book Closure,"Vodafone Idea Limited has informed the Exchange that��the Register of Members & Share Transfer Books of the Company will remain closed from December 15, 2018 to December 22, 2018(both days inclusive) "
30-Nov-2018 18:01:00,Shareholders meeting,"Vodafone Idea Limited has informed the Exchange regarding Notice of Annual General Meeting to be held on December 22, 2018."
30-Nov-2018 16:10:00,Shareholders meeting,"Vodafone Idea Limited has informed the Exchange regarding Notice of Annual General Meeting to be held on December 22, 2018"
29-Nov-2018 21:36:00,Credit Rating,Vodafone Idea Limited has informed the Exchange regarding Credit Rating -  Revision of Rating
29-Nov-2018 19:57:00,Analysts/Institutional Investor Meet/Con. Call Updates,Vodafone Idea Limited has informed the Exchange regarding Analysts/Institutional Investor Meet/Con. Call Updates.
29-Nov-2018 18:49:00,Scheme of Arrangement,"Vodafone Idea Limited has informed the Exchange regarding Disclosure under Regulation 30 of SEBI ( LODR) Regulations, 2015."
21-Nov-2018 20:44:00,Analysts/Institutional Investor Meet/Con. Call Updates,Vodafone Idea Limited has informed the Exchange regarding Analysts/Institutional Investor Meet/Con. Call Updates.
16-Nov-2018 16:34:00,News Verification,"The Exchange has sought clarification from Vodafone Idea Limited with respect to recent news item captioned ""Bharti Infratel may buy fibre assets of VIL"". The Exchange, in order to verify the accuracy"
16-Nov-2018 13:48:00,News Verification,"The Exchange has sought clarification from Vodafone Idea Limited with respect to recent news item captioned ""Bharti Infratel may buy fibre assets of VIL"". In this regard, Exchange have advised the Com"
14-Nov-2018 20:16:00,Updates,"Vodafone Idea Limited has informed the Exchange regarding 'Un-Audited Financial Results for the second quarter and half year ended 30th September, 2018- Quarterly Report""'."
14-Nov-2018 19:47:00,Change in Director(s),Vodafone Idea Limited has informed the Exchange regarding Change in Director(s) of the company.
14-Nov-2018 19:31:00,Outcome of Board Meeting,"Constitution of Committee of Directors to evaluate potential routes for raising up to Rs. 25,000 crores of equity."
14-Nov-2018 19:01:00,Outcome of Board Meeting,"Vodafone Idea Limited has informed the Exchange regarding  Board meeting held on November 14, 2018."
14-Nov-2018 18:55:48,Financial Result Updates,"Vodafone Idea Limited has submitted to the Exchange, the financial results for the period ended September 30, 2018."
03-Oct-2018 19:03:00,Allotment of ESOP/ESPS,Vodafone Idea Limited has informed the Exchange regarding allotment of  247349 Equity Shares under ESOP
01-Oct-2018 16:21:00,Change in Director(s),Vodafone Idea Limited has informed the Exchange regarding Change in Director(s) of the company.
01-Oct-2018 08:35:00,Extension of Annual General Meeting,"Vodafone Idea Limited has informed the Exchange that the Registrar of Companies, Gujarat, on an application made by the Company, has allowed extension of time by further 3 months from the statutory pe"
19-Sep-2018 19:28:00,Amalgamation/Merger,"Idea Cellular Limited has informed the Exchange regarding�� Intimation under Regulation 37(6) of SEBI (Listing Obligations and Disclosure Requirements), 2015-Scheme of Amalgamation."
17-Sep-2018 20:54:00,Amalgamation/Merger,"Idea Cellular Limited has informed the Exchange that The Board of Directors of Vodafone Idea Limited at its meeting held on September 17, 2018, has considered and approved a Scheme of Amalgamation of "
17-Sep-2018 19:47:00,Change in Director(s),Idea Cellular Limited has informed the Exchange regarding Change in Director(s) of the company.
12-Sep-2018 19:57:00,Name Change,"Idea Cellular Limited has informed the Exchange that Members of the Exchange are hereby informed that the name of ""Idea Cellular Limited"" shall be changed to ""Vodafone Idea Limited"" w.e.f. September 1"
12-Sep-2018 16:46:00,News Clarification,"The Exchange had sought clarification from the Company with respect to news item captioned- RJio, Airtel, Voda-Idea fined over quality In this regard, Exchange has advised the Company to provide clari"
12-Sep-2018 15:11:00,Credit Rating,Idea Cellular Limited has informed the Exchange regarding Credit Rating
11-Sep-2018 18:45:00,News Clarification,"The Exchange has sought clarification from the Company with respect to news item captioned- RJio, Airtel, Voda-Idea fined over quality In this regard, Exchange has advised the Company to provide clari"
04-Sep-2018 13:16:00,Disclosure under SEBI Takeover Regulations,"Omega Telecom Holdings Private Limited, Telecom Investments India Private Limited, Jaykay Finholding (India) Private Limited, Usha Martin Telematics Limited, Al-amin Investments Ltd., Asian Telecommun"
04-Sep-2018 07:47:00,Allotment of Securities,"Idea Cellular Limited has informed the Exchange regarding allotment of 15000 Unsecured Redeemable Non-Convertible Debentures at its meeting held on September 03, 2018"
04-Sep-2018 07:46:00,Disclosure under SEBI Takeover Regulations,Birla TMT Holdings Private Limited has submitted to the Exchnage a copy of disclosure under Regulation 10(6) of Securities and Exchange Board of India (Substantial Acquisition of Shares and Takeovers)
31-Aug-2018 17:27:00,Name Change,"Idea Cellular Limited has informed the Exchange that the name of the company has been changed from ""Idea Cellular Limited"" to ""Vodafone Idea Limited"" with effect from August 31, 2018."
31-Aug-2018 10:24:00,Outcome of Board Meeting,"Idea Cellular Limited has informed the Exchange regarding Outcome of Board Meeting held on August 31, 2018."
17-Aug-2018 15:22:00,Updates,"Idea Cellular Limited has informed the Exchange regarding 'Axiata vide its Communication dated 16th August, 2018, has relinquished all major rights available to it under the Share Subscription Agreeme"
30-Jul-2018 17:21:00,Updates,"Idea Cellular Limited has informed the Exchange regarding 'Un-Audited Financial Results for the first quarter ended 30th June, 2018- Quarterly Report'."
30-Jul-2018 16:04:00,Outcome of Board Meeting,"Idea Cellular Limited has informed the Exchange regarding the unaudited Financial Results of the company for the first quarter ended June 30, 2018."
30-Jul-2018 15:55:14,Financial Result Updates,"Idea Cellular Limited has submitted to the Exchange, the financial results for the period ended June 30, 2018."
27-Jul-2018 19:00:00,Analysts/Institutional Investor Meet/Con. Call Updates,Idea Cellular Limited has informed the Exchange regarding Analysts/Institutional Investor Meet/Con. Call Updates
27-Jul-2018 09:31:00,Updates,Idea Cellular Limited has informed the Exchange regarding 'Merger Update - Approval from Department of Telecommunications'.
24-Jul-2018 14:41:00,Allotment of ESOP/ESPS,Idea Cellular Limited has informed the Exchange regarding allotment of  31099 Equity Shares under ESOP
11-Jul-2018 15:38:00,News Clarification,The Exchange had sought clarification from the Company with respect to news item captioned Telecom department gives conditional nod to Vodafone-Idea merger. The response from the Company is attached.
11-Jul-2018 10:10:00,News Clarification,"The Exchange has sought clarification from the Company with respect to news item captioned Telecom department gives conditional nod to Vodafone-Idea merger In this regard, Exchange has advised the Com"
26-Jun-2018 18:23:00,Shareholders meeting,"Idea Cellular Limited has informed the Exchange regarding Proceedings of Extraordinary General Meeting held on Jun 26, 2018. Further, the company has submitted the Exchange a copy of Srutinizers repor"
22-Jun-2018 18:49:00,Allotment of ESOP/ESPS,Idea Cellular Limited has informed the Exchange regarding allotment of  93025 Equity Shares under ESOP
08-Jun-2018 19:18:00,Credit Rating,Idea Cellular Limited has informed the Exchange regarding Credit Rating
04-Jun-2018 20:02:00,Press Release,"Idea Cellular Limited has informed the Exchange regarding a press release dated Jun 04, 2018, titled ""FDI Approval - Merger of Vodafone India, Vodafone Mobile Services Ltd., with Idea Cellular Limited"
01-Jun-2018 18:45:00,Shareholders meeting,"Idea Cellular Limited has informed the Exchange regarding Notice of Extraordinary General Meeting to be held on Jun 26, 2018"
01-Jun-2018 18:33:00,Shareholders meeting,"Idea Cellular Limited has informed the Exchange regarding Notice of Extraordinary General Meeting to be held on Jun 26, 2018"
31-May-2018 15:45:00,Press Release,"Idea Cellular Limited has informed the Exchange regarding a press release dated May 31, 2018, titled ""Idea Cellular announces completion of sale of standalone tower business to ATC Telecom Infrastruct"
30-May-2018 14:14:00,Allotment of ESOP/ESPS,Idea Cellular Limited has informed the Exchange regarding allotment of  397459 Equity Shares under ESOP
14-May-2018 08:23:00,News Clarification,"The Exchange had sought clarification from the Company with respect to news item captioned- ""Over 2,000 computers at Aditya Birla Group held hostage by hackers mining cryptos"" In this regard, Exchange"
11-May-2018 17:05:00,News Clarification,"The Exchange has sought clarification from the Company with respect to news item captioned- ""Over 2,000 computers at Aditya Birla Group held hostage by hackers mining cryptos"" In this regard, Exchange"
02-May-2018 14:41:00,Press Release,"Idea Cellular Limited has informed the Exchange regarding a press release dated May 02, 2018, titled ""Launch of VoLTE services""."
28-Apr-2018 17:50:00,Outcome of Board Meeting,"Idea Cellular Limited has informed the Exchange regarding Outcome of Board Meeting held on April 28, 2018."
28-Apr-2018 14:46:00,Analysts/Institutional Investor Meet/Con. Call Updates,Idea Cellular Limited has informed the Exchange regarding Analysts/Institutional Investor Meet/Con. Call Updates
28-Apr-2018 14:36:00,Allotment of ESOP/ESPS,Idea Cellular Limited has informed the Exchange regarding allotment of  97416 Equity Shares under ESOP
28-Apr-2018 14:22:00,Updates,"Idea Cellular Limited has informed the Exchange regarding 'Audited Financial Results for the fourth quarter and Financial year ended 31st March, 2018- Quarterly Report'."
28-Apr-2018 14:08:36,Financial Result Updates,"Idea Cellular Limited has submitted to the Exchange, the financial results for the period ended March 31, 2018."
28-Apr-2018 13:53:00,Outcome of Board Meeting,"Idea Cellular Limited has informed the Exchange regarding  Board meeting held on April 28, 2018."
25-Apr-2018 08:22:00,Press Release,"Idea Cellular Limited has informed the Exchange regarding a press release dated April 25, 2018, titled ""Press Release""."
09-Apr-2018 18:37:00,Disc. under Reg.30 of SEBI (SAST) Reg.2011,"Grasim Industries Limited has submitted to the Exchange a copy of disclosure under Regulation 30(2) of SEBI (Substantial Acquisition of Shares & Takeovers) Regulations, 2011."
02-Apr-2018 16:32:00,Change in Director(s),Idea Cellular Limited has informed the Exchange regarding Change in Director(s) of the company.
30-Mar-2018 16:37:00,Change in Director(s),Idea Cellular Limited has informed the Exchange regarding Change in Director(s) of the company.
23-Mar-2018 19:22:00,Allotment of ESOP/ESPS,Idea Cellular Limited has informed the Exchange regarding allotment of  231891 Equity Shares under ESOP
22-Mar-2018 18:16:00,Press Release,"Idea Cellular Limited has informed the Exchange regarding a press release dated March 22, 2018, titled ""ADITYA BIRLA GROUP AND VODAFONE GROUP ANNOUNCE THE PROPOSED NEW LEADERSHIP TEAM OF THE MERGER BE"
28-Feb-2018 12:14:00,Allotment of ESOP/ESPS,Idea Cellular Limited has informed the Exchange regarding allotment of  641157 Equity Shares under ESOP
23-Feb-2018 18:13:00,Press Release,"Idea Cellular Limited has informed the Exchange regarding a press release dated February 23, 2018, titled ""Press release in connection with concluded QIP issue of the Company""."
23-Feb-2018 17:07:00,Allotment of Securities,"Idea Cellular Limited has informed the Exchange regarding allotment of 424242424 securities pursuant to Qualified Institution Placement at its meeting held on February 23, 2018"
21-Feb-2018 10:30:00,Committee Meeting Updates,"Idea Cellular Limited has informed the Exchange regarding Outcome of Committee Meeting held on February 21, 2018."
15-Feb-2018 21:33:00,Committee Meeting Updates,"Idea Cellular Limited has informed the Exchange regarding Committee Meeting to be held on February 21, 2018."
14-Feb-2018 20:57:00,Committee Meeting Updates,"Idea Cellular Limited has informed the Exchange regarding Outcome of Committee Meeting held on February 14, 2018."
14-Feb-2018 20:56:00,Qualified Institutional Placement,"Idea Cellular Limited has informed the Exchange regarding Qualified Institutions placement of equity shares of face value of Rs. 10 each ( the ""Equity Shares"") by Idea Cellular Limited ( the ""Company"""
14-Feb-2018 10:50:00,Qualified Institutional Placement,"Idea Cellular Limited has informed the Exchange that the Board of Directors of the Company at its meeting held February 14, 2018 , has accorded its final approval for issuance of equity shares for an "
12-Feb-2018 15:18:00,Allotment of Securities,"Idea Cellular Limited has informed the Exchange regarding allotment of 326633165 securities pursuant to Preferential Issue at its meeting held on February 12, 2018"
06-Feb-2018 19:38:00,News Clarification,"The Exchange had sought clarification from the Company with respect to news item captioned ""SC issues notice to Bharti Airtel, Vodafone, Idea on CCI����s challenge"". The response from the Company is e"
05-Feb-2018 18:10:00,News Clarification,"The Exchange has sought clarification from the Company with respect to news item captioned ""SC issues notice to Bharti Airtel, Vodafone, Idea on CCI��s challenge��. In this regard, Exchange has advise"
01-Feb-2018 19:16:00,Analysts/Institutional Investor Meet/Con. Call Updates,Idea Cellular Limited has informed the Exchange regarding Analysts/Institutional Investor Meet/Con. Call Updates
30-Jan-2018 17:52:00,Shareholders meeting,"Idea Cellular Limited has informed the Exchange regarding Proceedings of Extraordinary General Meeting held on January 30, 2018. Further, the company has submitted the Exchange a copy of Srutinizers r"
27-Jan-2018 21:02:00,Analysts/Institutional Investor Meet/Con. Call Updates,Idea Cellular Limited has informed the Exchange regarding Analysts/Institutional Investor Meet/Con. Call Updates
26-Jan-2018 20:59:00,Investor Presentation,Idea Cellular Limited has informed the Exchange regarding Investor Presentation
25-Jan-2018 18:45:00,Corrigendum,"Idea Cellular Limited has informed the Exchange regarding Corrigendum to Notice of Extra Ordinary General Meeting to be held on January 30, 2018"
24-Jan-2018 15:46:00,Allotment of ESOP/ESPS,Idea Cellular Limited has informed the Exchange regarding allotment of  73256 Equity Shares under ESOP
24-Jan-2018 12:51:00,Updates,"Idea Cellular Limited has informed the Exchange regarding 'Quarterly Report for third Quarter ended December 31st , 2017'."
24-Jan-2018 12:29:44,Financial Result Updates,"Idea Cellular Limited has submitted to the Exchange, the financial results for the period ended December 31, 2017."
22-Jan-2018 19:21:00,Analysts/Institutional Investor Meet/Con. Call Updates,Idea Cellular Limited has informed the Exchange regarding Analysts/Institutional Investor Meet/Con. Call Updates
12-Jan-2018 14:54:00,Amalgamation/Merger,"Idea Cellular Limited has informed the Exchange that Company the Hon'ble National Company Law Tribunal at Ahmedabad, vide its order dated January 11, 2018 has sanctioned the Composite scheme of Amalga"
04-Jan-2018 16:37:00,Shareholders meeting,"Idea Cellular Limited has informed the Exchange regarding Notice of Extraordinary General Meeting to be held on January 30, 2018"
04-Jan-2018 13:59:00,Outcome of Board Meeting,"Idea Cellular Limited has informed the Exchange regarding Outcome of Board Meeting held on January 04, 2018."
27-Dec-2017 19:20:00,Allotment of ESOP/ESPS,Idea Cellular Limited has informed the Exchange regarding allotment of  111482 Equity Shares under ESOP
28-Nov-2017 12:59:00,Allotment of ESOP/ESPS,Idea Cellular Limited has informed the Exchange regarding allotment of  112173 Equity Shares under ESOP
13-Nov-2017 09:31:00,Updates,"Idea Cellular Limited has informed the Exchange regarding 'Quarterly Report for Second Quarter and Half year ended September 30, 2017'."
13-Nov-2017 09:07:35,Financial Result Updates,"Idea Cellular Limited has submitted to the Exchange, the financial results for the period ended September 30, 2017."
13-Nov-2017 08:54:00,Updates,"Idea Cellular Limited has informed the Exchange regarding 'Disclosure under Regulation 30 of SEBI (LODR) Regulations, 2015'."
08-Nov-2017 16:52:00,Analysts/Institutional Investor Meet/Con. Call Updates,Idea Cellular Limited has informed the Exchange regarding Analysts/Institutional Investor Meet/Con. Call Updates
27-Oct-2017 18:52:00,Allotment of ESOP/ESPS,Idea Cellular Limited has informed the Exchange regarding allotment of  101211 Equity Shares under ESOP
16-Oct-2017 16:46:00,News Verification,"The Exchange has sought clarification from Idea Cellular Limited with respect to recent news item captioned ""KKR nears dollar 5bn Bharti tower deal; The complex, three-phased transaction will see Bhar"
13-Oct-2017 14:08:00,Updates,"Idea Cellular Limited has informed the Exchange regarding 'voting results along with the Scrutinizer's Reports of the meetings of Equity Shareholders, Secured Creditors and Unsecured Creditors of Idea"
13-Oct-2017 11:57:00,Shareholders meeting,"Idea Cellular Limited has informed the Exchange regarding Proceedings of Court Convened General Meeting held on October 12, 2017"
11-Oct-2017 11:39:00,News Verification,"The Exchange has sought clarification from Idea Cellular Limited with respect to recent news item captioned ""KKR nears dollar 5bn Bharti tower deal; The complex, three-phased transaction will see Bhar"
09-Oct-2017 17:15:00,News Clarification,"The Exchange had sought clarification from the Company with respect to news item captioned 'Massive data breach hits 6,000 Indian organisations including govt offices, banks: Quick Heal"". In this rega"
05-Oct-2017 19:24:00,News Clarification,"The Exchange has sought clarification from the Company with respect to news item captioned ��Massive data breach hits 6,000 Indian organisations including govt offices, banks: Quick Heal��. In this re"
27-Sep-2017 16:37:00,ESOP/ESOS/ESPS,Idea Cellular Limited has informed the Exchange regarding Grant of 322288  Options.
22-Sep-2017 16:20:00,Investor Presentation,Idea Cellular Limited has informed the Exchange regarding Investor Presentation
14-Sep-2017 19:37:00,Court Convened Meeting Updates,"Idea Cellular Limited has informed the Exchange that Newspaper Advertisement concerning Notices of the NCLT Convened Meeting(s) of the Equity Shareholders, Secured Creditors and Unsecured Creditors"
13-Sep-2017 20:13:00,News Verification,"The Exchange has sought clarification from Idea Cellular Limited with respect to recent news item captioned ATC(American tower corporation), Brookfield front runner to buy IDEA Vodafone tower business"
13-Sep-2017 13:27:00,News Verification,"The Exchange has sought clarification from Idea Cellular Limited with respect to recent news item captioned ATC(American Tower Corporation), Brookfield front runner to buy IDEA Vodafone tower business"
08-Sep-2017 16:32:00,Shareholders meeting,"Idea Cellular Limited has informed the Exchange regarding Notice of Court Convened General Meeting to be held on October 12, 2017"
31-Aug-2017 14:22:00,News Clarification,"The Exchange has sought clarification from the Company with respect to news item captioned ""Idea fined Rs 2.9 crore for overcharging"". The response from the Company is enclosed."
28-Aug-2017 15:04:00,News Clarification,"The Exchange has sought clarification from the Company with respect to news item captioned ""Idea fined Rs 2.9 crore for overcharging"". In this regard, Exchange has advised the Company to provide clari"
24-Aug-2017 20:31:00,ESOP/ESOS/ESPS,Idea Cellular Limited has informed the Exchange regarding Grant of 208051  Options.
08-Aug-2017 09:13:00,Updates,Idea Cellular Limited has informed the Exchange regarding Update on Merger.
28-Jul-2017 15:48:00,Financial Results Updates,Idea Cellular Limited has submitted to the Exchange a corrected copy of the Auditors Review Report on Consolidated Financial Statements.
27-Jul-2017 17:07:00,ESOP/ESOS/ESPS,"Idea Cellular Limited has informed the Exchange regarding Grant of 232430  Options.Subject: Allotment of 232,430 Equity shares of Rs.10/- each under Employee Stock Option Scheme, 2006 and Employee Sto"
27-Jul-2017 16:56:00,Updates,"Idea Cellular Limited has submitted to the Exchange a Copy of  Quarterly Report being issued on the performance of the Company for the first quarter ended June 30, 2017."
27-Jul-2017 16:33:30,Financial Result Updates,"Idea Cellular Limited has submitted to the Exchange, the financial results for the period ended June 30, 2017."
26-Jul-2017 18:17:00,Analysts/Institutional Investor Meet/Con. Call Updates,Idea Cellular Limited has informed the Exchange regarding Analysts/Institutional Investor Meet/Con. Call Updates
25-Jul-2017 08:29:00,Updates,"Idea Cellular Limited has informed the Exchange that CCI approves proposed merger of Vodafone India, Vodafone Mobile Services Ltd., and Idea Cellular"
25-Jul-2017 08:24:00,News Clarification,"The Exchange has sought clarification from the Company with respect to news item captioned ""CAG:6 telcos understated revenues by Rs.61,000 cr"".  The response from the Company is attached."
24-Jul-2017 13:09:00,News Clarification,"The Exchange has sought clarification from the Company with respect to news item captioned ""CAG:6 telcos understated revenues by Rs.61,000 cr"". In this regard, Exchange has advised the Company to prov"
13-Jul-2017 13:34:00,Disclosure under SEBI Takeover Regulations,"Grasim Industries Limited has submitted to the Exchange, a copy of disclosure under Regulation 10(6) of SEBI (Substantial Acquisition of Shares &  Takeovers) Regulations, 2011."
03-Jul-2017 07:47:00,Change in Auditors,Idea Cellular Limited has informed the Exchange regarding Change in Statutory Auditors.
01-Jul-2017 12:49:00,Shareholders meeting,"Idea Cellular Limited has informed the Exchange regarding Proceedings of Annual General Meeting held on Jun 30, 2017. Further, the company has submitted the Exchange a copy of Srutinizers report along"
22-Jun-2017 15:33:00,ESOP/ESOS/ESPS,"Idea Cellular Limited has informed the Exchange regarding Grant of 370461  Options.Subject: Allotment of 370,461 Equity Shares of Rs. 10/- each under Employee Stock Option Scheme, 2006 and Employee St"
08-Jun-2017 21:08:00,Analysts/Institutional Investor Meet/Con. Call Updates,Idea Cellular Limited has informed the Exchange regarding Analysts/Institutional Investor Meet/Con. Call Updates
07-Jun-2017 12:47:00,Shareholders meeting,"Idea Cellular Limited has informed the Exchange regarding Notice of Annual General Meeting to be held on Jun 30, 2017"
06-Jun-2017 20:30:00,ESOP/ESOS/ESPS,"Idea Cellular Limited has informed the Exchange regarding Grant of 233230  Options.Subject: Allotment of 233,230 Equity Shares of Rs.10/- each under Employee Stock Option Scheme, 2006 and Employee Sto"
06-Jun-2017 15:41:00,AGM/Book Closure,"Idea Cellular Limited has informed the Exchange that the Register of Members & Share Transfer Books of the Company will remain closed from June 24, 2017 to June 30, 2017 (both days inclusive) for the "
13-May-2017 15:38:00,Outcome of Board Meeting,"Idea Cellular Limited has informed the Exchange regarding Outcome of Board Meeting held on May 13, 2017.Subject : Appointment of Director"
13-May-2017 15:35:00,Updates,"Idea Cellular Limited has submitted to the Exchange a copy of Quarterly Report being issued on the performance of the Company for the fourth quarter and financial year ended March 31, 2017."
13-May-2017 14:57:00,Outcome of Board Meeting,"Idea Cellular Limited has informed the Exchange regarding Outcome of Board Meeting held on May 13, 2017."
13-May-2017 14:29:53,Financial Result Updates,"Idea Cellular Limited has submitted to the Exchange, the financial results for the period ended March 31, 2017."
10-May-2017 17:01:00,Analysts/Institutional Investor Meet/Con. Call Updates,Idea Cellular Limited has informed the Exchange regarding Analysts/Institutional Investor Meet/Con. Call UpdatesSubject : Intimation of Schedule of Analyst/ Investor Call
26-Apr-2017 14:32:00,ESOPs/ESOS/ESPS,"Idea Cellular Limited has informed the Exchange regarding allotment of 479,480 Equity shares of Rs.10/- each under Employee Stock Option Scheme, 2006 and Employee Stock Option Scheme, 2013"
11-Apr-2017 16:35:00,Disc. under Reg.30 of SEBI (SAST) Reg.2011,"Aditya Birla Nuvo Limited has submitted to the Exchange a copy of disclosure under Regulation 30(2) of SEBI (Substantial Acquisition of Shares & Takeovers) Regulations, 2011."
05-Apr-2017 12:41:00,Updates,"Idea Cellular Limited has informed the Exchange that the Reserve Bank of India has granted license to Aditya Birla Idea Payments Bank Limited (""ABIPBL"") on April 03, 2017 to carry on the business of P"
03-Apr-2017 18:37:00,Resignation of Director,"Idea Cellular Limited has informed the Exchange that Ms. Madhabi Puri Buch, an independent Director, has resigned from the board of the Company, citing her inability to continue to hold any directorsh"
27-Mar-2017 15:25:00,ESOPs/ESOS/ESPS,"Idea Cellular Limited has informed the Exchange regarding Allotment of 1,831,170 Equity shares of Rs.10/- each under Employee Stock Option Scheme, 2006 and Employee Stock Option Scheme, 2013."
20-Mar-2017 19:33:00,Investor Presentation,Idea Cellular Limited has informed the Exchange regarding Investor PresentationSub : Analyst Meet - Presentation
20-Mar-2017 13:25:00,Analysts/Institutional Investor Meet/Con. Call Updates,Idea Cellular Limited has informed the Exchange regarding Analysts/Institutional Investor Meet/Con. Call Updates
20-Mar-2017 11:05:00,Analysts/Institutional Investor Meet/Con. Call Updates,Idea Cellular Limited has informed the Exchange regarding Analysts/Institutional Investor Meet/Con. Call Updates
20-Mar-2017 10:28:00,Clarification,Idea Cellular Limited has informed the Exchange regarding Clarification in connection with the outcome of Board Meeting.
20-Mar-2017 09:09:00,Outcome of Board Meeting,"Idea Cellular Limited has informed the Exchange regarding Outcome of Board Meeting held on March 20, 2017."
15-Mar-2017 18:03:00,News Verification,"The Exchange has sought clarification from Idea Cellular Limited with respect to recent news item captioned ""Idea to Demerge Tower business portfolio and sell majority stake in ATC."" The Exchange, in "
15-Mar-2017 11:26:00,News Verification,"The Exchange has sought clarification from Idea Cellular Limited with respect to recent news item captioned ""Idea to Demerge Tower business portfolio and sell majority stake in ATC."" In this regard, E"
01-Mar-2017 14:28:00,Allotment of ESOP/ESPS,"Idea Cellular Limited has informed the Exchange regarding Allotment of 1,807,859 Equity shares of Rs.10/- each under Employee Stock Option Scheme, 2006 and Employee Stock Option Scheme, 2013."
13-Feb-2017 15:03:00,News Verification,"The Exchange has sought clarification from Idea Cellular Limited with respect to recent news item captioned ""Providence likely to sell stake and exit Investments in Idea Cellular."" The Exchange, in or"
13-Feb-2017 12:41:00,News Verification,"The Exchange has sought clarification from Idea Cellular Limited with respect to recent news item captioned ""Providence likely to sell stake and exit Investments in Idea Cellular."" In this regard, Exc"
13-Feb-2017 12:19:00,Updates,Idea Cellular Limited has informed the Exchange regarding Proposal to issue Unsecured Redeemable Non-Convertible Debentures.
11-Feb-2017 18:02:00,ESOPs/ESOS/ESPS,"Idea Cellular Limited has informed the Exchange regarding Grant of ""Stock Options"" & ""Restricted Stock Units"" under Employee Stock Option Scheme- 2013."
11-Feb-2017 17:28:00,Updates,"Idea Cellular Limited has submitted to the Exchange a copy of the Quarterly Report being issued on the performance of the Company for the third quarter and nine months ended December 31, 2016."
11-Feb-2017 16:24:37,Financial Result Updates,"Idea Cellular Limited has submitted to the Exchange, the financial results for the period ended December 31, 2016."
07-Feb-2017 13:08:00,Updates,"Idea Cellular Limited has informed the Exchange regarding ""Proposal to issue Secured Reedemable Non-Convertible Debentures""."
07-Feb-2017 12:42:00,Analysts/Institutional Investor Meet/Con. Call Updates,"Idea Cellular Limited has informed the Exchange regarding Analysts/Institutional Investor Meet/Con. Call UpdatesQ3FY17 Results Conference Call to be conducted on Monday, February 13, 2017 at 02.30 PM "
31-Jan-2017 16:55:00,Press Release,"Idea Cellular Limited has informed the Exchange vide letter dated January 31, 2017 regarding a press release dated January 30, 2017 titled ""Birth of Digital Idea""."
30-Jan-2017 15:26:00,Updates,Idea Cellular Limited has informed the Exchange regarding Proposal to issue Unsecured Redeemable Non-Convertible Debentures
30-Jan-2017 14:33:00,News Verification,"The Exchange has sought clarification from Idea Cellular Limited with respect to recent news item captioned ""Meger May be the Best Idea for Vodafone, Sir ji!"". The Exchange, in order to verify the acc"
30-Jan-2017 11:01:00,News Verification,"The Exchange has sought clarification from Idea Cellular Limited with respect to recent news item captioned ""Merger May be the Best Idea for Vodafone, Sir ji!"". In this regard, Exchange have advised t"
24-Jan-2017 16:05:00,Updates,Idea Cellular Limited has informed the Exchange regarding Proposal to issue Unsecured Redeemable Non-Convertible Debentures.
19-Jan-2017 15:30:00,Board Meeting Postponed,"Idea Cellular Limited has informed the Exchange that the Board meeting convened on January 23, 2017, inter alia, for consideration of Un-audited Financial Results of the Company for the third quarter "
12-Jan-2017 14:49:00,Updates,"Idea Cellular Limited has informed the Exchange regarding ""Proposal to issue Unsecured Redeemable Non-Convertible Debentures""."
05-Jan-2017 16:51:00,Address Change,"Idea Cellular Limited has informed the Exchange regarding ""Change of Corporate Office""."
02-Jan-2017 14:34:00,Updates,Idea Cellular Limited has informed the Exchange regarding Proposal to issue Unsecured Redeemable Non-Convertible Debentures.
27-Dec-2016 14:20:00,Allotment of ESOP/ESPS,"Idea Cellular Limited has informed the Exchange regarding allotment of  366900 Equity Shares under ESOP Scheme, 2006"
26-Dec-2016 18:17:00,Appointment of Director,Idea Cellular Limited has informed the Exchange about the Appointment of Director.
09-Dec-2016 18:08:00,Updates,Idea Cellular Limited has informed the Exchange regarding Proposal to issue Unsecured Redeemable Non-Convertible Debentures
29-Nov-2016 20:05:00,News Clarification,"The Exchange had sought clarification from the Company with respect to recent news item captioned ""Idea Cellular plans to sell 100% in tower arm for $1 bn"" .The response from the Company is attached."
29-Nov-2016 15:13:00,Allotment of ESOP/ESPS,Idea Cellular Limited has informed the Exchange regarding allotment of  190038 Equity Shares under ESOP
29-Nov-2016 14:05:00,News Clarification,"The Exchange has sought clarification from the Company with respect to recent news item captioned  Idea Cellular plans to sell 100% in tower arm for $1 bn  In this regard, Exchange has advised the Com"
15-Nov-2016 13:02:00,Analysts/Institutional Investor Meet/Con. Call Updates,Idea Cellular Limited has informed the Exchange regarding Analysts/Institutional Investor Meet/Con. Call UpdatesSub: Investor Presentation/ Intimation of investor conference
24-Oct-2016 19:51:00,ESOPs/ESOS/ESPS,"Idea Cellular Limited has informed the Exchange that the Nomination and Remuneration Committee of Idea Cellular Limited has at its meeting held on October 24, 2016 allotted 101,088 Equity Shares of Rs"
24-Oct-2016 17:29:00,Updates,"Idea Cellular Limited has submitted to the Exchange a copy of the Quarterly Report being issued on the performance of the Company for the second quarter and half year ended September 30, 2016."
24-Oct-2016 17:15:48,Financial Result Updates,"Idea Cellular Limited has submitted to the Exchange, the financial results for the period ended September 30, 2016."
20-Oct-2016 20:27:00,Analysts/Institutional Investor Meet/Con. Call Updates,Idea Cellular Limited has informed the Exchange about the Analyst and Investor Call.
07-Oct-2016 12:20:00,Updates,Idea Cellular Limited has informed the Exchange regarding the total Spectrum Holding of the Company post the recently concluded auction of spectrum.
07-Oct-2016 08:49:00,Press Release,"Idea Cellular Limited has informed the Exchange regarding a press release dated October 06, 2016, titled ""Idea completes Pan-India Wireless Broadband Footprint- Acquisition of 349.20 MHz of spectrum @"
07-Oct-2016 08:49:00,Analysts/Institutional Investor Meet/Con. Call Updates,"Idea Cellular Limited has informed the Exchange regarding ""intimation of schedule of Analyst/ Investor Call""."
03-Oct-2016 12:11:00,Resignation of Director,"Idea Cellular Limited has informed the Exchange that Mr. R.C. Bhargava, an Independent Director, has resigned from the Board of the Company, citing personal reasons. The resignation is effective from "
30-Sep-2016 13:16:00,"Regulation 44(3) of SEBI (LODR), Reg., 2015","Idea Cellular Limited has submitted to the Exchange the Outcome and details of voting results of the Annual General Meeting of the Company held on September 29, 2016 along with the Scrutinizer's Repor"
19-Sep-2016 18:30:00,Investor Presentation,Idea Cellular Limited has submitted to the Exchange a copy of the Investor Presentation / Intimation of investor conference.
02-Sep-2016 16:23:00,Investor Presentation,Idea Cellular Limited has informed the Exchange regarding Investor Presentation.
31-Aug-2016 14:19:00,AGM/Book Closure,"Idea Cellular Limited has informed the Exchange that the Register of Members & Share Transfer Books of the Company will remain closed from September 24, 2016 to September 29, 2016 (both days inclusive"
31-Aug-2016 14:19:00,Annual General Meeting Updates,"Idea Cellular Limited has submitted to the Exchange a copy of Notice of Annual General Meeting to be held on September 29, 2016."
31-Aug-2016 14:18:00,Date of payment of dividend,"Idea Cellular Limited has informed the Exchange that the Final Dividend, if approved at the Annual General Meeting, will be paid/ dispatched to the Company equity shareholders on or after September 30"
30-Aug-2016 13:44:00,ESOPs/ESOS/ESPS,"Idea Cellular Limited has informed the Exchange regarding ""Allotment of 115,999 Equity shares of Rs. 10/- each under Employee Stock Option Scheme, 2006""."
23-Aug-2016 18:29:00,News Verification,"The Exchange has sought clarification from Idea Cellular Limited with respect to recent news item captioned ""Idea Cellular exploring options for strategic deal with vodafone. Idea ,Vodafone in explana"
23-Aug-2016 15:12:00,News Verification,"The Exchange has sought clarification from Idea Cellular Limited with respect to recent news item captioned ""Idea Cellular exploring options for strategic deal with Vodafone. Idea ,Vodafone in explana"
08-Aug-2016 16:54:00,Updates,"Idea Cellular Limited has Submitted to the Exchange a copy of the Quarterly Report being issued on the performance of the Company for the first quarter ended June 30, 2016."
08-Aug-2016 16:43:00,Press Release,"Idea Cellular Limited has informed the Exchange regarding a press release dated August 08, 2016 with respect to the Un-audited Financial Results for the Quarter ended June 30, 2016."
08-Aug-2016 16:38:42,Financial Result Updates,"Idea Cellular Limited has submitted to the Exchange the standalone & consolidated financial results along with the Limited Review Report for the period ended June 30, 2016."
08-Aug-2016 12:15:00,Analysts/Institutional Investor Meet/Con. Call Updates,Idea Cellular Limited has informed the Exchange regarding schedule of Analyst/ Investor Call.
27-Jul-2016 14:14:00,ESOPs/ESOS/ESPS,"Idea Cellular Limited has informed the Exchange regarding allotment of 111,516 Equity shares of Rs.10/- each under Employee Stock Option Scheme, 2006"
08-Jul-2016 16:47:00,Appointment of Director,"Idea Cellular Limited has informed the Exchange that the Board of Directors of the Company at their meeting held on July 08, 2016 , appointed Mr . Akshaya Moondra, currently the Chief Financial Office"
27-Jun-2016 17:09:00,Analysts Meet,Idea Cellular Limited has informed the Exchange regarding Analyst Meet.
23-Jun-2016 12:46:00,ESOPs/ESOS/ESPS,"Idea Cellular Limited has informed the Exchange regarding Allotment of 177,228 Equity shares of Rs.10/- each under Employee Stock Option Scheme, 2006."
03-Jun-2016 18:23:00,Analysts Meet,"Idea Cellular Limited has informed the Exchange that the Company representatives shall attend the USS Pan Asian Telco conference , Hong Kong on June 6, 2016 and June 7, 2016."
31-May-2016 19:03:00,Analysts Meet,"Idea Cellular Limited has informed the Exchange regarding ""Investor Presentation/ Intimation of investor conference""."
26-May-2016 17:14:00,ESOPs/ESOS/ESPS,"Idea Cellular Limited has informed the Exchange that the Nomination and Remuneration Committee of the Company has vide its circular resolution dated May 25, 2016 allotted 105,806 Equity Shares of Rs.1"
29-Apr-2016 14:35:00,Outcome of Board Meeting,"Idea Cellular Limited has informed the Exchange regarding Outcome of Board of Directors Meeting of the Company held on April 28, 2016."
28-Apr-2016 18:21:00,ESOPs/ESOS/ESPS,"Idea Cellular Limited has informed the Exchange that the Nomination and Remuneration Committee of the company has at its meeting held on March 28, 2016 allotted 11,312 Equity Shares of Rs.10/- each to"
28-Apr-2016 18:17:00,Outcome of Board Meeting,"Idea Cellular Limited has informed the Exchange regarding the Outcome of Board Meeting of the Company held on April 28, 2016."
28-Apr-2016 18:06:00,Updates,"Idea Cellular Limited has informed the Exchange regarding Quarterly Report Fourth Quarter Ended March 31, 2016."
28-Apr-2016 17:57:00,Outcome of Board Meeting,"Idea Cellular Limited has informed the Exchange that the Board of Directors of the Company at its meeting held on April 28, 2016 has approved issuance of redeemable non-convertible debentures on a pri"
28-Apr-2016 17:56:00,Press Release,"Idea Cellular Limited has informed the Exchange regarding a media release dated April 28, 2016, titled ""Idea Cellular announces audited results for the Fourth Quarter (Q4) and Financial Year ended Mar"
28-Apr-2016 17:53:00,Dividend,"Idea Cellular Limited has informed the Exchange that  the Board of Directors in its meeting held on April 28, 2016 has Recommended a dividend of Re. 0.60 ( Sixty Paise) per equity share of Rs.10/- eac"
28-Apr-2016 17:51:46,Financial Result Updates,"Idea Cellular Limited has submitted to the Exchange the standalone & consolidated financial results along with the Auditors Report for the period ended March 31, 2016."
23-Apr-2016 12:02:00,Analysts Meet,Idea Cellular Limited has informed the Exchange regarding  schedule of Analyst / Investor Call.
18-Apr-2016 18:24:00,Trading Window,"Idea Cellular Limited has informed the Exchange that in terms of the Company's Code of Conduct for Prevention of Insider Trading in securities of the Company, the trading window for dealing in the sec"
07-Apr-2016 20:18:00,Disc. under Reg.30 of SEBI (SAST) Reg.2011,"Aditya Birla Nuvo Limited has submitted to the Exchange vide letter dated April 07, 2016 a copy of disclosure under Regulation 30(1) and 30(2) of SEBI (Substantial Acquisition of Shares & Takeovers) R"
07-Apr-2016 13:36:00,Disc. under Reg.30 of SEBI (SAST) Reg.2011,"Aditya Birla Nuvo Limited has submitted to the Exchange vide letter dated April 07,2016 a copy of disclosure under Regulation 30(2) of SEBI (Substantial Acquisition of Shares & Takeovers) Regulations,"
22-Mar-2016 15:41:00,ESOPs/ESOS/ESPS,"Idea Cellular Limited has informed the Exchange that the Nomination and Remuneration Committee of Idea Cellular Limited has vide its circular resolution dated March 21, 2016 allotted 47,287 Equity Sha"
17-Mar-2016 08:22:00,Updates,"Idea Cellular Limited has informed the Exchange that vide letter dated March 16, 2016 regarding Update on Termination of Agreement dated November 24, 2015 between Idea Cellular Limited (Buyer) and Vid"
22-Feb-2016 12:33:00,Allotment of Securities,"Idea Cellular Limited has informed the Exchange that the Nomination and Remuneration Committee of the Company has vide its circular resolution dated February 18, 2016 allotted 45,035 Equity Shares of "
19-Feb-2016 20:21:00,Updates,"Idea Cellular Limited has informed the Exchange that pursuant to in-priciple approval issued by the Reserve Bank of India (RBI), to Aditya Birla Nuvo Limited, a promoter and single largest shareholder"
19-Feb-2016 16:05:00,Updates,Idea Cellular Limited has informed the Exchange regarding Investor Presentation
21-Jan-2016 19:48:00,ESOPs/ESOS/ESPS,Idea Cellular Limited has informed the Exchange that Grant of Stock Options and Restricted Stock Units under ESOS-2013.
21-Jan-2016 19:39:00,Allotment of Securities,"Idea Cellular Limited has informed the Exchange regarding the allotment of 57,450 equity shares of Rs. 10/- each under Employee Stock Option Scheme, 2006 and Employee Stock Option Scheme, 2013."
21-Jan-2016 19:30:00,Updates,Idea Cellular Limited has submitted to the Exchange a copy of the Quarterly Report being issued on the performance of the Company for the third quarter and ningemonths for the third quarter ended Dece
21-Jan-2016 19:26:00,Cessation,"Idea Cellular Limited has informed the Exchange that Mr. Gian Prakash Gupta, an Independent Director, has resigned from the Board of Directors of the Company with effect from January 21, 2016, on heal"
21-Jan-2016 19:25:00,Allotment of Securities,"Idea Cellular Limited has informed the Exchange that the Nomination and Remuneration Committee has at its meeting held January 21, 2016, allotted 57,450 Equity Shares of Rs.10/- each to the Option Gra"
21-Jan-2016 16:26:00,Resignation of Director,"Idea Cellular Limited has informed the Exchange that Mr. Gian Prakash Gupta, an Independent Director, has resigned from the Board of Directors of the Company with effect from January 21, 2016, on heal"
21-Jan-2016 16:25:00,Updates,"Idea Cellular Limited has informed the Exchange regarding Quarterly Report   Third Quarter Ended December 31, 2015."
21-Jan-2016 16:14:00,Press Release,"Idea Cellular Limited has informed the Exchange regarding a press release dated January 21, 2016, titled ""Idea Cellular announces un-audited results for the third Quarter (Q3) and Nine Months ended De"
21-Jan-2016 16:13:01,Financial Result Updates,Idea Cellular Limited has submitted to the exchange the standalone & consolidated financial results along with the Limited Review Report for the period ended 31-Dec-2015.
14-Jan-2016 13:45:00,Press Release,"Idea Cellular Limited has informed the Exchange regarding a press release dated January 14, 2016 titled ""Idea launches world-class, high-speed 4G LTE services in three more Telecom service areas; expa"
14-Jan-2016 13:04:00,Updates,Idea Cellular Limited has informed the Exchange regarding communication being sent out to analysts / investors regarding a conference call on the Company's performance for the third quarter and nine m
12-Jan-2016 11:20:00,Trading Window,"Idea Cellular Limited has informed the Exchange that the trading window for dealing in the securities of the Company has been closed from January 01, 2016 to January 23, 2016 (both days inclusive)."
24-Dec-2015 12:50:00,Allotment of Securities,"Idea Cellular Limited has informed the Exchange regarding ""Allotment of 340,029 equity shares of Rs. 10/- each under Employee Stock Option Scheme, 2006 and Employee Stock Option Scheme, 2013""."
23-Dec-2015 17:01:00,Press Release,"Idea Cellular Limited has informed the Exchange regarding a press release dated December 23, 2015 titled ""Idea launches world-class, high-speed 4G LTE services in all four Telecom service areas of Sou"
02-Dec-2015 19:45:00,Updates,Idea Cellular Limited has informed the Exchange regarding the details of Key Managerial Personnel for determining materiality of an event and its disclosure.
26-Nov-2015 09:16:00,Allotment of Securities,"Idea Cellular Limited has informed the Exchange regarding ""Allotment of 409,191 equity shares of Rs.10/- each under Employee Stock Option Scheme, 2006 and Employee Stock Option Scheme, 2013""."
24-Nov-2015 17:39:00,Outcome of Board Meeting,"Idea Cellular Limited has informed the Exchange regarding the Outcome of Board Meeting of the Company held on November 24, 2015."
24-Nov-2015 17:38:00,Press Release,"Idea Cellular Limited has informed the Exchange regarding a press release dated November 24, 2015 titled ""Idea Enters into Agreement for Transfer of Right To Use 1800 MHz Spectrum for Gujarat and Utta"
21-Oct-2015 16:09:00,Press Release,"Idea Cellular Limited has informed the Exchange regarding a Media release dated October 21, 2015 titled ""Idea Cellular announces Un-audited results for the Second Quarter (Q2) and Half Year ended Sept"
21-Oct-2015 16:00:03,Financial Result Updates,Idea Cellular Limited has submitted to the exchange the standalone & consolidated financial results along with the Limited Review Report for the period ended 30-Sep-2015.
07-Oct-2015 18:38:00,Trading Window,"Idea Cellular Limited has informed the Exchange that the trading window for dealing in the securities of the Company has been closed from October 1, 2015 to October 23, 2015 (both days inclusive)."
30-Sep-2015 13:18:00,Allotment of Securities,"Idea Cellular Limited has informed the Exchange regarding ""Allotment of 248,209 equity shares of Rs.10/- each under Employee Stock Option Scheme, 2006 and Employee Stock Option Scheme, 2013""."
29-Sep-2015 13:43:00,Disclosure of Voting Pattern - Clause 35A,"Idea Cellular Limited has submitted to the Exchange the details of voting results of the Annual General Meeting of the Company held on the September 28, 2015 along with Report of Scrutinizer pursuant "
03-Sep-2015 14:39:00,Annual General Meeting Updates,"Idea Cellular Limited has submitted to the Exchange a copy of notice of Annual General Meeting of the members of the company to be held on september 28, 2015."
01-Sep-2015 17:40:00,AGM/Book Closure,"Idea Cellular Limited has informed the Exchange that the Register of Members & Share Transfer Books of the Company will remain closed from September 22, 2015 to September 28, 2015 (both days inclusive"
01-Sep-2015 17:35:00,Date of payment of dividend,"Idea Cellular Limited has informed the Exchange that the Final Dividend, if approved at the Annual General Meeting, will be paid / dispatched to the Company's equity shareholders on or after September"
01-Sep-2015 15:13:00,Allotment of Securities,"Idea Cellular Limited has informed the Exchange that that the Nomination and Remuneration Committee has vide its circular resolution dated August 31 , 2015 allotted 650,033 Equity Shares of Rs.10/- ea"
21-Jul-2015 17:18:00,Outcome of Board Meeting,"Idea Cellular Limited has informed the Exchange that based on the recommendation of the Nomination & Remuneration Committee, the Board of Directors of the Company has, at its meeting held on July 21, "
21-Jul-2015 17:07:00,Press Release,"Idea Cellular Limited has informed the Exchange regarding a Media release dated July 21, 2015 titled ""Idea Cellular announces un-audited results for the First Quarter (Q1) ended June 30, 2015""."
21-Jul-2015 17:00:44,Financial Result Updates,Idea Cellular Limited has submitted to the exchange the standalone & consolidated financial results along with the Limited Review Report for the period ended 30-Jun-2015.
08-Jul-2015 12:40:00,Trading Window,"Idea Cellular Limited has informed the Exchange that in terms of the Company's Code of Conduct for Prevention of Insider Trading framed pursuant to SEBI (Prohibition of Insider Trading) Regulations, 2"
02-Jul-2015 15:16:00,Credit Rating,"Idea Cellular Limited has informed the Exchange regarding ""Revision in Credit Rating""."
29-Jun-2015 08:54:00,Allotment of Securities,"Idea Cellular Limited has informed the Exchange that the Nomination and Remuneration Committee has vide its circular resolution dated June 25, 2015 allotted 375,889 Equity Shares of Rs.10/- each to th"
28-May-2015 12:48:00,Allotment of Securities,"Idea Cellular Limited has informed the Exchange that the Nomination and Remuneration Committee has vide its circular resolution dated May 27, 2015 allotted 164,449 Equity Shares of Rs.10/- each to the"
14-May-2015 20:43:00,"Code of Conduct under SEBI(PIT) Reg., 2015","Idea Cellular Limited has informed the Exchange that pursuant to SEBI (Prohibition of Insider Trading) Regulations, 2015, the Directors of the Company have vide its resolution dated May 14, 2015, appr"
29-Apr-2015 17:08:00,Allotment of Securities,"Idea Cellular Limited has informed the Exchange that the Nomination and Remuneration Committee has at its Meeting held on April 28, 2015 allotted 3,27,379 Equity Shares of Rs.10/- each to the Option G"
28-Apr-2015 17:02:00,Press Release,"Idea Cellular Limited has informed the Exchange regarding a Media release dated April 28, 2015 titled ""Idea Celluar announces audited results for the Fourth Quarter (Q4) and Financial Year ended March"
28-Apr-2015 16:59:00,Dividend,"Idea Cellular Limited has informed the Exchange that the Board of Directors in its meeting held on April 28, 2015 has Recommended a dividend of Re. 0.60 ( Sixty Paise) per equity share of Rs.10/- each"
28-Apr-2015 16:51:03,Financial Result Updates,Idea Cellular Limited has submitted to the exchange the standalone & consolidated financial results along with the Auditors Report for the period ended 31-Mar-2015.
15-Apr-2015 13:30:00,Trading Window,"Idea Cellular Limited has informed the Exchange that in terms of the Company's Code of Conduct for Prevention of Insider Trading, the trading window for dealing in the securities of the Company has be"
09-Apr-2015 15:41:00,Disc. under Reg.30 of SEBI (SAST) Reg.2011,"Aditya Birla Nuvo Limited has submitted to the Exchange vide letter dated April 06, 2015 a copy of disclosure under Regulation 30(2) of SEBI (Substantial Acquisition of Shares & Takeovers) Regulations"
27-Mar-2015 08:00:00,Press Release,"Idea Cellular Limited has informed the Exchange regarding a press release dated March 26, 2015, titled ""Idea Ensures Business Continuity in all its Leadership Circles""."
24-Mar-2015 19:41:00,Press Release,"Idea Cellular Limited has informed the Exchange regarding a press release dated March 24, 2015, titled ""Idea Launches 3G Services in Delhi on 900 MHz Spectrum""."
24-Mar-2015 12:54:00,Allotment of Securities,"Idea Cellular Limited has informed the Exchange that the Nomination and Remuneration Committee has vide its circular resolution(s) dated March 23, 2015 allotted 1,07,026 Equity Shares of Rs.10/- each "
03-Mar-2015 20:16:00,News Clarification,"Idea Cellular Limited has informed the Exchange regarding clarification on a new item captioned ""Idea in 3 year pact with Ericsson."" The Company has clarified that ""While it is policy of the Company n"
26-Feb-2015 16:45:00,Allotment of Securities,"Idea Cellular Limited has informed the Exchange that the Nomination and Remuneration Committee has at its meeting held on February 25, 2015 allotted 129,496 Equity Shares of Rs.10/- each to the Option"
02-Feb-2015 13:02:00,Updates,"Idea Cellular Limited has informed the Exchange that Aditya Birla Nuvo Limited (ABNL) is a promoter and largest shareholder of Idea Cellular Limited (Idea), has on February 2, 2015 submitted an applic"
28-Jan-2015 12:44:00,Allotment of Securities,"Idea Cellular Limited has informed the Exchange that the Nomination and Remuneration Committee has at its meeting held on January 27, 2015 allotted 123,527 Equity Shares of Rs.10/- each to the Option "
27-Jan-2015 17:06:00,Press Release,"Idea Cellular Limited has informed the Exchange regarding a media release dated January 27, 2015 w.r.t. the un-audited financial results for the Third Quarter (Q3) and Nine Months ended December 31, 2"
27-Jan-2015 16:43:02,Financial Result Updates,Idea Cellular Limited has submitted to the exchange the standalone & consolidated financial results along with the Limited Review Report for the period ended 31-Dec-2014.
13-Jan-2015 12:38:00,Trading Window,"Idea Cellular Limited has informed the Exchange that in terms of the Company's Code of Conduct for Prevention of Insider Trading, the trading window for dealing in the securities of the Company has be"
12-Jan-2015 16:59:00,News Clarification,"The Exchange had sought clarification from Idea Cellular Limited with respect to recent news item captioned ""Idea Close to Signing Deal with US Co. Sixth Sense"". The Company has clarified that ""It app"
09-Jan-2015 11:23:00,News Clarification,"The Exchange has sought clarification from Idea Cellular Limited with respect to recent news item captioned ""Idea Close to Signing Deal with US Co Sixth Sense"". In this regard, Exchange have advised t"
