date,desc,text
08-Jul-2026 17:35:28,Updates,IRB Infrastructure Developers Limited has informed the Exchange regarding 'project wise toll revenue for the month of June 2026'.
04-Jul-2026 12:23:45,Copy of Newspaper Publication,IRB Infrastructure Developers Limited has informed the Exchange about Copy of Newspaper Publication- Postal Ballot Notice
03-Jul-2026 17:53:37,Shareholders meeting,IRB Infrastructure Developers Limited has informed the Exchange regarding Notice of Postal Ballot
02-Jul-2026 15:16:34,Updates,IRB Infrastructure Developers Limited has informed the Exchange regarding 'The Board has approved the Notice of Postal Ballot'.
02-Jul-2026 15:14:16,Agreements,"IRB Infrastructure Developers Limited has informed that The Board at its meeting held today i.e. July 2, 2026, inter-alia approved to enter into Project Implementation Agreements (""PIA"") with IRB InvI"
02-Jul-2026 15:11:33,Updates,IRB Infrastructure Developers Limited has informed the Exchange regarding 'Update on approval of the binding term sheet of the PIA'.
26-Jun-2026 16:13:05,Trading Window,"IRB Infrastructure Developers Limited has informed the Exchange regarding the Trading Window closure pursuant to SEBI (Prohibition of Insider Trading) Regulations, 2015"
18-Jun-2026 10:42:06,Disclosure under SEBI Takeover Regulations,MEP Infrastructure Developers Ltd has Submitted to the Exchange a copy of Disclosure under Regulation 31(4) of the Securities and Exchange Board of India (Substantial Acquisition of Shares and Takeove
12-Jun-2026 20:07:53,Disclosure under SEBI Takeover Regulations,JAYANT D. MHAISKAR has Submitted to the Exchange a copy of Disclosure under Regulation 31(4) of the Securities and Exchange Board of India (Substantial Acquisition of Shares and Takeovers) Regulations
12-Jun-2026 20:05:11,Disclosure under SEBI Takeover Regulations,JAYANT D. MHAISKAR has Submitted to the Exchange a copy of Disclosure under Regulation 31(4) of the Securities and Exchange Board of India (Substantial Acquisition of Shares and Takeovers) Regulations
08-Jun-2026 19:15:34,Disclosure under SEBI Takeover Regulations,"Mr. Virendra D. Mhaiskar, Mrs. Deepali V. Mhaiskar, Virendra D. Mhaiskar HUF, IRB Holding Private Limited, Mr. Aryan V. Mhaiskar has Submitted to the Exchange a copy of Disclosure under Regulation 31("
08-Jun-2026 17:42:59,Updates,IRB Infrastructure Developers Limited has informed the Exchange regarding 'Project wise Toll Revenue for the month of May 2026'.
05-Jun-2026 12:48:18,Disclosure under SEBI Takeover Regulations," Sudha D. Mhaiskar,  has Submitted to the Exchange a copy of Disclosure under Regulation 31(4) of the Securities and Exchange Board of India (Substantial Acquisition of Shares and Takeovers) Regulatio"
04-Jun-2026 16:19:44,Updates,IRB Infrastructure Developers Limited has informed the Exchange regarding 'Intimation of Schedule of analysts / Institutional investor meeting'.
29-May-2026 13:15:41,Analysts/Institutional Investor Meet/Con. Call Updates,IRB Infrastructure Developers Limited has informed the Exchange about Transcript
21-May-2026 15:40:06,Analysts/Institutional Investor Meet/Con. Call Updates,IRB Infrastructure Developers Limited has informed the Exchange about Link of Recording
21-May-2026 15:37:32,Copy of Newspaper Publication,"IRB Infrastructure Developers Limited has informed the Exchange about Copy of Newspaper Publication - Extract of audited financial results for the quarter and year ended March 31, 2026"
20-May-2026 16:41:23,Updates,"IRB Infrastructure Developers Limited has informed the Exchange regarding 'Corporate Presentation for the quarter ended March 31, 2026'."
20-May-2026 14:30:34,Dividend,"IRB Infrastructure Developers Limited has informed the Exchange that Board of Directors at its meeting held on May 20, 2026, declared Interim Dividend of Rs. 0.05 per equity share."
20-May-2026 14:23:54,Agreements,IRB Infrastructure Developers Limited has informed the Exchange about Agreement.
20-May-2026 14:19:09,Record Date,IRB Infrastructure Developers Limited has informed the Exchange that Record date for the purpose of Dividend  is 26-May-2026.
20-May-2026 14:14:55,Outcome of Board Meeting,"IRB Infrastructure Developers Limited has submitted to the Exchange, the financial results for the period ended March 31, 2026."
19-May-2026 18:24:46,Updates,IRB Infrastructure Developers Limited has informed the Exchange regarding 'Intimation of Schedule of analysts / Institutional investor meeting'.
18-May-2026 16:27:39,Analysts/Institutional Investor Meet/Con. Call Updates,"IRB Infrastructure Developers Limited has informed the Exchange that the Company will conduct earnings call at 11:00 a.m. IST on May 21, 2026."
17-May-2026 22:43:37,Updates,IRB Infrastructure Developers Limited has informed the Exchange regarding update received from IRB Infrastructure Trust for Commencement of Toll Collection - Ganga Expressway Project.
15-May-2026 17:38:00,Record Date,"IRB Infrastructure Developers Limited has informed the Exchange that Record date for the purpose of 4th Interim Dividend, if declared by the Board of Directors, is 26-May-2026."
15-May-2026 13:11:30,Agreements,IRB Infrastructure Developers Limited has informed the Exchange about Agreements to continue to act as Project Manager top certain SPVs of IRB InvIT Fund
14-May-2026 21:16:38,General Updates,IRB Infrastructure Developers Limited has informed the Exchange about Update provided by IRB Infrastructure Trust (an associate of the Company) regarding issuance of a preliminary and non-binding offe
08-May-2026 17:25:57,Updates,IRB Infrastructure Developers Limited has informed the Exchange regarding 'Project wise Toll Revenue for the month of April 2026'.
29-Apr-2026 18:47:54,Updates,IRB Infrastructure Developers Limited has informed the Exchange regarding Update provided by IRB Infrastructure Trust in relation to Ganga Expressway Project
13-Apr-2026 18:31:26,Updates,IRB Infrastructure Developers Limited has informed the Exchange regarding 'Intimation of Schedule of analysts / Institutional investor meeting'.
09-Apr-2026 17:38:19,Updates,IRB Infrastructure Developers Limited has informed the Exchange regarding 'Toll Revenue for the month of March 2026'.
03-Apr-2026 12:32:24,Credit Rating,IRB Infrastructure Developers Limited has informed the Exchange about Credit Rating
02-Apr-2026 10:36:23,Allotment of Securities,IRB Infrastructure Developers Limited has informed the Exchange regarding allotment of Bonus equity shares
01-Apr-2026 08:24:09,Updates,IRB Infrastructure Developers Limited has informed the Exchange regarding Update provided by IRB Infrastructure Trust in relation to TOT-18 Project'.
27-Mar-2026 17:11:41,Trading Window,"IRB Infrastructure Developers Limited has informed the Exchange regarding the Trading Window closure pursuant to SEBI (Prohibition of Insider Trading) Regulations, 2015"
24-Mar-2026 22:14:39,General Updates,IRB Infrastructure Developers Limited has informed the Exchange that the Company has now executed the Project Implementation Agreement for the TOT-18 Project.
23-Mar-2026 20:59:13,Record Date,IRB Infrastructure Developers Limited has informed the Exchange that Record date for the issue of Bonus equity shares is 01-Apr-2026.
23-Mar-2026 20:26:43,Shareholders meeting,IRB Infrastructure Developers Limited has informed the Exchange regarding voting results of Postal Ballot
13-Mar-2026 18:01:35,Updates,IRB Infrastructure Developers Limited has informed the Exchange regarding Intimation of Schedule of analysts / Institutional investor meeting.
07-Mar-2026 10:13:24,Updates,IRB Infrastructure Developers Limited has informed the Exchange regarding 'Toll Revenue for the month of February 2026'.
04-Mar-2026 16:44:48,Updates,"IRB Infrastructure Developers Limited has informed the Exchange that the Senior Management of the Company will be having meeting/group meetings with Investors/Analyst (virtual/in person), at the event"
27-Feb-2026 20:20:46,Updates,IRB Infrastructure Developers Limited has informed the Exchange regarding 'Update on Arbitration proceeding of Kaithal Tollway Limited (KTL)   Project SPV of IRB InvIT Fund'.
23-Feb-2026 19:20:16,Analysts/Institutional Investor Meet/Con. Call Updates,"IRB Infrastructure Developers Limited has informed the Exchange about Transcript for the Earnings Call held on February 16, 2026."
21-Feb-2026 16:41:56,Copy of Newspaper Publication,IRB Infrastructure Developers Limited has informed the Exchange about Copy of Newspaper Publication - Postal Ballot Notice
20-Feb-2026 18:18:52,Updates,"IRB Infrastructure Developers Limited has informed the Exchange that the Senior Management of the Company will be having meeting/group meetings with Investors/Analyst (virtual/in person), at the event"
20-Feb-2026 17:46:22,Shareholders meeting,IRB Infrastructure Developers Limited has informed the Exchange regarding Notice of Postal Ballot
16-Feb-2026 14:51:01,Analysts/Institutional Investor Meet/Con. Call Updates,IRB Infrastructure Developers Limited has informed the Exchange about Link of Recording of Earnings Call
14-Feb-2026 18:02:48,Copy of Newspaper Publication,"IRB Infrastructure Developers Limited has informed the Exchange about Copy of Newspaper Publication - Extract of unaudited financial results for the quarter and nine months ended December 31, 2025"
13-Feb-2026 17:10:38,Analysts/Institutional Investor Meet/Con. Call Updates,"IRB Infrastructure Developers Limited has informed the Exchange about Corporate Presentation for the quarter ended December 31, 2025"
13-Feb-2026 16:47:43,Agreements,IRB Infrastructure Developers Limited has informed the Exchange about Material Related Party Transaction to act as Project Manager for TOT-18 Project and execution of Project Implementation Agreement
13-Feb-2026 16:43:02,Change in Director(s),IRB Infrastructure Developers Limited has informed the Exchange regarding Change in Director(s) of the company.
13-Feb-2026 16:38:12,Record Date,IRB Infrastructure Developers Limited has informed the Exchange that Record date for the purpose of 3rd Interinm Dividend for FY 2025-26 is 19-Feb-2026.
13-Feb-2026 16:34:54,Amendment to AOA/MOA,IRB Infrastructure Developers Limited has informed the Exchange regarding the Amendment to AOA/MOA of the company.
13-Feb-2026 16:34:54,Dividend,"IRB Infrastructure Developers Limited has informed the Exchange that Board of Directors at its meeting held on February 13, 2026, declared 3rd Interim Dividend of Rs.0.07 per equity share."
13-Feb-2026 16:34:54,Bonus,"IRB Infrastructure Developers Limited has informed the Exchange that the Board of Directors at its meeting held on February 13, 2026, have considered and approved bonus at the ratio of 1 : 1, i.e 1 Eq"
13-Feb-2026 16:25:59,Outcome of Board Meeting,"IRB Infrastructure Developers Limited has submitted to the Exchange, outcome of Board meeting held on February 13, 2026."
11-Feb-2026 13:34:28,Analysts/Institutional Investor Meet/Con. Call Updates,"IRB Infrastructure Developers Limited has informed the Exchange that the Company will conduct earnings call at 11:00 a.m. IST on February 16, 2026."
06-Feb-2026 16:48:27,Updates,IRB Infrastructure Developers Limited has informed the Exchange regarding 'Project wise Toll Revenue for January 2026'.
05-Feb-2026 16:01:09,Record Date,IRB Infrastructure Developers Limited has informed the Exchange that Record date for the purpose of 3rd Interim Dividend is 19-Feb-2026.
04-Feb-2026 15:38:24,Updates,IRB Infrastructure Developers Limited has informed the Exchange regarding 'Update from IRB Infrastructure Trust (the Trust) on TOT-18 Project'.
02-Feb-2026 16:42:14,Updates,IRB Infrastructure Developers Limited has informed the Exchange regarding 'Update on Transfer of VM7 Expressway Private Limited to the IRB InvIT Fund'.
23-Jan-2026 18:11:52,General Updates,IRB Infrastructure Developers Limited has informed the Exchange about Execution of Project Implementation Agreement in relation to the VM7 Project.
23-Jan-2026 07:16:00,Updates,IRB Infrastructure Developers Limited has informed the Exchange regarding an Update provided by IRB Infrastructure Trust in relation to TOT-17 Project.
19-Jan-2026 16:47:13,General Updates,IRB Infrastructure Developers Limited has informed the Exchange that the Company has now executed the Project Implementation Agreement for the TOT-17 Project
15-Jan-2026 14:58:41,Updates,"IRB Infrastructure Developers Limited has informed the Exchange that the Statutory Auditor of the Company, have intimated the Company that the Firm has been converted into a Limited Liability Partners"
13-Jan-2026 14:36:52,Shareholders meeting,"IRB Infrastructure Developers Limited has informed the Exchange regarding Proceedings of Extraordinary General Meeting held on January 13, 2026."
07-Jan-2026 18:02:05,Updates,IRB Infrastructure Developers Limited has informed the Exchange regarding ' Toll Revenue For December 2025'.
06-Jan-2026 18:34:21,Updates,IRB Infrastructure Developers Limited has informed the Exchange regarding 'Update provided by IRB Infrastructure Trust regarding receipt of Letter of Award for the Project TOT-18'.
30-Dec-2025 21:57:12,Agreements,IRB Infrastructure Developers Limited has informed the Exchange about Agreements
29-Dec-2025 15:53:38,Trading Window,"IRB Infrastructure Developers Limited has informed the Exchange regarding the Trading Window closure pursuant to SEBI (Prohibition of Insider Trading) Regulations, 2015"
24-Dec-2025 18:26:45,Agreements,"IRB Infrastructure Developers Limited has informed the Exchange about execution of letter agreement in relation to the share subscription agreement as disclosed in our letter dated November 30, 2021."
23-Dec-2025 16:45:59,Copy of Newspaper Publication,IRB Infrastructure Developers Limited has informed the Exchange about Copy of Newspaper Publication
23-Dec-2025 14:05:01,Updates,IRB Infrastructure Developers Limited has informed the Exchange regarding New project win by IRB Infrastructure Trust (TOT-18)
22-Dec-2025 17:41:54,Shareholders meeting,"IRB Infrastructure Developers Limited has informed the Exchange regarding Notice of Extraordinary General Meeting to be held on January 13, 2026"
21-Dec-2025 11:54:39,Agreements,IRB Infrastructure Developers Limited has informed the Exchange about Agreement to act as Project Manager for TOT-17 Project and convening of Extraordinary General Meeting.
12-Dec-2025 19:24:38,Updates,IRB Infrastructure Developers Limited has informed the Exchange regarding 'Update from IRB Infrastructure Trust ( the Trust ) on TOT-17 Project'.
11-Dec-2025 12:26:55,Credit Rating,IRB Infrastructure Developers Limited has informed the Exchange about Credit Rating
09-Dec-2025 17:32:34,Updates,IRB Infrastructure Developers Limited has informed the Exchange regarding 'Project-wise toll revenue for the Month of November 2025'.
01-Dec-2025 18:58:38,Agreements,IRB Infrastructure Developers Limited has informed the Exchange that the Board of Directors of the Company has inter alia approved to act as the project manager of the Trust with respect to the VM7 pr
01-Dec-2025 18:55:06,General Updates,IRB Infrastructure Developers Limited has informed the Exchange that the Board of Directors of the Company has inter alia approved sale of the entire stake in VM7 Expressway Private Limited to the IRB
21-Nov-2025 16:55:08,Analysts/Institutional Investor Meet/Con. Call Updates,"IRB Infrastructure Developers Limited has informed the Exchange about the Transcript for the Earnings Call held on November 14, 2025"
20-Nov-2025 16:24:08,Updates,IRB Infrastructure Developers Limited has informed the Exchange regarding 'Invitation to offer for the acquisition of VM7 Expressway Private Limited (VM7) to the IRB InvIT Fund'.
15-Nov-2025 09:22:21,Updates,IRB Infrastructure Developers Limited has informed the Exchange regarding update provided by IRB Infrastructure Trust regarding receipt of LOA for TOT-17.
14-Nov-2025 18:24:57,Analysts/Institutional Investor Meet/Con. Call Updates,IRB Infrastructure Developers Limited has informed the Exchange about Link of Recording
13-Nov-2025 16:21:55,Copy of Newspaper Publication,"IRB Infrastructure Developers Limited has informed the Exchange about Copy of Newspaper Publication - Extract of Unaudited Financial Results for quarter and six months ended September 30, 2025"
12-Nov-2025 14:17:43,Updates,"IRB Infrastructure Developers Limited has informed the Exchange regarding Corporate Presentation for quarter ended September 30, 2025."
12-Nov-2025 13:38:41,Record Date,IRB Infrastructure Developers Limited has informed the Exchange that Record date for the purpose of 2nd Interim Dividend  is 18-Nov-2025.
12-Nov-2025 13:34:13,Dividend,"IRB Infrastructure Developers Limited has informed the Exchange that Board of Directors at its meeting held on November 12, 2025, declared Interim Dividend of Re. 0.07 per equity share."
12-Nov-2025 13:30:56,Dividend,"IRB Infrastructure Developers Limited has informed the Exchange that Board of Directors at its meeting held on November 12, 2025, declared Interim Dividend of Rs. 0.07 per equity share."
12-Nov-2025 13:23:22,Outcome of Board Meeting,"IRB Infrastructure Developers Limited has submitted to the Exchange, the financial results for the period ended September 30, 2025."
11-Nov-2025 16:29:56,Analysts/Institutional Investor Meet/Con. Call Updates,IRB Infrastructure Developers Limited has informed the Exchange about Schedule of meet
10-Nov-2025 19:20:08,Updates,IRB Infrastructure Developers Limited has informed the Exchange regarding 'Project-wise toll revenue for the Month of October 2025 '.
07-Nov-2025 17:22:23,Record Date,"IRB Infrastructure Developers Limited has informed the Exchange that Record date for the purpose of 2nd Interim Dividend, if any, is 18-Nov-2025."
06-Nov-2025 18:16:45,Updates,IRB Infrastructure Developers Limited has informed the Exchange regarding Update on Transfer of three Projects from IRB Infrastructure Trust to IRB InvIT Fund.
29-Oct-2025 19:05:03,Agreements,IRB Infrastructure Developers Limited has informed the Exchange about Execution of Project Implementation / Management Agreements with IRB InvIT Fund to act as the Project Manager.
15-Oct-2025 08:59:14,Updates,"IRB Infrastructure Developers Limited has informed the Exchange regarding the successful completion of fund raising of Rs.3,248.43 Crs through Institutional Placement of Units by IRB InvIT Fund."
08-Oct-2025 19:21:15,Appointment,IRB Infrastructure Developers Limited has informed the Exchange regarding Promotion of Mr. Anil Kumar Yadav as Chief Executive Officer   Business Development & Investment of the company w.e.f. October
08-Oct-2025 18:52:13,Acquisition,IRB Infrastructure Developers Limited has informed the Exchange that the Board of Directors has approved investment in the units of IRB InvIT Fund through subscription in a preferential issue.
08-Oct-2025 14:17:56,Updates,IRB Infrastructure Developers Limited has informed the Exchange regarding Moody s Investor Service  has issued an update on the long-term corporate family rating and the instrument rating assigned to 
07-Oct-2025 20:24:57,Updates,IRB Infrastructure Developers Limited has informed the Exchange that Fitch Ratings has affirmed IRB Infrastructure Developers Limited's Long-Term Issuer Default Rating and the rating on its US-dollar 
07-Oct-2025 18:30:03,Updates,IRB Infrastructure Developers Limited has informed the Exchange  about Project-wise toll revenue for the Month of September 2025 for the subsidiaries & Joint venture entities of the Company.
02-Oct-2025 19:14:55,Updates,IRB Infrastructure Developers Limited has informed the Exchange regarding 'Update on Binding Term sheet from IRB Infrastructure Trust to IRB InvIT Fund'.
26-Sep-2025 16:14:50,Trading Window,"IRB Infrastructure Developers Limited has informed the Exchange regarding the Trading Window closure pursuant to SEBI (Prohibition of Insider Trading) Regulations, 2015"
18-Sep-2025 19:35:36,Shareholders meeting,"IRB Infrastructure Developers Limited has informed the Exchange regarding Proceedings of  Annual General Meeting held on September 18, 2025. Further, the company has informed the Exchange regarding vo"
18-Sep-2025 16:28:51,Updates,"IRB Infrastructure Developers Limited has informed the Exchange that the Senior Management of the Company will be having meeting/group meetings with Investors/Analyst (virtual/in person), hosted by J."
18-Sep-2025 16:17:37,Updates,"IRB Infrastructure Developers Limited has informed the Exchange regarding that the Senior Management of the Company will be having meeting/group meetings with Investors/Analyst (virtual/in person), ho"
08-Sep-2025 17:37:34,Updates,IRB Infrastructure Developers Limited has informed the Exchange regarding Project-wise toll revenue for the Month of August 2025.
26-Aug-2025 16:10:16,Updates,"IRB Infrastructure Developers Limited has informed the Exchange that the Senior Management of the Company will be having meeting/group meetings with Investors/Analyst (virtual/in person), hosted by Mo"
25-Aug-2025 18:23:05,Updates,"IRB Infrastructure Developers Limited has informed the Exchange regarding 'Issue of Provisional Completion Certificate for VM7 Expressway Private Limited, wholly-owned subsidiary of the Company '."
24-Aug-2025 19:40:04,Copy of Newspaper Publication,IRB Infrastructure Developers Limited has informed the Exchange about Copy of newspaper advertisement regarding Notice of 27th Annual General Meeting and e- voting and other related information
23-Aug-2025 17:26:56,General Updates,"IRB Infrastructure Developers Limited has informed the Exchange about dispatch of letters to the members providing a weblink along with the exact path, to access the Annual Report of the Company for t"
23-Aug-2025 15:52:16,Shareholders meeting,"IRB Infrastructure Developers Limited has informed the Exchange regarding Notice of Annual General Meeting to be held on September 18, 2025"
22-Aug-2025 17:15:37,Analysts/Institutional Investor Meet/Con. Call Updates,IRB Infrastructure Developers Limited has informed the Exchange about Transcript
21-Aug-2025 17:16:38,Copy of Newspaper Publication,IRB Infrastructure Developers Limited has informed the Exchange about Copy of Newspaper Publication
15-Aug-2025 20:10:12,Copy of Newspaper Publication,"IRB Infrastructure Developers Limited has informed the Exchange about Copy of Newspaper Publication - Extract of Unaudited Financial Results for quarter ended June 30, 2025"
14-Aug-2025 18:13:00,Analysts/Institutional Investor Meet/Con. Call Updates,IRB Infrastructure Developers Limited has informed the Exchange about Link of Recording
14-Aug-2025 15:38:52,Outcome of Board Meeting,"IRB Infrastructure Developers Limited has submitted to the Exchange, the financial results for the period ended Jun 30, 2025."
14-Aug-2025 15:10:09,Updates,"IRB Infrastructure Developers Limited has informed the Exchange regarding 'Corporate Presentation for quarter ended June 30, 2025'."
14-Aug-2025 14:18:50,Record Date,IRB Infrastructure Developers Limited has informed the Exchange that Record date for the purpose of Interim Dividend  is 29-Aug-2025.
14-Aug-2025 14:11:45,Dividend,"IRB Infrastructure Developers Limited has informed the Exchange that Board of Directors at its meeting held on August 14, 2025, declared Interim Dividend of 0.07 per equity share."
14-Aug-2025 14:08:02,Outcome of Board Meeting,"IRB Infrastructure Developers Limited has informed the Exchange regarding  Board meeting held on August 14, 2025."
11-Aug-2025 18:31:49,Updates,IRB Infrastructure Developers Limited has informed the Exchange that the Senior Management of the Company will be having meeting/group meetings with Investors/Analyst (virtual/in person) at the Antiqu
11-Aug-2025 18:19:37,Analysts/Institutional Investor Meet/Con. Call Updates,IRB Infrastructure Developers Limited has informed the Exchange about Schedule of meet
11-Aug-2025 18:04:31,Record Date,IRB Infrastructure Developers Limited has informed the Exchange that Record date for the purpose of Interim Dividend for FY 2025-26 is 29-Aug-2025.
06-Aug-2025 16:43:11,Updates,IRB Infrastructure Developers Limited has informed the Exchange regarding 'Project-wise toll revenue for the Month of July 2025'.
14-Jul-2025 23:08:20,Updates,IRB Infrastructure Developers Limited has informed the Exchange regarding an update in respect of Completion Certificate for Palsit Dankuni Project'.
11-Jul-2025 18:01:10,Updates,IRB Infrastructure Developers Limited has informed the Exchange regarding 'Project-wise toll revenue for the Month of June 2025 '.
04-Jul-2025 14:06:59,Updates,IRB Infrastructure Developers Limited has informed the Exchange regarding 'Update on Non-Binding Offer from IRB Infrastructure Trust to IRB InvIT Fund'.
27-Jun-2025 15:54:52,Trading Window,"IRB Infrastructure Developers Limited has informed the Exchange regarding the Trading Window closure pursuant to SEBI (Prohibition of Insider Trading) Regulations, 2015"
09-Jun-2025 16:56:03,Updates,IRB Infrastructure Developers Limited has informed the Exchange regarding 'Project-wise toll revenue for the Month of May 2025'.
30-May-2025 20:19:09,Agreements,"IRB Infrastructure Developers Limited has informed the Exchange that the Board of Directors of the Company at its meeting held today i.e. May 30, 2025, inter-alia, approved to enter into Project Imple"
30-May-2025 20:02:54,Updates,IRB Infrastructure Developers Limited has informed the Exchange regarding 'Update on Non-Binding Offer from IRB Infrastructure Trust to IRB InvIT Fund'.
30-May-2025 14:09:32,Updates,IRB Infrastructure Developers Limited has informed the Exchange that the Senior Management of the Company will be having meeting/group meetings with Investors/Analyst (virtual/in person) at the invest
27-May-2025 17:48:11,Analysts/Institutional Investor Meet/Con. Call Updates,IRB Infrastructure Developers Limited has informed the Exchange about Transcript
23-May-2025 17:33:09,Updates,IRB Infrastructure Developers Limited has informed the Exchange that the Senior Management of the Company will be having meeting/group meetings with Investors/Analyst (virtual/in person) at the invest
20-May-2025 16:29:23,Copy of Newspaper Publication,IRB Infrastructure Developers Limited has informed the Exchange about Copy of Newspaper Publication
20-May-2025 12:32:39,Analysts/Institutional Investor Meet/Con. Call Updates,IRB Infrastructure Developers Limited has informed the Exchange about Link of Recording
19-May-2025 23:30:42,Disclosure under SEBI Takeover Regulations,"Virendra D. Mhaiskar, Deepali V. Mhaiskar, Virendra D. Mhaiskar (HUF), Aryan V. Mhaiskar, IRB Holding Private Limited has Submitted to the Exchange a copy of Disclosure under Regulation 31(4) of the S"
19-May-2025 23:30:40,Disclosure under SEBI Takeover Regulations,"Sudha D. Mhaiskar has Submitted to the Exchange a copy of Disclosure under Regulation 31(4) of the Securities and Exchange Board of India (Substantial Acquisition of Shares and Takeovers) Regulations,"
19-May-2025 16:33:02,Updates,"IRB Infrastructure Developers Limited has informed the Exchange regarding 'Corporate Presentation for quarter ended March 31, 2025'."
19-May-2025 15:33:03,Outcome of Board Meeting,"IRB Infrastructure Developers Limited has submitted to the Exchange, the financial results for the period ended March 31, 2025."
16-May-2025 16:08:14,Updates,IRB Infrastructure Developers Limited has informed the Exchange that the Senior Management of the Company will be having meeting/group meetings with Investors/Analyst (virtual/in person) at the invest
15-May-2025 16:10:44,Analysts/Institutional Investor Meet/Con. Call Updates,IRB Infrastructure Developers Limited has informed the Exchange about Schedule of meet
08-May-2025 20:56:06,Updates,IRB Infrastructure Developers Limited has informed the Exchange regarding issuance of modified preliminary and non-binding offer from IRB Infrastructure Trust to IRB InvIT Fund.
08-May-2025 19:38:07,Updates,IRB Infrastructure Developers Limited has informed the Exchange regarding 'Project-wise toll revenue for the Month of April 2025 '.
08-Apr-2025 19:45:00,Updates,IRB Infrastructure Developers Limited has informed the Exchange regarding 'Project-wise toll revenue for the Month of March 2025 '.
26-Mar-2025 15:48:07,Trading Window,"IRB Infrastructure Developers Limited has informed the Exchange regarding the Trading Window closure pursuant to SEBI (Prohibition of Insider Trading) Regulations, 2015"
20-Mar-2025 17:30:38,Updates,IRB Infrastructure Developers Limited has informed the Exchange that the Senior Management of the Company will be having meeting/group meetings with Investors/Analyst (virtual) at the investor confere
13-Mar-2025 16:11:03,Updates,IRB Infrastructure Developers Limited has informed the Exchange that the Senior Management of the Company will be having meeting/group meetings with Investors/Analyst (in person) at the investor confe
07-Mar-2025 17:30:25,Updates,IRB Infrastructure Developers Limited has informed the Exchange regarding 'Project-wise toll revenue for the Month of February 2025 for the subsidiaries & Joint venture entities of the Company'.
19-Feb-2025 14:58:48,Updates,"IRB Infrastructure Developers Limited has informed the Exchange regarding Clarification on News item broadcasted on CNBC TV18 on February 19, 2025, during Bazaar Morning Call Special program today per"
14-Feb-2025 13:06:26,Updates,IRB Infrastructure Developers Limited has informed the Exchange that the Senior Management of the Company will be having meeting/group meetings with Investors/Analyst (In person/ virtual) at the inves
10-Feb-2025 16:58:34,Updates,IRB Infrastructure Developers Limited has informed the Exchange regarding 'Project-wise toll revenue for the Month of January 2025 for the subsidiaries & Joint venture entities of the Company'.
10-Feb-2025 12:33:54,Updates,IRB Infrastructure Developers Limited has informed the Exchange that the Senior Management of the Company will be having meeting/group meetings with Investors/Analyst (In person/ virtual) at the inves
08-Feb-2025 15:50:06,Copy of Newspaper Publication,IRB Infrastructure Developers Limited has informed the Exchange about Copy of Newspaper Publication - Postal Ballot Notice
07-Feb-2025 16:04:08,Analysts/Institutional Investor Meet/Con. Call Updates,IRB Infrastructure Developers Limited has informed the Exchange about Transcript of Earnings call
07-Feb-2025 15:42:31,Shareholders meeting,IRB Infrastructure Developers Limited has informed the Exchange regarding Notice of Postal Ballot
04-Feb-2025 22:12:34,Change in Director(s),IRB Infrastructure Developers Limited has informed the Exchange regarding Change in Director(s) of the company.
01-Feb-2025 12:39:26,Analysts/Institutional Investor Meet/Con. Call Updates,IRB Infrastructure Developers Limited has informed the Exchange about Link of Recording
31-Jan-2025 19:14:58,Integrated Filing- Financial,"Integrated Filing (Financial) for the quarter and nine-month period ended December 31, 2024"
31-Jan-2025 18:13:08,Updates,"IRB Infrastructure Developers Limited has informed the Exchange regarding 'Corporate Presentation for quarter ended December 31, 2024'."
31-Jan-2025 17:57:58,Record Date,"IRB Infrastructure Developers Limited has informed the Exchange that Record date for the purpose of Dividend is February 6, 2025 ."
31-Jan-2025 17:54:50,Change in Management,IRB Infrastructure Developers Limited has informed the Exchange about change in Management
31-Jan-2025 17:51:58,Change in Director(s),IRB Infrastructure Developers Limited has informed the Exchange regarding Change in Director(s) of the company.
31-Jan-2025 17:28:51,Dividend,"IRB Infrastructure Developers Limited has informed the Exchange that Board of Directors at its meeting held on January 31, 2025, declared Interim Dividend of 0.10 per equity share."
31-Jan-2025 17:23:00,Financial Result Updates," IRB Infrastructure Developers Limited has submitted to the Exchange, the financial results for the period ended December 31, 2024."
28-Jan-2025 19:34:25,Record Date,"IRB Infrastructure Developers Limited has informed the Exchange that the Record date for the purpose of 3rd Interim Dividend, if declared, will be February 06, 2025."
28-Jan-2025 18:58:29,Analysts/Institutional Investor Meet/Con. Call Updates,IRB Infrastructure Developers Limited has informed the Exchange about Schedule of meet
09-Jan-2025 17:46:51,Updates,IRB Infrastructure Developers Limited has informed the Exchange regarding 'Project-wise toll revenue for the Month of December 2024 for the subsidiaries & Joint venture entities of the Company.'.
03-Jan-2025 17:06:28,Credit Rating,IRB Infrastructure Developers Limited has informed the Exchange about Credit Rating
29-Dec-2024 12:22:55,Change in Director(s),IRB Infrastructure Developers Limited has informed the Exchange regarding Change in Director(s) of the company.
27-Dec-2024 17:42:20,Updates,IRB Infrastructure Developers Limited has informed the Exchange regarding Update on Implementation of Ganga Expressway Project by IRB Infrastructure Trust.
27-Dec-2024 16:27:21,Trading Window,"IRB Infrastructure Developers Limited has informed the Exchange regarding the Trading Window closure pursuant to SEBI (Prohibition of Insider Trading) Regulations, 2015"
20-Dec-2024 22:15:19,Updates,IRB Infrastructure Developers Limited has informed the Exchange regarding 'Update regarding Rights Issue of IRB Infrastructure Trust'.
16-Dec-2024 13:15:42,Updates,IRB Infrastructure Developers Limited has informed the Exchange regarding 'Filing of letter of offer in connection with Rights Issue of Units of IRB Infrastructure Trust'.
16-Dec-2024 11:42:44,Updates,IRB Infrastructure Developers Limited has informed the Exchange regarding 'Execution of definitive agreements in relation to the implementation of the Ganga Expressway Project through IRB Infrastructu
14-Dec-2024 18:46:01,General Updates,IRB Infrastructure Developers Limited has informed the Exchange about approval of implementation of the Ganga Expressway Project ( Project ) through IRB Infrastructure Trust
12-Dec-2024 19:20:32,Updates,IRB Infrastructure Developers Limited has informed the Exchange regarding 'Interim Special purpose financial statements of Meerut Budaun Expressway Limited.'.
10-Dec-2024 15:52:25,Cessation,"IRB Infrastructure Developers Limited has informed the Exchange regarding Cessation of  Mr. Jose Angel Tamariz Martel Goncer as Non- Executive Director of the company w.e.f. December 09, 2024."
09-Dec-2024 17:22:35,General Updates,IRB Infrastructure Developers Limited has informed the Exchange about Project-wise toll revenue for the Month of November 2024 for the subsidiaries & Joint venture entities of the Company.
29-Nov-2024 17:26:59,Updates,IRB Infrastructure Developers Limited has informed the Exchange that the Senior Management of the Company will be having a group meeting with Investors/Analyst (In person/ virtual) at the investor con
21-Nov-2024 17:44:03,Updates,IRB Infrastructure Developers Limited has informed the Exchange regarding 'Submission of Financial Results in Machine Readable Form'.
14-Nov-2024 18:30:11,Updates,IRB Infrastructure Developers Limited has informed the Exchange regarding 'Preliminary and non-binding offer from IRB Infrastructure Trust to IRB InvIT Fund'.
13-Nov-2024 16:06:31,Updates,IRB Infrastructure Developers Limited has informed the Exchange that the Senior Management of the Company will be meeting with Investors/Analyst (in person) at the investor conference -  DB India Cred
13-Nov-2024 15:54:54,Updates,IRB Infrastructure Developers Limited has informed the Exchange that the Senior Management of the Company will be meeting with Investors/Analyst (in person) at the investor conference -  CITIC CLSA In
12-Nov-2024 18:48:00,Updates,IRB Infrastructure Developers Limited has informed the Exchange that the Senior Management of the Company will be meeting with Investors/Analyst (In person/ virtual) at the investor conference hosted 
07-Nov-2024 20:00:29,General Updates,IRB Infrastructure Developers Limited has informed the Exchange about Project-wise toll revenue for the Month of October 2024 for the subsidiaries & Joint venture entities of the Company.
07-Nov-2024 17:13:50,Analysts/Institutional Investor Meet/Con. Call Updates,IRB Infrastructure Developers Limited has informed the Exchange about Transcript
30-Oct-2024 15:45:48,Record Date,IRB Infrastructure Developers Limited has informed the Exchange that Record date for the purpose of Interim Dividend  is 08-Nov-2024.
30-Oct-2024 15:43:56,Financial Result Updates," IRB Infrastructure Developers Limited has submitted to the Exchange, the financial results for the period ended September 30, 2024."
30-Oct-2024 15:35:07,Dividend,"IRB Infrastructure Developers Limited has informed the Exchange that Board of Directors at its meeting held on October 30, 2024, declared Interim Dividend of 0.10 per equity share."
24-Oct-2024 15:33:43,Analysts/Institutional Investor Meet/Con. Call Updates,IRB Infrastructure Developers Limited has informed the Exchange about Schedule of meet
23-Oct-2024 14:58:38,Updates,IRB Infrastructure Developers Limited has informed the Exchange regarding 'Intimation of Credit Rating by Fitch Ratings'.
18-Oct-2024 19:44:54,Updates,"IRB Infrastructure Developers Limited has informed the Exchange regarding 'Successful completion of the issuance of Reg S US$200 million 7.11 percent senior, secured US$-denominated Notes (to be conso"
16-Oct-2024 13:00:55,Updates,IRB Infrastructure Developers Limited has informed the Exchange regarding 'Intimation of Update following rating affirmation by Moody s Investor Services   IRB  Infrastructure s Rating Remain Unaffect
16-Oct-2024 11:59:55,Updates,IRB Infrastructure Developers Limited has informed the Exchange regarding 'Intimation of Non-rating action commentary by Fitch Ratings - IRB Infrastructure s Rating Headroom to Remain Adequate After T
14-Oct-2024 19:44:50,Updates,"IRB Infrastructure Developers Limited has informed the Exchange regarding 'Pricing of Reg S U.S. $ 200 Million 7.11% senior, secured US$-Denominated Notes'."
10-Oct-2024 16:27:24,Updates,IRB Infrastructure Developers Limited has informed the Exchange that Fitch Ratings has affirmed Company's Long-Term Issuer Default Rating and the rating on its US-dollar senior secured notes.
10-Oct-2024 13:14:24,Updates,IRB Infrastructure Developers Limited has informed the Exchange that Moody s Investor Service (Moody's) has affirmed the long-term corporate family rating (CFR) of the Company and the instrument ratin
09-Oct-2024 12:27:33,General Updates,IRB Infrastructure Developers Limited has informed the Exchange about Management Administration and Share Transfer Committee of the Board of Directors of the IRB Infrastructure Developers Limited has 
09-Oct-2024 12:06:05,Outcome of Board Meeting,"IRB Infrastructure Developers Limited has informed the Exchange regarding  Board meeting held on October 09, 2024."
08-Oct-2024 18:12:04,Updates,IRB Infrastructure Developers Limited has informed the Exchange regarding 'Project-wise toll revenue for the Month of September 2024 for the subsidiaries & Joint venture entities of the Company'.
04-Oct-2024 18:31:28,Updates,IRB Infrastructure Developers Limited has informed the Exchange regarding 'Video recording of Annual General Meeting for FY 2023-24'.
27-Sep-2024 15:27:21,Updates,IRB Infrastructure Developers Limited has informed the Exchange regarding 'Sustainability Report for FY 2023-24'.
26-Sep-2024 16:03:50,Trading Window,"IRB Infrastructure Developers Limited has informed the Exchange regarding the Trading Window closure pursuant to SEBI (Prohibition of Insider Trading) Regulations, 2015"
24-Sep-2024 18:09:17,Shareholders meeting,"IRB Infrastructure Developers Limited has informed the Exchange regarding Proceedings of Annual General Meeting held on September 24, 2024. Further, the company has informed the Exchange regarding vot"
11-Sep-2024 15:41:16,Credit Rating,IRB Infrastructure Developers Limited has informed the Exchange about Credit Rating
09-Sep-2024 17:48:01,Updates,IRB Infrastructure Developers Limited has informed the Exchange regarding 'Project-wise toll revenue for the Month of August 2024 for the subsidiaries & Joint venture entities of the Company'.
30-Aug-2024 16:58:39,Copy of Newspaper Publication,IRB Infrastructure Developers Limited has informed the Exchange about Copy of Newspaper Publication
29-Aug-2024 17:04:29,Updates,IRB Infrastructure Developers Limited has informed the Exchange regarding ' 'Business Responsibility and Sustainability Report ( BRSR ) for the Financial Year 2023-24.'
29-Aug-2024 16:21:49,Shareholders meeting,"IRB Infrastructure Developers Limited has informed the Exchange regarding Notice of Annual General Meeting to be held on September 24, 2024"
28-Aug-2024 16:17:05,Updates,IRB Infrastructure Developers Limited has informed the Exchange regarding 'Intimation of Annual General Meeting of the Company'.
19-Aug-2024 15:55:18,Analysts/Institutional Investor Meet/Con. Call Updates,IRB Infrastructure Developers Limited has informed the Exchange about Transcript
14-Aug-2024 16:49:00,Updates,IRB Infrastructure Developers Limited has informed the Exchange that the Senior Management of the Company will be meeting with Investors/Analyst (In person/ virtual) at the investor conference hosted 
09-Aug-2024 18:22:06,Analysts/Institutional Investor Meet/Con. Call Updates,IRB Infrastructure Developers Limited has informed the Exchange about Link of Recording
09-Aug-2024 14:06:02,Record Date,"IRB Infrastructure Developers Limited has informed the Exchange that Record date for the purpose of Dividend is Tuesday, 20-Aug-2024."
09-Aug-2024 13:58:40,Dividend,"IRB Infrastructure Developers Limited has informed the Exchange that Board of Directors at its meeting held on August 09, 2024, declared Interim Dividend of Rs. 0.10 per equity share."
09-Aug-2024 13:54:15,Financial Result Updates," IRB Infrastructure Developers Limited has submitted to the Exchange, the financial results for the period ended June 30, 2024."
07-Aug-2024 17:28:29,Updates,IRB Infrastructure Developers Limited has informed the Exchange regarding 'Project-wise toll revenue for the Month of July 2024'.
07-Aug-2024 16:32:05,Updates,"IRB Infrastructure Developers Limited has informed the Exchange that the Senior Management of the Company will be meeting with Investors/Analyst (In person/ virtual) from 12th   14th August, 2024."
06-Aug-2024 16:38:03,Analysts/Institutional Investor Meet/Con. Call Updates,IRB Infrastructure Developers Limited has informed the Exchange about Schedule of meet
05-Aug-2024 18:44:24,Record Date,IRB Infrastructure Developers Limited has informed the Exchange that Record date for the purpose of Interim Dividend &  if declared  is 20-Aug-2024.
10-Jul-2024 17:13:00,Updates,IRB Infrastructure Developers Limited has informed the Exchange regarding 'Project-wise toll revenue for the Month of   June 2024'.
27-Jun-2024 18:03:24,Disclosure under SEBI Takeover Regulations, Sudha Dattatray Mhaiskar has submitted to the Exchange a copy of Disclosures under Regulation 10(6)-Report to stock Exchange in respect of any acquisition made in reliance upon exemption provided for
26-Jun-2024 16:15:06,Trading Window,"IRB Infrastructure Developers Limited has informed the Exchange regarding the Trading Window closure pursuant to SEBI (Prohibition of Insider Trading) Regulations, 2015"
20-Jun-2024 19:33:30,Disclosure under SEBI Takeover Regulations, Sudha Dattatray Mhaiskar has Submitted to the Exchange a copy of Disclosure under Regulation 10 (5) of the Securities and Exchange Board of India (Substantial Acquisition of Shares and Takeovers) Reg
18-Jun-2024 17:03:38,Disclosure under SEBI Takeover Regulations, Sudha Dattatray Mhaiskar has submitted to the Exchange a copy of Disclosures under Regulation 10(6)-Report to stock Exchange in respect of any acquisition made in reliance upon exemption provided for
14-Jun-2024 18:26:29,Updates,IRB Infrastructure Developers Limited has informed the Exchange regarding 'General Updates-Issuance of NCDs by Ganga Expressway Project'.
11-Jun-2024 19:48:34,Shareholders meeting,"IRB Infrastructure Developers Limited has informed the Exchange regarding Proceedings of  Postal Ballot. Further, the company has informed the Exchange regarding voting results."
10-Jun-2024 19:29:15,Disclosure under SEBI Takeover Regulations,Sudha Dattatray Mhaiskar has Submitted to the Exchange a copy of Disclosure under Regulation 10 (5) of the Securities and Exchange Board of India (Substantial Acquisition of Shares and Takeovers) Regu
06-Jun-2024 17:23:13,Updates,IRB Infrastructure Developers Limited has informed the Exchange regarding Project-wise toll revenue for the Month of May 2024 for the subsidiaries & Joint venture entities of the Company
30-May-2024 16:21:57,Updates,"IRB Infrastructure Developers Limited has informed the Exchange that in terms of the Regulation 30 of the SEBI (Listing Obligations and Disclosure Requirements) Regulations, 2015, the Senior Managemen"
27-May-2024 11:14:27,Disclosure under SEBI Takeover Regulations,Smt. Sudha Dattatray Mhaiskar has Submitted to the Exchange a copy of Disclosure under Regulation 10 (5) of the Securities and Exchange Board of India (Substantial Acquisition of Shares and Takeovers)
13-May-2024 18:47:07,Analysts/Institutional Investor Meet/Con. Call Updates,IRB Infrastructure Developers Limited has informed the Exchange about Transcript
13-May-2024 13:33:25,Copy of Newspaper Publication,IRB Infrastructure Developers Limited has informed the Exchange about Copy of Newspaper Publication
10-May-2024 13:42:43,Shareholders meeting,IRB Infrastructure Developers Limited has informed the Exchange regarding Notice of Postal Ballot
07-May-2024 19:14:55,Analysts/Institutional Investor Meet/Con. Call Updates,IRB Infrastructure Developers Limited has informed the Exchange about Link of Recording
07-May-2024 16:08:55,Record Date,"IRB Infrastructure Developers Limited has informed the Exchange that Record date for the purpose of 3rd Interim Dividend is Wednesday, May 15, 2024."
07-May-2024 15:44:12,Dividend,"IRB Infrastructure Developers Limited has informed the Exchange that Board of Directors at its meeting held on May 07, 2024, declared Interim Dividend of 0.10 per equity share."
07-May-2024 15:40:09,Financial Result Updates,"IRB Infrastructure Developers Limited has submitted to the Exchange, the financial results for the period ended March 31, 2024."
07-May-2024 08:01:39,Updates,IRB Infrastructure Developers Limited has informed the Exchange regarding 'Project-wise toll revenue for the Month of April 2024 for the subsidiaries & Joint venture entities of the Company.'.
03-May-2024 16:13:16,Disclosure under SEBI Takeover Regulations,IRB Infrastructure Developers Limited has Submitted to the Exchange a copy of Disclosure under Regulation 31(4) of the Securities and Exchange Board of India (Substantial Acquisition of Shares and Tak
02-May-2024 16:59:23,Analysts/Institutional Investor Meet/Con. Call Updates,IRB Infrastructure Developers Limited has informed the Exchange about Schedule of meet
30-Apr-2024 18:45:31,Record Date,"IRB Infrastructure Developers Limited has informed the Exchange that Record date for the purpose of Third Interim Dividend, if declared will be May 15, 2024."
26-Apr-2024 12:02:10,Disclosure under SEBI Takeover Regulations,IRB Infrastructure Developers Limited has Submitted to the Exchange a copy of Disclosure under Regulation 31(4) of the Securities and Exchange Board of India (Substantial Acquisition of Shares and Tak
10-Apr-2024 00:36:20,Updates,IRB Infrastructure Developers Limited has informed the Exchange regarding 'Update on arbitration regarding IRB Ahmedabad Vadodara Super Express Tollway Pvt. Ltd.'.
08-Apr-2024 18:20:02,Updates,IRB Infrastructure Developers Limited has informed the Exchange regarding 'Toll Revenue For March 2024'.
03-Apr-2024 17:27:05,Board meeting Cancelled,"With reference to our letter dated March 16, 2024, this is to inform you that the Meeting of the Management Administration and Share Transfer Committee of Board of Directors of the Company scheduled t"
01-Apr-2024 07:58:15,Updates,"IRB Infrastructure Developers Limited has informed the Exchange regarding 'commencement of toll collection w.e.f. April 1, 2024 by IRB Lalitpur Tollway Private Limited, IRB Kota Tollway Private Limite"
31-Mar-2024 12:37:12,Change in Director(s),IRB Infrastructure Developers Limited has informed the Exchange regarding Change in Director(s) of the company.
30-Mar-2024 23:33:13,Updates,IRB Infrastructure Developers Limited has informed the Exchange regarding 'Update regarding Appointed Date for TOT 13 Project'.
30-Mar-2024 23:28:45,Updates,IRB Infrastructure Developers Limited has informed the Exchange regarding 'Update regarding Appointed Date for TOT 12 Project'.
26-Mar-2024 15:53:08,Trading Window,"IRB Infrastructure Developers Limited has informed the Exchange regarding the Trading Window closure pursuant to SEBI (Prohibition of Insider Trading) Regulations, 2015"
21-Mar-2024 20:30:00,Updates,IRB Infrastructure Developers Limited has informed the Exchange regarding 'Update regarding Rights Issue of IRB Infrastructure Trust'.
20-Mar-2024 16:53:02,Credit Rating,IRB Infrastructure Developers Limited has informed the Exchange about Credit Rating
19-Mar-2024 17:56:30,Updates,"IRB Infrastructure Developers Limited has informed the Exchange regarding 'Update regarding Financial Closure achieved by IRB Kota Tollway Private Limited and IRB Gwalior Tollway Private Limited, Proj"
15-Mar-2024 11:57:40,Updates,IRB Infrastructure Developers Limited has informed the Exchange regarding ' Filing of Letter of offer pertaining to Rights Issue of Units of the IRB Infrastructure Trust'.
14-Mar-2024 05:24:05,Outcome of Board Meeting,"IRB Infrastructure Developers Limited has informed the Exchange regarding Outcome of Board meeting held on March 13, 2024 concluded on March 14, 2024."
14-Mar-2024 00:04:11,Updates,IRB Infrastructure Developers Limited has informed the Exchange regarding 'Execution of Definitive Agreements in relation to the implementation of the TOT 12 Project & the TOT 13 Project of IRB Infras
13-Mar-2024 16:44:52,Updates,"IRB Infrastructure Developers Limited has informed the Exchange regarding 'In terms of Regulation 30 of the SEBI (Listing Obligations and Disclosure Requirements) Regulations, 2015,please note that th"
12-Mar-2024 18:28:16,Updates,"IRB Infrastructure Developers Limited has informed the Exchange regarding pre-mature redemption of Unrated, Unlisted, Secured, Redeemable, Non-Convertible Debentures issued by the Company to India Tol"
12-Mar-2024 11:33:34,Updates,"IRB Infrastructure Developers Limited has informed the Exchange regarding 'Successful completion of the issuance of Reg S/ Rule 144A U.S.$ 540,000,000 7.11 % Senior Secured US$ Notes due 2032 ( Notes "
11-Mar-2024 18:53:09,Updates,"IRB Infrastructure Developers Limited has informed the Exchange regarding 'Update regarding Financial Closure achieved by IRB Lalitpur Tollway Private Limited, Project SPV of IRB Infrastructure Trust "
07-Mar-2024 20:05:49,Updates,IRB Infrastructure Developers Limited has informed the Exchange regarding 'Execution of Amended and Restated Debenture Trust Deed amending certain provisions of the debenture trust deed dated February
07-Mar-2024 00:14:43,Updates,IRB Infrastructure Developers Limited has informed the Exchange regarding 'Toll Revenue for February 2024'.
29-Feb-2024 22:42:19,Updates,IRB Infrastructure Developers Limited has informed the Exchange regarding 'Issuance of Reg S/ Rule 144A U.S.$ 540 Million 7.11 % Senior Secured US$ Notes
27-Feb-2024 12:27:54,Updates,"IRB Infrastructure Developers Limited has informed the Exchange that in terms of Regulation 30 of the SEBI (Listing Obligations and Disclosure Requirements) Regulations, 2015, please note that the Sen"
26-Feb-2024 08:43:46,Credit Rating,IRB Infrastructure Developers Limited has informed the Exchange about Credit Rating
26-Feb-2024 08:41:35,Credit Rating,IRB Infrastructure Developers Limited has informed the Exchange about Credit Rating
25-Feb-2024 12:39:48,Analysts/Institutional Investor Meet/Con. Call Updates,IRB Infrastructure Developers Limited has informed the Exchange about Schedule of meet
23-Feb-2024 22:18:58,Updates,IRB Infrastructure Developers Limited has informed the Exchange regarding 'Investor Presentation of IRB Infrastructure Developers Limited.'.
22-Feb-2024 16:12:12,Updates,"IRB Infrastructure Developers Limited has informed the Exchange regarding 'Management Administration and Share Transfer Committee ( MAS Committee ) of the Board of Directors has approved, subject to s"
21-Feb-2024 20:48:57,Analysts/Institutional Investor Meet/Con. Call Updates,IRB Infrastructure Developers Limited has informed the Exchange about Schedule of meet
19-Feb-2024 10:42:21,Updates,"IRB Infrastructure Developers Limited has informed the Exchange that in terms of Regulation 30 of the SEBI (Listing Obligations and Disclosure Requirements) Regulations, 2015, please note that the Sen"
16-Feb-2024 18:03:25,Updates,IRB Infrastructure Developers Limited has informed the Exchange regarding 'Unaudited Condensed Interim Financial Statements of the Company'.
15-Feb-2024 22:27:19,Shareholders meeting,"IRB Infrastructure Developers Limited has informed the Exchange regarding Proceedings of  Postal Ballot. Further, the company has informed the Exchange regarding voting results."
07-Feb-2024 18:37:51,Updates,IRB Infrastructure Developers Limited has informed the Exchange regarding 'Toll Revenue for January 2024'.
07-Feb-2024 18:24:11,Analysts/Institutional Investor Meet/Con. Call Updates,IRB Infrastructure Developers Limited has informed the Exchange about Transcript
06-Feb-2024 15:34:16,Credit Rating,IRB Infrastructure Developers Limited has informed the Exchange about Credit Rating
02-Feb-2024 11:09:36,Analysts/Institutional Investor Meet/Con. Call Updates,IRB Infrastructure Developers Limited has informed the Exchange about Link of Recording
31-Jan-2024 18:26:32,Record Date,IRB Infrastructure Developers Limited has informed the Exchange that Record date for the purpose of 2nd Interim Dividend for FY 2023-24 is 08-Feb-2024.
31-Jan-2024 18:18:51,Updates,IRB Infrastructure Developers Limited has informed the Exchange regarding 'Changes in Chief Executive Officer   Corporate of the Company.'.
31-Jan-2024 18:13:18,Change in Director(s),IRB Infrastructure Developers Limited has informed the Exchange regarding Change in Director(s) of the company.
31-Jan-2024 18:07:12,Dividend,"IRB Infrastructure Developers Limited has informed the Exchange that Board of Directors at its meeting held on January 31, 2024, declared Interim Dividend of Rs.0.10 per equity share and also approved"
31-Jan-2024 18:00:18,Financial Result Updates,"IRB Infrastructure Developers Limited has submitted to the Exchange, the financial results for the period ended December 31, 2023."
28-Jan-2024 15:56:04,Updates,IRB Infrastructure Developers Limited has informed the Exchange regarding 'Update on Arbitration proceedings relating to IRB Infrastructure Trust.
25-Jan-2024 18:00:49,Analysts/Institutional Investor Meet/Con. Call Updates,IRB Infrastructure Developers Limited has informed the Exchange about Schedule of meet
16-Jan-2024 18:17:58,Copy of Newspaper Publication,IRB Infrastructure Developers Limited has informed the Exchange about Copy of Newspaper Publication
16-Jan-2024 17:47:59,Record Date,"IRB Infrastructure Developers Limited has informed the Exchange that Record date for the purpose of Second Interim Dividend, if declared, will be 08-Feb-2024."
15-Jan-2024 17:08:23,Updates,IRB Infrastructure Developers Limited has informed the Exchange regarding 'Issuance of NCDs by Ganga Expressway Project'.
15-Jan-2024 14:16:38,Shareholders meeting,IRB Infrastructure Developers Limited has informed the Exchange regarding Notice of Postal Ballot.
12-Jan-2024 19:50:26,Updates,IRB Infrastructure Developers Limited has informed the Exchange regarding 'Execution of Concession Agreement for TOT-13 Project'.
12-Jan-2024 12:20:41,Updates,IRB Infrastructure Developers Limited has informed the Exchange regarding 'Extension of the term of  advisory services agreements '.
12-Jan-2024 12:14:49,Updates,"IRB Infrastructure Developers Limited has informed the Exchange regarding 'Outcome of Audit Committee and Board meeting held on January 12, 2024 '."
08-Jan-2024 23:05:01,Updates,IRB Infrastructure Developers Limited has informed the Exchange regarding 'Disclosure under Regulation 30 read with Para A of Part A of Schedule III of SEBI (Listing Obligations and Disclosure Require
08-Jan-2024 17:42:08,Updates,IRB Infrastructure Developers Limited has informed the Exchange regarding 'Toll Revenue for December 2023'.
05-Jan-2024 18:22:16,Credit Rating,IRB Infrastructure Developers Limited has informed the Exchange about Credit Rating
04-Jan-2024 18:47:51,Updates,IRB Infrastructure Developers Limited has informed the Exchange regarding 'Implementation of Samakhiyali Santalpur BOT Project by associate of the Company viz. IRB Infrastructure Trust'.
28-Dec-2023 07:07:49,Updates,IRB Infrastructure Developers Limited has informed the Exchange regarding 'Update regarding Appointed date for Samakhiyali Tollway Private Limited'.
26-Dec-2023 16:33:35,Trading Window,"IRB Infrastructure Developers Limited has informed the Exchange regarding the Trading Window closure pursuant to SEBI (Prohibition of Insider Trading) Regulations, 2015"
18-Dec-2023 07:26:36,Updates,"IRB Infrastructure Developers Limited has informed the Exchange that in furtherance to our disclosure dated December 15, 2023, intimating an update provided by IRB Infrastructure Trust - associate of "
15-Dec-2023 21:43:24,Updates,IRB Infrastructure Developers Limited has informed the Exchange regarding 'Update (TOT 13) - Receipt of LOA'.
14-Dec-2023 16:49:32,Updates,IRB Infrastructure Developers Limited has informed the Exchange regarding update provided by IRB Infrastructure Trust - associate of the Company regarding the IRB Infrastructure Trust (the Trust) has 
07-Dec-2023 18:00:00,Updates,IRB Infrastructure Developers Limited has informed the Exchange regarding 'Toll Revenue for November 2023 for the subsidiaries & Joint venture entities of the Company'.
06-Dec-2023 17:48:18,Updates,"IRB Infrastructure Developers Limited has informed the Exchange that In terms of Regulation 30 of the SEBI (Listing Obligations and Disclosure Requirements) Regulations, 2015, please note that the Sen"
01-Dec-2023 18:15:25,Updates,"IRB Infrastructure Developers Limited has informed the Exchange that In terms of Regulation 30 of the SEBI (Listing Obligations and Disclosure Requirements) Regulations, 2015, the Executives of the Co"
27-Nov-2023 15:41:57,Updates,"IRB Infrastructure Developers Limited has informed the Exchange that in terms of Regulation 30 of the SEBI (Listing Obligations and Disclosure Requirements) Regulations, 2015, the Senior Management of"
24-Nov-2023 17:42:57,Updates,IRB Infrastructure Developers Limited has informed the Exchange regarding update provided by IRB Infrastructure Trust - associate of the Company pertaining to execution of Concession Agreement by IRB 
08-Nov-2023 17:06:45,Updates,IRB Infrastructure Developers Limited has informed the Exchange regarding 'Toll Revenue for October 2023 for the subsidiaries & Joint venture entities of the Company'.
03-Nov-2023 17:19:14,Analysts/Institutional Investor Meet/Con. Call Updates,IRB Infrastructure Developers Limited has informed the Exchange about Transcript
01-Nov-2023 08:19:43,Updates,IRB Infrastructure Developers Limited has informed the Exchange regarding 'Update on Refinance Activity - IRB Infrastructure Trust'.
29-Oct-2023 14:33:09,Updates,IRB Infrastructure Developers Limited has informed the Exchange regarding 'an update provided by IRB Infrastructure Trust - associate of the Company regarding the IRB Infrastructure Trust (the Trust) 
27-Oct-2023 18:02:42,Record Date,IRB Infrastructure Developers Limited has informed the Exchange that Record date for the purpose of Dividend  is 06-Nov-2023.
27-Oct-2023 17:54:08,Dividend,"IRB Infrastructure Developers Limited has informed the Exchange that Board of Directors at its meeting held on October 27, 2023, declared Interim Dividend of 0.10 per equity share."
27-Oct-2023 17:49:45,Financial Result Updates,"IRB Infrastructure Developers Limited has submitted to the Exchange, the financial results for the period ended September 30, 2023."
27-Oct-2023 17:29:33,Updates,IRB Infrastructure Developers Limited has informed the Exchange regarding 'a copy of an update provided by IRB Infrastructure Trust - associate of the Company regarding the IRB Infrastructure Trust (t
25-Oct-2023 18:20:53,Analysts/Institutional Investor Meet/Con. Call Updates,IRB Infrastructure Developers Limited has informed the Exchange about Schedule of meet
20-Oct-2023 17:43:26,Record Date,IRB Infrastructure Developers Limited has informed the Exchange that Record date for the purpose of Dividend &  if declared  is 06-Nov-2023.
18-Oct-2023 18:58:00,Spurt in Volume,"Significant increase in volume has been observed in IRB Infrastructure Developers Limited. The Exchange, in order to ensure that investors have latest relevant information about the company and to inf"
18-Oct-2023 18:33:10,Spurt in Volume,"Significant increase in volume has been observed in IRB Infrastructure Developers Limited. The Exchange, in order to ensure that investors have latest relevant information about the company and to inf"
12-Oct-2023 20:23:06,Updates,IRB Infrastructure Developers Limited has informed the Exchange regarding 'Execution of definitive agreements in relation to the implementation of Samakhiyali Santalpur BOT Project'.
09-Oct-2023 08:13:49,Updates,IRB Infrastructure Developers Limited has informed the Exchange regarding 'Toll Revenue for September 2023 for the subsidiaries & Joint venture entities of the Company.'.
29-Sep-2023 23:00:55,Credit Rating,IRB Infrastructure Developers Limited has informed the Exchange about Credit Rating
28-Sep-2023 14:49:04,Trading Window,"IRB Infrastructure Developers Limited has informed the Exchange regarding the Trading Window closure pursuant to SEBI (Prohibition of Insider Trading) Regulations, 2015"
27-Sep-2023 18:58:08,Amendment to AOA/MOA,IRB Infrastructure Developers Limited has informed the Exchange regarding the Amendment to AOA/MOA of the company.
27-Sep-2023 18:48:22,Shareholders meeting,"IRB Infrastructure Developers Limited has informed the Exchange regarding Proceedings of  Annual General Meeting held on September 27, 2023. Further, the company has informed the Exchange regarding vo"
26-Sep-2023 13:23:46,Updates,IRB Infrastructure Developers Limited has informed the Exchange regarding 'Sustainability Report for FY 2022-23'.
21-Sep-2023 16:19:08,Updates,IRB Infrastructure Developers Limited has informed the Exchange regarding 'Update regarding Financial Closure achieved by Samakhiyali Tollway Private Limited'.
13-Sep-2023 18:36:14,Updates,IRB Infrastructure Developers Limited has informed the Exchange regarding 'Issuance of NCDs by Meerut Budaun Expressway Limited i.e. Ganga Expressway Project SPV'
13-Sep-2023 09:17:44,Credit Rating,IRB Infrastructure Developers Limited has informed the Exchange about Credit Rating
10-Sep-2023 16:20:46,Updates,IRB Infrastructure Developers Limited has informed the Exchange regarding 'Toll revenue for August 2023'.
05-Sep-2023 17:02:47,Copy of Newspaper Publication,IRB Infrastructure Developers Limited has informed the Exchange about Copy of Newspaper Publication
04-Sep-2023 17:31:19,Updates,IRB Infrastructure Developers Limited has informed the Exchange regarding 'Business Responsibility and Sustainability Report ( BRSR ) for the Financial Year 2022&#8208;23'.
04-Sep-2023 17:23:10,Shareholders meeting,"IRB Infrastructure Developers Limited has informed the Exchange regarding Notice of Annual General Meeting to be held on September 27, 2023"
30-Aug-2023 14:52:11,Updates,IRB Infrastructure Developers Limited has informed the Exchange regarding 'Intimation of Annual General Meeting of the Company'.
23-Aug-2023 09:56:02,Analysts/Institutional Investor Meet/Con. Call Updates,IRB Infrastructure Developers Limited has informed the Exchange about Intimation of Interactions with analysts/ investors - Regulation 30 of SEBI (Listing Obligations and Disclosure Requirements) Regu
16-Aug-2023 20:59:42,Credit Rating,IRB Infrastructure Developers Limited has informed the Exchange about Credit Rating
14-Aug-2023 19:28:26,Outcome of Board Meeting,"IRB Infrastructure Developers Limited has informed the Exchange regarding  Management Administration and Share Transfer Committee Meeting held on August 14, 2023."
10-Aug-2023 19:41:09,Updates,IRB Infrastructure Developers Limited has informed the Exchange regarding 'Allotment of Units pursuant to the rights issue of units by IRB Infrastructure Trust '.
07-Aug-2023 17:30:03,Analysts/Institutional Investor Meet/Con. Call Updates,IRB Infrastructure Developers Limited has informed the Exchange about Transcript
05-Aug-2023 17:02:20,Updates,IRB Infrastructure Developers Limited has informed the Exchange regarding 'Rights Issue of Units of IRB Infrastructure Trust - Notice to Investors '.
02-Aug-2023 21:08:06,Updates,IRB Infrastructure Developers Limited has informed the Exchange regarding 'Rights issue of Units of IRB Infrastructure Trust - a letter of offer dated August 2. 2023  in connection with the issue of u
01-Aug-2023 18:16:11,Shareholders meeting,"IRB Infrastructure Developers Limited has informed the Exchange regarding Proceedings of  Extraordinary General Meeting held on August 01, 2023. Further, the company has informed the Exchange regardin"
01-Aug-2023 17:53:08,Updates,"IRB Infrastructure Developers Limited has informed the Exchange regarding 'Outcome of the Meeting of the Board of Directors held on July 31, 2023-Machine Readable Form'."
31-Jul-2023 17:13:12,Updates,IRB Infrastructure Developers Limited has informed the Exchange regarding 'Extension regarding monetization of certain non-core assets of the Company/ Group '.
31-Jul-2023 17:05:17,Financial Result Updates,"IRB Infrastructure Developers Limited has submitted to the Exchange, the financial results for the period ended June 30, 2023."
31-Jul-2023 17:00:40,Outcome of Board Meeting,"IRB Infrastructure Developers Limited has informed the Exchange regarding  Board meeting held on July 31, 2023."
30-Jul-2023 11:57:26,Updates,IRB Infrastructure Developers Limited has informed the Exchange regarding 'Execution of definitive agreements in relation to the implementation of Hyderabad Outer Ring Road TOT Project'.
27-Jul-2023 17:33:45,Analysts/Institutional Investor Meet/Con. Call Updates,IRB Infrastructure Developers Limited has informed the Exchange about Schedule of meet
21-Jul-2023 22:54:31,Updates,IRB Infrastructure Developers Limited has informed the Exchange regarding 'Draft letter of offer and public announcement  of Rights Issue of units of the IRB Infrastructure Trust '.
11-Jul-2023 18:32:33,Copy of Newspaper Publication,IRB Infrastructure Developers Limited has informed the Exchange about Copy of Newspaper Publication
10-Jul-2023 14:36:31,Disclosure under SEBI Takeover Regulations,"Virendra D. Mhaiskar, Deepali V. Mhaiskar, Virendra D. Mhaiskar (HUF), Aryan V. Mhaiskar, IRB Holding Private Limited, Smt. Sudha D. Mhaiskar, DSM Projects Private Limited, SDM Ventures Private Limite"
10-Jul-2023 07:05:08,Updates,IRB Infrastructure Developers Limited has informed the Exchange regarding 'Project-wise toll revenue for the Month of June 2023 for the subsidiaries & Joint venture entities of the Company'.
08-Jul-2023 17:47:35,Shareholders meeting,"IRB Infrastructure Developers Limited has informed the Exchange regarding Notice of Extraordinary General Meeting to be held on August 01, 2023"
29-Jun-2023 18:55:24,Trading Window,"IRB Infrastructure Developers Limited has informed the Exchange regarding the Trading Window closure pursuant to SEBI (Prohibition of Insider Trading) Regulations, 2015"
08-Jun-2023 20:50:41,Updates,IRB Infrastructure Developers Limited has informed the Exchange regarding 'Project-wise toll revenue for the Month of May 2023 for the subsidiaries & Joint venture entities of the Company'.
07-Jun-2023 14:52:01,Analysts/Institutional Investor Meet/Con. Call Updates,IRB Infrastructure Developers Limited has informed the Exchange about Schedule of meet
28-May-2023 19:57:08,Updates,"IRB Infrastructure Developers Limited has informed the Exchange regarding 'IRB Golconda Expressway Private Limited - SPV incorporated to implement Hyderabad Outer Ring Road Project, has now executed C"
25-May-2023 18:32:23,Analysts/Institutional Investor Meet/Con. Call Updates,IRB Infrastructure Developers Limited has informed the Exchange about Transcript
24-May-2023 14:54:49,Annual Secretarial Compliance Report,"Pursuant to Regulation 24A of the Securities and Exchange Board of India (Listing Obligations andDisclosure Requirements) Regulations, 2015, we hereby furnish Annual Secretarial ComplianceReport for t"
19-May-2023 23:44:58,Related Party Transactions,IRB Infrastructure Developers Limited has informed the Exchange about related Party Transactions
19-May-2023 15:39:25,Record Date,IRB Infrastructure Developers Limited has informed the Exchange that Record date for the purpose of Dividend  is 29-May-2023.
19-May-2023 15:36:16,Dividend,"IRB Infrastructure Developers Limited has informed the Exchange that Board of Directors at its meeting held on May 19, 2023, declared Interim Dividend of Rs. 0.075 per equity share."
19-May-2023 15:31:38,Financial Result Updates,"IRB Infrastructure Developers Limited has submitted to the Exchange, the financial results for the period ended March 31, 2023."
18-May-2023 16:18:22,Analysts/Institutional Investor Meet/Con. Call Updates,IRB Infrastructure Developers Limited has informed the Exchange about Schedule of meet
16-May-2023 18:28:09,Updates,IRB Infrastructure Developers Limited has informed the Exchange regarding 'Issuance of NCDs by Ganga Expressway Project'.
12-May-2023 19:30:08,Record Date,IRB Infrastructure Developers Limited has informed the Exchange that Record date for the purpose of Dividend  is 29-May-2023.
12-May-2023 17:16:14,Updates,IRB Infrastructure Developers Limited has informed the Exchange regarding 'Execution of concession agreement with NHAI for Samakhiyali to Santalpur Project'.
11-May-2023 12:34:50,Disclosure under SEBI Takeover Regulations,IDEAL TOLL & INFRASTRUCTURE PRIVATE LIMITED has Submitted to the Exchange a copy of Disclosure under Regulation 31(4) of the Securities and Exchange Board of India (Substantial Acquisition of Shares a
09-May-2023 20:35:03,Updates,IRB Infrastructure Developers Limited has informed the Exchange regarding 'Toll Revenue for April 2023 (Reg 30 of SEBI LODR)'.
28-Apr-2023 20:00:55,Analysts/Institutional Investor Meet/Con. Call Updates,IRB Infrastructure Developers Limited has informed the Exchange about Schedule of meet
27-Apr-2023 16:56:22,Updates,IRB Infrastructure Developers Limited has informed the Exchange regarding 'Update  Award of Hyderabad Outer Ring Road Project'.
10-Apr-2023 18:54:07,Updates,IRB Infrastructure Developers Limited has informed the Exchange regarding 'Toll Revenue for March 2023 '.
08-Apr-2023 14:43:40,Updates,IRB Infrastructure Developers Limited has informed the Exchange regarding 'an update regarding the Hapur Moradabad Project provided by IRB Infrastructure Trust - associate of the Company. Please note 
03-Apr-2023 15:02:40,Updates,IRB Infrastructure Developers Limited has informed the Exchange regarding 'Update regarding listing of IRB Infrastructure Trust'.
31-Mar-2023 18:31:58,Updates,IRB Infrastructure Developers Limited has informed the Exchange regarding 'Listing of IRB Infrastructure Trust'.
30-Mar-2023 12:49:14,Trading Window,"IRB Infrastructure Developers Limited has informed the Exchange regarding the Trading Window closure pursuant to SEBI (Prohibition of Insider Trading) Regulations, 2015"
24-Mar-2023 17:00:32,Updates,IRB Infrastructure Developers Limited has informed the Exchange regarding 'Issue of Provisional Certificate No. 3 for the Project implemented by IRB Westcoast Tollway Limited'.
22-Mar-2023 22:28:03,Updates,IRB Infrastructure Developers Limited has informed the Exchange regarding 'General Update - Condensed Financial Statements of IRB Infrastructure Trust'.
22-Mar-2023 16:38:41,Updates,IRB Infrastructure Developers Limited has informed the Exchange regarding 'Approval of the listing of the units of IRB Infrastructure Trust by the Investment Manager of the Trust '.
21-Mar-2023 18:46:14,Updates,IRB Infrastructure Developers Limited has informed the Exchange regarding 'Update regarding IRB Infrastructure Trust'.
14-Mar-2023 10:52:46,Analysts/Institutional Investor Meet/Con. Call Updates,IRB Infrastructure Developers Limited has informed the Exchange about Schedule of meet
09-Mar-2023 17:40:45,Updates,IRB Infrastructure Developers Limited has informed the Exchange regarding 'Toll Revenue For February 2023'.
24-Feb-2023 18:50:03,Updates,IRB Infrastructure Developers Limited has informed the Exchange regarding 'Update - LOA'.
23-Feb-2023 10:23:47,Analysts/Institutional Investor Meet/Con. Call Updates,IRB Infrastructure Developers Limited has informed the Exchange about Schedule of meet
21-Feb-2023 17:40:48,Analysts/Institutional Investor Meet/Con. Call Updates,IRB Infrastructure Developers Limited has informed the Exchange about Transcript
21-Feb-2023 14:07:47,Updates,IRB Infrastructure Developers Limited has informed the Exchange regarding 'Company has emerged as a preferred bidder for the project of  Upgradation to Six Lane with paved Shoulder of NH-27 from Samak
15-Feb-2023 17:46:54,Analysts/Institutional Investor Meet/Con. Call Updates,IRB Infrastructure Developers Limited has informed the Exchange about Schedule of meet
13-Feb-2023 19:52:49,Financial Result Updates,"IRB Infrastructure Developers Limited has submitted to the Exchange, the financial results for the period ended December 31, 2022."
10-Feb-2023 15:24:06,Updates,IRB Infrastructure Developers Limited has informed the Exchange regarding 'Intimation of Earnings Call '.
08-Feb-2023 19:45:04,Credit Rating,IRB Infrastructure Developers Limited has informed the Exchange about Credit Rating
08-Feb-2023 07:57:53,Updates,IRB Infrastructure Developers Limited has informed the Exchange regarding 'Toll Revenue for January 2023 (Reg 30 of SEBI LODR)'.
06-Feb-2023 20:25:56,Record Date,IRB Infrastructure Developers Limited has informed the Exchange that Record date for the purpose of Split/Subdivision  is 22-Feb-2023.
06-Feb-2023 20:13:45,Shareholders meeting,"IRB Infrastructure Developers Limited has informed the Exchange regarding Proceedings of  Postal Ballot. Further, the company has informed the Exchange regarding voting results."
06-Feb-2023 16:08:10,Analysts/Institutional Investor Meet/Con. Call Updates,IRB Infrastructure Developers Limited has informed the Exchange about Schedule of meet
28-Jan-2023 12:44:24,Credit Rating,IRB Infrastructure Developers Limited has informed the Exchange about Credit Rating
24-Jan-2023 17:48:44,Updates,IRB Infrastructure Developers Limited has informed the Exchange regarding ' Appointed date for Chittoor Thachur Highway Private Limited'.
13-Jan-2023 16:10:38,Updates,IRB Infrastructure Developers Limited has informed the Exchange regarding 'Sustainability Report for FY 2021-22'.
09-Jan-2023 16:25:37,Updates,IRB Infrastructure Developers Limited has informed the Exchange regarding 'Toll Revenue for December 2022 '.
06-Jan-2023 16:11:41,Copy of Newspaper Publication,IRB Infrastructure Developers Limited has informed the Exchange about Copy of Newspaper Publication
05-Jan-2023 19:13:57,Shareholders meeting,IRB Infrastructure Developers Limited has informed the Exchange regarding Notice of Postal Ballot
04-Jan-2023 17:36:34,Stock split,IRB Infrastructure Developers Limited has informed the Exchange about Stock split
04-Jan-2023 17:21:38,Stock split,"IRB Infrastructure Developers Limited has informed the Exchange that the Board of Directors at its meeting held on January 04, 2023, has considered and approved subdivision of 615000000 equity shares "
29-Dec-2022 17:26:11,Updates,IRB Infrastructure Developers Limited has informed the Exchange regarding 'Update regarding the Udaipur Tollway Limited   Subsidiary of Joint Venture'.
29-Dec-2022 16:43:54,Trading Window,"IRB Infrastructure Developers Limited has informed the Exchange regarding the Trading Window closure pursuant to SEBI (Prohibition of Insider Trading) Regulations, 2015"
19-Dec-2022 21:22:08,Stock split,IRB Infrastructure Developers Limited has informed the Exchange about Stock split
09-Dec-2022 15:58:21,Schedule of Analysts/Institutional Investor Meet/Con. Call,IRB Infrastructure Developers Limited has informed the Exchange about Schedule of Analysts/Institutional Investor Meet/Con. Call 
08-Dec-2022 11:42:40,Schedule of Analysts/Institutional Investor Meet/Con. Call,IRB Infrastructure Developers Limited has informed the Exchange about Schedule of Analysts/Institutional Investor Meet/Con. Call 
05-Dec-2022 17:30:48,General updates,IRB Infrastructure Developers Limited has informed the Exchange about Toll Revenue for November 2022
21-Nov-2022 16:28:12,Schedule of Analysts/Institutional Investor Meet/Con. Call,IRB Infrastructure Developers Limited has informed the Exchange about Schedule of Analysts/Institutional Investor Meet/Con. Call 
14-Nov-2022 17:23:45,Schedule of Analysts/Institutional Investor Meet/Con. Call,IRB Infrastructure Developers Limited has informed the Exchange about Schedule of Analysts/Institutional Investor Meet/Con. Call 
14-Nov-2022 17:17:30,Schedule of Analysts/Institutional Investor Meet/Con. Call,IRB Infrastructure Developers Limited has informed the Exchange about Schedule of Analysts/Institutional Investor Meet/Con. Call 
08-Nov-2022 20:13:30,General updates,IRB Infrastructure Developers Limited has informed the Exchange about Toll Revenue for October 2022 and September 2022
07-Nov-2022 19:29:00,Spurt in Volume,"IRB : Significant increase in volume has been observed in IRB Infrastructure Developers Limited. The Exchange, in order to ensure that investors have latest relevant information about the company and "
07-Nov-2022 17:25:45,Spurt in Volume,"IRB : Significant increase in volume has been observed in IRB Infrastructure Developers Limited. The Exchange, in order to ensure that investors have latest relevant information about the company and "
03-Nov-2022 19:06:18,Related Party Transaction,IRB Infrastructure Developers Limited has informed the Exchange about related party transaction for the period ended September 2022
01-Nov-2022 17:21:24,General updates,"IRB Infrastructure Developers Limited has informed the Exchange about Receipt of NHAI approval for transfer of Vadodara Kim Expressway Project (���VK1 Project���) ��� subsidiary of IRB, to IRB InvIT F"
31-Oct-2022 17:05:42,Transcript of Analysts/Institutional Investor Meet/Con. Call,IRB Infrastructure Developers Limited has informed the Exchange about Transcript of Analysts/Institutional Investor Meet/Con. Call 
27-Oct-2022 18:23:15,General updates,IRB Infrastructure Developers Limited has informed the Exchange about Update regarding the Ganga Expressway Project - Meerut Buduan Expressway Limited has allotted the first tranche of Indian-rupee de
21-Oct-2022 12:22:30,Outcome of Board Meeting,IRB Infrastructure Developers Limited  has informed the Exchange about Board Meeting held on 21-Oct-2022 to consider financial statements for the period ended September 2022
19-Oct-2022 19:48:24,General updates,IRB Infrastructure Developers Limited has informed the Exchange about Meerut Budaun Expressway Limited has successfully completed equity fund raising by way of preferential allotment of equity shares 
19-Oct-2022 18:02:35,General updates,"IRB Infrastructure Developers Limited has informed the Exchange about Intimation of Earnings Call to be held on 04.00 p.m. IST on October 21, 2022."
16-Oct-2022 19:36:39,General updates,IRB Infrastructure Developers Limited has informed the Exchange about Execution of definitive agreements in relation to the implementation of the Ganga Expressway Project 
14-Oct-2022 19:44:51,General updates,IRB Infrastructure Developers Limited has informed the Exchange about Execution of definitive agreement in relation to Transfer of Vadodara Kim Expressway Project (���VK1 Project���) to IRB InvIT Fund
14-Oct-2022 19:25:21,General updates,IRB Infrastructure Developers Limited has informed the Exchange about Issuance of Completion Certificate for VK1 Expressway Private Limited
12-Oct-2022 22:16:42,General updates,IRB Infrastructure Developers Limited has informed the Exchange about Update regarding Appointed date for Meerut Budaun Expressway Limited
10-Oct-2022 21:09:09,General updates,IRB Infrastructure Developers Limited has informed the Exchange about Toll Revenue for September 2022 and August 2022 (Reg 30 of SEBI LODR)
04-Oct-2022 17:52:51,General updates,IRB Infrastructure Developers Limited has informed the Exchange about Refinance of Project Loan by Solapur Yedeshi Tollway Limited (Project SPV of IRB Infrastructure Trust) through issuance of NCDs on
03-Oct-2022 19:43:00,Credit Rating,IRB Infrastructure Developers Limited has informed the Exchange about Affirmation of Credit Rating
30-Sep-2022 17:58:09,Schedule of Analysts/Institutional Investor Meet/Con. Call,IRB Infrastructure Developers Limited has informed the Exchange about Schedule of Analysts/Institutional Investor Meet/Con. Call 
29-Sep-2022 16:57:54,Closure of trading window,IRB Infrastructure Developers Limited has informed the Exchange about Closure of trading window
22-Sep-2022 11:38:06,General updates,IRB Infrastructure Developers Limited has informed the Exchange about Refinance of Project Loan by Solapur Yedeshi Tollway Limited (Project SPV of IRB Infrastructure Trust) through issuance of NCDs on
20-Sep-2022 20:27:24,Annual General Meeting,IRB Infrastructure Developers Limited has informed the Exchange about Voting results and  Proceedings of Annual General Meeting held on 20-Sep-2022
19-Sep-2022 10:56:00,Schedule of Analysts/Institutional Investor Meet/Con. Call,IRB Infrastructure Developers Limited has informed the Exchange about Schedule of Analysts/Institutional Investor Meet/Con. Call 
14-Sep-2022 15:02:40,Schedule of Analysts/Institutional Investor Meet/Con. Call,IRB Infrastructure Developers Limited has informed the Exchange about Schedule of Analysts/Institutional Investor Meet/Con. Call 
12-Sep-2022 18:31:10,General updates,IRB Infrastructure Developers Limited has informed the Exchange about Toll Revenue for August 2022 and July 2022 (Reg 30 of SEBI LODR)
09-Sep-2022 18:37:36,General updates,IRB Infrastructure Developers Limited has informed the Exchange about Refinance of Project Loan by Yedeshi Aurangabad Tollway Limited (Project SPV of IRB Infrastructure Trust) through issuance of NCDs
30-Aug-2022 16:25:42,General updates,IRB Infrastructure Developers Limited has informed the Exchange about Refinance of Project Loan by Yedeshi Aurangabad Tollway Limited (Project SPV of IRB Infrastructure Trust) through issuance of NCDs
26-Aug-2022 17:29:15,Newspaper Advertisements,IRB Infrastructure Developers Limited has informed the Exchange about Newspaper Advertisements
22-Aug-2022 19:30:15,Annual General Meeting,IRB Infrastructure Developers Limited has informed the Exchange about Notice of Annual General Meeting to be held on 20-Sep-2022
17-Aug-2022 13:25:45,Credit Rating,IRB Infrastructure Developers Limited has informed the Exchange about Upgrade of Credit Rating
16-Aug-2022 17:40:06,Transcript of Analysts/Institutional Investor Meet/Con. Call,IRB Infrastructure Developers Limited has informed the Exchange about Transcript of Analysts/Institutional Investor Meet/Con. Call 
10-Aug-2022 07:27:00,General updates,IRB Infrastructure Developers Limited has informed the Exchange about Toll Revenue for July 2022 and June 2022 (Reg 30 of SEBI LODR)
05-Aug-2022 20:58:30,Resignation,IRB Infrastructure Developers Limited  has informed the Exchange about resignation of Carlos Ricardo Ugarte Cruz Coke  as Non Executive - Non Independent Director of the company w.e.f. 05-Aug-2022
05-Aug-2022 20:57:18,Re-appointment,IRB Infrastructure Developers Limited  has informed the Exchange about re-appointment of Virendra Mhaiskar as Managing Director of the company
05-Aug-2022 20:54:30,Appointment,IRB Infrastructure Developers Limited  has informed the Exchange about appointment of Ravindra Dhariwal as Non Executive - Non Independent Director of the company w.e.f. 05-Aug-2022
05-Aug-2022 20:46:00,Appointment,IRB Infrastructure Developers Limited  has informed the Exchange about appointment of M S K A & Associates as Statutory Auditor of the company w.e.f. 05-Aug-2022
05-Aug-2022 20:39:18,Dividend,IRB Infrastructure Developers Limited has informed the Exchange about Interim dividend at the rate of 1.25 per share
05-Aug-2022 20:29:32,Outcome of Board Meeting,IRB Infrastructure Developers Limited  has informed the Exchange about Board Meeting held on 05-Aug-2022 to consider financial statements for the period ended June 2022 and Dividend and approved trans
05-Aug-2022 20:29:30,Dividend,"IRB Infrastructure Developers Limited has informed the Exchange that Board of Directors at its meeting held on 05-Aug-2022, declared Dividend of Rs. 1.25 per equity share."
03-Aug-2022 17:40:57,General updates,IRB Infrastructure Developers Limited has informed the Exchange about Intimation of Earnings Call
29-Jul-2022 17:22:03,Record Date,IRB Infrastructure Developers Limited has informed the Exchange that Record date for the purpose of Dividend  is 17-Aug-2022.
21-Jul-2022 13:50:57,General updates,IRB Infrastructure Developers Limited has informed the Exchange about Completion Certificate for Kishangarh - Gulabpura Project & toll rates revision 
15-Jul-2022 21:37:21,Schedule of Analysts/Institutional Investor Meet/Con. Call,IRB Infrastructure Developers Limited has informed the Exchange about Schedule of Analysts/Institutional Investor Meet/Con. Call 
13-Jul-2022 18:14:27,Schedule of Analysts/Institutional Investor Meet/Con. Call,IRB Infrastructure Developers Limited has informed the Exchange about Schedule of Analysts/Institutional Investor Meet/Con. Call 
09-Jul-2022 22:26:33,General updates,IRB Infrastructure Developers Limited has informed the Exchange about Toll Revenue for June 2022 and May 2022 (Reg 30 of SEBI LODR)
01-Jul-2022 08:24:24,General updates,IRB Infrastructure Developers Limited has informed the Exchange about Completion Certificate for Hapur Moradabad Project & toll rates revision 
29-Jun-2022 16:29:03,Closure of trading window,IRB Infrastructure Developers Limited has informed the Exchange about Closure of trading window
22-Jun-2022 17:53:54,General updates,IRB Infrastructure Developers Limited has informed the Exchange about Receipt of Rs. 308 Crore as part payment towards Arbitral Award relating to IRB Pathankot Amritsar Toll Road Ltd (���IPATRL���) 
16-Jun-2022 07:44:42,General updates,IRB Infrastructure Developers Limited has informed the Exchange about Update regarding Financial Closure achieved by Meerut Budaun Expressway Limited
10-Jun-2022 08:49:48,General updates,IRB Infrastructure Developers Limited has informed the Exchange about Toll Revenue for May 2022 and April 2022 (Reg 30 of SEBI LODR)
06-Jun-2022 19:09:48,General updates,IRB Infrastructure Developers Limited has informed the Exchange about Preliminary non-binding proposal for transfer of the Vadodara Kim Expressway Project to the IRB InvIT Fund
31-May-2022 21:38:18,Related Party Transaction,IRB Infrastructure Developers Limited has informed the Exchange about related party transaction for the period ended March 2022
23-May-2022 17:17:55,Transcript of Analysts/Institutional Investor Meet/Con. Call,"IRB Infrastructure Developers Limited has informed the Exchange about Transcript for the Earnings Call held on May 18, 2022"
20-May-2022 08:07:31,General updates,IRB Infrastructure Developers Limited has informed the Exchange about Update regarding Appointed date for Pathankot Mandi Highway Private Limited
18-May-2022 18:31:19,General updates,IRB Infrastructure Developers Limited has informed the Exchange about update regarding Financial Closure achieved by Chittoor Thachur Highway Private Limited
17-May-2022 20:08:32,General updates,IRB Infrastructure Developers Limited has informed the Exchange about Update on advisory services agreements 
17-May-2022 19:24:34,General updates,IRB Infrastructure Developers Limited has informed the Exchange about Statement on Deviation or Variation of funds raised through preferential issue.
17-May-2022 16:15:06,Financial Result Updates,"IRB Infrastructure Developers Limited has submitted to the Exchange, the financial results for the period ended March 31, 2022."
17-May-2022 16:13:49,Outcome of Board Meeting,IRB Infrastructure Developers Limited  has informed the Exchange about Board Meeting held on 17-May-2022 to consider financial statements for the period ended March 2022
16-May-2022 19:04:16,General updates,IRB Infrastructure Developers Limited has informed the Exchange about Toll Revenue for April 2022 and March 2022 (Reg 30 of SEBI LODR)
13-May-2022 19:11:23,General updates,"IRB Infrastructure Developers Limited has informed the Exchange about Intimation of Earnings Call - The Company will conduct an earnings call at 11.00 am IST on May 18, 2022."
10-May-2022 18:19:36,General updates,"IRB Infrastructure Developers Limited has informed the Exchange about Intimation of Board meeting to be held on Tuesday, May 17, 2022 to consider and take on record, inter-alia, Audited Financial Resu"
04-May-2022 21:37:21,Postal Ballot,IRB Infrastructure Developers Limited has informed the Exchange about Voting results and  Proceedings of Postal Ballot
30-Apr-2022 09:35:38,Credit Rating,IRB Infrastructure Developers Limited has informed the Exchange about Affirmation of Credit Rating and Revised Outlook from Negative to Positive by India Ratings and Research (Ind-Ra)
21-Apr-2022 21:17:42,General updates,"IRB Infrastructure Developers Limited has informed the Exchange about IRB Infrastructure Trust (���the Trust���) ��� Associate of the Company, has successfully completed fund raising by way of Rights "
15-Apr-2022 17:31:30,General updates,IRB Infrastructure Developers Limited has informed the Exchange about Toll Revenue for March 2022 and February 2022 (Reg 30 of SEBI LODR)
08-Apr-2022 18:32:43,Disclosure under SEBI Takeover Regulations,Promoter/Promoter Group of IRB Infrastructure Developers Limited has submitted a disclosure under Regulation 31(4) of SEBI Takeover Regulations for the year ended 31-Mar-2022
05-Apr-2022 16:43:17,Newspaper Advertisements,IRB Infrastructure Developers Limited has informed the Exchange about Newspaper Advertisements
04-Apr-2022 18:34:21,General updates,IRB Infrastructure Developers Limited has informed the Exchange about Issue of Provisional Certificate for VK1 Expressway Private Limited
04-Apr-2022 10:51:25,Postal Ballot,IRB Infrastructure Developers Limited has informed the Exchange about Notice of Postal Ballot
04-Apr-2022 07:46:11,General updates,IRB Infrastructure Developers Limited has informed the Exchange about Update regarding Appointed date for Palsit Dankuni Tollway Private Limited
30-Mar-2022 16:35:33,Closure of trading window,IRB Infrastructure Developers Limited has informed the Exchange about Closure of trading window
29-Mar-2022 18:20:27,General updates,"IRB Infrastructure Developers Limited has informed the Exchange about Outcome of Board Meeting held on March 29, 2022"
28-Mar-2022 21:39:03,Schedule of Analysts/Institutional Investor Meet/Con. Call,IRB Infrastructure Developers Limited has informed the Exchange about Schedule of Analysts/Institutional Investor Meet/Con. Call 
22-Mar-2022 16:00:27,General updates,IRB Infrastructure Developers Limited has informed the Exchange about Toll Revenue for January 2022 and February 2022 (Reg 30 of SEBI LODR)
09-Mar-2022 20:32:11,General updates,IRB Infrastructure Developers Limited has informed the Exchange about Update on Arbitration proceedings relating to the Company
09-Mar-2022 20:27:07,General updates,IRB Infrastructure Developers Limited has informed the Exchange about Update on Arbitration proceedings relating to IRB Goa Tollway Pvt. Ltd (���IRBGT���) 
28-Feb-2022 17:33:01,General updates,IRB Infrastructure Developers Limited has informed the Exchange about Issue of Provisional Certificate no. 2 for the Project implemented by IRB Westcoast Tollway Limited
25-Feb-2022 15:04:22,Schedule of Analysts/Institutional Investor Meet/Con. Call,IRB Infrastructure Developers Limited has informed the Exchange about Schedule of Analysts/Institutional Investor Meet/Con. Call 
12-Feb-2022 11:49:42,Credit Rating,IRB Infrastructure Developers Limited has informed the Exchange about Credit Rating
10-Feb-2022 20:06:40,Statement of deviation(s) or variation(s) under Reg. 32,IRB Infrastructure Developers Limited has informed the Exchange about statement of deviation(s) or variation(s) under Reg. 32
10-Feb-2022 20:02:15,Change in Director(s),IRB Infrastructure Developers Limited has informed the Exchange regarding Change in Director(s) of the company.
10-Feb-2022 19:40:32,Updates,"IRB Infrastructure Developers Limited has informed the Exchange regarding 'Press release and Un-audited Consolidated & Standalone Financial Results for the quarter and nine months ended December 31, 2"
10-Feb-2022 18:07:39,Financial Result Updates,"IRB Infrastructure Developers Limited has submitted to the Exchange, the financial results for the period ended December 31, 2021."
10-Feb-2022 18:04:38,Outcome of Board Meeting,"IRB Infrastructure Developers Limited has informed the Exchange regarding  Board meeting held on February 10, 2022."
09-Feb-2022 15:40:48,Updates,IRB Infrastructure Developers Limited has informed the Exchange regarding 'Intimation of Earnings Call '.
10-Jan-2022 21:07:46,Updates,IRB Infrastructure Developers Limited has informed the Exchange regarding 'Update regarding Financial Closure achieved by Palsit Dankuni Tollway Private Limited'.
06-Jan-2022 11:56:02,Updates,IRB Infrastructure Developers Limited has informed the Exchange regarding 'Update   Ganga Expressway (Group   I) '.
05-Jan-2022 16:59:28,Updates,"IRB Infrastructure Developers Limited has informed the Exchange regarding 'Intimation regarding pre-mature redemption of Secured, Dematerialized, Redeemable, Unlisted, Unrated, Taxable, Non-Convertibl"
30-Dec-2021 16:32:38,Trading Window,"IRB Infrastructure Developers Limited has informed the Exchange regarding the Trading Window closure pursuant to SEBI (Prohibition of Insider Trading) Regulations, 2015"
29-Dec-2021 16:03:43,Updates,IRB Infrastructure Developers Limited has informed the Exchange regarding 'Alteration of the terms or structure of any existing securities'.
29-Dec-2021 16:00:57,Amendment to AOA/MOA,IRB Infrastructure Developers Limited has informed the Exchange regarding the Amendment to AOA/MOA of the company.
29-Dec-2021 15:58:53,Change in Director(s),IRB Infrastructure Developers Limited has informed the Exchange regarding Change in Director(s) of the company.
29-Dec-2021 15:56:29,Allotment of Securities,"IRB Infrastructure Developers Limited has informed the Exchange regarding allotment of 252450000 securities pursuant to Preferential Issue at its meeting held on December 29, 2021"
22-Dec-2021 14:38:57,Updates,IRB Infrastructure Developers Limited has informed the Exchange regarding 'Approval of the terms of advisory service agreement '.
21-Dec-2021 16:12:40,Updates,"IRB Infrastructure Developers Limited has informed the Exchange regarding 'Chittoor Thachur Highway Private Limited, Wholly-owned Subsidiary of the Company has now executed Concession Agreement with N"
17-Dec-2021 16:21:38,Updates,IRB Infrastructure Developers Limited has informed the Exchange regarding 'Receipt of Letter of Award (LOA)'.
16-Dec-2021 14:22:24,Updates,IRB Infrastructure Developers Limited has informed the Exchange regarding 'Update on Re-commencement of Toll Collection of Kaithal Tollway Limited'.
10-Dec-2021 17:37:36,Updates,IRB Infrastructure Developers Limited has informed the Exchange regarding 'Update regarding Financial Closure achieved by Pathankot Mandi Highway Private Limited - Wholly-owned Subsidiary of the Compa
01-Dec-2021 16:00:41,Analysts/Institutional Investor Meet/Con. Call Updates,"IRB Infrastructure Developers Limited has informed the Exchange about participation in the 6th Motilal Oswal Ideation Conference, 2021 held on  1st December, 2021"
30-Nov-2021 20:54:48,Trading Window,"IRB Infrastructure Developers Limited has informed the Exchange regarding the Trading Window closure pursuant to SEBI (Prohibition of Insider Trading) Regulations, 2015"
30-Nov-2021 08:23:22,Updates,"IRB Infrastructure Developers Limited has informed the Exchange regarding 'In furtherance of our letter dated October 26, 2021 and in accordance with Regulation 30 read with Schedule III of the SEBI L"
29-Nov-2021 00:13:58,Updates,"IRB Infrastructure Developers Limited has informed the Exchange regarding 'In furtherance of our letter dated October 26, 2021 and in accordance with Regulation 30 read with Schedule III of the SEBI L"
20-Nov-2021 13:53:44,Shareholders meeting,"IRB Infrastructure Developers Limited has informed the Exchange regarding Proceedings of  Extraordinary General Meeting held on November 20, 2021. Further, the company has informed the Exchange regard"
09-Nov-2021 15:58:44,Updates,IRB Infrastructure Developers Limited has informed the Exchange regarding 'Update regarding Appointed date for VM7 Expressway Private Limited'.
02-Nov-2021 10:59:56,Related Party Transactions,IRB Infrastructure Developers Limited has informed the Exchange about related Party Transactions
30-Oct-2021 13:05:00,Updates,"IRB Infrastructure Developers Limited has informed the Exchange regarding 'Statutory Auditors Certificate(s) u/s Reg. 163(2) of Securities and Exchange Board of India (ICDR) Regulations, 2018'."
26-Oct-2021 22:42:02,Shareholders meeting,"IRB Infrastructure Developers Limited has informed the Exchange regarding Notice of Extraordinary General Meeting to be held on November 20, 2021"
26-Oct-2021 16:07:48,Financial Result Updates,"IRB Infrastructure Developers Limited has submitted to the Exchange, the financial results for the period ended September 30, 2021."
26-Oct-2021 16:05:50,Outcome of Board Meeting,"IRB Infrastructure Developers Limited has informed the Exchange regarding  Board meeting held on October 26, 2021."
25-Oct-2021 17:39:00,Updates,IRB Infrastructure Developers Limited has informed the Exchange regarding 'Intimation of Earning Call'.
09-Oct-2021 11:08:37,Updates,IRB Infrastructure Developers Limited has informed the Exchange regarding 'Update : Pune-Nashik BOT Project'.
30-Sep-2021 19:19:58,Shareholders meeting,"IRB Infrastructure Developers Limited has informed the Exchange regarding Proceedings of  Annual General Meeting held on September 30, 2021. Further, the company has informed the Exchange regarding vo"
30-Sep-2021 17:56:07,Updates,"IRB Infrastructure Developers Limited has informed the Exchange regarding 'Outcome of the Management Administration and Share Transfer Committee Meeting held on September 30, 2021 for the allotment of"
29-Sep-2021 11:56:42,Trading Window,"IRB Infrastructure Developers Limited has informed the Exchange regarding the Trading Window closure pursuant to SEBI (Prohibition of Insider Trading) Regulations, 2015"
25-Sep-2021 16:21:40,Updates,IRB Infrastructure Developers Limited has informed the Exchange regarding 'Receipt of Letter of Award (LoA)'.
23-Sep-2021 11:34:16,Analysts/Institutional Investor Meet/Con. Call Updates,IRB Infrastructure Developers Limited has informed the Exchange about Analysts/Institutional Investor Meet/Con. Call Updates
18-Sep-2021 12:05:56,Updates,"IRB Infrastructure Developers Limited has informed the Exchange regarding 'We are pleased to inform you that IRB Sindhudurg Airport Private Limited, wholly owned subsidiary the Company ( the Company )"
03-Sep-2021 16:05:13,Updates,IRB Infrastructure Developers Limited has informed the Exchange regarding 'Intimation of Annual General Meeting of the Company'.
02-Sep-2021 16:37:41,Updates,IRB Infrastructure Developers Limited has informed the Exchange regarding 'the Company has emerged as a preferred bidder for Chittoor   Thachur Six Laning Highway Hybrid Annuity Project in Tamil Nadu 
15-Aug-2021 12:00:59,Updates,IRB Infrastructure Developers Limited has informed the Exchange regarding 'Completion Certificate for project implemented by CG Tollway Limited'.
10-Aug-2021 16:19:58,Outcome of Board Meeting,"IRB Infrastructure Developers Limited has informed the Exchange regarding  Board meeting held on August 10, 2021."
10-Aug-2021 16:17:46,Financial Result Updates,"IRB Infrastructure Developers Limited has submitted to the Exchange, the financial results for the period ended June 30, 2021."
09-Aug-2021 19:53:57,Updates,IRB Infrastructure Developers Limited has informed the Exchange regarding 'Revised Intimation of Earnings Call '.
09-Aug-2021 11:14:33,Updates,IRB Infrastructure Developers Limited has informed the Exchange regarding 'Intimation of Earning Call'.
29-Jul-2021 17:48:20,Updates,IRB Infrastructure Developers Limited has informed the Exchange regarding 'Updated Corporate Presentation - Q4FY21'.
27-Jul-2021 13:49:10,Updates,IRB Infrastructure Developers Limited has informed the Exchange regarding 'Press Release'.
26-Jul-2021 16:33:09,Updates,IRB Infrastructure Developers Limited has informed the Exchange regarding 'IRB Infrastructure Trust   Private InvIT has successfully closed fund raising by way of Rights Issue of Units amounting to Rs
21-Jul-2021 20:25:12,Credit Rating,IRB Infrastructure Developers Limited has informed the Exchange about Credit Rating
15-Jul-2021 19:31:43,Updates,IRB Infrastructure Developers Limited has informed the Exchange regarding 'Update on Arbitration proceedings relating to the Company'.
29-Jun-2021 16:09:28,Trading Window,"IRB Infrastructure Developers Limited has informed the Exchange regarding the Trading Window closure pursuant to SEBI (Prohibition of Insider Trading) Regulations, 2015"
21-Jun-2021 17:40:29,Related Party Transactions,IRB Infrastructure Developers Limited has informed the Exchange about related Party Transactions
16-Jun-2021 11:30:42,Analysts/Institutional Investor Meet/Con. Call Updates,IRB Infrastructure Developers Limited has informed the Exchange about Analysts/Institutional Investor Meet/Con. Call Updates
14-Jun-2021 21:02:38,Updates,"IRB Infrastructure Developers Limited has informed the Exchange regarding 'Palsit Dankuni Tollway Private Limited and Pathankot Mandi Highway Private Limited, Wholly-owned Subsidiaries of the Company "
31-May-2021 20:54:00,Updates,IRB Infrastructure Developers Limited has informed the Exchange regarding 'Completion Certificate for Udaipur BOT Project '.
28-May-2021 11:16:37,Updates,IRB Infrastructure Developers Limited has informed the Exchange regarding 'Certificate by Debenture Trustees under Regulation 52(5) of SEBI (Listing Obligationsand Disclosure Requirements) Regulations
27-May-2021 16:59:28,Updates,IRB Infrastructure Developers Limited has informed the Exchange regarding 'Compliance under Regulation 57(2) of Securities and Exchange Board of India ((Listing Obligations and Disclosure Requirements
27-May-2021 16:57:13,Updates,"IRB Infrastructure Developers Limited has informed the Exchange regarding 'Statement of Material Deviation under Regulation 52(7) of SEBI (Listing Obligations and Disclosure Requirements) Regulations,"
27-May-2021 16:15:13,Financial Result Updates,"IRB Infrastructure Developers Limited has submitted to the Exchange, the financial results for the period ended March 31, 2021."
27-May-2021 16:12:05,Outcome of Board Meeting,"IRB Infrastructure Developers Limited has informed the Exchange regarding  Board meeting held on May 27, 2021."
26-May-2021 16:21:19,Updates,IRB Infrastructure Developers Limited has informed the Exchange regarding 'Intimation of Earnings Call'.
24-May-2021 13:10:49,Analysts/Institutional Investor Meet/Con. Call Updates,IRB Infrastructure Developers Limited has informed the Exchange about Analysts/Institutional Investor Meet/Con. Call Updates
30-Apr-2021 12:54:31,Analysts/Institutional Investor Meet/Con. Call Updates,IRB Infrastructure Developers Limited has informed the Exchange about Analysts/Institutional Investor Meet/Con. Call Updates
27-Apr-2021 12:22:38,Reply to Clarification Sought,"IRB:The Exchange had sought clarification from IRB Infrastructure Developers Limited with respect to announcement dated 08-Apr-2021, regarding�� Credit Rating. On basis of above the Company was requir"
26-Apr-2021 04:04:10,Annual Disclosure,"IRB Infrastructure Developers Limited has submitted to the Exchange Annual Disclosure as per SEBI Circular dated November 26, 2018."
23-Apr-2021 19:20:58,Clarification,"IRB:The Exchange has sought clarification from IRB Infrastructure Developers Limited with respect to announcement dated 08-Apr-2021, regarding�� Credit Rating. On basis of above the Company is require"
20-Apr-2021 11:09:41,Disclosure under SEBI Takeover Regulations,"IRB Infrastructure Developers Limited��has informed the Exchange regarding disclosure under Regulation 30 and Regulation 31(4) of SEBI SAST Regulations 2011��as at March 31, 2021."
20-Apr-2021 10:32:44,Disclosure under SEBI Takeover Regulations,"��Promoter/Member of the Promoter Group of the Company has informed the Exchange regarding disclosure under Regulation 30 and Regulation 31(4) of SEBI SAST Regulations 2011��as at March 31, 2021"
09-Apr-2021 19:32:05,Disclosure under SEBI Takeover Regulations,"Promoter/Member of the Promoter Group of the Company has informed the Exchange regarding disclosure under Regulation 30 of SEBI SAST Regulations, 2011 as at March 31, 2021"
08-Apr-2021 23:05:44,Credit Rating,IRB Infrastructure Developers Limited has informed the Exchange about Credit Rating
08-Apr-2021 16:34:44,Credit Rating,IRB Infrastructure Developers Limited has informed the Exchange about Credit Rating
01-Apr-2021 10:54:04,Updates,IRB Infrastructure Developers Limited has informed the Exchange regarding 'Receipt of Letter of Award '.
31-Mar-2021 11:57:49,Trading Window,"IRB Infrastructure Developers Limited has informed the Exchange regarding the Trading Window closure pursuant to SEBI (Prohibition of Insider Trading) Regulations, 2015"
30-Mar-2021 19:11:16,Updates,IRB Infrastructure Developers Limited has informed the Exchange regarding 'The Company is pleased to announce an exciting end to the FY 2020-21 with addition of two new PPP projects in the Company s p
26-Mar-2021 17:10:14,Updates,IRB Infrastructure Developers Limited has informed the Exchange regarding 'Intimation of re-organisation of the Management Team '.
24-Feb-2021 17:19:58,Updates,IRB Infrastructure Developers Limited has informed the Exchange regarding 'Update   Thane Ghodbunder BOT Project'.
22-Feb-2021 17:39:27,Updates,"IRB Infrastructure Developers Limited has informed the Exchange regarding 'Outcome of the Management Administration and Share Transfer Committee Meeting held on February 22,2021 for the allotment of U"
18-Feb-2021 16:03:53,Analysts/Institutional Investor Meet/Con. Call Updates,IRB Infrastructure Developers Limited has informed the Exchange about Analysts/Institutional Investor Meet/Con. Call Updates
10-Feb-2021 09:15:44,Updates,IRB Infrastructure Developers Limited has informed the Exchange regarding 'Pursuant to Regulation 30 of the Securities and Exchange Board of India (Listing Obligations and Disclosure Requirements) Reg
09-Feb-2021 11:49:52,Outcome of Board Meeting,"IRB Infrastructure Developers Limited has informed the Exchange regarding  Board meeting held on February 09, 2021."
31-Jan-2021 21:53:55,Updates,IRB Infrastructure Developers Limited has informed the Exchange regarding 'Condensed Financial Statements of Private InvIT'.
30-Jan-2021 12:03:14,Updates,IRB Infrastructure Developers Limited has informed the Exchange regarding 'Thane Ghodbunder BOT Project'.
25-Jan-2021 23:29:26,Updates,IRB Infrastructure Developers Limited has informed the Exchange regarding 'the Unaudited condensed consolidated and standalone interim financial statements of the Company'.
18-Jan-2021 16:25:18,Appointment,"IRB Infrastructure Developers Limited has informed the Exchange regarding Re-Appointment of Mrs Deepali Mhaiskar as Whole time Director of the company w.e.f. May 19, 2021."
18-Jan-2021 16:15:28,Financial Result Updates,"IRB Infrastructure Developers Limited has submitted to the Exchange, the financial results for the period ended December 31, 2020."
18-Jan-2021 16:13:47,Outcome of Board Meeting,"IRB Infrastructure Developers Limited has informed the Exchange regarding  Board meeting held on January 18, 2021."
18-Jan-2021 16:08:12,Updates,IRB Infrastructure Developers Limited has informed the Exchange regarding 'Financial Closure for VM7 Expressway Project'.
15-Jan-2021 11:14:41,Updates,IRB Infrastructure Developers Limited has informed the Exchange regarding 'Intimation of Earnings Call '.
04-Jan-2021 14:40:00,Updates,"IRB Infrastructure Developers Limited has informed the Exchange regarding 'Clarification relating to a news article appeared in the Economic Times January 4, 2021 edition under headline  Lenders recei"
31-Dec-2020 18:45:43,Updates,IRB Infrastructure Developers Limited has informed the Exchange regarding 'Update - Thane Ghodbunder BOT Project'.
30-Dec-2020 12:40:49,Trading Window,"IRB Infrastructure Developers Limited has informed the Exchange regarding the Trading Window closure pursuant to SEBI (Prohibition of Insider Trading) Regulations, 2015"
23-Dec-2020 19:10:16,Updates,IRB Infrastructure Developers Limited has informed the Exchange regarding 'Company's update regarding current watchlist'.
10-Dec-2020 17:15:11,Related Party Transactions,"Disclosure under Regulation 23(9) of SEBI (Listing Obligations and Disclosure Requirements) Regulations, 2015"
08-Dec-2020 17:33:54,Credit Rating,IRB Infrastructure Developers Limited has informed the Exchange about Credit Rating
24-Nov-2020 19:10:58,Updates,IRB Infrastructure Developers Limited has informed the Exchange regarding 'Completion Certificate for Agra Etawah Bypass BOT Project'.
18-Nov-2020 19:22:22,Analysts/Institutional Investor Meet/Con. Call Updates,IRB Infrastructure Developers Limited has informed the Exchange about Analysts/Institutional Investor Meet/Con. Call Updates
17-Nov-2020 22:06:51,Updates,IRB Infrastructure Developers Limited has informed the Exchange regarding 'Update regarding IRB Infrastructure Trust   Private InvIT.'.
13-Nov-2020 12:28:41,Updates,IRB Infrastructure Developers Limited has informed the Exchange regarding 'Certificate by Debenture Trustees under Regulation 52(5) of SEBI (Listing Obligations and Disclosure Requirements) Regulation
12-Nov-2020 16:30:51,Updates,IRB Infrastructure Developers Limited has informed the Exchange regarding 'Statement of Material Deviation under Regulation 52(7) of SEBI (Listing Obligations and  Disclosure Requirements) Regulations
12-Nov-2020 16:06:37,Outcome of Board Meeting,"IRB Infrastructure Developers Limited has informed the Exchange regarding  Board meeting held on November 12, 2020."
12-Nov-2020 16:05:13,Financial Result Updates,"IRB Infrastructure Developers Limited has submitted to the Exchange, the financial results for the period ended September 30, 2020."
10-Nov-2020 16:33:30,Updates,"IRB Infrastructure Developers Limited has informed the Exchange regarding 'the Company will conduct an earnings call at 11.00 am IST on November 13, 2020'."
29-Sep-2020 16:01:30,Trading Window,"IRB Infrastructure Developers Limited has informed the Exchange regarding the Trading Window closure pursuant to SEBI (Prohibition of Insider Trading) Regulations, 2015"
25-Sep-2020 16:03:42,Analysts/Institutional Investor Meet/Con. Call Updates,IRB Infrastructure Developers Limited has informed the Exchange about Analysts/Institutional Investor Meet/Con. Call Updates
24-Sep-2020 20:37:16,Updates,IRB Infrastructure Developers Limited has informed the Exchange regarding 'Issue of Completion Certificate for Yedeshi Aurangabad BOT Project'.
15-Sep-2020 16:41:16,Updates,IRB Infrastructure Developers Limited has informed the Exchange regarding 'VM7 Expressway Private Limited - Wholly-owned Subsidiary of the Company has Executed Concession Agreement with National Highw
28-Aug-2020 22:49:59,Credit Rating,IRB Infrastructure Developers Limited has informed the Exchange about Credit Rating
24-Aug-2020 16:15:19,Outcome of Board Meeting,"IRB Infrastructure Developers Limited has informed the Exchange regarding  Board meeting held on August 24, 2020."
24-Aug-2020 16:13:01,Financial Result Updates,"IRB Infrastructure Developers Limited has submitted to the Exchange, the financial results for the period ended June 30, 2020."
18-Aug-2020 22:36:52,Updates,IRB Infrastructure Developers Limited has informed the Exchange regarding 'This is to inform you that the Company has now received unanimous Arbitral award of Rs 73.86 crore for one of its earlier Pro
02-Aug-2020 11:25:54,Updates,"IRB Infrastructure Developers Limited has informed the Exchange regarding 'In continuation with our earlier announcement dated July 29, 2020, we are pleased to inform you that the Company has now rece"
29-Jul-2020 14:17:00,Updates,IRB Infrastructure Developers Limited has informed the Exchange regarding 'We are pleased to inform you that the Company has emerged as a preferred bidder for the Hybrid Annuity Project. Please find a
28-Jul-2020 18:19:00,Shareholders meeting,"IRB Infrastructure Developers Limited has informed the Exchange regarding Proceedings of  Annual General Meeting held on July 28, 2020. Further, the company has informed the Exchange regarding voting "
21-Jul-2020 21:55:00,Analysts/Institutional Investor Meet/Con. Call Updates,IRB Infrastructure Developers Limited has informed the Exchange about Analysts/Institutional Investor Meet/Con. Call Updates
21-Jul-2020 14:02:00,Updates,"IRB Infrastructure Developers Limited has informed the Exchange regarding 'With reference to earlier disclosure dated July 10, 2020, the National Highways Authority of India (NHAI) has informed us now"
20-Jul-2020 11:08:00,Analysts/Institutional Investor Meet/Con. Call Updates,IRB Infrastructure Developers Limited has informed the Exchange about Analysts/Institutional Investor Meet/Con. Call Updates
17-Jul-2020 18:11:00,Updates,"IRB Infrastructure Developers Limited has informed the Exchange regarding 'Outcome of the Management Administration and Share Transfer Committee Meeting held on July 17, 2020 and the allotment of Secu"
17-Jul-2020 17:49:00,Appointment,"IRB Infrastructure Developers Limited has informed the Exchange regarding Appointment of Mr Rushabh Gandhi as Chief Financial Officer of the company w.e.f. July 17, 2020."
16-Jul-2020 15:45:00,Related Party Transactions,"Disclosure under Regulation 23(9) of SEBI (Listing Obligations and Disclosure Requirements) Regulations, 2015"
13-Jul-2020 20:02:00,Analysts/Institutional Investor Meet/Con. Call Updates,IRB Infrastructure Developers Limited has informed the Exchange about Analysts/Institutional Investor Meet/Con. Call Updates
10-Jul-2020 18:08:00,Updates,IRB Infrastructure Developers Limited has informed the Exchange regarding 'the Company has emerged as a preferred bidder for the project of  6 Laning of National Corridor NH-19 from Palsit to Dankuni 
08-Jul-2020 19:22:00,Updates,"IRB Infrastructure Developers Limited has informed the Exchange regarding 'Outcome of the Management Administration and Share Transfer Committee Meeting held on July 08, 2020 for the allotment of 9.55"
06-Jul-2020 18:52:00,Corrigendum,"IRB Infrastructure Developers Limited has informed the Exchange regarding Corrigendum to Audited Financial Results for the quarter and year ended March 31, 2020."
02-Jul-2020 20:18:00,Updates,"IRB Infrastructure Developers Limited has informed the Exchange regarding 'Outcome of the Management Administration and Share Transfer Committee Meeting held on July 02, 2020 for the allotment of 9.55"
30-Jun-2020 11:53:00,Trading Window,"IRB Infrastructure Developers Limited has informed the Exchange regarding the Trading Window closure pursuant to SEBI (Prohibition of Insider Trading) Regulations, 2015"
29-Jun-2020 19:22:00,Updates,"IRB Infrastructure Developers Limited has informed the Exchange regarding 'Outcome of the Management Administration and Share Transfer Committee Meeting held on June 29, 2020 for the allotment of 9.55"
19-Jun-2020 18:14:00,Record Date,IRB Infrastructure Developers Limited has informed the Exchange that Record date for the purpose of Dividend if declared at AGM  is 17-Jul-2020.
18-Jun-2020 18:42:00,Updates,IRB Infrastructure Developers Limited has informed the Exchange regarding 'Press release regarding Financial Closure of IRB MP Expressway Pvt. Ltd.'.
18-Jun-2020 17:17:00,Updates,"IRB Infrastructure Developers Limited has informed the Exchange regarding 'that the Board of Directors of the Company at its meeting held on June 18, 2020 has approved re-appointment of M/s. Gokhale &"
18-Jun-2020 17:12:00,Book Closure,IRB Infrastructure Developers Limited has informed the Exchange that Register of Members & Share Transfer Books of the Company will remain closed from 24-Jul-2020 to 28-Jul-2020 for the purpose of 22n
18-Jun-2020 16:50:00,Record Date,IRB Infrastructure Developers Limited has informed the Exchange that Record date for the purpose of Dividend &  if declared at AGM  is 17-Jul-2020.
18-Jun-2020 16:35:00,Outcome of Board Meeting,"IRB Infrastructure Developers Limited has informed the Exchange regarding  Board meeting held on Jun 18, 2020."
18-Jun-2020 16:30:50,Financial Result Updates,"IRB Infrastructure Developers Limited has submitted to the Exchange, the financial results for the period ended March 31, 2020."
16-Jun-2020 18:17:00,Updates,"IRB Infrastructure Developers Limited has informed the Exchange regarding 'Outcome of the Management Administration and Share Transfer Committee Meeting held on June 16, 2020 for the allotment of Rede"
15-Jun-2020 16:09:00,Updates,"IRB Infrastructure Developers Limited has informed the Exchange regarding 'Outcome of the Management Administration and Share Transfer Committee Meeting held on June 15, 2020 for the allotment of Secu"
09-Jun-2020 21:17:00,Updates,IRB Infrastructure Developers Limited has informed the Exchange regarding 'Updated Corporate Presentation - Q3FY20'.
01-Jun-2020 12:16:00,Disclosure under SEBI Takeover Regulations,"Promoters of  IRB Infrastructure Developers Limited has informed the Exchange regarding Disclosures under Regulation 30(1), 30(2) and 31(4) of SEBI (Substantial Acquisition of Shares & Takeovers) Regu"
21-May-2020 18:35:00,Updates,"IRB Infrastructure Developers Limited has informed the Exchange regarding 'Outcome of the Management Administration and Share Transfer Committee Meeting held on May 21, 2020 for the allotment of Secur"
30-Apr-2020 16:25:00,Disclosure under SEBI Takeover Regulations,"Promoters of IRB Infrastructure Developers Limited has informed the Exchange tregarding disclosure under regulation 30(2) and 31(4) of SEBI (SAST) Regulations, 2011"
26-Apr-2020 11:55:00,Press Release,"IRB Infrastructure Developers Limited has informed the Exchange regarding a press release dated April 26, 2020, titled ""IRB Infra Board approves fund raising of up to Rs.2,500 Crores ""."
26-Apr-2020 11:07:00,Outcome of Board Meeting,IRB Infrastructure Developers Limited has informed the Exchange that the Board of Directors of the Company at their meeting held today has inter alia approved the raising of debt through such modes as
20-Apr-2020 12:24:00,Price movement,"Significant movement in price has been observed in IRB Infrastructure Developers Limited. The Exchange, in order to ensure that investors have latest relevant information about the company and to info"
20-Apr-2020 08:44:00,Updates,IRB Infrastructure Developers Limited has informed the Exchange regarding 'The Company has received a communication from NHAI/ MSRDC instructing resumption of collection of user fee at all toll plazas
17-Apr-2020 19:04:00,Price movement,"Significant movement in price has been observed in IRB Infrastructure Developers Limited. The Exchange, in order to ensure that investors have latest relevant information about the company and to info"
30-Mar-2020 18:44:00,Trading Window,"IRB Infrastructure Developers Limited has informed the Exchange regarding the Trading Window closure pursuant to SEBI (Prohibition of Insider Trading) Regulations, 2015"
26-Mar-2020 12:07:00,Updates,IRB Infrastructure Developers Limited has informed the Exchange regarding 'Toll plaza operation in view of COVID -19 epidemic'.
13-Mar-2020 13:16:00,Disclosure under SEBI Takeover Regulations,Virendra D. Mhaiskar (For on behalf of Mhaiskar Ventures Prviate Limited) has submitted to the Exchange a copy of disclosure under Regulation 31(1) and 31(2) of SEBI (Substantial Acquisition of Shares
03-Mar-2020 15:19:00,Updates,"IRB Infrastructure Developers Limited has informed the Exchange regarding 'This is with reference to our earlier disclosure dated December 16, 2019 with respect to issue and allotment of Secured, Rede"
01-Mar-2020 18:56:00,Updates,"IRB Infrastructure Developers Limited has informed the Exchange regarding 'We refer to our earlier disclosure dated February 25, 2020 regarding Mumbai Pune Project being implemented by IRB MP Expressw"
27-Feb-2020 12:24:00,Analysts/Institutional Investor Meet/Con. Call Updates,IRB Infrastructure Developers Limited has informed the Exchange regarding Analysts/Institutional Investor Meet/Con. Call Updates
26-Feb-2020 22:11:00,Updates,"IRB Infrastructure Developers Limited has informed the Exchange regarding 'We refer to our earlier disclosure dated 25th February, 2020. Please note that the Trust has completed the allotment of units"
25-Feb-2020 18:52:00,Updates,"IRB Infrastructure Developers Limited has informed the Exchange regarding 'The Company has emerged as the preferred bidder to act as Sub-concessionaire for the project of Tolling, Operation, Maintenan"
25-Feb-2020 08:25:00,Press Release,"IRB Infrastructure Developers Limited has informed the Exchange regarding a press release dated February 25, 2020, titled ""IRB Infrastructure announces receipt of investment proceeds by IRB Infrastruc"
14-Feb-2020 15:36:00,Outcome of Board Meeting,"IRB Infrastructure Developers Limited has informed the Exchange regarding  Board meeting held on February 14, 2020."
14-Feb-2020 15:32:43,Financial Result Updates,"IRB Infrastructure Developers Limited has submitted to the Exchange, the financial results for the period ended December 31, 2019."
12-Feb-2020 09:14:00,Updates,IRB Infrastructure Developers Limited has informed the Exchange regarding 'Issue of Provisional Completion Certificate for the Project Implemented by IRB Westcoast Tollway Limited'.
11-Feb-2020 16:47:00,Resignation,"IRB Infrastructure Developers Limited has informed the Exchange regarding Resignation of Mr Dhananjay K. Joshi  as Chief Executive Officer of the company w.e.f. February 10, 2020."
28-Jan-2020 12:36:00,Reappointment,IRB Infrastructure Developers Limited has informed the Exchange regarding Reappointment of Director of the company.
05-Jan-2020 14:40:00,Updates,IRB Infrastructure Developers Limited has informed the Exchange regarding 'Receipt of No Objection Certificate (NOC) from National Highway Authority of India (NHAI) for transfer of Nine BOT SPVs to IR
31-Dec-2019 11:14:00,Trading Window,"IRB Infrastructure Developers Limited has informed the Exchange regarding the Trading Window closure pursuant to SEBI (Prohibition of Insider Trading) Regulations, 2015"
17-Dec-2019 10:17:00,Analysts/Institutional Investor Meet/Con. Call Updates,IRB Infrastructure Developers Limited has informed the Exchange regarding Analysts/Institutional Investor Meet/Con. Call Updates
16-Dec-2019 19:15:00,Updates,"IRB Infrastructure Developers Limited has informed the Exchange regarding Outcome of the Management Administration and Share Transfer Committee Meeting held on December 16, 2019 and the allotment of S"
16-Dec-2019 18:48:00,Updates,"IRB Infrastructure Developers Limited has informed the Exchange regarding 'Outcome of the Management Administration and Share Transfer Committee Meeting held on December 16, 2019 and the allotment of "
06-Dec-2019 16:08:00,Outcome of Board Meeting,"IRB Infrastructure Developers Limited has informed the Exchange regarding Outcome of Board meeting held on December 06, 2019."
03-Dec-2019 17:42:00,Trading Window,"IRB Infrastructure Developers Limited has informed the Exchange regarding the Trading Window closure pursuant to SEBI (Prohibition of Insider Trading) Regulations, 2015"
26-Nov-2019 15:15:00,Updates,"IRB Infrastructure Developers Limited has informed the Exchange regarding 'We refer to our earlier disclosure dated August 6, 2019 regarding formation of Infrastructure Investment Trust by the Company"
21-Nov-2019 18:45:00,Spurt in Volume,"Significant increase in volume has been observed in IRB Infrastructure Developers Limited. The Exchange, in order to ensure that investors have latest relevant information about the company and to inf"
21-Nov-2019 17:38:00,Related Party Transactions,"IRB Infrastructure Developers Limited has informed the Exchange regarding Disclosure under Regulation 23(9) of SEBI (Listing Obligations and Disclosure Requirements) Regulations, 2015."
21-Nov-2019 17:30:00,Spurt in Volume,"Significant increase in volume has been observed in IRB Infrastructure Developers Limited. The Exchange, in order to ensure that investors have latest relevant information about the company and to inf"
02-Nov-2019 16:02:00,Updates,IRB Infrastructure Developers Limited has informed the Exchange regarding 'Deemed Termination of Concession Agreements of IRB PP Project Private Limited and IRB PS Highway Private Limited - wholly own
23-Oct-2019 15:19:00,Outcome of Board Meeting,"IRB Infrastructure Developers Limited has informed the Exchange regarding  Board meeting held on October 23, 2019."
23-Oct-2019 15:05:44,Financial Result Updates,"IRB Infrastructure Developers Limited has submitted to the Exchange, the financial results for the period ended September 30, 2019."
16-Oct-2019 16:41:00,Analysts/Institutional Investor Meet/Con. Call Updates,IRB Infrastructure Developers Limited has informed the Exchange regarding Analysts/Institutional Investor Meet/Con. Call Updates
16-Oct-2019 15:55:00,Analysts/Institutional Investor Meet/Con. Call Updates,IRB Infrastructure Developers Limited has informed the Exchange regarding Analysts/Institutional Investor Meet/Con. Call Updates
15-Oct-2019 17:58:00,Analysts/Institutional Investor Meet/Con. Call Updates,IRB Infrastructure Developers Limited has informed the Exchange regarding Analysts/Institutional Investor Meet/Con. Call Updates
04-Oct-2019 17:40:00,Analysts/Institutional Investor Meet/Con. Call Updates,IRB Infrastructure Developers Limited has informed the Exchange regarding Analysts/Institutional Investor Meet/Con. Call Updates
30-Sep-2019 10:55:00,Trading Window,"IRB Infrastructure Developers Limited has informed the Exchange regarding the Trading Window closure pursuant to SEBI (Prohibition of Insider Trading) Regulations, 2015"
26-Sep-2019 17:44:00,Shareholders meeting,"IRB Infrastructure Developers Limited has informed the Exchange regarding Proceedings of  Annual General Meeting held on August 31, 2018. Further, the company has informed the Exchange regarding votin"
20-Sep-2019 11:07:00,Analysts/Institutional Investor Meet/Con. Call Updates,IRB Infrastructure Developers Limited has informed the Exchange regarding Analysts/Institutional Investor Meet/Con. Call Updates
16-Sep-2019 10:40:00,Analysts/Institutional Investor Meet/Con. Call Updates,IRB Infrastructure Developers Limited has informed the Exchange regarding Analysts/Institutional Investor Meet/Con. Call Updates
04-Sep-2019 11:33:00,Shareholders meeting,"IRB Infrastructure Developers Limited has informed the Exchange regarding Notice of Annual General Meeting to be held on September 26, 2019"
30-Aug-2019 15:11:00,Analysts/Institutional Investor Meet/Con. Call Updates,IRB Infrastructure Developers Limited has informed the Exchange regarding Analysts/Institutional Investor Meet/Con. Call Updates
12-Aug-2019 16:11:00,Updates,"IRB Infrastructure Developers Limited has informed the Exchange regarding 'Mhaiskar Infrastructure Pvt. Ltd  - Wholly Owned Subsidiary of the Company, has successfully completed concession period of M"
06-Aug-2019 16:03:00,AGM/Book Closure,"IRB Infrastructure Developers Limited has informed the Exchange that the Register of members and Share transfer books will remain closed September 24, 2019 to September 26, 2019 ( both days inclusive)"
06-Aug-2019 15:48:00,Outcome of Board Meeting,"IRB Infrastructure Developers Limited has informed the Exchange regarding  Board meeting held on August 06, 2019."
06-Aug-2019 15:47:58,Financial Result Updates,"IRB Infrastructure Developers Limited has submitted to the Exchange, the financial results for the period ended June 30, 2019."
29-Jun-2019 11:28:00,Trading Window,"IRB Infrastructure Developers Limited has informed the Exchange regarding the Trading Window closure pursuant to SEBI (Prohibition of Insider Trading) Regulations, 2015"
26-Jun-2019 18:32:00,Related Party Transactions,"IRB Infrastructure Developers Limited has informed the Exchange regarding Disclosure under Regulation 23(9) of SEBI ( LODR) Regulations, 2015."
28-May-2019 21:16:00,Updates,"IRB Infrastructure Developers Limited has informed the Exchange regarding 'the Company acting as the Project Manager of IRB InvIT Fund (��the Trust��), has received Work Orders for Operation & Mainten"
28-May-2019 21:07:00,Updates,IRB Infrastructure Developers Limited has informed the Exchange regarding 'IRB Hapur Moradabad Tollway Private Limited �� Wholly-owned Subsidiary of the Company (��the SPV��) has received Appointed Da
28-May-2019 16:00:00,Change in Director(s),IRB Infrastructure Developers Limited has informed the Exchange regarding Change in Director(s) of the company.
28-May-2019 15:53:21,Financial Result Updates,"IRB Infrastructure Developers Limited has submitted to the Exchange, the financial results for the period ended March 31, 2019."
28-May-2019 15:42:00,Outcome of Board Meeting,"IRB Infrastructure Developers Limited has informed the Exchange regarding  Outcome of Board meeting held on May 28, 2019."
15-May-2019 17:06:00,Analysts/Institutional Investor Meet/Con. Call Updates,IRB Infrastructure Developers Limited has informed the Exchange regarding Analysts/Institutional Investor Meet/Con. Call Updates
08-May-2019 10:42:00,Analysts/Institutional Investor Meet/Con. Call Updates,IRB Infrastructure Developers Limited has informed the Exchange regarding Analysts/Institutional Investor Meet/Con. Call Updates
22-Apr-2019 14:32:00,Disc. under Reg.30 of SEBI (SAST) Reg.2011,"The Promoter along with PAC has submitted to the Exchange a copy of Annual Disclosure under Regulation 30(1) and 30(2) of SEBI (Substantial Acquisition of Shares and Takeovers), Regulations, 2011 as o"
22-Apr-2019 12:15:00,Disc. under Reg.30 of SEBI (SAST) Reg.2011,"The Promoter has submitted to the Exchange a copy of Annual Disclosure under Regulation 30(1) and 30(2) of SEBI (Substantial Acquisition of Shares and Takeovers), Regulations, 2011 as on March 31, 201"
22-Apr-2019 12:14:00,Disc. under Reg.30 of SEBI (SAST) Reg.2011,"Idea Toll & Infrastructure Pvt Ltd has submitted to the Exchange a copy of Annual Disclosure under Regulation 30(1) and 30(2) of SEBI (Substantial Acquisition of Shares and Takeovers), Regulations, 20"
09-Apr-2019 17:29:00,Analysts/Institutional Investor Meet/Con. Call Updates,IRB Infrastructure Developers Limited has informed the Exchange regarding Analysts/Institutional Investor Meet/Con. Call Updates
01-Apr-2019 16:18:00,"Code of Conduct under SEBI(PIT) Reg., 2015","IRB Infrastructure Developers Limited has informed the Exchange regarding the Code of Conduct under SEBI(PIT) Reg., 2015"
30-Mar-2019 16:29:00,Change in Director(s),IRB Infrastructure Developers Limited has informed the Exchange regarding Change in Director(s) of the company.
30-Mar-2019 12:05:00,Trading Window,"IRB Infrastructure Developers Limited has informed the Exchange regarding the Trading Window closure pursuant to SEBI (Prohibition of Insider Trading) Regulations, 2015"
17-Mar-2019 21:06:00,Updates,IRB Infrastructure Developers Limited has informed the Exchange regarding 'Yedeshi Aurangabad BOT Project implemented by wholly-owned SPV of the Company viz. Yedeshi Aurangabad Tollway Pvt. Ltd (��SPV
12-Mar-2019 13:31:00,Updates,"IRB Infrastructure Developers Limited has informed the Exchange regarding 'Aryan Toll Road Pvt. Ltd. - Wholly Owned Subsidiary of the Company, has successfully completed concession period of Pune Sola"
02-Mar-2019 12:49:00,Updates,"IRB Infrastructure Developers Limited has informed the Exchange regarding 'in continuation of our earlier announcement dated May 23, 2018 for the project of ��Collection of user fee through an agency "
04-Feb-2019 15:50:00,Change in Director(s),IRB Infrastructure Developers Limited has informed the Exchange regarding Change in Director(s) of the company.
04-Feb-2019 15:35:00,Outcome of Board Meeting,"IRB Infrastructure Developers Limited has informed the Exchange regarding  Board meeting held on February 04, 2019."
04-Feb-2019 15:33:21,Financial Result Updates,"IRB Infrastructure Developers Limited has submitted to the Exchange, the financial results for the period ended December 31, 2018."
28-Jan-2019 15:56:00,Trading Window,"IRB Infrastructure Developers Limited has informed the Exchange regarding the Trading Window closure pursuant to SEBI (Prohibition of Insider Trading) Regulations, 2015"
18-Jan-2019 14:58:00,Updates,"IRB Infrastructure Developers Limited has informed the Exchange regarding 'This is to inform you that VK1 Expressway Private Limited �� Wholly-owned Subsidiary of the Company (��the SPV��), has now re"
26-Nov-2018 08:24:00,Credit Rating,IRB Infrastructure Developers Limited has informed the Exchange regarding Credit Rating
30-Oct-2018 15:38:00,Outcome of Board Meeting,"IRB Infrastructure Developers Limited has informed the Exchange regarding  Board meeting held on October 30, 2018."
30-Oct-2018 15:34:51,Financial Result Updates,"IRB Infrastructure Developers Limited has submitted to the Exchange, the financial results for the period ended September 30, 2018."
23-Oct-2018 16:25:00,Trading Window,"IRB Infrastructure Developers Limited has informed the Exchange regarding the Trading Window closure pursuant to SEBI (Prohibition of Insider Trading) Regulations, 2015"
18-Oct-2018 16:15:00,Updates,IRB Infrastructure Developers Limited has informed the Exchange regarding 'Financial Closure achieved by VK1 Expressway Private Limited �� Wholly-owned Subsidiary of the Company '.
02-Oct-2018 14:57:00,Updates,IRB Infrastructure Developers Limited has informed the Exchange regarding 'CRISIL has initiated rating of the bank loan facilities of the Company. It has assigned ��CRISIL A+/Positive�� to Long term f
29-Sep-2018 12:16:00,Updates,IRB Infrastructure Developers Limited has informed the Exchange regarding 'Update regarding Financial Closure achieved by IRB PS Highway Private Limited - Wholly-owned Subsidiary of the Company'.
28-Sep-2018 08:22:00,Updates,IRB Infrastructure Developers Limited has informed the Exchange regarding 'Update regarding Financial Closure achieved by IRB PP Project Private Limited �� Wholly-owned Subsidiary of the Company.'.
03-Sep-2018 08:29:00,Shareholders meeting,"IRB Infrastructure Developers Limited has informed the Exchange regarding voting results of  Annual General Meeting held on August 31, 2018"
08-Aug-2018 16:18:00,Updates,IRB Infrastructure Developers Limited has informed the Exchange regarding 'Newspaper advertisement for Notice of 20th Annual General Meeting of IRB Infrastructure Developers Ltd.'.
08-Aug-2018 16:10:00,Shareholders meeting,"IRB Infrastructure Developers Limited has informed the Exchange regarding Notice of Annual General Meeting to be held on August 31, 2018"
25-Jul-2018 16:19:00,AGM/Book Closure,"IRB Infrastructure Developers Limited has informed the Exchange that the Register of Members and Share Transfer Books will remain closed from August 29, 2018 to August 31,2018 (both days inclusive) fo"
25-Jul-2018 16:18:00,Dividend,"IRB Infrastructure Developers Limited has informed the Exchange that the Board of Directors of the Company at its meeting held on July 25, 2018 has Declared Interim Dividend of Rs. 2.50 /- per equity "
25-Jul-2018 15:36:37,Financial Result Updates,"IRB Infrastructure Developers Limited has submitted to the Exchange, the financial results for the period ended June 30, 2018."
25-Jul-2018 15:35:00,Outcome of Board Meeting,"IRB Infrastructure Developers Limited has informed the Exchange regarding outcome of the Board meeting held on July 25, 2018."
19-Jul-2018 16:59:00,Record Date,"IRB Infrastructure Developers Limited has informed the Exchange that the Company has fixed Record Date as August 2, 2018 for the purpose of interim dividend, if declared."
29-May-2018 14:50:00,Updates,"IRB Infrastructure Developers Limited has informed the Exchange regarding 'IRB Hapur Moradabad Tollway Private Limited�� Wholly-owned Subsidiary of the Company, has now executed Concession Agreement w"
23-May-2018 13:57:00,Updates,IRB Infrastructure Developers Limited has informed the Exchange regarding 'The Company has received Letter of Acceptance (LOA) from Hyderabad Growth Corridor Limited (HGCL) for the project of ��Collec
16-May-2018 08:41:00,Updates,IRB Infrastructure Developers Limited has informed the Exchange regarding 'We are pleased to inform you that IRB PS Highway Private Limited and IRB PP Project Private Limited �� Wholly-owned Subsidiar
10-May-2018 08:48:00,Updates,"IRB Infrastructure Developers Limited has informed the Exchange regarding 'We are pleased to inform you that VK1 Expressway Private Limited �� Wholly-owned Subsidiary of the Company, has now executed "
03-May-2018 14:38:32,Financial Result Updates,"IRB Infrastructure Developers Limited has submitted to the Exchange, the financial results for the period ended March 31, 2018."
03-May-2018 14:35:00,Outcome of Board Meeting,"IRB Infrastructure Developers Limited has informed the Exchange regarding  Board meeting held on May 03, 2018."
25-Apr-2018 16:48:00,Trading Window,"IRB Infrastructure Developers Limited has informed the Exchange regarding the Trading Window closure pursuant to SEBI (Prohibition of Insider Trading) Regulations, 2015"
18-Apr-2018 08:23:00,Updates,"IRB Infrastructure Developers Limited has informed the Exchange regarding 'In continuation of our prior disclosures dated May 3, 2012; November 3, 2012; January 5, 2015; December 6, 2017 & March 28, 2"
11-Apr-2018 15:02:00,Disc. under Reg.30 of SEBI (SAST) Reg.2011,Virendra D Mhaiskar and Ideal Toll & Infrastructure Private Ltd has submitted to the Exchange a copy of disclosure under Regulation 30(1) and 30(2) of SEBI (Substantial Acquisition of Shares & Takeove
11-Apr-2018 14:46:00,Disc. under Reg.30 of SEBI (SAST) Reg.2011,Deepali V Mhaiskar and Mahiskar Ventures Private Ltd has submitted to the Exchange a copy of disclosure under Regulation 30(1) and 30(2) of SEBI (Substantial Acquisition of Shares & Takeovers) Regulat
02-Apr-2018 08:35:00,Updates,"IRB Infrastructure Developers Limited has informed the Exchange regarding 'In continuation with our earlier announcement dated March 22, 2018, we are pleased to inform you that the Company has receive"
30-Mar-2018 16:42:00,Address Change,IRB Infrastructure Developers Limited has informed the Exchange regarding change in Registered Office of the company.
28-Mar-2018 14:58:00,Updates,"IRB Infrastructure Developers Limited has informed the Exchange regarding 'Further to our prior disclosure on December 6, 2017 we hereby inform you that the Company had filed an Application for Discha"
22-Mar-2018 08:20:00,Updates,IRB Infrastructure Developers Limited has informed the Exchange regarding 'the Company has emerged as a preferred bidder for the project of Six Laning of Hapur bypass to Moradabad section including Ha
21-Mar-2018 15:04:00,Updates,"IRB Infrastructure Developers Limited has informed the Exchange regarding 'In continuation with our earlier announcement dated March 19, 2018, we are pleased to inform you that the Company has now rec"
19-Mar-2018 08:17:00,Updates,IRB Infrastructure Developers Limited has informed the Exchange regarding 'the Company has emerged as a preferred bidder for a Hybrid Annuity Project under NHDP Phase VI in the state of Gujarat.'.
15-Mar-2018 12:24:00,Updates,"IRB Infrastructure Developers Limited has informed the Exchange regarding 'in continuation with our earlier announcement dated March 13, 2018, we are pleased to inform you that the Company has now rec"
13-Mar-2018 17:54:00,Updates,IRB Infrastructure Developers Limited has informed the Exchange regarding 'the Company in Consortium with M/s. Modern Road Makers Private Limited (wholly owned subsidiary of the Company) has emerged a
07-Mar-2018 08:15:00,Updates,"IRB Infrastructure Developers Limited has informed the Exchange regarding 'Solapur - Yedeshi BOT Project implemented by wholly-owned SPV of the Company viz. Solapur Yedeshi Tollway Pvt. Ltd (��SPV��),"
21-Feb-2018 08:42:00,Updates,"IRB Infrastructure Developers Limited has informed the Exchange regarding 'Kishangarh Gulabpura Tollway Private Limited �� Wholly-owned Subsidiary of the Company (��the SPV��), has received Appointed "
14-Feb-2018 08:45:00,Updates,"IRB Infrastructure Developers Limited has informed the Exchange regarding 'that Kishangarh Gulabpura Tollway Private Limited �� Wholly-owned Subsidiary of the Company (��the SPV��), has achieved finan"
07-Feb-2018 18:21:00,Outcome of Board Meeting,"IRB Infrastructure Developers Limited has informed the Exchange regarding Outcome of Board Meeting held on February 07, 2018."
07-Feb-2018 16:05:03,Financial Result Updates,"IRB Infrastructure Developers Limited has submitted to the Exchange, the financial results for the period ended December 31, 2017."
07-Feb-2018 16:04:00,Dividend,"IRB Infrastructure Developers Limited has informed the Exchange that the Board of Directors of the Company at its meeting held on February 07, 2018 has declared Second Interim Dividend of Rs.2.50 equi"
01-Feb-2018 16:02:00,Record Date,"IRB Infrastructure Developers Limited has informed the Exchange that the Company has fixed Record Date as February 16, 2018 for the purpose of Second interim dividend, if any, for the financial year 2"
25-Jan-2018 16:45:00,Trading Window,"IRB Infrastructure Developers Limited has informed the Exchange regarding the Trading Window closure pursuant to SEBI (Prohibition of Insider Trading) Regulations, 2015"
24-Jan-2018 19:57:00,Outcome of Board Meeting,"IRB Infrastructure Developers Limited has informed the Exchange regarding Outcome of Board Meeting held on January 24, 2018."
06-Dec-2017 21:32:00,Analysts/Institutional Investor Meet/Con. Call Updates,IRB Infrastructure Developers Limited has informed the Exchange regarding Analysts/Institutional Investor Meet/Con. Call Updates
06-Dec-2017 21:24:00,Updates,IRB Infrastructure Developers Limited has informed the Exchange regarding 'Rejoinder to our disclosure made today'.
06-Dec-2017 19:21:00,Updates,"IRB Infrastructure Developers Limited has informed the Exchange regarding 'Our earlier Disclosure Dated January 5, 2015'."
08-Nov-2017 15:22:11,Financial Result Updates,"IRB Infrastructure Developers Limited has submitted to the Exchange, the financial results for the period ended September 30, 2017."
06-Nov-2017 08:20:00,Updates,"IRB Infrastructure Developers Limited has informed the Exchange regarding 'CG Tollway Private Limited �� Wholly-owned Subsidiary of the Company, incorporated for implementation of Project of Six Lanni"
27-Oct-2017 16:05:00,Trading Window,"IRB Infrastructure Developers Limited has informed the Exchange regarding the Trading Window closure pursuant to SEBI (Prohibition of Insider Trading) Regulations, 2015"
16-Oct-2017 08:31:00,Press Release,"IRB Infrastructure Developers Limited has informed the Exchange regarding a press release dated October 16, 2017, titled ""Press release regarding financial closure achieved by the Company's wholly-own"
09-Oct-2017 12:03:00,Credit Rating,IRB Infrastructure Developers Limited has informed the Exchange regarding Credit Rating
28-Sep-2017 14:22:00,Committee Meeting Updates,"IRB Infrastructure Developers Limited has informed the Exchange regarding Outcome of Committee Meeting held on September 28, 2017."
11-Sep-2017 09:05:00,Updates,"IRB Infrastructure Developers Limited has informed the Exchange regarding 'Kaithal   Rajasthan Border BOT Project implemented by wholly-owned SPV of the Company viz. Kaithal Tollway Pvt. Ltd ( SPV ), "
04-Sep-2017 16:35:00,Updates,"IRB Infrastructure Developers Limited has informed the Exchange regarding 'Udaipur Tollway Private Limited   Wholly-owned Subsidiary of the Company, incorporated for implementation of Six Lanning from"
31-Aug-2017 17:34:00,Committee Meeting Updates,"IRB Infrastructure Developers Limited has informed the Exchange regarding Outcome of Committee Meeting held on August 31, 2017."
23-Aug-2017 20:11:00,Shareholders meeting,"IRB Infrastructure Developers Limited has informed the Exchange regarding Proceedings of  Annual General Meeting held on August 23, 2017. Further, the company has informed the Exchange regarding votin"
24-Jul-2017 14:36:00,AGM/Book Closure,"IRB Infrastructure Developers Limited has informed the Exchange that the Register of Members and Share Transfer Books of the Company shall remain closed from August 21, 2017 to August 23, 2017 (both d"
24-Jul-2017 14:19:00,Dividend,"IRB Infrastructure Developers Limited has informed the Exchange that Board of Directors at its meeting held on July 24, 2017, declared Interim Dividend of Rs. 2.50 per equity share."
24-Jul-2017 14:01:00,Dividend,"IRB Infrastructure Developers Limited has informed the Exchange that the Board of Directors of the Company at its meeting held on July 24, 2017, has declared interim dividend of Rs.2.50/- per equity s"
24-Jul-2017 13:56:48,Financial Result Updates,"IRB Infrastructure Developers Limited has submitted to the Exchange, the financial results for the period ended June 30, 2017."
24-Jul-2017 13:56:00,Outcome of Board Meeting,"IRB Infrastructure Developers Limited has informed the Exchange regarding Outcome of Board Meeting held on July 24, 2017."
18-Jul-2017 11:24:00,Record Date,"IRB Infrastructure Developers Limited has informed the Exchange that the Company has fixed Record Date as August 1, 2017 for the purpose of interim dividend."
13-Jul-2017 16:34:00,Trading Window,"IRB Infrastructure Developers Limited has informed the Exchange regarding the Trading Window closure pursuant to SEBI (Prohibition of Insider Trading) Regulations, 2015"
05-Jul-2017 16:52:00,Press Release,"IRB Infrastructure Developers Limited has informed the Exchange regarding a press release dated July 05, 2017, titled ""IRB Infra's SPV IRB Infra s SPV achieves Financial Closure for Rs.2088 Crores Uda"
30-May-2017 23:39:00,Corrigendum,IRB Infrastructure Developers Limited has informed the Exchange regarding Corrigendum to Audited Financial results
30-May-2017 15:56:00,Address Change,IRB Infrastructure Developers Limited has informed the Exchange regarding change in Registered Office of the company.
30-May-2017 15:54:00,Appointment,"IRB Infrastructure Developers Limited has informed the Exchange regarding Appointment of Mr Mukeshlal Gupta as Joint Managing Director of the company w.e.f. May 30, 2017."
30-May-2017 15:50:00,Dividend,"IRB Infrastructure Developers Limited has informed the Exchange that Board of Directors at its meeting held on May 30, 2017, declared Interim Dividend of Rs. 3 per equity share."
30-May-2017 15:33:12,Financial Result Updates,"IRB Infrastructure Developers Limited has submitted to the Exchange, the financial results for the period ended March 31, 2017."
23-May-2017 16:14:00,Record Date,"IRB Infrastructure Developers Limited has informed the Exchange that the Company has fixed Record Date as June 7, 2017 for the purpose of 2nd Interim Dividend, if any for financial year 2016-17."
20-May-2017 15:44:00,Trading Window,"IRB Infrastructure Developers Limited has informed the Exchange regarding the Trading Window closure pursuant to SEBI (Prohibition of Insider Trading) Regulations, 2015"
16-May-2017 16:14:00,Updates,"IRB Infrastructure Developers Limited has informed the Exchange that The Company has successfully completed concession period of Thane Bhiwandi Bypass Project on May 13, 2017. Thane Bhiwandi Bypass Pr"
02-May-2017 12:11:00,Updates,IRB Infrastructure Developers Limited has informed the Exchange that regarding notice to the shareholders of the Company for transfer of Equity shares of the Company to IEPF Suspense Account.
21-Apr-2017 20:14:00,Updates,"IRB Infrastructure Developers Limited has informed the Exchange that the Company is the sponsor of the IRB InvIT Fund (the Trust ), an infrastructure investment trust registered with the Securities an"
05-Apr-2017 09:56:00,Disclosure under SEBI Takeover Regulations,"Ideal Soft Tech Park Private Limited has submitted to the Exchange, vide letter dated April 3, 2017 a copy of disclosure under Regulation 10(6) in respect of acquisition under Regulation 10 of SEBI (S"
30-Mar-2017 16:57:00,Outcome of Board Meeting,"IRB Infrastructure Developers Limited has informed the Exchange regarding outcome of meeting of the Board of Directors of the Company held on March 30, 2017."
23-Mar-2017 19:09:00,Disclosure under SEBI Takeover Regulations,"IDEAL SOFT TECH PARK PRIVATE LIMITED has submitted to the Exchange, vide letter dated March 23, 2017 a copy of disclosure under Regulation 10(5) in respect of acquisition under Regulation 10(1)(a) of "
20-Mar-2017 08:09:00,Updates,"IRB Infrastructure Developers Limited has informed the Exchange that subsequent to NHAI approval, the Company has completed the process of acquisition of remaining 26% stake in M.V.R. Infrastructure A"
23-Feb-2017 12:21:00,Updates,"IRB Infrastructure Developers Limited has informed the Exchange that Kishangarh Gulabpura Tollway Private Limited Wholly-owned Subsidiary of the Company, has now executed Concession Agreement with NHA"
17-Feb-2017 11:34:00,Updates,"IRB Infrastructure Developers Limited has informed the Exchange that IRB Infrastructure Private Limited, wholly owned subsidiary of the Company and an Investment Manager of IRB InvIT Fund, has appoint"
25-Jan-2017 14:18:00,Dividend,"IRB Infrastructure Developers Limited has informed the Exchange that the Board of Directors of the Company at its meeting held on January 25, 2017 has declared Interim Dividend of Rs. 2/- per equity s"
25-Jan-2017 14:12:05,Financial Result Updates,"IRB Infrastructure Developers Limited has submitted to the Exchange, the financial results for the period ended December 31, 2016."
19-Jan-2017 11:34:00,Record Date,"IRB Infrastructure Developers Limited has informed the Exchange that the Company has fixed Record Date as February 3, 2017 for the purpose of to consider declaration of interim dividend, if any, for t"
13-Jan-2017 16:16:00,Trading Window,"IRB Infrastructure Developers Limited has informed the Exchange that as per Code of Internal Procedures and Conduct for Regulating, Monitoring and Reporting of Trading by Insiders, the trading window "
05-Jan-2017 08:38:00,Updates,IRB Infrastructure Developers Limited has informed the Exchange regarding update - Average Gross daily Toll revenue (October 2016(before denomination) v/s. December 2016 9post denomination).
28-Dec-2016 17:25:00,Updates,IRB Infrastructure Developers Limited has informed the Exchange that the Company has now received Letter of Award from NHAI for the project of Six laning of Kishangarh to Gulabpura section of NH 79A a
21-Dec-2016 08:16:00,Updates,IRB Infrastructure Developers Limited has informed the Exchange that pursuant to the measures approved by the Cabinet Committee on Economic Affairs (CCEA) for revival of the construction sector direct
19-Dec-2016 08:30:00,Updates,IRB Infrastructure Developers Limited has informed the Exchange that pursuant to the measures approved by the Cabinet Committee on Economic Affairs (CCEA) for revival of the construction sector direct
12-Dec-2016 15:57:00,Updates,"IRB Infrastructure Developers Limited has informed the Exchange that: 1) Udaipur Tollway Private Limited Wholly-owned Subsidiary of the Company, has now executed Concession Agreement with NHAI for the"
09-Dec-2016 17:14:00,Updates,IRB Infrastructure Developers Limited has informed the Exchange that the Company has emerged as a preferred bidder for the project of Six laning of Kishangarh to Gulabpura section of NH 79A and NH 79 
01-Dec-2016 12:05:00,Updates,"IRB Infrastructure Developers Limited has informed the Exchange that the Income Tax Department conducted survey under Section 133A of the Income Tax Act, 1961 at Registered Office of IRB Surat Dahisar"
22-Nov-2016 14:17:17,Financial Result Updates,"IRB Infrastructure Developers Limited has submitted to the Exchange, the financial results for the period ended September 30, 2016."
04-Nov-2016 16:14:00,Trading Window,"IRB Infrastructure Developers Limited has informed the Exchange that  as per Code of Internal Procedures and Conduct for Regulating, Monitoring and Reporting of Trading by Insiders, the trading window"
07-Oct-2016 16:57:00,Updates,IRB Infrastructure Developers Limited has informed the Exchange on update regarding Mumbai Pune Phase II Project.
30-Sep-2016 18:13:00,Updates,IRB Infrastructure Developers Limited has informed the Exchange that the Company has now received Letter of Award from NHAI for the project of Six Laning of Kishangarh Udaipur Ahmedabad Section from k
26-Sep-2016 18:25:00,Updates,IRB Infrastructure Developers Limited has informed the Exchange that the Company has now received Letter of Award from NHAI for the project of Six Laning from Udaipur to Rajasthan/ Gujarat Border i.e.
24-Sep-2016 14:31:00,Annual General Meeting Updates,"IRB Infrastructure Developers Limited has submitted to the Exchange the details of voting results of the Annual General Meeting of the Company held on the September 23, 2016 ."
20-Sep-2016 17:13:00,Press Release,"IRB Infrastructure Developers Limited has informed the Exchange regarding Press release dated September 20, 2016 title ""IRB Infrastructure bags six laning project on Kishangarh-Udaipur-Ahmedabad highw"
16-Sep-2016 19:18:00,Disclosure under SEBI Takeover Regulations,"Virendra D Mhaiskar has submitted to the Exchange vide letter dated September 16, 2016 a copy of disclosure under Regulation 10(5) of SEBI (Substantial Acquisition of Shares & Takeovers) Regulations, "
08-Sep-2016 11:29:00,Updates,"IRB Infrastructure Developers Limited has informed the Exchange that IRB Infrastructure Developers Limited (the Company ) is the sponsor of the IRB InvIT Fund (the Trust ), an infrastructure investmen"
31-Aug-2016 11:54:00,Annual General Meeting Updates,"IRB Infrastructure Developers Limited has submitted to the Exchange a copy of notice of Annual General Meeting of the members of the Company to be held on September 23, 2016."
11-Aug-2016 14:59:00,Press Release,"IRB Infrastructure Developers Limited has informed the Exchange regarding a press release dated August 11, 2016  with respect to the Unaudited Financial Result for the Quarter ended June 30, 2016."
11-Aug-2016 14:57:00,AGM/Book Closure,"IRB Infrastructure Developers Limited has informed the Exchange that the Register of Members & Share Transfer Books of the Company will remain closed from September 21, 2016 to September 23, 2016 (bot"
11-Aug-2016 14:51:11,Financial Result Updates,IRB Infrastructure Developers Limited has submitted to the Exchange the standalone and consolidated financial results along with the Limited Review Report for the period ended 30-Jun-2016.
03-Aug-2016 17:40:00,Updates,"IRB Infrastructure Developers Limited has informed the Exchange that  AE Tollway Pvt. Ltd. wholly-owned Subsidiary of the Company, incorporated for implementation of Agra Etawah Bypass project has rec"
01-Aug-2016 16:00:00,Resignation of Director,"IRB Infrastructure Developers Limited has informed the Exchange that the Company has received a letter from Shri Bajrang Lal Gupta, a Non-executive Independent Director of the Company stating that due"
29-Jul-2016 16:50:00,Updates,IRB Infrastructure Developers Limited has informed the Exchange that the Company has emerged as a preferred bidder for the project of Six Laning from Udaipur to Rajasthan/ Gujarat Border i.e. from km 
27-Jul-2016 16:16:00,Resignation of Director,"IRB Infrastructure Developers Limited has informed the Exchange that the Company has received a letter from Shri Suresh G. Kelkar, a Non-executive Director of the Company stating that due to his pre-o"
25-Jul-2016 17:00:00,Trading Window,"IRB Infrastructure Developers Limited has informed the Exchange that as per Code of Internal Procedures and Conduct for Regulating, Monitoring and Reporting of Trading by Insiders, the trading window "
22-Jun-2016 13:34:00,Updates,"IRB Infrastructure Developers Limited has informed the Exchange that AE Tollway Pvt. Ltd. wholly-owned Subsidiary of the Company, has achieved financial closure in terms of the Concession Agreement ex"
19-May-2016 15:58:07,Financial Result Updates,"IRB Infrastructure Developers Limited has submitted to the Exchange the standalone & consolidated financial results along with the Auditors Report for the period ended March 31, 2016."
19-May-2016 15:52:00,Outcome of Board Meeting,"IRB Infrastructure Developers Limited has informed the Exchange regarding Outcome of Board of Directors Meeting of the Company held on May 19, 2016."
19-May-2016 15:48:38,Financial Result Updates,IRB Infrastructure Developers Limited has submitted to the Exchange the standalone and consolidated financial results along with the Auditors Report for the period ended 31-Mar-2016.
19-May-2016 15:46:00,Change in Director(s),IRB Infrastructure Developers Limited has informed the Exchange regarding Change in Board of Directors of the Company.
03-May-2016 17:00:00,Trading Window,"IRB Infrastructure Developers Limited has informed the Exchange that as per Code of Internal Procedures and Conduct for Regulating, Monitoring and Reporting of Trading by Insiders, the trading window "
15-Apr-2016 09:56:00,Disc. under Reg.30 of SEBI (SAST) Reg.2011,"Virendra D. Mhaiskar has submitted to the Exchange vide letter dated April 06, 2016 a copy of disclosure under Regulation 30(1) and 30(2) of SEBI (Substantial Acquisition of Shares & Takeovers) Regula"
29-Mar-2016 09:04:00,Resignation of Director,"IRB Infrastructure Developers Limited has informed the Exchange that the Company has received a letter from Shri Dattatraya P. Mhaiskar, a Non-executive Director of the Company stating that due to his"
16-Mar-2016 17:39:00,Updates,IRB Infrastructure Developers Limited has informed the Exchange that Securities and Exchange Board of India ( SEBI ) has granted the certificate of registration in terms of Regulation 6 of SEBI (Infra
09-Mar-2016 19:51:00,Dividend,"IRB Infrastructure Developers Limited has informed the Exchange that Please note that the Board of Directors of the Company at its meeting held on March 9, 2016 has declared Second Interim Dividend of"
03-Mar-2016 16:12:00,Trading Window,"IRB Infrastructure Developers Limited has informed the Exchange that the trading window for dealing in the securities of the Company is closed from March 3, 2016 till 48 hours after the announcement t"
03-Mar-2016 16:11:00,Record Date,"IRB Infrastructure Developers Limited has informed the Exchange that the Company has fixed Record Date as March 17, 2016 for the purpose of Second Interim Dividend for FY 2015-16"
01-Mar-2016 16:53:00,Updates,"IRB Infrastructure Developers Limited has informed the Exchange that with reference to an update dated January 3, 2016 regarding receipt of Letter of Award ( LoA ) from Ministry of Road Transport & Hi"
29-Jan-2016 14:33:00,Press Release,"IRB Infrastructure Developers Limited has informed the Exchange regarding a press release dated January 29, 2016 with respect to the Unaudited Financial Results for the quarter ended December 31, 2015"
29-Jan-2016 14:31:31,Financial Result Updates,"IRB Infrastructure Developers Limited has submitted to the Exchange the standalone & consolidated financial results along with the Limited Review Report for the period ended December 31, 2015."
22-Jan-2016 16:12:00,Trading Window,"IRB Infrastructure Developers Limited has informed the Exchange that the trading window for dealing in the securities of the Company was closed from January 14, 2016 till 24 hours after the announceme"
04-Jan-2016 08:29:00,Updates,"IRB Infrastructure Developers Limited has informed the Exchange that the Company have received the Letter of Award from Ministry of Road Transport & Highways (MORT&H), Govt. Of India for Construction,"
28-Dec-2015 18:42:00,Updates,IRB Infrastructure Developers Limited has informed the Exchange that Pursuant to Regulation 30(5) of the Securities and Exchange Board of India (Listing Obligations and Disclosure Requirements) Regula
07-Dec-2015 17:22:00,Updates,"IRB Infrastructure Developers Limited has informed the Exchange that IRB Ahmegabad Vadodara Super Express Tollway Pvt. Ltd (""SPV"") - wholly owned subsidiary of the Company, has been issued a Provision"
21-Oct-2015 14:44:00,Appointment of Director,"IRB Infrastructure Developers Limited has informed the Exchange that the Board of Directors of the Company at its meeting held on October 21, 2015 has appointed Mr. B.L. Gupta as an Additional Directo"
21-Oct-2015 14:43:07,Financial Result Updates,IRB Infrastructure Developers Limited has submitted to the exchange the standalone & consolidated financial results along with the Limited Review Report for the period ended 30-Sep-2015.
21-Oct-2015 14:38:00,Date of payment of dividend,"IRB Infrastructure Developers Limited has informed the Exchange that Interim Dividend will be paid/dispatched to the equity shareholders of the Company on or before November 10, 2015."
21-Oct-2015 14:36:00,Dividend,"IRB Infrastructure Developers Limited has informed the Exchange that the Board of Directors of the company at its meeting held on October 21, 2015 has declared interim dividend of Rs.2/- per equity sh"
13-Oct-2015 17:24:00,Record Date,"IRB Infrastructure Developers Limited has informed the Exchange that the Company has fixed Record Date as October 28, 2015 for the purpose of interim dividend."
13-Oct-2015 16:38:00,Trading Window,"IRB Infrastructure Developers Limited has informed the Exchange that the trading window for dealing in the securities of the Company was closed from October 05, 2015 till 24 hours after the announceme"
26-Sep-2015 12:55:00,Disclosure of Voting Pattern - Clause 35A,"IRB Infrastructure Developers Limited has submitted to the Exchange the details of voting results of the Annual General Meeting of the Company held on the September 23, 2015 as per clause 35A of Listi"
23-Sep-2015 15:28:00,Outcome of Board Meeting,"IRB Infrastructure Developers Limited has informed the Exchange regarding outcome of meeting of the Board of Directors of the Company held on September 23, 2015."
22-Sep-2015 16:46:00,Disclosure of Voting Pattern - Clause 35A,IRB Infrastructure Developers Limited has submitted to the Exchange a copy of result of Postal Ballot under Clause 35A of the Listing Agreement.
03-Sep-2015 08:22:00,Updates,"IRB Infrastructure Developers Limited has informed the Exchange that AE Tollway Private Limited - Wholly-owned Subsidiary of the Company, has now executed Concession Agreement with NHAI for the projec"
31-Aug-2015 16:19:00,Annual General Meeting Updates,"IRB Infrastructure Developers Limited has submitted to the Exchange a copy of notice of Annual General Meeting of the members of the Company to be held on September 23, 2015."
28-Aug-2015 08:45:00,Updates,"IRB Infrastructure Developers Limited has informed the Exchange update regarding the Company's Project1. Concession period for the Kharpada Bridge Project (SPV - IRB Infrastructure Pvt. Ltd, wholly ow"
19-Aug-2015 11:30:00,Postal Ballot Updates,"IRB Infrastructure Developers Limited has submitted to the Exchange a copy of Notice of Postal Ballot pursuant to section 110 of the Companies Act, 2013 along with Postal Ballot Form."
13-Aug-2015 15:45:00,AGM/Book Closure,"IRB Infrastructure Developers Limited has informed the Exchange that the Register of Members and Share Transfer Books of the Company shall remain closed from September 19, 2015 to September 23, 2015 ("
13-Aug-2015 15:23:00,Outcome of Board Meeting,"IRB Infrastructure Developers Limited has informed the Exchange that the Board of Directors of the Company at its meeting held on August 13, 2015 has approved the special resolutions being circulated "
13-Aug-2015 15:12:00,Outcome of Board Meeting,"IRB Infrastructure Developers Limited has informed the Exchange that the Board of Directors of the Company at its meeting held on August 13, 2015 has:1) re-constituted Audit Committee. Now the Audit C"
13-Aug-2015 15:02:22,Financial Result Updates,IRB Infrastructure Developers Limited has submitted to the exchange the standalone & consolidated financial results along with the Limited Review Report for the period ended 30-Jun-2015.
05-Aug-2015 16:10:00,Trading Window,"IRB Infrastructure Developers Limited has informed the Exchange that the trading window for dealing in the securities of the Company was closed from July 28, 2015 till 24 hours after the announcement "
28-Jul-2015 09:37:00,Updates,"IRB Infrastructure Developers Limited has informed the Exchange that Kaithal Tollway Pvt. Ltd. -wholly-owned Subsidiary of the Company, has achieved financial closure in terms of the Concession Agreem"
27-Jul-2015 17:39:00,Resignation of Director,"IRB Infrastructure Developers Limited has informed the Exchange that Shri Bhalchandra K. Khare, an Independent Director of the Company has resigned as Director of the Company due to his advancing age "
07-Jul-2015 08:55:00,Updates,IRB Infrastructure Developers Limited has informed the Exchange that the Company has now received Letter of Award from NHAI for the project Six Laning of Agra-Etawah Bypass section of NH-2 (from km 19
01-Jun-2015 08:26:00,Updates,"IRB Infrastructure Developers Limited has informed the Exchange that the Company has on May 30, 2015 received the directions from the Government of Maharashtra  a. to stop Toll Collection on (1) Moho!"
29-May-2015 16:18:00,Change in Director(s),"IRB Infrastructure Developers Limited has informed the Exchange that the Board of Directors of the Company at its meeting held on May 29, 2015 has:  1) appointed Mr. Sudhir Rao Hoshing as Joint Managi"
29-May-2015 16:17:00,Dividend,"IRB Infrastructure Developers Limited has informed the Exchange that the Board of Directors of the Company at their meeting held on May 29, 2015, has declared Second Interim Dividend of Rs. 2/- per eq"
29-May-2015 16:12:00,Press Release,"IRB Infrastructure Developers Limited has informed the Exchange regarding a press release dated May 29, 2015."
29-May-2015 16:09:00,Date of payment of dividend,"IRB Infrastructure Developers Limited has informed the Exchange that the Second Interim Dividend will be paid / dispatched to the equity shareholders of the Company on or before June 17, 2015."
29-May-2015 15:31:03,Financial Result Updates,IRB Infrastructure Developers Limited has submitted to the exchange the standalone & consolidated financial results for the period ended 31-Mar-2015.
21-May-2015 08:52:00,Updates,IRB Infrastructure Developers Limited has informed the Exchange that the Company has emerged as a preferred bidder for the project of Six Laning of Agra-Etawah Bypass section of NH-2 (from km 199.660 
20-May-2015 09:39:00,Record Date,"IRB Infrastructure Developers Limited has informed the Exchange that the Company has fixed Record Date as June 5, 2015 for the purpose of interim dividend "
20-May-2015 08:51:00,Trading Window,"IRB Infrastructure Developers Limited has informed the Exchange that the trading window for dealing in the securities of the Company was closed from May 13, 2015 and it will open 24 hours after the an"
15-Apr-2015 13:56:00,Disc. under Reg.30 of SEBI (SAST) Reg.2011,"Dattatray P. Mhaiskar has submitted to the Exchange vide letter dated April 09, 2015 a copy of disclosure under Regulation 30(1) and 30(2) of SEBI (Substantial Acquisition of Shares & Takeovers) Regul"
15-Apr-2015 13:56:00,Disc. under Reg.30 of SEBI (SAST) Reg.2011,"Ideal Toll & Infrastructure Pvt. Ltd has submitted to the Exchange vide letter dated April 09, 2015 a copy of disclosure under Regulation 30(1) and 30(2) of SEBI (Substantial Acquisition of Shares & T"
08-Apr-2015 10:47:00,Disc. under Reg.30 of SEBI (SAST) Reg.2011,"Virendra D Mhaiskar has submitted to the Exchange vide letter dated April 06, 2015 a copy of disclosure under Regulation 30(1) and 30(2) of SEBI (Substantial Acquisition of Shares & Takeovers) Regulat"
26-Mar-2015 17:16:00,Qualified Institutional Placement,"IRB Infrastructure Developers Limited has informed the Exchange that Offering Committee for QIP of the Company at its meeting held on March 26, 2015, approved the issue and allotment of 19,085,890 Equ"
24-Mar-2015 08:42:00,Qualified Institutional Placement,IRB Infrastructure Developers Limited has informed the Exchange that with respect to the Issue of equity shares of face value of Rs. 10 each in the Company to QIBs under Qualified Institutional Placem
24-Mar-2015 08:39:00,Qualified Institutional Placement,"IRB Infrastructure Developers Limited has informed the Exchange that in respect of the QIP, the Offering Committee for QIP (the ""Committee"") of the Company has at its meeting held on March 23, 2015, i"
20-Mar-2015 08:43:00,Qualified Institutional Placement,"IRB Infrastructure Developers Limited has submitted to the Exchange a copy of the resolution passed by the offering committee for QIP of the Board of Directors of the Company on March 19, 2015 in conn"
20-Mar-2015 08:41:00,Updates,IRB Infrastructure Developers Limited has informed the Exchange that QIP Committee of Board has approved the Unaudited Condensed Interim Consolidated Financial Statements as of and for the nine months
17-Mar-2015 08:44:00,Updates,"IRB Infrastructure Developers Limited has informed the Exchange that Yedeshi Aurangabad Tollway Pvt. Ltd. - wholly-owned Subsidiary of the Company, has achieved financial closure in terms of the Conce"
05-Feb-2015 16:06:00,Disclosure under SEBI Takeover Regulations,"HSBC Global Management (Hong Kong) Limited has submitted to the Exchange, vide letter dated February 2, 2015 a copy of disclosure under Regulation 29(2) of SEBI (Substantial Acquisition of Shares & Ta"
05-Feb-2015 14:42:00,Change in Director(s),"IRB Infrastructure Developers Limited has informed the Exchange that the Board of Directors of the Company at its meeting held on February 5, 2015 has:    1) appointed Mr. Sandeep J. Shah as an Additi"
05-Feb-2015 14:34:00,Press Release,"IRB Infrastructure Developers Limited has informed the Exchange regarding a press release dated February 5, 2015 with respect to the Financial Results of the Company for the quarter and nine months en"
05-Feb-2015 14:31:02,Financial Result Updates,IRB Infrastructure Developers Limited has submitted to the exchange the standalone & consolidated financial results along with the Limited Review Report for the period ended 31-Dec-2014.
28-Jan-2015 16:52:00,Trading Window,"IRB Infrastructure Developers Limited has informed the Exchange that the trading window for dealing in the securities of the Company is closed from January 20, 2015 till 24 hours after the announcemen"
05-Jan-2015 20:22:00,Updates,"IRB Infrastructure Developers Limited has informed the Exchange that, as a part of reinvestigation in the matter of land acquisition at Village Taje & Pimploli near Pune, officers from the CBI have vi"
05-Jan-2015 17:04:00,News Clarification,"The Exchange has sought clarification from IRB Infrastructure Developers Limited with respect to recent news item captioned ""CBI conducts raids and searches at IRB Infra offices in Pune"". In this rega"
