date,desc,text
11-Jul-2026 14:39:03,Copy of Newspaper Publication,JM Financial Limited has informed the Exchange about Copy of Newspaper Publication
10-Jul-2026 23:56:19,General Updates,JM Financial Limited has informed the Exchange regarding Letter to Members providing weblink and QR code of Annual Report for the FY 2025-26 and Notice of the 41st Annual General Meeting.
10-Jul-2026 23:21:15,General Updates,"JM Financial Limited has informed the Exchange about the Business Responsibility and Sustainability Report of the Company for the financial year 2025-26, which also forms part of the Company's Forty F"
10-Jul-2026 22:57:20,Shareholders meeting,"JM Financial Limited has informed the Exchange regarding Notice of Annual General Meeting to be held on August 03, 2026"
25-Jun-2026 21:22:42,Copy of Newspaper Publication,JM Financial Limited has informed the Exchange about Copy of Newspaper Publication
25-Jun-2026 16:34:33,Trading Window,"JM Financial Limited has informed the Exchange regarding the Trading Window closure pursuant to SEBI (Prohibition of Insider Trading) Regulations, 2015"
23-Jun-2026 15:46:20,Allotment of Securities,"JM Financial Limited has informed the Exchange regarding allotment of 493742 securities pursuant to ESOP/ESPS at its meeting held on Jun 23, 2026"
04-Jun-2026 19:44:27,Analysts/Institutional Investor Meet/Con. Call Updates,JM Financial Limited has informed the Exchange about Transcript
01-Jun-2026 19:33:51,Analysts/Institutional Investor Meet/Con. Call Updates,"JM Financial Limited has informed the Exchange about Link of audio recording of earnings conference call held today i.e. June 1, 2026."
29-May-2026 22:55:30,Investor Presentation,JM Financial Limited has informed the Exchange about Investor Presentation
29-May-2026 19:55:12,General Updates,"JM Financial Limited has informed the Exchange about the Forty-first (41st) Annual General Meeting of the Company is scheduled to be held on Monday, August 3, 2026."
29-May-2026 19:48:21,Press Release,"JM Financial Limited has informed the Exchange regarding a press release dated May 29, 2026, titled ""JM Financial reported its highest ever annual consolidated PAT of Rs. 1,202 crore for FY26, YoY inc"
29-May-2026 19:39:46,Change in Management,JM Financial Limited has informed the Exchange regarding Senior Management Persons
29-May-2026 19:37:15,Change in Director(s),JM Financial Limited has informed the Exchange regarding Change in Director(s) of the company.
29-May-2026 19:26:26,Record Date,JM Financial Limited has informed the Exchange that Record date for the purpose of Dividend  is 12-Jun-2026.
29-May-2026 19:03:42,Dividend,"JM Financial Limited has informed the Exchange that Board of Directors at its meeting held on May 29, 2026, recommended Final Dividend of Rs. 1.75 per equity share."
29-May-2026 18:39:07,Outcome of Board Meeting,"JM Financial Limited has submitted to the Exchange, the financial results for the period ended March 31, 2026."
26-May-2026 22:01:35,Analysts/Institutional Investor Meet/Con. Call Updates,"JM Financial Limited has informed the Exchange about the Earnings Conference Call - Financial Performance for the last quarter and financial year ended March 31, 2026."
19-May-2026 21:02:03,Options to purchase securities,"JM Financial Limited has informed the Exchange about grant of 9,70,624 Stock Options to Eligible Employees"
05-May-2026 21:07:46,Copy of Newspaper Publication,JM Financial Limited has informed the Exchange about Copy of Newspaper Publication
01-May-2026 11:18:24,Cessation,"JM Financial Limited has informed the Exchange regarding Cessation of Mr. Gagan Kothari as Senior Management Person of the Company w.e.f. May 1, 2026, consequent upon internal transfer to JM Financial"
22-Apr-2026 17:20:50,Disclosure under SEBI Takeover Regulations,J.M. Financial and Investment Consultancy Services Private Limited has Submitted to the Exchange a copy of Disclosure under Regulation 31(4) of the Securities and Exchange Board of India (Substantial 
20-Apr-2026 18:13:53,Allotment of Securities,"JM Financial Limited has informed the Exchange regarding allotment of 95642 securities pursuant to ESOP/ESPS at its meeting held on April 20, 2026"
18-Apr-2026 17:15:53,Copy of Newspaper Publication,JM Financial Limited has informed the Exchange about Copy of Newspaper Publication
10-Apr-2026 18:41:48,"Certificate under SEBI (Depositories and Participants) Regulations, 2018","JM Financial Limited has informed the Exchange about Certificate under SEBI (Depositories and Participants) Regulations, 2018"
06-Apr-2026 20:15:57,General Updates,JM Financial Limited has informed the Exchange about the ESG rating provided by NSE Sustainability Ratings and Analytics Limited
02-Apr-2026 20:20:14,Copy of Newspaper Publication,JM Financial Limited has informed the Exchange about Copy of Newspaper Publication
31-Mar-2026 15:33:59,ESOP/ESOS/ESPS,JM Financial Limited has informed the Exchange regarding Allotment of 6479  Shares.
31-Mar-2026 15:31:33,Updates,JM Financial Limited has informed the Exchange regarding 'Allotment of equity shares upon the exercise of Stock Options by the Eligible Employees'.
25-Mar-2026 18:52:55,Trading Window,"JM Financial Limited has informed the Exchange regarding the Trading Window closure pursuant to SEBI (Prohibition of Insider Trading) Regulations, 2015"
25-Mar-2026 11:25:25,General Updates,"JM Financial Limited has informed the Exchange that the Company has subscribed to 24,25,000 ordinary shares of USD 1 each of JM Financial Overseas Holdings Private Limited, a wholly owned subsidiary o"
11-Feb-2026 20:06:47,Analysts/Institutional Investor Meet/Con. Call Updates,JM Financial Limited has informed the Exchange about Transcript
10-Feb-2026 18:44:42,Copy of Newspaper Publication,JM Financial Limited has informed the Exchange about Copy of Newspaper Publication pertaining to the Special window for re-lodgement of physical share transfer.
06-Feb-2026 19:08:41,Analysts/Institutional Investor Meet/Con. Call Updates,"JM Financial Limited has informed the Exchange about Link of audio recording of earnings conference call held today i.e. February 6, 2026."
05-Feb-2026 22:32:37,Analysts/Institutional Investor Meet/Con. Call Updates,JM Financial Limited has informed the Exchange about Presentation
05-Feb-2026 22:25:18,Investor Presentation,JM Financial Limited has informed the Exchange about Investor Presentation
05-Feb-2026 21:07:43,Press Release,"JM Financial Limited has informed the Exchange regarding a press release dated February 05, 2026, titled ""Consolidated PAT for Q3FY26 of Rs. 313 crore, YoY increase of 50%; Consolidated PAT for 9MFY26"
05-Feb-2026 17:26:42,Outcome of Board Meeting,"Please find enclosed Outcome of the Board Meeting held today i.e. February 5, 2026."
05-Feb-2026 14:54:27,ESOP/ESOS/ESPS,JM Financial Limited has informed the Exchange regarding Allotment of 28200  Shares.
28-Jan-2026 17:07:31,Analysts/Institutional Investor Meet/Con. Call Updates,"JM Financial Limited has informed the Exchange about the Earnings Conference Call - Financial Performance for the third quarter and nine months ended December 31, 2025"
14-Jan-2026 22:11:24,"Certificate under SEBI (Depositories and Participants) Regulations, 2018","JM Financial Limited has informed the Exchange about Certificate under SEBI (Depositories and Participants) Regulations, 2018 for the quarter ended December 31, 2025."
01-Jan-2026 19:09:07,General Updates,JM Financial Limited has informed the Exchange about disclosure under Regulation 30 of the SEBI LODR.
01-Jan-2026 19:06:50,Disclosure under SEBI Takeover Regulations, SNK Investments Private Limited  has submitted to the Exchange a copy of Disclosures under Regulation 10(6)-Report to stock Exchange in respect of any acquisition made in reliance upon exemption prov
01-Jan-2026 18:36:46,Credit Rating- Others,JM Financial Limited has informed the Exchange about reaffirmation of ratings assigned to the Company.
29-Dec-2025 18:18:42,Trading Window,"JM Financial Limited has informed the Exchange regarding the Trading Window closure pursuant to SEBI (Prohibition of Insider Trading) Regulations, 2015"
19-Dec-2025 18:58:31,Disclosure under SEBI Takeover Regulations, SNK Investments Private Limited  has Submitted to the Exchange a copy of Disclosure under Regulation 10 (5) of the Securities and Exchange Board of India (Substantial Acquisition of Shares and Takeov
09-Dec-2025 20:00:54,General Updates,JM Financial Limited has informed the Exchange about disclosure under Regulation 30 of the SEBI LODR.
02-Dec-2025 20:17:47,Copy of Newspaper Publication,JM Financial Limited has informed the Exchange about Copy of Newspaper Publication pertaining to the Special window for re-lodgement of transfer requests of physical shares
01-Dec-2025 18:31:09,Analysts/Institutional Investor Meet/Con. Call Updates,JM Financial Limited has informed the Exchange about Schedule of meet
26-Nov-2025 20:57:51,Copy of Newspaper Publication,JM Financial Limited has informed the Exchange about Copy of Newspaper Publication pertaining to the Notice of transfer of equity shares to Investor Education and Protection Fund Authority.
21-Nov-2025 17:09:38,ESOP/ESOS/ESPS,JM Financial Limited has informed the Exchange regarding Allotment of 119783  Shares.
17-Nov-2025 18:13:28,Analysts/Institutional Investor Meet/Con. Call Updates,JM Financial Limited has informed the Exchange about Institutional Investors  Conference
15-Nov-2025 15:21:32,Action(s) taken or orders passed,"JM Financial Limited has informed the Exchange that in reference to our letter dated February 20, 2025, wherein we had intimated about receipt of the refund order from the Tax Authorities for an amoun"
11-Nov-2025 21:09:11,General Updates,"JM Financial Limited has informed the Exchange that  JM Financial Private Wealth, Inc  has been incorporated on November 10, 2025 in the State of Delaware, United States of America, which shall be ope"
10-Nov-2025 20:25:07,Analysts/Institutional Investor Meet/Con. Call Updates,JM Financial Limited has informed the Exchange about Transcript
07-Nov-2025 18:52:03,Analysts/Institutional Investor Meet/Con. Call Updates,JM Financial Limited has informed the Exchange about Link of Recording
06-Nov-2025 19:28:31,Investor Presentation,JM Financial Limited has informed the Exchange about Investor Presentation
06-Nov-2025 17:42:27,Press Release,"JM Financial Limited has informed the Exchange regarding a press release dated November 06, 2025, titled ""Consolidated PAT of Rs. 270 crore, YoY increase of 16% for Q2FY26. Interim Dividend declared a"
06-Nov-2025 17:27:07,Record Date,JM Financial Limited has informed the Exchange that Record date for the purpose of Interim Dividend is 14-Nov-2025.
06-Nov-2025 17:24:40,Dividend,"JM Financial Limited has informed the Exchange that Board of Directors at its meeting held on November 06, 2025, declared Interim Dividend of Rs. 1.50 per equity share."
06-Nov-2025 17:22:04,Outcome of Board Meeting,"JM Financial Limited has submitted to the Exchange, the financial results for the period ended September 30, 2025."
03-Nov-2025 17:43:46,Analysts/Institutional Investor Meet/Con. Call Updates,JM Financial Limited has informed the Exchange about Schedule of meet
08-Oct-2025 17:51:05,"Certificate under SEBI (Depositories and Participants) Regulations, 2018","JM Financial Limited has informed the Exchange about Certificate under SEBI (Depositories and Participants) Regulations, 2018"
27-Sep-2025 17:02:25,Trading Window,"JM Financial Limited has informed the Exchange regarding the Trading Window closure pursuant to SEBI (Prohibition of Insider Trading) Regulations, 2015"
23-Sep-2025 15:41:00,ESOP/ESOS/ESPS,JM Financial Limited has informed the Exchange regarding Allotment of 53750  Shares.
23-Sep-2025 01:01:38,Action(s) taken or orders passed,JM Financial Limited has informed the Exchange about the disclosure under Regulation 30 of the SEBI LODR with respect to the orders passed by SEBI.
22-Aug-2025 21:25:31,Copy of Newspaper Publication,JM Financial Limited has informed the Exchange about Copy of Newspaper Publication
14-Aug-2025 19:34:13,Analysts/Institutional Investor Meet/Con. Call Updates,JM Financial Limited has informed the Exchange about Transcript
13-Aug-2025 22:42:42,Shareholders meeting,"JM Financial Limited has submitted the Exchange a copy Srutinizers report and Voting Results of  the 40th Annual General Meeting held on August 12, 2025"
12-Aug-2025 23:05:10,Shareholders meeting,"JM Financial Limited has informed the Exchange regarding Proceedings of the 40th Annual General Meeting held on August 12, 2025"
12-Aug-2025 19:31:30,Analysts/Institutional Investor Meet/Con. Call Updates,JM Financial Limited has informed the Exchange about Schedule of meet
12-Aug-2025 19:12:49,Analysts/Institutional Investor Meet/Con. Call Updates,JM Financial Limited has informed the Exchange about Link of Recording
11-Aug-2025 21:45:48,General Updates,Disclosure under Regulation 30 of the SEBI LODR
11-Aug-2025 16:08:54,Investor Presentation,JM Financial Limited has informed the Exchange about Investor Presentation
11-Aug-2025 13:58:44,Press Release,"JM Financial Limited has informed the Exchange regarding a press release dated August 11, 2025, titled ""JM Financial reported its highest ever quarterly operating PAT. Consolidated PAT of Rs. 454 cror"
11-Aug-2025 13:33:50,Outcome of Board Meeting,"JM Financial Limited has submitted to the Exchange the Outcome of Board meeting held on August 11, 2025."
10-Aug-2025 11:49:50,General Updates,JM Financial Limited has informed the Exchange about General Update under Regulation 30 of SEBI LODR
07-Aug-2025 20:48:40,Analysts/Institutional Investor Meet/Con. Call Updates,JM Financial Limited has informed the Exchange about Schedule of meet
25-Jul-2025 18:04:03,Copy of Newspaper Publication,JM Financial Limited has informed the Exchange about Copy of Newspaper Publication
19-Jul-2025 22:58:38,Copy of Newspaper Publication,JM Financial Limited has informed the Exchange about Copy of Newspaper Publication
18-Jul-2025 23:50:37,General Updates,JM Financial Limited has informed the Exchange regarding Letter to Members providing weblink and QR code of Annual Report for the FY 2024-25 and Notice of the 40th Annual General Meeting.
18-Jul-2025 22:52:05,General Updates,JM Financial Limited has informed the Exchange regarding the Business Responsibility and Sustainability Report for the financial year 2024-25 which also forms part of the Company s Fortieth Annual Rep
18-Jul-2025 22:28:49,Shareholders meeting,"JM Financial Limited has informed the Exchange regarding Notice of Annual General Meeting to be held on August 12, 2025"
14-Jul-2025 18:13:05,Copy of Newspaper Publication,JM Financial Limited has informed the Exchange about Copy of Newspaper Publication
08-Jul-2025 16:40:03,"Certificate under SEBI (Depositories and Participants) Regulations, 2018","JM Financial Limited has informed the Exchange about Certificate under SEBI (Depositories and Participants) Regulations, 2018"
01-Jul-2025 15:14:07,General Updates,"JM Financial Limited has informed the Exchange that the Company has today completed the acquisition of 84,343 equity shares, representing 2.98% of the equity share capital of JM Financial Credit Solut"
28-Jun-2025 09:59:59,General Updates,JM Financial Limited has informed the Exchange about General Updates
25-Jun-2025 17:33:22,Trading Window,"JM Financial Limited has informed the Exchange regarding the Trading Window closure pursuant to SEBI (Prohibition of Insider Trading) Regulations, 2015"
25-Jun-2025 10:49:03,Spurt in Volume,"Significant increase in volume has been observed in JM Financial Limited. The Exchange, in order to ensure that investors have latest relevant information about the company and to inform the market pl"
24-Jun-2025 18:20:26,Spurt in Volume,"Significant increase in volume has been observed in JM Financial Limited. The Exchange, in order to ensure that investors have latest relevant information about the company and to inform the market pl"
23-Jun-2025 17:35:02,General Updates,JM Financial Limited has informed the Exchange about Allotment of equity shares upon the exercise of Stock Options by the eligible employees
23-May-2025 15:00:26,Copy of Newspaper Publication,JM Financial Limited has informed the Exchange about Copy of Newspaper Publication
20-May-2025 17:26:04,Analysts/Institutional Investor Meet/Con. Call Updates,JM Financial Limited has informed the Exchange about Transcript
15-May-2025 14:51:26,Analysts/Institutional Investor Meet/Con. Call Updates,JM Financial Limited has informed the Exchange about Schedule of meet
14-May-2025 20:19:55,Record Date,JM Financial Limited has informed the Exchange that Record date for the purpose of Dividend  is 13-Jun-2025.
13-May-2025 18:09:48,Analysts/Institutional Investor Meet/Con. Call Updates,JM Financial Limited has informed the Exchange about Link of Recording
12-May-2025 23:35:41,General Updates,JM Financial Limited has informed the Exchange about General Updates
12-May-2025 21:23:33,General Updates,"JM Financial Limited has informed the Exchange about General Updates informing that the Fortieth (40th) Annual General Meeting of the Company is scheduled to be held on Tuesday, August 12, 2025"
12-May-2025 21:12:17,Updates,JM Financial Limited has informed the Exchange regarding 'Please find enclosed intimation under Regulation 42 of SEBI Listing Regulations'.
12-May-2025 20:53:08,Change in Management,JM Financial Limited has informed the Exchange about change in Management
12-May-2025 20:49:37,General Updates,JM Financial Limited has informed the Exchange about General Updates
12-May-2025 20:39:58,Outcome of Board Meeting,"JM Financial Limited has informed the Exchange regarding Outcome of Board Meeting held on May 12, 2025."
12-May-2025 20:33:13,Press Release,"JM Financial Limited has informed the Exchange regarding a press release dated May 12, 2025, titled ""JM Financial Limited reports Consolidated Revenue and PAT of Rs. 1,027 croreand Rs. 210 crore respe"
12-May-2025 20:16:13,Dividend,"JM Financial Limited has informed the Exchange that Board of Directors at its meeting held on May 12, 2025, recommended Final Dividend of 2.70 per equity share."
12-May-2025 15:13:47,Allotment of Securities,"JM Financial Limited has informed the Exchange regarding allotment of 72458 securities pursuant to ESOP/ESPS at its meeting held on May 12, 2025"
08-May-2025 20:44:29,Analysts/Institutional Investor Meet/Con. Call Updates,JM Financial Limited has informed the Exchange about Earnings Conference Call
02-May-2025 22:21:26,Options to purchase securities,"JM Financial Limited has informed the Exchange about Options to purchase securities. The Nomination and Remuneration Committee of the Company has approved the grant of 2,50,000 stock options giving ri"
30-Apr-2025 20:56:02,Change in Management,JM Financial Limited has informed the Exchange about change in Management
24-Apr-2025 18:02:16,Disclosure under SEBI Takeover Regulations,J.M. Financial and Investment Consultancy Services Private Limited has Submitted to the Exchange a copy of Disclosure under Regulation 31(4) of the Securities and Exchange Board of India (Substantial 
16-Apr-2025 16:48:39,Change in Management,"JM Financial Limited has informed the Exchange about change in Management i.e. Mr. Anuj Kapoor shall cease to be a Senior Management Person (the  SMP ) of the Company with effect from today i.e., Apri"
14-Apr-2025 14:41:21,"Certificate under SEBI (Depositories and Participants) Regulations, 2018","JM Financial Limited has informed the Exchange about Certificate under SEBI (Depositories and Participants) Regulations, 2018"
30-Mar-2025 20:07:30,Change in Director(s),JM Financial Limited has informed the Exchange regarding Change in Director(s) of the company.
29-Mar-2025 23:00:44,General Updates,"JM Financial Limited has informed the Exchange about General Updates. Pursuant to Regulation 30 of SEBI LODR read with Para A of Part A of Schedule III thereto, we wish to inform you that the Company "
26-Mar-2025 21:34:55,Trading Window,"JM Financial Limited has informed the Exchange regarding the Trading Window closure pursuant to SEBI (Prohibition of Insider Trading) Regulations, 2015"
25-Mar-2025 23:22:46,General Updates,"JM Financial Limited has informed the Exchange about General Updates as follows:Pursuant to the authority delegated by the Board,  JM Financial Limited (the  Company ) has today entered into a Share P"
20-Mar-2025 22:31:38,Analysts/Institutional Investor Meet/Con. Call Updates,"JM Financial Limited has informed the Exchange about Schedule of meet/Institutional Investors' Conference scheduled to be held on March 26, 2025."
20-Mar-2025 21:55:57,General Updates,"JM Financial Limited has informed the Exchange about General Updates. In continuation of our earlier letters (copies enclosed for your ready reference), we wish to inform you that JM Financial Limited"
19-Mar-2025 00:32:01,General Updates,JM Financial Limited has informed the Exchange about General Updates
17-Mar-2025 16:54:25,Outcome of Board Meeting,"JM Financial Limited has informed the Exchange regarding Board meeting held on March 17, 2025 has, inter alia, approved entering into Business Transfer Agreement ( BTA ) with JM Financial Services Lim"
06-Mar-2025 22:30:55,General Updates,JM Financial Limited has informed the Exchange about General Updates
27-Feb-2025 16:36:30,Allotment of Securities,"JM Financial Limited has informed the Exchange regarding allotment of 77294 securities pursuant to ESOP/ESPS at its meeting held on February 27, 2025"
20-Feb-2025 15:39:51,Action(s) taken or orders passed,JM Financial Limited has informed the Exchange about Action(s) taken or orders passed
04-Feb-2025 19:10:29,Analysts/Institutional Investor Meet/Con. Call Updates,JM Financial Limited has informed the Exchange about Schedule of meet
03-Feb-2025 17:38:38,Analysts/Institutional Investor Meet/Con. Call Updates,JM Financial Limited has informed the Exchange about Transcript
29-Jan-2025 15:33:54,Analysts/Institutional Investor Meet/Con. Call Updates,JM Financial Limited has informed the Exchange about Link of recordings
28-Jan-2025 22:17:43,Statement of deviation(s) or variation(s) under Reg. 32,JM Financial Limited has informed the Exchange about statement of deviation(s) or variation(s) under Reg. 32
28-Jan-2025 22:00:11,Integrated Filing- Financial,"Please find enclosed Integrated Filing (Financial) for the third quarter and nine months ended December 31, 2024"
28-Jan-2025 21:14:47,Investor Presentation,JM Financial Limited has informed the Exchange about Investor Presentation
28-Jan-2025 20:58:00,Press Release,"JM Financial Limited has informed the Exchange regarding a press release dated January 28, 2025, titled ""JM Financial Limited reports Consolidated Revenue and PAT of Rs. 1,121 croreand Rs. 209 crore r"
28-Jan-2025 20:21:52,Outcome of Board Meeting,"JM Financial Limited has informed the Exchange regarding Outcome of Board Meeting held on January 28, 2025."
28-Jan-2025 20:00:11,Financial Result Updates," JM Financial Limited has submitted to the Exchange, the financial results for the period ended December 31, 2024."
23-Jan-2025 18:00:17,Analysts/Institutional Investor Meet/Con. Call Updates,JM Financial Limited has informed the Exchange about Earnings Conference Call
09-Jan-2025 18:26:38,"Certificate under SEBI (Depositories and Participants) Regulations, 2018","JM Financial Limited has informed the Exchange about Certificate under SEBI (Depositories and Participants) Regulations, 2018"
03-Jan-2025 14:23:29,Action(s) taken or orders passed,JM Financial Limited has informed the Exchange about Action(s) taken or orders passed by SEBI. Please note that JM Financial Limited (the  Company ) in its capacity as a SEBI registered Merchant Banke
02-Jan-2025 19:58:31,Disclosure under SEBI Takeover Regulations,JM Financial and Investment Consultancy Services Pvt Ltd has submitted to the Exchange a copy of Disclosures under Regulation 10(6)-Report to stock Exchange in respect of any acquisition made in relia
27-Dec-2024 19:09:52,Trading Window,"JM Financial Limited has informed the Exchange regarding the Trading Window closure pursuant to SEBI (Prohibition of Insider Trading) Regulations, 2015"
23-Dec-2024 10:55:05,Disclosure under SEBI Takeover Regulations,J. M. Financial and Investment Consultancy Services Private Limited has Submitted to the Exchange a copy of Disclosure under Regulation 10 (5) of the Securities and Exchange Board of India (Substantia
21-Dec-2024 16:53:41,Updates,"JM Financial Limited has informed the Exchange regarding 'Disclosure under Regulation 30 of the SEBI (Listing Obligations and DisclosureRequirements) Regulations, 2015'."
17-Dec-2024 17:30:25,General Updates,JM Financial Limited has informed the Exchange about General Updates
16-Dec-2024 19:11:59,Loss of Share Certificates,JM Financial Limited has informed the Exchange about Loss of Share Certificates
28-Nov-2024 23:12:03,Shareholders meeting,"JM Financial Limited has submitted the Exchange a copy Srutinizers report of  Postal Ballot. Further, the company has informed the Exchange regarding voting results."
27-Nov-2024 11:51:55,Analysts/Institutional Investor Meet/Con. Call Updates,JM Financial Limited has informed the Exchange about Schedule of meet
25-Nov-2024 19:21:00,Disclosure under SEBI Takeover Regulations,JM Financial Limited has submitted to the Exchange a copy of Disclosures under Regulation 10(6)-Report to stock Exchange in respect of any acquisition made in reliance upon exemption provided for in r
14-Nov-2024 16:57:01,Allotment of Securities,"JM Financial Limited has informed the Exchange regarding allotment of 12079 securities pursuant to ESOP/ESPS at its meeting held on November 14, 2024"
13-Nov-2024 19:36:27,Analysts/Institutional Investor Meet/Con. Call Updates,JM Financial Limited has informed the Exchange about Schedule of meet and Presentation
13-Nov-2024 17:11:32,Disclosure under SEBI Takeover Regulations,"J.M Assets Management Private, SNK Investments Private Ltd has Submitted to the Exchange a copy of Disclosure under Regulation 10 (5) of the Securities and Exchange Board of India (Substantial Acquisi"
04-Nov-2024 12:40:37,Analysts/Institutional Investor Meet/Con. Call Updates,JM Financial Limited has informed the Exchange about Transcript
30-Oct-2024 18:50:44,Copy of Newspaper Publication,JM Financial Limited has informed the Exchange about Copy of Newspaper Publication regarding the Postal Ballot Notice
29-Oct-2024 21:56:23,Shareholders meeting,"JM Financial Limited has informed the Exchange regarding Notice of Postal Ballot dated October 18, 2024"
25-Oct-2024 20:06:04,Analysts/Institutional Investor Meet/Con. Call Updates,JM Financial Limited has informed the Exchange about Link of Recording
25-Oct-2024 17:34:35,Updates,JM Financial Limited has informed the Exchange regarding 'Authority for determining materiality of events/information'.
25-Oct-2024 17:05:42,Statement of deviation(s) or variation(s) under Reg. 32,JM Financial Limited has informed the Exchange about statement of deviation(s) or variation(s) under Reg. 32
25-Oct-2024 14:12:51,Investor Presentation,JM Financial Limited has informed the Exchange about Investor Presentation
25-Oct-2024 14:06:43,Press Release,"JM Financial Limited has informed the Exchange regarding a press release dated October 25, 2024, titled ""JM Financial Limited reports Consolidated Revenue and PAT of Rs. 1,211 crore and Rs. 232 crore "
25-Oct-2024 13:55:11,Outcome of Board Meeting,"JM Financial Limited has informed the Exchange regarding  Board meeting held on October 25, 2024."
25-Oct-2024 13:52:45,Financial Result Updates," JM Financial Limited has submitted to the Exchange, the financial results for the period ended September 30, 2024."
22-Oct-2024 15:42:38,Analysts/Institutional Investor Meet/Con. Call Updates,JM Financial Limited has informed the Exchange about Schedule of meet
18-Oct-2024 20:57:59,Updates,JM Financial Limited has informed the Exchange regarding 'Intimation about lifting of restrictions on financing against shares and debentures by theReserve Bank of India (the  RBI ) on JM Financial Pr
11-Oct-2024 19:07:01,"Certificate under SEBI (Depositories and Participants) Regulations, 2018","JM Financial Limited has informed the Exchange about Certificate under SEBI (Depositories and Participants) Regulations, 2018"
09-Oct-2024 15:49:37,Updates,"JM Financial Limited has informed the Exchange regarding 'Disclosure under Regulation 30 of the Securities and Exchange Board of India(Listing Obligations and Disclosure Requirements) Regulations, 201"
09-Oct-2024 14:20:26,News Verification,The Exchange has sought clarification from JM Financial Limited with respect to recent news item captioned CCI clears JM Financial's 43 pc stake buy in JM Fin Credit Solutions.  The response from the 
28-Sep-2024 17:29:17,Updates,"JM Financial Limited has informed the Exchange regarding 'Disclosure under Regulation 30 of SEBI (Listing Obligations and DisclosureRequirements) Regulations, 2015'."
25-Sep-2024 19:22:58,Analysts/Institutional Investor Meet/Con. Call Updates,JM Financial Limited has informed the Exchange about Schedule of meet
20-Sep-2024 18:56:52,Change in Director(s),JM Financial Limited has informed the Exchange regarding Change in Director(s) of the company.
20-Sep-2024 18:50:58,Outcome of Board Meeting,"JM Financial Limited has informed the Exchange regarding  outcome of Board meeting held on September 20, 2024."
19-Sep-2024 21:13:44,Analysts/Institutional Investor Meet/Con. Call Updates,JM Financial Limited has informed the Exchange about Schedule of meet and Presentation
16-Aug-2024 18:38:38,Allotment of Securities,"JM Financial Limited has informed the Exchange regarding allotment of 14495 securities pursuant to ESOP/ESPS at its meeting held on August 16, 2024"
13-Aug-2024 13:24:15,Analysts/Institutional Investor Meet/Con. Call Updates,JM Financial Limited has informed the Exchange about Transcript
09-Aug-2024 00:00:42,Shareholders meeting,"JM Financial Limited has submitted the Exchange a copy Srutinizers report of  Annual General Meeting held on August 06, 2024. Further, the company has informed the Exchange regarding voting results."
07-Aug-2024 19:04:19,Analysts/Institutional Investor Meet/Con. Call Updates,JM Financial Limited has informed the Exchange about Presentation and Link of Recording
06-Aug-2024 22:46:59,Investor Presentation,JM Financial Limited has informed the Exchange about Investor Presentation
06-Aug-2024 22:34:22,Press Release (Revised),"JM Financial Limited has informed the Exchange regarding a revised press release dated August 06, 2024, titled ""Revenue and PAT stood at Rs. 1,094 crore and Rs. 171 crore for Q1FY25.AUM* of our wealth"
06-Aug-2024 22:14:15,Shareholders meeting,"JM Financial Limited has informed the Exchange regarding Proceedings of Annual General Meeting held on August 06, 2024"
06-Aug-2024 21:43:52,Statement of deviation(s) or variation(s) under Reg. 32,JM Financial Limited has informed the Exchange about statement of deviation(s) or variation(s) under Reg. 32
06-Aug-2024 21:02:57,Press Release,"JM Financial Limited has informed the Exchange regarding a press release dated August 06, 2024, titled ""Revenue and PAT stood at Rs. 1,094 crore and Rs. 171 crore for Q1FY25.AUM* of our wealth managem"
06-Aug-2024 15:58:39,Outcome of Board Meeting,"JM Financial Limited has informed the Exchange regarding  Board meeting held on August 06, 2024."
06-Aug-2024 15:53:52,Financial Result Updates," JM Financial Limited has submitted to the Exchange, the financial results for the period ended June 30, 2024."
02-Aug-2024 20:25:12,Analysts/Institutional Investor Meet/Con. Call Updates,JM Financial Limited has informed the Exchange about Schedule of meet
24-Jul-2024 18:41:07,Loss of Share Certificates,JM Financial Limited has informed the Exchange about Loss of Share Certificates
15-Jul-2024 19:13:55,"Certificate under SEBI (Depositories and Participants) Regulations, 2018","JM Financial Limited has informed the Exchange about Certificate under SEBI (Depositories and Participants) Regulations, 2018"
12-Jul-2024 17:32:23,Copy of Newspaper Publication,JM Financial Limited has informed the Exchange about Copy of Newspaper Publication
10-Jul-2024 20:37:29,Copy of Newspaper Publication,JM Financial Limited has informed the Exchange about Copy of Newspaper Publication pertaining to the 39th Annual General Meeting of the Company
06-Jul-2024 15:15:46,Updates,JM Financial Limited has informed the Exchange regarding 'Authority for determining materiality of event/information'.
06-Jul-2024 15:05:20,Press Release,"JM Financial Limited has informed the Exchange regarding a press release dated July 06, 2024, titled ""JM Financial agrees to consolidate its holding in wholesale debt syndication and distressed credit"
06-Jul-2024 14:03:51,Outcome of Board Meeting,"JM Financial Limited has informed the Exchange regarding the outcome of the Board meeting held on July 06, 2024."
26-Jun-2024 18:22:22,Trading Window,"JM Financial Limited has informed the Exchange regarding the Trading Window closure pursuant to SEBI (Prohibition of Insider Trading) Regulations, 2015"
21-Jun-2024 17:41:33,News Verification,The Exchange has sought clarification from JM Financial Limited with respect to recent news item captioned JM Financial Private Equity invests Rs 40 crore in farm equipment maker Modish Tractoraurkisa
21-Jun-2024 12:02:25,Updates,"JM Financial Limited has informed the Exchange regarding 'Intimation under Regulation 30 of the Securities and Exchange Board of India (Listing Obligations and Disclosure Requirements) Regulations, 20"
21-Jun-2024 11:17:30,Clarification,"JMFINANCIL:The Exchange has sought clarification from JM Financial Limited with respect to announcement dated 20-Jun-2024, regarding "" JM Financial Limited has informed the Exchange regarding 'Confirm"
20-Jun-2024 21:31:58,Updates,JM Financial Limited has informed the Exchange regarding 'Confirmatory Order from SEBI'.
20-Jun-2024 14:17:47,News Verification,The Exchange has sought clarification from JM Financial Limited with respect to recent news item captioned JM Financial Private Equity invests Rs 40 crore in farm equipment maker Modish Tractoraurkisa
18-Jun-2024 18:25:14,Loss of Share Certificates,JM Financial Limited has informed the Exchange about Loss of Share Certificates
15-Jun-2024 16:10:03,Updates,"JM Financial Limited has informed the Exchange regarding 'Disclosure under Regulation 30 of the Securities and Exchange Board of India (Listing Obligations and Disclosure Requirements) Regulations, 20"
14-Jun-2024 15:41:48,Allotment of Securities,"JM Financial Limited has informed the Exchange regarding allotment of 146491 securities pursuant to ESOP/ESPS at its meeting held on Jun 14, 2024"
31-May-2024 11:56:49,Analysts/Institutional Investor Meet/Con. Call Updates,JM Financial Limited has informed the Exchange about Transcript
30-May-2024 22:59:50,Updates,JM Financial Limited has informed the Exchange regarding 'Annual Secretarial Compliance Report'.
30-May-2024 16:16:07,Loss of Share Certificates,JM Financial Limited has informed the Exchange about Loss of Share Certificates
29-May-2024 15:41:41,Acquisition,JM Financial Limited has informed the Exchange about Acquisition
27-May-2024 19:28:01,Analysts/Institutional Investor Meet/Con. Call Updates,JM Financial Limited has informed the Exchange about Link of Recording
25-May-2024 00:22:56,Investor Presentation,JM Financial Limited has informed the Exchange about Investor Presentation
24-May-2024 23:50:42,Statement of deviation(s) or variation(s) under Reg. 32,JM Financial Limited has informed the Exchange about statement of deviation(s) or variation(s) under Reg. 32
24-May-2024 23:30:39,Resignation of Statutory Auditor,JM FINANCIAL LIMITED has informed the Exchange about Resignation of Statutory Auditor
24-May-2024 22:06:41,Press Release,"JM Financial Limited has informed the Exchange regarding a press release dated May 24, 2024"
24-May-2024 21:49:23,Change in Company Secretary/Compliance Officer,JM Financial Limited has informed the Exchange about Change in Company Secretary/Compliance Officer
24-May-2024 21:42:56,Change in Auditors,JM Financial Limited has informed the Exchange regarding Change in Auditors of the company.
24-May-2024 21:34:17,Updates,JM Financial Limited has informed the Exchange regarding 'Intimation of 39th Annual General Meeting of the Company'.
24-May-2024 21:26:41,Book Closure,JM Financial Limited has informed the Exchange that Register of Members & Share Transfer Books of the Company will remain closed from 10-Jun-2024 to 14-Jun-2024 for the purpose of Dividend.
24-May-2024 21:10:26,Dividend,"JM Financial Limited has informed the Exchange that Board of Directors at its meeting held on May 24, 2024, recommended Final Dividend of 2 per equity share."
24-May-2024 21:05:48,Financial Result Updates,"JM Financial Limited has submitted to the Exchange, the financial results for the period ended March 31, 2024."
24-May-2024 15:50:59,Loss of Share Certificates,JM Financial Limited has informed the Exchange about Loss of Share Certificates
22-May-2024 20:14:27,Updates,"JM Financial Limited has informed the Exchange regarding 'Intimation under Regulation 30 of the Securities and Exchange Board of India (Listing Obligations and Disclosure Requirements) Regulations, 20"
21-May-2024 23:16:16,Analysts/Institutional Investor Meet/Con. Call Updates,JM Financial Limited has informed the Exchange about Schedule of meet
16-May-2024 17:23:21,Updates,JM Financial Limited has informed the Exchange regarding 'Intimation of change in statutory auditors of a material subsidiary of theCompany'.
10-May-2024 20:05:35,ESOP/ESOS/ESPS,JM Financial Limited has informed the Exchange regarding Grant of 1290000  Options.
30-Apr-2024 20:30:19,Loss of Share Certificates,JM Financial Limited has informed the Exchange about Loss of Share Certificates
30-Apr-2024 20:30:19,Loss of Share Certificates,JM Financial Limited has informed the Exchange about Loss of Share Certificates
26-Apr-2024 17:43:03,Loss of Share Certificates,JM Financial Limited has informed the Exchange about Loss of Share Certificates
08-Apr-2024 17:37:51,"Certificate under SEBI (Depositories and Participants) Regulations, 2018","JM Financial Limited has informed the Exchange about Certificate under SEBI (Depositories and Participants) Regulations, 2018"
08-Apr-2024 16:50:40,Disclosure under SEBI Takeover Regulations,J.M. Financial & Investment Consultancy Services Private Limited has Submitted to the Exchange a copy of Disclosure under Regulation 31(4) of the Securities and Exchange Board of India (Substantial Ac
30-Mar-2024 11:54:48,Updates,"JM Financial Limited has informed the Exchange regarding that pursuant to Regulation 30(5) of the SEBI (Listing Obligations and Disclosure Requirements) Regulations, 2015, we wish to inform you that t"
30-Mar-2024 11:25:16,Updates,"JM Financial Limited has informed the Exchange regarding 'In continuation of our letter dated January 20, 2024 (copy enclosed for your ready reference) intimating about the resignation of Mr. Atul Meh"
26-Mar-2024 17:45:11,Trading Window,"JM Financial Limited has informed the Exchange regarding the Trading Window closure pursuant to SEBI (Prohibition of Insider Trading) Regulations, 2015"
18-Mar-2024 18:07:47,ESOP/ESOS/ESPS,"JM Financial Limited has informed the Exchange that pursuant to the exercise of Stock Options by the eligible employees under the Employees  Stock Option Scheme, the Allotment Committee of the Board, "
12-Mar-2024 19:51:34,Loss of Share Certificates,JM Financial Limited has informed the Exchange about Loss of Share Certificates
10-Mar-2024 18:51:28,Updates,JM Financial Limited has informed the Exchange regarding 'Presentation giving update about the Company'.
07-Mar-2024 22:29:25,Updates,"JM Financial Limited has informed the Exchange regarding 'Intimation under Regulation 30 of the Securities and Exchange Board of India (Listing Obligations and Disclosure Requirements) Regulations, 20"
07-Mar-2024 11:16:45,News Verification,"The Exchange has sought clarification from JM Financial Limited with respect to recent news item captioned JM Financial Shares fall 15% post RBI restrictions on shares, IPO financing.  The response fr"
06-Mar-2024 15:12:14,Updates,"JM Financial Limited has informed the Exchange regarding 'Intimation under Regulation 30 of the Securities and Exchange Board of India (Listing Obligations and Disclosure Requirements) Regulations, 20"
06-Mar-2024 11:12:00,News Verification,"The Exchange has sought clarification from JM Financial Limited with respect to recent news item captioned JM Financial Shares fall 15% post RBI restrictions on shares, IPO financing.  The response fr"
21-Feb-2024 16:37:21,Loss of Share Certificates,JM Financial Limited has informed the Exchange about Loss of Share Certificates
21-Feb-2024 16:37:21,Loss of Share Certificates,JM Financial Limited has informed the Exchange about Loss of Share Certificates
15-Feb-2024 19:27:17,Loss of Share Certificates,JM Financial Limited has informed the Exchange about Loss of Share Certificates
14-Feb-2024 19:36:24,Analysts/Institutional Investor Meet/Con. Call Updates,JM Financial Limited has informed the Exchange about Schedule of Analyst/Institutional Investors  Conference
12-Feb-2024 20:30:26,Investor Presentation,JM Financial Limited has informed the Exchange about Investor Presentation
12-Feb-2024 19:47:27,Allotment of Securities,"JM Financial Limited has informed the Exchange regarding allotment of 43988 securities pursuant to ESOP/ESPS at its meeting held on February 12, 2024"
12-Feb-2024 19:12:17,Statement of deviation(s) or variation(s) under Reg. 32,JM Financial Limited has informed the Exchange about statement of deviation(s) or variation(s) under Reg. 32
12-Feb-2024 18:19:03,Press Release,"JM Financial Limited has informed the Exchange regarding a press release dated February 12, 2024, titled ""JM Financial reported its highest ever quarterly revenue and operating profit. ""."
12-Feb-2024 17:51:20,Financial Result Updates,"JM Financial Limited has submitted to the Exchange, the financial results for the period ended December 31, 2023."
09-Feb-2024 19:40:02,Loss of Share Certificates,JM Financial Limited has informed the Exchange about Loss of Share Certificates
31-Jan-2024 15:47:20,Acquisition,"JM Financial Limited has informed the Exchange that the Allotment Committee of the Board of JM Financial Services Limited, a wholly owned subsidiary of the Company, has allotted 1,63,25,000 equity sha"
24-Jan-2024 19:30:21,Loss of Share Certificates,JM Financial Limited has informed the Exchange about Loss of Share Certificates
20-Jan-2024 16:19:46,Change in Management,JM Financial Limited has informed the Exchange about change in Management
20-Jan-2024 16:14:17,Resignation,"JM Financial Limited has informed the Exchange regarding Resignation of Mr. Atul Mehra as a Joint Managing Director and Key Managerial Personnel of the Company on or before April 20, 2024."
15-Jan-2024 15:17:04,"Certificate under SEBI (Depositories and Participants) Regulations, 2018","JM Financial Limited has informed the Exchange about Certificate under SEBI (Depositories and Participants) Regulations, 2018"
04-Jan-2024 19:33:37,Loss of Share Certificates,JM Financial Limited has informed the Exchange about Loss of Share Certificates
27-Dec-2023 17:47:20,Trading Window,"JM Financial Limited has informed the Exchange regarding the Trading Window closure pursuant to SEBI (Prohibition of Insider Trading) Regulations, 2015"
20-Dec-2023 15:47:27,Loss of Share Certificates,JM Financial Limited has informed the Exchange about Loss of Share Certificates
15-Dec-2023 13:33:18,Change in Management,JM Financial Limited has informed the Exchange about appointment of Senior Management Person
14-Dec-2023 20:38:06,Allotment of Securities,"JM Financial Limited has informed the Exchange regarding allotment of 377624 securities pursuant to ESOP/ESPS at its meeting held on December 14, 2023"
08-Dec-2023 19:18:05,Loss of Share Certificates,JM Financial Limited has informed the Exchange about Loss of Share Certificates
24-Nov-2023 19:28:34,Loss of Share Certificates,JM Financial Limited has informed the Exchange about Loss of Share Certificates
24-Nov-2023 19:28:34,Loss of Share Certificates,JM Financial Limited has informed the Exchange about Loss of Share Certificates
23-Nov-2023 19:58:33,Updates,"JM Financial Limited has informed the Exchange regarding 'Disclosure under Regulation 30 of the SEBI (Listing Obligations and Disclosure Requirements) Regulations, 2015 '."
11-Nov-2023 21:31:34,Press Release,"JM Financial Limited has informed the Exchange regarding a press release dated November 11, 2023, titled ""Update pursuant to Disclosure under Regulation 30 of the Securities and Exchange Board of Indi"
10-Nov-2023 17:19:57,Analysts/Institutional Investor Meet/Con. Call Updates,JM Financial Limited has informed the Exchange about Transcript
06-Nov-2023 16:26:40,Analysts/Institutional Investor Meet/Con. Call Updates,JM Financial Limited has informed the Exchange about Link of recordings
05-Nov-2023 11:20:51,Updates,"JM Financial Limited has informed the Exchange regarding 'Intimation under Regulation 30 of the Securities and Exchange Board of India (Listing Obligations and Disclosure Requirements), Regulations, 2"
03-Nov-2023 20:26:56,ESOP/ESOS/ESPS,JM Financial Limited has informed the Exchange regarding Grant of 120000  Options.
03-Nov-2023 19:59:38,Statement of deviation(s) or variation(s) under Reg. 32,JM Financial Limited has informed the Exchange about statement of deviation(s) or variation(s) under Reg. 32
03-Nov-2023 19:45:32,Investor Presentation,JM Financial Limited has informed the Exchange about Investor Presentation
03-Nov-2023 19:20:43,Press Release,"JM Financial Limited has informed the Exchange regarding a press release dated November 03, 2023, titled ""JM Financial reported its highest ever quarterly revenue. Revenue and PreProvision Operating P"
03-Nov-2023 17:52:29,Financial Result Updates,"JM Financial Limited has submitted to the Exchange, the financial results for the period ended September 30, 2023."
01-Nov-2023 18:34:02,Analysts/Institutional Investor Meet/Con. Call Updates,"JM Financial Limited has informed the Exchange about earnings conference call on Monday, November 6, 2023 at 11:00 a.m. (IST) to discuss the Company s financial performance for the second quarter and "
27-Oct-2023 21:24:06,Loss of Share Certificates,JM Financial Limited has informed the Exchange about Loss of Share Certificates
23-Oct-2023 19:33:01,Loss of Share Certificates,JM Financial Limited has informed the Exchange about Loss of Share Certificates
13-Oct-2023 17:44:46,"Certificate under SEBI (Depositories and Participants) Regulations, 2018","JM Financial Limited has informed the Exchange about Certificate under SEBI (Depositories and Participants) Regulations, 2018"
04-Oct-2023 22:45:44,Resignation,"JM Financial Limited has informed the Exchange regarding Resignation of Mr Manish Sheth as Chief Financial Officer of the company w.e.f. September 30, 2023."
04-Oct-2023 19:25:28,Resignation,"JM Financial Limited has informed the Exchange regarding Resignation of Mr Manish Sheth as Chief Financial Officer of the company w.e.f. September 30, 2023."
03-Oct-2023 16:17:46,Allotment of Securities,"JM Financial Limited has informed the Exchange regarding allotment of 47306 securities pursuant to ESOP/ESPS at its meeting held on October 03, 2023"
26-Sep-2023 19:49:24,Disclosure under SEBI Takeover Regulations,JM Financial and Investment Consultancy Services�� Pvt Ltd��has submitted to��the Exchange a copy of Disclosures under Regulation 10(6)-Report to stock Exchange in respect of any acquisition made in r
25-Sep-2023 20:21:27,Updates,JM Financial Limited has informed the Exchange regarding 'Authority for determining materiality of event/information'.
18-Sep-2023 19:30:15,Loss of Share Certificates,JM Financial Limited has informed the Exchange about Loss of Share Certificates
08-Sep-2023 16:13:44,Disclosure under SEBI Takeover Regulations,J M Financial and Investment Consultancy Services Private ltd��has submitted to the Exchange a copy of Disclosure under Regulation 10(5) - Intimation to stock exchanges in respect of acquisition under
18-Aug-2023 10:57:00,Spurt in Volume,"Significant increase in volume has been observed in JM Financial Limited. The Exchange, in order to ensure that investors have latest relevant information about the company and to inform the market pl"
17-Aug-2023 17:52:20,Spurt in Volume,"Significant increase in volume has been observed in JM Financial Limited. The Exchange, in order to ensure that investors have latest relevant information about the company and to inform the market pl"
07-Aug-2023 19:52:12,Updates,"JM Financial Limited has informed the Exchange regarding 'Update on the Disclosures made by us on November 5, 2022 and August 5, 2022, underRegulation 30 of SEBI (Listing Obligations and Disclosure Re"
07-Aug-2023 18:36:30,Shareholders meeting,"JM Financial Limited has submitted the Exchange a copy Scrutinizers report dated August 7, 2023 of the Annual General Meeting of the Company held on August 03, 2023. Further, the company has informed "
04-Aug-2023 01:12:27,Shareholders meeting,"JM Financial Limited has informed the Exchange regarding Proceedings of Annual General Meeting held on August 03, 2023"
03-Aug-2023 21:20:34,Change in Management,JM Financial Limited has informed the Exchange about change in Key Managerial Personnel - Chief Financial Officer
03-Aug-2023 20:10:47,Statement of deviation(s) or variation(s) under Reg. 32,JM Financial Limited has informed the Exchange about statement of deviation(s) or variation(s) under Reg. 32
03-Aug-2023 19:58:07,Investor Presentation,JM Financial Limited has informed the Exchange about Investor Presentation
03-Aug-2023 19:12:29,Press Release,"JM Financial Limited has informed the Exchange regarding a press release dated August 03, 2023, titled ""JM Financial s consolidated loan book stood at Rs. 15,891 crore, an increaseof 26.1% YoY for Q1F"
03-Aug-2023 16:18:17,Outcome of Board Meeting,"JM Financial Limited has informed the Exchange regarding Outcome of Board Meeting held on August 03, 2023 with respect to Change in Key Managerial Personnel"
03-Aug-2023 16:11:49,Financial Result Updates,"JM Financial Limited has submitted to the Exchange, the financial results for the period ended June 30, 2023."
21-Jul-2023 17:35:57,Loss of Share Certificates,JM Financial Limited has informed the Exchange about Loss of Share Certificates
17-Jul-2023 13:03:55,"Certificate under SEBI (Depositories and Participants) Regulations, 2018","JM Financial Limited has informed the Exchange about Certificate under SEBI (Depositories and Participants) Regulations, 2018"
08-Jul-2023 15:44:56,Copy of Newspaper Publication,JM Financial Limited has informed the Exchange about Copy of Newspaper Publication
07-Jul-2023 23:30:49,Updates,JM Financial Limited has informed the Exchange regarding 'Business Responsibility and Sustainability Reporting'.
07-Jul-2023 23:26:39,Shareholders meeting,"JM Financial Limited has informed the Exchange regarding Notice of Annual General Meeting to be held on August 03, 2023"
04-Jul-2023 19:52:58,Copy of Newspaper Publication,JM Financial Limited has informed the Exchange about Copy of Newspaper Publication
21-Jun-2023 19:17:47,Disclosure under SEBI Takeover Regulations,J.M. Financial & Investment Consultancy Services Private Limited��has Submitted to the Exchange a copy of Disclosure under Regulation 31(4) of the Securities and Exchange Board of India��(Substantial 
21-Jun-2023 16:53:27,Disclosure under SEBI Takeover Regulations,"Persepolis Investment Company Private Limited has Submitted to the Exchange a copy of Disclosure under Regulation 10 (6) of SEBI (Substantial Acquisition of Shares and Takeovers) Regulations, 2011."
21-Jun-2023 15:50:50,Updates,"JM Financial Limited has informed the Exchange regarding 'Update on the Disclosures made by us on May 24, 2023, October 4, 2022, July 22, 2022and July 20, 2022 under Regulation 30 of SEBI (Listing Obl"
15-Jun-2023 18:22:52,ESOP/ESOS/ESPS,"JM Financial Limited has informed the Exchange regarding Allotment of 227606  Shares ,pursuant to the exercise of Stock Options by the eligible employees under the Employees  StockOption Scheme, the A"
01-Jun-2023 20:09:01,Loss of Share Certificates,JM Financial Limited has informed the Exchange about Loss of Share Certificates
30-May-2023 20:59:42,Annual Secretarial Compliance Report,"JM Financial Limited - Annual Secretarial Compliance Report for the financial year ended March 31, 2023"
24-May-2023 16:27:39,Updates,"JM Financial Limited has informed the Exchange regarding 'Update on the Disclosures made by us on July 20, 2022, July 22, 2022 and October 4,2022 under Regulation 30 of SEBI (Listing Obligations and D"
23-May-2023 20:29:31,Loss of Share Certificates,JM Financial Limited has informed the Exchange about Loss of Share Certificates
18-May-2023 17:30:12,Loss of Share Certificates,JM Financial Limited has informed the Exchange about Loss of Share Certificates
16-May-2023 15:39:07,Analysts/Institutional Investor Meet/Con. Call Updates,JM Financial Limited has informed the Exchange about Transcript
11-May-2023 14:36:37,Analysts/Institutional Investor Meet/Con. Call Updates,JM Financial Limited has informed the Exchange about Presentation and Link of Recording
09-May-2023 22:32:04,Related Party Transactions,JM Financial Limited has informed the Exchange about related Party Transactions
09-May-2023 22:17:59,Investor Presentation,JM Financial Limited has informed the Exchange about Investor Presentation
09-May-2023 21:05:59,Updates,JM Financial Limited has informed the Exchange regarding 'Authority for determining materiality of event/information'.
09-May-2023 20:48:55,"Code of Conduct under SEBI(PIT) Reg., 2015","JM Financial Limited has informed the Exchange about Code of Conduct under SEBI(PIT) Reg., 2015"
09-May-2023 20:35:26,Statement of deviation(s) or variation(s) under Reg. 32,JM Financial Limited has informed the Exchange about statement of deviation(s) or variation(s) under Reg. 32
09-May-2023 19:48:04,Press Release,"JM Financial Limited has informed the Exchange regarding a press release dated May 09, 2023, titled ""Press Release""."
09-May-2023 18:13:06,Book Closure,JM Financial Limited has informed the Exchange that Register of Members & Share Transfer Books of the Company will remain closed from 22-May-2023 to 25-May-2023 for the purpose of Dividend.
09-May-2023 17:59:38,Updates,"JM Financial Limited has informed the Exchange regarding 'Annual General Meeting of the Company to be held on Thursday, August 3, 2023'."
09-May-2023 17:27:33,Dividend,"JM Financial Limited has informed the Exchange that Board of Directors at its meeting held on May 09, 2023, recommended Final Dividend of Rs. 0.90 per equity share."
09-May-2023 17:21:47,Financial Result Updates,"JM Financial Limited has submitted to the Exchange, the financial results for the period ended March 31, 2023."
08-May-2023 20:52:52,Loss of Share Certificates,JM Financial Limited has informed the Exchange about Loss of Share Certificates
08-May-2023 11:19:28,Analysts/Institutional Investor Meet/Con. Call Updates,"JM Financial Limited has informed that the Company will hold earnings conference call on Wednesday, May 10, 2023 at 4:30 p.m. (IST) to discuss the Company s financial performance for the year ended Ma"
25-Apr-2023 20:27:01,ESOP/ESOS/ESPS,JM Financial Limited has informed the Exchange regarding Grant of 99999  Options.
24-Apr-2023 20:57:03,Loss of Share Certificates,JM Financial Limited has informed the Exchange about Loss of Share Certificates
24-Apr-2023 09:15:53,Press Release,"Pursuant to Regulation 30 of Securities and Exchange Board of India (Listing Obligations and Disclosure Requirements) Regulations, 2015, please find enclosed a press release being issued by JM Financi"
20-Apr-2023 20:49:25,Scheme of Arrangement,JM Financial Limited has informed the Exchange about Scheme of Arrangement
13-Apr-2023 20:49:39,"Certificate under SEBI (Depositories and Participants) Regulations, 2018","JM Financial Limited has informed the Exchange about Certificate under SEBI (Depositories and Participants) Regulations, 2018"
11-Apr-2023 20:05:58,Loss of Share Certificates,JM Financial Limited has informed the Exchange about Loss of Share Certificates
21-Mar-2023 16:11:34,ESOP/ESOS/ESPS,JM Financial Limited has informed the Exchange regarding Allotment of 16725  Shares.
10-Feb-2023 19:34:35,Change in Company Secretary/Compliance Officer,JM Financial Limited has informed the Exchange about Change in Company Secretary/Compliance Officer
10-Feb-2023 18:45:35,Investor Presentation,JM Financial Limited has informed the Exchange about Investor Presentation
10-Feb-2023 18:22:58,Statement of deviation(s) or variation(s) under Reg. 32,JM Financial Limited has informed the Exchange about statement of deviation(s) or variation(s) under Reg. 32
10-Feb-2023 18:13:57,Press Release,"JM Financial Limited has informed the Exchange regarding a press release dated February 10, 2023, titled ""Press Release""."
10-Feb-2023 17:27:17,Financial Result Updates,"JM Financial Limited has submitted to the Exchange, the financial results for the period ended December 31, 2022."
12-Jan-2023 19:30:58,"Certificate under SEBI (Depositories and Participants) Regulations, 2018","JM Financial Limited has informed the Exchange about Certificate under SEBI (Depositories and Participants) Regulations, 2018"
07-Dec-2022 18:00:57,ESOP/ESPS/SBEB Scheme,"JM Financial Limited has informed the Exchange about ESOP/ESPS/SBEB SchemePursuant to the exercise of Stock Options by the eligible employees under the Employees��� Stock Option Scheme, the Allotment "
28-Nov-2022 16:53:06,Related Party Transaction,JM Financial Limited has informed the Exchange about related party transaction for the period ended September 2022
21-Nov-2022 15:00:18,Transcript of Analysts/Institutional Investor Meet/Con. Call,"Pursuant to Regulation 30 of the Securities and Exchange Board of India (Listing Obligations and Disclosure Requirements) Regulations, 2015, read with Para A of Part A of Schedule III thereto, we are "
18-Nov-2022 19:37:09,Loss of share certificate,JM Financial Limited has informed the Exchange about Loss of share certificate
17-Nov-2022 18:26:40,Schedule of Analysts/Institutional Investor Meet/Con. Call,"Pursuant to Regulation 30 of the Securities and Exchange Board of India (Listing Obligations and Disclosure Requirements) Regulations, 2015, read with Para A of Part A of Schedule III thereto, we wish"
16-Nov-2022 16:50:57,Recording of Analysts/Institutional Investor Meet/Con. Call,JM Financial Limited has informed the Exchange about Recording of Analysts/Institutional Investor Meet/Con. Call
15-Nov-2022 17:07:03,ESOP/ESPS/SBEB Scheme,"We wish to inform you that the Nomination and Remuneration Committee of the Board of the Company, at its meeting held on November 14, 2022, has approved the grant of 11,00,764 stock options giving ris"
14-Nov-2022 20:19:45,Record Date,JM Financial Limited has informed the Exchange that Record date for the purpose of Dividend  is 25-Nov-2022.
14-Nov-2022 19:44:33,Investor Presentation,"In continuation of our letter of even date enclosing therewith the unaudited financial results for the second quarter and half year ended September 30, 2022, we are enclosing herewith the copy of the "
14-Nov-2022 18:55:51,General updates,"Pursuant to Regulation 32 of the SEBI (Listing Obligations and Disclosure Requirements) Regulations, 2015, we are enclosing the statement of utilisation of funds raised by the Company through QIP in J"
14-Nov-2022 18:39:39,Press Release,"JM Financial Limited has informed the Exchange about press release dated 14-Nov-2022 titled JM Financial���s consolidated loan book stood at Rs. 14,670 crore, an increase of 32.50% YoY for Q2FY23"
14-Nov-2022 17:54:14,Dividend,"JM Financial Limited has informed the Exchange that Board of Directors at its meeting held on 14-Nov-2022, declared Dividend of Rs. 0.90 per equity share."
14-Nov-2022 17:54:12,Outcome of Board Meeting,"We wish to inform you that the Board of Directors of the Company, at its meeting held today, has, inter alia,1)  approved the unaudited standalone and consolidated financial results of the Company for"
11-Nov-2022 19:43:39,Loss of share certificate,JM Financial Limited has informed the Exchange about Loss of share certificate
11-Nov-2022 16:33:21,General updates,"JM Financial Limited has informed the Exchange about Intimation of Earnings Conference Call - Financial Performance for the second quarter and half year ended September 30, 2022. "
05-Nov-2022 17:19:30,General updates,"JM Financial Limited has informed the Exchange about Update on disclosure made by the Company on August 5, 2022"
13-Oct-2022 12:54:09,General updates,"JM Financial Limited has informed the Exchange about Certificate under Regulation 74(5) of the SEBI (Depositories and Participants) Regulations, 2018 for the quarter ended September 30, 2022."
04-Oct-2022 16:11:24,ESOP/ESPS/SBEB Scheme,"Pursuant to the exercise of Stock Options by the eligible employees under the Employees��� Stock Option Scheme, the Allotment Committee of the Board, at its meeting held on October 4, 2022, has allott"
04-Oct-2022 15:52:18,General updates,"Update on the Disclosures made by us on July 20, 2022 and July 22, 2022 under Regulations 30 of SEBI (Listing Obligations and Disclosure Requirements) Regulations, 2015"
13-Sep-2022 18:10:50,General updates,"Pursuant to Regulation 30 of the Listing Regulations, we wish to inform you that JM Financial Asset Reconstruction Company Limited (���JMFARC���) has allotted to the Company, 93,68,320 (Ninety Three L"
05-Aug-2022 18:01:21,General updates,JM Financial Limited has informed the Exchange about Disclosure under Regulation 30 of SEBI LODR (the ���Listing Regulations���)
04-Aug-2022 15:07:00,Annual General Meeting,JM Financial Limited has informed the Exchange about Voting results and  Scrutinizer report of Annual General Meeting held on 02-Aug-2022
03-Aug-2022 15:56:15,Annual General Meeting,JM Financial Limited has informed the Exchange about  Proceedings of Annual General Meeting held on 02-Aug-2022
02-Aug-2022 21:14:45,Demerger,"JM Financial Limited has informed the Exchange that pursuant to Regulation 30 of the SEBI (Listing Obligations and Disclosures Requirements) Regulations, 2015, the Board of Directors of the JM Financi"
02-Aug-2022 20:45:42,General updates,"JM Financial Limited has informed the Exchange about Submission of statement of utilisation of funds with deviation/variation, if any."
02-Aug-2022 19:36:15,Investor Presentation,JM Financial Limited has informed the Exchange about Investor Presentation
02-Aug-2022 18:10:36,Press Release,JM Financial Limited has informed the Exchange about press release dated 02-Aug-2022 titled Press Release on Unaudited Financial Results
02-Aug-2022 16:16:45,Press Release,"JM Financial Limited has informed the Exchange about press release dated 02-Aug-2022 titled Press Release - JM Financial���s consolidated net profit stood at Rs. 170.01 crore, a decrease of 16.31% YoY"
02-Aug-2022 15:48:15,Outcome of Board Meeting,JM Financial Limited  has informed the Exchange about Board Meeting held on 02-Aug-2022 to consider financial statements for the period ended June 2022
26-Jul-2022 18:17:03,Loss of share certificate,JM Financial Limited has informed the Exchange about Loss of share certificate
22-Jul-2022 20:28:03,General updates,"JM Financial Limited has informed the Exchange about Update on disclosure made by the Company on July 20, 2022"
22-Jul-2022 15:12:27,ESOP/ESPS/SBEB Scheme,JM Financial Limited has informed the Exchange about ESOP/ESPS/SBEB Scheme
20-Jul-2022 20:49:15,General updates,"JM Financial Limited has informed the Exchange about Disclosure under Regulation 30 of SEBI (Listing Obligations and Disclosures Requirements) Regulations, 2015 (the ���Listing Regulations���)"
19-Jul-2022 20:18:27,General updates,"JM Financial Limited has informed the Exchange about Certificate under Regulation 74(5) of the SEBI (Depositories and Participants) Regulations, 2018 for the quarter ended June 30, 2022"
04-Jul-2022 17:49:00,Cessation,"Pursuant to Regulation 30 of SEBI (Listing Obligations & Disclosures Requirements) Regulations, 2015 (the ���Listing Regulations���) read with Para A of Part A of Schedule III thereto and other applic"
04-Jul-2022 17:45:11,Newspaper Advertisements,"Pursuant to Regulation 47 of the SEBI (Listing Obligations and Disclosure Requirements) Regulations, 2015, we are enclosing a copy each of the advertisements as published in Business Standard (English"
27-Jun-2022 20:46:36,Newspaper Advertisements,"Pursuant to Regulation 47 of the SEBI (Listing Obligations and Disclosure Requirements) Regulations, 2015, we are enclosing a copy each of the advertisements published in Business Standard (English) a"
16-Jun-2022 21:23:13,Schedule of Analysts/Institutional Investor Meet/Con. Call,"Pursuant to Regulation 30 of the Securities and Exchange Board of India (Listing Obligations and Disclosure Requirements) Regulations, 2015, read with Para A of Part A of Schedule III thereto, please "
08-Jun-2022 19:38:17,Schedule of Analysts/Institutional Investor Meet/Con. Call,JM Financial Limited has informed the Exchange about Schedule of Analysts/Institutional Investor Meet/Con. Call 
07-Jun-2022 19:50:33,Related Party Transaction,JM Financial Limited has informed the Exchange about related party transaction for the period ended March 2022
07-Jun-2022 15:12:17,Schedule of Analysts/Institutional Investor Meet/Con. Call,JM Financial Limited has informed the Exchange about Schedule of Analysts/Institutional Investor Meet/Con. Call 
02-Jun-2022 19:37:56,Schedule of Analysts/Institutional Investor Meet/Con. Call,"Pursuant to Regulation 30 of the Securities and Exchange Board of India (Listing Obligations and Disclosure Requirements) Regulations, 2015, read with Para A of Part A of Schedule III thereto, please "
31-May-2022 15:23:45,Transcript of Analysts/Institutional Investor Meet/Con. Call,"JM Financial Limited has informed the Exchange that the transcript of the Earnings Conference Call of the Company held on May 25, 2022 has been enclosed. The said transcript has also been uploaded by "
26-May-2022 15:23:36,Recording of Analysts/Institutional Investor Meet/Con. Call,JM Financial Limited has informed the Exchange that the Company has uploaded the audio recording of the captioned earnings call on its website and the same is available at https://jmfl.com/investor-re
25-May-2022 18:29:52,Appointment,"JM Financial Limited  has informed the Exchange about appointment of BSR & Co. LLP, Chartered Accountants as Statutory Auditor of the company w.e.f. 24-May-2022"
24-May-2022 22:31:15,Demerger,"Pursuant to Regulation 30 of the SEBI (Listing Obligations and Disclosures Requirements) Regulations, 2015, we wish to inform you that the Board of Directors of JM Financial Limited (the ���Company���"
24-May-2022 22:21:31,Investor Presentation,"Pursuant to Regulation 30 of the Securities and Exchange Board of India (Listing Obligations and Disclosure Requirements) Regulations, 2015, read with Para A of Part A of Schedule III thereto, we wish"
24-May-2022 22:19:11,Investor Presentation,"Pursuant to Regulation 30 of the Securities and Exchange Board of India (Listing Obligations and Disclosure Requirements) Regulations, 2015, read with Para A of Part A of Schedule III thereto, we wish"
24-May-2022 21:59:06,Investor Presentation,"In continuation of our letter of even date enclosing therewith the Audited Financial Results for the financial year ended March 31, 2022, we are enclosing herewith the copy of the Investor Presentatio"
24-May-2022 21:46:28,Press Release,"In continuation of our letter of even date enclosing therewith the Audited Financial Results of the Company for the financial year ended March 31, 2022, we are enclosing a copy of the Press Release be"
24-May-2022 20:07:00,General updates,"Pursuant to Regulation 32 of the SEBI (Listing Obligations and Disclosure Requirements) Regulations, 2015, we are enclosing the statement of utilisation of funds raised by the Company through QIP in J"
24-May-2022 19:29:35,Book Closure,JM Financial Limited has informed the Exchange that Register of Members & Share Transfer Books of the Company will remain closed from 11-Jul-2022 to 15-Jul-2022 for the purpose of Dividend.
24-May-2022 19:09:22,Financial Result Updates,"JM Financial Limited has submitted to the Exchange, the financial results for the period ended March 31, 2022."
24-May-2022 18:56:33,Outcome of Board Meeting,"We wish to inform you that the Board of Directors of the Company, at its meeting held today, has, inter alia, approved1)	The audited standalone financial results for the last quarter and financial yea"
24-May-2022 18:56:31,Dividend,"JM Financial Limited has informed the Exchange that Board of Directors at its meeting held on 24-May-2022, declared Dividend of Rs. 1.15 per equity share."
23-May-2022 16:22:29,General updates,"JM Financial Limited has informed the Exchange about Intimation of Earnings Conference Call - Financial Performance for the year ended March 31, 2022 "
18-May-2022 16:50:24,ESOP/ESPS/SBEB Scheme,JM Financial Limited has informed the Exchange about ESOP/ESPS/SBEB Scheme-Allotment of equity shares upon the exercise of Stock Options by the eligible employees
06-May-2022 13:43:17,Spurt in Volume,"JMFINANCIL : Significant increase in volume has been observed in JM Financial Limited. The Exchange, in order to ensure that investors have latest relevant information about the company and to inform "
05-May-2022 20:50:37,ESOP/ESPS/SBEB Scheme,"Grant of Stock Options to Eligible Employees	We wish to inform you that Nomination and Remuneration Committee of the Board of the Company, at its meeting held today, has approved the grant of 90,015 o"
28-Apr-2022 17:23:14,Spurt in Volume,"JMFINANCIL : Significant increase in volume has been observed in JM Financial Limited. The Exchange, in order to ensure that investors have latest relevant information about the company and to inform "
22-Apr-2022 20:09:40,Code of conduct under SEBI (PIT) Regulations,JM Financial Limited has informed the Exchange about the amended ���Code of Practices and Procedures for Fair Disclosure of Unpublished Price Sensitive Information��� as approved by the Board of Direc
06-Apr-2022 11:01:11,Disclosure under SEBI Takeover Regulations,Promoter/Promoter Group of JM Financial Limited has submitted a disclosure under Regulation 31(4) of SEBI Takeover Regulations for the year ended 31-Mar-2022
31-Mar-2022 19:35:43,Closure of trading window,JM Financial Limited has informed the Exchange about Closure of trading window
31-Mar-2022 19:25:48,Schedule of Analysts/Institutional Investor Meet/Con. Call,JM Financial Limited has informed the Exchange about Schedule of Analysts/Institutional Investor Meet/Con. Call 
29-Mar-2022 19:57:26,Schedule of Analysts/Institutional Investor Meet/Con. Call,JM Financial Limited has informed the Exchange about Schedule of Analysts/Institutional Investor Meet/Con. Call 
27-Mar-2022 11:39:44,Schedule of Analysts/Institutional Investor Meet/Con. Call,JM Financial Limited has informed the Exchange about Schedule of Analysts/Institutional Investor Meet/Con. Call 
25-Mar-2022 19:58:07,Postal Ballot,JM Financial Limited has informed the Exchange about Voting results and  Scrutinizer report of Postal Ballot
24-Mar-2022 20:29:20,Schedule of Analysts/Institutional Investor Meet/Con. Call,JM Financial Limited has informed the Exchange about Schedule of Analysts/Institutional Investor Meet/Con. Call 
16-Mar-2022 18:59:12,ESOP/ESPS/SBEB Scheme,JM Financial Limited has informed the Exchange about ESOP allotmentSub: Allotment of equity shares upon the exercise of Stock Options by the eligible employeePursuant to the exercise of Stock Options 
15-Mar-2022 19:30:51,Loss of share certificate,JM Financial Limited has informed the Exchange about Loss of share certificate
25-Feb-2022 00:54:03,Postal Ballot,JM Financial Limited has informed the Exchange about Notice of Postal Ballot. 
22-Feb-2022 21:16:25,Loss of share certificate,"JM Financial Limited has informed the Exchange about Loss of share certificate covering 2,500 equity shares of the Company by the shareholders."
22-Feb-2022 21:10:15,ESOP/ESPS/SBEB Scheme,JM Financial Limited has informed the Exchange about ESOP/ESPS/SBEB Scheme
22-Feb-2022 15:36:27,Newspaper Advertisements,JM Financial Limited has informed the Exchange about Newspaper Advertisements with respect to completion of dispatch of Postal Ballot Notice to the members of the Company through electronic mode. 
21-Feb-2022 20:02:21,Postal Ballot,JM Financial Limited has informed the Exchange about Notice of Postal Ballot
18-Feb-2022 21:44:26,Analysts/Institutional Investor Meet/Con. Call Updates,JM Financial Limited has informed the Exchange about Presentation
10-Feb-2022 20:42:50,Analysts/Institutional Investor Meet/Con. Call Updates,JM Financial Limited has informed the Exchange about Presentation
07-Feb-2022 19:32:56,Investor Presentation,JM Financial Limited has informed the Exchange about Investor Presentation
07-Feb-2022 19:25:23,Press Release (Revised),"JM Financial Limited has informed the Exchange regarding a revised press release dated February 07, 2022, titled ""Press Release on the unaudited financial results""."
07-Feb-2022 19:19:41,Statement of deviation(s) or variation(s) under Reg. 32,JM Financial Limited has informed the Exchange about statement of deviation(s) or variation(s) under Reg. 32
07-Feb-2022 17:23:14,Dividend Updates,"The Company has declared an interim dividend of Re. 0.50 per share for the financial year 2021-22. The said interim dividend, will be paid to the Members of the Company on or before March 7, 2022 whos"
07-Feb-2022 17:15:43,Press Release,"JM Financial Limited has informed the Exchange regarding a press release dated February 07, 2022, titled ""Press Release on the unaudited financial results""."
07-Feb-2022 17:05:10,Record Date,JM Financial Limited has informed the Exchange that Record date for the purpose of Dividend  is 18-Feb-2022.
07-Feb-2022 16:57:20,Financial Result Updates,"JM Financial Limited has submitted to the Exchange, the financial results for the period ended December 31, 2021."
07-Feb-2022 16:54:28,Outcome of Board Meeting,"JM Financial Limited has informed the Exchange regarding  Board meeting held on February 07, 2022."
18-Jan-2022 18:12:43,Loss of Share Certificates,JM Financial Limited has informed the Exchange about Loss of Share Certificates
13-Jan-2022 19:18:59,"Certificate under SEBI (Depositories and Participants) Regulations, 2018","JM Financial Limited has informed the Exchange about Certificate under SEBI (Depositories and Participants) Regulations, 2018"
30-Dec-2021 19:33:26,Analysts/Institutional Investor Meet/Con. Call Updates,JM Financial Limited has informed the Exchange about Presentation
28-Dec-2021 19:18:30,Analysts/Institutional Investor Meet/Con. Call Updates,JM Financial Limited has informed the Exchange about Presentation
16-Dec-2021 16:32:06,Shareholders meeting,JM Financial Limited has informed the Exchange about Shareholders meeting
13-Dec-2021 19:36:33,Analysts/Institutional Investor Meet/Con. Call Updates,JM Financial Limited has informed the Exchange about Investor Meetings
10-Dec-2021 17:19:51,Appointment,"JM Financial Limited has informed the Exchange regarding Appointment of Ms Roshini Bakshi  as Non- Executive Independent Director of the company w.e.f. December 09, 2021."
10-Dec-2021 17:19:50,Appointment,"JM Financial Limited has informed the Exchange regarding Appointment of Mr Navroz Udwadia  as Non- Executive Independent Director of the company w.e.f. December 09, 2021."
10-Dec-2021 15:57:30,ESOP/ESOS/ESPS,JM Financial Limited has informed the Exchange regarding Allotment of 342858  Shares.
06-Dec-2021 17:00:14,Analysts/Institutional Investor Meet/Con. Call Updates,JM Financial Limited has informed the Exchange about Investor Call
03-Dec-2021 19:00:44,Loss of Share Certificates,JM Financial Limited has informed the Exchange about Loss of Share Certificates
02-Dec-2021 18:46:07,Copy of Newspaper Publication,JM Financial Limited has informed the Exchange about Copy of Newspaper Publication
02-Dec-2021 13:05:05,Analysts/Institutional Investor Meet/Con. Call Updates,JM Financial Limited has informed the Exchange about Schedule of meet
29-Nov-2021 21:46:57,Loss of Share Certificates,JM Financial Limited has informed the Exchange about Loss of Share Certificates
25-Nov-2021 18:14:47,Related Party Transactions,JM Financial Limited has informed the Exchange about related Party Transactions
23-Nov-2021 12:51:10,Analysts/Institutional Investor Meet/Con. Call Updates,JM Financial Limited has informed the Exchange about Schedule of meet
18-Nov-2021 15:39:34,Analysts/Institutional Investor Meet/Con. Call Updates,JM Financial Limited has informed the Exchange about Schedule of meet
16-Nov-2021 17:47:44,Analysts/Institutional Investor Meet/Con. Call Updates,JM Financial Limited has informed the Exchange about Schedule of meet
15-Nov-2021 19:20:33,Investor Presentation,JM Financial Limited has informed the Exchange about Investor Presentation
13-Nov-2021 14:42:45,Copy of Newspaper Publication,JM Financial Limited has informed the Exchange about Copy of Newspaper Publication
12-Nov-2021 19:07:42,Shareholders meeting,JM Financial Limited has informed the Exchange regarding Notice of Postal Ballot
12-Nov-2021 13:31:43,Investor Presentation,JM Financial Limited has informed the Exchange about Investor Presentation
28-Oct-2021 21:56:10,Investor Presentation,JM Financial Limited has informed the Exchange about Investor Presentation
28-Oct-2021 20:50:03,Change in Auditors,JM Financial Limited has informed the Exchange regarding Change in Auditors of the company.
28-Oct-2021 20:29:35,Updates,JM Financial Limited has informed the Exchange regarding 'Intimation under Regulation 30 (5) of SEBI LODR'.
28-Oct-2021 20:02:56,Press Release (Revised),"JM Financial Limited has informed the Exchange regarding a revised press release dated October 28, 2021, titled ""Revised - Press Release on the unaudited financial results""."
28-Oct-2021 17:37:01,Statement of deviation(s) or variation(s) under Reg. 32,JM Financial Limited has informed the Exchange about statement of deviation(s) or variation(s) under Reg. 32
28-Oct-2021 17:31:43,Reply to Clarification Sought,"JMFINANCIL: The Exchange had sought clarification from JM Financial Limited with respect to announcement dated 24-Oct-2021, regarding Change in statutory auditors of the material subsidiaries viz. (JM"
28-Oct-2021 17:19:45,Press Release,"JM Financial Limited has informed the Exchange regarding a press release dated October 28, 2021, titled ""Press Release on the unaudited financial results""."
28-Oct-2021 17:11:55,Outcome of Board Meeting,"JM Financial Limited has informed the Exchange regarding  Board meeting held on October 28, 2021."
28-Oct-2021 17:10:14,Financial Result Updates,"JM Financial Limited has submitted to the Exchange, the financial results for the period ended September 30, 2021."
26-Oct-2021 18:48:00,Clarification,"JMFINANCIL: The Exchange has sought clarification from JM Financial Limited with respect to announcement dated 24-Oct-2021, regarding Change in statutory auditors of the material subsidiaries viz. (JM"
26-Oct-2021 18:23:43,Updates,"JM Financial Limited has informed the Exchange regarding 'Financial Performance of JM Financial Limited for the half year ended                    September 30, 2021 - Intimation of Earnings Conferenc"
24-Oct-2021 21:22:08,Updates,JM Financial Limited has informed the Exchange regarding 'Disclosure regarding change in statutory auditors of a material subsidiary of the Company '.
23-Oct-2021 22:34:19,Updates,JM Financial Limited has informed the Exchange regarding 'Disclosure regarding change in statutory auditors of a material subsidiary of the Company '.
23-Oct-2021 14:34:29,Resignation,"JM Financial Limited has informed the Exchange regarding Resignation of Mr Darius E Udwadia as Non- Executive Independent Director of the company w.e.f. October 20, 2021."
22-Oct-2021 23:17:23,Updates,JM Financial Limited has informed the Exchange regarding 'Disclosure regarding change in statutory auditors of material subsidiaries of the Company '.
19-Oct-2021 22:18:54,Loss of Share Certificates,"JM Financial Limited has informed the Exchange about issue of duplicate Share certificates pursuant to regulation 39(3) of the SEBI (Listing Obligations and Disclosure Requirements) Regulations, 2015,"
19-Oct-2021 21:55:16,ESOP/ESOS/ESPS,JM Financial Limited has informed the Exchange regarding Allotment of 133155  Shares.
14-Oct-2021 18:14:25,"Certificate under SEBI (Depositories and Participants) Regulations, 2018","JM Financial Limited has informed the Exchange about Certificate under SEBI (Depositories and Participants) Regulations, 2018"
28-Sep-2021 18:37:27,Analysts/Institutional Investor Meet/Con. Call Updates,JM Financial Limited has informed the Exchange about Analysts/Institutional Investor Meet/Con. Call Updates
23-Sep-2021 19:53:28,Updates,JM Financial Limited has informed the Exchange regarding 'Disclosure pursuant to Regulation 30 of the Securities and Exchange Board of India (Listing Obligations and Disclosure Requirements) Regulatio
22-Sep-2021 20:15:16,Change in Director(s),JM Financial Limited has informed the Exchange regarding Change in Director(s) of the company.
17-Sep-2021 16:44:37,Updates,JM Financial Limited has informed the Exchange regarding 'Press release and Corporate Presentation in respect of the public issue of Non- Convertible Debentures by JM Financial Products Limited'.
16-Sep-2021 21:11:16,Updates,"JM Financial Limited has informed the Exchange regarding 'Public issue by JM Financial Products Limited (one of the Company s material subsidiaries) by way of the Tranche I issue of secured, rated, li"
14-Sep-2021 19:24:26,Analysts/Institutional Investor Meet/Con. Call Updates,JM Financial Limited has informed the Exchange about Analysts/Institutional Investor Meet/Con. Call Updates
02-Sep-2021 21:53:08,Analysts/Institutional Investor Meet/Con. Call Updates,JM Financial Limited has informed the Exchange about Analysts/Institutional Investor Meet/Con. Call Updates
26-Aug-2021 16:07:43,Analysts/Institutional Investor Meet/Con. Call Updates,JM Financial Limited has informed the Exchange about Analysts/Institutional Investor Meet/Con. Call Updates
25-Aug-2021 14:13:09,Analysts/Institutional Investor Meet/Con. Call Updates,JM Financial Limited has informed the Exchange about Analysts/Institutional Investor Meet/Con. Call Updates
24-Aug-2021 22:26:29,Loss of Share Certificates,JM Financial Limited has informed the Exchange about Loss of Share Certificates
06-Aug-2021 20:49:39,Analysts/Institutional Investor Meet/Con. Call Updates,JM Financial Limited has informed the Exchange about Analysts/Institutional Investor Meet/Con. Call Updates
05-Aug-2021 21:55:07,ESOP/ESOS/ESPS,"JM Financial Limited has informed the Exchange regarding Allotment of 97,237   Shares."
30-Jul-2021 21:20:35,Shareholders meeting,"JM Financial Limited has submitted the Exchange a copy Srutinizers report of  Annual General Meeting held on July 28, 2021. Further, the company has informed the Exchange regarding voting results."
30-Jul-2021 15:35:18,Analysts/Institutional Investor Meet/Con. Call Updates,JM Financial Limited has informed the Exchange about Analysts/Institutional Investor Meet/Con. Call Updates
29-Jul-2021 15:56:26,Shareholders meeting,"JM Financial Limited has informed the Exchange regarding Proceedings of Annual General Meeting held on July 28, 2021"
28-Jul-2021 21:13:03,Statement of deviation(s) or variation(s) under Reg. 32,JM Financial Limited has informed the Exchange about statement of deviation(s) or variation(s) under Reg. 32
28-Jul-2021 21:02:21,Investor Presentation,JM Financial Limited has informed the Exchange about Investor Presentation
28-Jul-2021 20:38:48,Financial Result Updates,"JM Financial Limited has submitted to the Exchange, the financial results for the period ended June 30, 2021."
28-Jul-2021 16:55:46,Press Release,"JM Financial Limited has informed the Exchange regarding a press release dated July 28, 2021, titled ""JM Financial s consolidated net profit increased by 117.01% YoY for Q1 FY22. This is the highest e"
28-Jul-2021 15:56:30,Outcome of Board Meeting,"JM Financial Limited has informed the Exchange regarding  Board meeting held on July 28, 2021."
17-Jul-2021 20:56:23,"Certificate under SEBI (Depositories and Participants) Regulations, 2018","JM Financial Limited has informed the Exchange about Certificate under SEBI (Depositories and Participants) Regulations, 2018"
15-Jul-2021 16:51:00,Spurt in Volume,"Significant increase in volume has been observed in JM Financial Limited. The Exchange, in order to ensure that investors have latest relevant information about the company and to inform the market pl"
14-Jul-2021 19:19:00,Spurt in Volume,"Significant increase in volume has been observed in JM Financial Limited. The Exchange, in order to ensure that investors have latest relevant information about the company and to inform the market pl"
30-Jun-2021 19:32:25,Copy of Newspaper Publication,JM Financial Limited has informed the Exchange about Copy of Newspaper Publication
25-Jun-2021 19:01:45,Copy of Newspaper Publication,JM Financial Limited has informed the Exchange about Copy of Newspaper Publication
15-Jun-2021 18:08:09,Copy of Newspaper Publication,JM Financial Limited has informed the Exchange about Copy of Newspaper Publication
11-Jun-2021 21:19:31,ESOP/ESOS/ESPS,JM Financial Limited has informed the Exchange regarding Allotment of 748801  Shares.
03-Jun-2021 22:14:14,Analysts/Institutional Investor Meet/Con. Call Updates,JM Financial Limited has informed the Exchange about Analysts/Institutional Investor Meet/Con. Call Updates
27-May-2021 21:12:35,Related Party Transactions,JM Financial Limited has informed the Exchange about related Party Transactions
19-May-2021 20:46:09,Analysts/Institutional Investor Meet/Con. Call Updates,JM Financial Limited has informed the Exchange about Analysts/Institutional Investor Meet/Con. Call Updates
18-May-2021 21:54:02,Analysts/Institutional Investor Meet/Con. Call Updates,JM Financial Limited has informed the Exchange about Analysts/Institutional Investor Meet/Con. Call Updates
11-May-2021 19:09:20,Updates,JM Financial Limited has informed the Exchange regarding 'Disclosure of impact due to COVID 19 pandemic'.
10-May-2021 22:14:25,Analysts/Institutional Investor Meet/Con. Call Updates,JM Financial Limited has informed the Exchange about Analysts/Institutional Investor Meet/Con. Call Updates
05-May-2021 21:32:46,Investor Presentation,JM Financial Limited has informed the Exchange about Investor Presentation
05-May-2021 20:39:45,Book Closure,JM Financial Limited has informed the Exchange that Register of Members & Share Transfer Books of the Company will remain closed from 01-Jun-2021 to 04-Jun-2021 for the purpose of Dividend.
05-May-2021 20:23:47,Investor Presentation,JM Financial Limited has informed the Exchange about Investor Presentation
05-May-2021 20:18:51,Investor Presentation,JM Financial Limited has informed the Exchange about Investor Presentation
05-May-2021 19:34:33,Statement of deviation(s) or variation(s) under Reg. 32,JM Financial Limited has informed the Exchange about statement of deviation(s) or variation(s) under Reg. 32
05-May-2021 19:09:12,Press Release,"JM Financial Limited has informed the Exchange regarding a press release dated May 05, 2021, titled ""Press Release""."
05-May-2021 17:41:55,Financial Result Updates,"JM Financial Limited has submitted to the Exchange, the financial results for the period ended March 31, 2021."
05-May-2021 17:28:04,Dividend,"JM Financial Limited has informed the Exchange that Board of Directors at its meeting held on May 05, 2021, recommended Final Dividend of 0.50 per equity share."
04-May-2021 11:49:41,Updates,"JM Financial Limited has informed the Exchange regarding 'Financial Performance of JM Financial Limited for the year ended March 31, 2021 - Intimation of Earnings Conference Call '."
23-Apr-2021 19:41:00,Spurt in Volume,"Significant increase in volume has been observed in JM Financial Limited. The Exchange, in order to ensure that investors have latest relevant information about the company and to inform the market pl"
22-Apr-2021 19:01:00,Spurt in Volume,"Significant increase in volume has been observed in JM Financial Limited. The Exchange, in order to ensure that investors have latest relevant information about the company and to inform the market pl"
21-Apr-2021 21:54:49,"Certificate under SEBI (Depositories and Participants) Regulations, 2018","JM Financial Limited has informed the Exchange about Certificate under SEBI (Depositories and Participants) Regulations, 2018"
01-Apr-2021 16:28:53,Disclosure under SEBI Takeover Regulations,Persepolis Investment Company Private Limited & Vishal Kampani has submitted to the Exchange a copy of disclosure under Regulation 10(6) in respect of acquisition under Regulation 10 of SEBI (Substant
23-Mar-2021 08:08:19,Disclosure under SEBI Takeover Regulations,Promoter of JM Financial Limited has submitted to the Exchange a copy of Disclosure under Regulation 10(5) in respect of the proposed inter se transfer of shares amongst the qualifying persons under R
19-Mar-2021 08:08:56,Allotment of ESOP/ESPS,JM Financial Limited has informed the Exchange regarding allotment of  331617 Equity Shares under ESOP
18-Mar-2021 21:27:19,Loss of Share Certificates,JM Financial Limited has informed the Exchange about Loss of Share Certificates
10-Mar-2021 20:54:43,Loss of Share Certificates,JM Financial Limited has informed the Exchange about Loss of Share Certificates
08-Mar-2021 22:26:55,Analysts/Institutional Investor Meet/Con. Call Updates,JM Financial Limited has informed the Exchange about Analysts/Institutional Investor Meet/Con. Call Updates
23-Feb-2021 21:38:18,Analysts/Institutional Investor Meet/Con. Call Updates,JM Financial Limited has informed the Exchange about Analysts/Institutional Investor Meet/Con. Call Updates
18-Feb-2021 21:34:32,Analysts/Institutional Investor Meet/Con. Call Updates,JM Financial Limited has informed the Exchange about Analysts/Institutional Investor Meet/Con. Call Updates
16-Feb-2021 21:41:16,Analysts/Institutional Investor Meet/Con. Call Updates,JM Financial Limited has informed the Exchange about Analysts/Institutional Investor Meet/Con. Call Updates
16-Feb-2021 19:42:06,Analysts/Institutional Investor Meet/Con. Call Updates,JM Financial Limited has informed the Exchange about Analysts/Institutional Investor Meet/Con. Call Updates
15-Feb-2021 20:39:07,Analysts/Institutional Investor Meet/Con. Call Updates,JM Financial Limited has informed the Exchange about Analysts/Institutional Investor Meet/Con. Call Updates
11-Feb-2021 19:27:28,Analysts/Institutional Investor Meet/Con. Call Updates,JM Financial Limited has informed the Exchange about Analysts/Institutional Investor Meet/Con. Call Updates
05-Feb-2021 19:39:22,Analysts/Institutional Investor Meet/Con. Call Updates,JM Financial Limited has informed the Exchange about Analysts/Institutional Investor Meet/Con. Call Updates
04-Feb-2021 20:09:22,Analysts/Institutional Investor Meet/Con. Call Updates,JM Financial Limited has informed the Exchange about Analysts/Institutional Investor Meet/Con. Call Updates
02-Feb-2021 19:24:33,Analysts/Institutional Investor Meet/Con. Call Updates,JM Financial Limited has informed the Exchange about Analysts/Institutional Investor Meet/Con. Call Updates
23-Jan-2021 15:55:57,Investor Presentation,JM Financial Limited has informed the Exchange about Investor Presentation
23-Jan-2021 14:59:08,Statement of deviation(s) or variation(s) under Reg. 32,JM Financial Limited has informed the Exchange about statement of deviation(s) or variation(s) under Reg. 32
23-Jan-2021 14:28:21,Financial Result Updates,"JM Financial Limited has submitted to the Exchange, the financial results for the period ended December 31, 2020."
23-Jan-2021 14:26:18,Outcome of Board Meeting,"JM Financial Limited has informed the Exchange regarding  Board meeting held on January 23, 2021."
18-Jan-2021 21:28:00,Loss of Share Certificates,JM Financial Limited has informed the Exchange about Loss of Share Certificates
15-Jan-2021 21:36:05,"Certificate under SEBI (Depositories and Participants) Regulations, 2018","JM Financial Limited has informed the Exchange about Certificate under SEBI (Depositories and Participants) Regulations, 2018"
21-Dec-2020 20:56:33,Analysts/Institutional Investor Meet/Con. Call Updates,JM Financial Limited has informed the Exchange about Analysts/Institutional Investor Meet/Con. Call Updates
18-Dec-2020 21:01:04,Analysts/Institutional Investor Meet/Con. Call Updates,JM Financial Limited has informed the Exchange about Analysts/Institutional Investor Meet/Con. Call Updates
11-Dec-2020 21:38:24,Analysts/Institutional Investor Meet/Con. Call Updates,JM Financial Limited has informed the Exchange about Analysts/Institutional Investor Meet/Con. Call Updates
07-Dec-2020 18:11:23,ESOP/ESOS/ESPS,JM Financial Limited has informed the Exchange regarding Allotment of 167852  Shares.
25-Nov-2020 21:24:10,Analysts/Institutional Investor Meet/Con. Call Updates,JM Financial Limited has informed the Exchange about Analysts/Institutional Investor Meet/Con. Call Updates
24-Nov-2020 22:17:26,Related Party Transactions,JM Financial Limited has informed the Exchange about related Party Transactions
24-Nov-2020 21:57:19,Analysts/Institutional Investor Meet/Con. Call Updates,JM Financial Limited has informed the Exchange about Analysts/Institutional Investor Meet/Con. Call Updates
11-Nov-2020 12:35:38,Analysts/Institutional Investor Meet/Con. Call Updates,JM Financial Limited has informed the Exchange about Analysts/Institutional Investor Meet/Con. Call Updates
10-Nov-2020 12:50:15,Updates,JM Financial Limited has informed the Exchange regarding 'Disclosure of impact due to COVID 19 pandemic'.
09-Nov-2020 22:02:27,Analysts/Institutional Investor Meet/Con. Call Updates,JM Financial Limited has informed the Exchange about Analysts/Institutional Investor Meet/Con. Call Updates
06-Nov-2020 22:48:22,Analysts/Institutional Investor Meet/Con. Call Updates,JM Financial Limited has informed the Exchange about Analysts/Institutional Investor Meet/Con. Call Updates
06-Nov-2020 17:54:41,Analysts/Institutional Investor Meet/Con. Call Updates,JM Financial Limited has informed the Exchange about Analysts/Institutional Investor Meet/Con. Call Updates
27-Oct-2020 22:48:03,Updates,"JM Financial Limited has informed the Exchange regarding 'Corporate Presentation of JM Financial Credit Solutions Limited, being a  material subsidiary of the Company'."
27-Oct-2020 19:43:12,Updates,"JM Financial Limited has informed the Exchange regarding 'Corporate Presentation of JM Financial Asset Reconstruction Company Limited, a material subsidiary of the Company'."
27-Oct-2020 19:23:57,Investor Presentation,JM Financial Limited has informed the Exchange about Investor Presentation
27-Oct-2020 17:58:13,Statement of deviation(s) or variation(s) under Reg. 32,JM Financial Limited has informed the Exchange about statement of deviation(s) or variation(s) under Reg. 32
27-Oct-2020 17:06:17,Outcome of Board Meeting,"JM Financial Limited has informed the Exchange regarding  Board meeting held on October 27, 2020."
27-Oct-2020 17:04:30,Financial Result Updates,"JM Financial Limited has submitted to the Exchange, the financial results for the period ended September 30, 2020."
23-Oct-2020 19:58:52,Updates,"JM Financial Limited has informed the Exchange regarding 'We wish to inform you that the Company will hold earnings conference call on Wednesday, October 28, 2020 at 3.30 pm to discuss the Company s f"
25-Sep-2020 22:07:52,Analysts/Institutional Investor Meet/Con. Call Updates,JM Financial Limited has informed the Exchange about Analysts/Institutional Investor Meet/Con. Call Updates
18-Sep-2020 18:11:11,ESOP/ESOS/ESPS,JM Financial Limited has informed the Exchange regarding Allotment of 324684  Shares.
16-Sep-2020 17:35:31,Analysts/Institutional Investor Meet/Con. Call Updates,JM Financial Limited has informed the Exchange about Analysts/Institutional Investor Meet/Con. Call Updates
10-Sep-2020 20:03:20,Analysts/Institutional Investor Meet/Con. Call Updates,JM Financial Limited has informed the Exchange about Analysts/Institutional Investor Meet/Con. Call Updates
07-Sep-2020 16:29:21,Analysts/Institutional Investor Meet/Con. Call Updates,JM Financial Limited has informed the Exchange about Analysts/Institutional Investor Meet/Con. Call Updates
01-Sep-2020 18:51:32,Analysts/Institutional Investor Meet/Con. Call Updates,JM Financial Limited has informed the Exchange about Analysts/Institutional Investor Meet/Con. Call Updates
31-Aug-2020 21:33:53,Analysts/Institutional Investor Meet/Con. Call Updates,JM Financial Limited has informed the Exchange about Analysts/Institutional Investor Meet/Con. Call Updates
24-Aug-2020 18:22:20,Analysts/Institutional Investor Meet/Con. Call Updates,JM Financial Limited has informed the Exchange about Analysts/Institutional Investor Meet/Con. Call Updates
18-Aug-2020 21:07:41,Analysts/Institutional Investor Meet/Con. Call Updates,JM Financial Limited has informed the Exchange about Analysts/Institutional Investor Meet/Con. Call Updates
11-Aug-2020 19:36:06,Analysts/Institutional Investor Meet/Con. Call Updates,JM Financial Limited has informed the Exchange about Analysts/Institutional Investor Meet/Con. Call Updates
11-Aug-2020 15:42:35,Statement of deviation(s) or variation(s) under Reg. 32,JM Financial Limited has informed the Exchange about statement of deviation(s) or variation(s) under Reg. 32
31-Jul-2020 20:29:00,Shareholders meeting,"JM Financial Limited has submitted the Exchange a copy Srutinizers report of  Annual General Meeting held on July 30, 2020. Further, the company has informed the Exchange regarding voting results."
31-Jul-2020 14:19:00,Shareholders meeting,"JM Financial Limited has informed the Exchange regarding Proceedings of Annual General Meeting held on July 30, 2020"
30-Jul-2020 19:45:00,Investor Presentation,JM Financial Limited has informed the Exchange about Investor Presentation
30-Jul-2020 14:37:00,Change in Director(s),JM Financial Limited has informed the Exchange regarding Change in Director(s) of the company.
30-Jul-2020 14:24:08,Financial Result Updates,"JM Financial Limited has submitted to the Exchange, the financial results for the period ended June 30, 2020."
30-Jul-2020 14:21:00,Outcome of Board Meeting,"JM Financial Limited has informed the Exchange regarding  Board meeting held on July 30, 2020."
10-Jul-2020 21:49:00,Loss of Share Certificates,JM Financial Limited has informed the Exchange about Loss of Share Certificates
01-Jul-2020 17:17:00,Copy of Newspaper Publication,JM Financial Limited has informed the Exchange about Copy of Newspaper Publication
29-Jun-2020 13:54:00,Copy of Newspaper Publication,JM Financial Limited has informed the Exchange about Copy of Newspaper Publication
27-Jun-2020 11:18:00,Updates,JM Financial Limited has informed the Exchange regarding 'Annual General Meeting of JM Financial Limited '.
24-Jun-2020 11:46:00,Press Release,"JM Financial Limited has informed the Exchange regarding a press release dated Jun 24, 2020, titled ""JM Financial Private Equity completes INR 400 million investment in Isthara Parks""."
19-Jun-2020 21:53:00,Loss of Share Certificates,JM Financial Limited has informed the Exchange about Loss of Share Certificates
19-Jun-2020 21:17:00,ESOP/ESOS/ESPS,JM Financial Limited has informed the Exchange regarding Allotment of 673911  Shares.
15-Jun-2020 13:44:00,Press Release,"JM Financial Limited has informed the Exchange regarding a press release dated Jun 15, 2020, titled ""JM Financial Limited raises Rs.770 crore through Qualified Institutions Placement""."
12-Jun-2020 19:39:00,Allotment of Securities,"JM Financial Limited has informed the Exchange regarding allotment of 110000000 securities pursuant to Qualified Institution Placement at its meeting held on Jun 12, 2020"
12-Jun-2020 16:38:00,Committee Meeting Updates,"JM Financial Limited has informed the Exchange regarding Outcome of Committee Meeting held on Jun 12, 2020."
10-Jun-2020 22:02:00,Loss of Share Certificates,JM Financial Limited has informed the Exchange about Loss of Share Certificates
09-Jun-2020 21:37:00,Committee Meeting Updates,"JM Financial Limited has informed the Exchange regarding Committee Meeting to be held on Jun 12, 2020."
09-Jun-2020 19:39:00,Committee Meeting Updates,"JM Financial Limited has informed the Exchange regarding Outcome of Committee Meeting held on Jun 09, 2020."
09-Jun-2020 16:01:00,Investor Presentation,JM Financial Limited has informed the Exchange about Investor Presentation
09-Jun-2020 13:46:00,Updates,JM Financial Limited has informed the Exchange regarding 'Audited standalone and consolidated financial statements'.
08-Jun-2020 08:19:00,Analysts/Institutional Investor Meet/Con. Call Updates,JM Financial Limited has informed the Exchange about Analysts/Institutional Investor Meet/Con. Call Updates
05-Jun-2020 08:40:00,Related Party Transactions,JM Financial Limited has informed the Exchange that Pursuant to Regulation 23(9) of Listing Regulations 2015.
04-Jun-2020 19:37:00,Investor Presentation,JM Financial Limited has informed the Exchange regarding Investor Presentation
04-Jun-2020 12:32:00,Analysts/Institutional Investor Meet/Con. Call Updates,JM Financial Limited has informed the Exchange regarding Analysts/Institutional Investor Meet/Con. Call Updates
28-May-2020 09:29:00,Disclosure under SEBI Takeover Regulations,Promoters of JM Financial Limited has informed the Exchange regarding the disclosure pursuant to the provisions of Regulation 30 and 31(4) of the SEBI (Substantial Acquisition of Shares and Takeovers)
14-May-2020 18:55:00,Analysts/Institutional Investor Meet/Con. Call Updates,JM Financial Limited has informed the Exchange regarding Analysts/Institutional Investor Meet/Con. Call Updates
07-May-2020 14:25:00,Book Closure,"JM Financial Limited has informed the Exchange that the Company has fixed Book Closure from May 19, 2020 to May 22, 2020 for the purpose of Dividend for thefinancial year 2019-20."
06-May-2020 22:12:00,Investor Presentation,JM Financial Limited has informed the Exchange regarding Investor Presentation. Pursuant to Regulation 30 of the Securities and Exchange Board of India (Listing Obligations and Disclosure Requirements
06-May-2020 21:21:00,Investor Presentation,JM Financial Limited has informed the Exchange regarding Investor Presentation. In continuation of our letter of even date enclosing therewith the Audited Standalone and Consolidated Financial Results
06-May-2020 20:01:00,Investor Presentation,JM Financial Limited has informed the Exchange regarding Investor Presentation
06-May-2020 18:11:19,Financial Result Updates,"JM Financial Limited has submitted to the Exchange, the financial results for the period ended March 31, 2020."
06-May-2020 17:52:00,Dividend,"JM Financial Limited has informed the Exchange that Board of Directors at its meeting held on May 06, 2020, recommended Final Dividend of 0.20 per equity share."
04-May-2020 16:11:00,Updates,"JM Financial Limited has informed the Exchange regarding 'We wish to inform you that the Company will hold earnings conference call on Thursday, May 7, 2020 at 4.00 p.m. to discuss the Company s finan"
18-Apr-2020 09:41:00,ESOP/ESOS/ESPS,JM Financial Limited has informed the Exchange regarding Grant of 1856913  Options.
31-Mar-2020 08:49:00,Trading Window,"JM Financial Limited has informed the Exchange regarding the Trading Window closure pursuant to SEBI (Prohibition of Insider Trading) Regulations, 2015"
25-Mar-2020 16:40:00,Analysts/Institutional Investor Meet/Con. Call Updates,JM Financial Limited has informed the Exchange regarding Analysts/Institutional Investor Meet/Con. Call Updates
20-Mar-2020 20:55:00,Allotment of ESOP/ESPS,JM Financial Limited has informed the Exchange regarding allotment of  55745 Equity Shares under ESOP
09-Mar-2020 19:55:00,Analysts/Institutional Investor Meet/Con. Call Updates,JM Financial Limited has informed the Exchange regarding Analysts/Institutional Investor Meet/Con. Call Updates
27-Feb-2020 13:15:00,Analysts/Institutional Investor Meet/Con. Call Updates,JM Financial Limited has informed the Exchange regarding Analysts/Institutional Investor Meet/Con. Call Updates
25-Feb-2020 19:58:00,Analysts/Institutional Investor Meet/Con. Call Updates,JM Financial Limited has informed the Exchange regarding Analysts/Institutional Investor Meet/Con. Call Updates
13-Feb-2020 19:43:00,Analysts/Institutional Investor Meet/Con. Call Updates,JM Financial Limited has informed the Exchange regarding Analysts/Institutional Investor Meet/Con. Call Updates
13-Feb-2020 19:22:00,Shareholders meeting,"JM Financial Limited has submitted the Exchange a copy Srutinizers report of  Postal Ballot. Further, the company has informed the Exchange regarding voting results."
13-Feb-2020 18:09:00,Analysts/Institutional Investor Meet/Con. Call Updates,JM Financial Limited has informed the Exchange regarding Analysts/Institutional Investor Meet/Con. Call Updates
12-Feb-2020 10:43:00,Updates,"JM Financial Limited has informed the Exchange regarding ' one of our material subsidiaries, namely, JM Financial Products Limited (JMFPL), has filed the Tranche III prospectus with the Registrar of C"
11-Feb-2020 17:55:00,Analysts/Institutional Investor Meet/Con. Call Updates,JM Financial Limited has informed the Exchange regarding Analysts/Institutional Investor Meet/Con. Call Updates
06-Feb-2020 19:28:00,Analysts/Institutional Investor Meet/Con. Call Updates,JM Financial Limited has informed the Exchange regarding Analysts/Institutional Investor Meet/Con. Call Updates
30-Jan-2020 20:08:00,Analysts/Institutional Investor Meet/Con. Call Updates,JM Financial Limited has informed the Exchange regarding Analysts/Institutional Investor Meet/Con. Call Updates
23-Jan-2020 18:59:00,Investor Presentation,JM Financial Limited has informed the Exchange regarding Investor Presentation
23-Jan-2020 14:39:45,Financial Result Updates,"JM Financial Limited has submitted to the Exchange, the financial results for the period ended December 31, 2019."
23-Jan-2020 14:30:00,Outcome of Board Meeting,"JM Financial Limited has informed the Exchange regarding  Board meeting held on January 23, 2020."
14-Jan-2020 13:45:00,Updates,JM Financial Limited has informed the Exchange regarding 'Submission of Newspaper Advertisements'.
13-Jan-2020 20:02:00,Shareholders meeting,JM Financial Limited has informed the Exchange regarding Notice of Postal Ballot
19-Dec-2019 20:00:00,ESOP/ESOS/ESPS,JM Financial Limited has informed the Exchange regarding Exercise of 101056  Options.
19-Dec-2019 19:44:00,Outcome of Board Meeting,"JM Financial Limited has informed the Exchange regarding  Board meeting held on December 19, 2019."
09-Dec-2019 19:10:00,Registrar & Share Transfer Agent Update,JM Financial Limited has informed the Exchange regarding the Registrar & Share Transfer Agent Update
09-Dec-2019 19:00:00,Analysts/Institutional Investor Meet/Con. Call Updates,JM Financial Limited has informed the Exchange regarding Analysts/Institutional Investor Meet/Con. Call Updates
18-Nov-2019 17:06:00,Related Party Transactions,"JM Financial Limited has informed the Exchange regarding Disclosure of Related party transactions pursuant to Regulation 23(9) of the SEBI ( LODR) Regulations, 2015 as amended."
14-Nov-2019 15:44:00,Analysts/Institutional Investor Meet/Con. Call Updates,JM Financial Limited has informed the Exchange regarding Analysts/Institutional Investor Meet/Con. Call Updates
13-Nov-2019 11:49:00,Analysts/Institutional Investor Meet/Con. Call Updates,JM Financial Limited has informed the Exchange regarding Analysts/Institutional Investor Meet/Con. Call Updates
24-Oct-2019 11:47:00,Updates,JM Financial Limited has informed the Exchange regarding 'copy of corporate presentation on Asset Reconstruction Business'.
24-Oct-2019 08:52:00,Updates,JM Financial Limited has informed the Exchange regarding 'copy of corporate presentation by JM Financial Credit Solutions Limited (a material subsidiary of JM Financial Limited).'.
23-Oct-2019 20:47:00,Press Release,"JM Financial Limited has informed the Exchange regarding a press release dated October 23, 2019, titled ""In continuation of our letter of even date enclosing therewith the Unaudited Standalone and Con"
23-Oct-2019 17:17:53,Financial Result Updates,"JM Financial Limited has submitted to the Exchange, the financial results for the period ended September 30, 2019."
23-Oct-2019 17:14:00,Outcome of Board Meeting,"We wish to inform you that the Board of Directors of the Company, at its meeting held today, has inter alia, considered and approved the Standalone and Consolidated Unaudited Financial Results of the "
22-Oct-2019 15:44:00,Updates,"JM Financial Limited has informed the Exchange regarding 'We wish to inform you that the Company will hold earnings conference call on Thursday, October 24, 2019 at 2.00 p.m. to discuss the Company s "
20-Sep-2019 20:16:00,Allotment of ESOP/ESPS,JM Financial Limited has informed the Exchange regarding allotment of  139284 Equity Shares under ESOP
17-Sep-2019 18:53:00,Analysts/Institutional Investor Meet/Con. Call Updates,JM Financial Limited has informed the Exchange regarding Analysts/Institutional Investor Meet/Con. Call Updates
16-Sep-2019 19:23:00,Analysts/Institutional Investor Meet/Con. Call Updates,JM Financial Limited has informed the Exchange regarding Analysts/Institutional Investor Meet/Con. Call Updates
13-Sep-2019 17:04:00,Analysts/Institutional Investor Meet/Con. Call Updates,JM Financial Limited has informed the Exchange regarding Analysts/Institutional Investor Meet/Con. Call Updates
13-Sep-2019 12:47:00,Analysts/Institutional Investor Meet/Con. Call Updates,JM Financial Limited has informed the Exchange regarding Analysts/Institutional Investor Meet/Con. Call Updates
12-Sep-2019 11:16:00,Acquisition,"JM Financial Limited has informed the Exchange about Acquisition of 49,16,104 Compulsorily Convertible Debentures (��CCDs��) (convertible into 4,91,61,040 equity shares as per the terms of the issue) "
05-Sep-2019 17:32:00,Analysts/Institutional Investor Meet/Con. Call Updates,JM Financial Limited has informed the Exchange regarding Analysts/Institutional Investor Meet/Con. Call Updates
22-Aug-2019 19:51:00,Analysts/Institutional Investor Meet/Con. Call Updates,JM Financial Limited has informed the Exchange regarding Analysts/Institutional Investor Meet/Con. Call Updates
20-Aug-2019 17:09:00,Analysts/Institutional Investor Meet/Con. Call Updates,JM Financial Limited has informed the Exchange regarding Analysts/Institutional Investor Meet/Con. Call Updates
16-Aug-2019 19:50:00,Analysts/Institutional Investor Meet/Con. Call Updates,JM Financial Limited has informed the Exchange regarding Analysts/Institutional Investor Meet/Con. Call Updates
16-Aug-2019 13:52:00,Analysts/Institutional Investor Meet/Con. Call Updates,JM Financial Limited has informed the Exchange regarding Analysts/Institutional Investor Meet/Con. Call Updates
08-Aug-2019 16:59:00,Analysts/Institutional Investor Meet/Con. Call Updates,JM Financial Limited has informed the Exchange regarding Analysts/Institutional Investor Meet/Con. Call Updates
05-Aug-2019 14:35:00,Investor Presentation,JM Financial Limited has informed the Exchange regarding Investor Presentation
03-Aug-2019 15:46:00,Updates,"JM Financial Limited has informed the Exchange regarding 'Public issue by JM Financial Products Limited, by way of the Tranche II issue of secured, rated, listed, redeemable, non-convertible debenture"
02-Aug-2019 18:55:00,Analysts/Institutional Investor Meet/Con. Call Updates,JM Financial Limited has informed the Exchange regarding Analysts/Institutional Investor Meet/Con. Call Updates
30-Jul-2019 18:12:00,Analysts/Institutional Investor Meet/Con. Call Updates,JM Financial Limited has informed the Exchange regarding Analysts/Institutional Investor Meet/Con. Call Updates
26-Jul-2019 14:18:00,Analysts/Institutional Investor Meet/Con. Call Updates,JM Financial Limited has informed the Exchange regarding Analysts/Institutional Investor Meet/Con. Call Updates
23-Jul-2019 17:05:00,Analysts/Institutional Investor Meet/Con. Call Updates,JM Financial Limited has informed the Exchange regarding Analysts/Institutional Investor Meet/Con. Call Updates
20-Jul-2019 14:48:00,Shareholders meeting,"JM Financial Limited has submitted the Exchange a copy Srutinizers report of  Annual General Meeting held on July 19, 2019. Further, the company has informed the Exchange regarding voting results."
20-Jul-2019 14:38:00,Shareholders meeting,"JM Financial Limited has informed the Exchange regarding Proceedings of Annual General Meeting held on July 19, 2019"
19-Jul-2019 22:17:00,Allotment of ESOP/ESPS,JM Financial Limited has informed the Exchange regarding allotment of  59778  Equity Shares under ESOP
19-Jul-2019 16:01:00,Press Release,"JM Financial Limited has informed the Exchange regarding a press release dated July 19, 2019, titled ""In furtherance to our even date letter, a copy of the Press Release being issued by the Company al"
19-Jul-2019 15:05:07,Financial Result Updates,"JM Financial Limited has submitted to the Exchange, the financial results for the period ended June 30, 2019."
19-Jul-2019 14:31:00,Outcome of Board Meeting,"JM Financial Limited has informed the Exchange regarding  Board meeting held on July 19, 2019."
25-Jun-2019 19:33:00,Analysts/Institutional Investor Meet/Con. Call Updates,JM Financial Limited has informed the Exchange regarding Analysts/Institutional Investor Meet/Con. Call Updates
25-Jun-2019 15:49:00,Analysts/Institutional Investor Meet/Con. Call Updates,JM Financial Limited has informed the Exchange regarding Analysts/Institutional Investor Meet/Con. Call Updates
20-Jun-2019 18:56:00,Updates,"JM Financial Limited has informed the Exchange regarding 'Pursuant to Regulation 47 of the Securities and Exchange Board of India (Listing Obligations and Disclosure Requirements) Regulations, 2015, w"
30-May-2019 19:33:00,Analysts/Institutional Investor Meet/Con. Call Updates,JM Financial Limited has informed the Exchange regarding Analysts/Institutional Investor Meet/Con. Call Updates
29-May-2019 19:28:00,Allotment of ESOP/ESPS,JM Financial Limited has informed the Exchange regarding allotment of  937321 Equity Shares under ESOP
28-May-2019 19:12:00,Analysts/Institutional Investor Meet/Con. Call Updates,JM Financial Limited has informed the Exchange regarding Analysts/Institutional Investor Meet/Con. Call Updates
21-May-2019 18:18:00,Analysts/Institutional Investor Meet/Con. Call Updates,JM Financial Limited has informed the Exchange regarding Analysts/Institutional Investor Meet/Con. Call Updates
20-May-2019 18:11:00,Analysts/Institutional Investor Meet/Con. Call Updates,JM Financial Limited has informed the Exchange regarding Analysts/Institutional Investor Meet/Con. Call Updates
16-May-2019 20:24:00,Analysts/Institutional Investor Meet/Con. Call Updates,JM Financial Limited has informed the Exchange regarding Analysts/Institutional Investor Meet/Con. Call Updates
16-May-2019 17:10:00,Related Party Transactions,JM Financial Limited has informed the Exchange regarding Disclosure of Related Party Transactions pursuant to Regulation 23(9) of the Securities and Exchange Board of India (Listing Obligations and Di
09-May-2019 13:07:00,Disclosure under SEBI Takeover Regulations,JM Financial & Investment Consultancy Services Private Limited has submitted to the Exchange a copy of Disclosure under Regulation 10(6) of SEBI (Substantial Acquisition of Shares and Takeovers) Regul
03-May-2019 16:08:00,Reappointment,JM Financial Limited has informed the Exchange regarding Reappointment of Director of the company.
03-May-2019 15:56:00,Investor Presentation,JM Financial Limited has informed the Exchange regarding Investor Presentation
02-May-2019 21:52:00,Investor Presentation,JM Financial Limited has informed the Exchange regarding Investor Presentation
02-May-2019 19:26:00,Book Closure,"JM Financial Limited has informed the Exchange that the Company has fixed Book Closure from May 14, 2019 to May 17, 2019 for the purpose of determining the shareholders who would be eligible to receiv"
02-May-2019 17:27:46,Financial Result Updates,"JM Financial Limited has submitted to the Exchange, the financial results for the period ended March 31, 2019."
02-May-2019 17:24:00,Dividend,"JM Financial Limited has informed the Exchange that Board of Directors at its meeting held on May 02, 2019, recommended Final Dividend of 0.50 per equity share."
26-Apr-2019 20:49:00,Updates,"JM Financial Limited has informed the Exchange regarding ''. We wish to inform you that the Company will hold earnings conference call on Friday, May 3, 2019 at 4.00 p.m. to discuss the Company��s abo"
18-Apr-2019 20:38:00,ESOP/ESOS/ESPS,JM Financial Limited has informed the Exchange regarding Grant of 662130  Options.
17-Apr-2019 17:50:00,Investor Presentation,JM Financial Limited has informed the Exchange regarding Investor Presentation
16-Apr-2019 16:59:00,Updates,JM Financial Limited has informed the Exchange regarding 'Press release for public issue of Non- Convertible Debentures by JM Financial Products Limited '.
15-Apr-2019 21:13:00,Updates,"JM Financial Limited has informed the Exchange regarding 'Public issue by JM Financial Products Limited, by way of the Tranche I issue of secured, rated, listed, redeemable, non-convertible debentures"
08-Apr-2019 15:54:00,Disc. under Reg.30 of SEBI (SAST) Reg.2011,"The Promoter along with PAC has submitted to the Exchange a copy of Annual Disclosure under Regulation 30(1) and 30(2) of SEBI (Substantial Acquisition of Shares and Takeovers), Regulations, 2011 as o"
03-Apr-2019 13:29:00,Trading Window,"JM Financial Limited has informed the Exchange regarding the Trading Window closure pursuant to SEBI (Prohibition of Insider Trading) Regulations, 2015"
01-Apr-2019 15:13:00,"Code of Conduct under SEBI(PIT) Reg., 2015","JM Financial Limited has informed the Exchange regarding the Code of Conduct under SEBI(PIT) Reg., 2015"
29-Mar-2019 21:03:00,Analysts/Institutional Investor Meet/Con. Call Updates,JM Financial Limited has informed the Exchange regarding Analysts/Institutional Investor Meet/Con. Call Updates
29-Mar-2019 17:16:00,Acquisition,"JM Financial Limited has informed the Exchange about Acquisition of equity shares in JM Financial Asset Reconstruction Limited, a subsidiary of the Company."
29-Mar-2019 08:29:00,Disclosure under SEBI Takeover Regulations,J.M. Financial & Investment Consultancy Services Private Limited and on behalf of all other acquirers has submitted to the Exchange a Copy of Disclosure under Regulation 10(5) in respect of the propos
28-Mar-2019 18:41:00,Analysts/Institutional Investor Meet/Con. Call Updates,JM Financial Limited has informed the Exchange regarding Analysts/Institutional Investor Meet/Con. Call Updates
25-Mar-2019 19:43:00,Analysts/Institutional Investor Meet/Con. Call Updates,JM Financial Limited has informed the Exchange regarding Analysts/Institutional Investor Meet/Con. Call Updates
20-Mar-2019 20:07:00,Analysts/Institutional Investor Meet/Con. Call Updates,JM Financial Limited has informed the Exchange regarding Analysts/Institutional Investor Meet/Con. Call Updates
19-Mar-2019 14:36:00,Analysts/Institutional Investor Meet/Con. Call Updates,JM Financial Limited has informed the Exchange regarding Analysts/Institutional Investor Meet/Con. Call Updates
12-Mar-2019 14:48:00,Analysts/Institutional Investor Meet/Con. Call Updates,JM Financial Limited has informed the Exchange regarding Analysts/Institutional Investor Meet/Con. Call Updates
08-Mar-2019 18:34:00,Analysts/Institutional Investor Meet/Con. Call Updates,JM Financial Limited has informed the Exchange regarding Analysts/Institutional Investor Meet/Con. Call Updates
06-Mar-2019 21:04:00,Shareholders meeting,"JM Financial Limited has submitted the Exchange a copy Srutinizers report of  Postal Ballot. Further, the company has informed the Exchange regarding voting results."
22-Feb-2019 14:04:00,News Clarification,"��The Exchange had sought clarification from the Company with respect to news item captioned- "" Adarsh Offers partial exit to JM Financial for Rs. 300cr"". In this regard, you are advised to provide cl"
21-Feb-2019 18:24:00,News Clarification,"The Exchange has sought clarification from the Company with respect to news item captioned- "" Adarsh Offers partial exit to JM Financial for Rs. 300cr"". In this regard, you are advised to provide clar"
19-Feb-2019 19:45:00,Analysts/Institutional Investor Meet/Con. Call Updates,JM Financial Limited has informed the Exchange regarding Analysts/Institutional Investor Meet/Con. Call Updates
13-Feb-2019 16:56:00,Analysts/Institutional Investor Meet/Con. Call Updates,JM Financial Limited has informed the Exchange regarding Analysts/Institutional Investor Meet/Con. Call Updates
12-Feb-2019 20:22:00,Analysts/Institutional Investor Meet/Con. Call Updates,JM Financial Limited has informed the Exchange regarding Analysts/Institutional Investor Meet/Con. Call Updates
11-Feb-2019 20:04:00,Analysts/Institutional Investor Meet/Con. Call Updates,JM Financial Limited has informed the Exchange regarding Analysts/Institutional Investor Meet/Con. Call Updates
07-Feb-2019 16:35:00,Analysts/Institutional Investor Meet/Con. Call Updates,JM Financial Limited has informed the Exchange regarding Analysts/Institutional Investor Meet/Con. Call Updates
07-Feb-2019 12:11:00,Analysts/Institutional Investor Meet/Con. Call Updates,JM Financial Limited has informed the Exchange regarding Analysts/Institutional Investor Meet/Con. Call Updates
06-Feb-2019 16:48:00,Analysts/Institutional Investor Meet/Con. Call Updates,JM Financial Limited has informed the Exchange regarding Analysts/Institutional Investor Meet/Con. Call Updates
01-Feb-2019 19:11:00,Updates,JM Financial Limited has informed the Exchange regarding 'Submission of Newspaper Advertisements'.
31-Jan-2019 18:42:00,Shareholders meeting,JM Financial Limited has informed the Exchange regarding Notice of Postal Ballot
31-Jan-2019 14:29:00,Analysts/Institutional Investor Meet/Con. Call Updates,JM Financial Limited has informed the Exchange regarding Analysts/Institutional Investor Meet/Con. Call Updates
29-Jan-2019 20:32:00,Analysts/Institutional Investor Meet/Con. Call Updates,JM Financial Limited has informed the Exchange regarding Analysts/Institutional Investor Meet/Con. Call Updates
28-Jan-2019 20:45:00,Analysts/Institutional Investor Meet/Con. Call Updates,JM Financial Limited has informed the Exchange regarding Analysts/Institutional Investor Meet/Con. Call Updates
24-Jan-2019 18:57:00,Analysts/Institutional Investor Meet/Con. Call Updates,JM Financial Limited has informed the Exchange regarding Analysts/Institutional Investor Meet/Con. Call Updates
23-Jan-2019 20:07:00,Dividend,"JM Financial Limited has informed the Exchange that the Board of Directors of the Company at its meeting held January 23, 2019 has declared an interim dividend of Rs. 0.50 per share for the financial "
23-Jan-2019 20:06:00,Updates,"JM Financial Limited has informed the Exchange regarding 'Letter of offer dated January 21, 2019 (the ""LOFT"") in relation to an open offer to the public shareholders ( as defined in the LOF) of hathwa"
23-Jan-2019 19:14:00,Allotment of ESOP/ESPS,JM Financial Limited has informed the Exchange regarding allotment of  20398 Equity Shares under ESOP
23-Jan-2019 19:06:00,Record Date,"JM Financial Limited has informed the Exchange that the Company has fixed Record Date as February 2, 2019 for the purpose of Interim Dividend"
23-Jan-2019 18:25:00,Investor Presentation,JM Financial Limited has informed the Exchange regarding Investor Presentation
23-Jan-2019 17:21:32,Financial Result Updates,"JM Financial Limited has submitted to the Exchange, the financial results for the period ended December 31, 2018."
23-Jan-2019 16:51:00,Outcome of Board Meeting,"JM Financial Limited has informed the Exchange regarding Board meeting held on January 23, 2019.��We wish to inform you that the Board of Directors of the Company, at its meeting held today, has, inte"
31-Dec-2018 18:43:00,Analysts/Institutional Investor Meet/Con. Call Updates,JM Financial Limited has informed the Exchange regarding Analysts/Institutional Investor Meet/Con. Call Updates
26-Dec-2018 19:37:00,Analysts/Institutional Investor Meet/Con. Call Updates,JM Financial Limited has informed the Exchange regarding Analysts/Institutional Investor Meet/Con. Call Updates
21-Dec-2018 20:02:00,Analysts/Institutional Investor Meet/Con. Call Updates,JM Financial Limited has informed the Exchange regarding Analysts/Institutional Investor Meet/Con. Call Updates
20-Dec-2018 20:11:00,Analysts/Institutional Investor Meet/Con. Call Updates,JM Financial Limited has informed the Exchange regarding Analysts/Institutional Investor Meet/Con. Call Updates
18-Dec-2018 20:07:00,Allotment of ESOP/ESPS,JM Financial Limited has informed the Exchange regarding allotment of  86195 Equity Shares under ESOP
17-Dec-2018 19:10:00,Analysts/Institutional Investor Meet/Con. Call Updates,JM Financial Limited has informed the Exchange regarding Analysts/Institutional Investor Meet/Con. Call Updates
14-Dec-2018 19:17:00,Analysts/Institutional Investor Meet/Con. Call Updates,JM Financial Limited has informed the Exchange regarding Analysts/Institutional Investor Meet/Con. Call Updates
13-Dec-2018 19:31:00,Analysts/Institutional Investor Meet/Con. Call Updates,JM Financial Limited has informed the Exchange regarding Analysts/Institutional Investor Meet/Con. Call Updates
07-Dec-2018 19:29:00,Analysts/Institutional Investor Meet/Con. Call Updates,JM Financial Limited has informed the Exchange regarding Analysts/Institutional Investor Meet/Con. Call Updates
06-Dec-2018 18:00:00,Analysts/Institutional Investor Meet/Con. Call Updates,JM Financial Limited has informed the Exchange regarding Analysts/Institutional Investor Meet/Con. Call Updates
05-Dec-2018 19:36:00,Analysts/Institutional Investor Meet/Con. Call Updates,JM Financial Limited has informed the Exchange regarding Analysts/Institutional Investor Meet/Con. Call Updates
03-Dec-2018 18:55:00,Analysts/Institutional Investor Meet/Con. Call Updates,JM Financial Limited has informed the Exchange regarding Analysts/Institutional Investor Meet/Con. Call Updates
29-Nov-2018 16:41:00,Registrar & Share Transfer Agent Update,JM Financial Limited has informed the Exchange regarding the Registrar & Share Transfer Agent Update
28-Nov-2018 15:39:00,Analysts/Institutional Investor Meet/Con. Call Updates,JM Financial Limited has informed the Exchange regarding Analysts/Institutional Investor Meet/Con. Call Updates
27-Nov-2018 17:40:00,Analysts/Institutional Investor Meet/Con. Call Updates,JM Financial Limited has informed the Exchange regarding Analysts/Institutional Investor Meet/Con. Call Updates
27-Nov-2018 13:32:00,Analysts/Institutional Investor Meet/Con. Call Updates,JM Financial Limited has informed the Exchange regarding Analysts/Institutional Investor Meet/Con. Call Updates
23-Nov-2018 18:47:00,Analysts/Institutional Investor Meet/Con. Call Updates,JM Financial Limited has informed the Exchange regarding Analysts/Institutional Investor Meet/Con. Call Updates
21-Nov-2018 16:38:00,Analysts/Institutional Investor Meet/Con. Call Updates,JM Financial Limited has informed the Exchange regarding Analysts/Institutional Investor Meet/Con. Call Updates
20-Nov-2018 19:20:00,Analysts/Institutional Investor Meet/Con. Call Updates,JM Financial Limited has informed the Exchange regarding Analysts/Institutional Investor Meet/Con. Call Updates
14-Nov-2018 16:41:00,Updates,JM Financial Limited has informed the Exchange regarding 'Press release for public issue of non-convertible debentures (NCDs) by JM Financial Credit Solutions Limited'.
13-Nov-2018 11:10:00,Analysts/Institutional Investor Meet/Con. Call Updates,JM Financial Limited has informed the Exchange regarding Analysts/Institutional Investor Meet/Con. Call Updates
02-Nov-2018 20:11:00,Analysts/Institutional Investor Meet/Con. Call Updates,JM Financial Limited has informed the Exchange regarding Analysts/Institutional Investor Meet/Con. Call Updates
02-Nov-2018 14:42:00,Analysts/Institutional Investor Meet/Con. Call Updates,JM Financial Limited has informed the Exchange regarding Analysts/Institutional Investor Meet/Con. Call Updates
01-Nov-2018 11:56:00,Analysts/Institutional Investor Meet/Con. Call Updates,JM Financial Limited has informed the Exchange regarding Analysts/Institutional Investor Meet/Con. Call Updates
30-Oct-2018 18:09:00,Analysts/Institutional Investor Meet/Con. Call Updates,JM Financial Limited has informed the Exchange regarding Analysts/Institutional Investor Meet/Con. Call Updates
30-Oct-2018 11:17:00,Analysts/Institutional Investor Meet/Con. Call Updates,JM Financial Limited has informed the Exchange regarding Analysts/Institutional Investor Meet/Con. Call Updates
25-Oct-2018 22:00:00,Investor Presentation,JM Financial Limited has informed the Exchange regarding Investor Presentation
25-Oct-2018 21:54:00,Investor Presentation,JM Financial Limited has informed the Exchange regarding Investor Presentation
25-Oct-2018 19:49:00,Allotment of ESOP/ESPS,JM Financial Limited has informed the Exchange regarding allotment of  158546 Equity Shares under ESOP
25-Oct-2018 16:52:02,Financial Result Updates,"JM Financial Limited has submitted to the Exchange, the financial results for the period ended September 30, 2018."
25-Oct-2018 16:45:00,Outcome of Board Meeting,"JM Financial Limited has informed the Exchange regarding  Board meeting held on October 25, 2018."
22-Oct-2018 14:33:00,Analysts/Institutional Investor Meet/Con. Call Updates,JM Financial Limited has informed the Exchange regarding Analysts/Institutional Investor Meet/Con. Call Updates
09-Oct-2018 20:25:00,Analysts/Institutional Investor Meet/Con. Call Updates,JM Financial Limited has informed the Exchange regarding Analysts/Institutional Investor Meet/Con. Call Updates
08-Oct-2018 20:10:00,Analysts/Institutional Investor Meet/Con. Call Updates,JM Financial Limited has informed the Exchange regarding Analysts/Institutional Investor Meet/Con. Call Updates
08-Oct-2018 09:51:00,Investor Presentation,JM Financial Limited has informed the Exchange regarding Investor Presentation
05-Oct-2018 19:07:00,Analysts/Institutional Investor Meet/Con. Call Updates,JM Financial Limited has informed the Exchange regarding Analysts/Institutional Investor Meet/Con. Call Updates
05-Oct-2018 12:22:00,Analysts/Institutional Investor Meet/Con. Call Updates,JM Financial Limited has informed the Exchange regarding Analysts/Institutional Investor Meet/Con. Call Updates
03-Oct-2018 19:03:00,Analysts/Institutional Investor Meet/Con. Call Updates,JM Financial Limited has informed the Exchange regarding Analysts/Institutional Investor Meet/Con. Call Updates
01-Oct-2018 20:43:00,Analysts/Institutional Investor Meet/Con. Call Updates,JM Financial Limited has informed the Exchange regarding Analysts/Institutional Investor Meet/Con. Call Updates
01-Oct-2018 09:19:00,Investor Presentation,JM Financial Limited has informed the Exchange regarding Investor Presentation
28-Sep-2018 19:20:00,Analysts/Institutional Investor Meet/Con. Call Updates,JM Financial Limited has informed the Exchange regarding Analysts/Institutional Investor Meet/Con. Call Updates
27-Sep-2018 13:57:00,Updates,JM Financial Limited has informed the Exchange regarding ''.
11-Sep-2018 19:47:00,Updates,JM Financial Limited has informed the Exchange regarding 'Further update on disclosures made by the Company earlier under Regulation 30 of SEBI (Listing Obligations and Disclosures Requirements) Regul
11-Sep-2018 17:02:00,Updates,JM Financial Limited has informed the Exchange regarding 'Further update on disclosures made by the Company earlier under Regulation 30 of SEBI (Listing Obligations and Disclosures Requirements) Regul
10-Sep-2018 17:22:00,Analysts/Institutional Investor Meet/Con. Call Updates,JM Financial Limited has informed the Exchange regarding Analysts/Institutional Investor Meet/Con. Call Updates
07-Sep-2018 19:15:00,Updates,"JM Financial Limited has informed the Exchange regarding ''.Pursuant to Regulation 30 of Listing Regulations, we wish to inform you that the status of Mr. Ashith Kampani has been re-classified from Pr"
04-Sep-2018 18:05:00,Analysts/Institutional Investor Meet/Con. Call Updates,JM Financial Limited has informed the Exchange regarding Analysts/Institutional Investor Meet/Con. Call Updates
23-Aug-2018 16:33:00,Analysts/Institutional Investor Meet/Con. Call Updates,JM Financial Limited has informed the Exchange regarding Analysts/Institutional Investor Meet/Con. Call Updates
20-Aug-2018 20:24:00,Allotment of ESOP/ESPS,JM Financial Limited has informed the Exchange regarding allotment of  50832 Equity Shares under ESOP
10-Aug-2018 18:21:00,Analysts/Institutional Investor Meet/Con. Call Updates,JM Financial Limited has informed the Exchange regarding Analysts/Institutional Investor Meet/Con. Call Updates
27-Jul-2018 14:57:00,Analysts/Institutional Investor Meet/Con. Call Updates,JM Financial Limited has informed the Exchange regarding Analysts/Institutional Investor Meet/Con. Call Updates
23-Jul-2018 19:50:00,Analysts/Institutional Investor Meet/Con. Call Updates,JM Financial Limited has informed the Exchange regarding Analysts/Institutional Investor Meet/Con. Call Updates
20-Jul-2018 19:52:00,Analysts/Institutional Investor Meet/Con. Call Updates,JM Financial Limited has informed the Exchange regarding Analysts/Institutional Investor Meet/Con. Call Updates
20-Jul-2018 00:03:00,Investor Presentation,JM Financial Limited has informed the Exchange regarding Investor Presentation
19-Jul-2018 21:28:00,Shareholders meeting,"JM Financial Limited has submitted the Exchange a copy Srutinizers report of  Annual General Meeting held on July 18, 2018. Further, the company has informed the Exchange regarding voting results."
18-Jul-2018 20:43:00,Shareholders meeting,"JM Financial Limited has informed the Exchange regarding Proceedings of Annual General Meeting held on July 18, 2018"
18-Jul-2018 18:10:00,Allotment of ESOP/ESPS,JM Financial Limited has informed the Exchange regarding allotment of  171290 Equity Shares under ESOP
18-Jul-2018 14:42:45,Financial Result Updates,"JM Financial Limited has submitted to the Exchange, the financial results for the period ended June 30, 2018."
18-Jun-2018 20:47:00,Shareholders meeting,"JM Financial Limited has informed the Exchange regarding Notice of Annual General Meeting to be held on July 18, 2018"
18-Jun-2018 19:55:00,Allotment of ESOP/ESPS,JM Financial Limited has informed the Exchange regarding allotment of  739177 Equity Shares under ESOP
13-Jun-2018 15:03:00,News Verification,"The Exchange has sought clarification from JM Financial Limited with respect to recent news item captioned ""RIL-JM may get Alok Inds at Throwaway price"". The Exchange, in order to verify the accuracy "
13-Jun-2018 11:47:00,News Verification,"The Exchange has sought clarification from JM Financial Limited with respect to recent news item captioned ""RIL-JM may get Alok Inds at Throwaway price"". In this regard, Exchange have advised the Comp"
11-Jun-2018 13:05:00,Analysts/Institutional Investor Meet/Con. Call Updates,JM Financial Limited has informed the Exchange regarding Analysts/Institutional Investor Meet/Con. Call Updates
04-Jun-2018 20:46:00,Analysts/Institutional Investor Meet/Con. Call Updates,JM Financial Limited has informed the Exchange regarding Analysts/Institutional Investor Meet/Con. Call Updates
28-May-2018 19:50:00,Analysts/Institutional Investor Meet/Con. Call Updates,JM Financial Limited has informed the Exchange regarding Analysts/Institutional Investor Meet/Con. Call Updates
25-May-2018 20:14:00,Updates,JM Financial Limited has informed the Exchange regarding 'Further update on disclosures made by the Company earlier under Regulation 30 of SEBI (Listing Obligations and Disclosures Requirements) Regul
25-May-2018 20:11:00,Updates,JM Financial Limited has informed the Exchange regarding 'Further update on disclosures made by the Company earlier under Regulation 30 of SEBI (Listing Obligations and Disclosures Requirements) Regul
23-May-2018 08:32:00,Press Release,"JM Financial Limited has informed the Exchange regarding a press release dated May 22, 2018, titled ""JM Financial Credit Solutions Limited NCD Issue to open on May 28, 2018""."
10-May-2018 19:12:00,Analysts/Institutional Investor Meet/Con. Call Updates,JM Financial Limited has informed the Exchange regarding Analysts/Institutional Investor Meet/Con. Call Updates
09-May-2018 20:42:00,Analysts/Institutional Investor Meet/Con. Call Updates,JM Financial Limited has informed the Exchange regarding Analysts/Institutional Investor Meet/Con. Call Updates
07-May-2018 18:31:00,Analysts/Institutional Investor Meet/Con. Call Updates,JM Financial Limited has informed the Exchange regarding Analysts/Institutional Investor Meet/Con. Call Updates
03-May-2018 13:15:00,Updates,JM Financial Limited has informed the Exchange regarding 'Corporate Presentation'.
02-May-2018 21:06:00,AGM/Book Closure,"JM Financial Limited has informed the Exchange that the Company has fixed Book Closure from May 14, 2018 to May 18, 2018 for the purpose of Final Dividend and AGM"
02-May-2018 19:33:00,Allotment of ESOP/ESPS,JM Financial Limited has informed the Exchange regarding allotment of  824767 Equity Shares under ESOP
02-May-2018 19:24:00,Outcome of Board Meeting,"JM Financial Limited has informed the Exchange regarding  Board meeting held on May 02, 2018."
02-May-2018 17:16:00,Outcome of Board Meeting,"JM Financial Limited has informed the Exchange regarding Outcome of Board Meeting held on May 02, 2018."
02-May-2018 15:01:43,Financial Result Updates,"JM Financial Limited has submitted to the Exchange, the financial results for the period ended March 31, 2018."
02-May-2018 14:59:00,Dividend,"JM Financial Limited has informed the Exchange that Board of Directors at its meeting held on May 02, 2018, recommended Final Dividend of 1.10 per equity share."
30-Apr-2018 22:25:00,Analysts/Institutional Investor Meet/Con. Call Updates,JM Financial Limited has informed the Exchange regarding Analysts/Institutional Investor Meet/Con. Call Updates
16-Apr-2018 19:56:00,Updates,"JM Financial Limited has informed the Exchange regarding 'Update on Disclosures made by us on July 18, 2017 and March 30, 2017 under Regulation 30 of SEBI (Listing Obligations and Disclosure Requireme"
16-Apr-2018 11:23:00,Analysts/Institutional Investor Meet/Con. Call Updates,JM Financial Limited has informed the Exchange regarding Analysts/Institutional Investor Meet/Con. Call Updates
12-Apr-2018 20:49:00,ESOP/ESOS/ESPS,JM Financial Limited has informed the Exchange regarding Grant of 1848018  Options.
12-Apr-2018 14:49:00,News Verification,"The Exchange has sought clarification from JM Financial Limited with respect to recent news item captioned ""RIL-JM Fin ARC to buy Alok Inds"". The Exchange, in order to verify the accuracy or otherwise"
12-Apr-2018 11:40:00,News Verification,"The Exchange has sought clarification from JM Financial Limited with respect to recent news item captioned ""RIL-JM Fin ARC to buy Alok Inds"". In this regard, Exchange have advised the Company to provi"
11-Apr-2018 20:42:00,Analysts/Institutional Investor Meet/Con. Call Updates,JM Financial Limited has informed the Exchange regarding Analysts/Institutional Investor Meet/Con. Call Updates
07-Apr-2018 16:31:00,Analysts/Institutional Investor Meet/Con. Call Updates,JM Financial Limited has informed the Exchange regarding Analysts/Institutional Investor Meet/Con. Call Updates
05-Apr-2018 19:42:00,Analysts/Institutional Investor Meet/Con. Call Updates,JM Financial Limited has informed the Exchange regarding Analysts/Institutional Investor Meet/Con. Call Updates
04-Apr-2018 17:14:00,Disc. under Reg.30 of SEBI (SAST) Reg.2011,J.M. Financial & Investment Consultancy Services Private Limited has submitted to the Exchange a copy of disclosure under Regulation 30(1) and 30(2) of SEBI (Substantial Acquisition of Shares & Takeov
28-Mar-2018 19:31:00,Updates,"JM Financial Limited has informed the Exchange regarding 'In continuation of our earlier letters dated October 20, 2016, November 15, 2016 and December 5, 2016 (copies enclosed for your ready referenc"
16-Mar-2018 19:31:00,Analysts/Institutional Investor Meet/Con. Call Updates,JM Financial Limited has informed the Exchange regarding Analysts/Institutional Investor Meet/Con. Call Updates
15-Mar-2018 18:41:00,Allotment of ESOP/ESPS,JM Financial Limited has informed the Exchange regarding allotment of  83085 Equity Shares under ESOP
14-Mar-2018 20:15:00,Acquisition,"JM Financial Limited has informed the Exchange regarding Disclosure under Regulation 30 of SEBI ( Listing Obligations and Disclosure Requirements) regulations, 2015."
12-Mar-2018 18:49:00,Analysts/Institutional Investor Meet/Con. Call Updates,JM Financial Limited has informed the Exchange regarding Analysts/Institutional Investor Meet/Con. Call Updates
28-Feb-2018 18:43:00,Updates,JM Financial Limited has informed the Exchange regarding 'Sub: Update in respect of a subsidiary companySecurity Symbol: JMFINANCILWe wish to inform you that JM Financial Asset Reconstruction Company 
14-Feb-2018 16:53:00,Analysts/Institutional Investor Meet/Con. Call Updates,JM Financial Limited has informed the Exchange regarding Analysts/Institutional Investor Meet/Con. Call Updates
06-Feb-2018 14:44:00,Allotment of Securities,"JM Financial Limited has informed the Exchange regarding allotment of 40122706 securities pursuant to Qualified Institution Placement at its meeting held on February 06, 2018"
02-Feb-2018 11:39:00,Qualified Institutional Placement,"JM Financial Limited has submitted to the  the Exchange a certified true copy of the resolution passed by the Committee at its meeting held on February 2, 2018 ."
02-Feb-2018 09:55:00,Committee Meeting Updates,"JM Financial Limited has informed the Exchange regarding Outcome of Committee Meeting held on February 02, 2018."
30-Jan-2018 22:39:00,Committee Meeting Updates,"JM Financial Limited has informed the Exchange regarding Committee Meeting to be held on February 02, 2018."
30-Jan-2018 20:27:00,Committee Meeting Updates,"JM Financial Limited has informed the Exchange regarding Committee Meeting to be held on February 02, 2018."
30-Jan-2018 19:47:00,Qualified Institutional Placement,"JM Financial Limited has informed the Exchange regarding Qualified Institutions placement of equity shares of face value of INR1 each ( the ""Equity Shares"") by JM Financial Limited ( the ""Company"") un"
30-Jan-2018 18:00:00,Committee Meeting Updates,"JM Financial Limited has informed the Exchange regarding Outcome of Committee Meeting held on January 30, 2018."
30-Jan-2018 17:17:00,Updates,JM Financial Limited has informed the Exchange regarding 'We wish to inform you that the Directors of the Company vide a circular resolution passed today have approved the unaudited special purpose in
29-Jan-2018 22:48:00,Shareholders meeting,"JM Financial Limited has submitted the Exchange a copy Srutinizers report of  Postal Ballot. Further, the company has informed the Exchange regarding voting results."
29-Jan-2018 18:26:00,Updates,"JM Financial Limited has informed the Exchange regarding 'We refer to our intimation to the exchange regarding outcome of the Board Meeting - Fund raising. In this connection, we request you read the "
27-Jan-2018 17:50:00,Analysts/Institutional Investor Meet/Con. Call Updates,JM Financial Limited has informed the Exchange regarding Analysts/Institutional Investor Meet/Con. Call Updates
20-Jan-2018 21:08:00,Investor Presentation,JM Financial Limited has informed the Exchange regarding Investor Presentation.Pursuant to Regulation 30 of the Securities and Exchange Board of India (Listing Obligations and Disclosure Requirements)
19-Jan-2018 20:33:00,Allotment of ESOP/ESPS,JM Financial Limited has informed the Exchange regarding allotment of  86717 Equity Shares under ESOP
19-Jan-2018 20:29:00,Updates,"JM Financial Limited has informed the Exchange regarding 'Further to our letter dated December 15, 2017 (copy enclosed for your ready reference), we wish to inform you that the order of Hon��ble Natio"
19-Jan-2018 15:39:00,Record Date,"JM Financial Limited has informed the Exchange that the Company has fixed Record Date as February 1, 2018 for the purpose of Interim dividend"
19-Jan-2018 15:21:00,Dividend,"JM Financial Limited has informed the Exchange that the Board of Directors of the Company at its meeting held on January 19, 2018 has declared an interim dividend of Re. 0.70 per share for the financi"
19-Jan-2018 15:11:04,Financial Result Updates,"JM Financial Limited has submitted to the Exchange, the financial results for the period ended December 31, 2017."
04-Jan-2018 20:18:00,Analysts/Institutional Investor Meet/Con. Call Updates,JM Financial Limited has informed the Exchange regarding Analysts/Institutional Investor Meet/Con. Call Updates
03-Jan-2018 18:32:00,Analysts/Institutional Investor Meet/Con. Call Updates,JM Financial Limited has informed the Exchange regarding Analysts/Institutional Investor Meet/Con. Call Updates
01-Jan-2018 19:02:00,Shareholders meeting,JM Financial Limited has informed the Exchange regarding Notice of Postal Ballot
19-Dec-2017 19:40:00,Updates,"JM Financial Limited has informed the Exchange regarding 'Further to our letter dated May 9, 2016, a copy whereof is enclosed for your reference, we wish to inform you that pursuant to further issues "
18-Dec-2017 20:46:00,Allotment of ESOP/ESPS,JM Financial Limited has informed the Exchange regarding allotment of  216743 Equity Shares under ESOP
18-Dec-2017 16:41:00,Outcome of Board Meeting,"JM Financial Limited has informed the Exchange regarding Outcome of Board Meeting held on December 18, 2017."
15-Dec-2017 11:19:00,Updates,JM Financial Limited has informed the Exchange regarding 'Update on Scheme of Amalgamation : Pursuant to Regulation 30 of Securities and Exchange Board of India (Listing Obligations and Disclosure Req
13-Dec-2017 19:35:00,Analysts/Institutional Investor Meet/Con. Call Updates,JM Financial Limited has informed the Exchange regarding Analysts/Institutional Investor Meet/Con. Call Updates
08-Dec-2017 18:36:00,Analysts/Institutional Investor Meet/Con. Call Updates,JM Financial Limited has informed the Exchange regarding Analysts/Institutional Investor Meet/Con. Call Updates
05-Dec-2017 17:07:00,Analysts/Institutional Investor Meet/Con. Call Updates,JM Financial Limited has informed the Exchange regarding Analysts/Institutional Investor Meet/Con. Call Updates
24-Nov-2017 19:13:00,Analysts/Institutional Investor Meet/Con. Call Updates,JM Financial Limited has informed the Exchange regarding Analysts/Institutional Investor Meet/Con. Call Updates
24-Nov-2017 12:19:00,Updates,JM Financial Limited has informed the Exchange regarding 'Update on subsidiary companyPursuant to Regulation 30 of the Securities and Exchange Board of India (Listing Obligations and Disclosure Requir
17-Nov-2017 18:46:00,Analysts/Institutional Investor Meet/Con. Call Updates,JM Financial Limited has informed the Exchange regarding Analysts/Institutional Investor Meet/Con. Call Updates
06-Nov-2017 19:38:00,Analysts/Institutional Investor Meet/Con. Call Updates,JM Financial Limited has informed the Exchange regarding Analysts/Institutional Investor Meet/Con. Call Updates
30-Oct-2017 17:20:00,Investor Presentation,JM Financial Limited has informed the Exchange regarding Investor Presentation
16-Oct-2017 14:14:43,Financial Result Updates,"JM Financial Limited has submitted to the Exchange, the financial results for the period ended September 30, 2017."
12-Oct-2017 19:19:00,Analysts/Institutional Investor Meet/Con. Call Updates,JM Financial Limited has informed the Exchange regarding Analysts/Institutional Investor Meet/Con. Call Updates
12-Oct-2017 19:03:00,Analysts/Institutional Investor Meet/Con. Call Updates,JM Financial Limited has informed the Exchange regarding Analysts/Institutional Investor Meet/Con. Call Updates
27-Sep-2017 18:50:00,Allotment of ESOP/ESPS,JM Financial Limited has informed the Exchange regarding allotment of  303597 Equity Shares under ESOP
26-Sep-2017 18:46:00,Shareholders meeting,"JM Financial Limited has submitted the Exchange a copy Srutinizers report of  Court Convened General Meeting held on September 25, 2017. Further, the company has informed the Exchange regarding voting"
26-Sep-2017 16:11:00,Shareholders meeting,"JM Financial Limited has informed the Exchange regarding Proceedings of Court Convened General Meeting held on September 25, 2017"
25-Sep-2017 20:06:00,Shareholders meeting,"JM Financial Limited has submitted the Exchange a copy Srutinizers report of  Postal Ballot. Further, the company has informed the Exchange regarding voting results."
20-Sep-2017 17:22:00,Analysts/Institutional Investor Meet/Con. Call Updates,JM Financial Limited has informed the Exchange regarding Analysts/Institutional Investor Meet/Con. Call Updates
14-Sep-2017 16:59:00,Updates,"JM Financial Limited has informed the Exchange regarding 'Update on disclosure made by the Company on September 1, 2017'."
04-Sep-2017 08:53:00,Acquisition,"JM Financial Limited has informed the Exchange that JM Financial Products Limited (JM Financial Products), a subsidiary of the Company, has on September 01,2017 executed the agreement(s) to acquire eq"
01-Sep-2017 20:48:00,Analysts/Institutional Investor Meet/Con. Call Updates,JM Financial Limited has informed the Exchange regarding Analysts/Institutional Investor Meet/Con. Call Updates
23-Aug-2017 17:24:00,Shareholders meeting,"JM Financial Limited has informed the Exchange regarding Notice of Court Convened General Meeting to be held on September 25, 2017"
23-Aug-2017 17:20:00,Shareholders meeting,JM Financial Limited has informed the Exchange regarding Notice of Postal Ballot
22-Aug-2017 11:17:00,Analysts/Institutional Investor Meet/Con. Call Updates,JM Financial Limited has informed the Exchange regarding Analysts/Institutional Investor Meet/Con. Call Updates
21-Aug-2017 13:48:00,Analysts/Institutional Investor Meet/Con. Call Updates,JM Financial Limited has informed the Exchange regarding Analysts/Institutional Investor Meet/Con. Call Updates
02-Aug-2017 14:38:00,Analysts/Institutional Investor Meet/Con. Call Updates,JM Financial Limited has informed the Exchange regarding Analysts/Institutional Investor Meet/Con. Call Updates
01-Aug-2017 13:03:00,Analysts/Institutional Investor Meet/Con. Call Updates,JM Financial Limited has informed the Exchange regarding Analysts/Institutional Investor Meet/Con. Call Updates
27-Jul-2017 20:14:00,Analysts/Institutional Investor Meet/Con. Call Updates,JM Financial Limited has informed the Exchange regarding Analysts/Institutional Investor Meet/Con. Call Updates
26-Jul-2017 16:04:00,Shareholders meeting,"JM Financial Limited has submitted the Exchange a copy Srutinizers report of  Annual General Meeting held on July 24, 2017. Further, the company has informed the Exchange regarding voting results."
25-Jul-2017 17:59:00,Shareholders meeting,"JM Financial Limited has informed the Exchange regarding Proceedings of Annual General Meeting held on July 24, 2017"
24-Jul-2017 20:09:00,Allotment of ESOP/ESPS,JM Financial Limited has informed the Exchange regarding allotment of  278244 Equity Shares under ESOP
24-Jul-2017 15:38:49,Financial Result Updates,"JM Financial Limited has submitted to the Exchange, the financial results for the period ended June 30, 2017."
19-Jul-2017 08:21:00,Updates,"JM Financial Limited has informed the Exchange regarding update on disclosure made by company on March 30, 2017 under Regulation 30 of SEBI (Listing Obligations and Disclosure Requirements) Regulation"
10-Jul-2017 16:11:00,Analysts/Institutional Investor Meet/Con. Call Updates,JM Financial Limited has informed the Exchange regarding Analysts/Institutional Investor Meet/Con. Call Updates
07-Jul-2017 16:26:00,Updates,JM Financial Limited has informed the Exchange regarding Updates in respect of a subsidiary company.
06-Jul-2017 12:00:00,Analysts/Institutional Investor Meet/Con. Call Updates,JM Financial Limited has informed the Exchange regarding Analysts/Institutional Investor Meet/Con. Call Updates
29-Jun-2017 18:30:00,Allotment of ESOP/ESPS,JM Financial Limited has informed the Exchange regarding allotment of  421434 Equity Shares under ESOP
29-Jun-2017 08:23:00,Shareholders meeting,"JM Financial Limited has informed the Exchange regarding Notice of Annual General Meeting to be held on July 24, 2017 along with Annual Report."
23-Jun-2017 20:50:00,Analysts/Institutional Investor Meet/Con. Call Updates,JM Financial Limited has informed the Exchange regarding Analysts/Institutional Investor Meet/Con. Call Updates
22-Jun-2017 19:33:00,Analysts/Institutional Investor Meet/Con. Call Updates,JM Financial Limited has informed the Exchange regarding Analysts/Institutional Investor Meet/Con. Call Updates
08-Jun-2017 20:07:00,Analysts/Institutional Investor Meet/Con. Call Updates,JM Financial Limited has informed the Exchange regarding Analysts/Institutional Investor Meet/Con. Call Updates
30-May-2017 19:24:00,Analysts/Institutional Investor Meet/Con. Call Updates,JM Financial Limited has informed the Exchange regarding Analysts/Institutional Investor Meet/Con. Call Updates
18-May-2017 20:32:00,Analysts/Institutional Investor Meet/Con. Call Updates,JM Financial Limited has informed the Exchange regarding Analysts/Institutional Investor Meet/Con. Call Updates
12-May-2017 19:01:00,Analysts/Institutional Investor Meet/Con. Call Updates,JM Financial Limited has informed the Exchange regarding Analysts/Institutional Investor Meet/Con. Call Updates
08-May-2017 21:18:00,Analysts/Institutional Investor Meet/Con. Call Updates,JM Financial Limited has informed the Exchange regarding Analysts/Institutional Investor Meet/Con. Call Updates
05-May-2017 20:43:00,Analysts/Institutional Investor Meet/Con. Call Updates,JM Financial Limited has informed the Exchange regarding Analysts/Institutional Investor Meet/Con. Call Updates
03-May-2017 13:44:00,Book Closure Updates,"JM Financial Limited had informed the Exchange that the Register of Members and Share Transfer Books of the Company shall remain closed from May 15, 2017 to May 19, 2017 for the purpose of determining"
03-May-2017 10:03:00,Book Closure,"JM Financial Limited has informed the Exchange that the Register of Members and Share Transfer Books of the Company shall remain closed from May 15, 2017 to May 19, 2017 for the purpose of determining"
03-May-2017 08:15:00,Updates,"JM Financial Limited has informed the Exchange that the Board of Directors of the Company at its meeting held on May 03, 2017 has accorded its approval to the Composite Scheme of Amalgamation and Arra"
02-May-2017 20:14:00,Allotment of ESOP/ESPS,JM Financial Limited has informed the Exchange regarding allotment of  1842618 Equity Shares under ESOP
02-May-2017 18:03:00,Outcome of Board Meeting,"JM Financial Limited has informed the Exchange that the Board of Directors of the Company at its meeting held on May 02, 2017 has decided to convene the Annual General Meeting on July 24, 2017."
02-May-2017 18:01:00,Dividend,"JM Financial Limited has informed the Exchange that  the Board of Directors its meeting held on May 02, 2017, has recommended a final dividend of Re 0.85 per share for the year ended March 31, 2017. T"
02-May-2017 17:54:39,Financial Result Updates,"JM Financial Limited has submitted to the Exchange, the financial results for the period ended March 31, 2017."
27-Apr-2017 19:07:00,Analysts/Institutional Investor Meet/Con. Call Updates,JM Financial Limited has informed the Exchange regarding Analysts/Institutional Investor Meet/Con. Call Updates
24-Apr-2017 16:53:00,Updates,"JM Financial Limited has informed the Exchange that the Board of Directors of JM Financial Asset Management Limited, a subsidiary of JM Financial Limited, at its meeting held April 24, 2017, has appro"
21-Apr-2017 08:49:00,ESOPs/ESOS/ESPS,"JM Financial Limited has informed the Exchange that the Nomination and Remuneration Committee of the Board of the Company at its meeting held April 20, 2017 has approved the grant of 23,19,636 options"
08-Apr-2017 13:35:00,Disc. under Reg.30 of SEBI (SAST) Reg.2011,JM Financial & Investment Consultancy Services Private Limited has submitted to the Exchange a copy of disclosure under Regulation 30(1) and 30(2) of SEBI (Substantial Acquisition of Shares & Takeover
07-Apr-2017 23:32:00,Analysts/Institutional Investor Meet/Con. Call Updates,JM Financial Limited has informed the Exchange regarding Analysts/Institutional Investor Meet/Con. Call Updates
06-Apr-2017 20:13:00,Analysts/Institutional Investor Meet/Con. Call Updates,JM Financial Limited has informed the Exchange regarding Analysts/Institutional Investor Meet/Con. Call Updates
05-Apr-2017 21:21:00,Analysts/Institutional Investor Meet/Con. Call Updates,JM Financial Limited has informed the Exchange regarding Analysts/Institutional Investor Meet/Con. Call Updates
31-Mar-2017 19:49:00,Analysts/Institutional Investor Meet/Con. Call Updates,JM Financial Limited has informed the Exchange regarding Analysts/Institutional Investor Meet/Con. Call Updates
30-Mar-2017 12:57:00,Acquisition,"JM Financial Limited has informed the Exchange that JM Financial Investment Managers Limited ( JM Financial Investment Managers ), a subsidiary of the Company, has executed the share purchase agreemen"
22-Mar-2017 17:23:00,Allotment of ESOP/ESPS,JM Financial Limited has informed the Exchange regarding allotment of  775326 Equity Shares under ESOP
16-Mar-2017 19:28:00,Analysts/Institutional Investor Meet/Con. Call Updates,JM Financial Limited has informed the Exchange regarding Analysts/Institutional Investor Meet/Con. Call Updates
08-Mar-2017 20:29:00,Investor Presentation,JM Financial Limited has informed the Exchange regarding Investor Presentation
08-Mar-2017 20:12:00,Analysts/Institutional Investor Meet/Con. Call Updates,JM Financial Limited has informed the Exchange regarding Analysts/Institutional Investor Meet/Con. Call Updates
20-Feb-2017 19:19:00,Analysts/Institutional Investor Meet/Con. Call Updates,JM Financial Limited has informed the Exchange regarding Analysts/Institutional Investor Meet/Con. Call Updates
15-Feb-2017 20:21:00,Analysts/Institutional Investor Meet/Con. Call Updates,JM Financial Limited has informed the Exchange regarding Analysts/Institutional Investor Meet/Con. Call Updates
14-Feb-2017 20:39:00,Analysts/Institutional Investor Meet/Con. Call Updates,JM Financial Limited has informed the Exchange regarding Analysts/Institutional Investor Meet/Con. Call Updates
13-Feb-2017 19:43:00,Analysts/Institutional Investor Meet/Con. Call Updates,JM Financial Limited has informed the Exchange regarding Analysts/Institutional Investor Meet/Con. Call Updates
10-Feb-2017 18:56:00,Analysts/Institutional Investor Meet/Con. Call Updates,JM Financial Limited has informed the Exchange regarding Analysts/Institutional Investor Meet/Con. Call Updates
08-Feb-2017 15:18:00,Analysts/Institutional Investor Meet/Con. Call Updates,JM Financial Limited has informed the Exchange regarding Analysts/Institutional Investor Meet/Con. Call Updates
02-Feb-2017 19:56:00,Analysts/Institutional Investor Meet/Con. Call Updates,JM Financial Limited has informed the Exchange regarding Analysts/Institutional Investor Meet/Con. Call Updates
23-Jan-2017 15:29:00,Record Date,"JM Financial Limited has informed the Exchange that the Company has fixed Record Date as February 3, 2017 for the purpose of interim dividend"
23-Jan-2017 15:26:00,Dividend,"JM Financial Limited has informed the Exchange that the Board of Directors of the Company at its meeting held on January 23, 2017 has declared an interim dividend of Re. 0.65 per share for the financi"
23-Jan-2017 15:24:20,Financial Result Updates,"JM Financial Limited has submitted to the Exchange, the financial results for the period ended December 31, 2016."
06-Jan-2017 19:24:00,Analysts/Institutional Investor Meet/Con. Call Updates,JM Financial Limited has informed the Exchange regarding Analysts/Institutional Investor Meet/Con. Call Updates
22-Dec-2016 18:10:00,Analysts/Institutional Investor Meet/Con. Call Updates,JM Financial Limited has informed the Exchange regarding Analysts/Institutional Investor Meet/Con. Call Updates
20-Dec-2016 19:53:00,Allotment of ESOP/ESPS,JM Financial Limited has informed the Exchange regarding allotment of  1925358 Equity Shares under ESOP
16-Dec-2016 19:06:00,Analysts/Institutional Investor Meet/Con. Call Updates,JM Financial Limited has informed the Exchange regarding Analysts/Institutional Investor Meet/Con. Call Updates
14-Dec-2016 20:54:00,Analysts/Institutional Investor Meet/Con. Call Updates,JM Financial Limited has informed the Exchange regarding Analysts/Institutional Investor Meet/Con. Call Updates
06-Dec-2016 20:11:00,Analysts/Institutional Investor Meet/Con. Call Updates,JM Financial Limited has informed the Exchange regarding Analysts/Institutional Investor Meet/Con. Call Updates
06-Dec-2016 08:17:00,Updates,"JM Financial Limited has informed the Exchange that JM Financial Products Limited, a subsidiary of the Company, on December 2, 2016, has acquired further 15,05,650 equity shares of India Home Loan Lim"
05-Dec-2016 21:33:00,Analysts/Institutional Investor Meet/Con. Call Updates,JM Financial Limited has informed the Exchange regarding Analysts/Institutional Investor Meet/Con. Call Updates
05-Dec-2016 20:01:00,Updates,"JM Financial Limited has informed the Exchange regarding Update on Disclosure made by the Company on October 20, 2016 and November 15, 2016."
02-Dec-2016 19:57:00,Analysts/Institutional Investor Meet/Con. Call Updates,JM Financial Limited has informed the Exchange regarding Analysts/Institutional Investor Meet/Con. Call Updates
24-Nov-2016 17:55:00,Analysts/Institutional Investor Meet/Con. Call Updates,JM Financial Limited has informed the Exchange regarding Analysts/Institutional Investor Meet/Con. Call Updates
23-Nov-2016 14:54:00,Analysts/Institutional Investor Meet/Con. Call Updates,JM Financial Limited has informed the Exchange regarding Analysts/Institutional Investor Meet/Con. Call Updates
16-Nov-2016 20:07:00,Analysts/Institutional Investor Meet/Con. Call Updates,JM Financial Limited has informed the Exchange regarding Analysts/Institutional Investor Meet/Con. Call Updates
15-Nov-2016 20:11:00,Updates,"JM Financial Limited has informed the Exchange regarding Update on disclosure made by the Company on October 20, 2016."
11-Nov-2016 20:43:00,Analysts/Institutional Investor Meet/Con. Call Updates,JM Financial Limited has informed the Exchange regarding Analysts/Institutional Investor Meet/Con. Call Updates
04-Nov-2016 19:06:00,Analysts/Institutional Investor Meet/Con. Call Updates,JM Financial Limited has informed the Exchange regarding Analysts/Institutional Investor Meet/Con. Call Updates
28-Oct-2016 19:08:00,ESOPs/ESOS/ESPS,"JM Financial Limited has informed the Exchange regarding Allotment of Equity Shares arising out of the exercise of Options under Employees Stock Option Scheme Series 3, Series 7 and Series 8"
28-Oct-2016 15:34:43,Financial Result Updates,"JM Financial Limited has submitted to the Exchange, the financial results for the period ended September 30, 2016."
24-Oct-2016 18:26:00,Analysts/Institutional Investor Meet/Con. Call Updates,JM Financial Limited has informed the Exchange regarding Analysts' Conference Call.
24-Oct-2016 15:56:00,Reply to Clarification Sought,"JMFINANCIL:The Exchange had sought clarification from JM Financial Limited with respect to announcement dated 21-Oct-2016, regarding ""JM Financial Limited has informed the Exchange that JM Financial P"
22-Oct-2016 10:33:00,Registrar & Share Transfer Agent Update,JM Financial Limited has informed the Exchange that the Agreement containing the terms and conditions of the appointment of Karvy Computershare Private Limited ('Karvy') has been executed between the 
21-Oct-2016 15:08:00,Clarification,"JMFINANCIL:The Exchange has sought clarification from JM Financial Limited with respect to announcement dated 21-Oct-2016, regarding ""JM Financial Limited has informed the Exchange that JM Financial P"
21-Oct-2016 08:24:00,Updates,"JM Financial Limited has informed the Exchange that JM Financial Products Limited (JM Financial Products), a subsidiary of the Company, has on October 20, 2016 executed the agreement(s) to acquire equ"
07-Oct-2016 16:32:00,Analysts/Institutional Investor Meet/Con. Call Updates,"JM Financial Limited has informed the Exchange regarding disclosure under Regulation 30 of the SEBI (Listing Obligations and Disclosure Requirement), Regulations, 2015 with respect to investor meet."
30-Sep-2016 17:12:00,Updates,"JM Financial Limited has informed the Exchange that JM Financial Asset Reconstruction Company Private Ltd, has become a subsidiary of JM Financial Limited with effect from September 30, 2016.The Share"
24-Sep-2016 14:43:00,ESOPs/ESOS/ESPS,"JM Financial Limited has informed the Exchange regarding Allotment of Equity Shares arising out of the exercise of Options under Employees' Stock Option Scheme-Series 3, Series 5, Series 6, Series 7 a"
24-Aug-2016 19:35:00,ESOPs/ESOS/ESPS,"JM Financial Limited has informed the Exchange regarding ""Allotment of Equity Shares arising out of the exercise of Options under Employees Stock Option Scheme - Series 3, Series 5, Series 6, Series 7"
03-Aug-2016 20:09:00,"Regulation 44(3) of SEBI (LODR), Reg., 2015","JM Financial Limited has submitted to the Exchange a Copy of Summary of proceedings and the details of voting results of the Annual General Meeting of the Company held on August 02, 2016 along with th"
02-Aug-2016 15:47:00,Appointment of Managing Director,JM Financial Limited has informed the Exchange regarding Appointment of Mr. Vishal Kampani as Managing Director of the Company.
02-Aug-2016 15:32:00,Press Release,"JM Financial Limited has informed the Exchange regarding a press release dated August 2, 2016 titled ""JM Financial s consolidated revenue is up YoY by 24% and consolidated net profit up by 19% for the"
02-Aug-2016 15:27:30,Financial Result Updates,"JM Financial Limited has submitted to the Exchange the standalone & consolidated financial results along with the Limited Review Report for the period ended June 30, 2016."
14-Jul-2016 20:08:00,ESOPs/ESOS/ESPS,"JM Financial Limited has informed the Exchange regarding Allotment of Equity Shares arising out of the exercise of Options under Employees Stock Option Scheme Series 4, Series 5, Series 6, Series 7 an"
11-Jul-2016 20:04:00,Reply to Clarification Sought,"The Exchange has sought clarification from JM Financial Limited with respect to announcement dated 09-May-2016, regarding ""JM Financial Limited has informed the Exchange that JM Financial Products Lim"
01-Jul-2016 19:51:00,Annual General Meeting Updates,"JM Financial Limited has submitted to the Exchange a copy of notice of Annual General Meeting of the members of the company to be held on August 02, 2016."
01-Jul-2016 19:40:00,Updates,JM Financial Limited has informed the Exchange regarding Annual Report 2015-16.
07-Jun-2016 10:28:00,Clarification,"JMFINANCIL:The Exchange has sought clarification from JM Financial Limited with respect to announcement dated 09-May-2016, regarding ""JM Financial Limited has informed the Exchange that JM Financial P"
13-May-2016 15:48:00,Book Closure,"JM Financial Limited has informed the Exchange that the Register of Members & Share Transfer Books of the Company will remain closed from May 25, 2016 to May 27, 2016 for the purpose of Dividend."
13-May-2016 15:23:33,Financial Result Updates,"JM Financial Limited has submitted to the Exchange the standalone & consolidated financial results along with the Auditors Report for the period ended March 31, 2016."
13-May-2016 14:59:00,Annual General Meeting Updates,"JM Financial Limited has informed the Exchange that the Company decided to convene the Annual General Meeting on August 02, 2016."
13-May-2016 14:57:00,Press Release,"JM Financial Limited has informed the Exchange regarding a press release dated May 13, 2016 with respect to the Audited Financial results for the year ended March 31, 2016 along with investor presenta"
13-May-2016 14:54:00,Dividend,"JM Financial Limited has informed the Exchange that the Board of Directors its meeting held on May 13, 2016, has recommended a final dividend of Re 0.85 per share for the year ended March 31, 2016. Th"
13-May-2016 14:51:25,Financial Result Updates,"JM Financial Limited has submitted to the Exchange the standalone & consolidated financial results along with the Auditors Report for the period ended March 31, 2016."
12-May-2016 20:59:00,ESOPs/ESOS/ESPS,JM Financial Limited has informed the Exchange that Grant of Stock Options to Eligible Employees.
12-May-2016 20:54:00,Allotment of Securities,"JM Financial Limited has informed the Exchange regarding Allotment of Equity Shares arising out of the exercise of options under Employees Stock Option Scheme - Series 5, Series 6, Series 7 and Series"
09-May-2016 20:38:00,Updates,"JM Financial Limited has informed the Exchange that JM Financial Products Limited, a subsidiary of the Company, has on May 09, 2016 executed the Agreement to acquire securities  representing upto 9.84"
09-May-2016 16:56:00,Analysts Meet,"JM Financial Limited has informed the Exchange regarding Intimation of Analysts' Conference Call to be held on May 16, 2016."
03-May-2016 08:40:00,Registrar & Share Transfer Agent Update,"JM Financial Limited has informed the Exchange vide letter dated May 02, 2016 regarding Change of Registrars and Share Transfer Agents."
22-Apr-2016 15:48:00,Trading Window,"JM Financial Limited has informed the Exchange that the window for trading in equity shares of the Company will remain closed from April 22, 2016 to May 17, 2016. The trading window shall re-open from"
13-Apr-2016 18:18:00,Disc. under Reg.30 of SEBI (SAST) Reg.2011,"J.M. Financial & Investment Consultancy Services Private Limited has submitted to the Exchange vide letter dated April 7, 2016 a copy of disclosure under Regulation 30(1) and 30(2) of SEBI (Substantia"
30-Mar-2016 08:25:00,Outcome of Board Meeting,"JM Financial Limited has informed the Exchange regarding Outcome of Board Meeting of the Company held on March 29, 2016."
29-Mar-2016 19:49:00,ESOPs/ESOS/ESPS,"JM Financial Limited has informed the Exchange regarding Allotment of Equity Shares arising out of the exercise of Options under Employees' Stock Option Scheme-Series 5, Series 06 and Series 7."
05-Feb-2016 16:22:00,ESOPs/ESOS/ESPS,"JM Financial Limited has informed the Exchange that the Allotment Committee of the Board, at its meeting held on February 05, 2016 has allotted 87,107 equity shares of the face value of Re. 1/- (Rupee"
03-Feb-2016 17:13:00,Record Date,"JM Financial Limited has informed the Exchange that the Company has fixed Record Date as February 13, 2016 for the purpose of interim dividend"
03-Feb-2016 16:32:00,Outcome of Board Meeting,"JM Financial Limited has informed the Exchange regarding the Outcome of Board Meeting held on February 03, 2016 along with press release together with corporate presentation."
03-Feb-2016 16:28:00,Dividend,"JM Financial Limited has informed the Exchange that the Board of Directors of the Company at its meeting held on February 03, 2016 has declared an interim dividend of Re. 0.60 per share for the financ"
03-Feb-2016 16:22:50,Financial Result Updates,"JM Financial Limited has submitted to the Exchange the standalone & consolidated financial results along with the Limited Review Report for the period ended December 31, 2015."
12-Jan-2016 19:18:00,Trading Window,"JM Financial Limited has informed the Exchange that the window for trading in equity shares of the Company will remain closed from January 13, 2016 to February 5, 2016. The trading window shall re-ope"
11-Dec-2015 16:18:00,Updates,"JM Financial Limited has informed the Exchange about the Intimation under Regulation 30(5) of the SEBI (Listing Obligation and Disclosure Requirements) Regulations, 2015"
11-Dec-2015 16:16:00,Allotment of Securities,"JM Financial Limited has informed the Exchange that the Allotment Committee of the Board, at its meeting held on December 11, 2015, has allotted 23,012 equity shares of the face value of Re. 1/- (Rupe"
09-Dec-2015 17:05:00,Updates,"JM Financial Limited has informed the Exchange regarding ""Corporate Presentation December 2015""."
29-Oct-2015 15:37:00,Press Release,"JM Financial Limited has informed the Exchange regarding a press release dated October 29, 2015 titled ""JM Financial reports consolidated profit up by 34 % for the Q2 FY 16."" along with corporate Pres"
29-Oct-2015 15:31:13,Financial Result Updates,JM Financial Limited has submitted to the exchange the standalone & consolidated financial results along with the Limited Review Report for the period ended 30-Sep-2015.
12-Oct-2015 15:29:00,Trading Window,"JM Financial Limited has informed the Exchange that the trading window for dealing in the equity shares of the Company will remain closed from October 12, 2015 to November 2, 2015. The Trading Window "
22-Sep-2015 18:35:00,Allotment of Securities,"JM Financial Limited has informed the Exchange that Allotment Committee of the Board, at its meeting held on September 22, 2015, has allotted 1,07,492 equity shares of the face value of Re. 1/- (Rupee"
17-Aug-2015 13:00:00,Updates,"JM Financial Limited has informed the Exchange that JM Financial Institutional Securities Limited, a Wholly Owned Subsidiary (WOS) of JM Financial Limited, has entered into a Memorandum of Understandi"
01-Aug-2015 11:08:00,Disclosure of Voting Pattern - Clause 35A,"JM Financial Limited has informed the Exchange regarding the results of Voting at Annual General Meeting held on July 30, 2015 along with the Scrutinizers Report, pursuant to clause 35A of the Listing"
30-Jul-2015 19:21:00,Allotment of Securities,"JM Financial Limited has informed the Exchange that the allotment committee of the board at its meeting held on July 30, 2015 has Allotted 337985 equity shares of the face value of Re.1/-(Rupee One On"
30-Jul-2015 16:26:00,Press Release,"JM Financial Limited has informed the Exchange rearding the press release w.r.t financial results for the quarter ended June 30, 2015 and the corporate presentation which is being uploaded on the webs"
30-Jul-2015 16:09:54,Financial Result Updates,JM Financial Limited has submitted to the exchange the standalone & consolidated financial results along with the Limited Review Report for the period ended 30-Jun-2015.
10-Jul-2015 10:11:00,Trading Window,"JM Financial Limited has informed the Exchange that the trading window for dealing in the equity shares of the Company will remain closed from July 10, 2015 to August 3, 2015. The Trading Window shall"
30-May-2015 14:45:00,Date of payment of dividend,"JM Financial Limited has informed the Exchange that dividend, if declared at the ensuing Annual General Meeting will be paid on and from August 1, 2015."
30-May-2015 11:42:00,Book Closure,"JM Financial Limited has informed the Exchange that the Register of Members and Share Transfer Books of the Company shall remain closed from June 10, 2015 to June 12, 2015 (both days inclusive) for th"
29-May-2015 18:45:00,"Code of Conduct under SEBI(PIT) Reg., 2015",JM Financial Limited has informed the Exchange regarding Intimation under SEBI (Prohibition of Insider Trading ) Regulations 2015. 
29-May-2015 18:17:00,Dividend,"JM Financial Limited has informed the Exchange that the Board of Directors its meeting held on May 29, 2015, has recommended a final dividend of Re 0.80 per share for the year ended March 31, 2015."
29-May-2015 18:17:00,Annual General Meeting Updates,"JM Financial Limited has informed the Exchange that the Board of Directors its meeting held on May 29, 2015, has decided to convene the Annual General Meeting on July 30, 2015."
29-May-2015 18:17:00,Press Release,"JM Financial Limited has informed the Exchange regarding Press Release dated May 29, 2015, titled ""JM Financial FY 15 consolidated revenue up by 39% to Rs.1,403 crore and consolidated profit up by 58 "
29-May-2015 18:07:02,Financial Result Updates,JM Financial Limited has submitted to the exchange the standalone & consolidated financial results for the period ended 31-Mar-2015.
29-May-2015 12:49:00,Allotment of Securities,"JM Financial Limited has informed the Exchange regarding allotment of Equity Shares arising out of the exercise of Options under Employees Stock Option Scheme Series 4, Series 5, Series 6 and Series 7"
13-May-2015 21:26:00,Allotment of Securities,"JM Financial Limited has informed the Exchange vide letter dated May 13, 2015 regarding the allotment of Equity Share arising out of the exercise of Options under Employees Stock Option Scheme - Serie"
05-May-2015 15:28:00,Trading Window,"JM Financial Limited has informed the Exchange that the trading window for dealing in the equity shares of the Company will remain closed from May 05, 2015 to June 02, 2015. The trading window shall r"
05-May-2015 15:22:00,Trading Window,"JM Financial Limited has informed the Exchange that the trading window for dealing in the equity shares of the Company will remain closed from May 5, 2015 to June 2, 2015. The trading window shall re-"
21-Apr-2015 16:37:00,Disc. under Reg.30 of SEBI (SAST) Reg.2011,"JM Financial & Investment Consultancy Services Private Limited has submitted to the Exchange vide letter dated April 07, 2015 a copy of disclosure under Regulation 30(1) and 30(2) of SEBI (Substantial"
17-Apr-2015 08:24:00,Allotment of Securities,"JM Financial Limited has informed the Exchange that the Allotment Committee of the Board, at its meeting held on April 16, 2015 has allotted 16,59,799 equity shares of the face value of Re.1/- each."
17-Apr-2015 08:22:00,ESOPs/ESOS/ESPS,"JM Financial Limited has informed the Exchange that the Nomination and Remuneration Committee of the Board of the Company at its meeting held on April 17, 2015 has approved the grant of 14,44,440 opti"
31-Mar-2015 19:17:00,Allotment of Securities,"JM Financial Limited has informed the Exchange regarding the Allotment of Equity Shares arising out of the exercise of Options under Employees Stock Option Scheme Series 4, Series 5 and Series 6."
31-Mar-2015 19:14:00,Appointment of Director,"JM Financial Limited has informed the Exchange that the Board of Directors of the Company at its meeting held on March 31, 2015 has appointed Ms. Jagi Mangat Panda as a Woman Director on the Board of "
19-Mar-2015 19:25:00,Allotment of Securities,"JM Financial Limited has informed the Exchange that the Allotment Committee of the Board, at its meeting held March 19, 2015, has allotted 39,610 equity shares of the face value of Re. 1/- (Rupec One "
28-Jan-2015 16:56:00,Date of payment of dividend,"JM Financial Limited has informed the Exchange that the interim dividend, will be paid on and from February 11, 2015."
28-Jan-2015 16:46:00,Record Date,"JM Financial Limited has informed the Exchange that the Company has fixed Record Date as February 7, 2015 for the purpose of determining the shareholders who would be eligible to receive Interim Divid"
28-Jan-2015 16:04:00,Press Release,"JM Financial Limited has informed the Exchange regarding a press release dated January 28, 2015, titled ""JM Financial's consolidated revenue is up by 65% and consolidated profit up by 97%  for the qua"
28-Jan-2015 16:03:02,Financial Result Updates,JM Financial Limited has submitted to the exchange the standalone & consolidated financial results along with the Limited Review Report for the period ended 31-Dec-2014.
28-Jan-2015 16:00:00,Dividend,"JM Financial Limited has informed the Exchange that the Board of Directors of the Company at its meeting held on January 28, 2015 has declared an interim dividend of Re. 0.55 per share for the financi"
20-Jan-2015 20:07:00,Allotment of Securities,"JM Financial Limited has informed the Exchange that the Allotment Committee of the Board at its meeting held on January 20, 2015 has allotted 57,449 Equity Shares arising out of the exercise of Option"
09-Jan-2015 18:15:00,Trading Window,"JM Financial Limited has informed the Exchange that the trading window for dealing in securities of the Company will remain closed from January 9, 2015 to January 29, 2015, in terms of the Company's C"
