date,desc,text
07-Jul-2026 15:50:05,"Certificate under SEBI (Depositories and Participants) Regulations, 2018","KEC International Limited has informed the Exchange about Certificate under SEBI (Depositories and Participants) Regulations, 2018"
03-Jul-2026 18:54:23,Giving guarantees/indemnity/ becoming a surety for third party,KEC International Limited has informed the Exchange about issuance of Corporate Guarantee on behalf of its subsidiary company
03-Jul-2026 17:51:56,General Updates,KEC International Limited has informed the Exchange about Intimation to shareholders holding shares in physical mode regarding furnishing of KYC and related details
29-Jun-2026 22:04:27,Bagging/Receiving of orders/contracts,"KEC International wins New Orders of Rs. 1,754 crores"
26-Jun-2026 21:30:45,General Updates,"Disclosure under Regulation 30 of the SEBI (Listing Obligations and Disclosure Requirements) Regulations, 2015"
26-Jun-2026 15:29:25,Trading Window,"KEC International Limited has informed the Exchange regarding the Trading Window closure pursuant to SEBI (Prohibition of Insider Trading) Regulations, 2015"
19-Jun-2026 14:09:39,Copy of Newspaper Publication,KEC International Limited has informed the Exchange about Copy of Newspaper Publication
09-Jun-2026 12:33:16,Disclosure under SEBI Takeover Regulations, Swallow Associates LLP has Submitted to the Exchange a copy of Disclosure under Regulation 31(4) of the Securities and Exchange Board of India (Substantial Acquisition of Shares and Takeovers) Regula
28-May-2026 18:24:39,Analysts/Institutional Investor Meet/Con. Call Updates,KEC International Limited has informed the Exchange about Schedule of meet
27-May-2026 10:52:22,Copy of Newspaper Publication,KEC International Limited has informed the Exchange about Notice to the shareholders intimating proposed transfer of equity shares of the Company to the Investor Education and Protection Fund Account.
26-May-2026 21:53:15,Bagging/Receiving of orders/contracts,"KEC International wins New Orders of Rs. 1,303 crores"
25-May-2026 21:49:59,Analysts/Institutional Investor Meet/Con. Call Updates,KEC International Limited has informed the Exchange about Presentation
21-May-2026 19:01:59,Analysts/Institutional Investor Meet/Con. Call Updates,KEC International Limited has informed the Exchange about Schedule of meet
21-May-2026 16:21:15,Analysts/Institutional Investor Meet/Con. Call Updates,KEC International Limited has informed the Exchange about Transcript
18-May-2026 17:14:12,Analysts/Institutional Investor Meet/Con. Call Updates,KEC International Limited has informed the Exchange about Link of Recording
18-May-2026 16:52:36,Copy of Newspaper Publication,KEC International Limited has informed the Exchange about Copy of Newspaper Publication regarding Audited Financial Results of the Company
16-May-2026 22:45:40,Updates,"KEC International Limited has informed the Exchange regarding 'Amendment to Code of Fair Disclosure, Internal Procedures and Conduct for Regulating, Monitoring and Reporting of Trading by Designated P"
16-May-2026 22:37:55,Investor Presentation,KEC International Limited has informed the Exchange about Investor Presentation
16-May-2026 22:35:16,Press Release,"KEC International Limited has informed the Exchange regarding a press release dated May 16, 2026, titled ""Financial Performance of the Company for the quarter and year ended March 31, 2026""."
16-May-2026 22:31:11,Amalgamation/Merger,"The Board of Directors of the Company approved a Scheme of Merger by Absorption of KEC Spur Infrastructure Private Limited, a wholly owned subsidiary, with the Company, subject to requisite approvals."
16-May-2026 22:11:03,Appointment,KEC International Limited has informed the Exchange regarding appointment of  M/s. Deloitte Haskins & Sells Chartered Accountants LLP as Statutory Auditors of the Company for a term of 5 consecutive y
16-May-2026 22:01:29,Dividend,"The Board of Directors of the Company recommended a Dividend of Rs. 5.50/- (Five Rupees Fifty Paisa Only) per equity share of Rs. 2/- each fully paid up i.e. 275% of face value, for the financial year"
16-May-2026 21:57:35,Outcome of Board Meeting,"The Audited Financial Results for the quarter and year ended March 31, 2026, along with the Auditor Reports of the Statutory Auditors are enclosed."
08-May-2026 16:50:12,Analysts/Institutional Investor Meet/Con. Call Updates,KEC International Limited has informed the Exchange about Schedule of meet
05-May-2026 17:50:04,Bagging/Receiving of orders/contracts,"KEC International wins New Orders of Rs. 1,002 crores"
27-Apr-2026 14:02:47,Change in Management,KEC International Limited has informed the Exchange about change in Senior Management Personnel
24-Apr-2026 18:38:49,Copy of Newspaper Publication,KEC International Limited has informed the Exchange about Copy of Newspaper Publication
10-Apr-2026 18:16:19,"Certificate under SEBI (Depositories and Participants) Regulations, 2018","KEC International Limited has informed the Exchange about Certificate under SEBI (Depositories and Participants) Regulations, 2018"
09-Apr-2026 20:12:11,General Updates,"Disclosure under Regulation 30 of the SEBI (Listing Obligations and Disclosure Requirements) Regulations, 2015 ESG Rating"
09-Apr-2026 19:59:58,Pendency of Litigation(s)/dispute(s) or the outcome impacting the Company,"Disclosure under Regulation 30 of the SEBI (Listing Obligations and Disclosure Requirements) Regulations, 2015"
08-Apr-2026 22:16:56,Giving guarantees/indemnity/ becoming a surety for third party,KEC International Limited has informed the Exchange about issuance of Corporate guarantee on behalf of its subsidiary company.
08-Apr-2026 18:33:43,Bagging/Receiving of orders/contracts,"KEC International wins New Orders of Rs. 2,518 crores"
27-Mar-2026 16:35:16,Updates,Intimation on ESG rating upgrade by MSCI ESG Ratings is enclosed.
27-Mar-2026 15:52:11,Trading Window,"KEC International Limited has informed the Exchange regarding the Trading Window closure pursuant to SEBI (Prohibition of Insider Trading) Regulations, 2015"
25-Mar-2026 16:52:02,Action(s) taken or orders passed,"Disclosure under Regulation 30 of the SEBI (Listing Obligations and Disclosure Requirements) Regulations, 2015"
20-Mar-2026 14:29:23,General Updates,"Disclosure under Regulation 30 of the SEBI (Listing Obligations and Disclosure Requirements) Regulations, 2015   ESG Rating"
11-Mar-2026 18:17:59,Bagging/Receiving of orders/contracts,"KEC International wins New T&D Orders of Rs. 1,476 crores"
04-Mar-2026 17:23:45,Analysts/Institutional Investor Meet/Con. Call Updates,KEC International Limited has informed the Exchange about Schedule of meet
25-Feb-2026 14:53:08,Copy of Newspaper Publication,KEC International Limited has informed the Exchange about Copy of Newspaper Publication
24-Feb-2026 13:26:26,Bagging/Receiving of orders/contracts,"KEC International wins New Orders of Rs. 1,002 crores"
20-Feb-2026 18:56:23,General Updates,"Disclosure under Regulation 30 of the SEBI (Listing Obligations and Disclosure Requirements) Regulations, 2015 - ESG Rating"
19-Feb-2026 15:24:14,Analysts/Institutional Investor Meet/Con. Call Updates,KEC International Limited has informed the Exchange about Schedule of meet
04-Feb-2026 16:52:15,Analysts/Institutional Investor Meet/Con. Call Updates,KEC International Limited has informed the Exchange about Schedule of meet
03-Feb-2026 08:28:40,Bagging/Receiving of orders/contracts,"KEC International wins New Orders of Rs. 1,020 crores"
02-Feb-2026 18:04:52,Analysts/Institutional Investor Meet/Con. Call Updates,KEC International Limited has informed the Exchange about Transcript
31-Jan-2026 13:11:29,Copy of Newspaper Publication,KEC International Limited has informed the Exchange about Copy of Newspaper Publication
30-Jan-2026 22:03:20,Analysts/Institutional Investor Meet/Con. Call Updates,KEC International Limited has informed the Exchange about Link of Recording
30-Jan-2026 18:33:47,General Updates,"Intimation under Regulation 30 of the SEBI (Listing Obligations and Disclosure Requirements) Regulations, 2015 is enclosed."
30-Jan-2026 16:57:42,Investor Presentation,KEC International Limited has informed the Exchange about Investor Presentation
30-Jan-2026 16:55:52,Press Release,"KEC International Limited has informed the Exchange regarding a press release dated January 30, 2026, titled ""Financial Performance for the quarter and nine months ended December 31, 2025""."
30-Jan-2026 16:52:09,Outcome of Board Meeting,"The Unaudited Financial Results for the quarter and nine months ended December 31, 2025, along with the Limited Review Reports of the Statutory Auditors are enclosed."
23-Jan-2026 13:55:12,Analysts/Institutional Investor Meet/Con. Call Updates,KEC International Limited has informed the Exchange about Schedule of meet
15-Jan-2026 16:47:53,Change in Management,KEC International Limited has informed the Exchange about appointment of Senior Management Personnel
07-Jan-2026 16:52:49,"Certificate under SEBI (Depositories and Participants) Regulations, 2018","KEC International Limited has informed the Exchange about Certificate under SEBI (Depositories and Participants) Regulations, 2018"
01-Jan-2026 11:51:53,Bagging/Receiving of orders/contracts,"KEC International wins New Orders of Rs. 1,050 crores"
31-Dec-2025 21:05:26,Action(s) taken or orders passed,KEC International Limited has informed the Exchange about Action(s) taken or orders passed
31-Dec-2025 16:30:07,Retirement,KEC International Limited has informed the Exchange about Retirement of Senior Management Personnel.
27-Dec-2025 16:15:40,General Updates,"KEC International Limited has informed the Exchange regarding 'Disclosure under Regulation 30 of the SEBI (Listing Obligations and Disclosure Requirements) Regulations, 2015"
26-Dec-2025 15:35:19,Trading Window,"KEC International Limited has informed the Exchange regarding the Trading Window closure pursuant to SEBI (Prohibition of Insider Trading) Regulations, 2015"
23-Dec-2025 17:45:30,Action(s) taken or orders passed,KEC International Limited has informed the Exchange about Action(s) taken or orders passed
20-Dec-2025 14:32:35,Updates,"KEC International Limited has informed the Exchange regarding 'Disclosure under Regulation 30 of the SEBI (Listing Obligations and Disclosure Requirements) Regulations, 2015 '."
18-Dec-2025 15:46:26,Copy of Newspaper Publication,KEC International Limited has informed the Exchange about Copy of Newspaper Publication
16-Dec-2025 19:26:42,Credit Rating,KEC International Limited has informed the Exchange about Credit Rating
12-Dec-2025 21:59:53,Bagging/Receiving of orders/contracts,"KEC International wins New Orders of Rs. 1,150 crores"
12-Dec-2025 20:14:48,Change in Management,KEC International Limited has informed the Exchange about resignation of Senior Management Personnel
11-Dec-2025 21:04:32,Updates,"KEC International Limited has informed the Exchange regarding 'Disclosure under Regulation 30 of the SEBI (Listing Obligations and Disclosure Requirements) Regulations, 2015   ESG Rating'."
25-Nov-2025 20:20:36,Credit Rating,KEC International Limited has informed the Exchange about Credit Rating
19-Nov-2025 14:04:04,Press Release,"KEC International Limited has informed the Exchange regarding a press release dated November 19, 2025, titled ""Clarification on PGCIL Letter   No Material Impact on KEC ""."
18-Nov-2025 21:32:52,Updates,"KEC International Limited has informed the Exchange regarding 'Disclosure under Regulation 30 of the SEBI (Listing Obligations and Disclosure Requirements) Regulations, 2015 '."
17-Nov-2025 13:20:52,Bagging/Receiving of orders/contracts,"KEC International wins New Orders of Rs. 1,016 crores."
17-Nov-2025 12:43:13,Analysts/Institutional Investor Meet/Con. Call Updates,KEC International Limited has informed the Exchange about Transcript.
12-Nov-2025 17:31:25,Analysts/Institutional Investor Meet/Con. Call Updates,KEC International Limited has informed the Exchange about Schedule of meet.
12-Nov-2025 17:18:00,Copy of Newspaper Publication,KEC International Limited has informed the Exchange about Copy of Newspaper Publication
11-Nov-2025 18:07:08,Analysts/Institutional Investor Meet/Con. Call Updates,KEC International Limited has informed the Exchange about Link of Recording
10-Nov-2025 21:14:22,Investor Presentation,KEC International Limited has informed the Exchange about Investor Presentation
10-Nov-2025 21:10:52,Press Release,"KEC International Limited has informed the Exchange regarding a press release dated November 10, 2025, titled "" Financial Performance for quarter and half year ended 30 September 2025.""."
10-Nov-2025 21:02:10,Outcome of Board Meeting,"The Unaudited Financial results for the quarter and half year ended September 30, 2025, along with the Limited Review Reports of the Statutory Auditors are enclosed."
06-Nov-2025 19:27:28,General Updates,KEC International Limited has informed the Exchange about Intimation regarding 100 Days Campaign -  Saksham Niveshak
03-Nov-2025 20:40:28,Giving guarantees/indemnity/ becoming a surety for third party,KEC International Limited has informed the Exchange about issuance of Corporate guarantee on behalf of its subsidiary company
03-Nov-2025 17:26:20,Analysts/Institutional Investor Meet/Con. Call Updates,KEC International Limited has informed the Exchange about Schedule of meet
15-Oct-2025 17:29:06,Bagging/Receiving of orders/contracts,"KEC wins a New Order of Rs. 1,038 crore in the International T&D business."
14-Oct-2025 17:09:08,Copy of Newspaper Publication,KEC International Limited has informed the Exchange about Copy of Newspaper Publication
14-Oct-2025 12:15:52,Bagging/Receiving of orders/contracts,"KEC wins a New Order of Rs. 1,064 crore in the International T&D business."
13-Oct-2025 19:53:13,Bagging/Receiving of orders/contracts,"KEC International wins New Orders of Rs. 1,174 crores in the T&D business."
10-Oct-2025 18:49:07,"Certificate under SEBI (Depositories and Participants) Regulations, 2018","KEC International Limited has informed the Exchange about Certificate under SEBI (Depositories and Participants) Regulations, 2018"
06-Oct-2025 12:43:37,Bagging/Receiving of orders/contracts,"KEC International wins New Orders of Rs. 1,102 crores."
26-Sep-2025 15:52:28,Trading Window,"KEC International Limited has informed the Exchange regarding the Trading Window closure pursuant to SEBI (Prohibition of Insider Trading) Regulations, 2015"
22-Sep-2025 18:49:42,Bagging/Receiving of orders/contracts,"KEC wins Orders of Rs. 3,243 crores in the International T&D business"
18-Sep-2025 19:54:41,General Updates,KEC International Limited has informed the Exchange about Intimation to shareholders holding shares in physical mode regarding updation of KYC and other details
18-Sep-2025 18:27:58,Analysts/Institutional Investor Meet/Con. Call Updates,KEC International Limited has informed the Exchange about Schedule of meet
13-Sep-2025 21:03:52,Shareholders meeting,"KEC International Limited has submitted the Exchange a copy Srutinizers report of  Postal Ballot. Further, the Company has informed the Exchange regarding voting results."
13-Sep-2025 10:29:31,Copy of Newspaper Publication,KEC International Limited has informed the Exchange about Copy of Newspaper Publication
30-Aug-2025 17:08:49,Credit Rating,KEC International Limited has informed the Exchange about Credit Rating
26-Aug-2025 20:33:16,Giving guarantees/indemnity/ becoming a surety for third party,KEC International Limited has informed the Exchange about issuance of Corporate guarantee on behalf of its subsidiary company.
25-Aug-2025 17:16:41,Analysts/Institutional Investor Meet/Con. Call Updates,KEC International Limited has informed the Exchange about Schedule of meet
17-Aug-2025 11:22:22,Bagging/Receiving of orders/contracts,"KEC International wins New Orders of Rs. 1,402 crores."
15-Aug-2025 12:43:35,Copy of Newspaper Publication,KEC International Limited has informed the Exchange about Copy of Newspaper Publication
14-Aug-2025 21:05:50,Giving guarantees/indemnity/ becoming a surety for third party,KEC International Limited has informed the Exchange about extension of tenure of existing Corporate Guarantee issued on behalf of subsidiary company.
14-Aug-2025 18:46:03,Shareholders meeting,KEC International Limited has informed the Exchange regarding Notice of Postal Ballot
13-Aug-2025 18:09:23,Analysts/Institutional Investor Meet/Con. Call Updates,KEC International Limited has informed the Exchange about Schedule of meet.
09-Aug-2025 19:57:29,Appointment,"KEC International Limited has informed the Exchange regarding Appointment of  Mr. Harsh Vardhan Shringla as an Additional Director (Non- Executive, Independent)  of the Company w.e.f. August 09, 2025."
09-Aug-2025 16:05:26,Giving guarantees/indemnity/ becoming a surety for third party,KEC International Limited has informed the Exchange about issuance of Corporate Guarantee on behalf of its Subsidiary Company.
08-Aug-2025 22:55:31,General Updates,"Disclosure under Regulation 30 of the SEBI (Listing Obligations and Disclosure Requirements) Regulations, 2015 - ESG Rating"
08-Aug-2025 19:48:01,General Updates,"KEC International Limited has informed the Exchange regarding Proceedings of Annual General Meeting held on August 08, 2025 along with copy of Scrutinizer's report and voting results"
08-Aug-2025 19:44:27,Shareholders meeting,"KEC International Limited has informed the Exchange regarding Proceedings of Annual General Meeting held on August 08, 2025 along with copy of Scrutinizer's report and voting results."
07-Aug-2025 17:39:14,Analysts/Institutional Investor Meet/Con. Call Updates,KEC International Limited has informed the Exchange about Schedule of meet.
01-Aug-2025 18:05:02,Analysts/Institutional Investor Meet/Con. Call Updates,KEC International Limited has informed the Exchange about Transcript
01-Aug-2025 17:51:07,Copy of Newspaper Publication,KEC International Limited has informed the Exchange about Copy of Newspaper Publication
30-Jul-2025 18:09:48,Copy of Newspaper Publication,KEC International Limited has informed the Exchange about Copy of Newspaper Publication
30-Jul-2025 10:36:07,Bagging/Receiving of orders/contracts,"KEC International wins New Orders of Rs. 1,509 crores"
29-Jul-2025 19:06:48,Analysts/Institutional Investor Meet/Con. Call Updates,KEC International Limited has informed the Exchange about Link of Recording
28-Jul-2025 20:41:02,Investor Presentation,KEC International Limited has informed the Exchange about Investor Presentation
28-Jul-2025 20:36:09,Press Release,"KEC International Limited has informed the Exchange regarding a press release dated July 28, 2025, titled ""Financial Performance for quarter ended 30 June, 2025""."
28-Jul-2025 20:27:41,Change in Director(s),KEC International Limited has informed the Exchange regarding Change in Director(s) of the company.
28-Jul-2025 20:12:07,Outcome of Board Meeting,"The Unaudited Financial results for the quarter ended June 30, 2025, along with the Limited Review Reports of the Statutory Auditors are enclosed."
21-Jul-2025 17:01:03,Analysts/Institutional Investor Meet/Con. Call Updates,KEC International Limited has informed the Exchange about Schedule of meet.
18-Jul-2025 18:26:50,Copy of Newspaper Publication,KEC International Limited has informed the Exchange about Copy of Newspaper Publication
17-Jul-2025 18:57:39,General Updates,KEC International Limited has informed the Exchange regarding letter sent to shareholders pursuant to Regulation 36(1)(b) of the SEBI Listing Regulations
17-Jul-2025 17:43:34,General Updates,KEC International Limited has informed the Exchange about the Business Responsibility & Sustainability Report for FY 2024-25
17-Jul-2025 17:26:20,Shareholders meeting,"KEC International Limited has informed the Exchange regarding Notice of Annual General Meeting to be held on August 08, 2025"
15-Jul-2025 18:24:12,Copy of Newspaper Publication,KEC International Limited has informed the Exchange about Copy of Newspaper Publication
14-Jul-2025 20:46:16,Appointment,KEC International Limited has informed the Exchange regarding Appointment of Senior Management Personnel
14-Jul-2025 16:55:28,Record Date,KEC International Limited has informed the Exchange that Record date for the purpose of Dividend  is 25-Jul-2025.
14-Jul-2025 16:53:23,Updates,KEC International Limited has informed the Exchange regarding Intimation of the Twentieth Annual General Meeting and Record Date for payment of Final Dividend on Equity Shares for the Financial Year 2
08-Jul-2025 20:05:31,General Updates,"Disclosure under Regulation 30 of the SEBI (Listing Obligations and Disclosure Requirements) Regulations, 2015   ESG Rating"
07-Jul-2025 19:06:44,"Certificate under SEBI (Depositories and Participants) Regulations, 2018","KEC International Limited has informed the Exchange about Certificate under SEBI (Depositories and Participants) Regulations, 2018."
04-Jul-2025 20:40:30,Giving guarantees/indemnity/ becoming a surety for third party,KEC International Limited has informed the Exchange about issuance of Corporate guarantee on behalf of its subsidiary company.
27-Jun-2025 17:38:46,Trading Window,"KEC International Limited has informed the Exchange regarding the Trading Window closure pursuant to SEBI (Prohibition of Insider Trading) Regulations, 2015"
25-Jun-2025 08:37:47,Press Release,"KEC International Limited has informed the Exchange regarding a press release dated Jun 25, 2025, titled ""KEC International wins New Orders of Rs. 1,236 crores in its Civil business.""."
17-Jun-2025 16:25:26,Analysts/Institutional Investor Meet/Con. Call Updates,KEC International Limited has informed the Exchange about Schedule of meet.
13-Jun-2025 18:50:46,Disclosure under SEBI Takeover Regulations,Swallow Associates LLP has Submitted to the Exchange a copy of Disclosure under Regulation 31(4) of the Securities and Exchange Board of India (Substantial Acquisition of Shares and Takeovers) Regulat
11-Jun-2025 17:21:50,Resignation,KEC International Limited has informed the Exchange regarding resignation  of Senior Management Personnel of the Company.
04-Jun-2025 20:04:01,Pendency of Litigation(s)/dispute(s) or the outcome impacting the Company,KEC International Limited has informed the Exchange about pending litigation.
04-Jun-2025 14:53:40,Press Release,"KEC International Limited has informed the Exchange regarding a press release dated Jun 04, 2025, titled ""KEC International wins New Orders of Rs. 2,211 crores.""."
02-Jun-2025 19:44:57,Analysts/Institutional Investor Meet/Con. Call Updates,"In continuation to our letter dated May 29, 2025, and pursuant to Regulation 30 of the SEBI (Listing Obligations and Disclosure Requirements) Regulations, 2015, we enclose herewith the presentation to"
30-May-2025 18:38:40,Copy of Newspaper Publication,KEC International Limited has informed the Exchange about Notice to the shareholders intimating proposed transfer of equity shares of the Company to the Investor Education and Protection Fund Account.
29-May-2025 18:51:28,Analysts/Institutional Investor Meet/Con. Call Updates,KEC International Limited has informed the Exchange about Schedule of meet.
29-May-2025 18:49:13,Analysts/Institutional Investor Meet/Con. Call Updates,KEC International Limited has informed the Exchange about Schedule of meet
29-May-2025 16:01:19,Analysts/Institutional Investor Meet/Con. Call Updates,KEC International Limited has informed the Exchange about Transcript
28-May-2025 16:54:16,Copy of Newspaper Publication,KEC International Limited has informed the Exchange about Copy of Newspaper Publication.
27-May-2025 18:32:36,Analysts/Institutional Investor Meet/Con. Call Updates,KEC International Limited has informed the Exchange about Link of Recording.
26-May-2025 22:22:18,Investor Presentation,KEC International Limited has informed the Exchange about Investor Presentation
26-May-2025 22:18:30,Press Release,"KEC International Limited has informed the Exchange regarding a press release dated May 26, 2025, titled ""Financial Performance for the quarter and year ended March 31, 2025""."
26-May-2025 22:08:16,Dividend,"The Board of Directors of the Company at its meeting held today i.e. on Monday, May 26, 2025, has recommended a Dividend of Rs. 5.50/- (Five Rupees Fifty Paisa Only) per equity share i.e. 275% of face"
26-May-2025 22:03:58,Outcome of Board Meeting,"The Audited Financial results for the quarter and year ended March 31, 2025, along with the Auditor Reports of the Statutory Auditors are enclosed."
19-May-2025 16:04:19,Analysts/Institutional Investor Meet/Con. Call Updates,KEC International Limited has informed the Exchange about Schedule of meet
17-May-2025 22:22:36,Press Release,"KEC International Limited has informed the Exchange regarding a press release dated May 17, 2025, titled ""KEC International wins New T&D Orders of Rs. 1,133 crores.""."
13-May-2025 19:20:57,Giving guarantees/indemnity/ becoming a surety for third party,KEC International Limited has informed the Exchange about issuance of Corporate Guarantee on behalf of its Subsidiary Company.
12-May-2025 14:56:31,Press Release,"KEC International Limited has informed the Exchange regarding a press release dated May 12, 2025, titled ""KEC International wins New Orders of Rs. 1,034 crores""."
04-Apr-2025 19:19:05,"Certificate under SEBI (Depositories and Participants) Regulations, 2018","KEC International Limited has informed the Exchange about Certificate under SEBI (Depositories and Participants) Regulations, 2018"
01-Apr-2025 12:16:17,Press Release,"KEC International Limited has informed the Exchange regarding a press release dated April 01, 2025, titled ""KEC International wins New Orders of Rs. 1,236 crores""."
31-Mar-2025 16:25:54,Retirement,KEC International Limited has informed the Exchange about Retirement
27-Mar-2025 18:16:17,Trading Window,"KEC International Limited has informed the Exchange regarding the Trading Window closure pursuant to SEBI (Prohibition of Insider Trading) Regulations, 2015"
25-Mar-2025 11:54:56,News Verification,The Exchange has sought clarification from KEC International Limited with respect to recent news item captioned CBI Arrests Power Grid Corporation GM & KEC International Executives in Rs. 2.5 Lakh Bri
24-Mar-2025 14:08:26,News Verification,The Exchange has sought clarification from KEC International Limited with respect to recent news item captioned CBI Arrests Power Grid Corporation GM & KEC International Executives in Rs. 2.5 Lakh Bri
15-Mar-2025 15:52:37,Press Release,"KEC International Limited has informed the Exchange regarding a press release dated March 15, 2025, titled ""KEC International wins New Orders of Rs. 1,267 crores""."
13-Mar-2025 18:21:31,Analysts/Institutional Investor Meet/Con. Call Updates,KEC International Limited has informed the Exchange about Schedule of meet.
05-Mar-2025 11:13:31,Press Release,"KEC International Limited has informed the Exchange regarding a press release dated March 05, 2025, titled ""KEC International receives an Income Tax Refund of Rs. 177 crores."""
27-Feb-2025 17:02:03,Analysts/Institutional Investor Meet/Con. Call Updates,KEC International Limited has informed the Exchange about Schedule of meet.
14-Feb-2025 17:25:57,Analysts/Institutional Investor Meet/Con. Call Updates,KEC International Limited has informed the Exchange about Schedule of meet
07-Feb-2025 16:48:42,Analysts/Institutional Investor Meet/Con. Call Updates,KEC International Limited has informed the Exchange about Transcript
05-Feb-2025 17:51:02,Analysts/Institutional Investor Meet/Con. Call Updates,KEC International Limited has informed the Exchange about Schedule of meet.
05-Feb-2025 15:45:03,Copy of Newspaper Publication,KEC International Limited has informed the Exchange about Copy of Newspaper Publication.
04-Feb-2025 18:48:42,Analysts/Institutional Investor Meet/Con. Call Updates,KEC International Limited has informed the Exchange about Link of Recording
03-Feb-2025 20:58:19,Integrated Filing- Financial,"KEC International Limited has informed the Exchange about the Integrated Filling (Financial) for the quarter and nine months ended December 31, 2024."
03-Feb-2025 20:29:47,Monitoring Agency Report,"KEC International Limited has informed the Exchange regarding Monitoring Agency Report for the quarter ended December 31, 2024"
03-Feb-2025 20:22:54,Updates,"KEC International Limited has informed the Exchange regarding 'Amendment to Code of Fair Disclosure, Internal Procedures and Conduct for Regulating, Monitoring and Reporting of Trading by Designated P"
03-Feb-2025 20:18:07,Investor Presentation,KEC International Limited has informed the Exchange about Investor Presentation
03-Feb-2025 20:11:32,Press Release,"KEC International Limited has informed the Exchange regarding a press release dated February 03, 2025, titled ""Financial Performance for quarter & nine months ended 31 December, 2024""."
03-Feb-2025 20:05:40,Outcome of Board Meeting,"KEC International Limited has informed the Exchange regarding Outcome of Board Meeting held on February 03, 2025."
03-Feb-2025 19:56:36,Financial Result Updates," KEC International Limited has submitted to the Exchange, the financial results for the period ended December 31, 2024."
24-Jan-2025 20:03:06,Press Release,"KEC International Limited has informed the Exchange regarding a press release dated January 24, 2025, titled ""KEC International wins New T&D Orders of Rs. 1,445 crores""."
24-Jan-2025 17:26:07,Analysts/Institutional Investor Meet/Con. Call Updates,KEC International Limited has informed the Exchange about Schedule of meet
23-Jan-2025 22:10:03,Action(s) taken or orders passed,"Disclosure under Regulation 30 of the SEBI (Listing Obligations and Disclosure Requirements) Regulations, 2015."
10-Jan-2025 16:49:06,"Certificate under SEBI (Depositories and Participants) Regulations, 2018","KEC International Limited has informed the Exchange about Certificate under SEBI (Depositories and Participants) Regulations, 2018"
09-Jan-2025 22:16:24,Action(s) taken or orders passed,"Disclosure under Regulation 30 of the SEBI (Listing Obligations and Disclosure Requirements) Regulations, 2015"
08-Jan-2025 08:00:13,Press Release,"KEC International Limited has informed the Exchange regarding a press release dated January 08, 2025, titled ""KEC International wins New Orders of Rs. 1,136 crores.""."
03-Jan-2025 14:46:06,Press Release,"KEC International Limited has informed the Exchange regarding a press release dated January 03, 2025, titled ""KEC wins Orders of Rs. 1,097 crores in the International T&D Business."""
01-Jan-2025 18:01:35,General Updates,KEC International Limited has informed the Exchange about Change in name of Registrar and Share Transfer Agent of the Company
01-Jan-2025 08:33:50,General Updates,KEC International Limited has informed the Exchange about Final update on transfer of Cables Business of KEC International Limited ( Company ) as a going concern on a slump sale basis to KEC Asian Cab
30-Dec-2024 14:56:35,Press Release,"KEC International Limited has informed the Exchange regarding a press release dated December 30, 2024, titled ""KEC International wins New Orders of Rs. 1,073 crores ""."
30-Dec-2024 11:12:06,Agreements,"KEC International Limited has informed the Exchange about execution of the Business Transfer Agreement ( BTA ) on December 30, 2024, regarding transfer of Cables Business of the Company, on a going co"
30-Dec-2024 10:53:27,General Updates,KEC International Limited has informed the Exchange regarding Outcome of the Meeting of the Finance Committee held today regarding Investment in Subsidiaries of the Company.
26-Dec-2024 17:45:28,Trading Window,"KEC International Limited has informed the Exchange regarding the Trading Window closure pursuant to SEBI (Prohibition of Insider Trading) Regulations, 2015"
13-Dec-2024 22:05:34,Issue of Duplicate Share Certificate,KEC International Limited has informed the Exchange about Issue of Duplicate Share Certificates.
04-Dec-2024 17:02:10,Loss of Share Certificates,KEC International Limited has informed the Exchange about Loss of Share Certificate.
02-Dec-2024 18:01:32,Pendency of Litigation(s)/dispute(s) or the outcome impacting the Company,"Update on Disclosure under Regulation 30 of the SEBI (Listing Obligations And Disclosure Requirements) Regulations, 2015."
29-Nov-2024 21:26:44,Press Release,"KEC International Limited has informed the Exchange regarding a press release dated November 29, 2024, titled ""KEC wins New Orders of Rs. 1,040 crores in International T&D."""
27-Nov-2024 21:12:01,Press Release,"KEC International Limited has informed the Exchange regarding a press release dated November 27, 2024, titled ""KEC International wins significant orders of Rs. 1,704 crores in India T&D."""
25-Nov-2024 15:23:04,Press Release,"KEC International Limited has informed the Exchange regarding a press release dated November 25, 2024, titled ""KEC International wins New Orders of Rs. 1,114 crores."""
23-Nov-2024 14:51:05,Loss of Share Certificates,KEC International Limited has informed the Exchange about Loss of Share Certificates
21-Nov-2024 22:12:48,Action(s) taken or orders passed,"Disclosure under Regulation 30 of the SEBI (Listing Obligations and Disclosure Requirements) Regulations, 2015"
21-Nov-2024 21:56:34,Loss of Share Certificates,KEC International Limited has informed the Exchange about Loss of Share Certificates.
19-Nov-2024 18:01:38,Analysts/Institutional Investor Meet/Con. Call Updates,KEC International Limited has informed the Exchange about Schedule of meet
16-Nov-2024 12:30:50,Loss of Share Certificates,KEC International Limited has informed the Exchange about Loss of Share Certificates.
12-Nov-2024 18:38:00,Updates,"KEC International Limited has informed the Exchange regarding 'Searchable copy of the Unaudited Financial Results for the quarter and half year ended September 30, 2024.'."
12-Nov-2024 18:05:17,Analysts/Institutional Investor Meet/Con. Call Updates,KEC International Limited has informed the Exchange about Schedule of meet
08-Nov-2024 18:08:34,Analysts/Institutional Investor Meet/Con. Call Updates,KEC International Limited has informed the Exchange about Transcript
07-Nov-2024 21:02:11,Loss of Share Certificates,KEC International Limited has informed the Exchange about Issuance of Duplicate Share Certificates
06-Nov-2024 18:21:08,Analysts/Institutional Investor Meet/Con. Call Updates,KEC International Limited has informed the Exchange about Schedule of meet.
06-Nov-2024 15:52:44,Copy of Newspaper Publication,KEC International Limited has informed the Exchange about Copy of Newspaper Publication
06-Nov-2024 15:43:12,Loss of Share Certificates,KEC International Limited has informed the Exchange about Loss of Share Certificate.
05-Nov-2024 18:39:33,Analysts/Institutional Investor Meet/Con. Call Updates,KEC International Limited has informed the Exchange about Link of Recording
05-Nov-2024 18:01:25,Monitoring Agency Report,"Pursuant to Regulation 32(6) of the Securities and Exchange Board of India (Listing Obligations and Disclosure Requirements) Regulations, 2015, please find enclosed the report issued by CARE Ratings L"
04-Nov-2024 21:28:55,Statement of deviation(s) or variation(s) under Reg. 32,KEC International Limited has informed the Exchange about statement of deviation(s) or variation(s) under Reg. 32
04-Nov-2024 21:11:35,Investor Presentation,KEC International Limited has informed the Exchange about Investor Presentation
04-Nov-2024 21:08:34,Press Release,"KEC International Limited has informed the Exchange regarding a press release dated November 04, 2024, titled ""Financial Performance for the quarter and half year ended 30 September, 2024""."
04-Nov-2024 20:57:32,General Updates,KEC International Limited has informed the Exchange about approval of Slump Sale of its Cables Business.
04-Nov-2024 20:52:28,Financial Result Updates," KEC International Limited has submitted to the Exchange, the financial results for the period ended September 30, 2024."
04-Nov-2024 20:50:42,Outcome of Board Meeting,"KEC International Limited has informed the Exchange regarding Outcome of Board Meeting held on November 04, 2024."
28-Oct-2024 16:28:13,Analysts/Institutional Investor Meet/Con. Call Updates,KEC International Limited has informed the Exchange about Schedule of meet
25-Oct-2024 15:44:43,Loss of Share Certificates,KEC International Limited has informed the Exchange about Loss of Share Certificate.
23-Oct-2024 17:11:09,Loss of Share Certificates,KEC International Limited has informed the Exchange about Loss of Share Certificate
23-Oct-2024 16:42:09,Press Release,"KEC International Limited has informed the Exchange regarding a press release dated October 23, 2024, titled ""KEC International wins New Orders of Rs. 1,142 crores ""."
17-Oct-2024 19:30:03,Loss of Share Certificates,KEC International Limited has informed the Exchange about Loss of Share Certificates
11-Oct-2024 15:31:18,Loss of Share Certificates,KEC International Limited has informed the Exchange about Loss of Share Certificate
09-Oct-2024 17:58:43,"Certificate under SEBI (Depositories and Participants) Regulations, 2018","KEC International Limited has informed the Exchange about Certificate under SEBI (Depositories and Participants) Regulations, 2018"
08-Oct-2024 21:10:23,Loss of Share Certificates,KEC International Limited has informed the Exchange about Issuance of duplicate share certificates.
01-Oct-2024 22:40:18,Change in Management,KEC International Limited has informed the Exchange about appointment of Senior Management Personnel.
01-Oct-2024 17:21:03,General Updates,KEC International Limited has informed the Exchange about Incorporation of a subsidiary.
30-Sep-2024 17:43:54,Loss of Share Certificates,KEC International Limited has informed the Exchange about Loss of Share Certificates
28-Sep-2024 18:44:48,Loss of Share Certificates,KEC International Limited has informed the Exchange about Loss of Share Certificate
27-Sep-2024 17:04:05,Trading Window,"KEC International Limited has informed the Exchange regarding the Trading Window closure pursuant to SEBI (Prohibition of Insider Trading) Regulations, 2015"
26-Sep-2024 22:11:58,General Updates,"KEC International Limited has informed the Exchange about Disclosure under Regulation 30 of the SEBI (Listing Obligations and Disclosure Requirements) Regulations, 2015."
26-Sep-2024 21:47:08,General Updates,KEC International Limited has informed the Exchange about intimation of allotment of equity shares of the Company.
26-Sep-2024 20:11:03,Updates,KEC International Limited has informed the Exchange regarding 'Outcome of meeting of Committee of Directors'.
25-Sep-2024 18:41:29,Loss of Share Certificates,KEC International Limited has informed the Exchange about Loss of Share Certificates
24-Sep-2024 20:30:23,General Updates,KEC International Limited has informed the Exchange about Outcome of Meeting of Committee of Directors.
22-Sep-2024 21:44:21,Updates,"KEC International Limited has informed the Exchange regarding 'KEC International wins New Orders of Rs. 1,003 crores '."
19-Sep-2024 23:46:39,Credit Rating,KEC International Limited has informed the Exchange about Credit Rating
17-Sep-2024 21:55:56,Updates,KEC International Limited has informed the Exchange regarding 'Corporate Presentation of KEC International Limited '.
14-Sep-2024 18:52:17,Loss of Share Certificates,KEC International Limited has informed the Exchange about Loss of Share Certificate
13-Sep-2024 19:40:53,Loss of Share Certificates,KEC International Limited has informed the Exchange about Loss of Share Certificate
12-Sep-2024 16:37:12,Loss of Share Certificates,KEC International Limited has informed the Exchange about issuance of duplicate Share Certificates
11-Sep-2024 18:35:15,Loss of Share Certificates,KEC International Limited has informed the Exchange about Loss of Share Certificates
09-Sep-2024 18:05:20,Loss of Share Certificates,KEC International Limited has informed the Exchange about Loss of Share Certificate
05-Sep-2024 18:49:51,Press Release,"KEC International Limited has informed the Exchange regarding a press release dated September 05, 2024, titled ""KEC International wins New T&D Orders of Rs. 1,423 crores""."
05-Sep-2024 17:08:18,Loss of Share Certificates,KEC International Limited has informed the Exchange about Loss of Share Certificate
02-Sep-2024 18:05:04,Loss of Share Certificates,KEC International Limited has informed the Exchange about Loss of Share Certificate
01-Sep-2024 10:23:50,Updates,"KEC International Limited has informed the Exchange regarding 'Disclosure under Regulation 30 of the SEBI (Listing Obligations and Disclosure Requirements) Regulations, 2015'."
31-Aug-2024 12:01:48,Loss of Share Certificates,KEC International Limited has informed the Exchange about Loss of Share Certificates
30-Aug-2024 20:15:25,Updates,"KEC International Limited has informed the Exchange regarding 'Disclosure under Regulation 30 of the SEBI (Listing Obligations and Disclosure Requirements) Regulations, 2015'."
28-Aug-2024 20:06:18,Press Release,"KEC International Limited has informed the Exchange regarding a press release dated August 28, 2024, titled ""KEC International wins New T&D Orders of Rs. 1,171 crores in Middle East""."
26-Aug-2024 17:38:42,Loss of Share Certificates,KEC International Limited has informed the Exchange about Loss of Share Certificate
23-Aug-2024 16:30:53,Press Release,"KEC International Limited has informed the Exchange regarding a press release dated August 23, 2024, titled ""KEC International wins New Orders of Rs. 1,079 crores""."
22-Aug-2024 20:19:57,Shareholders meeting,"KEC International Limited has informed the Exchange regarding Proceedings of Annual General Meeting held on August 22, 2024 along with copy of Srutinizers report and voting results."
19-Aug-2024 15:48:40,Loss of Share Certificates,KEC International Limited has informed the Exchange about Loss of Share Certificate
16-Aug-2024 17:21:02,Loss of Share Certificates,KEC International Limited has informed the Exchange about Loss of Share Certificates
11-Aug-2024 10:19:36,Loss of Share Certificates,KEC International Limited has informed the Exchange about Loss of Share Certificates
08-Aug-2024 18:37:42,Loss of Share Certificates,KEC International Limited has informed the Exchange about issuance of duplicate share certificates
06-Aug-2024 16:28:29,Loss of Share Certificates,KEC International Limited has informed the Exchange about Loss of Share Certificate
05-Aug-2024 16:25:48,Loss of Share Certificates,KEC International Limited has informed the Exchange about Loss of Share Certificate
02-Aug-2024 21:37:23,Updates,"KEC International Limited has informed the Exchange regarding 'Disclosure under Regulation 30 (5) of SEBI (Listing Obligations and Disclosure  Requirements) Regulations, 2015'."
01-Aug-2024 17:40:21,Loss of Share Certificates,KEC International Limited has informed the Exchange about Loss of Share Certificate
01-Aug-2024 17:34:59,Analysts/Institutional Investor Meet/Con. Call Updates,KEC International Limited has informed the Exchange about Transcript
01-Aug-2024 17:28:31,Copy of Newspaper Publication,KEC International Limited has informed the Exchange about Copy of Newspaper Publication
31-Jul-2024 18:44:31,Updates,KEC International Limited has informed the Exchange regarding 'Business Responsibility & Sustainability Report for FY 2023-24'.
31-Jul-2024 18:35:53,Shareholders meeting,"KEC International Limited has informed the Exchange regarding Notice of Annual General Meeting to be held on August 22, 2024"
30-Jul-2024 16:16:48,Copy of Newspaper Publication,KEC International Limited has informed the Exchange about Copy of Newspaper Publication
29-Jul-2024 18:07:22,Analysts/Institutional Investor Meet/Con. Call Updates,KEC International Limited has informed the Exchange about Link of Recording
29-Jul-2024 17:56:34,Record Date,KEC International Limited has informed the Exchange that Record date for the purpose of Dividend  is 09-Aug-2024.
29-Jul-2024 17:53:01,Updates,KEC International Limited has informed the Exchange regarding 'Intimation of Nineteenth Annual General Meeting and Record Date for payment of Final Dividend on Equity Shares for the Financial Year 202
27-Jul-2024 12:16:08,Copy of Newspaper Publication,KEC International Limited has informed the Exchange about Copy of Newspaper Publication
26-Jul-2024 21:33:21,Investor Presentation,KEC International Limited has informed the Exchange about Investor Presentation
26-Jul-2024 21:28:06,Press Release,"KEC International Limited has informed the Exchange regarding a press release dated July 26, 2024, titled ""Financial  Performance for quarter ended 30 June, 2024""."
26-Jul-2024 21:13:09,Updates,KEC International Limited has informed the Exchange regarding 'Intimation relating to proposed incorporation of a subsidiary'.
26-Jul-2024 21:05:54,Updates,KEC International Limited has informed the Exchange regarding 'Fund raising proposals'.
26-Jul-2024 21:01:55,Appointment,"KEC International Limited has informed the Exchange regarding Appointment of Mr Suraj Eksambekar as Company Secretary of the company w.e.f. July 26, 2024."
26-Jul-2024 21:00:13,Change in Director(s),KEC International Limited has informed the Exchange regarding Change in Director(s) of the company.
26-Jul-2024 20:54:49,Financial Result Updates,"KEC International Limited has submitted to the Exchange, the financial results for the period ended June 30, 2024."
25-Jul-2024 21:29:49,Updates,"KEC International Limited has informed the Exchange regarding 'Disclosure under Regulation 30 of the SEBI (Listing Obligations and Disclosure Requirements) Regulations, 2015 '."
24-Jul-2024 17:30:45,Loss of Share Certificates,KEC International Limited has informed the Exchange about Loss of Share Certificate
24-Jul-2024 12:16:57,Press Release,"KEC International Limited has informed the Exchange regarding a press release dated July 24, 2024, titled ""KEC International wins New T&D Orders of Rs. 1,422 crores""."
22-Jul-2024 19:28:53,Loss of Share Certificates,KEC International Limited has informed the Exchange about Loss of Share Certificate
19-Jul-2024 16:24:10,Analysts/Institutional Investor Meet/Con. Call Updates,KEC International Limited has informed the Exchange about Schedule of meet
18-Jul-2024 17:39:59,Loss of Share Certificates,KEC International Limited has informed the Exchange about Loss of Share Certificates
16-Jul-2024 21:58:15,Press Release,"KEC International Limited has informed the Exchange regarding a press release dated July 16, 2024, titled ""KEC International wins New T&D Orders of Rs. 1,100 crores ""."
13-Jul-2024 10:32:59,Loss of Share Certificates,KEC International Limited has informed the Exchange about Loss of Share Certificate
12-Jul-2024 18:13:08,Loss of Share Certificates,KEC International Limited has informed the Exchange about issuance of Duplicate Share Certificates
11-Jul-2024 16:39:24,Loss of Share Certificates,KEC International Limited has informed the Exchange about Loss of Share Certificate
08-Jul-2024 19:45:51,Updates,"KEC International Limited has informed the Exchange regarding 'Disclosure under Regulation 30 of the SEBI (Listing Obligations and Disclosure Requirements) Regulations, 2015 '."
08-Jul-2024 15:56:13,"Certificate under SEBI (Depositories and Participants) Regulations, 2018","KEC International Limited has informed the Exchange about Certificate under SEBI (Depositories and Participants) Regulations, 2018"
04-Jul-2024 17:36:42,Loss of Share Certificates,KEC International Limited has informed the Exchange about Loss of Share Certificates
02-Jul-2024 17:59:59,Press Release,"KEC International Limited has informed the Exchange regarding a press release dated July 02, 2024, titled ""KEC International wins New Orders of Rs. 1,017 crores""."
02-Jul-2024 16:14:09,Loss of Share Certificates,KEC International Limited has informed the Exchange about Loss of Share Certificate
28-Jun-2024 17:24:30,Loss of Share Certificates,KEC International Limited has informed the Exchange about Loss of Share Certificate
27-Jun-2024 16:01:28,Trading Window,"KEC International Limited has informed the Exchange regarding the Trading Window closure pursuant to SEBI (Prohibition of Insider Trading) Regulations, 2015"
27-Jun-2024 15:32:22,Loss of Share Certificates,KEC International Limited has informed the Exchange about Loss of Share Certificate
26-Jun-2024 17:52:07,Press Release,"KEC International Limited has informed the Exchange regarding a press release dated Jun 26, 2024, titled ""KEC International wins New Orders of Rs. 1,025 crores""."
22-Jun-2024 11:47:31,Loss of Share Certificates,KEC International Limited has informed the Exchange about Loss of Share Certificate
19-Jun-2024 18:33:39,Loss of Share Certificates,KEC International Limited has informed the Exchange about issuance of Duplicate Share Certificates
14-Jun-2024 20:36:29,Shareholders meeting,"KEC International Limited has submitted to the Exchange a copy Srutinizers report of  Postal Ballot. Further, the Company has informed the Exchange regarding voting results."
10-Jun-2024 12:53:52,Analysts/Institutional Investor Meet/Con. Call Updates,KEC International Limited has informed the Exchange about Schedule of meet
07-Jun-2024 18:38:02,Press Release,"KEC International Limited has informed the Exchange regarding a press release dated Jun 07, 2024, titled ""KEC International wins New Orders of Rs. 1,061 crores""."
06-Jun-2024 20:55:14,Analysts/Institutional Investor Meet/Con. Call Updates,KEC International Limited has informed the Exchange about Presentation
05-Jun-2024 17:39:20,Loss of Share Certificates,KEC International Limited has informed the Exchange about Loss of Share Certificates
05-Jun-2024 08:51:44,Press Release,"KEC International Limited has informed the Exchange regarding a press release dated Jun 05, 2024, titled ""KEC International wins New Orders of Rs. 1,002 crores ""."
04-Jun-2024 18:32:09,Loss of Share Certificates,KEC International Limited has informed the Exchange about Issuance of Duplicate Share Certificates
01-Jun-2024 20:17:39,Appointment,"KEC International Limited has informed the Exchange regarding Appointment of Mr. Arvind Singh as an Additional Director (Non- Executive, Independent) of the Company w.e.f. June 01, 2024."
31-May-2024 19:17:13,Loss of Share Certificates,KEC International Limited has informed the Exchange about Loss of Share Certificate
30-May-2024 17:59:40,Analysts/Institutional Investor Meet/Con. Call Updates,KEC International Limited has informed the Exchange about Schedule of meet
30-May-2024 15:19:21,Loss of Share Certificates,KEC International Limited has informed the Exchange about Loss of Share Certificate
29-May-2024 15:36:55,Loss of Share Certificates,KEC International Limited has informed the Exchange about Loss of Share Certificate
27-May-2024 18:47:14,Loss of Share Certificates,KEC International Limited has informed the Exchange about Loss of Share Certificate
25-May-2024 11:07:07,Copy of Newspaper Publication,KEC International Limited has informed the Exchange about Notice to the shareholders intimating about proposed transfer of Equity Shares of the Company to Investor Education and Protection Fund (IEPF)
23-May-2024 15:52:41,Loss of Share Certificates,KEC International Limited has informed the Exchange about Loss of Share Certificate
16-May-2024 17:49:24,Loss of Share Certificates,KEC International Limited has informed the Exchange about Loss of Share Certificates
16-May-2024 17:35:29,Copy of Newspaper Publication,KEC International Limited has informed the Exchange about Copy of Newspaper Publication
15-May-2024 18:13:27,Updates,"KEC International Limited has informed the Exchange regarding 'Disclosure under Regulation 30 of the SEBI (Listing Obligations and Disclosure Requirements) Regulations, 2015'."
15-May-2024 16:25:16,Loss of Share Certificates,KEC International Limited has informed the Exchange about Loss of Share Certificate
15-May-2024 16:02:17,Shareholders meeting,KEC International Limited has informed the Exchange regarding Notice of Postal Ballot
14-May-2024 07:03:02,Analysts/Institutional Investor Meet/Con. Call Updates,KEC International Limited has informed the Exchange about Transcript
11-May-2024 11:27:25,Loss of Share Certificates,KEC International Limited has informed the Exchange about Loss of Share Certificate
10-May-2024 18:45:01,Updates,"KEC International Limited has informed the Exchange regarding 'Disclosure under Regulation 30 (5) of SEBI (Listing Obligations and Disclosure  Requirements) Regulations, 2015'."
09-May-2024 16:26:01,Copy of Newspaper Publication,KEC International Limited has informed the Exchange about Copy of Newspaper Publication
08-May-2024 22:41:13,Analysts/Institutional Investor Meet/Con. Call Updates,KEC International Limited has informed the Exchange about Link of recordings
07-May-2024 20:34:56,Dividend Updates,KEC International Limited has informed the Exchange about Dividend Updates
07-May-2024 20:30:59,Investor Presentation,KEC International Limited has informed the Exchange about Investor Presentation
07-May-2024 20:29:14,Press Release,"KEC International Limited has informed the Exchange regarding a press release dated May 07, 2024, titled ""Financial performance for the quarter & year ended 31 March 2024""."
07-May-2024 20:16:12,Updates,KEC International Limited has informed the Exchange regarding 'Appointment of Compliance Officer'.
07-May-2024 20:13:23,Resignation,"KEC International Limited has informed the Exchange regarding Resignation of Mr Amit Kumar Gupta as Company Secretary & Compliance Officer of the company w.e.f. May 09, 2024."
07-May-2024 20:08:53,Financial Result Updates,"KEC International Limited has submitted to the Exchange, the financial results for the period ended March 31, 2024."
07-May-2024 20:05:10,Change in Director(s),KEC International Limited has informed the Exchange regarding Change in Director(s) of the company.
07-May-2024 20:02:15,Outcome of Board Meeting,"KEC International Limited has informed the Exchange regarding Outcome of Board Meeting held on May 07, 2024."
06-May-2024 17:39:08,Credit Rating,KEC International Limited has informed the Exchange about Credit Rating
03-May-2024 19:23:29,Loss of Share Certificates,KEC International Limited has informed the Exchange about issuance of Duplicate Share Certificates
03-May-2024 19:07:14,Loss of Share Certificates,KEC International Limited has informed the Exchange about Loss of Share Certificate
01-May-2024 14:39:31,Updates,"KEC International Limited has informed the Exchange regarding 'Disclosure under Regulation 30 of the SEBI (Listing Obligations and Disclosure Requirements) Regulations, 2015'."
30-Apr-2024 19:48:23,Updates,"KEC International Limited has informed the Exchange regarding 'Disclosure under Regulation 30 of the SEBI (Listing Obligations and Disclosure Requirements) Regulations, 2015'."
29-Apr-2024 18:36:20,Press Release,"KEC International Limited has informed the Exchange regarding a press release dated April 29, 2024, titled ""KEC International wins New Orders of Rs. 1,036 crores""."
29-Apr-2024 17:21:17,Loss of Share Certificates,KEC International Limited has informed the Exchange about Loss of Share Certificates
29-Apr-2024 16:10:01,Analysts/Institutional Investor Meet/Con. Call Updates,KEC International Limited has informed the Exchange about Schedule of meet
27-Apr-2024 14:40:33,Updates,"KEC International Limited has informed the Exchange regarding 'Disclosure under Regulation 30 of the SEBI (Listing Obligations and Disclosure Requirements) Regulations, 2015 '."
20-Apr-2024 15:23:28,Loss of Share Certificates,KEC International Limited has informed the Exchange about Loss of Share Certificates
18-Apr-2024 18:15:58,Change in Management,KEC International Limited has informed the Exchange about change in Management
18-Apr-2024 10:26:35,Change in Management,KEC International Limited has informed the Exchange about change in Management
15-Apr-2024 19:12:01,Updates,"KEC International Limited has informed the Exchange regarding 'Disclosure under Regulation 30 of the SEBI (Listing Obligations and Disclosure Requirements) Regulations, 2015 '."
11-Apr-2024 19:02:23,Resignation of Independent director,KEC INTERNATIONAL LIMITED has informed the Exchange about Resignation of Independent director.
11-Apr-2024 18:55:10,Resignation,"KEC International Limited has informed the Exchange regarding Resignation of Mr A T Vaswani as Independent Director of the company w.e.f. April 11, 2024, end of day."
09-Apr-2024 18:36:22,Disclosure under SEBI Takeover Regulations,��Swallow��Associates��LLP��has Submitted to the Exchange a copy of Disclosure under Regulation 31(4) of the Securities and Exchange Board of India��(Substantial Acquisition of Shares and Takeovers) R
06-Apr-2024 21:06:47,Loss of Share Certificates,KEC International Limited has informed the Exchange about Loss of Share Certificate
05-Apr-2024 17:26:32,"Certificate under SEBI (Depositories and Participants) Regulations, 2018","KEC International Limited has informed the Exchange about Certificate under SEBI (Depositories and Participants) Regulations, 2018"
03-Apr-2024 16:32:11,Press Release,"KEC International Limited has informed the Exchange regarding a press release dated April 03, 2024, titled ""KEC International wins New Orders of Rs. 816 crores""."
01-Apr-2024 17:28:58,Loss of Share Certificates,KEC International Limited has informed the Exchange about Loss of Share Certificate
30-Mar-2024 10:48:22,Loss of Share Certificates,KEC International Limited has informed the Exchange about Loss of Share Certificates
28-Mar-2024 17:53:17,Loss of Share Certificates,KEC International Limited has informed the Exchange about Loss of Share Certificates
28-Mar-2024 16:01:56,Trading Window,"KEC International Limited has informed the Exchange regarding the Trading Window closure pursuant to SEBI (Prohibition of Insider Trading) Regulations, 2015"
27-Mar-2024 17:22:51,Loss of Share Certificates,KEC International Limited has informed the Exchange about Loss of Share Certificate
26-Mar-2024 20:32:05,Appointment,"KEC International Limited has informed the Exchange regarding Appointment of Ms Neera Saggi as Additional Director (Non- Executive Independent) of the Company w.e.f. March 27, 2024."
22-Mar-2024 12:27:36,Press Release,"KEC International Limited has informed the Exchange regarding a press release dated March 22, 2024, titled ""KEC International wins New Orders of Rs. 1,004 crores""."
20-Mar-2024 18:11:39,Loss of Share Certificates,KEC International Limited has informed the Exchange about Loss of Share Certificate
18-Mar-2024 18:09:11,Loss of Share Certificates,KEC International Limited has informed the Exchange about Loss of Share Certificate
14-Mar-2024 17:59:19,Loss of Share Certificates,KEC International Limited has informed the Exchange about Loss of Share Certificate
13-Mar-2024 19:45:40,Press Release,"KEC International Limited has informed the Exchange regarding a press release dated March 13, 2024, titled ""KEC International wins New Orders of Rs. 2,257 crores""."
11-Mar-2024 22:44:00,Spurt in Volume,"Significant increase in volume has been observed in KEC International Limited. The Exchange, in order to ensure that investors have latest relevant information about the company and to inform the mark"
11-Mar-2024 18:21:56,Spurt in Volume,"Significant increase in volume has been observed in KEC International Limited. The Exchange, in order to ensure that investors have latest relevant information about the company and to inform the mark"
11-Mar-2024 18:17:40,Analysts/Institutional Investor Meet/Con. Call Updates,KEC International Limited has informed the Exchange about Schedule of meet
09-Mar-2024 11:31:05,Loss of Share Certificates,KEC International Limited has informed the Exchange about Loss of Share Certificates
08-Mar-2024 19:34:23,Loss of Share Certificates,KEC International Limited has informed the Exchange about Issuance of Duplicate Share Certificates
08-Mar-2024 16:05:45,Loss of Share Certificates,KEC International Limited has informed the Exchange about Loss of Share Certificate
23-Feb-2024 17:21:56,Loss of Share Certificates,KEC International Limited has informed the Exchange about Loss of Share Certificate
21-Feb-2024 18:10:07,Analysts/Institutional Investor Meet/Con. Call Updates,KEC International Limited has informed the Exchange about Schedule of meet
21-Feb-2024 17:39:00,Loss of Share Certificates,KEC International Limited has informed the Exchange about Loss of Share Certificates
20-Feb-2024 18:35:44,Analysts/Institutional Investor Meet/Con. Call Updates,KEC International Limited has informed the Exchange about Schedule of meet
19-Feb-2024 17:54:00,Analysts/Institutional Investor Meet/Con. Call Updates,KEC International Limited has informed the Exchange about Schedule of meet
17-Feb-2024 09:36:35,Loss of Share Certificates,KEC International Limited has informed the Exchange about Loss of Share Certificate
12-Feb-2024 18:07:15,Analysts/Institutional Investor Meet/Con. Call Updates,KEC International Limited has informed the Exchange about Schedule of meet
09-Feb-2024 17:53:13,Loss of Share Certificates,KEC International Limited has informed the Exchange about Loss of Share Certificate
07-Feb-2024 22:34:15,Press Release,"KEC International Limited has informed the Exchange regarding a press release dated February 07, 2024, titled ""KEC International wins New Orders of Rs. 1,175 crores""."
06-Feb-2024 18:35:00,Loss of Share Certificates,KEC International Limited has informed the Exchange about Issuance of Duplicate Share Certificates
05-Feb-2024 18:54:18,Analysts/Institutional Investor Meet/Con. Call Updates,KEC International Limited has informed the Exchange about Schedule of meet
05-Feb-2024 18:23:26,Analysts/Institutional Investor Meet/Con. Call Updates,KEC International Limited has informed the Exchange about Transcript
02-Feb-2024 17:44:06,Loss of Share Certificates,KEC International Limited has informed the Exchange about Loss of Share Certificate
02-Feb-2024 16:34:24,Updates,"KEC International Limited has informed the Exchange regarding 'Disclosure under Regulation 30 of the SEBI (Listing Obligations and Disclosure Requirements) Regulations, 2015'."
01-Feb-2024 12:52:43,Copy of Newspaper Publication,KEC International Limited has informed the Exchange about Copy of Newspaper Publication
31-Jan-2024 18:27:19,Analysts/Institutional Investor Meet/Con. Call Updates,KEC International Limited has informed the Exchange about Link of recordings
31-Jan-2024 17:55:11,Loss of Share Certificates,KEC International Limited has informed the Exchange about Loss of Share Certificates
30-Jan-2024 19:55:55,Investor Presentation,KEC International Limited has informed the Exchange about Investor Presentation
30-Jan-2024 19:53:10,Press Release,"KEC International Limited has informed the Exchange regarding a press release dated January 30, 2024, titled ""Financial Performance for quarter & nine months ended 31 December 2023""."
30-Jan-2024 19:37:04,Financial Result Updates,"KEC International Limited has submitted to the Exchange, the financial results for the period ended December 31, 2023."
30-Jan-2024 19:35:14,Outcome of Board Meeting,"KEC International Limited has informed the Exchange regarding Outcome of Board Meeting held on January 30, 2024."
29-Jan-2024 21:45:26,Press Release,"KEC International Limited has informed the Exchange regarding a press release dated January 29, 2024, titled ""KEC International wins New Orders of Rs. 1,304 crores""."
25-Jan-2024 18:35:59,Loss of Share Certificates,KEC International Limited has informed the Exchange about Loss of Share Certificate
22-Jan-2024 16:25:46,Analysts/Institutional Investor Meet/Con. Call Updates,KEC International Limited has informed the Exchange about Schedule of meet
20-Jan-2024 12:40:39,Loss of Share Certificates,KEC International Limited has informed the Exchange about Loss of Share Certificate
17-Jan-2024 18:23:39,Loss of Share Certificates,KEC International Limited has informed the Exchange about Loss of Share Certificate
15-Jan-2024 17:30:35,Loss of Share Certificates,KEC International Limited has informed the Exchange about Loss of Share Certificates
12-Jan-2024 18:24:07,Loss of Share Certificates,KEC International Limited has informed the Exchange about Loss of Share Certificate
09-Jan-2024 18:30:14,Loss of Share Certificates,KEC International Limited has informed the Exchange about Issuance of Duplicate Share Certificates
09-Jan-2024 18:15:50,"Certificate under SEBI (Depositories and Participants) Regulations, 2018","KEC International Limited has informed the Exchange about Certificate under SEBI (Depositories and Participants) Regulations, 2018"
09-Jan-2024 18:02:24,Loss of Share Certificates,KEC International Limited has informed the Exchange about Loss of Share Certificates
06-Jan-2024 11:50:18,Loss of Share Certificates,KEC International Limited has informed the Exchange about Loss of Share Certificate
05-Jan-2024 16:27:53,Loss of Share Certificates,KEC International Limited has informed the Exchange about Loss of Share Certificate
04-Jan-2024 16:28:43,Credit Rating,KEC International Limited has informed the Exchange about Credit Rating
03-Jan-2024 18:29:56,Loss of Share Certificates,KEC International Limited has informed the Exchange about Loss of Share Certificate
31-Dec-2023 14:30:01,Updates,"KEC International Limited has informed the Exchange regarding 'Disclosure under Regulation 30 of the SEBI (Listing Obligations and DisclosureRequirements) Regulations, 2015'."
31-Dec-2023 12:03:59,Updates,"Disclosure under Regulation 30 of the SEBI (Listing Obligations and Disclosure Requirements) Regulations, 2015"
31-Dec-2023 09:23:31,Loss of Share Certificates,KEC International Limited has informed the Exchange about Loss of Share Certificates
28-Dec-2023 16:07:10,Updates,"KEC International Limited has informed the Exchange regarding 'Disclosure under Regulation 30 of the SEBI (Listing Obligations and Disclosure Requirements) Regulations, 2015 '."
28-Dec-2023 11:09:34,Press Release,"KEC International Limited has informed the Exchange regarding a press release dated December 28, 2023, titled ""KEC International wins New Orders of Rs. 1,566 crores""."
27-Dec-2023 16:26:16,Trading Window,"KEC International Limited has informed the Exchange regarding the Trading Window closure pursuant to SEBI (Prohibition of Insider Trading) Regulations, 2015"
21-Dec-2023 16:39:50,Loss of Share Certificates,KEC International Limited has informed the Exchange about Loss of Share Certificate
19-Dec-2023 18:20:14,Loss of Share Certificates,KEC International Limited has informed the Exchange about Loss of Share Certificate
09-Dec-2023 10:19:19,Updates,"KEC International Limited has informed the Exchange regarding 'Disclosure under Regulation 30 of the SEBI (Listing Obligations and Disclosure Requirements) Regulations, 2015 '."
08-Dec-2023 18:10:22,Loss of Share Certificates,KEC International Limited has informed the Exchange about Loss of Share Certificates
06-Dec-2023 17:51:28,Loss of Share Certificates,KEC International Limited has informed the Exchange about Loss of Share Certificate
05-Dec-2023 19:38:35,Loss of Share Certificates,KEC International Limited has informed the Exchange about Issuance of Duplicate Share Certificates
30-Nov-2023 17:26:53,Loss of Share Certificates,KEC International Limited has informed the Exchange about Loss of Share Certificate
28-Nov-2023 18:30:27,Loss of Share Certificates,KEC International Limited has informed the Exchange about Loss of Share Certificate
25-Nov-2023 11:13:48,Loss of Share Certificates,KEC International Limited has informed the Exchange about Loss of Share Certificates
24-Nov-2023 19:27:30,Updates,"KEC International Limited has informed the Exchange regarding 'Disclosure under Regulation 30 of the SEBI (Listing Obligations and Disclosure Requirements) Regulations, 2015 '."
21-Nov-2023 08:40:37,Press Release,"KEC International Limited has informed the Exchange regarding a press release dated November 21, 2023, titled ""KEC International wins New Orders of Rs. 1,005 crores""."
11-Nov-2023 19:41:56,Loss of Share Certificates,KEC International Limited has informed the Exchange about Loss of Share Certificates
10-Nov-2023 17:53:48,Analysts/Institutional Investor Meet/Con. Call Updates,KEC International Limited has informed the Exchange about Schedule of meet
09-Nov-2023 16:13:43,Loss of Share Certificates,KEC International Limited has informed the Exchange about Loss of Share Certificates
07-Nov-2023 16:12:38,Analysts/Institutional Investor Meet/Con. Call Updates,KEC International Limited has informed the Exchange about Transcript
03-Nov-2023 11:38:42,Copy of Newspaper Publication,KEC International Limited has informed the Exchange about Copy of Newspaper Publication
02-Nov-2023 19:03:35,Analysts/Institutional Investor Meet/Con. Call Updates,KEC International Limited has informed the Exchange about Link of Recording
01-Nov-2023 20:23:07,Investor Presentation,KEC International Limited has informed the Exchange about Investor Presentation
01-Nov-2023 20:20:09,Press Release,"KEC International Limited has informed the Exchange regarding a press release dated November 01, 2023, titled ""Financial Performance for quarter & half year ended 30 September 2023""."
01-Nov-2023 19:59:09,Financial Result Updates,"KEC International Limited has submitted to the Exchange, the financial results for the period ended September 30, 2023."
01-Nov-2023 19:54:40,Outcome of Board Meeting,"KEC International Limited has informed the Exchange regarding  Outcome of Board meeting of the Company held on November 01, 2023."
31-Oct-2023 18:05:12,Loss of Share Certificates,KEC International Limited has informed the Exchange about Loss of Share Certificates
30-Oct-2023 18:27:19,Analysts/Institutional Investor Meet/Con. Call Updates,KEC International Limited has informed the Exchange about Schedule of meet
26-Oct-2023 17:18:27,Loss of Share Certificates,KEC International Limited has informed the Exchange about Loss of Share Certificate
24-Oct-2023 22:07:08,Updates,"KEC International Limited has informed the Exchange regarding 'Intimation under Regulation 30 of the SEBI (Listing Obligations and Disclosure Requirements) Regulations, 2015'."
23-Oct-2023 15:30:11,Analysts/Institutional Investor Meet/Con. Call Updates,KEC International Limited has informed the Exchange about Schedule of meet
20-Oct-2023 15:34:56,Loss of Share Certificates,KEC International Limited has informed the Exchange about Loss of Share Certificate
19-Oct-2023 17:56:13,Loss of Share Certificates,KEC International Limited has informed the Exchange about Loss of Share Certificate
18-Oct-2023 18:49:01,Loss of Share Certificates,KEC International Limited has informed the Exchange about Issuance of Duplicate Share Certificates
18-Oct-2023 18:35:23,Loss of Share Certificates,KEC International Limited has informed the Exchange about Loss of Share Certificate
16-Oct-2023 16:34:33,Loss of Share Certificates,KEC International Limited has informed the Exchange about Loss of Share Certificate
16-Oct-2023 16:19:56,Press Release,"KEC International Limited has informed the Exchange regarding a press release dated October 16, 2023, titled ""KEC International wins New Orders of Rs. 1,315 crores""."
14-Oct-2023 14:23:54,Loss of Share Certificates,KEC International Limited has informed the Exchange about Loss of Share Certificates
12-Oct-2023 18:34:41,Loss of Share Certificates,KEC International Limited has informed the Exchange about Loss of Share Certificate
11-Oct-2023 19:26:31,Loss of Share Certificates,KEC International Limited has informed the Exchange about Loss of Share Certificates
10-Oct-2023 16:52:17,Loss of Share Certificates,KEC International Limited has informed the Exchange about Loss of Share Certificates
09-Oct-2023 17:39:18,"Certificate under SEBI (Depositories and Participants) Regulations, 2018","KEC International Limited has informed the Exchange about Certificate under SEBI (Depositories and Participants) Regulations, 2018"
03-Oct-2023 15:55:28,Updates,"KEC International Limited has informed the Exchange regarding 'Disclosure under Regulation 30 of the SEBI (Listing Obligations and Disclosure Requirements) Regulations, 2015 '."
02-Oct-2023 14:15:50,Loss of Share Certificates,KEC International Limited has informed the Exchange about Loss of Share Certificate
27-Sep-2023 19:47:16,Updates,"KEC International Limited has informed the Exchange regarding 'Disclosure under Regulation 30 of the SEBI (Listing Obligations and Disclosure Requirements) Regulations, 2015 '."
27-Sep-2023 18:11:23,Loss of Share Certificates,KEC International Limited has informed the Exchange about Loss of Share Certificate
27-Sep-2023 12:52:05,Trading Window,"KEC International Limited has informed the Exchange regarding the Trading Window closure pursuant to SEBI (Prohibition of Insider Trading) Regulations, 2015"
21-Sep-2023 18:34:59,Loss of Share Certificates,KEC International Limited has informed the Exchange about Issuance of Duplicate Share Certificates
20-Sep-2023 16:04:40,Loss of Share Certificates,KEC International Limited has informed the Exchange about Loss of Share Certificates
16-Sep-2023 18:39:41,Loss of Share Certificates,KEC International Limited has informed the Exchange about Loss of Share Certificates
13-Sep-2023 15:09:45,Press Release,"KEC International Limited has informed the Exchange regarding a press release dated September 13, 2023, titled ""KEC International wins a large order of Rs. 1,145 crores""."
12-Sep-2023 20:02:01,Press Release,"KEC International Limited has informed the Exchange regarding a press release dated September 12, 2023, titled ""KEC International wins New Orders of Rs. 1,012 crores""."
08-Sep-2023 18:00:33,Loss of Share Certificates,KEC International Limited has informed the Exchange about Loss of Share Certificates
04-Sep-2023 17:40:06,Loss of Share Certificates,KEC International Limited has informed the Exchange about Loss of Share Certificate
02-Sep-2023 11:19:39,Loss of Share Certificates,KEC International Limited has informed the Exchange about Loss of Share Certificates
01-Sep-2023 18:37:46,Loss of Share Certificates,KEC International Limited has informed the Exchange about Loss of Share Certificate
31-Aug-2023 18:48:50,Loss of Share Certificates,KEC International Limited has informed the Exchange about Loss of Share Certificate
25-Aug-2023 18:46:12,Loss of Share Certificates,KEC International Limited has informed the Exchange about Issuance of Duplicate Share Certificates.
23-Aug-2023 17:43:01,Analysts/Institutional Investor Meet/Con. Call Updates,KEC International Limited has informed the Exchange about Schedule of meet
18-Aug-2023 16:38:19,Press Release,"KEC International Limited has informed the Exchange regarding a press release dated August 18, 2023, titled ""KEC International wins New Orders of Rs. 1,007 crores""."
10-Aug-2023 18:32:09,Analysts/Institutional Investor Meet/Con. Call Updates,KEC International Limited has informed the Exchange about Schedule of meet
09-Aug-2023 17:55:32,Analysts/Institutional Investor Meet/Con. Call Updates,KEC International Limited has informed the Exchange about Transcript
08-Aug-2023 20:35:13,Shareholders meeting,"KEC International Limited has informed the Exchange regarding Proceedings of Annual General Meeting held on August 08, 2023 along with Srutinizers report and voting results."
05-Aug-2023 16:17:44,Copy of Newspaper Publication,KEC International Limited has informed the Exchange about Copy of Newspaper Publication
04-Aug-2023 18:42:58,Analysts/Institutional Investor Meet/Con. Call Updates,KEC International Limited has informed the Exchange about Link of Recording
03-Aug-2023 18:51:05,Investor Presentation,KEC International Limited has informed the Exchange about Investor Presentation
03-Aug-2023 18:39:02,Press Release,"KEC International Limited has informed the Exchange regarding a press release dated August 03, 2023, titled ""KEC International wins New Orders of Rs. 1,065 crores""."
03-Aug-2023 18:29:49,Press Release,"KEC International Limited has informed the Exchange regarding a press release dated August 03, 2023, titled ""Financial Performance for Quarter ended 30 June 2023""."
03-Aug-2023 18:22:24,Financial Result Updates,"KEC International Limited has submitted to the Exchange, the financial results for the period ended June 30, 2023."
03-Aug-2023 18:16:29,Outcome of Board Meeting,"KEC International Limited has informed the Exchange regarding Outcome of Board Meeting of the Company held on August 03, 2023."
01-Aug-2023 18:14:36,Analysts/Institutional Investor Meet/Con. Call Updates,KEC International Limited has informed the Exchange about Schedule of meet
31-Jul-2023 18:26:51,Loss of Share Certificates,KEC International Limited has informed the Exchange about Issuance of  Duplicate Share Certificates
28-Jul-2023 19:39:44,Updates,KEC International Limited has informed the Exchange regarding 'Intimation of Issuance of Corporate Guarantee under Regulation 30 of the SEBI (Listing Obligations and Disclosure Requirements) Regulatio
28-Jul-2023 19:12:53,Updates,"KEC International Limited has informed the Exchange regarding 'Intimation under Regulation 30 of SEBI (Listing Obligations and Disclosure Requirements) Regulations, 2015'."
26-Jul-2023 16:05:06,Analysts/Institutional Investor Meet/Con. Call Updates,KEC International Limited has informed the Exchange about Schedule of meet
22-Jul-2023 17:43:19,Loss of Share Certificates,KEC International Limited has informed the Exchange about Loss of Share Certificate
21-Jul-2023 18:09:25,Loss of Share Certificates,KEC International Limited has informed the Exchange about Loss of Share Certificate
20-Jul-2023 15:48:49,Updates,"KEC International Limited has informed the Exchange regarding 'Update on pending dispute under Regulation 30 of the SEBI (Listing Obligations and Disclosure Requirements) Regulations, 2015'."
15-Jul-2023 18:18:28,Resignation of Independent director,KEC INTERNATIONAL LIMITED has informed the Exchange about Resignation of Independent director.
15-Jul-2023 18:08:53,Resignation,"KEC International Limited has informed the Exchange regarding Resignation of Mr G L Mirchandani as Independent Director of the company w.e.f. July 15, 2023."
14-Jul-2023 17:55:51,Copy of Newspaper Publication,KEC International Limited has informed the Exchange about Copy of Newspaper Advertisement
14-Jul-2023 17:28:27,Loss of Share Certificates,KEC International Limited has informed the Exchange about Loss of Share Certificate
13-Jul-2023 16:01:31,Updates,KEC International Limited has informed the Exchange regarding 'Business Responsibility & Sustainability Report for FY 2022-23'.
13-Jul-2023 15:50:46,Shareholders meeting,"KEC International Limited has informed the Exchange regarding Notice of Annual General Meeting to be held on August 08, 2023"
11-Jul-2023 17:30:29,Copy of Newspaper Publication,KEC International Limited has informed the Exchange about Copy of Newspaper Publication
10-Jul-2023 20:13:54,"Certificate under SEBI (Depositories and Participants) Regulations, 2018","KEC International Limited has informed the Exchange about Certificate under SEBI (Depositories and Participants) Regulations, 2018"
10-Jul-2023 16:37:35,Record Date,KEC International Limited has informed the Exchange that Record date for the purpose of Dividend is 25-Jul-2023.
10-Jul-2023 16:34:37,Updates,KEC International Limited has informed the Exchange regarding 'Eighteenth Annual General Meeting and Intimation of Record Date for payment of Final Dividend on Equity Shares for the Financial Year 202
08-Jul-2023 16:20:48,Loss of Share Certificates,KEC International Limited has informed the Exchange about Loss of Share Certificate
06-Jul-2023 19:13:46,Loss of Share Certificates,KEC International Limited has informed the Exchange about Loss of Share Certificate
05-Jul-2023 16:06:25,Press Release,"KEC International Limited has informed the Exchange regarding a press release dated July 05, 2023, titled ""KEC International wins New Orders of Rs. 1,042 crores""."
03-Jul-2023 19:15:32,Loss of Share Certificates,KEC International Limited has informed the Exchange about Loss of Share Certificates
01-Jul-2023 12:38:06,Loss of Share Certificates,KEC International Limited has informed the Exchange about Loss of Share Certificates
28-Jun-2023 16:13:45,Trading Window,"KEC International Limited has informed the Exchange regarding the Trading Window closure pursuant to SEBI (Prohibition of Insider Trading) Regulations, 2015"
20-Jun-2023 18:55:07,Loss of Share Certificates,KEC International Limited has informed the Exchange about Issuance of Duplicate Share Certificates
14-Jun-2023 16:17:58,Analysts/Institutional Investor Meet/Con. Call Updates,KEC International Limited has informed the Exchange about Schedule of meet and Presentation
13-Jun-2023 22:26:28,Press Release,"KEC International Limited has informed the Exchange regarding a press release dated Jun 13, 2023, titled ""KEC International wins New Orders of Rs. 1,373 crores""."
09-Jun-2023 18:41:54,Loss of Share Certificates,KEC International Limited has informed the Exchange about Loss of Share Certificate
08-Jun-2023 22:20:09,Loss of Share Certificates,KEC International Limited has informed the Exchange about Loss of Share Certificate
05-Jun-2023 22:22:43,Analysts/Institutional Investor Meet/Con. Call Updates,KEC International Limited has informed the Exchange about Schedule of meet
02-Jun-2023 14:57:55,Loss of Share Certificates,KEC International Limited has informed the Exchange about Loss of Share Certificate
01-Jun-2023 19:00:40,Loss of Share Certificates,KEC International Limited has informed the Exchange about Loss of Share Certificate
29-May-2023 19:09:53,Loss of Share Certificates,KEC International Limited has informed the Exchange about Loss of Share Certificates
25-May-2023 17:46:50,Loss of Share Certificates,KEC International Limited has informed the Exchange about Loss of Share Certificates
22-May-2023 19:52:24,Annual Secretarial Compliance Report,"Annual Secretarial Compliance Report for the financial year ended March 31, 2023"
20-May-2023 18:03:12,Loss of Share Certificates,KEC International Limited has informed the Exchange about Loss of Share Certificate
19-May-2023 21:20:03,Loss of Share Certificates,KEC International Limited has informed the Exchange about Loss of Share Certificate
10-May-2023 19:30:36,Loss of Share Certificates,KEC International Limited has informed the Exchange about Issuance of Duplicate Share Certificates
09-May-2023 20:58:12,Analysts/Institutional Investor Meet/Con. Call Updates,KEC International Limited has informed the Exchange about Transcript
05-May-2023 18:37:04,Copy of Newspaper Publication,KEC International Limited has informed the Exchange about Copy of Newspaper Publication
04-May-2023 19:57:24,Analysts/Institutional Investor Meet/Con. Call Updates,KEC International Limited has informed the Exchange about Link of Recording
04-May-2023 18:15:19,Updates,"KEC International Limited has informed the Exchange regarding 'Searchable copy of Financial Results for the quarter and year ended March 31, 2023 '."
03-May-2023 22:06:29,Related Party Transactions,"KEC International Limited has informed the Exchange about related Party Transactions for the half year ended March 31, 2023"
03-May-2023 21:43:37,Updates,KEC International Limited has informed the Exchange regarding 'Extension of tenure of the Managing Director and CEO'.
03-May-2023 21:25:05,Investor Presentation,KEC International Limited has informed the Exchange about Investor Presentation
03-May-2023 21:23:40,Press Release,"KEC International Limited has informed the Exchange regarding a press release dated May 03, 2023, titled ""Financial Performance for Quarter & Year ended 31 March 2023""."
03-May-2023 21:16:32,Dividend Updates,KEC International Limited has informed the Exchange about recommendation by the Board of Final dividend at the rate of Rs. 3/-- per Equity shares
03-May-2023 21:06:17,Financial Result Updates,"KEC International Limited has submitted to the Exchange, the financial results for the period ended March 31, 2023."
03-May-2023 21:04:00,Outcome of Board Meeting,"KEC International Limited has informed the Exchange regarding Outcome of Board Meeting held on May 03, 2023."
29-Apr-2023 16:21:09,Loss of Share Certificates,KEC International Limited has informed the Exchange about Loss of Share Certificate
27-Apr-2023 11:14:00,Disclosure under SEBI Takeover Regulations,Swallow Associates LLP has Submitted to the Exchange a copy of Disclosure under Regulation 31(4) of the Securities and Exchange Board of India (Substantial Acquisition of Shares and Takeovers) Regulat
26-Apr-2023 13:15:54,Press Release,"KEC International Limited has informed the Exchange regarding a press release dated April 26, 2023, titled ""KEC International wins New Orders of Rs. 1,017 crores""."
25-Apr-2023 18:20:30,Analysts/Institutional Investor Meet/Con. Call Updates,KEC International Limited has informed the Exchange about Schedule of meet
22-Apr-2023 18:04:30,Loss of Share Certificates,KEC International Limited has informed the Exchange about Loss of Share Certificate
21-Apr-2023 19:00:12,Loss of Share Certificates,KEC International Limited has informed the Exchange about Loss of Share Certificate
19-Apr-2023 18:57:06,Loss of Share Certificates,KEC International Limited has informed the Exchange about Loss of Share Certificates
13-Apr-2023 20:06:41,Loss of Share Certificates,KEC International Limited has informed the Exchange about Loss of Share Certificate
07-Apr-2023 19:56:43,Loss of Share Certificates,KEC International Limited has informed the Exchange about issuance of duplicate share certificates.
06-Apr-2023 08:23:41,Press Release,"KEC International Limited has informed the Exchange regarding a press release dated April 06, 2023, titled ""KEC International wins New Orders of Rs. 1,213 crores""."
05-Apr-2023 20:06:00,"Certificate under SEBI (Depositories and Participants) Regulations, 2018","KEC International Limited has informed the Exchange about Certificate under SEBI (Depositories and Participants) Regulations, 2018"
05-Apr-2023 19:56:59,Loss of Share Certificates,KEC International Limited has informed the Exchange about Loss of Share Certificate
01-Apr-2023 15:36:20,Credit Rating,KEC International Limited has informed the Exchange about Credit Rating
28-Mar-2023 18:48:14,Loss of Share Certificates,KEC International Limited has informed the Exchange about Loss of Share Certificate
28-Mar-2023 16:12:45,Trading Window,"KEC International Limited has informed the Exchange regarding the Trading Window closure pursuant to SEBI (Prohibition of Insider Trading) Regulations, 2015"
27-Mar-2023 19:45:03,Credit Rating,KEC International Limited has informed the Exchange about Credit Rating
27-Mar-2023 18:52:45,Loss of Share Certificates,KEC International Limited has informed the Exchange about Loss of Share Certificate
25-Mar-2023 20:16:06,Loss of Share Certificates,KEC International Limited has informed the Exchange about Loss of Share Certificate
22-Mar-2023 16:13:13,Loss of Share Certificates,KEC International Limited has informed the Exchange about Loss of Share Certificates
22-Mar-2023 15:12:44,Press Release,"KEC International Limited has informed the Exchange regarding a press release dated March 22, 2023, titled ""KEC International wins New Orders of Rs. 1,560 crores""."
15-Mar-2023 14:20:17,Press Release,"KEC International Limited has informed the Exchange regarding a press release dated March 15, 2023, titled ""KEC International wins New Orders of Rs. 1,028 crores""."
13-Mar-2023 20:07:27,Analysts/Institutional Investor Meet/Con. Call Updates,KEC International Limited has informed the Exchange about Schedule of meet
13-Mar-2023 20:01:01,Loss of Share Certificates,KEC International Limited has informed the Exchange about Issue of Duplicate Share Certificates
08-Mar-2023 18:31:32,Updates,"KEC International Limited has informed the Exchange regarding 'Intimation under Regulation 30 of the SEBI (Listing Obligations and Disclosure Requirements) Regulations, 2015'."
03-Mar-2023 17:57:12,Loss of Share Certificates,KEC International Limited has informed the Exchange about Loss of Share Certificates
17-Feb-2023 21:49:57,Press Release,"KEC International Limited has informed the Exchange regarding a press release dated February 17, 2023, titled ""KEC International wins New Orders of Rs. 3,023 crores""."
17-Feb-2023 17:15:28,Analysts/Institutional Investor Meet/Con. Call Updates,KEC International Limited has informed the Exchange about Schedule of meet
15-Feb-2023 19:07:06,Loss of Share Certificates,KEC International Limited has informed the Exchange about Issue of Duplicate Share Certificates
07-Feb-2023 16:46:09,Analysts/Institutional Investor Meet/Con. Call Updates,KEC International Limited has informed the Exchange about Schedule of meet
04-Feb-2023 19:53:35,Analysts/Institutional Investor Meet/Con. Call Updates,KEC International Limited has informed the Exchange about Transcript
02-Feb-2023 18:54:13,Copy of Newspaper Publication,KEC International Limited has informed the Exchange about Copy of Newspaper Publication
01-Feb-2023 18:47:25,Analysts/Institutional Investor Meet/Con. Call Updates,KEC International Limited has informed the Exchange about Link of Recording
31-Jan-2023 20:16:30,Investor Presentation,KEC International Limited has informed the Exchange about Investor Presentation
31-Jan-2023 20:14:57,Press Release,"KEC International Limited has informed the Exchange regarding a press release dated January 31, 2023, titled ""Financial  Performance for Quarter & Nine Months ended 31 December 2022""."
31-Jan-2023 19:58:52,Financial Result Updates,"KEC International Limited has submitted to the Exchange, the financial results for the period ended December 31, 2022."
31-Jan-2023 19:56:54,Outcome of Board Meeting,"KEC International Limited has informed the Exchange regarding Outcome of the Board meeting of the Company held on January 31, 2023."
30-Jan-2023 17:19:52,Press Release,"KEC International Limited has informed the Exchange regarding a press release dated January 30, 2023, titled ""KEC International wins New Orders of Rs. 1,131 crores""."
23-Jan-2023 16:14:52,Analysts/Institutional Investor Meet/Con. Call Updates,KEC International Limited has informed the Exchange about Schedule of meet
18-Jan-2023 18:55:05,Loss of Share Certificates,KEC International Limited has informed the Exchange about Issue of Duplicate Share Certificates
16-Jan-2023 19:01:29,Loss of Share Certificates,KEC International Limited has informed the Exchange about Loss of Share Certificate
09-Jan-2023 19:02:31,Loss of Share Certificates,KEC International Limited has informed the Exchange about Loss of Share Certificate
07-Jan-2023 19:52:04,"Certificate under SEBI (Depositories and Participants) Regulations, 2018","KEC International Limited has informed the Exchange about Certificate under SEBI (Depositories and Participants) Regulations, 2018"
07-Jan-2023 19:37:44,Copy of Newspaper Publication,KEC International Limited has informed the Exchange about Notice to the shareholders intimating about Transfer of Equity Shares of the Company to Investor Education and Protection Fund (IEPF) Account.
28-Dec-2022 16:36:54,Loss of Share Certificates,KEC International Limited has informed the Exchange about Loss of Share Certificates
28-Dec-2022 15:52:57,Trading Window,"KEC International Limited has informed the Exchange regarding the Trading Window closure pursuant to SEBI (Prohibition of Insider Trading) Regulations, 2015"
24-Dec-2022 13:24:34,Loss of Share Certificates,KEC International Limited has informed the Exchange about Loss of Share Certificate
23-Dec-2022 17:41:41,Loss of Share Certificates,KEC International Limited has informed the Exchange about Loss of Share Certificates
22-Dec-2022 18:51:56,Loss of Share Certificates,KEC International Limited has informed the Exchange about Issue of Duplicate Share Certificates
19-Dec-2022 08:40:17,Press Release,"KEC International Limited has informed the Exchange regarding a press release dated December 19, 2022, titled ""KEC International wins New Orders of Rs. 1,313 crores""."
14-Dec-2022 16:28:01,Loss of share certificate,KEC International Limited has informed the Exchange about Loss of share certificate
13-Dec-2022 17:48:12,Loss of share certificate,KEC International Limited has informed the Exchange about Loss of share certificate
12-Dec-2022 19:39:48,Press Release,"KEC International Limited has informed the Exchange about press release dated 12-Dec-2022 titled KEC International wins New Orders of Rs. 1,349 crores"
12-Dec-2022 17:51:15,Postal Ballot,KEC International Limited has informed the Exchange about Voting results and  Scrutinizer report of Postal Ballot
07-Dec-2022 17:08:18,Loss of share certificate,KEC International Limited has informed the Exchange about Loss of share certificate
05-Dec-2022 18:47:30,Loss of share certificate,KEC International Limited has informed the Exchange about Loss of share certificates.
02-Dec-2022 18:45:42,Loss of share certificate,KEC International Limited has informed the Exchange about Loss of share certificates
01-Dec-2022 17:39:57,Loss of share certificate,KEC International Limited has informed the Exchange about Loss of share certificate
25-Nov-2022 18:59:54,Loss of share certificate,KEC International Limited has informed the Exchange about Issuance of Duplicate Share Certificates
25-Nov-2022 18:52:54,Loss of share certificate,KEC International Limited has informed the Exchange about Loss of share certificate
21-Nov-2022 19:41:39,Related Party Transaction,KEC International Limited has informed the Exchange about related party transaction for the period ended September 2022
19-Nov-2022 10:47:33,Loss of share certificate,KEC International Limited has informed the Exchange about Loss of share certificate
16-Nov-2022 12:04:09,Press Release,"KEC International Limited has informed the Exchange about press release dated 16-Nov-2022 titled KEC International wins New Orders of Rs. 1,294 crores"
15-Nov-2022 18:18:42,Schedule of Analysts/Institutional Investor Meet/Con. Call,KEC International Limited has informed the Exchange about Schedule of Analysts/Institutional Investor Meet/Con. Call 
14-Nov-2022 19:02:27,Loss of share certificate,KEC International Limited has informed the Exchange about Loss of share certificate
11-Nov-2022 19:01:03,Newspaper Advertisements,KEC International Limited has informed the Exchange about Newspaper Advertisements
10-Nov-2022 22:37:09,Transcript of Analysts/Institutional Investor Meet/Con. Call,KEC International Limited has informed the Exchange about Transcript of Analysts/Institutional Investor Meet/Con. Call 
10-Nov-2022 17:13:30,Postal Ballot,KEC International Limited has informed the Exchange about Notice of Postal Ballot
09-Nov-2022 19:08:39,Newspaper Advertisements,KEC International Limited has informed the Exchange about Newspaper Advertisements
08-Nov-2022 18:57:03,Recording of Analysts/Institutional Investor Meet/Con. Call,KEC International Limited has informed the Exchange about Recording of Analysts/Institutional Investor Meet/Con. Call
07-Nov-2022 19:05:33,Investor Presentation,KEC International Limited has informed the Exchange about Investor Presentation
07-Nov-2022 19:02:54,Press Release,KEC International Limited has informed the Exchange about press release dated 07-Nov-2022 titled Financial Performance for Quarter & Half Year ended 30 September 2022
07-Nov-2022 18:56:30,Outcome of Board Meeting,"Outcome of the Board meeting of the Company held on November 07, 2022"
02-Nov-2022 17:59:39,Loss of share certificate,KEC International Limited has informed the Exchange about Loss of share certificate
28-Oct-2022 16:05:24,Schedule of Analysts/Institutional Investor Meet/Con. Call,KEC International Limited has informed the Exchange about Schedule of Analysts/Institutional Investor Meet/Con. Call 
22-Oct-2022 10:20:21,Press Release,"KEC International Limited has informed the Exchange about press release dated 22-Oct-2022 titled KEC International wins New Orders of Rs. 2,042 crores"
21-Oct-2022 15:15:51,Loss of share certificate,KEC International Limited has informed the Exchange about Loss of share certificate
20-Oct-2022 17:43:48,Loss of share certificate,KEC International Limited has informed the Exchange about Loss of share certificates.
19-Oct-2022 17:28:48,Loss of share certificate,KEC International Limited has informed the Exchange about Loss of share certificate
15-Oct-2022 18:16:54,Loss of share certificate,KEC International Limited has informed the Exchange about Loss of share certificate
10-Oct-2022 19:30:57,Loss of share certificate,KEC International Limited has informed the Exchange about Issuance of Duplicate Share Certificates.
10-Oct-2022 18:10:21,Loss of share certificate,KEC International Limited has informed the Exchange about Loss of share certificate
08-Oct-2022 10:21:12,Loss of share certificate,KEC International Limited has informed the Exchange about Loss of share certificate
06-Oct-2022 18:09:15,General updates,"KEC International Limited has informed the Exchange about Certificate under Regulation 74(5) of SEBI (Depositories and Participants) Regulations, 2018"
03-Oct-2022 17:41:15,Press Release,"KEC International Limited has informed the Exchange about press release dated 03-Oct-2022 titled KEC International wins New Orders of Rs. 1,407 crores"
03-Oct-2022 17:11:36,Loss of share certificate,KEC International Limited has informed the Exchange about Loss of share certificate
30-Sep-2022 17:07:33,Loss of share certificate,KEC International Limited has informed the Exchange about Loss of share certificate
28-Sep-2022 16:16:15,Closure of trading window,"KEC International Limited has informed the Exchange about Closure of trading window pursuant to SEBI (Prohibition of Insider Trading) Regulations, 2015."
26-Sep-2022 19:47:12,Schedule of Analysts/Institutional Investor Meet/Con. Call,KEC International Limited has informed the Exchange about Schedule of Analysts/Institutional Investor Meet/Con. Call 
22-Sep-2022 16:12:06,Loss of share certificate,KEC International Limited has informed the Exchange about Loss of share certificate
21-Sep-2022 10:25:00,Press Release,"KEC International Limited has informed the Exchange about press release dated 21-Sep-2022 titled KEC International wins New Orders of Rs. 1,123 crores"
16-Sep-2022 16:44:57,Loss of share certificate,KEC International Limited has informed the Exchange about Loss of share certificate
13-Sep-2022 18:23:15,Investor Presentation,KEC International Limited has informed the Exchange about Investor Presentation
13-Sep-2022 17:33:30,Press Release,"KEC International Limited has informed the Exchange about press release dated 13-Sep-2022 titled KEC International wins New Orders of Rs. 1,108 crores"
12-Sep-2022 20:19:45,Schedule of Analysts/Institutional Investor Meet/Con. Call,KEC International Limited has informed the Exchange about Schedule of Analysts/Institutional Investor Meet/Con. Call 
10-Sep-2022 17:03:55,Loss of share certificate,KEC International Limited has informed the Exchange about Loss of share certificate
09-Sep-2022 08:33:36,Loss of share certificate,KEC International Limited has informed the Exchange about Loss of share certificate
06-Sep-2022 17:53:54,Loss of share certificate,KEC International Limited has informed the Exchange about Issuance of Duplicate Share Certificates.
31-Aug-2022 10:02:06,Loss of share certificate,KEC International Limited has informed the Exchange about Loss of share certificate
24-Aug-2022 16:01:15,Loss of share certificate,KEC International Limited has informed the Exchange about Loss of share certificate
16-Aug-2022 08:38:36,Press Release,"KEC International Limited has informed the Exchange about press release dated 16-Aug-2022 titled KEC International wins New Orders of Rs. 1,313 crores"
13-Aug-2022 10:25:57,Loss of share certificate,KEC International Limited has informed the Exchange about Loss of share certificate
12-Aug-2022 17:58:42,Loss of share certificate,KEC International Limited has informed the Exchange about Loss of share certificates.
10-Aug-2022 18:51:57,Loss of share certificate,KEC International Limited has informed the Exchange about Loss of share certificate
08-Aug-2022 14:07:48,Transcript of Analysts/Institutional Investor Meet/Con. Call,"In continuation to our letters dated July 26, 2022 and August 04, 2022, we would like to inform that the Transcript of the Conference Call held on August 04, 2022, for the Unaudited Financial Results "
05-Aug-2022 17:57:45,Newspaper Advertisements,KEC International Limited has informed the Exchange about Newspaper Advertisements
04-Aug-2022 17:17:05,Recording of Analysts/Institutional Investor Meet/Con. Call,"In continuation of our letter dated July 26, 2022, we would like to inform that Audio Recording of the Conference Call held today i.e. on Thursday, August 04, 2022, at 10:00 a.m. (IST) for the Unaudit"
03-Aug-2022 19:41:09,Investor Presentation,KEC International Limited has informed the Exchange about Investor Presentation
03-Aug-2022 19:39:24,Press Release,KEC International Limited has informed the Exchange about press release dated 03-Aug-2022 titled Financial Performance for Quarter ended 30 June 2022
03-Aug-2022 19:31:24,Outcome of Board Meeting,"Outcome of the Board meeting of the Company held on August 03, 2022"
02-Aug-2022 18:31:03,Loss of share certificate,KEC International Limited has informed the Exchange about Issuance of Duplicate Share Certificates.
02-Aug-2022 18:24:06,Loss of share certificate,KEC International Limited has informed the Exchange about Loss of share certificate
30-Jul-2022 18:42:54,Loss of share certificate,KEC International Limited has informed the Exchange about Loss of share certificate
28-Jul-2022 08:34:34,Press Release,"KEC International Limited has informed the Exchange about press release dated 28-Jul-2022 titled KEC International wins New Orders of Rs. 1,233 crores"
26-Jul-2022 17:16:06,Schedule of Analysts/Institutional Investor Meet/Con. Call,KEC International Limited has informed the Exchange about Schedule of Analysts/Institutional Investor Meet/Con. Call 
18-Jul-2022 16:57:33,Loss of share certificate,KEC International Limited has informed the Exchange about Loss of share certificate
13-Jul-2022 18:39:45,General updates,"KEC International Limited has informed the Exchange about Certificate under Regulation 74(5) of SEBI (Depositories and Participants) Regulations, 2018"
11-Jul-2022 19:09:00,Loss of share certificate,KEC International Limited has informed the Exchange about Issuance of Duplicate Share Certificates.
08-Jul-2022 18:38:12,Loss of share certificate,KEC International Limited has informed the Exchange about Loss of share certificate
30-Jun-2022 20:02:33,Annual General Meeting,"KEC International Limited has informed the Exchange about Voting results,  Scrutinizer's report and  Proceedings of Annual General Meeting held on 30-Jun-2022."
27-Jun-2022 18:26:06,Closure of trading window,"KEC International Limited has informed the Exchange about Closure of trading window pursuant to SEBI (Prohibition of Insider Trading) Regulations, 2015."
20-Jun-2022 19:16:23,Press Release,"KEC International Limited has informed the Exchange about press release dated 20-Jun-2022 titled KEC International wins New Orders of Rs. 1,092 crores."
09-Jun-2022 18:58:35,Loss of share certificate,KEC International Limited has informed the Exchange about Loss of share certificate
08-Jun-2022 18:26:17,Loss of share certificate,KEC International Limited has informed the Exchange about Loss of share certificate
07-Jun-2022 19:02:52,Newspaper Advertisements,KEC International Limited has informed the Exchange about Newspaper Advertisement.
06-Jun-2022 16:31:56,Annual General Meeting,KEC International Limited has informed the Exchange about Notice of Annual General Meeting to be held on 30-Jun-2022.
03-Jun-2022 18:12:38,Newspaper Advertisements,KEC International Limited has informed the Exchange about Newspaper Advertisements
02-Jun-2022 17:12:19,Record Date,KEC International Limited has informed the Exchange that Record date for the purpose of Dividend  is 16-Jun-2022.
02-Jun-2022 17:05:53,General updates,KEC International Limited has informed the Exchange about Seventeenth Annual General Meeting and Intimation of Record Date for payment of Final Dividend on Equity Shares for the Financial Year 2021-22
26-May-2022 19:40:05,Newspaper Advertisements,KEC International Limited has informed the Exchange about Notice to the shareholders intimating about Transfer of Equity Shares of the Company to Investor Education and Protection Fund (IEPF) Account.
18-May-2022 18:44:41,Loss of share certificate,KEC International Limited has informed the Exchange about Issuance of Duplicate Share Certificates.
17-May-2022 18:27:13,Loss of share certificate,KEC International Limited has informed the Exchange about Loss of share certificate.
16-May-2022 19:09:36,Related Party Transaction,KEC International Limited has informed the Exchange about Related Party Transactions for the half year ended March 2022.
16-May-2022 16:50:23,Press Release,"KEC International Limited has informed the Exchange about press release dated 16-May-2022 titled KEC International wins New Orders of Rs. 1,147 Crores."
06-May-2022 18:09:05,Transcript of Analysts/Institutional Investor Meet/Con. Call,"In continuation to our letters dated April 25, 2022 and May 04, 2022, we would like to inform that the Transcript of the Conference Call held on Wednesday, May 04, 2022, for the Audited Financial Resu"
05-May-2022 18:38:37,Newspaper Advertisements,KEC International Limited has informed the Exchange about Newspaper Publication pertaining to financial results of the Company.
05-May-2022 18:20:24,Loss of share certificate,KEC International Limited has informed the Exchange about Loss of share certificate
04-May-2022 17:23:25,Recording of Analysts/Institutional Investor Meet/Con. Call,"In continuation of our letter dated April 25, 2022, we would like to inform that Audio Recording of the Conference Call held today i.e. on Wednesday, May 04, 2022, at 10:00 a.m. (IST) for the Audited "
03-May-2022 20:31:30,Re-appointment,"KEC International Limited  has informed the Exchange about recommendation by the Board of the re-appointment of Price Waterhouse Chartered Accountants LLP as the Statutory Auditors of the Company, sub"
03-May-2022 20:21:47,Investor Presentation,KEC International Limited has informed the Exchange about Investor Presentation
03-May-2022 20:19:09,Press Release,KEC International Limited has informed the Exchange about press release dated 03-May-2022 titled Financial Performance for Quarter & Year ended 31 March 2022.
03-May-2022 20:12:08,Dividend,KEC International Limited has informed the Exchange about recommendation by the Board of Final dividend at the rate of Rs. 4/- per Equity share
03-May-2022 20:00:53,Financial Result Updates,"KEC International Limited has submitted to the Exchange, the financial results for the period ended March 31, 2022."
03-May-2022 19:58:20,Dividend,"KEC International Limited has informed the Exchange that Board of Directors at its meeting held on 03-May-2022, declared Dividend of Rs. 4 per equity share."
03-May-2022 19:58:18,Outcome of Board Meeting,"Outcome of the Board meeting of the Company held on May 03, 2022."
25-Apr-2022 18:56:22,Schedule of Analysts/Institutional Investor Meet/Con. Call,KEC International Limited has informed the Exchange about Schedule of Analysts/Institutional Investor Meet/Con. Call 
20-Apr-2022 19:42:15,Loss of share certificate,KEC International Limited has informed the Exchange about Issuance of Duplicate Share Certificates
12-Apr-2022 19:27:32,General updates,"KEC International Limited has informed the Exchange about Certificate under Regulation 40(9) of SEBI (Listing Obligations and Disclosure Requirements) Regulations, 2015."
07-Apr-2022 18:30:15,General updates,"KEC International Limited has informed the Exchange about Compliance Certificate under Regulation 7(3) of SEBI (Listing Obligations and Disclosure Requirements) Regulations, 2015."
07-Apr-2022 18:04:02,General updates,"KEC International Limited has informed the Exchange about Certificate under Regulation 74(5) of SEBI (Depositories and Participants) Regulations, 2018"
05-Apr-2022 14:47:37,Press Release,KEC International Limited has informed the Exchange about press release dated 05-Apr-2022 titled KEC International wins New Orders of Rs. 945 crores.
05-Apr-2022 13:43:05,Disclosure under SEBI Takeover Regulations,Promoter/Promoter Group of KEC International Limited has submitted a disclosure under Regulation 31(4) of SEBI Takeover Regulations for the year ended 31-Mar-2022
05-Apr-2022 13:43:00,Disclosure under SEBI Takeover Regulations,Promoter/Promoter Group of KEC International Limited has submitted a disclosure under Regulation 31(4) of SEBI Takeover Regulations for the year ended 31-Mar-2022
25-Mar-2022 16:15:02,Loss of share certificate,KEC International Limited has informed the Exchange about Loss of share certificate
21-Mar-2022 19:24:21,Schedule of Analysts/Institutional Investor Meet/Con. Call,KEC International Limited has informed the Exchange about Schedule of Analysts/Institutional Investor Meet/Con. Call 
21-Mar-2022 14:13:15,Press Release,"KEC International Limited has informed the Exchange about press release dated 21-Mar-2022 titled KEC International wins New Orders of Rs. 1,005 crores"
12-Mar-2022 20:00:15,Loss of share certificate,KEC International Limited has informed the Exchange about Loss of share certificate
10-Mar-2022 17:19:20,Loss of share certificate,KEC International Limited has informed the Exchange about Loss of share certificates
09-Mar-2022 17:37:06,Loss of share certificate,KEC International Limited has informed the Exchange about Loss of share certificate
08-Mar-2022 18:08:37,Schedule of Analysts/Institutional Investor Meet/Con. Call,KEC International Limited has informed the Exchange about Schedule of Analysts/Institutional Investor Meet/Con. Call 
03-Mar-2022 22:35:27,Press Release,"KEC International Limited has informed the Exchange about press release dated 03-Mar-2022 titled KEC International wins New Orders of Rs. 1,131 crores"
23-Feb-2022 16:39:52,Loss of share certificate,KEC International Limited has informed the Exchange about Loss of share certificate
21-Feb-2022 17:25:20,Schedule of Analysts/Institutional Investor Meet/Con. Call,KEC International Limited has informed the Exchange about Schedule of Analysts/Institutional Investor Meet/Con. Call 
19-Feb-2022 10:55:21,Loss of share certificate,KEC International Limited has informed the Exchange about Loss of share certificate
16-Feb-2022 21:55:09,Analysts/Institutional Investor Meet/Con. Call Updates,KEC International Limited has informed the Exchange about Schedule of meet
15-Feb-2022 19:27:05,Loss of Share Certificates,KEC International Limited has informed the Exchange about Loss of Share Certificate
08-Feb-2022 18:35:44,Loss of Share Certificates,KEC International Limited has informed the Exchange about issuance of Duplicate Share Certificates
07-Feb-2022 16:57:59,Analysts/Institutional Investor Meet/Con. Call Updates,KEC International Limited has informed the Exchange about Schedule of meet
04-Feb-2022 16:57:08,Analysts/Institutional Investor Meet/Con. Call Updates,KEC International Limited has informed the Exchange about Link of the Transcript uploaded on Company's Website
03-Feb-2022 19:13:27,Loss of Share Certificates,KEC International Limited has informed the Exchange about Loss of Share Certificate
02-Feb-2022 17:38:17,Copy of Newspaper Publication,KEC International Limited has informed the Exchange about Copy of Newspaper Publication
01-Feb-2022 17:22:34,Analysts/Institutional Investor Meet/Con. Call Updates,KEC International Limited has informed the Exchange about Link of Recording
31-Jan-2022 20:26:19,Investor Presentation,KEC International Limited has informed the Exchange about Investor Presentation
31-Jan-2022 20:25:16,Press Release,"KEC International Limited has informed the Exchange regarding a press release dated January 31, 2022, titled ""Financial Performance for Quarter and Nine Months ended 31 December 2021""."
31-Jan-2022 20:13:51,Financial Result Updates,"KEC International Limited has submitted to the Exchange, the financial results for the period ended December 31, 2021."
31-Jan-2022 20:11:19,Outcome of Board Meeting,"KEC International Limited has informed the Exchange regarding  Outcome of the Board meeting of the Company held on January 31, 2022."
24-Jan-2022 16:29:36,Analysts/Institutional Investor Meet/Con. Call Updates,KEC International Limited has informed the Exchange about Schedule of meet
21-Jan-2022 18:44:09,Loss of Share Certificates,KEC International Limited has informed the Exchange about Loss of Share Certificate
19-Jan-2022 18:42:44,Loss of Share Certificates,KEC International Limited has informed the Exchange about Loss of Share Certificates
17-Jan-2022 12:57:47,Press Release,"KEC International Limited has informed the Exchange regarding a press release dated January 17, 2022, titled ""KEC International wins New Orders of Rs. 1,112 crores""."
13-Jan-2022 19:15:48,Loss of Share Certificates,KEC International Limited has informed the Exchange about Issuance of Duplicate Share Certificates
12-Jan-2022 16:34:24,Loss of Share Certificates,KEC International Limited has informed the Exchange about Loss of Share Certificate
10-Jan-2022 18:08:55,"Certificate under SEBI (Depositories and Participants) Regulations, 2018","KEC International Limited has informed the Exchange about Certificate under SEBI (Depositories and Participants) Regulations, 2018"
08-Jan-2022 13:45:17,Loss of Share Certificates,KEC International Limited has informed the Exchange about Loss of Share Certificate
07-Jan-2022 16:02:08,Press Release,"KEC International Limited has informed the Exchange regarding a press release dated January 07, 2022, titled ""KEC International wins New Orders of Rs. 1,025 crores""."
30-Dec-2021 10:11:27,Loss of Share Certificates,KEC International Limited has informed the Exchange about Loss of Share Certificate
27-Dec-2021 16:44:35,Trading Window,"KEC International Limited has informed the Exchange regarding the Trading Window closure pursuant to SEBI (Prohibition of Insider Trading) Regulations, 2015"
25-Dec-2021 21:29:37,Loss of Share Certificates,KEC International Limited has informed the Exchange about Loss of Share Certificate
21-Dec-2021 18:45:13,Loss of Share Certificates,KEC International Limited has informed the Exchange about Issuance of Duplicate Share Certificates
17-Dec-2021 18:47:48,Loss of Share Certificates,KEC International Limited has informed the Exchange about Loss of Share Certificates
17-Dec-2021 14:50:54,Press Release,"KEC International Limited has informed the Exchange regarding a press release dated December 17, 2021, titled ""KEC International wins New Orders of Rs. 1,041 crores""."
10-Dec-2021 19:28:54,Loss of Share Certificates,KEC International Limited has informed the Exchange about Loss of Share Certificate
04-Dec-2021 15:16:19,Appointment,"KEC International Limited has informed the Exchange regarding Appointment of Mr Vinayak Chatterjee as Non- Executive Director of the company w.e.f. December 06, 2021."
03-Dec-2021 20:57:29,Loss of Share Certificates,KEC International Limited has informed the Exchange about Loss of Share Certificates
03-Dec-2021 17:44:32,Loss of Share Certificates,KEC International Limited has informed the Exchange about Loss of Share Certificate
03-Dec-2021 11:20:28,Press Release,"KEC International Limited has informed the Exchange regarding a press release dated December 03, 2021, titled ""KEC International wins New Orders of Rs. 1,065 crores""."
27-Nov-2021 17:08:08,Loss of Share Certificates,KEC International Limited has informed the Exchange about Loss of Share Certificate
24-Nov-2021 18:50:12,Loss of Share Certificates,KEC International Limited has informed the Exchange about Loss of Share Certificate
12-Nov-2021 13:49:44,Press Release,"KEC International Limited has informed the Exchange regarding a press release dated November 12, 2021, titled ""KEC International wins New Orders of Rs. 1,415 crores""."
11-Nov-2021 17:09:32,Analysts/Institutional Investor Meet/Con. Call Updates,KEC International Limited has informed the Exchange about Schedule of meet
10-Nov-2021 09:26:53,Analysts/Institutional Investor Meet/Con. Call Updates,KEC International Limited has informed the Exchange about Schedule of meet
01-Nov-2021 16:18:55,Analysts/Institutional Investor Meet/Con. Call Updates,KEC International Limited has informed the Exchange about Link of the Transcript uploaded on Company's Website
29-Oct-2021 16:40:07,Analysts/Institutional Investor Meet/Con. Call Updates,KEC International Limited has informed the Exchange about Link of Recording
29-Oct-2021 16:26:22,Copy of Newspaper Publication,KEC International Limited has informed the Exchange about Copy of Newspaper Publication
28-Oct-2021 14:57:48,Press Release,"KEC International Limited has informed the Exchange regarding a press release dated October 28, 2021, titled ""KEC International wins a New Order of Rs. 1,082 crores""."
27-Oct-2021 20:08:26,Investor Presentation,KEC International Limited has informed the Exchange about Investor Presentation
27-Oct-2021 20:06:30,Press Release,"KEC International Limited has informed the Exchange regarding a press release dated October 27, 2021, titled ""Financial Performance for Quarter and Half Year ended 30 September 2021""."
27-Oct-2021 19:58:34,Financial Result Updates,"KEC International Limited has submitted to the Exchange, the financial results for the period ended September 30, 2021."
27-Oct-2021 19:56:46,Outcome of Board Meeting,"KEC International Limited has informed the Exchange regarding  Outcome of the Board meeting of the Company held on October 27, 2021."
22-Oct-2021 17:32:57,Loss of Share Certificates,KEC International Limited has informed the Exchange about Loss of Share Certificate
21-Oct-2021 21:44:43,Press Release,"KEC International Limited has informed the Exchange regarding a press release dated October 21, 2021, titled ""KEC International wins New Orders of Rs. 1,829 crores""."
20-Oct-2021 16:49:42,Analysts/Institutional Investor Meet/Con. Call Updates,KEC International Limited has informed the Exchange about Schedule of meet
14-Oct-2021 18:40:24,Loss of Share Certificates,KEC International Limited has informed the Exchange about Issuance of Duplicate Share Certificate
14-Oct-2021 18:15:28,Loss of Share Certificates,KEC International Limited has informed the Exchange about Loss of Share Certificate
13-Oct-2021 17:31:50,Updates,KEC International Limited has informed the Exchange regarding 'Completion of Acquisition of Spur Infrastructure Private Limited '.
12-Oct-2021 20:05:06,"Certificate under SEBI (Depositories and Participants) Regulations, 2018","KEC International Limited has informed the Exchange about Certificate under SEBI (Depositories and Participants) Regulations, 2018"
09-Oct-2021 17:55:47,Loss of Share Certificates,KEC International Limited has informed the Exchange about Loss of Share Certificate
06-Oct-2021 19:16:30,Loss of Share Certificates,KEC International Limited has informed the Exchange about Loss of Share Certificates
02-Oct-2021 13:24:39,Loss of Share Certificates,KEC International Limited has informed the Exchange about Loss of Share Certificate
29-Sep-2021 18:47:44,Loss of Share Certificates,KEC International Limited has informed the Exchange about Loss of Share Certificate
28-Sep-2021 16:44:12,Trading Window,"KEC International Limited has informed the Exchange regarding the Trading Window closure pursuant to SEBI (Prohibition of Insider Trading) Regulations, 2015"
28-Sep-2021 16:35:57,Loss of Share Certificates,KEC International Limited has informed the Exchange about Loss of Share Certificate
25-Sep-2021 11:21:40,Loss of Share Certificates,KEC International Limited has informed the Exchange about issuance of Duplicate Share Certificates
24-Sep-2021 21:12:30,Loss of Share Certificates,KEC International Limited has informed the Exchange about Loss of Share Certificate
23-Sep-2021 19:37:13,Loss of Share Certificates,KEC International Limited has informed the Exchange about Loss of Share Certificate
22-Sep-2021 22:09:56,Analysts/Institutional Investor Meet/Con. Call Updates,KEC International Limited has informed the Exchange about Analysts/Institutional Investor Meet/Con. Call Updates
21-Sep-2021 17:28:06,Press Release,"KEC International Limited has informed the Exchange regarding a press release dated September 21, 2021, titled ""KEC International wins New Orders of Rs. 1,157 crores""."
20-Sep-2021 19:54:19,Analysts/Institutional Investor Meet/Con. Call Updates,KEC International Limited has informed the Exchange about Analysts/Institutional Investor Meet/Con. Call Updates
18-Sep-2021 19:39:15,Press Release,"KEC International Limited has informed the Exchange regarding a press release dated September 18, 2021, titled ""KEC International acquires an EPC company in the Oil and Gas Pipelines sector ""."
18-Sep-2021 19:32:31,Acquisition,"This is to inform you that the Company has today entered into a definitive agreement to acquire 100% equity shares of Spur Infrastructure Private Limited, an Ahmedabad based EPC company engaged in set"
16-Sep-2021 17:06:16,Loss of Share Certificates,KEC International Limited has informed the Exchange about Loss of Share Certificates
14-Sep-2021 18:20:12,Loss of Share Certificates,KEC International Limited has informed the Exchange about Loss of Share Certificate
13-Sep-2021 13:23:46,Analysts/Institutional Investor Meet/Con. Call Updates,KEC International Limited has informed the Exchange about Analysts/Institutional Investor Meet/Con. Call Updates
10-Sep-2021 11:37:40,Loss of Share Certificates,KEC International Limited has informed the Exchange about Loss of Share Certificate
06-Sep-2021 17:39:43,Loss of Share Certificates,KEC International Limited has informed the Exchange about Loss of Share Certificates
04-Sep-2021 16:59:04,Loss of Share Certificates,KEC International Limited has informed the Exchange about Loss of Share Certificate
02-Sep-2021 17:30:05,Loss of Share Certificates,KEC International Limited has informed the Exchange about Loss of Share Certificate
30-Aug-2021 17:57:44,Loss of Share Certificates,KEC International Limited has informed the Exchange about Loss of Share Certificate
30-Aug-2021 17:52:39,Analysts/Institutional Investor Meet/Con. Call Updates,KEC International Limited has informed the Exchange about Analysts/Institutional Investor Meet/Con. Call Updates
26-Aug-2021 18:30:43,Loss of Share Certificates,KEC International Limited has informed the Exchange about Issuance of Duplicate Share Certificate
19-Aug-2021 18:06:18,Loss of Share Certificates,KEC International Limited has informed the Exchange about Loss of Share Certificates
06-Aug-2021 18:34:39,Analysts/Institutional Investor Meet/Con. Call Updates,KEC International Limited has informed the Exchange about Analysts/Institutional Investor Meet/Con. Call Updates
05-Aug-2021 17:43:21,Analysts/Institutional Investor Meet/Con. Call Updates,KEC International Limited has informed the Exchange about Analysts/Institutional Investor Meet/Con. Call Updates
05-Aug-2021 16:44:37,Loss of Share Certificates,KEC International Limited has informed the Exchange about Loss of Share Certificate
04-Aug-2021 23:10:17,Shareholders meeting,"KEC International Limited has informed the Exchange regarding Proceedings of Annual General Meeting held on August 04, 2021. Further, the company has submitted the Exchange a copy of Srutinizers repor"
02-Aug-2021 18:26:24,Copy of Newspaper Publication,KEC International Limited has informed the Exchange about Copy of Newspaper Publication
30-Jul-2021 20:16:49,Investor Presentation,KEC International Limited has informed the Exchange about Investor Presentation
30-Jul-2021 20:15:34,Press Release,"KEC International Limited has informed the Exchange regarding a press release dated July 30, 2021, titled ""Financial Performance for Quarter ended June 30, 2021""."
30-Jul-2021 20:00:04,Financial Result Updates,"KEC International Limited has submitted to the Exchange, the financial results for the period ended June 30, 2021."
30-Jul-2021 19:57:20,Outcome of Board Meeting,"KEC International Limited has informed the Exchange regarding  Outcome of the Board meeting of the Company held on July 30, 2021."
30-Jul-2021 08:33:20,Press Release,"KEC International Limited has informed the Exchange regarding a press release dated July 30, 2021, titled ""KEC International wins New Orders of Rs. 1,503 crores""."
23-Jul-2021 19:28:55,Analysts/Institutional Investor Meet/Con. Call Updates,KEC International Limited has informed the Exchange about Analysts/Institutional Investor Meet/Con. Call Updates
15-Jul-2021 21:05:18,Loss of Share Certificates,KEC International Limited has informed the Exchange about Issuance of Duplicate Share Certificate
13-Jul-2021 18:51:37,Copy of Newspaper Publication,KEC International Limited has informed the Exchange about Copy of Newspaper Publication
12-Jul-2021 16:34:05,Shareholders meeting,"KEC International Limited has informed the Exchange regarding Notice of Annual General Meeting to be held on August 04, 2021"
10-Jul-2021 17:42:49,Copy of Newspaper Publication,KEC International Limited has informed the Exchange about Copy of Newspaper Publication
09-Jul-2021 20:14:28,Record Date,KEC International Limited has informed the Exchange that Record date for the purpose of Final Dividend  is 21-Jul-2021.
09-Jul-2021 19:07:47,"Certificate under SEBI (Depositories and Participants) Regulations, 2018","KEC International Limited has informed the Exchange about Certificate under SEBI (Depositories and Participants) Regulations, 2018"
09-Jul-2021 18:33:02,Loss of Share Certificates,KEC International Limited has informed the Exchange about Loss of Share Certificate
05-Jul-2021 18:59:53,Loss of Share Certificates,KEC International Limited has informed the Exchange about Loss of Share Certificate
01-Jul-2021 19:36:22,Loss of Share Certificates,KEC International Limited has informed the Exchange about Loss of Share Certificate
28-Jun-2021 18:40:55,Updates,KEC International Limited has informed the Exchange regarding 'Video recording of RPG Annual Investor Conference 2021'.
25-Jun-2021 18:11:27,Trading Window,"KEC International Limited has informed the Exchange regarding the Trading Window closure pursuant to SEBI (Prohibition of Insider Trading) Regulations, 2015"
19-Jun-2021 21:39:09,Loss of Share Certificates,KEC International Limited has informed the Exchange about Loss of Share Certificate
17-Jun-2021 13:44:56,Analysts/Institutional Investor Meet/Con. Call Updates,KEC International Limited has informed the Exchange about Analysts/Institutional Investor Meet/Con. Call Updates
16-Jun-2021 19:43:29,Credit Rating,KEC International Limited has informed the Exchange about Credit Rating
16-Jun-2021 16:24:28,Loss of Share Certificates,KEC International Limited has informed the Exchange about Loss of Share Certificate
15-Jun-2021 22:49:39,Press Release,"KEC International Limited has informed the Exchange regarding a press release dated Jun 15, 2021, titled ""KEC International wins New Orders of Rs. 937 crores""."
14-Jun-2021 19:44:26,Investor Presentation,KEC International Limited has informed the Exchange about Investor Presentation
09-Jun-2021 17:48:52,Analysts/Institutional Investor Meet/Con. Call Updates,KEC International Limited has informed the Exchange about Analysts/Institutional Investor Meet/Con. Call Updates
07-Jun-2021 18:54:24,Related Party Transactions,KEC International Limited has informed the Exchange about related Party Transactions
03-Jun-2021 19:29:48,Loss of Share Certificates,KEC International Limited has informed the Exchange about Issuance of Duplicate Share Certificates
31-May-2021 18:29:36,Loss of Share Certificates,KEC International Limited has informed the Exchange about Loss of Share Certificate
29-May-2021 19:42:47,Loss of Share Certificates,KEC International Limited has informed the Exchange about Loss of Share Certificate
26-May-2021 19:04:37,Updates,KEC International Limited has informed the Exchange regarding 'Communication to Shareholders on Tax Deduction at Source / Withholding Tax on Dividend'.
25-May-2021 19:17:52,Updates,KEC International Limited has informed the Exchange regarding 'Notice to the Shareholders intimating about Transfer of Equity Shares of the Company to Investor Education and Protection Fund (IEPF) Acc
22-May-2021 18:34:34,Loss of Share Certificates,KEC International Limited has informed the Exchange about Loss of Share Certificate
19-May-2021 16:19:01,Analysts/Institutional Investor Meet/Con. Call Updates,KEC International Limited has informed the Exchange about Analysts/Institutional Investor Meet/Con. Call Updates
13-May-2021 19:39:43,Copy of Newspaper Publication,KEC International Limited has informed the Exchange about Copy of Newspaper Publication
12-May-2021 20:59:34,Press Release,"KEC International Limited has informed the Exchange regarding a press release dated May 12, 2021, titled ""KEC International wins New Orders of Rs. 1,514 crores""."
11-May-2021 20:48:51,Investor Presentation,KEC International Limited has informed the Exchange about Investor Presentation
11-May-2021 20:47:55,Press Release,"KEC International Limited has informed the Exchange regarding a press release dated May 11, 2021, titled ""Financial Performance for Quarter & Year ended 31 March 2021""."
11-May-2021 20:36:31,Dividend Updates,"KEC International Limited has informed the Exchange about Dividend Updates for financial year ended March 31, 2021"
11-May-2021 20:34:22,Financial Result Updates,"KEC International Limited has submitted to the Exchange, the financial results for the period ended March 31, 2021."
11-May-2021 20:31:47,Outcome of Board Meeting,"KEC International Limited has informed the Exchange regarding  Outcome of the Board meeting of the Company held on May 11, 2021."
04-May-2021 19:31:33,Copy of Newspaper Publication,KEC International Limited has informed the Exchange about Copy of Newspaper Publication
03-May-2021 15:41:17,Analysts/Institutional Investor Meet/Con. Call Updates,KEC International Limited has informed the Exchange about Analysts/Institutional Investor Meet/Con. Call Updates
30-Apr-2021 19:11:29,Loss of Share Certificates,KEC International Limited has informed the Exchange about Issuance of Duplicate Share Certificates
21-Apr-2021 13:29:37,Press Release,"KEC International Limited has informed the Exchange regarding a press release dated April 21, 2021, titled ""KEC International wins New Orders of Rs. 1,245 crores""."
17-Apr-2021 19:33:37,Press Release,"KEC International Limited has informed the Exchange regarding a press release dated April 17, 2021, titled ""Resumption of WKTL Transmission Project""."
16-Apr-2021 12:30:12,Disclosure under SEBI Takeover Regulations,"Promoter/Member of the Promoter Group of the Company has informed the Exchange regarding disclosure under Regulation 30 and 31(4) of SEBI SAST Regulations, 2011��as at March 31, 2021."
09-Apr-2021 18:58:07,"Certificate under SEBI (Depositories and Participants) Regulations, 2018","KEC International Limited has informed the Exchange about Certificate under SEBI (Depositories and Participants) Regulations, 2018"
26-Mar-2021 18:33:05,Loss of Share Certificates,KEC International Limited has informed the Exchange about Loss of Share Certificates
26-Mar-2021 16:56:11,Trading Window,"KEC International Limited has informed the Exchange regarding the Trading Window closure pursuant to SEBI (Prohibition of Insider Trading) Regulations, 2015"
25-Mar-2021 18:34:13,Loss of Share Certificates,KEC International Limited has informed the Exchange about Issuance of Duplicate Share Certificate
22-Mar-2021 17:37:36,Press Release,"KEC International Limited has informed the Exchange regarding a press release dated March 22, 2021, titled ""KEC International wins New Orders of Rs. 1,429 crores""."
19-Mar-2021 18:29:10,Loss of Share Certificates,KEC International Limited has informed the Exchange about Loss of Share Certificate
18-Mar-2021 17:36:48,Loss of Share Certificates,KEC International Limited has informed the Exchange about Loss of Share Certificate
17-Mar-2021 18:26:47,Analysts/Institutional Investor Meet/Con. Call Updates,KEC International Limited has informed the Exchange about Analysts/Institutional Investor Meet/Con. Call Updates
10-Mar-2021 18:28:37,Loss of Share Certificates,KEC International Limited has informed the Exchange about Loss of Share Certificates
03-Mar-2021 18:17:03,Loss of Share Certificates,KEC International Limited has informed the Exchange about Issuance of Duplicate Share Certificates
28-Feb-2021 20:30:12,Press Release,"KEC International Limited has informed the Exchange regarding a press release dated February 28, 2021, titled ""KEC International wins New Orders of Rs. 1,140 crore""."
19-Feb-2021 18:48:10,Analysts/Institutional Investor Meet/Con. Call Updates,KEC International Limited has informed the Exchange about Analysts/Institutional Investor Meet/Con. Call Updates
16-Feb-2021 21:18:59,Press Release,"KEC International Limited has informed the Exchange regarding a press release dated February 16, 2021, titled ""KEC International wins New Orders of Rs. 1,681 crore""."
15-Feb-2021 19:12:40,Analysts/Institutional Investor Meet/Con. Call Updates,KEC International Limited has informed the Exchange about Analysts/Institutional Investor Meet/Con. Call Updates
11-Feb-2021 20:45:01,Analysts/Institutional Investor Meet/Con. Call Updates,KEC International Limited has informed the Exchange about Analysts/Institutional Investor Meet/Con. Call Updates
11-Feb-2021 19:19:24,Loss of Share Certificates,KEC International Limited has informed the Exchange about Issuance of Duplicate Share Certificates
01-Feb-2021 17:25:55,Loss of Share Certificates,KEC International Limited has informed the Exchange about Loss of Share Certificate
30-Jan-2021 11:41:33,Copy of Newspaper Publication,KEC International Limited has informed the Exchange about Copy of Newspaper Publication
28-Jan-2021 20:17:06,"Code of Conduct under SEBI(PIT) Reg., 2015","KEC International Limited has informed the Exchange about Code of Conduct under SEBI(PIT) Reg., 2015"
28-Jan-2021 20:00:49,Investor Presentation,KEC International Limited has informed the Exchange about Investor Presentation
28-Jan-2021 19:59:19,Press Release,"KEC International Limited has informed the Exchange regarding a press release dated January 28, 2021, titled ""Financial Performance for Quarter & Nine Months ended 31 December 2020""."
28-Jan-2021 19:45:17,Financial Result Updates,"KEC International Limited has submitted to the Exchange, the financial results for the period ended December 31, 2020."
28-Jan-2021 19:42:38,Outcome of Board Meeting,"KEC International Limited has informed the Exchange regarding  Outcome of the Board meeting of the Company held on January 28, 2021."
21-Jan-2021 19:47:18,Copy of Newspaper Publication,KEC International Limited has informed the Exchange about Copy of Newspaper Publication
20-Jan-2021 16:26:19,Analysts/Institutional Investor Meet/Con. Call Updates,KEC International Limited has informed the Exchange about Analysts/Institutional Investor Meet/Con. Call Updates
15-Jan-2021 17:33:43,Loss of Share Certificates,KEC International Limited has informed the Exchange about Issuance of Duplicate Share Certificates
14-Jan-2021 18:59:37,Loss of Share Certificates,KEC International Limited has informed the Exchange about Loss of Share Certificates
11-Jan-2021 19:39:06,Updates,"KEC International Limited has informed the Exchange regarding 'Certificate under Regulation 74(5) of SEBI (Depositories and Participants) Regulations, 2018'."
10-Jan-2021 19:08:08,Press Release,"KEC International Limited has informed the Exchange regarding a press release dated January 10, 2021, titled ""KEC International wins New Orders of Rs. 1,024 crore""."
31-Dec-2020 18:04:09,Loss of Share Certificates,KEC International Limited has informed the Exchange about Loss of Share Certificates
28-Dec-2020 16:23:42,Trading Window,"KEC International Limited has informed the Exchange regarding the Trading Window closure pursuant to SEBI (Prohibition of Insider Trading) Regulations, 2015"
15-Dec-2020 18:05:12,Analysts/Institutional Investor Meet/Con. Call Updates,KEC International Limited has informed the Exchange about Analysts/Institutional Investor Meet/Con. Call Updates
15-Dec-2020 18:00:03,Loss of Share Certificates,KEC International Limited has informed the Exchange about Issue of Duplicate Share Certificates
12-Dec-2020 16:00:57,Press Release,"KEC International Limited has informed the Exchange regarding a press release dated December 12, 2020, titled ""KEC International wins New Orders of Rs. 1,438 Crore""."
08-Dec-2020 18:41:44,Analysts/Institutional Investor Meet/Con. Call Updates,KEC International Limited has informed the Exchange about Analysts/Institutional Investor Meet/Con. Call Updates
02-Dec-2020 19:01:40,Loss of Share Certificates,KEC International Limited has informed the Exchange about Issue of Duplicate Share Certificates
02-Dec-2020 10:15:25,Analysts/Institutional Investor Meet/Con. Call Updates,KEC International Limited has informed the Exchange about Analysts/Institutional Investor Meet/Con. Call Updates
01-Dec-2020 17:23:12,Credit Rating,KEC International Limited has informed the Exchange about Credit Rating
26-Nov-2020 17:44:22,Loss of Share Certificates,KEC International Limited has informed the Exchange about Loss of Share Certificates
25-Nov-2020 18:25:05,Loss of Share Certificates,KEC International Limited has informed the Exchange about Loss of Share Certificate
24-Nov-2020 17:40:15,Loss of Share Certificates,KEC International Limited has informed the Exchange about Loss of Share Certificate
17-Nov-2020 18:07:12,Related Party Transactions,KEC International Limited has informed the Exchange about submission of half yearly disclosure on Related Party Transactions.
12-Nov-2020 19:15:56,Analysts/Institutional Investor Meet/Con. Call Updates,KEC International Limited has informed the Exchange about Analysts/Institutional Investor Meet/Con. Call Updates
12-Nov-2020 16:43:06,Loss of Share Certificates,KEC International Limited has informed the Exchange about Issue of Duplicate Share Certificate
09-Nov-2020 18:46:32,Analysts/Institutional Investor Meet/Con. Call Updates,KEC International Limited has informed the Exchange about Analysts/Institutional Investor Meet/Con. Call Updates
06-Nov-2020 19:07:03,Copy of Newspaper Publication,KEC International Limited has informed the Exchange about Copy of Newspaper Publication
05-Nov-2020 14:47:19,Analysts/Institutional Investor Meet/Con. Call Updates,KEC International Limited has informed the Exchange about Analysts/Institutional Investor Meet/Con. Call Updates
04-Nov-2020 20:03:47,Investor Presentation,KEC International Limited has informed the Exchange about Investor Presentation
04-Nov-2020 20:01:30,Press Release,"KEC International Limited has informed the Exchange regarding a press release dated November 04, 2020, titled ""Financial Performance for Quarter and Half year ended 30 September 2020""."
04-Nov-2020 19:48:36,Financial Result Updates,"KEC International Limited has submitted to the Exchange, the financial results for the period ended September 30, 2020."
04-Nov-2020 19:44:51,Outcome of Board Meeting,"KEC International Limited has informed the Exchange regarding  Outcome of Board meeting of the Company held on November 04, 2020."
28-Oct-2020 17:18:10,Copy of Newspaper Publication,KEC International Limited has informed the Exchange about Copy of Newspaper Publication
28-Oct-2020 10:45:59,Analysts/Institutional Investor Meet/Con. Call Updates,KEC International Limited has informed the Exchange about Analysts/Institutional Investor Meet/Con. Call Updates
22-Oct-2020 19:59:07,Loss of Share Certificates,KEC International Limited has informed the Exchange about Issuance of Duplicate Share Certificates
16-Oct-2020 19:43:37,Loss of Share Certificates,KEC International Limited has informed the Exchange about Loss of Share Certificate
15-Oct-2020 19:10:09,Loss of Share Certificates,KEC International Limited has informed the Exchange about Loss of Share Certificate
13-Oct-2020 20:05:30,Updates,"KEC International Limited has informed the Exchange regarding 'Certificate under Regulation 74(5) of SEBI (Depositories and Participants) Regulations, 2018'."
07-Oct-2020 18:53:56,Loss of Share Certificates,KEC International Limited has informed the Exchange about Loss of Share Certificate
01-Oct-2020 08:28:33,Press Release,"KEC International Limited has informed the Exchange regarding a press release dated October 01, 2020, titled ""KEC International wins New Orders of Rs. 1,033 crore""."
30-Sep-2020 18:25:22,Loss of Share Certificates,KEC International Limited has informed the Exchange about Loss of Share Certificates
29-Sep-2020 20:25:20,Analysts/Institutional Investor Meet/Con. Call Updates,KEC International Limited has informed the Exchange about Analysts/Institutional Investor Meet/Con. Call Updates
28-Sep-2020 17:25:35,Trading Window,"KEC International Limited has informed the Exchange regarding the Trading Window closure pursuant to SEBI (Prohibition of Insider Trading) Regulations, 2015"
23-Sep-2020 17:46:28,Loss of Share Certificates,KEC International Limited has informed the Exchange about Loss of Share Certificate
11-Sep-2020 18:01:37,Loss of Share Certificates,KEC International Limited has informed the Exchange about Loss of Share Certificate
09-Sep-2020 18:49:19,Loss of Share Certificates,KEC International Limited has informed the Exchange about Loss of Share Certificates
09-Sep-2020 18:44:28,Loss of Share Certificates,KEC International Limited has informed the Exchange about Loss of Share Certificates
03-Sep-2020 22:22:42,Press Release,"KEC International Limited has informed the Exchange regarding a press release dated September 03, 2020, titled ""KEC International wins New Orders of Rs. 1,401 crore""."
03-Sep-2020 17:14:32,Loss of Share Certificates,KEC International Limited has informed the Exchange about Loss of Share Certificates
02-Sep-2020 18:09:56,Loss of Share Certificates,KEC International Limited has informed the Exchange about Loss of Share Certificates
27-Aug-2020 18:34:07,Loss of Share Certificates,KEC International Limited has informed the Exchange about Loss of Share Certificates
26-Aug-2020 18:13:37,Loss of Share Certificates,KEC International Limited has informed the Exchange about Issue of Duplicate Share Certificates
22-Aug-2020 15:26:47,Loss of Share Certificates,KEC International Limited has informed the Exchange about Loss of Share Certificates
12-Aug-2020 16:53:37,Copy of Newspaper Publication,KEC International Limited has informed the Exchange about Copy of Newspaper Publication
10-Aug-2020 19:34:11,Investor Presentation,KEC International Limited has informed the Exchange about Investor Presentation
10-Aug-2020 19:32:04,Press Release,"KEC International Limited has informed the Exchange regarding a press release dated August 10, 2020, titled ""Financial Performance for Quarter ended June 30, 2020""."
10-Aug-2020 19:18:04,Financial Result Updates,"KEC International Limited has submitted to the Exchange, the financial results for the period ended June 30, 2020."
10-Aug-2020 19:14:36,Outcome of Board Meeting,"KEC International Limited has informed the Exchange regarding  Outcome of Board meeting of the Company held on August 10, 2020."
07-Aug-2020 20:48:41,Shareholders meeting,"KEC International Limited has informed the Exchange regarding Proceedings of Annual General Meeting held on August 07, 2020. Further, the company has submitted the Exchange a copy of Srutinizers repor"
04-Aug-2020 20:56:31,Copy of Newspaper Publication,KEC International Limited has informed the Exchange about Copy of Newspaper Publication
03-Aug-2020 20:05:30,Analysts/Institutional Investor Meet/Con. Call Updates,KEC International Limited has informed the Exchange about Analysts/Institutional Investor Meet/Con. Call Updates
03-Aug-2020 17:11:40,Press Release,"KEC International Limited has informed the Exchange regarding a press release dated August 03, 2020, titled ""KEC International wins New Orders of Rs. 1,192 crore""."
22-Jul-2020 17:42:00,Loss of Share Certificates,KEC International Limited has informed the Exchange about Loss of Share Certificates as intimated by its Registrar and Share Transfer Agents.
16-Jul-2020 11:12:00,Updates,"KEC International Limited has informed the Exchange regarding 'Newspaper Advertisement regarding the ensuing Annual General Meeting of the Company to be held on August 7, 2020'."
14-Jul-2020 11:54:00,Shareholders meeting,"KEC International Limited has informed the Exchange regarding Notice of Annual General Meeting to be held on August 07, 2020"
13-Jul-2020 16:16:00,Updates,"KEC International Limited has informed the Exchange regarding ' Regulation 74(5) of SEBI (Depositories and Participants) Regulations, 2018'."
11-Jul-2020 12:45:00,Updates,KEC International Limited has informed the Exchange regarding 'Newspaper Advertisement'.
27-Jun-2020 13:28:00,Trading Window,"KEC International Limited has informed the Exchange regarding the Trading Window closure pursuant to SEBI (Prohibition of Insider Trading) Regulations, 2015"
23-Jun-2020 19:14:00,Updates,KEC International Limited has informed the Exchange regarding 'Repurchase of Non- Convertible Debentures'.
23-Jun-2020 18:28:00,Updates,KEC International Limited has informed the Exchange regarding 'Repurchase of Non- Convertible Debentures'.
23-Jun-2020 17:25:00,Related Party Transactions,KEC International Limited has informed the Exchange regarding Submission of half yearly Disclosure on Related party Transactions.
19-Jun-2020 13:17:00,Updates,KEC International Limited has informed the Exchange regarding 'Notice to the shareholders intimating about transfer of Equity Shares of the Company to Investor Education and Protection Fund (IEPF) Sus
04-Jun-2020 15:59:00,Committee Meeting Updates,"KEC International Limited has informed the Exchange regarding Outcome of Committee Meeting held on Jun 04, 2020."
01-Jun-2020 19:44:00,Committee Meeting Updates,"KEC International Limited has informed the Exchange regarding Committee Meeting to be held on Jun 04, 2020."
29-May-2020 15:30:00,Investor Presentation,KEC International Limited has informed the Exchange regarding Investor Presentation
29-May-2020 15:26:00,Press Release,"KEC International Limited has informed the Exchange regarding a press release dated May 29, 2020, titled ""Financial Performance for Q4 and year ended March 31, 2020""."
29-May-2020 14:57:32,Financial Result Updates,"KEC International Limited has submitted to the Exchange, the financial results for the period ended March 31, 2020."
29-May-2020 14:53:00,Outcome of Board Meeting,"Outcome of Board meeting held on May 29, 2020"
28-May-2020 18:40:00,Disclosure under SEBI Takeover Regulations,"Promoters of KEC International Limited has informed the exchange regarding disclosure under regulation 31(4) of SEBI (SAST) Regulations, 2011."
25-May-2020 12:47:00,Analysts/Institutional Investor Meet/Con. Call Updates,KEC International Limited has informed the Exchange regarding Analysts/Institutional Investor Meet/Con. Call Updates
21-May-2020 10:43:00,Disclosure under SEBI Takeover Regulations,"Promoters of KEC International Limited has informed the Exchange regarding disclosure under regulation 30(2) od SEBI (SAST) Regulations, 2011"
19-May-2020 07:55:00,Press Release,"KEC International Limited has informed the Exchange regarding a press release dated May 19, 2020, titled ""New Orders worth Rs. 1,203 Crore""."
30-Apr-2020 10:02:00,Updates,KEC International Limited has informed the Exchange regarding 'Update related to COVID -19-Resumption of work at all factories'.
29-Apr-2020 16:18:00,Updates,"KEC International Limited has informed the Exchange regarding 'Regulation 74(5) of SEBI (Depositories and Participants) Regulations, 2018'."
20-Apr-2020 18:26:00,Updates,KEC International Limited has informed the Exchange regarding 'Update related to COVID &#8208;19&#8208;Partial resumption of work'.
30-Mar-2020 17:39:00,Trading Window,"KEC International Limited has informed the Exchange regarding the Trading Window closure pursuant to SEBI (Prohibition of Insider Trading) Regulations, 2015"
23-Mar-2020 16:36:00,Updates,KEC International Limited has informed the Exchange regarding 'Update related to COVID&#8208;19'.
18-Mar-2020 09:48:00,Press Release,"KEC International Limited has informed the Exchange regarding a press release dated March 18, 2020, titled ""Press Release   New Orders worth Rs. 1,047 Crore""."
17-Mar-2020 17:45:00,Analysts/Institutional Investor Meet/Con. Call Updates,KEC International Limited has informed the Exchange regarding Analysts/Institutional Investor Meet/Con. Call Updates
16-Mar-2020 19:34:00,Updates,"KEC International Limited has informed the Exchange regarding 'Update on acquisition of  100% shareholding of its step-down subsidiary KEC International (Malaysia) Sdn. Bhd. from KEC Global Mauritius,"
24-Feb-2020 08:20:00,Press Release,"KEC International Limited has informed the Exchange regarding a press release dated February 24, 2020, titled ""Press Release for Acquisition of a Power Transmission Towermanufacturing facility in Duba"
14-Feb-2020 16:16:00,Analysts/Institutional Investor Meet/Con. Call Updates,KEC International Limited has informed the Exchange regarding Analysts/Institutional Investor Meet/Con. Call Updates
13-Feb-2020 19:09:00,Acquisition,"We wish to inform that the Company has today entered into a Share Purchase Agreement with KEC Global Mauritius, its wholly owned subsidiary ( KEC Global ), to acquire 100% shares of step down subsidia"
10-Feb-2020 18:25:00,Updates,"KEC International Limited has informed the Exchange regarding 'Newspaper Publication for the Financial Results of the Company for the quarter and nine months ended December 31, 2019'."
10-Feb-2020 13:00:00,Analysts/Institutional Investor Meet/Con. Call Updates,KEC International Limited has informed the Exchange regarding Analysts/Institutional Investor Meet/Con. Call Updates
07-Feb-2020 18:10:00,Dividend Updates,"KEC International Limited has informed the Exchange that The Board of Directors at its meeting held on February 07, 2020 has declared an interim dividend of Rs. 3.40 per equity share, of face value of"
07-Feb-2020 17:55:00,"Code of Conduct under SEBI(PIT) Reg., 2015","KEC International Limited has informed the Exchange regarding the Code of Conduct under SEBI(PIT) Reg., 2015"
07-Feb-2020 17:45:00,Investor Presentation,KEC International Limited has informed the Exchange regarding Investor Presentation
07-Feb-2020 17:38:00,Press Release,"KEC International Limited has informed the Exchange regarding a press release dated February 07, 2020, titled ""Press Release for Q3 and 9M FY20 Performance""."
07-Feb-2020 17:29:55,Financial Result Updates,"KEC International Limited has submitted to the Exchange, the financial results for the period ended December 31, 2019."
07-Feb-2020 17:26:00,Outcome of Board Meeting,"Outcome of Board Meeting of the Company held on February 07, 2020"
04-Feb-2020 16:55:00,Record Date,"KEC International Limited has informed the Exchange that the Company has fixed Record Date as February 15, 2020 for the purpose of Payment of Interim Dividend"
03-Feb-2020 16:55:00,Updates,"KEC International Limited has informed the Exchange regarding 'Newspaper Notice published intimating about the meeting of Board of Directors of the Company scheduled to be held on Friday, February 07,"
31-Jan-2020 10:45:00,Analysts/Institutional Investor Meet/Con. Call Updates,"KEC International Limited has informed the Exchange regarding Analysts/Institutional Investor Meet/Con. Call Updates to be held on  Friday, February 07, 2020 at 5:30 p.m. on its Unaudited Financial Re"
23-Jan-2020 14:11:00,Press Release,"KEC International Limited has informed the Exchange regarding a press release dated January 23, 2020, titled ""We are pleased to enclose a copy of the press release with respect to new orders of Rs. 1,"
07-Jan-2020 17:10:00,Updates,"KEC International Limited has informed the Exchange regarding 'Regulation 74(5) of the SEBI (Depositories and Participants) Regulations, 2018.'."
02-Jan-2020 16:56:00,Analysts/Institutional Investor Meet/Con. Call Updates,KEC International Limited has informed the Exchange regarding Analysts/Institutional Investor Meet/Con. Call Updates
23-Dec-2019 17:02:00,Trading Window,"KEC International Limited has informed the Exchange regarding the Trading Window closure pursuant to SEBI (Prohibition of Insider Trading) Regulations, 2015"
21-Dec-2019 13:18:00,Press Release,"KEC International Limited has informed the Exchange regarding a press release dated December 21, 2019, titled ""Press Release   New Orders worth Rs. 1520 Crore""."
06-Dec-2019 14:18:00,Press Release,"KEC International Limited has informed the Exchange regarding a press release dated December 06, 2019, titled ""Press Release   New Orders worth Rs. 1,025 Crore""."
04-Dec-2019 19:32:00,Related Party Transactions,KEC International Limited has informed the Exchange regarding Submission of half yearly Disclosure on Related party transactions.
02-Dec-2019 17:08:00,Analysts/Institutional Investor Meet/Con. Call Updates,KEC International Limited has informed the Exchange regarding Analysts/Institutional Investor Meet/Con. Call Updates
13-Nov-2019 15:03:00,Press Release,"KEC International Limited has informed the Exchange regarding a press release dated November 13, 2019, titled ""Press Release   New Orders worth Rs. 2255 Crore""."
12-Nov-2019 14:29:00,Analysts/Institutional Investor Meet/Con. Call Updates,KEC International Limited has informed the Exchange regarding Analysts/Institutional Investor Meet/Con. Call Updates
11-Nov-2019 19:13:00,Updates,"KEC International Limited has informed the Exchange regarding 'Pursuant to Regulations 30 and 47 of the SEBI (Listing Obligations and Disclosure Requirements) Regulations, 2015, please find enclosed h"
08-Nov-2019 17:26:00,Change in Director(s),KEC International Limited has informed the Exchange regarding Change in Director(s) of the company.
08-Nov-2019 17:16:00,Investor Presentation,"KEC International Limited has informed the Exchange regarding Investor Presentation on the Unaudited Financial Results of the Company for the quarter and half year ended on September 30, 2019 as sent "
08-Nov-2019 16:23:00,Investor Presentation,"KEC International Limited has informed the Exchange regarding Investor Presentation on the Unaudited Financial Results of the Company for the quarter and half year ended on September 30, 2019 as sent "
08-Nov-2019 16:16:00,Press Release,"KEC International Limited has informed the Exchange regarding a press release dated November 08, 2019, titled ""Press Release for Q2 and H1 FY20 Performance""."
08-Nov-2019 16:04:00,Outcome of Board Meeting,"KEC International Limited has informed the Exchange regarding Outcome of Board Meeting held on November 08, 2019."
08-Nov-2019 16:01:05,Financial Result Updates,"KEC International Limited has submitted to the Exchange, the financial results for the period ended September 30, 2019."
04-Nov-2019 08:43:00,Press Release,"KEC International Limited has informed the Exchange regarding a press release dated November 04, 2019, titled ""Press Release   New Orders worth Rs. 1806 Crore""."
01-Nov-2019 16:37:00,Updates,"KEC International Limited has informed the Exchange regarding 'In terms of Regulation 30 of the SEBI (Listing Obligations and Disclosure Requirements) Regulations, 2015, please find enclosed herewith "
31-Oct-2019 17:08:00,Analysts/Institutional Investor Meet/Con. Call Updates,"KEC International Limited has informed the Exchange regarding Analysts/Institutional Investor Meet/Con. Call Updates to be held  on Friday, November 08, 2019 at 5:00 p.m. on its Unaudited Financial Re"
11-Oct-2019 17:15:00,Updates,"KEC International Limited has informed the Exchange regarding 'Certificate under Regulation 74(5) of SEBI (Depositories and Participants) Regulations, 2018'."
24-Sep-2019 19:22:00,Trading Window,"KEC International Limited has informed the Exchange regarding the Trading Window closure pursuant to SEBI (Prohibition of Insider Trading) Regulations, 2015"
06-Sep-2019 18:02:00,Analysts/Institutional Investor Meet/Con. Call Updates,KEC International Limited has informed the Exchange regarding Analysts/Institutional Investor Meet/Con. Call Updates
30-Aug-2019 17:30:00,Analysts/Institutional Investor Meet/Con. Call Updates,KEC International Limited has informed the Exchange regarding Analysts/Institutional Investor Meet/Con. Call Updates
27-Aug-2019 17:36:00,Updates,KEC International Limited has informed the Exchange regarding 'Intimation regarding proposed transfer of physical shares (Newspaper Advertisement) '.
19-Aug-2019 15:02:00,Press Release,"KEC International Limited has informed the Exchange regarding a press release dated August 19, 2019, titled ""Press Release �� New Orders worth Rs. 845 Crore""."
16-Aug-2019 19:41:00,Analysts/Institutional Investor Meet/Con. Call Updates,KEC International Limited has informed the Exchange regarding Analysts/Institutional Investor Meet/Con. Call Updates
12-Aug-2019 17:51:00,Change in Director(s),KEC International Limited has informed the Exchange regarding Change in Director(s) of the company.
09-Aug-2019 19:41:00,Analysts/Institutional Investor Meet/Con. Call Updates,KEC International Limited has informed the Exchange regarding Analysts/Institutional Investor Meet/Con. Call Updates
08-Aug-2019 18:09:00,Updates,"KEC International Limited has informed the Exchange regarding 'In terms of the Regulation 30 of the SEBI (Listing Obligations and Disclosure Requirements) Regulations, 2015, please find enclosed herew"
08-Aug-2019 16:23:00,Change in Director(s),KEC International Limited has informed the Exchange regarding Change in Director(s) of the company.
07-Aug-2019 17:26:00,Press Release,"KEC International Limited has informed the Exchange regarding a press release dated August 07, 2019, titled ""Press Release �� Financial Results & new order wins""."
07-Aug-2019 17:11:00,Change in Director(s),KEC International Limited has informed the Exchange regarding Change in Director(s) of the company.
07-Aug-2019 17:07:00,Investor Presentation,KEC International Limited has informed the Exchange regarding Investor Presentation
07-Aug-2019 17:02:39,Financial Result Updates,"KEC International Limited has submitted to the Exchange, the financial results for the period ended June 30, 2019."
07-Aug-2019 16:59:00,Outcome of Board Meeting,"KEC International Limited has informed the Exchange regarding  Board meeting held on August 07, 2019."
31-Jul-2019 18:11:00,Updates,"KEC International Limited has informed the Exchange regarding 'In terms of the Regulation 30 of the SEBI (Listing Obligations and Disclosure Requirements) Regulations, 2015, please find enclosed herew"
30-Jul-2019 16:51:00,Analysts/Institutional Investor Meet/Con. Call Updates,KEC International Limited has informed the Exchange regarding Analysts/Institutional Investor Meet/Con. Call Updates
27-Jul-2019 14:51:00,Change in Director(s),KEC International Limited has informed the Exchange regarding Change in Director(s) of the company.
26-Jul-2019 16:33:00,Updates,"KEC International Limited has informed the Exchange regarding 'Enclosing herewith certificate dated- July 26, 2019 issued by Link Intime India Private Limited, our Registrar and Transfer Agents, confi"
24-Jul-2019 19:29:00,Shareholders meeting,"Proceedings of Annual General Meeting held on July 23, 2019, a copy of Srutinizers report along with voting results (revised Annexure B in which first page was inadvertently missed out)."
23-Jul-2019 19:00:00,Shareholders meeting,"KEC International Limited has informed the Exchange regarding Proceedings of Annual General Meeting held on July 23, 2019. Further, the company has submitted the Exchange a copy of Srutinizers report "
01-Jul-2019 19:01:00,Updates,"KEC International Limited has informed the Exchange regarding 'In terms of the Regulation 30 read with Schedule III of the SEBI (Listing Obligations and Disclosure Requirements) Regulations, 2015, ple"
26-Jun-2019 19:19:00,AGM/Book Closure,"KEC International Limited has informed the Exchange that the Register of Members and Share Transfer Books of the Company shall remain closed from July 17, 2019 to July 23, 2019 (both days inclusive) f"
26-Jun-2019 18:23:00,Book Closure,"KEC International Limited has informed the Exchange that KEC International Limited has informed the Exchange that the Company has fixed Book Closure from July 17, 2019 to July 23, 2019 (both days incl"
26-Jun-2019 17:37:00,Shareholders meeting,"KEC International Limited has informed the Exchange regarding Notice of Annual General Meeting to be held on July 23, 2019"
24-Jun-2019 19:06:00,Trading Window,"KEC International Limited has informed the Exchange regarding the Trading Window closure pursuant to SEBI (Prohibition of Insider Trading) Regulations, 2015."
11-Jun-2019 17:58:00,Resignation,"KEC International Limited has informed the Exchange regarding Resignation of Ms Manisha Girotra as Independent Director of the company w.e.f. Jun 11, 2019."
11-Jun-2019 16:05:00,Analysts/Institutional Investor Meet/Con. Call Updates,KEC International Limited has informed the Exchange regarding Analysts/Institutional Investor Meet/Con. Call Updates
04-Jun-2019 19:48:00,Related Party Transactions,KEC International Limited has informed the Exchange regarding Submission of half yearly Disclosure on Related party Transactions.
04-Jun-2019 17:58:00,Analysts/Institutional Investor Meet/Con. Call Updates,KEC International Limited has informed the Exchange regarding Analysts/Institutional Investor Meet/Con. Call Updates
27-May-2019 16:48:00,Analysts/Institutional Investor Meet/Con. Call Updates,KEC International Limited has informed the Exchange regarding Analysts/Institutional Investor Meet/Con. Call Updates - Pursuant to the Regulation 30 read with Para A of Part A of Schedule III of the S
09-May-2019 16:56:00,Outcome of Board Meeting,"KEC International Limited has informed the Exchange regarding Outcome of Board Meeting held on May 08, 2019."
09-May-2019 16:24:00,Updates,"KEC International Limited has informed the Exchange regarding 'Newspaper Publication for the audited Financial Results for the quarter and year ended March 31, 2019'."
08-May-2019 19:48:00,Dividend,"KEC International Limited has informed the Exchange that Board of Directors at its meeting held on May 08, 2019, recommended Final Dividend of 2.70 per equity share. (Missing standalone statement of a"
08-May-2019 19:45:00,Outcome of Board Meeting,"KEC International Limited has informed the Exchange regarding Revised Outcome of Board meeting held on May 08, 2019. (Missing standalone statement of assets and liabilities page added)"
08-May-2019 18:23:00,Updates,KEC International Limited has informed the Exchange regarding 'Notice to the shareholders intimating about transfer of Equity Shares of the Company to Investor Education and Protection Fund (IEPF) Sus
08-May-2019 16:57:00,Outcome of Board Meeting,"KEC International Limited has informed the Exchange regarding Outcome of Board Meeting held on May 08, 2019."
08-May-2019 16:27:00,Press Release,"KEC International Limited has informed the Exchange regarding a press release dated May 08, 2019, titled ""Press Release �� Financial Results""."
08-May-2019 16:18:00,Investor Presentation,KEC International Limited has informed the Exchange regarding Investor Presentation
08-May-2019 16:07:57,Financial Result Updates,"KEC International Limited has submitted to the Exchange, the financial results for the period ended March 31, 2019."
08-May-2019 16:04:00,Dividend,"KEC International Limited has informed the Exchange that Board of Directors at its meeting held on May 08, 2019, recommended Final Dividend of 2.70 per equity share."
03-May-2019 18:15:00,Updates,"KEC International Limited has informed the Exchange regarding 'In terms of the Regulation 30 of the SEBI (Listing Obligations and Disclosure Requirements)Regulations, 2015, newspaper notice was publis"
02-May-2019 15:42:00,Updates,"KEC International Limited has informed the Exchange regarding 'SEBI Circular no. SEBI/HO/DDHS/CIR/P/2018/144 dated November 26, 2018'.With reference to the above cited SEBI circular, this is to inform"
30-Apr-2019 16:11:00,Analysts/Institutional Investor Meet/Con. Call Updates,"KEC International Limited has informed the Exchange regarding Analysts/Institutional Investor Meet/Con. Call Updates to be held on May 08, 2019 at 5:00 p.m."
25-Apr-2019 09:15:00,Disc. under Reg.30 of SEBI (SAST) Reg.2011,"The Promoter along with PAC has submitted to the Exchange a copy of Annual Disclosure under Regulation 30(1) and 30(2) of SEBI (Substantial Acquisition of Shares and Takeovers), Regulations, 2011 as o"
25-Apr-2019 06:21:00,Disc. under Reg.30 of SEBI (SAST) Reg.2011,"The Promoter along with PAC has submitted to the Exchange a copy of Annual Disclosure under Regulation 30(1) and 30(2) of SEBI (Substantial Acquisition of Shares and Takeovers), Regulations, 2011 as o"
23-Apr-2019 19:28:00,Updates,"KEC International Limited has informed the Exchange regarding 'Certificate dated- April 22, 2019 issued by Link Intime India Private Limited, our Registrar and Transfer Agents, confirming compliance u"
22-Apr-2019 12:20:00,Disc. under Reg.30 of SEBI (SAST) Reg.2011,"The Promoter along with PAC has submitted to the Exchange a copy of Annual Disclosure under Regulation 30(2) of SEBI (Substantial Acquisition of Shares and Takeovers), Regulations, 2011 as on March 31"
18-Apr-2019 18:05:00,Disc. under Reg.30 of SEBI (SAST) Reg.2011,"The Promoter along with PAC has submitted to the Exchange a copy of Annual Disclosure under Regulation 30(1) and 30(2) of SEBI (Substantial Acquisition of Shares and Takeovers), Regulations, 2011 as o"
18-Apr-2019 14:05:00,Disc. under Reg.30 of SEBI (SAST) Reg.2011,"The Promoter along with PAC has submitted to the Exchange a copy of Annual Disclosure under Regulation 30(1) and 30(2) of SEBI (Substantial Acquisition of Shares and Takeovers), Regulations, 2011 as o"
15-Apr-2019 12:54:00,Disc. under Reg.30 of SEBI (SAST) Reg.2011,"The Promoter along with PAC has submitted to the Exchange a copy of Annual Disclosure under Regulation 30(1) and 30(2) of SEBI (Substantial Acquisition of Shares and Takeovers), Regulations, 2011 as o"
03-Apr-2019 16:26:00,Trading Window,"KEC International Limited has informed the Exchange regarding the Trading Window closure pursuant to SEBI (Prohibition of Insider Trading) Regulations, 2015"
22-Mar-2019 16:41:00,Analysts/Institutional Investor Meet/Con. Call Updates,KEC International Limited has informed the Exchange regarding Analysts/Institutional Investor Meet/Con. Call Updates to be attended by the Company
12-Mar-2019 11:14:00,Press Release,"KEC International Limited has informed the Exchange regarding a press release dated March 12, 2019, titled ""We are pleased to enclose a copy of the press release informing about the new orders secured"
06-Mar-2019 16:04:00,"Code of Conduct under SEBI(PIT) Reg., 2015","KEC International Limited has informed the Exchange regarding the Code of Conduct under SEBI(PIT) Reg., 2015 The Board of Directors of the Company at their meeting held today i.e. March 06, 2019, has "
15-Feb-2019 16:30:00,Analysts/Institutional Investor Meet/Con. Call Updates,KEC International Limited has informed the Exchange regarding Analysts/Institutional Investor Meet/Con. Call Updates to be attended by the Company.
11-Feb-2019 17:22:00,Analysts/Institutional Investor Meet/Con. Call Updates,"KEC International Limited has informed the Exchange regarding Analysts/Institutional Investor Meet/Con. Call Updates to be attended by the Company on February 13, 2019 and February 15, 2019 organised "
08-Feb-2019 17:30:00,Press Release,"KEC International Limited has informed the Exchange regarding a press release dated February 08, 2019, titled ""The Company is pleased to enclose a copy of the press release informing about the closing"
08-Feb-2019 17:22:00,Diversification/Disinvestment,KEC International Limited has informed the Exchange regarding Intimation of completion of disinvestment in Subsidiary Company.
31-Jan-2019 18:17:00,Updates,KEC International Limited has informed the Exchange regarding 'The information that the Company has entered into a Share Purchase Agreement to sell its entire stake in its subsidiary namely 'KEC Bikan
30-Jan-2019 16:13:00,Updates,"KEC International Limited has informed the Exchange regarding 'The newspaper publications with respect to the Unaudited Financial Results for the quarter and nine months ended December 31, 2018 in Bus"
29-Jan-2019 16:06:00,Investor Presentation,"KEC International Limited has informed the Exchange regarding Investor Presentation.Pursuant to Regulation 30 read with Para A of Part A of Schedule III of the Listing Regulations, we enclose herewith"
29-Jan-2019 16:02:00,Press Release,"KEC International Limited has informed the Exchange regarding a press release dated January 29, 2019, titled ""Please find enclosed herewith a copy of press release with respect to Unaudited Financial "
29-Jan-2019 15:57:04,Financial Result Updates,"KEC International Limited has submitted to the Exchange, the financial results for the period ended December 31, 2018."
29-Jan-2019 15:54:00,Outcome of Board Meeting,"KEC International Limited has informed the Exchange regarding  Board meeting held on January 29, 2019. in terms of Regulation 33 of the Listing Regulations, we are enclosing herewith the Unaudited Sta"
22-Jan-2019 16:04:00,Updates,KEC International Limited has informed the Exchange regarding 'The enclosed copy of the newspaper notice published to give intimation of the meeting of Board of Directors of the Company scheduled to b
21-Jan-2019 16:54:00,Analysts/Institutional Investor Meet/Con. Call Updates,KEC International Limited has informed the Exchange regarding Analysts/Institutional Investor Meet/Con. Call Updates
21-Jan-2019 16:47:00,Trading Window,"KEC International Limited has informed the Exchange regarding the Trading Window closure pursuant to SEBI (Prohibition of Insider Trading) Regulations, 2015"
31-Dec-2018 16:43:00,Updates,KEC International Limited has informed the Exchange regarding 'Updates on disinvestment in subsidiary company pursuant to Regulation 30 of the SEBI (Listing Obligations and Disclosures Requirements) R
19-Dec-2018 14:30:00,Press Release,"KEC International Limited has informed the Exchange regarding a press release dated December 19, 2018, titled ""KEC International wins New Orders of Rs. 1,491 crore""."
16-Nov-2018 15:46:00,Analysts/Institutional Investor Meet/Con. Call Updates,KEC International Limited has informed the Exchange regarding Analysts/Institutional Investor Meet/Con. Call Updates
12-Nov-2018 16:09:00,Analysts/Institutional Investor Meet/Con. Call Updates,KEC International Limited has informed the Exchange regarding Analysts/Institutional Investor Meet/Con. Call Updates to be attended by the Company
05-Nov-2018 16:03:00,Updates,"KEC International Limited has informed the Exchange regarding 'Newspaper publication of the Unaudited Financial Results as on quarter and half year ended September 30, 2018'."
03-Nov-2018 18:02:00,Diversification/Disinvestment,KEC International Limited has informed the Exchange regarding Intimation of Disinvestment in Subsidiary company.
03-Nov-2018 16:54:00,Diversification/Disinvestment,KEC International Limited has informed the Exchange regarding Intimation of disinvestment in subsidiary company.
03-Nov-2018 16:05:00,Press Release,"KEC International Limited has informed the Exchange regarding a press release dated November 03, 2018, titled ""Press Release �� Sale of KEC International��s holding in its subsidiary KEC Bikaner Sikar"
02-Nov-2018 19:58:00,Updates,KEC International Limited has informed the Exchange regarding 'Pursuant to the change in Key Managerial Personnel on appointment of Company Secretary of the Company as approved by the Board at its mee
02-Nov-2018 17:34:00,Press Release,"KEC International Limited has informed the Exchange regarding a press release dated November 02, 2018, titled ""Press release with respect to Unaudited Financial Results of the Company for the quarter "
02-Nov-2018 17:26:00,Investor Presentation,KEC International Limited has informed the Exchange regarding Investor Presentation
02-Nov-2018 17:10:29,Financial Result Updates,"KEC International Limited has submitted to the Exchange, the financial results for the period ended September 30, 2018."
02-Nov-2018 17:07:00,Outcome of Board Meeting,"KEC International Limited has informed the Exchange regarding  Board meeting held on November 02, 2018."
26-Oct-2018 16:11:00,Updates,KEC International Limited has informed the Exchange regarding 'Please find enclosed herewith a copy of the newspaper notice published to give intimation of the meeting of Board of Directors of the Com
25-Oct-2018 17:19:00,Analysts/Institutional Investor Meet/Con. Call Updates,KEC International Limited has informed the Exchange regarding Analysts/Institutional Investor Meet/Con. Call UpdatesPursuant to Regulation 30 read with Schedule III of the SEBI (Listing Obligations an
25-Oct-2018 17:15:00,Trading Window,"KEC International Limited has informed the Exchange regarding the Trading Window closure pursuant to SEBI (Prohibition of Insider Trading) Regulations, 2015Pursuant to the Code of fair disclosure, int"
09-Oct-2018 14:04:00,Press Release,"KEC International Limited has informed the Exchange regarding a press release dated October 09, 2018, titled "" A copy of the press release informing about the new orders secured by the Company of Rs. "
01-Oct-2018 11:48:00,Press Release,"KEC International Limited has informed the Exchange regarding a press release dated October 01, 2018, titled ""Press Release �� New Orders worth Rs. 1,159 Crore""."
21-Sep-2018 13:00:00,Analysts/Institutional Investor Meet/Con. Call Updates,"KEC International Limited has informed the Exchange regarding Analysts/Institutional Investor Meet/Con. Call Updates to be attended by the Company on September 25,2018 organized by Asian Market Securi"
31-Aug-2018 16:18:00,Analysts/Institutional Investor Meet/Con. Call Updates,"KEC International Limited has informed the Exchange regarding Analysts/Institutional Investor Meet/Con. Call Updates to be attended by the Company on September 04,2018 organized by Elara Securites (In"
31-Aug-2018 14:02:00,Press Release,"KEC International Limited has informed the Exchange regarding a press release dated August 31, 2018, titled "" Press release informing about the new orders secured   by the Company of Rs. 1,010 Crore."""
24-Aug-2018 16:20:00,Analysts/Institutional Investor Meet/Con. Call Updates,KEC International Limited has informed the Exchange regarding Analysts/Institutional Investor Meet/Con. Call Updates - organised by Motilal Oswal Securities Limited to be attended by the Company on Au
10-Aug-2018 16:28:00,Analysts/Institutional Investor Meet/Con. Call Updates,KEC International Limited has informed the Exchange regarding Analysts/Institutional Investor Meet/Con. Call Updates organized by Spark Capital Advisors (I) Private Limited to be attended by the Compa
08-Aug-2018 16:51:00,Analysts/Institutional Investor Meet/Con. Call Updates,"KEC International Limited has informed the Exchange regarding Analysts/Institutional Investor Meet/Con. Call Updates to be attended by the Company on August 10, 2018"
06-Aug-2018 19:08:00,Updates,"KEC International Limited has informed the Exchange regarding 'Newspaper publication for the Unaudited Financial Results for the quarter ended June 30, 2018'."
06-Aug-2018 15:45:00,Analysts/Institutional Investor Meet/Con. Call Updates,KEC International Limited has informed the Exchange regarding Analysts/Institutional Investor Meet/Con. Call Updates
03-Aug-2018 16:30:00,Investor Presentation,KEC International Limited has informed the Exchange regarding Investor Presentation
03-Aug-2018 16:28:00,Press Release,"KEC International Limited has informed the Exchange regarding a press release dated August 03, 2018, titled ""Press Release with respect to Unaudited Financial Results of the Company for the quarter en"
03-Aug-2018 16:21:53,Financial Result Updates,"KEC International Limited has submitted to the Exchange, the financial results for the period ended June 30, 2018."
03-Aug-2018 16:17:00,Outcome of Board Meeting,"KEC International Limited has informed the Exchange regarding  Board meeting held on August 03, 2018."
30-Jul-2018 20:59:00,Shareholders meeting,"KEC International Limited has informed the Exchange regarding Proceedings of Annual General Meeting held on July 30, 2018. Further, the company has submitted the Exchange a copy of Srutinizers report "
26-Jul-2018 17:26:00,Analysts/Institutional Investor Meet/Con. Call Updates,KEC International Limited has informed the Exchange regarding Analysts/Institutional Investor Meet/Con. Call Updates
10-Jul-2018 18:04:00,Press Release,"KEC International Limited has informed the Exchange regarding a press release dated July 10, 2018, titled ""Press Release on new orders secured by the Company worth Rs.1,357 crore.""."
04-Jul-2018 12:47:00,Updates,"KEC International Limited has informed the Exchange regarding Regulation 30 read with Schedule III of the SEBI ( Listing Obligations and Disclosure Requirements) Regulations, 2015."
03-Jul-2018 14:41:00,AGM/Book Closure,"KEC International Limited has informed the Exchange that the Register of Members and Share Transfer Books of the Company shall remain closed from  July 24, 2018 up to July 30, 2018 (both days inclusiv"
02-Jul-2018 17:52:00,Shareholders meeting,"KEC International Limited has informed the Exchange regarding Notice of Annual General Meeting to be held on July 30, 2018, alongwith Annual Report."
13-Jun-2018 20:25:00,Investor Presentation,KEC International Limited has informed the Exchange regarding Investor Presentation
13-Jun-2018 16:01:00,Analysts/Institutional Investor Meet/Con. Call Updates,KEC International Limited has informed the Exchange regarding Analysts/Institutional Investor Meet/Con. Call Updates
06-Jun-2018 12:42:00,Updates,KEC International Limited has informed the Exchange regarding 'Transfer of Equity Shares of the Company to Investor Education and Protection Fund (IEPF) Suspense Account'.
05-Jun-2018 18:33:00,Analysts/Institutional Investor Meet/Con. Call Updates,KEC International Limited has informed the Exchange regarding Analysts/Institutional Investor Meet/Con. Call Updates
04-Jun-2018 12:28:00,Analysts/Institutional Investor Meet/Con. Call Updates,KEC International Limited has informed the Exchange regarding Analysts/Institutional Investor Meet/Con. Call Updates
14-May-2018 18:53:00,Investor Presentation,KEC International Limited has informed the Exchange regarding Investor Presentation
14-May-2018 18:26:00,Dividend,"KEC International Limited has informed the Exchange that the Board of Directors of the Company at its meeting held on May 14, 2018 have recommended a Dividend of Rs. 2.40/-per equity share of Rs. 2/-e"
14-May-2018 18:25:00,Outcome of Board Meeting,"KEC International Limited has informed the Exchange regarding Outcome of Board Meeting held on May 14, 2018."
14-May-2018 18:21:00,Declaration for audit reports with unmodified opinion(s),KEC International Limited has informed the Exchange regarding Declaration for audit reports with unmodified opinion(s).
14-May-2018 18:20:00,Press Release,"KEC International Limited has informed the Exchange regarding a press release dated May 14, 2018, titled ""Press Release �� Financial Results""."
14-May-2018 18:09:43,Financial Result Updates,"KEC International Limited has submitted to the Exchange, the financial results for the period ended March 31, 2018."
14-May-2018 18:07:00,Outcome of Board Meeting,"KEC International Limited has informed the Exchange regarding  Board meeting held on May 14, 2018."
14-May-2018 18:05:00,Dividend,"KEC International Limited has informed the Exchange that Board of Directors at its meeting held on May 14, 2018, recommended Final Dividend of 2.40 per equity share."
07-May-2018 16:19:00,Analysts/Institutional Investor Meet/Con. Call Updates,KEC International Limited has informed the Exchange regarding Analysts/Institutional Investor Meet/Con. Call Updates
07-May-2018 09:55:00,Updates,KEC International Limited has informed the Exchange regarding 'Clarification on Media News about abduction of 7 employees (6 Indian National and 1 Afghanistan National) of our Company in Afghanistan.'
12-Apr-2018 08:51:00,Disc. under Reg.30 of SEBI (SAST) Reg.2011,"Mala Goenka has submitted to the Exchange a copy of disclosure under Regulation 30(1) and 30(2) of SEBI (Substantial Acquisition of Shares & Takeovers) Regulations, 2011."
09-Apr-2018 18:43:00,Disc. under Reg.30 of SEBI (SAST) Reg.2011,"Anant Vardhan Goenka, Carniwal Investments Limited, Harsh Anant Goenka, Harsh Vardhan Goenka, Instant Holdings Limited, Monitor Portfolio Trust, Prism Estates Trust, Secura India Trust, Stellar Energy"
07-Apr-2018 13:47:00,Disc. under Reg.30 of SEBI (SAST) Reg.2011,"Shallow Associates LLP has submitted to the Exchange a copy of disclosure under Regulation 30(1) and 30(2) of SEBI (Substantial Acquisition of Shares & Takeovers) Regulations, 2011."
07-Apr-2018 13:46:00,Disc. under Reg.30 of SEBI (SAST) Reg.2011,"Chattarpati Apartments LLP has submitted to the Exchange a copy of disclosure under Regulation 30(1) and 30(2) of SEBI (Substantial Acquisition of Shares & Takeovers) Regulations, 2011."
07-Apr-2018 13:46:00,Disc. under Reg.30 of SEBI (SAST) Reg.2011,"Nucleus Life Trust has submitted to the Exchange a copy of disclosure under Regulation 30(1) and 30(2) of SEBI (Substantial Acquisition of Shares & Takeovers) Regulations, 2011."
07-Apr-2018 13:45:00,Disc. under Reg.30 of SEBI (SAST) Reg.2011,"Atlantus Dwellings & Infrastructure LLP has submitted to the Exchange a copy of disclosure under Regulation 30(1) and 30(2) of SEBI (Substantial Acquisition of Shares & Takeovers) Regulations, 2011."
07-Apr-2018 13:01:00,Disc. under Reg.30 of SEBI (SAST) Reg.2011,"Promoter of the Company has submitted to the Exchange a copy of disclosure under Regulation 30(1) and 30(2) of SEBI (Substantial Acquisition of Shares & Takeovers) Regulations, 2011.&#12288;"
06-Apr-2018 14:56:00,Disc. under Reg.30 of SEBI (SAST) Reg.2011,"Promoter of the Company has submitted to the Exchange a copy of disclosure under Regulation 30(1) and 30(2) of SEBI (Substantial Acquisition of Shares & Takeovers) Regulations, 2011."
27-Mar-2018 19:57:00,Acquisition,KEC International Limited has informed the Exchange regarding Intimation under Regulation 30 of the Securities and Exchange Board of India ( Listing Obligations and Disclosure Requirements) regulation
26-Mar-2018 12:50:00,Press Release,"KEC International Limited has informed the Exchange regarding a press release dated March 26, 2018, titled ""We are pleased to enclose a copy of the Press Release informing about the new orders secured"
23-Mar-2018 19:23:00,Change in Company Secretary/Compliance Officer,"KEC International Limited has informed the Exchange that the Company Secretary & Compliance Officer, Mr. Ch. V. Jagannadha Rao has expressed his intention to resign due to personal reasons. The Compan"
08-Mar-2018 09:01:00,Press Release,"KEC International Limited has informed the Exchange regarding a press release dated March 08, 2018, titled ""Press Release �� New Orders worth Rs.1378 Crore""."
22-Feb-2018 17:01:00,Analysts/Institutional Investor Meet/Con. Call Updates,KEC International Limited has informed the Exchange regarding Analysts/Institutional Investor Meet/Con. Call Updates
19-Feb-2018 19:11:00,Analysts/Institutional Investor Meet/Con. Call Updates,KEC International Limited has informed the Exchange regarding Analysts/Institutional Investor Meet/Con. Call Updates
14-Feb-2018 16:24:00,Analysts/Institutional Investor Meet/Con. Call Updates,KEC International Limited has informed the Exchange regarding Analysts/Institutional Investor Meet/Con. Call Updates
07-Feb-2018 15:36:00,Analysts/Institutional Investor Meet/Con. Call Updates,KEC International Limited has informed the Exchange regarding Analysts/Institutional Investor Meet/Con. Call Updates
07-Feb-2018 15:08:00,Reply to Clarification Sought,"The Exchange had sought clarification from KEC International Limited with respect to announcement dated 06-Feb-2018, regarding press release dated February 06, 2018, titled ""Press Release on new order"
06-Feb-2018 20:20:00,Clarification,"KEC: The Exchange has sought clarification from KEC International Limited with respect to announcement dated 06-Feb-2018, regarding press release dated February 06, 2018, titled ""Press Release on new "
06-Feb-2018 16:22:00,Investor Presentation,KEC International Limited has informed the Exchange regarding Investor Presentation
06-Feb-2018 16:14:37,Financial Result Updates,"KEC International Limited has submitted to the Exchange, the financial results for the period ended December 31, 2017."
06-Feb-2018 16:13:00,Press Release,"KEC International Limited has informed the Exchange regarding a press release dated February 06, 2018, titled ""Press Release on new orders""."
06-Feb-2018 16:12:00,Press Release,"KEC International Limited has informed the Exchange regarding a press release dated February 06, 2018, titled ""Press Release on financial results for the quarter ended December 31, 2017""."
06-Feb-2018 16:08:00,Appointment,"KEC International Limited has informed the Exchange regarding Appointment of Ms Manisha Girotra as Non- Executive Independent Director of the company w.e.f. February 06, 2018."
06-Feb-2018 16:05:00,Outcome of Board Meeting,"KEC International Limited has informed the Exchange regarding Outcome of Board Meeting held on February 06, 2018."
06-Feb-2018 15:54:00,Outcome of Board Meeting,"KEC International Limited has informed the Exchange regarding Outcome of Board Meeting held on February 06, 2018."
30-Jan-2018 16:24:00,Analysts/Institutional Investor Meet/Con. Call Updates,KEC International Limited has informed the Exchange regarding Analysts/Institutional Investor Meet/Con. Call Updates
30-Jan-2018 16:22:00,Trading Window,"KEC International Limited has informed the Exchange regarding the Trading Window closure pursuant to SEBI (Prohibition of Insider Trading) Regulations, 2015"
15-Jan-2018 13:03:00,Press Release,"KEC International Limited has informed the Exchange regarding a press release dated January 15, 2018, titled ""Press release with regards to securing new orders""."
19-Dec-2017 11:18:00,Press Release,"KEC International Limited has informed the Exchange regarding a press release dated December 19, 2017, titled ""KEC international Limited informs about the new orders secured by the Company of Rs. 2,42"
08-Dec-2017 11:25:00,Spurt in Volume,"Significant increase in volume has been observed in KEC International Limited. The Exchange, in order to ensure that investors have latest relevant information about the company and to inform the mark"
07-Dec-2017 19:47:00,Spurt in Volume,"Significant increase in volume has been observed in KEC International Limited. The Exchange, in order to ensure that investors have latest relevant information about the company and to inform the mark"
06-Dec-2017 18:34:00,Analysts/Institutional Investor Meet/Con. Call Updates,KEC International Limited has informed the Exchange regarding Analysts/Institutional Investor Meet/Con. Call Updates
01-Dec-2017 18:06:00,Analysts/Institutional Investor Meet/Con. Call Updates,KEC International Limited has informed the Exchange regarding Analysts/Institutional Investor Meet/Con. Call Updates
27-Nov-2017 17:09:00,Analysts/Institutional Investor Meet/Con. Call Updates,KEC International Limited has informed the Exchange regarding Analysts/Institutional Investor Meet/Con. Call Updates
15-Nov-2017 16:46:00,Analysts/Institutional Investor Meet/Con. Call Updates,KEC International Limited has informed the Exchange regarding Analysts/Institutional Investor Meet/Con. Call Updates
13-Nov-2017 15:23:00,Analysts/Institutional Investor Meet/Con. Call Updates,KEC International Limited has informed the Exchange regarding Analysts/Institutional Investor Meet/Con. Call Updates
06-Nov-2017 19:13:00,Resignation,"KEC International Limited has informed the Exchange regarding Resignation of Mr S S Thakur as Non- Executive Independent Director of the company w.e.f. November 06, 2017."
06-Nov-2017 18:20:40,Financial Result Updates,"KEC International Limited has submitted to the Exchange, the financial results for the period ended September 30, 2017."
06-Nov-2017 18:15:00,Investor Presentation,KEC International Limited has informed the Exchange regarding Investor Presentation
06-Nov-2017 18:07:00,Outcome of Board Meeting,"KEC International Limited has informed the Exchange regarding Outcome of Board Meeting held on November 06, 2017."
06-Nov-2017 18:05:00,Press Release,"KEC International Limited has informed the Exchange regarding a press release dated November 06, 2017, titled ""Press Release Financial Results""."
30-Oct-2017 15:56:00,Analysts/Institutional Investor Meet/Con. Call Updates,KEC International Limited has informed the Exchange regarding Analysts/Institutional Investor Meet/Con. Call Updates
26-Oct-2017 10:15:00,Press Release,"KEC International Limited has informed the Exchange regarding a press release dated October 26, 2017, titled ""Press release Regarding New orders secured by the Company ""."
05-Oct-2017 16:02:00,Updates,"KEC International Limited has informed the Exchange regarding 'Company��s five wholly owned step-down subsidiaries, which were incorporated as Special Purpose Vehicle at Delaware, USA, have been merge"
28-Sep-2017 12:55:00,Credit Rating,KEC International Limited has informed the Exchange regarding Credit Rating
27-Sep-2017 10:39:00,Press Release,"KEC International Limited has informed the Exchange regarding a press release dated September 27, 2017, titled ""Press Release - New Orders worth Rs. 1,024 Cr.""."
21-Aug-2017 18:07:00,Analysts/Institutional Investor Meet/Con. Call Updates,KEC International Limited has informed the Exchange regarding Analysts/Institutional Investor Meet/Con. Call Updates
11-Aug-2017 17:58:00,Analysts/Institutional Investor Meet/Con. Call Updates,KEC International Limited has informed the Exchange regarding Analysts/Institutional Investor Meet/Con. Call Updates
02-Aug-2017 15:41:00,Investor Presentation,KEC International Limited has informed the Exchange regarding Investor Presentation
02-Aug-2017 14:18:39,Financial Result Updates,"KEC International Limited has submitted to the Exchange, the financial results for the period ended June 30, 2017."
02-Aug-2017 14:12:00,Press Release,"KEC International Limited has informed the Exchange regarding a press release dated August 02, 2017, titled ""Press Release - Financial Results for the quarter ended June 30, 2017""."
26-Jul-2017 20:38:00,Shareholders meeting,"KEC International Limited has informed the Exchange regarding Proceedings of Annual General Meeting held on July 26, 2017. Further, the company has submitted the Exchange a copy of Srutinizers report "
25-Jul-2017 19:29:00,Analysts/Institutional Investor Meet/Con. Call Updates,KEC International Limited has informed the Exchange regarding Analysts/Institutional Investor Meet/Con. Call Updates
10-Jul-2017 08:53:00,Press Release,"KEC International Limited has informed the Exchange regarding a press release dated July 10, 2017, titled ""Press Release - New Orders worth Rs. 1,845 crore.""."
03-Jul-2017 18:34:00,AGM/Book Closure,"KEC International Limited has informed the Exchange that the Register of Members and Share Transfer Books of the Company shall remain closed from July 20, 2017 to July 26, 2017(both days inclusive) fo"
03-Jul-2017 11:40:00,Shareholders meeting,"KEC International Limited has informed the Exchange regarding Notice of Annual General Meeting to be held on July 26, 2017"
09-Jun-2017 17:20:00,Investor Presentation,KEC International Limited has informed the Exchange regarding Investor Presentation
08-Jun-2017 16:51:00,Analysts/Institutional Investor Meet/Con. Call Updates,KEC International Limited has informed the Exchange regarding Analysts/Institutional Investor Meet/Con. Call Updates
19-May-2017 14:58:00,Investor Presentation,KEC International Limited has informed the Exchange regarding Investor Presentation
19-May-2017 14:53:00,Dividend,"KEC International Limited has informed the Exchange that the Board of Directors of the Company at its meeting held on May 19, 2017, has recommended a dividend of Rs. 1.60/- (Rupee One and Paise Sixty "
19-May-2017 14:50:43,Financial Result Updates,"KEC International Limited has submitted to the Exchange, the financial results for the period ended March 31, 2017."
19-May-2017 14:49:00,Press Release,"KEC International Limited has informed the Exchange regarding a press release dated May 19, 2017, titled ""Press Release""."
19-May-2017 14:49:00,Outcome of Board Meeting,"KEC International Limited has informed the Exchange regarding Outcome of Board Meeting held on May 19, 2017."
10-May-2017 17:40:00,Analysts/Institutional Investor Meet/Con. Call Updates,KEC International Limited has informed the Exchange regarding Analysts/Institutional Investor Meet/Con. Call Updates
19-Apr-2017 15:46:00,Analysts/Institutional Investor Meet/Con. Call Updates,KEC International Limited has informed the Exchange regarding Analysts/Institutional Investor Meet/Con. Call Updates
11-Apr-2017 16:52:00,Disc. under Reg.30 of SEBI (SAST) Reg.2011,"Mala Goenka has submitted to the Exchange a copy of disclosure under  Regulations, 30(1) and 30(2) of SEBI (Substantial Acquisition of Shares & Takeovers) 2011."
11-Apr-2017 15:30:00,Disc. under Reg.30 of SEBI (SAST) Reg.2011,"Carniwal Investments Limited has submitted to the Exchange a copy of disclosure under Regulation 30(1) and 30(2) of SEBI (Substantial Acquisition of Shares & Takeovers) Regulations, 2011."
11-Apr-2017 15:24:00,Disc. under Reg.30 of SEBI (SAST) Reg.2011,"Chattarpati Apartments LLP has submitted to the Exchange a copy of disclosure under Regulation 30(1) and 30(2) of SEBI (Substantial Acquisition of Shares & Takeovers) Regulations, 2011."
10-Apr-2017 19:49:00,Disc. under Reg.30 of SEBI (SAST) Reg.2011,"INSTANT HOLDING Limited has informed the Exchange that a copy of disclosure under Regulation 30(1) and 30(2) of SEBI (Substantial Acquisition of Shares & Takeovers) Regulations, 2011."
10-Apr-2017 17:38:00,Disc. under Reg.30 of SEBI (SAST) Reg.2011,"Promoters of the Company has submitted to the Exchange the disclosure under regulation 30(1) and 30(2) of SEBI (SAST) Regulations, 2011."
10-Apr-2017 17:30:00,Disc. under Reg.30 of SEBI (SAST) Reg.2011,"Anant Vardhan Goenka has submitted to the Exchange a copy of disclosure under Regulation 30(1) and 30(2) of SEBI (Substantial Acquisition of Shares & Takeovers) Regulations, 2011."
10-Apr-2017 15:00:00,Disc. under Reg.30 of SEBI (SAST) Reg.2011,"Summit Securities Limited has submitted to the Exchange a copy of disclosure under Regulation 30(1) and 30(2) of SEBI (Substantial Acquisition of Shares & Takeovers) Regulations, 2011."
08-Apr-2017 19:41:00,Disc. under Reg.30 of SEBI (SAST) Reg.2011,"Swallow Associates LLP has submitted to the Exchange, a copy of disclosure under Regulation 30(1) and 30(2) of SEBI (Substantial Acquisition of Shares & Takeovers) Regulations, 2011."
08-Apr-2017 17:10:00,Disc. under Reg.30 of SEBI (SAST) Reg.2011,"Sudarshan electronics and t v ltd has submitted to the Exchange, a copy of disclosure under Regulation 30(1) and 30(2) of SEBI (Substantial Acquisition of Shares & Takeovers) Regulations, 2011."
08-Apr-2017 14:58:00,Disc. under Reg.30 of SEBI (SAST) Reg.2011,"STEL Holdings Limited has submitted to the Exchange vide letter dated April 05, 2017 a copy of disclosure under Regulation 30(1) and 30(2) of SEBI (Substantial Acquisition of Shares & Takeovers) Regul"
04-Apr-2017 18:40:00,Press Release,"KEC International Limited has informed the Exchange regarding a press release dated April 04, 2017, titled ""Press Release - New Orders""."
03-Apr-2017 18:44:00,Analysts/Institutional Investor Meet/Con. Call Updates,KEC International Limited has informed the Exchange regarding Analysts/Institutional Investor Meet/Con. Call Updates
10-Mar-2017 11:56:00,Press Release,"KEC International Limited has informed the Exchange regarding a press release dated March 10, 2017, titled ""Press Release - New Orders worth Rs. 1,943 Cr.""."
27-Feb-2017 17:47:00,Registrar & Share Transfer Agent Update,"KEC International Limited has informed the Exchange regarding Shift of registered office of RTA, Link Intime India Private Limited."
08-Feb-2017 12:31:00,Analysts/Institutional Investor Meet/Con. Call Updates,KEC International Limited has informed the Exchange regarding Analysts/Institutional Investor Meet/Con. Call Updates
31-Jan-2017 15:20:00,Outcome of Board Meeting,"KEC International Limited has informed the Exchange that at its Board Meeting held on January 31, 2017 recommended to the Members of the Company to approve at the ensuing Annual General Meeting, the a"
31-Jan-2017 14:53:00,Investor Presentation,KEC International Limited has informed the Exchange regarding Investor Presentation
31-Jan-2017 14:50:44,Financial Result Updates,"KEC International Limited has submitted to the Exchange, the financial results for the period ended December 31, 2016."
31-Jan-2017 14:49:00,Press Release,"KEC International Limited has informed the Exchange regarding a press release dated January 31, 2017, titled ""Press Release""."
20-Jan-2017 18:04:00,Analysts/Institutional Investor Meet/Con. Call Updates,KEC International Limited has informed the Exchange regarding Analysts/Institutional Investor Meet/Con. Call Updates
11-Jan-2017 10:52:00,Analysts/Institutional Investor Meet/Con. Call Updates,KEC International Limited has informed the Exchange regarding Analysts/Institutional Investor Meet/Con. Call Updates
06-Dec-2016 14:45:00,Updates,KEC International Limited has submitted Exchange a ocopy of Communication sent to shareholders and Newspaper notice regarding transfer of shares to IEPF Suspense Account.
02-Dec-2016 15:47:00,Press Release,"KEC International Limited has informed the Exchange regarding a press release dated December 02, 2016, titled ""Press Release ""."
28-Nov-2016 17:43:00,Analysts/Institutional Investor Meet/Con. Call Updates,KEC International Limited has informed the Exchange regarding Analysts/Institutional Investor Meet/Con. Call Updates
25-Nov-2016 16:19:00,Updates,KEC International Limited has informed the Exchange regarding Repurchase of Non convertible debentures.
10-Nov-2016 18:18:00,Analysts/Institutional Investor Meet/Con. Call Updates,"KEC International Limited has informed the Exchange regarding Analyst/Institutional Investors meets on November 16, 2016 and November 17, 2016"
08-Nov-2016 17:37:00,News Verification,"The Exchange has sought clarification from KEC International Limited with respect to recent news item captioned ""SBI CAP has initiated process to look for a buyer for Jyoti Structures. Atleast 5-6 pla"
08-Nov-2016 15:45:00,News Verification,"The Exchange has sought clarification from KEC International Limited with respect to recent news item captioned ""SBI CAP has initiated process to look for a buyer for Jyoti Structures. Atleast 5-6 pla"
08-Nov-2016 14:29:00,Investor Presentation,KEC International Limited has informed the Exchange regarding Investor Presentation
08-Nov-2016 13:54:00,Press Release,"KEC International Limited has informed the Exchange regarding a press release dated November 08, 2016, titled ""Press release on Unaudited Financial Results""."
08-Nov-2016 13:44:41,Financial Result Updates,"KEC International Limited has submitted to the Exchange, the financial results for the period ended September 30, 2016."
03-Nov-2016 14:36:00,Outcome of Board Meeting,"KEC International Limited has informed the Exchange that the Committee of Directors at its meeting held on November 03, 2016 approved variation in the terms of the Secured, Rated, Listed, Redeemable, "
28-Oct-2016 16:26:00,Analysts/Institutional Investor Meet/Con. Call Updates,"KEC International Limited has informed the Exchange regarding Investor Conference Call on November 08, 2016."
28-Oct-2016 15:58:00,Allotment of Securities,KEC International Limited has informed the Exchange regarding the Allotment of 2500 Non Convertible Debentures.
27-Oct-2016 19:17:00,Meeting Updates,"KEC International Limited has informed the Exchange that a meeting of the Committee of Directors of the Company is scheduled to be held on November 03, 2016 to consider and approve variation in the te"
13-Oct-2016 18:58:00,Board Meeting Postponed,"KEC International Limited has informed the Exchange that The meeting of the committee of Directors scheduled to be held on October 14, 2016 is postponed to a future date. Intimation to the Exchange wi"
12-Oct-2016 17:24:00,Press Release,"KEC International Limited has informed the Exchange regarding a press release dated October 12, 2016 titled ""KEC International wins orders of Rs. 1192 crore""."
27-Sep-2016 14:47:00,News Verification,"The Exchange has sought clarification from KEC International Limited with respect to recent news item captioned ""With Amin deal on slow track, Jyoti Structures may be bought by KEC."" The Exchange, in "
27-Sep-2016 10:39:00,News Verification,"The Exchange has sought clarification from KEC International Limited with respect to recent news item captioned ""With Amin deal on slow track, Jyoti Structures may be bought by KEC."" In this regard, E"
31-Aug-2016 19:36:00,Press Release,"KEC International Limited has informed the Exchange regarding a press release dated August 31, 2016 titled "" KEC International wins orders of Rs. 1224 crore ""."
17-Aug-2016 13:02:00,Analysts/Institutional Investor Meet/Con. Call Updates,KEC International Limited has informed the Exchange regarding the details of the Analyst/ Institutional Investors Meet.
01-Aug-2016 16:27:00,Investor Presentation,"KEC International Limited has informed the Exchange regarding Presentation on financial results of the company for the quarter ended June 30, 2016 sent to Institutional Investors/Analysts."
30-Jul-2016 12:01:00,Annual General Meeting Updates,"KEC International Limited has submitted to the Exchange a copy of the Proceedings of Annual general Meeting of the company held on July 29, 2016."
30-Jul-2016 11:59:00,"Regulation 44(3) of SEBI (LODR), Reg., 2015","KEC International Limited has submitted to the Exchange a copy of the details regarding the brief proceedings of the Annual General Meeting of the Company held on July 29, 2016."
29-Jul-2016 15:49:00,Press Release,"KEC International Limited has informed the Exchange regarding a press release dated July 29, 2016 with respect to the Financial Results for the Quarter ended June 30, 2016."
29-Jul-2016 15:48:10,Financial Result Updates,"KEC International Limited has submitted to the Exchange the standalone & consolidated financial results along with the Auditors Report for the period ended June 30, 2016."
21-Jul-2016 18:06:00,Analysts/Institutional Investor Meet/Con. Call Updates,"KEC International Limited has informed the Exchange that the Company will hold an investors conference call on its Unaudited Financial Results for the quarter ended June 30, 2016 on July 29, 2016."
14-Jul-2016 10:40:00,Annual General Meeting Updates,"KEC International Limited has submitted to the Exchange a copy of notice of Annual General Meeting of the members of the company to be held on July 29, 2016."
07-Jul-2016 09:06:00,AGM/Book Closure,"KEC International Limited has informed the Exchange that the Register of Members and Share Transfer Books of the Company shall remain closed from July 23, 2016 to July 29, 2016 (both days inclusive) f"
29-Jun-2016 19:24:00,Analysts Meet,KEC International Limited has submitted to the Exchange a copy of the Investors Presentation.
27-Jun-2016 18:29:00,Analysts Meet,KEC International Limited has informed the Exchange regarding the details of the Analyst/Institutional Investors Meet.
22-Jun-2016 19:35:00,Press Release,"KEC International Limited has informed the Exchange regarding a press release dated June 22, 2016 titled ""KEC International wins orders of Rs. 1,036 crore""."
30-May-2016 16:28:00,Analysts Meet,KEC International Limited has informed the Exchange regarding Analyst meet.
07-May-2016 11:34:00,Updates,"KEC International Limited has submitted to the Exchange a copy of Presentation on financial results of the company for the quarter and year ended March 31, 2016 sent to Institutional Investors/Analyst"
06-May-2016 21:49:04,Financial Result Updates,KEC International Limited has submitted to the Exchange the standalone and consolidated financial results along with the Auditors Report for the period ended 31-Mar-2016.
06-May-2016 19:15:00,Press Release,"KEC International Limited has informed the Exchange has informed the Exchange regarding a press release dated May 06, 2016 titled "" PBT up by 32%; at Rs. 132 crore in Q4 FY16 from Rs. 100 crore in Q4 "
06-May-2016 18:52:06,Financial Result Updates,"KEC International Limited has submitted to the Exchange the standalone & consolidated financial results along with the Auditors Report for the period ended March 31, 2016."
04-May-2016 20:24:00,Analysts Meet,"KEC International Limited has informed the Exchange that on May 09, 2016 the Company will hold an Investors' Conference Call on its Audited Consolidated and Standalone Financial Results for the year e"
29-Apr-2016 16:46:00,Trading Window,"KEC International Limited has informed the Exchange that pursuant to the provisions of SEBI (Prohibition of Insider Trading) Regulations, 2015, the Trading Window for dealing in equity shares of the C"
15-Apr-2016 09:25:00,Disc. under Reg.30 of SEBI (SAST) Reg.2011,"Stellar Energy Trust has submitted to the Exchange vide letter dated April 7, 2016 a copy of disclosure under Regulation 30(2) of SEBI (Substantial Acquisition of Shares & Takeovers) Regulations, 2011"
13-Apr-2016 14:45:00,Disc. under Reg.30 of SEBI (SAST) Reg.2011,"Monitor Portfolio Trust has submitted to the Exchange vide letter dated April 07, 2016  a copy of disclosure under Regulation 30(2) of SEBI (Substantial Acquisition of Shares & Takeovers) Regulations,"
13-Apr-2016 14:30:00,Disc. under Reg.30 of SEBI (SAST) Reg.2011,"Mala Goenka has submitted to the Exchange vide letter dated April 07, 2016  a copy of disclosure under Regulation 30(2) of SEBI (Substantial Acquisition of Shares & Takeovers) Regulations, 2011."
13-Apr-2016 14:27:00,Disc. under Reg.30 of SEBI (SAST) Reg.2011,"Mala Goenka has submitted to the Exchange vide letter dated April 07,2016 a copy of disclosure under Regulation 30(1) and 30(2) of SEBI (Substantial Acquisition of Shares & Takeovers) Regulations, 201"
13-Apr-2016 08:57:00,Disc. under Reg.30 of SEBI (SAST) Reg.2011,"Harsh Anant Goenka HUF has submitted to the Exchange vide letter dated April 7, 2016  a copy of disclosure under Regulation 30(2) of SEBI (Substantial Acquisition of Shares & Takeovers) Regulations, 2"
12-Apr-2016 18:45:00,Disc. under Reg.30 of SEBI (SAST) Reg.2011,"Nucleus Life Trust has submitted to the Exchange vide letter dated April 7, 2016 a copy of disclosure under Regulation 30(1) and 30(2) of SEBI (Substantial Acquisition of Shares & Takeovers) Regulatio"
12-Apr-2016 16:55:00,Disc. under Reg.30 of SEBI (SAST) Reg.2011,"Crystal India Tech Trust has submitted to the Exchange vide letter dated April 07, 2016  a copy of disclosure under Regulation 30(2) of SEBI (Substantial Acquisition of Shares & Takeovers) Regulations"
12-Apr-2016 11:46:00,Disc. under Reg.30 of SEBI (SAST) Reg.2011,"Instant Holdings Limited has submitted to the Exchange vide letter dated April 6, 2016  a copy of disclosure under Regulation 30(1) and 30(2) of SEBI (Substantial Acquisition of Shares & Takeovers) Re"
12-Apr-2016 11:17:00,Disc. under Reg.30 of SEBI (SAST) Reg.2011,"Anant Vardhan Goenka has submitted to the Exchange vide letter dated April 7, 2016 a copy of disclosure under Regulation 30(2) of SEBI (Substantial Acquisition of Shares & Takeovers) Regulations, 2011"
12-Apr-2016 10:20:00,Disc. under Reg.30 of SEBI (SAST) Reg.2011,"Chattarpati Apartments LLP has submitted to the Exchange vide letter dated April 6, 2016 a copy of disclosure under Regulation 30(1) and 30(2) of SEBI (Substantial Acquisition of Shares & Takeovers) R"
11-Apr-2016 19:06:00,Disc. under Reg.30 of SEBI (SAST) Reg.2011,"Atlantus Dwellings & Infrastructure LLP. has submitted to the Exchange vide letter dated April 6, 2016  a copy of disclosure under Regulation 30(1) and 30(2) of SEBI (Substantial Acquisition of Shares"
11-Apr-2016 16:47:00,Disc. under Reg.30 of SEBI (SAST) Reg.2011,"Swallow Associates LLP has submitted to the Exchange vide letter dated April 6, 2016  a copy of disclosure under Regulation 30(1) and 30(2) of SEBI (Substantial Acquisition of Shares & Takeovers) Regu"
11-Apr-2016 16:35:00,Disc. under Reg.30 of SEBI (SAST) Reg.2011,"Summit Securities Limited has submitted to the Exchange vide letter dated April 06, 2016  a copy of disclosure under Regulation 30(2) of SEBI (Substantial Acquisition of Shares & Takeovers) Regulation"
11-Apr-2016 14:28:00,Disc. under Reg.30 of SEBI (SAST) Reg.2011,"Carniwal Investments Limited has submitted to the Exchange vide letter dated April 06, 2016  a copy of disclosure under Regulation 30(2) of SEBI (Substantial Acquisition of Shares & Takeovers) Regulat"
31-Mar-2016 19:43:00,Press Release,"KEC International Limited has informed the Exchange regarding Press Release dated March 31, 2016 titled "" KEC International wins orders of Rs.836 crore."""
18-Mar-2016 20:07:00,Reply to Clarification Sought,"KEC:The Exchange had sought clarification from KEC International Limited with respect to announcement dated March 17, 2016, regarding a press release dated March 17, 2016 titled ""KEC International win"
17-Mar-2016 12:46:00,Clarification,"KEC:The Exchange has sought clarification from KEC International Limited with respect to announcement dated March 17, 2016, regarding a press release dated March 17, 2016 titled ""KEC International win"
17-Mar-2016 10:50:00,Press Release,"KEC International Limited has informed the Exchange regarding a press release dated March 17, 2016  titled ""KEC International wins orders of Rs. 1,041 crore""."
15-Mar-2016 08:32:00,Record Date,"KEC International Limited has informed the Exchange that the Company has fixed Record Date as March 24, 2016 for the purpose of Interim Dividend"
15-Mar-2016 08:07:00,Date of payment of dividend,"KEC International Limited has informed the Exchange that Company the dividend will be paid on or before March 30, 2016."
15-Mar-2016 08:07:00,Dividend,"KEC International Limited has informed the Exchange that the Board of Directors of the Company at its meeting held on March 14, 2016 has approved payment of interim dividend at the rate of Re.1 (Rupee"
07-Mar-2016 19:16:00,Analysts Meet,"KEC International Limited has informed the Exchange regarding the Institutional Investors Meet as disclosed to the Stock Exchange on March 05, 2015 has been cancelled."
07-Mar-2016 10:03:00,Trading Window,"KEC International Limited has informed the Exchange that pursuant to the provisions of SEBI (Prohibition of Insider Trading) Regulations, 2015, the Trading Window for dealing in equity shares of the C"
07-Mar-2016 09:32:00,Analysts Meet,KEC International Limited has informed the Exchange regarding Analyst/Institutional Investors meet.
04-Mar-2016 14:31:00,Analysts Meet,"KEC International Limited has informed the Exchange regarding the Intimation of Institutional Investor/ Analyst Meet to be held on March 08, 2016."
19-Feb-2016 12:53:00,Analysts Meet,"KEC International Limited has informed the Exchange regarding Analyst/Institutional Investor meet to be held on February 22, 2016."
17-Feb-2016 14:59:00,Analysts Meet,KEC International Limited has informed the Exchange regarding details of the Analyst/Institutional Investors meet.
15-Feb-2016 08:24:00,Analysts Meet,"KEC International Limited has informed the Exchange regarding Analyst/Institutional Meet to be held on February 15, 2016."
04-Feb-2016 14:49:00,Analysts Meet,"KEC International Limited has informed the Exchange regarding presentation on performance and financial results of the Company for the quarter and nine months ended December 31, 2015 sent to Instituti"
03-Feb-2016 18:49:00,Press Release,"KEC International Limited has informed the Exchange regarding a press release dated February 03, 2016, with respect to the financial Results for the quarter ended December 31, 2015."
03-Feb-2016 18:33:22,Financial Result Updates,"KEC International Limited has submitted to the Exchange the standalone & consolidated financial results along with the Limited Review Report for the period ended December 31, 2015."
22-Jan-2016 20:08:00,Trading Window,"KEC International Limited has informed the Exchange that the Trading Window for dealing in the equity shares of the Company will remain closed from January 25, 2016 to February 05, 2016 (both days inc"
22-Jan-2016 20:06:00,Analysts Meet,"KEC International Limited has informed the Exchange that on February 04, 2016 at 4:00 p.m. the Company will hold an Investors' Conference Call on its Unaudited Consolidated and Standalone Financial Re"
13-Jan-2016 18:35:00,Updates,"KEC International Limited has informed the Exchange that the Board has adopted the policy on determination of materiality of event/information on January 04, 2016 and authorized the Key Managerial Per"
01-Jan-2016 09:09:00,Press Release,"KEC International Limited has informed the Exchange regarding a press release dated January 01, 2016, titled ""KEC International wins orders of Rs 1,001 crore""."
31-Dec-2015 17:52:00,Amalgamation/Merger,"KEC International Limited has informed the Exchange regarding the amalgamation with Jay Railway Projects Private Limited, a wholly-owned subsidiary of the Company with KEC International Limited"
14-Dec-2015 17:12:00,Postal Ballot Updates,KEC International Limited has informed the Exchange regarding details of the Voting Results.
10-Nov-2015 18:42:00,Postal Ballot Updates,KEC International Limited has submitted to the Exchange a copy of Notice of Postal Ballot.
28-Oct-2015 18:25:00,Press Release,"KEC International Limited has informed the Exchange regarding a press release dated October 28, 2015 titled ""PBT at Rs. 69 crore, up 8 times""."
28-Oct-2015 18:13:29,Financial Result Updates,KEC International Limited has submitted to the exchange the standalone & consolidated financial results along with the Limited Review Report for the period ended 30-Sep-2015.
20-Oct-2015 16:24:00,Trading Window,"KEC International Limited has informed the Exchange that the Trading Window for dealing in the equity shares of the Company will remain closed from October 21, 2015 to October 30, 2015 (both days incl"
07-Oct-2015 12:44:00,Press Release,"KEC International Limited has informed the Exchange regarding a press release dated October 7, 2015 titled ""KEC International wins orders of Rs. 668 crore""."
11-Aug-2015 19:04:00,Press Release,"KEC International Limited has informed the Exchange regarding a press release dated August 11, 2015 titled "" KEC International wins orders of Rs. 838 crore ""."
31-Jul-2015 10:35:00,Disclosure of Voting Pattern - Clause 35A,"KEC International Limited has submitted to the Exchange a copy of voting results of Annual General Meeting of the Company held on July 29, 2015 along with a copy of Scrutinizer's Report pursuant to Cl"
30-Jul-2015 19:12:00,Annual General Meeting Updates,"KEC International Limited has informed the Exchange about the Proceedings of the Annual General Meeting held on July 29, 2015."
27-Jul-2015 19:38:55,Financial Result Updates,KEC International Limited has submitted to the exchange the standalone & consolidated financial results along with the Limited Review Report for the period ended 30-Jun-2015.
27-Jul-2015 19:29:00,Press Release,"KEC International Limited has informed the Exchange regarding a press release dated July 27, 2015."
22-Jul-2015 18:26:00,Updates,KEC International Limited has informed the Exchange that that the Company has completed the sale of its telecom assets to ATC Telecom Tower Corporation Private Limited for a total consideration of Rs.
17-Jul-2015 15:45:00,Trading Window,"KEC International Limited has informed the Exchange that in terms of the Code of Conduct adopted by the Company pursuant to the SEBI (Prohibition of Insider Trading) Regulations, 2015, the Trading Win"
10-Jul-2015 12:40:00,Press Release,"KEC International Limited has informed the Exchange regarding Press Release dated July 10, 2015, tiled ""KEC International wins orders of Rs. 622 crores""."
10-Jul-2015 09:28:00,Press Release,"KEC International Limited has informed the Exchange regarding a press release dated July 10, 2015, titled ""KEC International wins orders of Rs. 622 crore""."
07-Jul-2015 14:30:00,Date of payment of dividend,"KEC International Limited has informed the Exchange that the dividend, if any declared at the Annual General Meeting, will be paid on after July 29, 2015 to the Members entitled thereto."
07-Jul-2015 14:25:00,AGM/Book Closure,"KEC International Limited has informed the Exchange that the Register of Members & Share Transfer Books of the Company will remain closed from July 22, 2015 to July 29, 2015 (both days inclusive) for "
09-Jun-2015 13:17:00,Press Release,"KEC International Limited has informed the Exchange regarding a press release dated June 09, 2015, titled"" Kec international wins orders of Rs.1002 crore""."
16-May-2015 11:11:00,"Code of Conduct under SEBI(PIT) Reg., 2015","KEC International Limited has informed the Exchange that the Board of Directors of the Company at its meeting held on May 06, 2015 have adopted the  Code of fair disclosure, internal procedures and co"
06-May-2015 19:15:03,Financial Result Updates,KEC International Limited has submitted to the exchange the standalone & consolidated financial results for the period ended 31-Mar-2015.
06-May-2015 19:05:00,Press Release,"KEC International Limited has informed the Exchange regarding a press release dated May 6, 2015  titled ""Net Revenue for Q4 FY15 up by 15.9% Y-o-Y""."
06-May-2015 18:40:00,Dividend,"KEC International Limited has informed the Exchange that the Board of Directors of the Company at their meeting held on May 6, 2015, have recommended a Dividend of Rs. 0.90 per equity share of Rs. 2 e"
29-Apr-2015 14:57:00,Disc. under Reg.30 of SEBI (SAST) Reg.2011,"Chattarpati Apartments LLP  has submitted to the Exchange vide letter dated April 09, 2015 a copy of disclosure under Regulation 30(2) of SEBI (Substantial Acquisition of Shares & Takeovers) Regulatio"
29-Apr-2015 14:56:00,Disc. under Reg.30 of SEBI (SAST) Reg.2011,"Atlantus Dwellings & Infrastructure LLP has submitted to the Exchange vide letter dated April 09, 2015 a copy of disclosure under Regulation 30(2) of SEBI (Substantial Acquisition of Shares & Takeover"
29-Apr-2015 10:41:00,Disc. under Reg.30 of SEBI (SAST) Reg.2011,"Harsh Anant Goenka has submitted to the Exchange vide letter dated April 09, 2015 a copy of disclosure under Regulation 30(2) of SEBI (Substantial Acquisition of Shares & Takeovers) Regulations, 2011."
28-Apr-2015 17:11:00,Trading Window,"KEC International Limited has informed the Exchange that the Trading Window for dealing in the equity shares of the Company will remain closed from April 29, 2015 to May 07, 20 15 (both days inclusive"
16-Apr-2015 12:43:00,Updates,"KEC International Limited has informed the Exchange that in continuation to Company's earlier announcements for sale of its telecom assets, The Company would like to disclose that the consideration fo"
16-Apr-2015 10:47:00,Updates,"KEC International Limited has informed the Exchange vide letter dated April 16, 2015 that ""This is in furtherance to our earlier communication regarding Company entering into a binding agreement for s"
16-Apr-2015 09:09:00,Updates,"KEC International Limited has informed the Exchange that the Company has entered into a binding agreement for sale of its telecom assets in the states of Chhattisgarh, Meghalaya and Mizoram consisting"
13-Apr-2015 15:10:00,Disc. under Reg.30 of SEBI (SAST) Reg.2011,"Summit Securities Limited has submitted to the Exchange  a copy of disclosure under Regulation 30(2) of SEBI (Substantial Acquisition of Shares & Takeovers) Regulations, 2011."
13-Apr-2015 14:05:00,Disc. under Reg.30 of SEBI (SAST) Reg.2011,"Anant Vardhan Goenka has submitted to the Exchange  a copy of disclosure under Regulation 30(1) and 30(2) of SEBI (Substantial Acquisition of Shares & Takeovers) Regulations, 2011."
13-Apr-2015 13:52:00,Disc. under Reg.30 of SEBI (SAST) Reg.2011,"Stellar Enery Trust has submitted to the Exchange a copy of disclosure under Regulation 30(2) of SEBI (Substantial Acquisition of Shares & Takeovers) Regulations, 2011."
13-Apr-2015 11:06:00,Disc. under Reg.30 of SEBI (SAST) Reg.2011,"Harsh Vardhan Goenka has submitted to the Exchange vide letter dated April 07, 2015 a copy of disclosure under Regulation 30(2) of SEBI (Substantial Acquisition of Shares & Takeovers) Regulations, 201"
10-Apr-2015 08:46:00,Disclosure under SEBI Takeover Regulations,"Swallow Associates LLP has submitted to the Exchange a copy of disclosure under Regulation 30(2) of SEBI (Substantial Acquisition of Shares & Takeovers) Regulations, 2011."
09-Apr-2015 14:15:00,Disc. under Reg.30 of SEBI (SAST) Reg.2011,"Instant Holding Limited has submitted to the Exchange vide letter dated April 09, 2015 a copy of disclosure under Regulation 30(2) of SEBI (Substantial Acquisition of Shares & Takeovers) Regulations, "
08-Apr-2015 08:22:00,Disc. under Reg.30 of SEBI (SAST) Reg.2011,"Stel Holdings Limited has submitted to the Exchange vide letter dated April 07, 2015 a copy of disclosure under Regulation 30(1) and 30(2) of SEBI (Substantial Acquisition of Shares & Takeovers) Regul"
06-Apr-2015 11:26:00,Press Release,"KEC International Limited has informed the Exchange regarding a press release dated April 06, 2015, titled ""KEC International wins orders of Rs 1565 crore""."
04-Apr-2015 13:39:00,Press Release,"KEC International Limited has submitted to the Exchange a copy of press release dated April 2, 2015 pertaining to Mr. Vimal Kejriwal assuming the office of Managing Director and CEO of the Company wit"
30-Mar-2015 12:57:00,Disclosure of Voting Pattern - Clause 35A,KEC International Limited has submitted to the Exchange a copy of result of Postal Ballot under Clause 35A of the Listing Agreement.
05-Mar-2015 11:54:00,Press Release,"KEC International Limited has informed the Exchange regarding a press release dated March 5, 2015 titled ""KEC International wins orders of Rs 1243 crore""."
25-Feb-2015 11:16:00,Postal Ballot Updates,"KEC International Limited has submitted to the Exchange a copy of the Postal Ballot Notice issued pursuant to Section 110 of the Companies Act, 2013."
06-Feb-2015 11:27:00,Clarification,"The Exchange had sought clarification from KEC International Limited with respect to an announcement dated February 04, 2015, that, the Board of Directors at its meeting held on February 4, 2015, have"
05-Feb-2015 19:58:00,Clarification,"The Exchange has sought clarification from KEC International Limited with respect to an announcement dated February 04, 2015, that, the Board of Directors at its meeting held on February 4, 2015, have"
04-Feb-2015 20:06:00,Outcome of Board Meeting,"KEC International Limited has informed the Exchange that the Board of Directors at its meeting held on February 4, 2015, have approved the following:    1. Scheme of amalgamation of Jay Railway Projec"
04-Feb-2015 18:58:00,Press Release,"KEC International Limited has informed the Exchange regarding a press release dated February 4, 2015 titled ""Profit After Tax (PAT) up by 247% Y-0-Y""."
04-Feb-2015 18:19:02,Financial Result Updates,KEC International Limited has submitted to the exchange the standalone & consolidated financial results along with the Limited Review Report for the period ended 31-Dec-2014.
23-Jan-2015 15:37:00,Trading Window,"KEC International Limited has informed the Exchange that in terms of the Code of Conduct adopted by the Company pursuant to the SEBI (Prohibition of Insider Trading) Regulations, 1992, the Trading Win"
