date,desc,text
07-Jul-2026 15:52:18,"Certificate under SEBI (Depositories and Participants) Regulations, 2018","KEI Industries Limited has informed the Exchange about Compliance Certificate of Demat / Remat of shares under Regulation 74(5) of SEBI (Depositories and Participants) Regulations, 2018 for the quarte"
27-Jun-2026 11:42:29,Credit Rating,KEI Industries Limited has informed the Exchange about Credit Rating
25-Jun-2026 16:37:20,Trading Window,"KEI Industries Limited has informed the Exchange regarding the Trading Window closure pursuant to SEBI (Prohibition of Insider Trading) Regulations, 2015"
24-Jun-2026 20:04:44,Press Release,"KEI Industries Limited has informed the Exchange regarding a press release dated Jun 24, 2026, titled ""KEI Industries Limited welcomes Rashmika Mandanna as its Brand Ambassador""."
24-Jun-2026 20:02:07,General Updates,"Intimation under Regulation 30 of SEBI (Listing Obligations and Disclosure Requirements) Regulations, 2015- Appointment of Ms. Rashmika Mandanna as Brand Ambassador"
23-Jun-2026 13:41:24,Credit Rating,KEI Industries Limited has informed the Exchange about Credit Rating
03-Jun-2026 16:13:03,Credit Rating,KEI Industries Limited has informed the Exchange about Credit Rating
03-Jun-2026 15:42:59,Copy of Newspaper Publication,KEI Industries Limited has informed the Exchange about Intimation of newspaper publication   Special Window for Transfer and Dematerialisation of Physical Securities.
01-Jun-2026 19:30:40,Change in Management,"KEI Industries Limited has informed the Exchange about Intimation under Regulation 30 of the SEBI (Listing Obligations & Disclosures Requirements) Regulations, 2015 - Change in Designation."
26-May-2026 15:40:20,Analysts/Institutional Investor Meet/Con. Call Updates,KEI Industries Limited has informed the Exchange about Schedule of meet
21-May-2026 18:32:10,Analysts/Institutional Investor Meet/Con. Call Updates,KEI Industries Limited has informed the Exchange about Schedule of meet
20-May-2026 19:50:34,Acquisition,"KEI Industries Limited has informed the Exchange about Intimation under Regulation 30 of the SEBI (Listing Obligations and Disclosures Requirements) Regulations, 2015   Power Purchase Agreement"
20-May-2026 19:44:49,General Updates,"KEI Industries Limited has informed the Exchange about Intimation under Regulation 30 of the SEBI (Listing Obligations and Disclosures Requirements) Regulations, 2015   Power Purchase Agreement"
18-May-2026 15:01:31,Credit Rating,KEI Industries Limited has informed the Exchange about Credit Rating
13-May-2026 08:39:12,General Updates,"KEI Industries Limited has informed the Exchange about Intimation under Regulation 30 of the Securities and Exchange Board of India (Listing Obligations and Disclosure Requirements), Regulations, 2015"
12-May-2026 17:33:42,Analysts/Institutional Investor Meet/Con. Call Updates,KEI Industries Limited has informed the Exchange about Transcript
12-May-2026 11:37:38,News Verification,The Exchange has sought clarification from KEI Industries Limited with respect to recent news item captioned KEI Industries Shares Tumble More Than 3% Amid Reports Of Income Tax Dept Raids.  The respo
07-May-2026 12:56:21,Rumour Verification - Regulation 30(11),"KEI Industries Limited has informed the Exchange about Intimation / clarification under Regulation 30 of the Securities and Exchange Board of India (Listing Obligations and Disclosure Requirements), R"
07-May-2026 12:49:54,Disclosure under SEBI Takeover Regulations,KEI Industries Limited has Submitted to the Exchange a copy of Disclosure under Regulation 31(4) of the Securities and Exchange Board of India (Substantial Acquisition of Shares and Takeovers) Regulat
07-May-2026 10:24:54,News Verification,The Exchange has sought clarification from KEI Industries Limited with respect to recent news item captioned KEI Industries Shares Tumble More Than 3% Amid Reports Of Income Tax Dept Raids.  The respo
05-May-2026 17:23:27,Analysts/Institutional Investor Meet/Con. Call Updates,"KEI Industries Limited has informed the Exchange about Audio Recording/ Investors Call pertaining to Financial Results for the quarter and year ended on March 31, 2026."
05-May-2026 15:41:06,Copy of Newspaper Publication,KEI Industries Limited has informed the Exchange about Copy of Newspaper Publication.
04-May-2026 19:10:56,Monitoring Agency Report,"Monitoring Agency Report for the quarter ended March 31, 2026"
04-May-2026 17:55:18,Investor Presentation,KEI Industries Limited has informed the Exchange about Investor Presentation
04-May-2026 17:32:07,Outcome of Board Meeting,"KEI Industries Limited has submitted to the Exchange, Outcome of Board Meeting / Announcements pursuant to Regulation 30 and 33 of SEBI (Listing Obligations and Disclosures Requirements) Regulations, "
25-Apr-2026 09:30:10,Analysts/Institutional Investor Meet/Con. Call Updates,"Intimation of Schedule of Analyst / Institutional Investor Call / Meet under Regulation 30 of SEBI (Listing Obligations and Disclosure Requirements) Regulations, 2015"
21-Apr-2026 18:39:45,Updates,KEI Industries Limited has informed the Exchange regarding 'Intimation of receipt of ISO/ IEC 27001:2022 Certification for Information Security Management System (ISMS)'.
07-Apr-2026 12:21:23,General Updates,KEI Industries Limited has informed the Exchange about Intimation of newspaper publication   Special Window for Transfer and Dematerialisation of Physical Securities
06-Apr-2026 17:39:23,"Certificate under SEBI (Depositories and Participants) Regulations, 2018","KEI Industries Limited has informed the Exchange about Compliance Certificate of Demat / Remat of shares under regulation 74(5) of SEBI (Depositories and Participants) Regulations, 2018 for the quarte"
03-Apr-2026 18:57:01,Updates,"KEI Industries Limited has informed the Exchange regarding Disclosures under Regulation 31(4) of  SEBI  (Substantial  Acquisition  of Shares & Takeovers) Regulations, 2011  for  the  financial  year  "
30-Mar-2026 18:31:31,General Updates,"KEI Industries Limited has informed the Exchange about Intimation of Corporate Governance Rating/Grading under Regulation 30 of SEBI (Listing Obligations and Disclosure Requirements) Regulations, 2015"
24-Mar-2026 15:22:53,Trading Window,"KEI Industries Limited has informed the Exchange regarding the Trading Window closure pursuant to SEBI (Prohibition of Insider Trading) Regulations, 2015"
23-Mar-2026 18:05:03,Analysts/Institutional Investor Meet/Con. Call Updates,KEI Industries Limited has informed the Exchange about Schedule of meet
21-Mar-2026 16:43:57,General Updates,"Disclosure under Regulation 30 of SEBI (Listing Obligations and Disclosure Requirements) Regulations, 2015   ESG Rating"
16-Mar-2026 11:37:59,Analysts/Institutional Investor Meet/Con. Call Updates,KEI Industries Limited has informed the Exchange about Schedule of meet
03-Mar-2026 13:36:53,General Updates,"Intimation of cancellation of Analyst / Institutional Investor Call / Meet under Regulation 30 of SEBI (Listing Obligations and Disclosure Requirements) Regulations, 2015"
27-Feb-2026 17:56:14,Analysts/Institutional Investor Meet/Con. Call Updates,KEI Industries Limited has informed the Exchange about Revised Intimation of Schedule of Analyst / Institutional Investor Call / Meet under Regulation 30 of SEBI (Listing Obligations and Disclosure Re
19-Feb-2026 18:52:06,General Updates,"KEI Industries Limited has informed the Exchange about Disclosure under Regulation 30 of Securities and Exchange Board of India ('SEBI') (Listing Obligations and Disclosure Requirements) Regulations, "
19-Feb-2026 14:42:19,Analysts/Institutional Investor Meet/Con. Call Updates,KEI Industries Limited has informed the Exchange about Intimation of Schedule of Analyst / Institutional Investor Call / Meet under Regulation 30 of SEBI (Listing Obligations and Disclosure Requiremen
13-Feb-2026 15:48:14,Copy of Newspaper Publication,Intimation of newspaper publication   Special Window for Re-lodgement of Transfer Requests of Physical Shares.
07-Feb-2026 18:18:22,Analysts/Institutional Investor Meet/Con. Call Updates,KEI Industries Limited has informed the Exchange about Presentation
04-Feb-2026 16:05:40,Credit Rating,KEI Industries Limited has informed the Exchange about Credit Rating
03-Feb-2026 10:18:01,General Updates,Intimation of Voluntary Delisting of Equity Shares of the Company from The Calcutta Stock Exchange Ltd ( CSE )
29-Jan-2026 17:52:24,Analysts/Institutional Investor Meet/Con. Call Updates,KEI Industries Limited has informed the Exchange about Schedule of meet
29-Jan-2026 12:04:11,Analysts/Institutional Investor Meet/Con. Call Updates,"Transcript of Analysts/Investors Call pertaining to the Un-audited Financial Results for the quarter ended on December 31, 2025"
24-Jan-2026 15:15:02,Updates,KEI Industries Limited has informed the Exchange regarding 'Report on Transfer Requests of Physical Shares re-lodged under the special window'.
24-Jan-2026 14:31:22,General Updates,KEI Industries Limited has informed the Exchange about Intimation of Publication of Advertisement regarding voluntary delisting of the Equity Shares of the Company from The Calcutta Stock Exchange Lim
22-Jan-2026 14:53:06,Analysts/Institutional Investor Meet/Con. Call Updates,KEI Industries Limited has informed the Exchange about Link of Recording
22-Jan-2026 14:12:08,Copy of Newspaper Publication,KEI Industries Limited has informed the Exchange about Copy of Newspaper Publication
21-Jan-2026 19:26:08,Monitoring Agency Report,"Monitoring Agency Report for the quarter ended December 31, 2025."
21-Jan-2026 18:06:29,Investor Presentation,KEI Industries Limited has informed the Exchange about Investor Presentation
21-Jan-2026 17:55:20,General Updates,"KEI Industries Limited has informed the Exchange about Board of Directors Approved voluntary delisting of the Company's Equity Shares from The Calcutta Stock Exchange Limited (CSE), pursuant to Regula"
21-Jan-2026 17:52:27,Dividend,KEI Industries Limited has informed the Exchange that Board of Directors approved Declaration of Interim Dividend of Rs. 4.50/- (i.e. @ 225%) per Equity Share of face value of Rs. 2.00/- each for the 
21-Jan-2026 17:49:35,Record Date,KEI Industries Limited has informed the Exchange that Record date for the purpose of Dividend  is 28-Jan-2026.
21-Jan-2026 17:48:03,Dividend,KEI Industries Limited has informed the Exchange about Outcome of Board Meeting   Disclosure/ Announcements pursuant to Regulation 30 and 33 of SEBI (Listing Obligations and Disclosures Requirements) 
21-Jan-2026 17:42:56,Voluntary Delisting,KEI Industries Limited has informed the Exchange about Outcome of Board Meeting   Disclosure/ Announcements pursuant to Regulation 30 and 33 of SEBI (Listing Obligations and Disclosures Requirements) 
21-Jan-2026 17:38:50,Outcome of Board Meeting,KEI Industries Limited has submitted to the Exchange regarding Outcome of Board Meeting   Disclosure/ Announcements pursuant to Regulation 30 and 33 of SEBI (Listing Obligations and Disclosures Requir
19-Jan-2026 15:10:08,Analysts/Institutional Investor Meet/Con. Call Updates,KEI Industries Limited has informed the Exchange about Schedule of meet
08-Jan-2026 18:58:21,Updates,"KEI Industries Limited has informed the Exchange regarding 'Intimation under Regulation 30 of SEBI (Listing Obligations and Disclosure Requirements) Regulations, 2015'."
07-Jan-2026 16:05:52,"Certificate under SEBI (Depositories and Participants) Regulations, 2018","KEI Industries Limited has informed the Exchange about Compliance Certificate of Demat / Remat of shares under regulation 74(5) of SEBI (Depositories and Participants) Regulations, 2018 for the quarte"
26-Dec-2025 18:25:54,Trading Window,"KEI Industries Limited has informed the Exchange regarding the Trading Window closure pursuant to SEBI (Prohibition of Insider Trading) Regulations, 2015"
23-Dec-2025 15:49:21,Updates,KEI Industries Limited has informed the Exchange regarding 'Report on Transfer Requests of Physical Shares re-lodged under the special window'.
15-Dec-2025 18:27:25,General Updates,"Intimation under Regulation 30 of SEBI (Listing Obligations and Disclosure Requirements) Regulations, 2015"
10-Dec-2025 15:58:36,Commencement of commercial production/operations,"KEI Industries Limited has informed the Exchange about Update on Trial Production/Commercial Production at New Manufacturing Facility at Sanand (Ahmedabad), Gujarat"
03-Dec-2025 18:42:45,Analysts/Institutional Investor Meet/Con. Call Updates,KEI Industries Limited has informed the Exchange about Schedule of meet
01-Dec-2025 16:43:52,General Updates,"KEI Industries Limited has informed the Exchange about Update on Trial Production/Commercial Production at New Manufacturing Facility at Sanand (Ahmedabad), Gujarat"
27-Nov-2025 14:57:07,Copy of Newspaper Publication,KEI Industries Limited has informed the Exchange about Intimation of newspaper publication   Special Window for Re-lodgement of Transfer Requests of Physical Shares
22-Nov-2025 12:53:16,Updates,KEI Industries Limited has informed the Exchange regarding 'Report on Transfer Requests of Physical Shares re-lodged under the special window'.
18-Nov-2025 17:01:09,General Updates,"KEI Industries Limited has informed the Exchange about receiving an award, under Regulation 30 of the SEBI (Listing Obligations and Disclosure Requirements) Regulations, 2015."
17-Nov-2025 15:38:12,Analysts/Institutional Investor Meet/Con. Call Updates,KEI Industries Limited has informed the Exchange about Schedule of meet
11-Nov-2025 16:46:04,Investor Presentation,KEI Industries Limited has informed the Exchange about Investor Presentation
01-Nov-2025 18:01:30,Analysts/Institutional Investor Meet/Con. Call Updates,KEI Industries Limited has informed the Exchange about Schedule of meet
25-Oct-2025 15:57:15,Updates,KEI Industries Limited has informed the Exchange regarding 'Report on Transfer Requests of Physical Shares re-lodged under the special window'.
19-Oct-2025 23:04:18,Analysts/Institutional Investor Meet/Con. Call Updates,KEI Industries Limited has informed the Exchange about Transcript
16-Oct-2025 17:42:22,Analysts/Institutional Investor Meet/Con. Call Updates,KEI Industries Limited has informed the Exchange about Link of Recording
16-Oct-2025 15:27:54,Investor Presentation,KEI Industries Limited has informed the Exchange about Investor Presentation
16-Oct-2025 14:52:04,Copy of Newspaper Publication,"KEI Industries Limited has informed the Exchange about Disclosure pursuant to Regulation 47 of SEBI (Listing Obligations and Disclosure Requirements) Regulations, 2015."
15-Oct-2025 19:46:42,Monitoring Agency Report,"Monitoring Agency Report for the quarter ended September 30, 2025"
15-Oct-2025 17:41:13,Investor Presentation,KEI Industries Limited has informed the Exchange about Investor Presentation
15-Oct-2025 16:52:50,Investor Presentation,KEI Industries Limited has informed the Exchange about Investor Presentation
15-Oct-2025 16:48:33,Outcome of Board Meeting,"KEI Industries Limited has submitted to the Exchange, the financial results for the period ended September 30, 2025."
09-Oct-2025 15:57:37,"Certificate under SEBI (Depositories and Participants) Regulations, 2018","KEI Industries Limited has informed the Exchange about Compliance Certificate of Demat / Remat of shares under regulation 74(5) of SEBI (Depositories and Participants) Regulations, 2018 for the quarte"
08-Oct-2025 14:40:06,Analysts/Institutional Investor Meet/Con. Call Updates,KEI Industries Limited has informed the Exchange about Schedule of meet
29-Sep-2025 15:59:22,ESOP/ESOS/ESPS,"KEI Industries Limited has informed the Exchange about Allotment of 48,000 Equity Shares pursuant to exercise of stock options under KEI Employees Stock Option Scheme   2015."
26-Sep-2025 18:50:13,Credit Rating,KEI Industries Limited has informed the Exchange about Credit Rating
26-Sep-2025 12:45:58,Trading Window,"KEI Industries Limited has informed the Exchange regarding the Trading Window closure pursuant to SEBI (Prohibition of Insider Trading) Regulations, 2015"
25-Sep-2025 17:36:38,Resignation,"KEI Industries Limited has informed the Exchange regarding Resignation of Mr Dhiman Chaudhuri as Vice President of the company w.e.f. September 25, 2025."
25-Sep-2025 16:21:48,Change in Management,"KEI Industries Limited has informed the Exchange about Intimation under Regulation 30 of the Securities and Exchange Board of India (Listing Obligations and Disclosure Requirements) Regulations, 2015 "
24-Sep-2025 15:56:17,Copy of Newspaper Publication,KEI Industries Limited has informed the Exchange about newspaper publication   Special Window for Re-lodgment of Transfer Requests of Physical Shares.
23-Sep-2025 16:50:43,Updates,KEI Industries Limited has informed the Exchange regarding 'Report on Transfer Requests of Physical Shares re-lodged under the special window'.
22-Sep-2025 16:52:29,Resignation,"Intimation under Regulation 30 of the Securities and Exchange Board of India (Listing Obligations and Disclosure Requirements) Regulations, 2015 ( SEBI Listing Regulations )-Resignation of Senior Mana"
09-Sep-2025 18:14:23,Analysts/Institutional Investor Meet/Con. Call Updates,KEI Industries Limited has informed the Exchange about Schedule of meet
27-Aug-2025 16:00:21,Updates,KEI Industries Limited has informed the Exchange regarding 'Report on Transfer Requests of Physical Shares re-lodged under the special window'.
26-Aug-2025 13:20:08,Analysts/Institutional Investor Meet/Con. Call Updates,KEI Industries Limited has informed the Exchange about Schedule of Analyst / Institutional Investor Call / Meet under Regulation 30 of SEBI (Listing Obligations and  Disclosure Requirements) Regulatio
12-Aug-2025 14:58:26,Analysts/Institutional Investor Meet/Con. Call Updates,KEI Industries Limited has informed the Exchange about Schedule of meet
05-Aug-2025 15:44:40,Investor Presentation,KEI Industries Limited has informed the Exchange about Investor Presentation
31-Jul-2025 16:50:11,Shareholders meeting,KEI Industries Limited has submitted the Exchange regarding Minutes of 33rd Annual General Meeting of the Company and Scrutinizer s Report along with Voting Results under Regulation 44 of the SEBI (Li
30-Jul-2025 19:38:54,Shareholders meeting,"KEI Industries Limited has informed the Exchange regarding Proceedings of Annual General Meeting held on July 30, 2025."
29-Jul-2025 18:52:13,Analysts/Institutional Investor Meet/Con. Call Updates,KEI Industries Limited has informed the Exchange about Transcript
28-Jul-2025 18:11:53,Analysts/Institutional Investor Meet/Con. Call Updates,KEI Industries Limited has informed the Exchange about Schedule of meet
26-Jul-2025 13:01:39,Copy of Newspaper Publication,"KEI Industries Limited has informed the Exchange about Copy of Newspaper Publication. Pursuant to Regulation 30 of the SEBI (Listing Obligations and Disclosure Requirements) Regulations, 2015, please "
26-Jul-2025 12:38:54,Copy of Newspaper Publication,"KEI Industries Limited has informed the Exchange about Newspaper Publication for the Shareholders of the Company. In terms of section 124(6) of the Companies Act, 2013, we are enclosing herewith the N"
23-Jul-2025 16:57:44,Analysts/Institutional Investor Meet/Con. Call Updates,KEI Industries Limited has informed the Exchange about the link to the audio recording of the Analysts/Investors Call on the Un-audited Standalone and Consolidated Financial Results of KEI Industries 
23-Jul-2025 12:48:10,Copy of Newspaper Publication,"KEI Industries Limited has informed the Exchange about newspaper clippings of Un-Audited Financial Results of the Company for the First Quarter ended on 30th June, 2025. The Company published the adve"
22-Jul-2025 18:41:51,Investor Presentation,KEI Industries Limited has informed the Exchange about Investor Presentation
22-Jul-2025 17:33:11,Investor Presentation,KEI Industries Limited has informed the Exchange about Investor Presentation
22-Jul-2025 17:24:41,Monitoring Agency Report,"Monitoring Agency Report for the quarter ended June 30, 2025"
22-Jul-2025 17:11:51,Outcome of Board Meeting,"KEI Industries Limited has submitted to the Exchange, Outcome of Board Meeting / Announcements pursuant to Regulation 30 and 33 of SEBI (Listing Obligations and Disclosures Requirements) Regulations, "
18-Jul-2025 10:21:40,Analysts/Institutional Investor Meet/Con. Call Updates,KEI Industries Limited has informed the Exchange about Schedule of meet
16-Jul-2025 16:05:32,General Updates,KEI Industries Limited has informed the Exchange about that Company has acquired Industrial Plot admeasuring 45964.92 Sqm from Gujarat Industrial Development Corporation (GIDC) located at Plot No. 832
11-Jul-2025 16:22:40,"Certificate under SEBI (Depositories and Participants) Regulations, 2018","KEI Industries Limited has informed the Exchange about Compliance Certificate of Demat / Remat of shares under regulation 74(5) of SEBI (Depositories and Participants) Regulations, 2018 for the quarte"
08-Jul-2025 12:32:56,Copy of Newspaper Publication,KEI Industries Limited has informed the Exchange about Copy of Newspaper Publication
07-Jul-2025 14:34:38,Shareholders meeting,"KEI Industries Limited has informed the Exchange regarding Notice of 33rd Annual General Meeting will be held on Wednesday, July 30, 2025 at 03:30 p.m. (IST) through Video Conferencing / Other Audio V"
01-Jul-2025 16:01:55,Copy of Newspaper Publication,KEI Industries Limited has informed the Exchange about Copy of Newspaper Publication
30-Jun-2025 14:27:36,Disclosure under SEBI Takeover Regulations,KEI Industries Limited has Submitted to the Exchange a copy of Disclosure under Regulation 31(4) of the Securities and Exchange Board of India (Substantial Acquisition of Shares and Takeovers) Regulat
25-Jun-2025 20:04:15,Credit Rating,KEI Industries Limited has informed the Exchange about Credit Rating
25-Jun-2025 18:50:16,Trading Window,"KEI Industries Limited has informed the Exchange regarding the Trading Window closure pursuant to SEBI (Prohibition of Insider Trading) Regulations, 2015"
24-Jun-2025 16:55:01,Outcome of Board Meeting,"KEI Industries Limited has informed the Exchange regarding Outcome of Board Meeting / Announcements pursuant to Regulation 30 of SEBI (Listing Obligations and Disclosure Requirements) Regulations, 201"
13-Jun-2025 17:26:53,Analysts/Institutional Investor Meet/Con. Call Updates,KEI Industries Limited has informed the Exchange about Schedule of Conference Call/Meet with the Analyst / Institutional Investors Pursuant to Regulation 30 of the SEBI (Listing Obligations and Disclo
06-Jun-2025 16:48:51,Credit Rating- Revision,KEI Industries Limited has informed the Exchange that India Ratings and Research Private Limited has upgraded ratings of the Company.
27-May-2025 17:51:32,Investor Presentation,KEI Industries Limited has informed the Exchange about Investor Presentation
26-May-2025 16:56:03,Pendency of Litigation(s)/dispute(s) or the outcome impacting the Company,"KEI Industries Limited has informed the Exchange about Update on litigation - Intimation under Regulation 30 of SEBI (Listing Obligations and Disclosure Requirements) Regulations, 2015."
21-May-2025 16:24:21,Updates,"KEI Industries Limited has informed the Exchange regarding 'Intimation under Regulation 30 of SEBI (Listing Obligations and Disclosure Requirements) Regulations, 2015 - Acquisition'."
14-May-2025 18:50:27,Analysts/Institutional Investor Meet/Con. Call Updates,"KEI Industries Limited has informed the Exchange about Transcript of Analysts/Investors Call pertaining to the Financial Results for the quarter and year ended on March 31, 2025."
08-May-2025 17:52:16,Analysts/Institutional Investor Meet/Con. Call Updates,KEI Industries Limited has informed the Exchange about Intimation of Schedule of Analyst / Institutional Investor Call / Meet under Regulation 30 of SEBI (Listing Obligations and Disclosure Requiremen
07-May-2025 17:45:55,Analysts/Institutional Investor Meet/Con. Call Updates,"KEI Industries Limited has informed the Exchange about Audio Recording of Analysts/Investors Call pertaining to the Financial Results for the quarter and year ended on March 31, 2025."
07-May-2025 13:25:49,Copy of Newspaper Publication,KEI Industries Limited has informed the Exchange about Copy of Newspaper Publication
06-May-2025 18:51:41,Monitoring Agency Report,"Monitoring Agency Report for the quarter ended March 31, 2025"
06-May-2025 18:34:09,Investor Presentation,KEI Industries Limited has informed the Exchange about Investor Presentation
06-May-2025 18:04:43,General Updates,Approved amendment to the 'Code of Practices and Procedures for Fair Disclosure ofUnpublished Price Sensitive Information' pursuant to Regulation 8(2) of the Securities andExchange Board of India (Pro
06-May-2025 17:56:57,Updates,"KEI Industries Limited has informed the Exchange regarding 'Appointment of M/s S K Batra & Associates, Practicing Company Secretaries (FirmRegistration No. S2008DE794900) as Secretarial Auditors of th"
06-May-2025 17:43:52,Outcome of Board Meeting,"KEI Industries Limited has informed the Exchange regarding Outcome of Board Meeting held on May 06, 2025."
30-Apr-2025 17:33:34,Updates,"Declaration pursuant to the Securities and Exchange Board of India (SEBI) Circular No. SEBI/HO/DDHS/DDHS-RACPOD1/P/CIR/2023/172 dated October 19, 2023."
28-Apr-2025 17:52:57,Analysts/Institutional Investor Meet/Con. Call Updates,KEI Industries Limited has informed the Exchange about Schedule of meet
25-Apr-2025 20:14:13,General Updates,KEI Industries Limited has informed the Exchange about General Updates
07-Apr-2025 16:45:12,"Certificate under SEBI (Depositories and Participants) Regulations, 2018","KEI Industries Limited has informed the Exchange about Certificate under SEBI (Depositories and Participants) Regulations, 2018."
04-Apr-2025 17:31:35,Updates,"KEI Industries Limited has informed the Exchange regarding 'Disclosure Under Regulation 31(4) of SEBI (Substantial Acquisition of Shares & Takeovers) Regulations, 2011'."
03-Apr-2025 14:56:30,General Updates,Cautionary email received from the BSE regarding delay in intimation to stock exchanges
02-Apr-2025 17:14:19,Updates,KEI Industries Limited has informed the Exchange regarding 'Cautionary email received from NSE'.
25-Mar-2025 16:03:13,Trading Window,"KEI Industries Limited has informed the Exchange regarding the Trading Window closure pursuant to SEBI (Prohibition of Insider Trading) Regulations, 2015"
19-Mar-2025 15:49:02,Analysts/Institutional Investor Meet/Con. Call Updates,KEI Industries Limited has informed the Exchange about Schedule of meet
27-Feb-2025 18:33:14,Analysts/Institutional Investor Meet/Con. Call Updates,KEI Industries Limited has informed the Exchange about Schedule of meet
24-Feb-2025 16:51:53,Shareholders meeting,KEI Industries Limited has informed the Exchange regarding Proceedings of Postal Ballot
24-Feb-2025 16:45:34,Shareholders meeting,KEI Industries Limited has informed the Exchange about Shareholders meeting
21-Feb-2025 18:06:53,General Updates,KEI Industries Limited has informed the Exchange about General Updates
21-Feb-2025 13:35:46,Analysts/Institutional Investor Meet/Con. Call Updates,KEI Industries Limited has informed the Exchange about Schedule of meet
12-Feb-2025 20:27:48,Updates,"KEI Industries Limited has informed the Exchange regarding 'Pursuant to Regulation 30 of the SEBI (Listing Obligations and Disclosure Requirements) Regulations, 2015, we wish to inform you that Mr. An"
07-Feb-2025 17:29:03,Analysts/Institutional Investor Meet/Con. Call Updates,KEI Industries Limited has informed the Exchange about Schedule of meet
07-Feb-2025 17:08:58,Investor Presentation,KEI Industries Limited has informed the Exchange about Investor Presentation
06-Feb-2025 18:35:09,General Updates,KEI Industries Limited has informed the Exchange about General Updates
04-Feb-2025 17:39:56,General Updates,KEI Industries Limited has informed the Exchange about General Updates
03-Feb-2025 15:47:03,Analysts/Institutional Investor Meet/Con. Call Updates,KEI Industries Limited has informed the Exchange about Schedule of meet
01-Feb-2025 16:17:37,General Updates,KEI Industries Limited has informed the Exchange about General Updates
28-Jan-2025 18:26:57,Analysts/Institutional Investor Meet/Con. Call Updates,KEI Industries Limited has informed the Exchange about Transcript
23-Jan-2025 15:37:44,Copy of Newspaper Publication,KEI Industries Limited has informed the Exchange about Copy of Newspaper Publication
22-Jan-2025 19:11:38,Shareholders meeting,KEI Industries Limited has informed the Exchange regarding Notice of Postal Ballot
22-Jan-2025 18:39:06,Analysts/Institutional Investor Meet/Con. Call Updates,KEI Industries Limited has informed the Exchange about Link of Recording
22-Jan-2025 18:29:58,Copy of Newspaper Publication,KEI Industries Limited has informed the Exchange about Copy of Newspaper Publication
22-Jan-2025 18:28:46,Copy of Newspaper Publication,KEI Industries Limited has informed the Exchange about Copy of Newspaper Publication
21-Jan-2025 19:56:31,Monitoring Agency Report,"Monitoring Agency Report for the quarter ended December 31, 2024"
21-Jan-2025 19:17:37,Integrated Filing- Financial,Integrated Filing (Financials) for the quarter and nine months ended on 31.12.2024
21-Jan-2025 17:50:14,Statement of deviation(s) or variation(s) under Reg. 32,KEI Industries Limited has informed the Exchange about statement of deviation(s) or variation(s) under Reg. 32
21-Jan-2025 17:35:49,Record Date,KEI Industries Limited has informed the Exchange that Record date for the purpose of Dividend  is 27-Jan-2025.
21-Jan-2025 17:31:21,Change in Management,KEI Industries Limited has informed the Exchange about re-appointment of Mr. Rajeev Gupta as Executive Director (Finance) and CFO of the Company for a period of five years subject to the approval of s
21-Jan-2025 17:04:05,Outcome of Board Meeting,"KEI Industries Limited has informed the Exchange regarding Outcome of Board Meeting held on January 21, 2025."
21-Jan-2025 17:01:42,Investor Presentation,KEI Industries Limited has informed the Exchange about Investor Presentation
21-Jan-2025 16:56:15,Dividend,"KEI Industries Limited has informed the Exchange that Board of Directors at its meeting held on January 21, 2025, declared Interim Dividend of 4 per equity share."
21-Jan-2025 16:54:26,Financial Result Updates," KEI Industries Limited has submitted to the Exchange, the financial results for the period ended December 31, 2024."
10-Jan-2025 13:57:14,Analysts/Institutional Investor Meet/Con. Call Updates,KEI Industries Limited has informed the Exchange about Schedule of meet
10-Jan-2025 11:06:28,"Certificate under SEBI (Depositories and Participants) Regulations, 2018","KEI Industries Limited has informed the Exchange about Certificate under SEBI (Depositories and Participants) Regulations, 2018"
24-Dec-2024 16:48:40,Trading Window,"KEI Industries Limited has informed the Exchange regarding the Trading Window closure pursuant to SEBI (Prohibition of Insider Trading) Regulations, 2015"
16-Dec-2024 18:19:49,Change in Management,KEI Industries Limited has informed the Exchange about change in Management
28-Nov-2024 23:13:25,Allotment of Securities,"KEI Industries Limited has informed the Exchange regarding allotment of 5263157 securities pursuant to Qualified Institution Placement at its meeting held on November 28, 2024"
28-Nov-2024 23:07:28,Committee Meeting Updates,"KEI Industries Limited has informed the Exchange regarding Outcome of Committee Meeting held on November 28, 2024."
28-Nov-2024 22:21:17,Qualified Institutional Placement,KEI Industries Limited has informed the Exchange about qualified Institutional Placement
28-Nov-2024 22:19:39,Committee Meeting Updates,"KEI Industries Limited has informed the Exchange regarding Outcome of Committee Meeting held on November 28, 2024."
25-Nov-2024 22:56:49,Qualified Institutional Placement,KEI Industries Limited has informed the Exchange about qualified Institutional Placement
25-Nov-2024 16:16:28,General Updates,KEI Industries Limited has informed the Exchange about General Updates
21-Nov-2024 18:52:17,General Updates,KEI Industries Limited has informed the Exchange about General Updates
18-Nov-2024 19:53:11,Shareholders meeting,KEI Industries Limited has informed the Exchange regarding Proceedings of Postal Ballot
18-Nov-2024 19:49:56,Shareholders meeting,KEI Industries Limited has submitted the Exchange a copy of Srutinizers report of  Postal Ballot along with a copy of minutes.
18-Nov-2024 18:26:22,General Updates,KEI Industries Limited has informed the Exchange about General Updates
18-Nov-2024 18:23:08,Analysts/Institutional Investor Meet/Con. Call Updates,KEI Industries Limited has informed the Exchange about Cancellation of Analyst/Institutional Investor Call/Meet
16-Nov-2024 15:36:30,Analysts/Institutional Investor Meet/Con. Call Updates,KEI Industries Limited has informed the Exchange about Schedule of meet
03-Nov-2024 22:22:11,Investor Presentation,KEI Industries Limited has informed the Exchange about Investor Presentation
03-Nov-2024 20:20:24,Investor Presentation,KEI Industries Limited has informed the Exchange about Investor Presentation
28-Oct-2024 20:47:38,Analysts/Institutional Investor Meet/Con. Call Updates,KEI Industries Limited has informed the Exchange about Schedule of meet
22-Oct-2024 11:53:27,Analysts/Institutional Investor Meet/Con. Call Updates,KEI Industries Limited has informed the Exchange about Transcript
19-Oct-2024 15:17:24,Copy of Newspaper Publication,KEI Industries Limited has informed the Exchange about Copy of Newspaper Publication
18-Oct-2024 18:38:15,Shareholders meeting,KEI Industries Limited has informed the Exchange regarding Notice of Postal Ballot
16-Oct-2024 16:59:27,Analysts/Institutional Investor Meet/Con. Call Updates,KEI Industries Limited has informed the Exchange about Link of Recording
16-Oct-2024 15:17:54,Copy of Newspaper Publication,KEI Industries Limited has informed the Exchange about Copy of Newspaper Publication
15-Oct-2024 18:09:03,Investor Presentation,KEI Industries Limited has informed the Exchange about Investor Presentation
15-Oct-2024 18:04:51,Qualified Institutional Placement,KEI Industries Limited has informed the Exchange about qualified Institutional Placement
15-Oct-2024 18:02:51,Outcome of Board Meeting,"KEI Industries Limited has informed the Exchange regarding Outcome of Board Meeting held on October 15, 2024."
15-Oct-2024 17:59:58,Outcome of Board Meeting,"KEI Industries Limited has informed the Exchange regarding  Board meeting held on October 15, 2024."
15-Oct-2024 17:56:47,Financial Result Updates," KEI Industries Limited has submitted to the Exchange, the financial results for the period ended September 30, 2024."
11-Oct-2024 10:36:32,Analysts/Institutional Investor Meet/Con. Call Updates,KEI Industries Limited has informed the Exchange about Schedule of meet
08-Oct-2024 15:59:08,"Certificate under SEBI (Depositories and Participants) Regulations, 2018","KEI Industries Limited has informed the Exchange about Certificate under SEBI (Depositories and Participants) Regulations, 2018"
28-Sep-2024 16:06:16,ESOP/ESOS/ESPS,KEI Industries Limited has informed the Exchange regarding Allotment of 48000  Shares.
28-Sep-2024 15:59:50,Options to purchase securities,"KEI Industries Limited has informed the Exchange about Allotment of 48,000 Equity Shares pursuant to exercise of stock options under KEIEmployees Stock Option Scheme   2015"
23-Sep-2024 15:01:52,Trading Window,"KEI Industries Limited has informed the Exchange regarding the Trading Window closure pursuant to SEBI (Prohibition of Insider Trading) Regulations, 2015"
21-Sep-2024 18:55:24,Commencement of commercial production/operations,KEI Industries Limited has informed the Exchange about Commencement of commercial production/operations
18-Sep-2024 18:50:38,Updates,"KEI Industries Limited has informed the Exchange regarding 'Disclosure pursuant to Regulation 30 of SEBI (Listing Obligations and Disclosures Requirements) Regulations, 2015 '."
12-Sep-2024 18:21:14,Shareholders meeting,"KEI Industries Limited has submitted the Exchange a copy Srutinizers report of  Annual General Meeting held on September 11, 2024. Further, the company has informed the Exchange regarding voting resul"
11-Sep-2024 18:13:41,Credit Rating,KEI Industries Limited has informed the Exchange about Credit Rating
11-Sep-2024 17:33:37,Change in Management,KEI Industries Limited has informed the Exchange about change in Management
11-Sep-2024 17:32:00,Shareholders meeting,"KEI Industries Limited has informed the Exchange regarding Proceedings of Annual General Meeting held on September 11, 2024"
09-Sep-2024 18:04:42,Analysts/Institutional Investor Meet/Con. Call Updates,KEI Industries Limited has informed the Exchange about Schedule of meet
30-Aug-2024 12:43:29,Analysts/Institutional Investor Meet/Con. Call Updates,KEI Industries Limited has informed the Exchange about Schedule of meet
27-Aug-2024 15:52:44,Loss of Share Certificates,KEI Industries Limited has informed the Exchange about Loss of Share Certificates
22-Aug-2024 17:10:25,Credit Rating,KEI Industries Limited has informed the Exchange about Credit Rating
18-Aug-2024 10:20:13,Copy of Newspaper Publication,KEI Industries Limited has informed the Exchange about Copy of Newspaper Publication
17-Aug-2024 18:27:14,Updates,KEI Industries Limited has informed the Exchange regarding 'Business Responsibility and Sustainability Report'.
17-Aug-2024 18:22:04,Shareholders meeting,"KEI Industries Limited has informed the Exchange regarding Notice of Annual General Meeting to be held on September 11, 2024"
17-Aug-2024 13:00:46,Analysts/Institutional Investor Meet/Con. Call Updates,KEI Industries Limited has informed the Exchange about Schedule of meet
16-Aug-2024 12:09:50,Analysts/Institutional Investor Meet/Con. Call Updates,KEI Industries Limited has informed the Exchange about Schedule of meet
13-Aug-2024 16:04:47,Copy of Newspaper Publication,KEI Industries Limited has informed the Exchange about Copy of Newspaper Publication
07-Aug-2024 13:24:37,Copy of Newspaper Publication,KEI Industries Limited has informed the Exchange about Copy of Newspaper Publication
06-Aug-2024 17:43:56,Loss of Share Certificates,KEI Industries Limited has informed the Exchange about Loss of Share Certificates
06-Aug-2024 16:33:21,Analysts/Institutional Investor Meet/Con. Call Updates,KEI Industries Limited has informed the Exchange about Schedule of meet
06-Aug-2024 13:00:12,Analysts/Institutional Investor Meet/Con. Call Updates,KEI Industries Limited has informed the Exchange about Transcript
30-Jul-2024 17:54:35,Analysts/Institutional Investor Meet/Con. Call Updates,KEI Industries Limited has informed the Exchange about Link of Recording
30-Jul-2024 14:57:09,Copy of Newspaper Publication,KEI Industries Limited has informed the Exchange about Copy of Newspaper Publication
29-Jul-2024 17:27:53,Cessation,"KEI Industries Limited has informed the Exchange regarding Cessation of Mr VikramBhartia as Non- Executive Independent Director of the company w.e.f. September 18, 2024."
29-Jul-2024 17:27:53,Cessation,"KEI Industries Limited has informed the Exchange regarding Cessation of Mr Vijay Bhushan as Non- Executive Independent Director of the company w.e.f. September 18, 2024."
29-Jul-2024 17:27:53,Cessation,"KEI Industries Limited has informed the Exchange regarding Cessation of Mr Pawan Bholusaria as Non- Executive Independent Director of the company w.e.f. September 18, 2024."
29-Jul-2024 17:27:53,Cessation,"KEI Industries Limited has informed the Exchange regarding Cessation of Mr Kishan Gopal Somani as Non- Executive Independent Director of the company w.e.f. September 18, 2024."
29-Jul-2024 17:12:10,Updates,KEI Industries Limited has informed the Exchange regarding 'Reconstitution  of Committee & Completion of Tenure of Directors'.
29-Jul-2024 17:09:05,Change in Management,KEI Industries Limited has informed the Exchange about change in Management
29-Jul-2024 17:07:20,Investor Presentation,KEI Industries Limited has informed the Exchange about Investor Presentation
29-Jul-2024 17:05:04,Book Closure,KEI Industries Limited has informed the Exchange that Register of Members & Share Transfer Books of the Company will remain closed from 05-Sep-2024 to 11-Sep-2024 for the purpose of Annual General Mee
29-Jul-2024 17:01:39,Outcome of Board Meeting,"KEI Industries Limited has informed the Exchange regarding Outcome of Board Meeting held on July 29, 2024."
29-Jul-2024 16:59:39,Outcome of Board Meeting,KEI Industries Limited has informed the Exchange regarding  Outcome of Board Meeting / Announcements pursuant to Regulation 30 and 33of SEBI (Listing Obligations and Disclosure Requirements) Regulatio
29-Jul-2024 16:56:49,Financial Result Updates," KEI Industries Limited has submitted to the Exchange, the financial results for the period ended June 30, 2024."
23-Jul-2024 16:05:58,Loss of Share Certificates,KEI Industries Limited has informed the Exchange about Loss of Share Certificates
15-Jul-2024 19:03:43,Analysts/Institutional Investor Meet/Con. Call Updates,KEI Industries Limited has informed the Exchange about Schedule of meet
12-Jul-2024 18:00:46,"Certificate under SEBI (Depositories and Participants) Regulations, 2018","KEI Industries Limited has informed the Exchange about Certificate under SEBI (Depositories and Participants) Regulations, 2018"
06-Jul-2024 15:29:31,Copy of Newspaper Publication,KEI Industries Limited has informed the Exchange about Copy of Newspaper Publication
05-Jul-2024 18:21:10,Loss of Share Certificates,KEI Industries Limited has informed the Exchange about Loss of Share Certificates
03-Jul-2024 15:58:30,Loss of Share Certificates,KEI Industries Limited has informed the Exchange about Loss of Share Certificates
25-Jun-2024 10:46:09,Trading Window,"KEI Industries Limited has informed the Exchange regarding the Trading Window closure pursuant to SEBI (Prohibition of Insider Trading) Regulations, 2015"
21-Jun-2024 09:11:06,Strikes/Lockouts/Disturbances,KEI Industries Limited has informed the Exchange about strikes/lockouts/disturbances
19-Jun-2024 18:31:06,Strikes/Lockouts/Disturbances,KEI Industries Limited has informed the Exchange about strikes/lockouts/disturbances
17-Jun-2024 10:43:15,Copy of Newspaper Publication,KEI Industries Limited has informed the Exchange about Copy of Newspaper Publication
15-Jun-2024 13:06:49,Loss of Share Certificates,KEI Industries Limited has informed the Exchange about Loss of Share Certificates
07-Jun-2024 18:10:52,Shareholders meeting,KEI Industries Limited has informed the Exchange regarding Proceedings of Postal Ballot
07-Jun-2024 18:06:10,Credit Rating,KEI Industries Limited has informed the Exchange about Credit Rating
07-Jun-2024 15:58:13,Change in Director(s),KEI Industries Limited has informed the Exchange regarding Change in Director(s) of the company.
07-Jun-2024 15:57:07,Shareholders meeting,"KEI Industries Limited has submitted the Exchange a copy Srutinizers report of  Postal Ballot. Further, the company has informed the Exchange regarding voting results."
03-Jun-2024 20:29:45,Change in Management,KEI Industries Limited has informed the Exchange about change in Management
27-May-2024 13:03:23,Analysts/Institutional Investor Meet/Con. Call Updates,KEI Industries Limited has informed the Exchange about Schedule of meet
25-May-2024 11:32:12,Copy of Newspaper Publication,KEI Industries Limited has informed the Exchange about Copy of Newspaper Publication
15-May-2024 12:37:32,Loss of Share Certificates,"Intimation regarding Issue of Duplicate Share Certificates under Regulation 39(3) of SEBI (ListingObligation and Disclosure Requirements) Regulation, 2015."
09-May-2024 18:40:34,Analysts/Institutional Investor Meet/Con. Call Updates,KEI Industries Limited has informed the Exchange about Transcript
07-May-2024 16:15:47,Disclosure under SEBI Takeover Regulations,"��Anil Gupta��has Submitted to the Exchange a copy of Disclosure under Regulation 31(4) of the Securities and Exchange Board of India��(Substantial Acquisition of Shares and Takeovers) Regulations, 20"
07-May-2024 14:48:48,Copy of Newspaper Publication,"Disclosure pursuant to Regulation 47 of SEBI (LODR) Regulations, 2015"
06-May-2024 18:05:13,Updates,"KEI Industries Limited has informed the Exchange regarding 'Pursuant to Regulation 30 of the SEBI (Listing Obligations and Disclosure Requirements)Regulations, 2015, we submit herewith Notice of Posta"
06-May-2024 18:01:51,Shareholders meeting,KEI Industries Limited has informed the Exchange regarding Notice of Postal Ballot
04-May-2024 13:11:49,Analysts/Institutional Investor Meet/Con. Call Updates,"Intimation of Schedule of Analyst / Institutional Investor Call / Meet under Regulation 30 of SEBI (ListingObligations and Disclosure Requirements) Regulations, 2015."
03-May-2024 18:08:19,Copy of Newspaper Publication,"Disclosure pursuant to Regulation 47 of SEBI (LODR) Regulations, 2015"
03-May-2024 18:05:52,Analysts/Institutional Investor Meet/Con. Call Updates,KEI Industries Limited has informed the Exchange about Link of Recording
02-May-2024 18:07:27,Updates,KEI Industries Limited has informed the Exchange regarding 'Reporting of initial disclosure to be made by entities identified as Large Corporates'.
02-May-2024 17:56:42,Investor Presentation,KEI Industries Limited has informed the Exchange about Investor Presentation
02-May-2024 17:53:52,Financial Result Updates,"KEI Industries Limited has submitted to the Exchange, the financial results for the period ended March 31, 2024."
02-May-2024 17:45:27,Outcome of Board Meeting,"KEI Industries Limited has informed the Exchange regarding  outcome of Board meeting to consider and approve audited Financial Statement for the quarter and year ended 31.03.2024 held on May 02, 2024."
27-Apr-2024 19:24:44,Updates,"KEI Industries Limited has informed the Exchange regarding 'Annual Secretarial Compliance Report pursuant to Regulation 24A of SEBI (ListingObligations and Disclosure Requirements) Regulations, 2015 f"
25-Apr-2024 17:54:50,Analysts/Institutional Investor Meet/Con. Call Updates,KEI Industries Limited has informed the Exchange about Schedule of meet
25-Apr-2024 17:52:17,Copy of Newspaper Publication,KEI Industries Limited has informed the Exchange about Copy of Newspaper Publication
24-Apr-2024 19:00:36,Loss of Share Certificates,KEI Industries Limited has informed the Exchange about Loss of Share Certificates
20-Apr-2024 17:54:50,Change in Management,KEI Industries Limited has informed the Exchange about change in Management
06-Apr-2024 17:20:58,"Certificate under SEBI (Depositories and Participants) Regulations, 2018","KEI Industries Limited has informed the Exchange about Certificate under SEBI (Depositories and Participants) Regulations, 2018"
27-Mar-2024 11:14:46,Trading Window,"KEI Industries Limited has informed the Exchange regarding the Trading Window closure pursuant to SEBI (Prohibition of Insider Trading) Regulations, 2015"
11-Mar-2024 18:08:12,Analysts/Institutional Investor Meet/Con. Call Updates,KEI Industries Limited has informed the Exchange about Schedule of meet
11-Mar-2024 17:43:30,Date of payment of dividend,KEI Industries Limited has informed the Exchange about Date of payment of dividend
11-Mar-2024 17:18:16,Appointment,"KEI Industries Limited has informed the Exchange regarding Appointment of Mr Rajesh Kumar Yaduvanshi as Non- Executive Independent Director of the company w.e.f. March 11, 2024."
11-Mar-2024 17:11:06,Change in Management,KEI Industries Limited has informed the Exchange about change in Management
11-Mar-2024 17:09:54,Dividend Updates,KEI Industries Limited has informed the Exchange about Dividend Updates
11-Mar-2024 17:06:35,Dividend,"KEI Industries Limited has informed the Exchange that Board of Directors at its meeting held on March 11, 2024, declared Interim Dividend of Rs. 3.50 per equity share."
11-Mar-2024 17:02:08,Dividend,"KEI Industries Limited has informed the Exchange that Board of Directors at its meeting held on March 11, 2024, declared Interim Dividend of 3.50 per equity share."
02-Mar-2024 14:45:27,Copy of Newspaper Publication,KEI Industries Limited has informed the Exchange about Copy of Newspaper Publication
01-Mar-2024 18:17:05,Record Date,KEI Industries Limited has informed the Exchange that Record date for the purpose of Dividend  is 19-Mar-2024.
01-Mar-2024 18:14:53,Trading Window,"KEI Industries Limited has informed the Exchange regarding the Trading Window closure pursuant to SEBI (Prohibition of Insider Trading) Regulations, 2015"
12-Feb-2024 16:45:20,Change in Management,KEI Industries Limited has informed the Exchange about change in Management
12-Feb-2024 16:43:45,Shareholders meeting,"KEI Industries Limited has submitted the Exchange a copy Srutinizers report of  Postal Ballot. Further, the company has informed the Exchange regarding voting results."
05-Feb-2024 19:09:42,Analysts/Institutional Investor Meet/Con. Call Updates,KEI Industries Limited has informed the Exchange about Schedule of meet
01-Feb-2024 15:52:06,Analysts/Institutional Investor Meet/Con. Call Updates,KEI Industries Limited has informed the Exchange about Transcript
24-Jan-2024 17:59:36,Analysts/Institutional Investor Meet/Con. Call Updates,KEI Industries Limited has informed the Exchange about Link of Recording
24-Jan-2024 17:39:52,Copy of Newspaper Publication,KEI Industries Limited has informed the Exchange about Copy of Newspaper Publication
23-Jan-2024 18:24:17,Investor Presentation,KEI Industries Limited has informed the Exchange about Investor Presentation
23-Jan-2024 18:21:13,Updates,"KEI Industries Limited has informed the Exchange regarding 'Disclosure pursuant to Regulation 30 of SEBI (Listing Obligations and DisclosuresRequirements) Regulations, 2015'."
23-Jan-2024 18:18:29,Outcome of Board Meeting,"KEI Industries Limited has informed the Exchange regarding Outcome of Board Meeting held on January 23, 2024."
23-Jan-2024 18:17:23,Outcome of Board Meeting,"KEI Industries Limited has informed the Exchange regarding  Board meeting held on January 23, 2024."
23-Jan-2024 18:16:13,Financial Result Updates,"KEI Industries Limited has submitted to the Exchange, the financial results for the period ended December 31, 2023."
16-Jan-2024 12:41:55,Analysts/Institutional Investor Meet/Con. Call Updates,KEI Industries Limited has informed the Exchange about Schedule of meet
15-Jan-2024 19:12:01,"Certificate under SEBI (Depositories and Participants) Regulations, 2018","KEI Industries Limited has informed the Exchange about Certificate under SEBI (Depositories and Participants) Regulations, 2018"
12-Jan-2024 15:59:11,Copy of Newspaper Publication,KEI Industries Limited has informed the Exchange about Copy of Newspaper Publication
11-Jan-2024 18:45:39,Updates,"KEI Industries Limited has informed the Exchange regarding 'Pursuant to Regulation 30 of the SEBI (Listing Obligations and Disclosure Requirements)Regulations, 2015, we submit herewith Notice of Posta"
11-Jan-2024 18:40:20,Shareholders meeting,KEI Industries Limited has informed the Exchange regarding Notice of Postal Ballot
08-Jan-2024 18:41:47,Appointment,KEI Industries Limited has informed the Exchange regarding Re-Appointment of Ms Shalini Gupta (DIN 02361768) as Non- Executive Independent Director of the company for her second term of five years  w.
08-Jan-2024 15:48:35,Change in Management,KEI Industries Limited has informed the Exchange about change in Management
08-Jan-2024 13:51:14,Outcome of Board Meeting,KEI Industries Limited has informed the Exchange regarding re-appointment of Ms. Shalini Gupta (DIN: 02361768) as an Independent Director of the Company for her second term of Five years w.e.f Februar
01-Jan-2024 18:20:12,Loss of Share Certificates,KEI Industries Limited has informed the Exchange about Loss of Share Certificates
26-Dec-2023 14:36:27,Trading Window,"KEI Industries Limited has informed the Exchange regarding the Trading Window closure pursuant to SEBI (Prohibition of Insider Trading) Regulations, 2015"
15-Dec-2023 14:46:05,Copy of Newspaper Publication,KEI Industries Limited has informed the Exchange about Copy of Newspaper Publication
14-Dec-2023 16:41:47,Loss of Share Certificates,KEI Industries Limited has informed the Exchange about Loss of Share Certificates
27-Nov-2023 11:08:42,Analysts/Institutional Investor Meet/Con. Call Updates,KEI Industries Limited has informed the Exchange about Schedule of meet
08-Nov-2023 12:39:27,Analysts/Institutional Investor Meet/Con. Call Updates,KEI Industries Limited has informed the Exchange about Transcript
01-Nov-2023 17:33:41,Analysts/Institutional Investor Meet/Con. Call Updates,KEI Industries Limited has informed the Exchange about Link of Recording
01-Nov-2023 16:37:40,Copy of Newspaper Publication,KEI Industries Limited has informed the Exchange about Copy of Newspaper Publication
31-Oct-2023 20:21:49,Analysts/Institutional Investor Meet/Con. Call Updates,KEI Industries Limited has informed the Exchange about Schedule of meet
31-Oct-2023 20:03:08,Updates,"KEI Industries Limited has informed the Exchange regarding 'As per Regulation 30 of SEBI (Listing Obligations and Disclosure Requirements) Regulations, 2015 this is to update you that as a part of bro"
31-Oct-2023 18:23:27,Investor Presentation,KEI Industries Limited has informed the Exchange about Investor Presentation
31-Oct-2023 18:20:09,Outcome of Board Meeting,"KEI Industries Limited has informed the Exchange regarding Outcome of Board Meeting held on October 31, 2023."
31-Oct-2023 18:14:56,Outcome of Board Meeting,"Outcome of Board Meeting / Announcements pursuant to Regulation 30 and 33 of SEBI(Listing Obligations and Disclosures Requirements) Regulations, 2015"
31-Oct-2023 18:11:42,Outcome of Board Meeting,"KEI Industries Limited has informed the Exchange regarding  Board meeting held on October 31, 2023."
31-Oct-2023 18:09:35,Financial Result Updates,"KEI Industries Limited has submitted to the Exchange, the financial results for the period ended September 30, 2023."
28-Oct-2023 18:31:04,Loss of Share Certificates,KEI Industries Limited has informed the Exchange about Loss of Share Certificates
25-Oct-2023 11:22:22,Analysts/Institutional Investor Meet/Con. Call Updates,KEI Industries Limited has informed the Exchange about Schedule of meet
11-Oct-2023 16:25:12,Copy of Newspaper Publication,KEI Industries Limited has informed the Exchange about Copy of Newspaper Publication
10-Oct-2023 13:50:33,Loss of Share Certificates,KEI Industries Limited has informed the Exchange about Loss of Share Certificates
06-Oct-2023 17:56:43,"Certificate under SEBI (Depositories and Participants) Regulations, 2018","KEI Industries Limited has informed the Exchange about Certificate under SEBI (Depositories and Participants) Regulations, 2018"
27-Sep-2023 17:07:16,ESOP/ESOS/ESPS,KEI Industries Limited has informed the Exchange regarding Grant of 6000  Options.
27-Sep-2023 17:03:04,ESOP/ESOS/ESPS,KEI Industries Limited has informed the Exchange regarding Allotment of 49000  Shares.
26-Sep-2023 14:21:07,Trading Window,"KEI Industries Limited has informed the Exchange regarding the Trading Window closure pursuant to SEBI (Prohibition of Insider Trading) Regulations, 2015"
02-Sep-2023 18:49:29,Shareholders meeting,"KEI Industries Limited has submitted the Exchange a copy Srutinizers report of  Annual General Meeting held on September 01, 2023. Further, the company has informed the Exchange regarding voting resul"
01-Sep-2023 18:31:42,Shareholders meeting,"KEI Industries Limited has informed the Exchange regarding Proceedings of Annual General Meeting held on September 01, 2023"
29-Aug-2023 17:47:42,Credit Rating,KEI Industries Limited has informed the Exchange about Credit Rating
29-Aug-2023 12:49:41,Analysts/Institutional Investor Meet/Con. Call Updates,KEI Industries Limited has informed the Exchange about Schedule of meet
25-Aug-2023 15:24:57,Analysts/Institutional Investor Meet/Con. Call Updates,KEI Industries Limited has informed the Exchange about Schedule of meet
19-Aug-2023 13:30:06,Analysts/Institutional Investor Meet/Con. Call Updates,KEI Industries Limited has informed the Exchange about Schedule of meet
11-Aug-2023 17:45:06,Credit Rating,KEI Industries Limited has informed the Exchange about Credit Rating
11-Aug-2023 13:33:47,Copy of Newspaper Publication,KEI Industries Limited has informed the Exchange about Copy of Newspaper Publication
10-Aug-2023 16:50:59,Updates,KEI Industries Limited has informed the Exchange regarding 'Form DPT-1 Circular or Circular in the Form of Advertisement Inviting Deposits'.
09-Aug-2023 20:32:22,Shareholders meeting,"KEI Industries Limited has informed the Exchange regarding Notice of Annual General Meeting to be held on September 01, 2023"
08-Aug-2023 19:41:03,Analysts/Institutional Investor Meet/Con. Call Updates,KEI Industries Limited has informed the Exchange about Transcript
04-Aug-2023 17:14:52,Copy of Newspaper Publication,KEI Industries Limited has informed the Exchange about Copy of Newspaper Publication
01-Aug-2023 18:01:42,Copy of Newspaper Publication,KEI Industries Limited has informed the Exchange about Copy of Newspaper Publication
01-Aug-2023 17:55:06,Analysts/Institutional Investor Meet/Con. Call Updates,KEI Industries Limited has informed the Exchange about Schedule of meet
01-Aug-2023 16:05:41,Analysts/Institutional Investor Meet/Con. Call Updates,KEI Industries Limited has informed the Exchange about Link of Recording
31-Jul-2023 18:20:22,Book Closure,KEI Industries Limited has informed the Exchange that Register of Members & Share Transfer Books of the Company will remain closed from 26-Aug-2023 to 01-Sep-2023 for the purpose of Meeting.
31-Jul-2023 18:12:05,Investor Presentation,KEI Industries Limited has informed the Exchange about Investor Presentation
31-Jul-2023 18:04:55,Financial Result Updates,"KEI Industries Limited has submitted to the Exchange, the financial results for the period ended June 30, 2023."
31-Jul-2023 18:02:54,Outcome of Board Meeting,"KEI Industries Limited has informed the Exchange regarding  Board meeting held on July 31, 2023."
31-Jul-2023 17:59:54,Outcome of Board Meeting,"KEI Industries Limited has informed the Exchange regarding Outcome of Board Meeting held on July 31, 2023."
29-Jul-2023 17:33:19,Copy of Newspaper Publication,KEI Industries Limited has informed the Exchange about Copy of Newspaper Publication
19-Jul-2023 12:09:47,Analysts/Institutional Investor Meet/Con. Call Updates,KEI Industries Limited has informed the Exchange about Schedule of meet
10-Jul-2023 13:12:28,"Certificate under SEBI (Depositories and Participants) Regulations, 2018","KEI Industries Limited has informed the Exchange about Certificate under SEBI (Depositories and Participants) Regulations, 2018"
28-Jun-2023 11:37:25,Trading Window,"KEI Industries Limited has informed the Exchange regarding the Trading Window closure pursuant to SEBI (Prohibition of Insider Trading) Regulations, 2015"
09-Jun-2023 13:30:22,Credit Rating,KEI Industries Limited has informed the Exchange about Credit Rating
02-Jun-2023 15:44:25,Updates,"KEI Industries Limited has informed the Exchange regarding 'Compliance Intimation pursuant to SEBI Circular No. SEBI/HO/MIRSD/MIRSD_PoD-1/P/CIR/2023/37 dated March 16, 2023'."
25-May-2023 16:27:11,Analysts/Institutional Investor Meet/Con. Call Updates,KEI Industries Limited has informed the Exchange about Schedule of meet
24-May-2023 17:28:57,Annual Secretarial Compliance Report,"Annual Secretarial Compliance Report pursuant to Regulation 24A of SEBI (Listing Obligations and Disclosure Requirements) Regulations, 2015 for the Financial Year ended 31st March, 2023"
18-May-2023 16:25:52,Updates,"KEI Industries Limited has informed the Exchange regarding 'KEI Industries Limited has been allotted Industrial Land, admeasuring 2,88,106 square meters, at Sanand-II Industrial Estate, Gujarat, on lo"
16-May-2023 15:34:18,Analysts/Institutional Investor Meet/Con. Call Updates,KEI Industries Limited has informed the Exchange about Schedule of meet
15-May-2023 10:42:30,Investor Presentation,KEI Industries Limited has informed the Exchange about Investor Presentation
15-May-2023 10:39:41,Investor Presentation,KEI Industries Limited has informed the Exchange about Investor Presentation
08-May-2023 19:51:54,Analysts/Institutional Investor Meet/Con. Call Updates,KEI Industries Limited has informed the Exchange about Transcript
03-May-2023 17:00:43,Analysts/Institutional Investor Meet/Con. Call Updates,"KEI Industries Limited has informed the Exchange about Audio Recording of Analysts/Investors Call pertaining to the Financial Results for the fourth quarter and year ended March 31, 2023"
03-May-2023 15:34:03,Copy of Newspaper Publication,KEI Industries Limited has informed the Exchange about Copy of Newspaper Publication
02-May-2023 19:24:07,Related Party Transactions,KEI Industries Limited has informed the Exchange about related Party Transactions
02-May-2023 19:13:02,Investor Presentation,KEI Industries Limited has informed the Exchange about Investor Presentation
02-May-2023 19:07:48,Financial Result Updates,"KEI Industries Limited has submitted to the Exchange, the financial results for the period ended March 31, 2023."
25-Apr-2023 15:23:14,Disclosure under SEBI Takeover Regulations,"Anil Gupta has Submitted to the Exchange a copy of Disclosure under Regulation 31(4) of the Securities and Exchange Board of India (Substantial Acquisition of Shares and Takeovers) Regulations, 2011."
24-Apr-2023 14:52:22,Analysts/Institutional Investor Meet/Con. Call Updates,KEI Industries Limited has informed the Exchange about Schedule of meet
18-Apr-2023 18:27:52,Updates,"KEI Industries Limited has informed the Exchange regarding 'Non-applicability to the Company of SEBI Circular No. SEBI/HO/DDHS/CIR/P/2018/144 dated November 26, 2018 '."
12-Apr-2023 18:15:26,"Certificate under SEBI (Depositories and Participants) Regulations, 2018","KEI Industries Limited has informed the Exchange about Certificate under SEBI (Depositories and Participants) Regulations, 2018"
04-Apr-2023 16:57:09,Updates,"KEI Industries Limited has informed the Exchange regarding 'Disclosures under Regulation 31(4) of SEBI (Substantial Acquisition of Shares & Takeovers) Regulations, 2011 '."
31-Mar-2023 18:06:24,Trading Window,"KEI Industries Limited has informed the Exchange regarding the Trading Window closure pursuant to SEBI (Prohibition of Insider Trading) Regulations, 2015"
28-Mar-2023 19:35:17,Press Release,"KEI Industries Limited has informed the Exchange regarding a press release dated March 28, 2023, titled ""KEI Industries Ltd becomes Principal Partner with Royal Challengers Bangalore(RCB) for the Indi"
20-Mar-2023 17:41:07,Shareholders meeting,"KEI Industries Limited has submitted the Exchange a copy Srutinizers report of  Postal Ballot. Further, the company has informed the Exchange regarding voting results."
28-Feb-2023 17:27:59,Loss of Share Certificates,KEI Industries Limited has informed the Exchange about Loss of Share Certificates
28-Feb-2023 17:23:21,Analysts/Institutional Investor Meet/Con. Call Updates,KEI Industries Limited has informed the Exchange about Schedule of meet
21-Feb-2023 16:59:03,Analysts/Institutional Investor Meet/Con. Call Updates,KEI Industries Limited has informed the Exchange about Schedule of meet
17-Feb-2023 14:09:55,Analysts/Institutional Investor Meet/Con. Call Updates,KEI Industries Limited has informed the Exchange about Schedule of meet
17-Feb-2023 12:04:55,Copy of Newspaper Publication,KEI Industries Limited has informed the Exchange about Copy of Newspaper Publication
13-Feb-2023 17:44:49,Shareholders meeting,KEI Industries Limited has informed the Exchange regarding Notice of Postal Ballot
10-Feb-2023 16:31:20,Copy of Newspaper Publication,KEI Industries Limited has informed the Exchange about Copy of Newspaper Publication
09-Feb-2023 10:28:41,Loss of Share Certificates,KEI Industries Limited has informed the Exchange about Loss of Share Certificates
04-Feb-2023 15:58:51,Analysts/Institutional Investor Meet/Con. Call Updates,KEI Industries Limited has informed the Exchange about Schedule of meet
04-Feb-2023 15:55:42,Analysts/Institutional Investor Meet/Con. Call Updates,KEI Industries Limited has informed the Exchange about Cancellation
02-Feb-2023 17:13:22,Analysts/Institutional Investor Meet/Con. Call Updates,KEI Industries Limited has informed the Exchange about Schedule of meet
27-Jan-2023 16:40:29,Analysts/Institutional Investor Meet/Con. Call Updates,KEI Industries Limited has informed the Exchange about Transcript
24-Jan-2023 17:34:57,Analysts/Institutional Investor Meet/Con. Call Updates,KEI Industries Limited has informed the Exchange about Link of Recording
24-Jan-2023 16:20:25,Copy of Newspaper Publication,KEI Industries Limited has informed the Exchange about Copy of Newspaper Publication
23-Jan-2023 18:16:54,Investor Presentation,KEI Industries Limited has informed the Exchange about Investor Presentation
23-Jan-2023 17:59:58,Record Date,KEI Industries Limited has informed the Exchange that Record date for the purpose of Dividend  is 03-Feb-2023.
23-Jan-2023 17:50:11,Dividend,"KEI Industries Limited has informed the Exchange that Board of Directors at its meeting held on January 23, 2023, declared Interim Dividend of 3 per equity share."
23-Jan-2023 17:46:49,Dividend,"KEI Industries Limited has informed the Exchange that Board of Directors at its meeting held on January 23, 2023, declared Interim Dividend of Rs. 3 per equity share."
23-Jan-2023 17:40:34,Financial Result Updates,"KEI Industries Limited has submitted to the Exchange, the financial results for the period ended December 31, 2022."
18-Jan-2023 18:56:45,Loss of Share Certificates,KEI Industries Limited has informed the Exchange about Loss of Share Certificates
16-Jan-2023 19:54:51,Analysts/Institutional Investor Meet/Con. Call Updates,KEI Industries Limited has informed the Exchange about Schedule of meet
10-Jan-2023 17:19:31,"Certificate under SEBI (Depositories and Participants) Regulations, 2018","KEI Industries Limited has informed the Exchange about Certificate under SEBI (Depositories and Participants) Regulations, 2018"
27-Dec-2022 14:43:04,Copy of Newspaper Publication,KEI Industries Limited has informed the Exchange about Copy of Newspaper Publication
26-Dec-2022 17:12:51,Loss of Share Certificates,KEI Industries Limited has informed the Exchange about Loss of Share Certificates
20-Dec-2022 16:44:14,Trading Window,"KEI Industries Limited has informed the Exchange regarding the Trading Window closure pursuant to SEBI (Prohibition of Insider Trading) Regulations, 2015"
01-Dec-2022 14:49:33,Schedule of Analysts/Institutional Investor Meet/Con. Call,KEI Industries Limited has informed the Exchange about Schedule of Analysts/Institutional Investor Meet/Con. Call 
16-Nov-2022 17:31:39,Loss of share certificate,"KEI Industries Limited has informed the Exchange about Issue of Duplicate Share Certificates under Regulation 39(3) of SEBI (Listing Obligation and Disclosure Requirements) Regulation, 2015."
16-Nov-2022 16:05:48,Schedule of Analysts/Institutional Investor Meet/Con. Call,KEI Industries Limited has informed the Exchange about Schedule of Analysts/Institutional Investor Meet/Con. Call 
15-Nov-2022 16:05:21,Schedule of Analysts/Institutional Investor Meet/Con. Call,KEI Industries Limited has informed the Exchange about Schedule of Analysts/Institutional Investor Meet/Con. Call 
14-Nov-2022 17:54:27,General updates,"KEI Industries Limited has informed the Exchange about Intimation of dissolution of Joint Venture pursuant to Regulation 30 of the SEBI (Listing Obligations and Disclosure Requirements) Regulations, 2"
10-Nov-2022 13:09:36,Schedule of Analysts/Institutional Investor Meet/Con. Call,KEI Industries Limited has informed the Exchange about Schedule of Analysts/Institutional Investor Meet/Con. Call 
03-Nov-2022 20:05:12,Related Party Transaction,KEI Industries Limited has informed the Exchange about related party transaction for the period ended September 2022
28-Oct-2022 16:59:39,Transcript of Analysts/Institutional Investor Meet/Con. Call,KEI Industries Limited has informed the Exchange about Transcript of Analysts/Institutional Investor Meet/Con. Call 
22-Oct-2022 15:01:27,Recording of Analysts/Institutional Investor Meet/Con. Call,KEI Industries Limited has informed the Exchange about Recording of Analysts/Institutional Investor Meet/Con. Call pertaining to the Un-audited Standalone and Consolidated Financial Results for the qu
21-Oct-2022 12:14:03,Newspaper Advertisements,KEI Industries Limited has informed the Exchange about Newspaper Advertisements
20-Oct-2022 17:39:03,Investor Presentation,KEI Industries Limited has informed the Exchange about Investor Presentation
20-Oct-2022 17:32:21,Outcome of Board Meeting,KEI Industries Limited  has informed the Exchange about Board Meeting held on 20-Oct-2022 to consider financial statements for the period ended September 2022
17-Oct-2022 15:16:24,Schedule of Analysts/Institutional Investor Meet/Con. Call,KEI Industries Limited has informed the Exchange about Schedule of Analysts/Institutional Investor Meet/Con. Call 
11-Oct-2022 14:22:00,General updates,"KEI Industries Limited has informed the Exchange about Compliance Certificate of Demat / Remat of shares under regulation 74(5) of SEBI (Depositories and Participants) Regulations, 2018 for the quarte"
22-Sep-2022 18:42:24,Loss of share certificate,"KEI Industries Limited has informed the Exchange about  Issue of Duplicate Share Certificates under Regulation 39(3) of SEBI (Listing Obligation and Disclosure Requirements) Regulation, 2015."
22-Sep-2022 18:20:39,ESOP/ESPS/SBEB Scheme,"KEI Industries Limited has informed the Exchange about Disclosure pursuant to Regulation 30 of SEBI (Listing Obligations and Disclosure Requirements) Regulations, 2015 "
20-Sep-2022 14:20:24,Schedule of Analysts/Institutional Investor Meet/Con. Call,KEI Industries Limited has informed the Exchange about Schedule of Analysts/Institutional Investor Meet/Con. Call 
19-Sep-2022 18:45:06,Newspaper Advertisements,"KEI Industries Limited has informed the Exchange about Newspaper Advertisements published by the Company for its Shareholders, titled, Circular or Circular in the Form of Advertisement Inviting Deposi"
19-Sep-2022 11:31:18,Closure of trading window,KEI Industries Limited has informed the Exchange about Closure of trading window
15-Sep-2022 15:38:18,Schedule of Analysts/Institutional Investor Meet/Con. Call,KEI Industries Limited has informed the Exchange about Schedule of Analysts/Institutional Investor Meet/Con. Call 
12-Sep-2022 12:52:35,Schedule of Analysts/Institutional Investor Meet/Con. Call,KEI Industries Limited has informed the Exchange about Schedule of Analysts/Institutional Investor Meet/Con. Call 
09-Sep-2022 17:34:54,Annual General Meeting,"KEI Industries Limited has informed the Exchange about Voting results,  Scrutinizer report and  Minutes of Annual General Meeting held on 07-Sep-2022"
08-Sep-2022 17:49:12,Amendment to AOA/MOA,KEI Industries Limited has informed the Exchange about Amendment/Adoption to AOA/MOA
08-Sep-2022 16:41:15,Annual General Meeting,KEI Industries Limited has informed the Exchange about Proceedings of 30th Annual General Meeting held on 07-Sep-2022
08-Sep-2022 13:05:27,Schedule of Analysts/Institutional Investor Meet/Con. Call,KEI Industries Limited has informed the Exchange about Schedule of Analysts/Institutional Investor Meet/Con. Call 
02-Sep-2022 18:02:48,Newspaper Advertisements,"KEI Industries Limited has informed the Exchange about Newspaper Advertisements of intimation under Regulation 39(3) of SEBI (LODR) Regulations, 2015 regarding loss/ misplace of Share Certificate."
01-Sep-2022 14:49:09,Loss of share certificate,KEI Industries Limited has informed the Exchange about Loss of share certificate 
26-Aug-2022 18:41:54,Schedule of Analysts/Institutional Investor Meet/Con. Call,KEI Industries Limited has informed the Exchange about Schedule of Analysts/Institutional Investor Meet/Con. Call 
23-Aug-2022 18:10:21,Credit Rating,KEI Industries Limited has informed the Exchange about Upgrade of Credit Rating
23-Aug-2022 18:00:37,Newspaper Advertisements,"KEI Industries Limited has informed the Exchange about Newspaper Advertisements for Corrigendum to the Notice dated July 26, 2022 convening the 30th Annual General Meeting of the members of the Compan"
22-Aug-2022 18:29:39,General updates,"KEI Industries Limited has informed the Exchange about Corrigendum to the Notice of 30th Annual General Meeting scheduled to be held on September 07, 2022 (AGM) at 3.30 p.m. IST through video conferen"
17-Aug-2022 16:19:03,Newspaper Advertisements,"KEI Industries Limited has informed the Exchange about Newspaper Advertisements in compliance of MCA Circular No. 20/2020 dated 5th May, 2020, after completion of dispatch i.e. sending of emails of No"
16-Aug-2022 15:34:39,Schedule of Analysts/Institutional Investor Meet/Con. Call,KEI Industries Limited has informed the Exchange about Schedule of Analysts/Institutional Investor Meet/Con. Call 
14-Aug-2022 17:15:51,General updates,KEI Industries Limited has informed the Exchange about Form DPT-1 Circular or Circular in the Form of Advertisement Inviting Deposits
13-Aug-2022 19:00:00,Annual General Meeting,KEI Industries Limited has informed the Exchange about Notice of Annual General Meeting to be held on 07-Sep-2022 and Annual Report for the Financial Year 2021-22.
13-Aug-2022 12:32:48,Newspaper Advertisements,"KEI Industries Limited has informed the Exchange about Newspaper Advertisements for the attention of its Shareholders, titled, NOTICE FOR COMPULSORY TRANSFER OF UNPAID / UNCLAIMED DIVIDEND & EQUITY SH"
13-Aug-2022 12:27:24,Newspaper Advertisements,"KEI Industries Limited has informed the Exchange about Newspaper Advertisements in compliance of MCA Circular No. 20/2020 dated 5th May, 2020, before sending the Notice of the ensuing AGM (Annual Gene"
10-Aug-2022 21:26:03,Credit Rating,KEI Industries Limited has informed the Exchange about Upgrade of Credit Rating
09-Aug-2022 19:02:15,Outcome of committee meeting,"KEI Industries Limited  has informed the Exchange about Committee Meeting held on 09-Aug-2022 for allotment of 87,000 Equity Shares pursuant to exercise of stock options under KEI Employees Stock Opti"
06-Aug-2022 19:17:03,Schedule of Analysts/Institutional Investor Meet/Con. Call,KEI Industries Limited has informed the Exchange about Schedule of Analysts/Institutional Investor Meet/Con. Call 
02-Aug-2022 18:39:15,Transcript of Analysts/Institutional Investor Meet/Con. Call,KEI Industries Limited has informed the Exchange about Transcript of Analysts/Institutional Investor Meet/Con. Call 
27-Jul-2022 18:29:06,Recording of Analysts/Institutional Investor Meet/Con. Call,"KEI Industries Limited has informed the Exchange about Recording of Analysts/Institutional Investor Meet/Con. Call pertaining to the Financial Results for the quarter ended June 30, 2022."
27-Jul-2022 15:53:00,Newspaper Advertisements,"KEI Industries Limited has informed the Exchange about Newspaper Advertisements of an Un-Audited Standalone and Consolidated Financial Results of the Company for the quarter ended on 30th June, 2022."
26-Jul-2022 19:07:48,Book Closure,KEI Industries Limited has informed the Exchange that Register of Members & Share Transfer Books of the Company will remain closed from 01-Sep-2022 to 07-Sep-2022 for the purpose of 30th Annual Genera
26-Jul-2022 18:42:24,General updates,"KEI Industries Limited has informed the Exchange about Intimation of Book Closure pursuant to Regulation 42 of SEBI (Listing Obligations and Disclosure Requirements) Regulations, 2015  "
26-Jul-2022 18:25:51,Investor Presentation,KEI Industries Limited has informed the Exchange about Earning Presentation for the Quarter Ended 30th June 2022
26-Jul-2022 17:58:30,Outcome of Board Meeting,KEI Industries Limited  has informed the Exchange about Board Meeting held on 26-Jul-2022 to consider financial statements for the period ended June 2022
20-Jul-2022 18:56:54,Schedule of Analysts/Institutional Investor Meet/Con. Call,KEI Industries Limited has informed the Exchange about Schedule of Analysts/Institutional Investor Meet/Con. Call 
13-Jul-2022 18:01:36,General updates,"KEI Industries Limited has informed the Exchange about Compliance Certificate of Demat / Remat of shares under regulation 74(5) of SEBI (Depositories and Participants) Regulations, 2018 for the quarte"
30-Jun-2022 12:22:12,Closure of trading window,KEI Industries Limited has informed the Exchange about closure of trading window pursuant to the Company���s Code of Internal Control Policies and Procedures for Prevention of Insider Trading read wit
21-Jun-2022 16:33:35,Schedule of Analysts/Institutional Investor Meet/Con. Call,KEI Industries Limited has informed the Exchange about Schedule of Analysts/Institutional Investor Meet/Con. Call 
10-Jun-2022 15:11:09,Credit Rating,KEI Industries Limited has informed the Exchange about Upgrade of Credit Rating
04-Jun-2022 11:38:26,Schedule of Analysts/Institutional Investor Meet/Con. Call,KEI Industries Limited has informed the Exchange about Schedule of Analysts/Institutional Investor Meet/Con. Call 
04-Jun-2022 11:37:24,Credit Rating,KEI Industries Limited has informed the Exchange about Assignment of Credit Rating
02-Jun-2022 19:18:46,Credit Rating,KEI Industries Limited has informed the Exchange about Withdrawal of Credit Rating
30-May-2022 13:09:05,Schedule of Analysts/Institutional Investor Meet/Con. Call,KEI Industries Limited has informed the Exchange about Schedule of Analysts/Institutional Investor Meet/Con. Call 
24-May-2022 15:56:53,Related Party Transaction,KEI Industries Limited has informed the Exchange about related party transaction for the period ended March 2022
13-May-2022 19:33:12,Transcript of Analysts/Institutional Investor Meet/Con. Call,KEI Industries Limited has informed the Exchange about transcript of audio call recording of the Company���s Analyst Call to discuss the Audited Financial Results (Standalone and Consolidated) for the
10-May-2022 16:33:13,Recording of Analysts/Institutional Investor Meet/Con. Call,KEI Industries Limited has informed the Exchange about Recording of Analysts/Institutional Investor Meet/Con. Call
10-May-2022 16:28:58,Newspaper Advertisements,KEI Industries Limited has informed the Exchange about Newspaper Advertisements of Extract of Annual Financial Result for the quarter and year ended as on 31st March 2022.
10-May-2022 12:32:57,General updates,"On page 4 of ""STANDALONE STATEMENT OF ASSETS AND LIABILITIES AS AT MARCH 31, 2022"" under Current Liabilities (iii) Trade payables (B) total outstanding dues of creditors other than micro enterprises a"
10-May-2022 12:25:18,Financial Result Updates,"KEI Industries Limited has submitted to the Exchange, the financial results for the period ended March 31, 2022."
09-May-2022 19:15:22,Appointment,"Re-appointment of M/s. PAWAN SHUBHAM & CO., Chartered Accountants (Firm Registration number 011573C) as Statutory Auditors of the Company for a second term of five consecutive years from the conclusio"
09-May-2022 18:44:09,Investor Presentation,KEI Industries Limited has informed the Exchange about Investor Presentation
09-May-2022 18:36:51,Outcome of Board Meeting,KEI Industries Limited  has informed the Exchange about Board Meeting held on 09-May-2022 to consider financial statements for the period ended March 2022
05-May-2022 10:55:13,Schedule of Analysts/Institutional Investor Meet/Con. Call,KEI Industries Limited has informed the Exchange about Schedule of Analysts/Institutional Investor Meet/Con. Call 
25-Apr-2022 16:56:22,Postal Ballot,"Results of Postal Ballot and E-voting pursuant to Regulation 44 of SEBI (Listing Obligations and Disclosure Requirements) Regulation, 2015"
22-Apr-2022 15:18:32,General updates,"KEI Industries Limited has informed the Exchange about completion of dispatch of reminder letter/intimation to the holders of physical securities, for furnishing of PAN, KYC, Nomination, Bank details "
11-Apr-2022 15:04:58,General updates,"KEI Industries Limited has informed the Exchange about Compliance Certificate of Demat / Remat of shares under regulation 74(5) of SEBI (Depositories and Participants) Regulations, 2018 for the quarte"
07-Apr-2022 17:49:23,General updates,"KEI Industries Limited has informed the Exchange about Disclosures under Regulations 30(1), 30(2) and Regulations 31(4) of SEBI (Substantial Acquisition of Shares & Takeovers) Regulations, 2011"
06-Apr-2022 16:32:59,General updates,"KEI Industries Limited has informed the Exchange about Non-applicability to the Company of SEBI Circular No. SEBI/HO/DDHS/CIR/P/2018/144 dated November 26, 2018 "
06-Apr-2022 15:00:10,Disclosure under SEBI Takeover Regulations,Promoter/Promoter Group of KEI Industries Limited has submitted a disclosure under Regulation 31(4) of SEBI Takeover Regulations for the year ended 31-Mar-2022
26-Mar-2022 15:00:44,Newspaper Advertisements,KEI Industries Limited has informed the Exchange about Newspaper Advertisements of Postal Ballot Notice
26-Mar-2022 14:57:40,Closure of trading window,KEI Industries Limited has informed the Exchange about Closure of trading window
25-Mar-2022 19:33:41,Postal Ballot,KEI Industries Limited has informed the Exchange about Notice of Postal Ballot
24-Mar-2022 19:05:16,Outcome of Board Meeting,KEI Industries Limited  has informed the Exchange about Board Meeting held on 24-Mar-2022 to consider Notice of Postal Ballot alongwith explanatory statement thereto seeking shareholder���s approval f
23-Mar-2022 16:26:17,Schedule of Analysts/Institutional Investor Meet/Con. Call,KEI Industries Limited has informed the Exchange about Schedule of Analysts/Institutional Investor Meet/Con. Call 
09-Mar-2022 14:46:10,Schedule of Analysts/Institutional Investor Meet/Con. Call,KEI Industries Limited has informed the Exchange about Schedule of Analysts/Institutional Investor Meet/Con. Call 
09-Mar-2022 13:09:06,Schedule of Analysts/Institutional Investor Meet/Con. Call,KEI Industries Limited has informed the Exchange about Schedule of Analysts/Institutional Investor Meet/Con. Call 
07-Mar-2022 14:02:32,Schedule of Analysts/Institutional Investor Meet/Con. Call,KEI Industries Limited has informed the Exchange about Schedule of Analysts/Institutional Investor Meet/Con. Call 
18-Feb-2022 18:17:15,Copy of Newspaper Publication,KEI Industries Limited has informed the Exchange about Copy of Newspaper Publication
16-Feb-2022 18:11:07,Loss of Share Certificates,KEI Industries Limited has informed the Exchange about Loss of Share Certificates
11-Feb-2022 17:55:43,Analysts/Institutional Investor Meet/Con. Call Updates,KEI Industries Limited has informed the Exchange about Schedule of meet
01-Feb-2022 16:02:50,Analysts/Institutional Investor Meet/Con. Call Updates,KEI Industries Limited has informed the Exchange about Schedule of meet
01-Feb-2022 16:02:49,Analysts/Institutional Investor Meet/Con. Call Updates,KEI Industries Limited has informed the Exchange about Schedule of meet
01-Feb-2022 16:02:48,Analysts/Institutional Investor Meet/Con. Call Updates,KEI Industries Limited has informed the Exchange about Schedule of meet
28-Jan-2022 15:09:34,Copy of Newspaper Publication,KEI Industries Limited has informed the Exchange about Copy of Newspaper Publication
27-Jan-2022 17:24:39,Dividend,"KEI Industries Limited has informed the Exchange that Board of Directors at its meeting held on January 27, 2022, declared Interim Dividend of 2.50 per equity share."
27-Jan-2022 17:22:05,Dividend Updates,KEI Industries Limited has informed the Exchange about Dividend Updates
27-Jan-2022 17:16:33,Investor Presentation,KEI Industries Limited has informed the Exchange about Investor Presentation
27-Jan-2022 17:12:26,Record Date,KEI Industries Limited has informed the Exchange that Record date for the purpose of Dividend  is 27-Jan-2022.
27-Jan-2022 17:07:27,Outcome of Board Meeting,"KEI Industries Limited has informed the Exchange regarding Outcome of Board Meeting held on January 27, 2022."
27-Jan-2022 17:00:04,Financial Result Updates,"KEI Industries Limited has submitted to the Exchange, the financial results for the period ended December 31, 2021."
20-Jan-2022 14:50:06,Analysts/Institutional Investor Meet/Con. Call Updates,KEI Industries Limited has informed the Exchange about Schedule of meet
12-Jan-2022 15:19:25,"Certificate under SEBI (Depositories and Participants) Regulations, 2018","KEI Industries Limited has informed the Exchange about Certificate under SEBI (Depositories and Participants) Regulations, 2018"
04-Jan-2022 11:36:09,Analysts/Institutional Investor Meet/Con. Call Updates,KEI Industries Limited has informed the Exchange about Schedule of meet
22-Dec-2021 17:11:01,Trading Window,"KEI Industries Limited has informed the Exchange regarding the Trading Window closure pursuant to SEBI (Prohibition of Insider Trading) Regulations, 2015"
25-Nov-2021 17:51:08,Related Party Transactions,KEI Industries Limited has informed the Exchange about related Party Transactions
17-Nov-2021 17:04:37,Analysts/Institutional Investor Meet/Con. Call Updates,KEI Industries Limited has informed the Exchange about Schedule of meet
15-Nov-2021 10:31:11,Analysts/Institutional Investor Meet/Con. Call Updates,KEI Industries Limited has informed the Exchange about Schedule of meet
29-Oct-2021 10:18:38,Analysts/Institutional Investor Meet/Con. Call Updates,KEI Industries Limited has informed the Exchange about Schedule of meet
28-Oct-2021 16:04:34,Financial Result Updates,"KEI Industries Limited has submitted to the Exchange, the financial results for the period ended September 30, 2021."
28-Oct-2021 13:34:16,Copy of Newspaper Publication,KEI Industries Limited has informed the Exchange about Copy of Newspaper Publication
27-Oct-2021 17:21:39,Investor Presentation,KEI Industries Limited has informed the Exchange about Investor Presentation
27-Oct-2021 17:08:51,Outcome of Board Meeting,"KEI Industries Limited has informed the Exchange regarding Outcome of Board Meeting held on October 27, 2021."
20-Oct-2021 18:06:09,Analysts/Institutional Investor Meet/Con. Call Updates,KEI Industries Limited has informed the Exchange about Schedule of meet
12-Oct-2021 17:59:21,"Certificate under SEBI (Depositories and Participants) Regulations, 2018","KEI Industries Limited has informed the Exchange about Certificate under SEBI (Depositories and Participants) Regulations, 2018"
28-Sep-2021 17:08:55,Trading Window,"KEI Industries Limited has informed the Exchange regarding the Trading Window closure pursuant to SEBI (Prohibition of Insider Trading) Regulations, 2015"
28-Sep-2021 16:52:29,ESOP/ESOS/ESPS,KEI Industries Limited has informed the Exchange regarding Allotment of 4000  Shares.
28-Sep-2021 16:20:53,Copy of Newspaper Publication,KEI Industries Limited has informed the Exchange about Copy of Newspaper Publication
18-Sep-2021 17:42:21,Analysts/Institutional Investor Meet/Con. Call Updates,KEI Industries Limited has informed the Exchange about Analysts/Institutional Investor Meet/Con. Call Updates
16-Sep-2021 18:03:51,Credit Rating,KEI Industries Limited has informed the Exchange about Credit Rating
10-Sep-2021 15:58:22,Shareholders meeting,Revised Voting Results under Regulation 44
09-Sep-2021 17:46:13,Shareholders meeting,"KEI Industries Limited has submitted the Exchange a copy Srutinizers report of  Annual General Meeting held on September 08, 2021. Further, the company has informed the Exchange regarding voting resul"
08-Sep-2021 17:33:04,Shareholders meeting,"KEI Industries Limited has informed the Exchange regarding Proceedings of Annual General Meeting held on September 08, 2021"
04-Sep-2021 18:17:37,Analysts/Institutional Investor Meet/Con. Call Updates,KEI Industries Limited has informed the Exchange about Analysts/Institutional Investor Meet/Con. Call Updates
02-Sep-2021 18:04:04,Analysts/Institutional Investor Meet/Con. Call Updates,KEI Industries Limited has informed the Exchange about Analysts/Institutional Investor Meet/Con. Call Updates
31-Aug-2021 14:44:47,Credit Rating,KEI Industries Limited has informed the Exchange about Credit Rating
27-Aug-2021 13:38:24,Copy of Newspaper Publication,KEI Industries Limited has informed the Exchange about Copy of Newspaper Publication
26-Aug-2021 14:10:06,Copy of Newspaper Publication,KEI Industries Limited has informed the Exchange about Copy of Newspaper Publication
23-Aug-2021 18:37:04,Analysts/Institutional Investor Meet/Con. Call Updates,KEI Industries Limited has informed the Exchange about Analysts/Institutional Investor Meet/Con. Call Updates
16-Aug-2021 18:26:16,Updates,KEI Industries Limited has informed the Exchange regarding 'Form DPT-1 Circular or Circular in the Form of Advertisement Inviting Deposits'.
16-Aug-2021 18:20:05,Copy of Newspaper Publication,KEI Industries Limited has informed the Exchange about Copy of Newspaper Publication
13-Aug-2021 17:57:21,Book Closure,KEI Industries Limited has informed the Exchange that Register of Members & Share Transfer Books of the Company will remain closed from 02-Sep-2021 to 08-Sep-2021 for the purpose of Meeting.
12-Aug-2021 17:54:51,ESOP/ESOS/ESPS,KEI Industries Limited has informed the Exchange regarding Allotment of 246000  Shares.
09-Aug-2021 14:17:53,Analysts/Institutional Investor Meet/Con. Call Updates,KEI Industries Limited has informed the Exchange about Analysts/Institutional Investor Meet/Con. Call Updates
31-Jul-2021 17:39:22,Investor Presentation,KEI Industries Limited has informed the Exchange about Investor Presentation
31-Jul-2021 17:01:35,Financial Result Updates,"KEI Industries Limited has submitted to the Exchange, the financial results for the period ended June 30, 2021."
31-Jul-2021 16:57:35,Outcome of Board Meeting,"KEI Industries Limited has informed the Exchange regarding  Board meeting held on July 31, 2021."
28-Jul-2021 13:20:52,Analysts/Institutional Investor Meet/Con. Call Updates,KEI Industries Limited has informed the Exchange about Analysts/Institutional Investor Meet/Con. Call Updates
09-Jul-2021 17:46:21,"Certificate under SEBI (Depositories and Participants) Regulations, 2018","KEI Industries Limited has informed the Exchange about Certificate under SEBI (Depositories and Participants) Regulations, 2018"
30-Jun-2021 17:24:47,Trading Window,"KEI Industries Limited has informed the Exchange regarding the Trading Window closure pursuant to SEBI (Prohibition of Insider Trading) Regulations, 2015"
23-Jun-2021 17:06:58,Related Party Transactions,"Compliance for the half year ended March 31, 2021 (i.e. 01st October, 2020 to 31st March, 2021) under Regulation 23(9) of the Securities and Exchange Board of India (Listing Obligations and Disclosure"
23-Jun-2021 17:03:46,Related Party Transactions,"Revised Disclosure for the half-year ended September 30, 2020 (i.e. 01st April, 2020 to 30th September, 2020) under Regulation 23(9) of the Securities and Exchange Board of India (Listing Obligations "
22-Jun-2021 10:09:12,Analysts/Institutional Investor Meet/Con. Call Updates,KEI Industries Limited has informed the Exchange about Analysts/Institutional Investor Meet/Con. Call Updates
19-Jun-2021 14:46:25,Credit Rating,KEI Industries Limited has informed the Exchange about Credit Rating
18-Jun-2021 18:38:21,Updates,"KEI Industries Limited has informed the Exchange regarding 'Submission of Revised Disclosure under Regulation 7 (2) of SEBI (Prohibition of Insider Trading) Regulations, 2015 '."
03-Jun-2021 16:44:00,Analysts/Institutional Investor Meet/Con. Call Updates,KEI Industries Limited has informed the Exchange about Analysts/Institutional Investor Meet/Con. Call Updates
31-May-2021 08:55:35,Disclosure under SEBI Takeover Regulations,"KEI Industries Limited has informed the Exchange regarding��Disclosure under Regulation 7 (1)(b) of SEBI (Prohibition of Insider Trading) Regulations,2015."
29-May-2021 21:04:50,Investor Presentation,KEI Industries Limited has informed the Exchange about Investor Presentation
29-May-2021 19:49:35,Outcome of Board Meeting,"KEI Industries Limited has informed the Exchange regarding  Board meeting held on May 29, 2021."
29-May-2021 19:45:11,Financial Result Updates,"KEI Industries Limited has submitted to the Exchange, the financial results for the period ended March 31, 2021."
27-May-2021 16:40:24,Analysts/Institutional Investor Meet/Con. Call Updates,KEI Industries Limited has informed the Exchange about Analysts/Institutional Investor Meet/Con. Call Updates
18-May-2021 22:11:13,Updates,KEI Industries Limited has informed the Exchange regarding 'Intimation under Regulation 30'.
18-May-2021 22:06:00,Spurt in Volume,"Significant increase in volume has been observed in KEI Industries Limited. The Exchange, in order to ensure that investors have latest relevant information about the company and to inform the market "
18-May-2021 18:10:00,Spurt in Volume,"Significant increase in volume has been observed in KEI Industries Limited. The Exchange, in order to ensure that investors have latest relevant information about the company and to inform the market "
12-Apr-2021 12:04:41,Annual Disclosure,"KEI Industries Limited has submitted to the Exchange Annual Disclosure as per SEBI Circular dated November 26, 2018."
08-Apr-2021 11:58:13,Disclosure under SEBI Takeover Regulations,"Promoter/Member of the Promoter Group of the Company has informed the Exchange regarding disclosure under Regulation 30 and Regulation 31(4) of SEBI SAST Regulations 2011 as at March 31, 2021"
08-Apr-2021 10:04:52,Disclosure under SEBI Takeover Regulations,"Promoter/Member of the Promoter Group of the Company has informed the Exchange regarding disclosure under Regulation 30 and Regulation 31(4) of SEBI SAST Regulations 2011 as at March 31, 2021"
06-Apr-2021 14:43:36,"Certificate under SEBI (Depositories and Participants) Regulations, 2018","KEI Industries Limited has informed the Exchange about Certificate under SEBI (Depositories and Participants) Regulations, 2018"
03-Apr-2021 11:52:28,Updates,"KEI Industries Limited has informed the Exchange regarding 'Dear Sir / Madam,Please find enclosed the yearly disclosure under Regulations 30(1), 30(2) and 31(4) of SEBI(Substantial Acquisition of Shar"
23-Mar-2021 15:15:31,Trading Window,"KEI Industries Limited has informed the Exchange regarding the Trading Window closure pursuant to SEBI (Prohibition of Insider Trading) Regulations, 2015"
19-Mar-2021 16:43:31,Analysts/Institutional Investor Meet/Con. Call Updates,KEI Industries Limited has informed the Exchange about Analysts/Institutional Investor Meet/Con. Call Updates
05-Mar-2021 17:29:12,Analysts/Institutional Investor Meet/Con. Call Updates,KEI Industries Limited has informed the Exchange about Analysts/Institutional Investor Meet/Con. Call Updates
26-Feb-2021 15:36:10,Record Date,KEI Industries Limited has informed the Exchange that Record date for the purpose of Dividend  is 10-Mar-2021.
26-Feb-2021 15:33:50,Dividend Updates,KEI Industries Limited has informed the Exchange about Dividend Updates
26-Feb-2021 15:32:20,Dividend,"KEI Industries Limited has informed the Exchange that Board of Directors at its meeting held on February 26, 2021, declared Interim Dividend of 2 per equity share."
16-Feb-2021 13:23:09,Analysts/Institutional Investor Meet/Con. Call Updates,KEI Industries Limited has informed the Exchange about Analysts/Institutional Investor Meet/Con. Call Updates
15-Feb-2021 11:01:18,Analysts/Institutional Investor Meet/Con. Call Updates,KEI Industries Limited has informed the Exchange about Analysts/Institutional Investor Meet/Con. Call Updates
08-Feb-2021 12:41:15,Analysts/Institutional Investor Meet/Con. Call Updates,KEI Industries Limited has informed the Exchange about Analysts/Institutional Investor Meet/Con. Call Updates
02-Feb-2021 16:46:28,Analysts/Institutional Investor Meet/Con. Call Updates,KEI Industries Limited has informed the Exchange about Analysts/Institutional Investor Meet/Con. Call Updates
28-Jan-2021 17:42:01,Investor Presentation,KEI Industries Limited has informed the Exchange about Investor Presentation
28-Jan-2021 17:25:17,Outcome of Board Meeting,"KEI Industries Limited has informed the Exchange regarding  Board meeting held on January 28, 2021."
28-Jan-2021 17:23:53,Financial Result Updates,"KEI Industries Limited has submitted to the Exchange, the financial results for the period ended December 31, 2020."
25-Jan-2021 11:55:26,Analysts/Institutional Investor Meet/Con. Call Updates,KEI Industries Limited has informed the Exchange about Analysts/Institutional Investor Meet/Con. Call Updates
15-Jan-2021 17:33:29,"Certificate under SEBI (Depositories and Participants) Regulations, 2018","KEI Industries Limited has informed the Exchange about Certificate under SEBI (Depositories and Participants) Regulations, 2018"
31-Dec-2020 10:50:39,Trading Window,"KEI Industries Limited has informed the Exchange regarding the Trading Window closure pursuant to SEBI (Prohibition of Insider Trading) Regulations, 2015"
11-Dec-2020 17:03:27,Analysts/Institutional Investor Meet/Con. Call Updates,KEI Industries Limited has informed the Exchange about Analysts/Institutional Investor Meet/Con. Call Updates
24-Nov-2020 17:14:09,Analysts/Institutional Investor Meet/Con. Call Updates,KEI Industries Limited has informed the Exchange about Analysts/Institutional Investor Meet/Con. Call Updates
13-Nov-2020 14:36:47,Analysts/Institutional Investor Meet/Con. Call Updates,KEI Industries Limited has informed the Exchange about Analysts/Institutional Investor Meet/Con. Call Updates
09-Nov-2020 15:58:36,Related Party Transactions,"KEI Industries Limited has informed the Exchange about related Party Transactions.Dear Sir / Madam,In terms of Regulation 23(9) of the Securities and Exchange Board of India (Listing Obligations and D"
06-Nov-2020 11:43:24,Analysts/Institutional Investor Meet/Con. Call Updates,KEI Industries Limited has informed the Exchange about Analysts/Institutional Investor Meet/Con. Call Updates
02-Nov-2020 18:25:43,Investor Presentation,KEI Industries Limited has informed the Exchange about Investor Presentation
02-Nov-2020 18:10:01,Press Release,"KEI Industries Limited has informed the Exchange regarding a press release dated November 02, 2020, titled ""KEI INDUSTRIES LIMITED (KEI) AT THE MEETING OF ITS BOARD OF DIRECTORS HELD ON02.11.2020 APPR"
02-Nov-2020 17:14:25,Financial Result Updates,"KEI Industries Limited has submitted to the Exchange, the financial results for the period ended September 30, 2020."
02-Nov-2020 17:13:30,Outcome of Board Meeting,"KEI Industries Limited has informed the Exchange regarding  Board meeting held on November 02, 2020."
31-Oct-2020 19:10:32,Analysts/Institutional Investor Meet/Con. Call Updates,KEI Industries Limited has informed the Exchange about Analysts/Institutional Investor Meet/Con. Call Updates
19-Oct-2020 17:31:32,"Certificate under SEBI (Depositories and Participants) Regulations, 2018","KEI Industries Limited has informed the Exchange about Certificate under SEBI (Depositories and Participants) Regulations, 2018"
28-Sep-2020 15:05:57,Trading Window,"KEI Industries Limited has informed the Exchange regarding the Trading Window closure pursuant to SEBI (Prohibition of Insider Trading) Regulations, 2015"
25-Sep-2020 09:34:35,Analysts/Institutional Investor Meet/Con. Call Updates,KEI Industries Limited has informed the Exchange about Analysts/Institutional Investor Meet/Con. Call Updates
18-Sep-2020 15:12:52,Analysts/Institutional Investor Meet/Con. Call Updates,KEI Industries Limited has informed the Exchange about Analysts/Institutional Investor Meet/Con. Call Updates
11-Sep-2020 13:45:51,Shareholders meeting,"KEI Industries Limited has submitted the Exchange a copy Srutinizers report of  Annual General Meeting held on September 09, 2020. Further, the company has informed the Exchange regarding voting resul"
10-Sep-2020 19:04:15,Credit Rating,KEI Industries Limited has informed the Exchange about Credit Rating
09-Sep-2020 20:33:37,Shareholders meeting,"KEI Industries Limited has informed the Exchange regarding Proceedings of Annual General Meeting held on September 09, 2020"
07-Sep-2020 16:36:35,Analysts/Institutional Investor Meet/Con. Call Updates,KEI Industries Limited has informed the Exchange about Analysts/Institutional Investor Meet/Con. Call Updates
05-Sep-2020 14:37:10,Credit Rating,KEI Industries Limited has informed the Exchange about Credit Rating
20-Aug-2020 15:21:53,Copy of Newspaper Publication,KEI Industries Limited has informed the Exchange about Copy of Newspaper Publication
19-Aug-2020 15:06:42,Copy of Newspaper Publication,KEI Industries Limited has informed the Exchange about Copy of Newspaper Publication
18-Aug-2020 11:29:51,Book Closure,KEI Industries Limited has informed the Exchange that Register of Members & Share Transfer Books of the Company will remain closed from 03-Sep-2020 to 09-Sep-2020 for the purpose of Annual General Mee
14-Aug-2020 16:38:51,ESOP/ESOS/ESPS,KEI Industries Limited has informed the Exchange regarding Allotment of 351000  Shares.
13-Aug-2020 14:07:46,Analysts/Institutional Investor Meet/Con. Call Updates,KEI Industries Limited has informed the Exchange about Analysts/Institutional Investor Meet/Con. Call Updates
10-Aug-2020 13:10:38,Analysts/Institutional Investor Meet/Con. Call Updates,KEI Industries Limited has informed the Exchange about Analysts/Institutional Investor Meet/Con. Call Updates
06-Aug-2020 18:43:57,Statement of deviation(s) or variation(s) under Reg. 32,KEI Industries Limited has informed the Exchange about statement of deviation(s) or variation(s) under Reg. 32
06-Aug-2020 18:38:58,Press Release,"KEI Industries Limited has informed the Exchange regarding a press release dated August 06, 2020, titled ""PRESS RELEASE""."
06-Aug-2020 18:29:34,Financial Result Updates,"KEI Industries Limited has submitted to the Exchange, the financial results for the period ended June 30, 2020."
06-Aug-2020 18:18:58,Outcome of Board Meeting,"KEI Industries Limited has informed the Exchange regarding  Board meeting held on August 06, 2020."
04-Aug-2020 16:36:06,Analysts/Institutional Investor Meet/Con. Call Updates,KEI Industries Limited has informed the Exchange about Analysts/Institutional Investor Meet/Con. Call Updates
08-Jul-2020 19:14:00,"Certificate under SEBI (Depositories and Participants) Regulations, 2018","KEI Industries Limited has informed the Exchange about Certificate under SEBI (Depositories and Participants) Regulations, 2018"
26-Jun-2020 17:11:00,Trading Window,"KEI Industries Limited has informed the Exchange regarding the Trading Window closure pursuant to SEBI (Prohibition of Insider Trading) Regulations, 2015"
25-Jun-2020 10:17:00,Analysts/Institutional Investor Meet/Con. Call Updates,KEI Industries Limited has informed the Exchange about Analysts/Institutional Investor Meet/Con. Call Updates
23-Jun-2020 22:31:00,Related Party Transactions,"Compliance under Regulation 23(9) of the Securities and Exchange Board of India (Listing Obligations and Disclosure Requirements) Regulations, 2015: Dear Sir / Madam,In terms of Regulation 23(9) of th"
06-Jun-2020 12:09:00,Analysts/Institutional Investor Meet/Con. Call Updates,KEI Industries Limited has informed the Exchange about Analysts/Institutional Investor Meet/Con. Call Updates
04-Jun-2020 17:47:00,Analysts/Institutional Investor Meet/Con. Call Updates,KEI Industries Limited has informed the Exchange regarding Analysts/Institutional Investor Meet/Con. Call Updates
01-Jun-2020 19:51:00,Updates,"KEI Industries Limited has informed the Exchange regarding 'Disclosure under Regulation 7(1)(b) of SEBI (Prohibition of Insider Trading) Regulations, 2015'."
01-Jun-2020 10:17:00,Disclosure under SEBI Takeover Regulations,"Promoters of KEI Industries Limited has informed the Exchange regarding disclosures under regulation 30(1), 30(2) and 31(4) of SEBI (SAST) Regulations, 2011"
30-May-2020 18:37:00,Press Release,"KEI Industries Limited has informed the Exchange regarding a press release dated May 30, 2020, titled ""PRESS RELEASE""."
30-May-2020 17:39:00,Updates,KEI Industries Limited has informed the Exchange regarding 'Disclosure of material impact of COVID-19 pandemic on the Company as per Regulation 30 of SEBI (Listing Obligations and Disclosure Requireme
30-May-2020 17:02:00,Statement of deviation(s) or variation(s) under Reg. 32,KEI Industries Limited has informed the Exchange regarding Statement of deviation(s) or variation(s) under Reg. 32 of SEBI (LODR) Regulations 2015
30-May-2020 16:32:00,Outcome of Board Meeting,"KEI Industries Limited has informed the Exchange regarding Outcome of Board Meeting held on May 30, 2020."
30-May-2020 16:22:00,Outcome of Board Meeting,"KEI Industries Limited has informed the Exchange regarding  Board meeting held on May 30, 2020."
30-May-2020 15:57:16,Financial Result Updates,"KEI Industries Limited has submitted to the Exchange, the financial results for the period ended March 31, 2020."
30-May-2020 11:09:00,Analysts/Institutional Investor Meet/Con. Call Updates,KEI Industries Limited has informed the Exchange regarding Analysts/Institutional Investor Meet/Con. Call Updates
27-May-2020 18:06:00,Updates,"KEI Industries Limited has informed the Exchange regarding 'Disclosures under Regulations 30(1), 30(2) and 31(4) of SEBI (Substantial Acquisition of Shares & Takeovers) Regulations, 2011'."
23-Apr-2020 10:50:00,Updates,"KEI Industries Limited has informed the Exchange regarding 'Intimation under Regulation 30 of SEBI (Listing Obligations and Disclosure Requirements) Regulations, 2015   Resumption of operations'."
18-Apr-2020 21:05:00,Updates,KEI Industries Limited has informed the Exchange regarding 'CERTIFICATE FOR RECONCILIATION OF SHARE CAPITAL AND CERTIFICATE OF DEMAT AND REMAT: QUARTER ENDED ON 31.03.2020'.
01-Apr-2020 12:13:00,Press Release,"KEI Industries Limited has informed the Exchange regarding a press release dated April 01, 2020, titled ""KEI INDUSTRIES LIMITED SUPPORTINDIA S FIGHT AGAINST COVID-19 AND CONTRIBUTED RS 2 CRORE TO THE "
31-Mar-2020 17:30:00,Trading Window,"KEI Industries Limited has informed the Exchange regarding the Trading Window closure pursuant to SEBI (Prohibition of Insider Trading) Regulations, 2015"
28-Mar-2020 21:36:00,Strikes/Lockouts/Disturbances,"Intimation under Regulation 30 of SEBI (Listing Obligations and Disclosure Requirements) Regulations, 2015"
20-Mar-2020 11:07:00,Credit Rating,KEI Industries Limited has informed the Exchange regarding Credit Rating
19-Mar-2020 14:38:00,Analysts/Institutional Investor Meet/Con. Call Updates,KEI Industries Limited has informed the Exchange regarding Analysts/Institutional Investor Meet/Con. Call Updates
09-Mar-2020 18:15:00,Record Date,"KEI Industries Limited has informed the Exchange that the Company has fixed Record Date as March 20, 2020 for the purpose of Payment of Interim dividend"
09-Mar-2020 17:41:00,Dividend,"KEI Industries Limited has informed the Exchange that Board of Directors at its meeting held on March 09, 2020, declared Interim Dividend of 1.50 per equity share."
10-Feb-2020 14:18:00,Analysts/Institutional Investor Meet/Con. Call Updates,KEI Industries Limited has informed the Exchange regarding Analysts/Institutional Investor Meet/Con. Call Updates
28-Jan-2020 23:06:00,Committee Meeting Updates,"KEI Industries Limited has informed the Exchange regarding Outcome of Committee Meeting held on January 28, 2020."
28-Jan-2020 20:05:00,Committee Meeting Updates,"KEI Industries Limited has informed the Exchange regarding Outcome of Committee Meeting held on January 28, 2020."
23-Jan-2020 17:52:00,Committee Meeting Updates,"KEI Industries Limited has informed the Exchange regarding Outcome of Committee Meeting held on January 23, 2020."
20-Jan-2020 18:02:00,Press Release,"KEI Industries Limited has informed the Exchange regarding a press release dated January 20, 2020, titled ""KEI INDUSTRIES LIMITED (KEI) AT THE MEETING OF ITS BOARD OF DIRECTORS HELD ON20.01.2020 APPRO"
20-Jan-2020 17:55:00,Outcome of Board Meeting,"KEI Industries Limited has informed the Exchange regarding  Board meeting held on January 20, 2020."
20-Jan-2020 17:53:58,Financial Result Updates,"KEI Industries Limited has submitted to the Exchange, the financial results for the period ended December 31, 2019."
16-Jan-2020 19:31:00,Updates,"KEI Industries Limited has informed the Exchange regarding 'Results of Postal Ballot and E-voting : pursuant to Regulation 44 of SEBI (Listing Obligations and Disclosure Requirements) Regulation, 2015"
14-Jan-2020 17:56:00,Analysts/Institutional Investor Meet/Con. Call Updates,KEI Industries Limited has informed the Exchange regarding Analysts/Institutional Investor Meet/Con. Call Updates
02-Jan-2020 16:04:00,Analysts/Institutional Investor Meet/Con. Call Updates,KEI Industries Limited has informed the Exchange regarding Analysts/Institutional Investor Meet/Con. Call Updates
31-Dec-2019 11:53:00,Trading Window,"KEI Industries Limited has informed the Exchange regarding the Trading Window closure pursuant to SEBI (Prohibition of Insider Trading) Regulations, 2015"
17-Dec-2019 13:28:00,Shareholders meeting,KEI Industries Limited has informed the Exchange regarding Notice of Postal Ballot
16-Dec-2019 19:23:00,Analysts/Institutional Investor Meet/Con. Call Updates,KEI Industries Limited has informed the Exchange regarding Analysts/Institutional Investor Meet/Con. Call Updates
11-Dec-2019 19:36:00,Analysts/Institutional Investor Meet/Con. Call Updates,KEI Industries Limited has informed the Exchange regarding Analysts/Institutional Investor Meet/Con. Call Updates
10-Dec-2019 17:59:00,Related Party Transactions,"KEI Industries Limited has submitted to the Exchange a copy of disclosure of Related Party Transactions on a consolidated basis, in the format specified in the accounting standards for the half year e"
10-Dec-2019 15:35:00,Updates,KEI Industries Limited has informed the Exchange regarding 'Compliance under Regulation 23(9) of the Securities and Exchange Board of India (Listing Obligations and Disclosure Requirements) Regulation
05-Dec-2019 13:09:00,Outcome of Board Meeting,"KEI Industries Limited has informed the Exchange regarding  Board meeting held on December 05, 2019."
20-Nov-2019 13:28:00,Analysts/Institutional Investor Meet/Con. Call Updates,KEI Industries Limited has informed the Exchange regarding Analysts/Institutional Investor Meet/Con. Call Updates
12-Nov-2019 18:20:00,Press Release,"KEI Industries Limited has informed the Exchange regarding a press release dated November 12, 2019, titled ""KEI INDUSTRIES LIMITED AT THE MEETING OF ITS BOARD OF DIRECTORS HELD ON 12.11.2019 APPROVED "
12-Nov-2019 18:12:00,Outcome of Board Meeting,"KEI Industries Limited has informed the Exchange regarding  Board meeting held on November 12, 2019."
12-Nov-2019 18:09:22,Financial Result Updates,"KEI Industries Limited has submitted to the Exchange, the financial results for the period ended September 30, 2019."
08-Nov-2019 17:54:00,Analysts/Institutional Investor Meet/Con. Call Updates,KEI Industries Limited has informed the Exchange regarding Analysts/Institutional Investor Meet/Con. Call Updates
07-Nov-2019 16:53:00,Updates,"KEI Industries Limited has informed the Exchange regarding 'Intimation under Regulation 29 of SEBI (Listing Obligations and Disclosure Requirements) Regulations, 2015 - update on Agenda to be consider"
04-Oct-2019 18:24:00,Credit Rating,KEI Industries Limited has informed the Exchange regarding Credit Rating
30-Sep-2019 15:23:00,Trading Window,"KEI Industries Limited has informed the Exchange regarding the Trading Window closure pursuant to SEBI (Prohibition of Insider Trading) Regulations, 2015"
27-Sep-2019 16:35:00,Allotment of ESOP/ESPS,KEI Industries Limited has informed the Exchange regarding allotment of  579000 Equity Shares under ESOP
26-Sep-2019 19:39:00,Updates,KEI Industries Limited has informed the Exchange regarding 'With reference to our earlier intimation / announcement dated 05.08.2019 regarding exercise price of Stock Options granted under ��KEI Emplo
23-Sep-2019 13:43:00,Analysts/Institutional Investor Meet/Con. Call Updates,KEI Industries Limited has informed the Exchange regarding Analysts/Institutional Investor Meet/Con. Call Updates
18-Sep-2019 15:09:00,Shareholders meeting,"KEI Industries Limited has submitted the Exchange a copy Srutinizers report of  Annual General Meeting held on September 17, 2019. Further, the company has informed the Exchange regarding voting resul"
17-Sep-2019 19:09:00,Shareholders meeting,"KEI Industries Limited has informed the Exchange regarding Proceedings of Annual General Meeting held on September 17, 2019"
16-Sep-2019 13:19:00,Analysts/Institutional Investor Meet/Con. Call Updates,KEI Industries Limited has informed the Exchange regarding Analysts/Institutional Investor Meet/Con. Call Updates
31-Aug-2019 13:51:00,Analysts/Institutional Investor Meet/Con. Call Updates,KEI Industries Limited has informed the Exchange regarding Analysts/Institutional Investor Meet/Con. Call Updates
26-Aug-2019 16:48:00,Updates,"KEI Industries Limited has informed the Exchange regarding 'Disclosure pursuant to Regulation 47 of SEBI (Listing Obligations and Disclosure Requirements) Regulations, 2015 '."
23-Aug-2019 16:52:00,Book Closure Updates,"the company had informed the Exchange that the Register of Members and Share Transfer Books of the Company will remain closed from September 11, 2019 to September 17, 2019 (both days inclusive) for th"
23-Aug-2019 16:44:00,Shareholders meeting,"KEI Industries Limited has informed the Exchange regarding Notice of Annual General Meeting to be held on September 17, 2019"
23-Aug-2019 16:29:00,Shareholders meeting,"KEI Industries Limited has informed the Exchange regarding Notice of Annual General Meeting to be held on September 17, 2019"
22-Aug-2019 11:22:00,Analysts/Institutional Investor Meet/Con. Call Updates,KEI Industries Limited has informed the Exchange regarding Analysts/Institutional Investor Meet/Con. Call Updates
12-Aug-2019 17:10:00,Updates,"KEI Industries Limited has informed the Exchange regarding 'Dear Sir/Madam,As per Regulation 30 of SEBI (Listing Obligations and Disclosure Requirements) Regulations, 2015 this is to inform you that p"
09-Aug-2019 13:28:00,Analysts/Institutional Investor Meet/Con. Call Updates,KEI Industries Limited has informed the Exchange regarding Analysts/Institutional Investor Meet/Con. Call Updates
09-Aug-2019 13:18:00,Analysts/Institutional Investor Meet/Con. Call Updates,KEI Industries Limited has informed the Exchange regarding Analysts/Institutional Investor Meet/Con. Call Updates
06-Aug-2019 08:59:00,AGM/Book Closure,"KEI Industries Limited has informed the Exchange that the Register of Members and Share Transfer Books of the Company will remain closed from September 11, 2019 to September 17, 2019 (both days inclus"
05-Aug-2019 18:32:00,Outcome of Board Meeting,"KEI Industries Limited has informed the Exchange regarding Outcome of Board Meeting held on August 05, 2019."
05-Aug-2019 18:26:00,Press Release,"KEI Industries Limited has informed the Exchange regarding a press release dated August 05, 2019, titled ""KEI INDUSTRIES LIMITED (KEI) AT THE MEETING OF ITS BOARD OF DIRECTORS HELD ON 05.08.2019 APPRO"
05-Aug-2019 18:19:00,Outcome of Board Meeting,"KEI Industries Limited has informed the Exchange regarding  Board meeting held on August 05, 2019."
05-Aug-2019 17:59:36,Financial Result Updates,"KEI Industries Limited has submitted to the Exchange, the financial results for the period ended June 30, 2019."
03-Aug-2019 15:03:00,Analysts/Institutional Investor Meet/Con. Call Updates,KEI Industries Limited has informed the Exchange regarding Analysts/Institutional Investor Meet/Con. Call Updates
01-Aug-2019 15:47:00,Analysts/Institutional Investor Meet/Con. Call Updates,KEI Industries Limited has informed the Exchange regarding Analysts/Institutional Investor Meet/Con. Call Updates
30-Jul-2019 17:19:00,Updates,"KEI Industries Limited has informed the Exchange regarding 'Intimation / Announcements pursuant to Regulation 30 of SEBI (Listing Obligations and Disclosure Requirements) Regulations, 2015 '."
22-Jul-2019 17:41:00,Credit Rating,KEI Industries Limited has informed the Exchange regarding Credit Rating
29-Jun-2019 12:46:00,Trading Window,"KEI Industries Limited has informed the Exchange regarding the Trading Window closure pursuant to SEBI (Prohibition of Insider Trading) Regulations, 2015"
24-Jun-2019 16:55:00,Analysts/Institutional Investor Meet/Con. Call Updates,KEI Industries Limited has informed the Exchange regarding Analysts/Institutional Investor Meet/Con. Call Updates
24-Jun-2019 13:30:00,Financial Results Updates,"KEI Industries Limited has submitted to the Exchange a copy of Revised Statement of Revised Audited Financial Results for the quarter and year ended March 31, 2019 statement of Assets and Liabilities."
19-Jun-2019 21:54:00,Related Party Transactions,KEI Industries Limited has informed the Exchange regarding Compliance under Regulation 23(9) of the Securities and Exchange Board of India (Listing Obligations and Disclosure Requirements) Regulations
31-May-2019 15:08:00,Analysts/Institutional Investor Meet/Con. Call Updates,KEI Industries Limited has informed the Exchange regarding Analysts/Institutional Investor Meet/Con. Call Updates
25-May-2019 14:12:00,Analysts/Institutional Investor Meet/Con. Call Updates,KEI Industries Limited has informed the Exchange regarding Analysts/Institutional Investor Meet/Con. Call Updates
21-May-2019 20:30:00,Updates,"KEI Industries Limited has informed the Exchange regarding 'With reference to the Outcome of Board meeting submitted today on 21st May, 2019, this is to inform you that kindly read signing date as 21."
21-May-2019 20:08:00,Outcome of Board Meeting,"KEI Industries Limited has informed the Exchange regarding  Board meeting held on May 21, 2019."
21-May-2019 20:05:00,Press Release,"KEI Industries Limited has informed the Exchange regarding a press release dated May 21, 2019, titled ""KEI INDUSTRIES LIMITED (KEI) AT THE MEETING OF ITS BOARD OF DIRECTORS HELD ON 21.05.2019 APPROVED"
21-May-2019 19:48:26,Financial Result Updates,"KEI Industries Limited has submitted to the Exchange, the financial results for the period ended March 31, 2019."
21-May-2019 19:43:00,Dividend,"KEI Industries Limited has informed the Exchange that Board of Directors at its meeting held on May 21, 2019, recommended Final Dividend of 1.20 per equity share."
14-May-2019 10:46:00,Analysts/Institutional Investor Meet/Con. Call Updates,KEI Industries Limited has informed the Exchange regarding Analysts/Institutional Investor Meet/Con. Call Updates
23-Apr-2019 10:43:00,Analysts/Institutional Investor Meet/Con. Call Updates,KEI Industries Limited has informed the Exchange regarding Analysts/Institutional Investor Meet/Con. Call Updates
11-Apr-2019 13:47:00,Disc. under Reg.30 of SEBI (SAST) Reg.2011,"The Promoter along with PAC has submitted to the Exchange a copy of Annual Disclosure under Regulation 30(1) and 30(2) of SEBI (Substantial Acquisition of Shares and Takeovers), Regulations, 2011 as o"
09-Apr-2019 14:25:00,Analysts/Institutional Investor Meet/Con. Call Updates,KEI Industries Limited has informed the Exchange regarding Analysts/Institutional Investor Meet/Con. Call Updates
03-Apr-2019 19:57:00,"Code of Conduct under SEBI(PIT) Reg., 2015","KEI Industries Limited has informed the Exchange regarding the Code of Conduct under SEBI(PIT) Reg., 2015"
03-Apr-2019 18:27:00,Trading Window,"KEI Industries Limited has informed the Exchange regarding the Trading Window closure pursuant to SEBI (Prohibition of Insider Trading) Regulations, 2015"
29-Mar-2019 16:11:00,Shareholders meeting,"KEI Industries Limited has submitted the Exchange a copy Srutinizers report of  Postal Ballot. Further, the company has informed the Exchange regarding voting results."
19-Mar-2019 16:02:00,Analysts/Institutional Investor Meet/Con. Call Updates,KEI Industries Limited has informed the Exchange regarding Analysts/Institutional Investor Meet/Con. Call Updates
11-Mar-2019 17:52:00,Updates,"KEI Industries Limited has informed the Exchange regarding 'Intimation under Regulation 30 of SEBI (Listing Obligations and Disclosure Requirements) Regulations, 2015  '."
01-Mar-2019 17:40:00,Credit Rating,KEI Industries Limited has informed the Exchange regarding Credit Rating
26-Feb-2019 13:17:00,Shareholders meeting,KEI Industries Limited has informed the Exchange regarding Notice of Postal Ballot and Newspaper Publication.
18-Feb-2019 17:36:00,Outcome of Board Meeting,"KEI Industries Limited has informed the Exchange regarding  Board meeting held on February 18, 2019."
06-Feb-2019 16:46:00,Analysts/Institutional Investor Meet/Con. Call Updates,KEI Industries Limited has informed the Exchange regarding Analysts/Institutional Investor Meet/Con. Call Updates
05-Feb-2019 10:47:00,Press Release (Revised),"KEI Industries Limited has informed the Exchange regarding a revised press release dated February 05, 2019, titled ""KEI INDUSTRIES LIMITED (KEI) AT THE MEETING OF ITS BOARD OF DIRECTORS HELD ON 04.02."
04-Feb-2019 18:36:00,Press Release,"KEI Industries Limited has informed the Exchange regarding a press release dated February 04, 2019, titled ""KEI INDUSTRIES LIMITED (KEI) AT THE MEETING OF ITS BOARD OF DIRECTORS HELD ON 04.02.2019 APP"
04-Feb-2019 18:34:00,Outcome of Board Meeting,"KEI Industries Limited has informed the Exchange regarding  Board meeting held on February 04, 2019."
04-Feb-2019 18:32:00,Outcome of Board Meeting,"KEI Industries Limited has informed the Exchange regarding Outcome of Board Meeting held on February 04, 2019."
04-Feb-2019 18:29:40,Financial Result Updates,"KEI Industries Limited has submitted to the Exchange, the financial results for the period ended December 31, 2018."
30-Jan-2019 10:32:00,Analysts/Institutional Investor Meet/Con. Call Updates,KEI Industries Limited has informed the Exchange regarding Analysts/Institutional Investor Meet/Con. Call Updates
12-Dec-2018 16:33:00,Analysts/Institutional Investor Meet/Con. Call Updates,KEI Industries Limited has informed the Exchange regarding Analysts/Institutional Investor Meet/Con. Call Updates
01-Dec-2018 15:04:00,Analysts/Institutional Investor Meet/Con. Call Updates,KEI Industries Limited has informed the Exchange regarding Analysts/Institutional Investor Meet/Con. Call Updates
27-Nov-2018 12:49:00,Analysts/Institutional Investor Meet/Con. Call Updates,KEI Industries Limited has informed the Exchange regarding Analysts/Institutional Investor Meet/Con. Call Updates
31-Oct-2018 20:54:00,Press Release,"KEI Industries Limited has informed the Exchange regarding a press release dated October 31, 2018, titled ""Press Release: KEI INDUSTRIES LIMITED (KEI) AT THE MEETING OF ITS BOARD OF DIRECTORS HELD ON3"
31-Oct-2018 19:15:00,Outcome of Board Meeting,"KEI Industries Limited has informed the Exchange regarding Outcome of Board Meeting held on October 31, 2018."
31-Oct-2018 19:03:30,Financial Result Updates,"KEI Industries Limited has submitted to the Exchange, the financial results for the period ended September 30, 2018."
23-Oct-2018 12:32:00,Analysts/Institutional Investor Meet/Con. Call Updates,KEI Industries Limited has informed the Exchange regarding Analysts/Institutional Investor Meet/Con. Call Updates
26-Sep-2018 11:37:00,Credit Rating,KEI Industries Limited has informed the Exchange regarding Credit Rating
25-Sep-2018 14:17:00,Allotment of ESOP/ESPS,KEI Industries Limited has informed the Exchange regarding allotment of  564000 Equity Shares under ESOP
20-Sep-2018 10:04:00,Shareholders meeting,"KEI Industries Limited has submitted the Exchange a copy Srutinizers report of  Annual General Meeting held on September 19, 2018. Further, the company has informed the Exchange regarding voting resul"
19-Sep-2018 12:21:00,Shareholders meeting,"KEI Industries Limited has informed the Exchange regarding Proceedings of Annual General Meeting held on September 19, 2018"
17-Sep-2018 18:13:00,Updates,"KEI Industries Limited has informed the Exchange regarding 'Intimation under Regulation 30 of SEBI (Listing Obligations and Disclosure Requirements) Regulations, 2015  '."
15-Sep-2018 13:21:00,Analysts/Institutional Investor Meet/Con. Call Updates,KEI Industries Limited has informed the Exchange regarding Analysts/Institutional Investor Meet/Con. Call Updates
04-Sep-2018 11:16:00,Analysts/Institutional Investor Meet/Con. Call Updates,KEI Industries Limited has informed the Exchange regarding Analysts/Institutional Investor Meet/Con. Call Updates
27-Aug-2018 15:30:00,Updates,"KEI Industries Limited has informed the Exchange regarding 'Notice of Annual General Meeting of the Company will be held on September 19, 2018'."
24-Aug-2018 14:28:00,Analysts/Institutional Investor Meet/Con. Call Updates,KEI Industries Limited has informed the Exchange regarding Analysts/Institutional Investor Meet/Con. Call Updates
23-Aug-2018 10:20:00,Shareholders meeting,"KEI Industries Limited has informed the Exchange regarding Notice of Annual General Meeting to be held on September 19, 2018"
21-Aug-2018 15:56:00,Analysts/Institutional Investor Meet/Con. Call Updates,KEI Industries Limited has informed the Exchange regarding Analysts/Institutional Investor Meet/Con. Call Updates
10-Aug-2018 09:39:00,Press Release,"KEI Industries Limited has informed the Exchange regarding a press release dated August 10, 2018, titled ""KEI INDUSTRIES LIMITED (KEI) AT THE MEETING OF ITS BOARD OF DIRECTORS HELD ON 09.08.2018 APPRO"
09-Aug-2018 18:59:00,AGM/Book Closure,"KEI Industries Limited has informed the Exchange that��the Register of Members and Share Transfer Books of the Company shall remain closed�� from September 13, 2018 to September 19, 2018(both days inc"
09-Aug-2018 18:37:00,Outcome of Board Meeting,"KEI Industries Limited has informed the Exchange regarding Outcome of Board Meeting held on August 09, 2018."
09-Aug-2018 18:30:00,Outcome of Board Meeting,"KEI Industries Limited has informed the Exchange regarding  Board meeting held on August 09, 2018."
09-Aug-2018 18:29:27,Financial Result Updates,"KEI Industries Limited has submitted to the Exchange, the financial results for the period ended June 30, 2018."
09-Aug-2018 13:50:00,Analysts/Institutional Investor Meet/Con. Call Updates,KEI Industries Limited has informed the Exchange regarding Analysts/Institutional Investor Meet/Con. Call Updates
09-Aug-2018 13:47:00,Analysts/Institutional Investor Meet/Con. Call Updates,KEI Industries Limited has informed the Exchange regarding Analysts/Institutional Investor Meet/Con. Call Updates
03-Aug-2018 16:50:00,Analysts/Institutional Investor Meet/Con. Call Updates,KEI Industries Limited has informed the Exchange regarding Analysts/Institutional Investor Meet/Con. Call Updates
30-Jul-2018 14:08:00,Credit Rating,KEI Industries Limited has informed the Exchange regarding Credit Rating
23-Jul-2018 15:32:00,Updates,"KEI Industries Limited has informed the Exchange regarding 'Dear Sir/Madam,As per Regulation 30 of SEBI (Listing Obligations and Disclosure Requirements) Regulations, 2015 this is to inform you that p"
10-Jul-2018 17:37:00,Analysts/Institutional Investor Meet/Con. Call Updates,KEI Industries Limited has informed the Exchange regarding Analysts/Institutional Investor Meet/Con. Call Updates
30-Jun-2018 15:20:00,Analysts/Institutional Investor Meet/Con. Call Updates,KEI Industries Limited has informed the Exchange regarding Analysts/Institutional Investor Meet/Con. Call Updates
19-Jun-2018 14:39:00,Analysts/Institutional Investor Meet/Con. Call Updates,KEI Industries Limited has informed the Exchange regarding Analysts/Institutional Investor Meet/Con. Call Updates
07-Jun-2018 12:26:00,Analysts/Institutional Investor Meet/Con. Call Updates,KEI Industries Limited has informed the Exchange regarding Analysts/Institutional Investor Meet/Con. Call Updates
06-Jun-2018 12:42:00,Analysts/Institutional Investor Meet/Con. Call Updates,KEI Industries Limited has informed the Exchange regarding Analysts/Institutional Investor Meet/Con. Call Updates
28-May-2018 15:28:00,Updates,"KEI Industries Limited has informed the Exchange regarding 'Intimation under Regulation 30 of SEBI (Listing Obligations and Disclosure Requirements) Regulations, 2015  '."
26-May-2018 12:56:00,Updates,"KEI Industries Limited has informed the Exchange regarding 'Intimation pursuant to Regulation 33 of SEBI (Listing Obligations and Disclosures Requirements) Regulations, 2015  on Publication of Standal"
18-May-2018 09:48:00,Press Release,"KEI Industries Limited has informed the Exchange regarding a press release dated May 18, 2018, titled ""PRESS RELEASE: KEI INDUSTRIES LIMITED (KEI) AT THE MEETING OF ITS BOARD OF DIRECTORS HELD ON 17.0"
17-May-2018 18:38:00,Outcome of Board Meeting,"KEI Industries Limited has informed the Exchange regarding Outcome of Board Meeting held on May 17, 2018."
17-May-2018 18:24:00,Dividend,"KEI Industries Limited has informed the Exchange that Board of Directors at its meeting held on May 17, 2018, recommended Final Dividend of 1 per equity share."
17-May-2018 18:22:29,Financial Result Updates,"KEI Industries Limited has submitted to the Exchange, the financial results for the period ended March 31, 2018."
08-May-2018 14:22:00,Analysts/Institutional Investor Meet/Con. Call Updates,KEI Industries Limited has informed the Exchange regarding Analysts/Institutional Investor Meet/Con. Call Updates
07-Apr-2018 13:47:00,Disc. under Reg.30 of SEBI (SAST) Reg.2011,Anil Gupta For and on behalf of Promoter and Promoter Group has submitted to the Exchange a copy of disclosure under Regulation 30(1) and 30(2) of SEBI (Substantial Acquisition of Shares & Takeovers) 
06-Apr-2018 11:52:00,Disc. under Reg.30 of SEBI (SAST) Reg.2011,"Promoter and Promoter Group of the Company has submitted to the Exchange a copy of disclosure under Regulation 30(1) and 30(2) of SEBI (Substantial Acquisition of Shares & Takeovers) Regulations, 2011"
27-Mar-2018 14:29:00,Credit Rating,KEI Industries Limited has informed the Exchange regarding Credit Rating
17-Mar-2018 15:01:00,Analysts/Institutional Investor Meet/Con. Call Updates,KEI Industries Limited has informed the Exchange regarding Analysts/Institutional Investor Meet/Con. Call Updates
01-Feb-2018 17:22:00,Analysts/Institutional Investor Meet/Con. Call Updates,KEI Industries Limited has informed the Exchange regarding Analysts/Institutional Investor Meet/Con. Call Updates
25-Jan-2018 10:43:00,Press Release,"KEI Industries Limited has informed the Exchange regarding a press release dated January 25, 2018, titled ""PRESS RELEASE""."
24-Jan-2018 17:51:00,Outcome of Board Meeting,"KEI Industries Limited has informed the Exchange regarding Outcome of Board Meeting held on January 24, 2018."
24-Jan-2018 17:47:08,Financial Result Updates,"KEI Industries Limited has submitted to the Exchange, the financial results for the period ended December 31, 2017."
22-Jan-2018 15:33:00,Analysts/Institutional Investor Meet/Con. Call Updates,KEI Industries Limited has informed the Exchange regarding Analysts/Institutional Investor Meet/Con. Call Updates
22-Jan-2018 15:24:00,Updates,"KEI Industries Limited has informed the Exchange regarding 'Subject: Spurt In Volume / ClarificationDear Sir / Madam,Due to inadvertent typing error, our clarification on the captioned subject, letter"
15-Jan-2018 12:03:00,Spurt in Volume,"Significant increase in volume has been observed in KEI Industries Limited. The Exchange, in order to ensure that investors have latest relevant information about the company and to inform the market "
12-Jan-2018 18:57:00,Spurt in Volume,"Significant increase in volume has been observed in KEI Industries Limited. The Exchange, in order to ensure that investors have latest relevant information about the company and to inform the market "
09-Jan-2018 16:12:00,Analysts/Institutional Investor Meet/Con. Call Updates,KEI Industries Limited has informed the Exchange regarding Analysts/Institutional Investor Meet/Con. Call Updates
08-Dec-2017 16:25:00,Analysts/Institutional Investor Meet/Con. Call Updates,KEI Industries Limited has informed the Exchange regarding Analysts/Institutional Investor Meet/Con. Call Updates
01-Dec-2017 17:18:00,Analysts/Institutional Investor Meet/Con. Call Updates,KEI Industries Limited has informed the Exchange regarding Analysts/Institutional Investor Meet/Con. Call Updates
24-Nov-2017 16:01:00,Analysts/Institutional Investor Meet/Con. Call Updates,KEI Industries Limited has informed the Exchange regarding Analysts/Institutional Investor Meet/Con. Call Updates
20-Nov-2017 16:59:00,Analysts/Institutional Investor Meet/Con. Call Updates,KEI Industries Limited has informed the Exchange regarding Analysts/Institutional Investor Meet/Con. Call Updates
14-Nov-2017 11:38:00,Press Release,"KEI Industries Limited has informed the Exchange regarding a press release dated November 14, 2017, titled ""Result Press Release for the period ended September 30, 2017""."
13-Nov-2017 18:46:04,Financial Result Updates,"KEI Industries Limited has submitted to the Exchange, the financial results for the period ended September 30, 2017."
13-Nov-2017 18:42:00,Outcome of Board Meeting,"KEI Industries Limited has informed the Exchange regarding Outcome of Board Meeting held on November 13, 2017.Pursuant to Regulation 30 and 33 of SEBI (Listing Obligations and Disclosure Requirements)"
10-Nov-2017 11:05:00,Analysts/Institutional Investor Meet/Con. Call Updates,KEI Industries Limited has informed the Exchange regarding Analysts/Institutional Investor Meet/Con. Call Updates
07-Nov-2017 14:24:00,Analysts/Institutional Investor Meet/Con. Call Updates,KEI Industries Limited has informed the Exchange regarding Analysts/Institutional Investor Meet/Con. Call Updates
25-Sep-2017 16:56:00,Analysts/Institutional Investor Meet/Con. Call Updates,KEI Industries Limited has informed the Exchange regarding Analysts/Institutional Investor Meet/Con. Call Updates
25-Sep-2017 11:13:00,Allotment of ESOP/ESPS,KEI Industries Limited has informed the Exchange regarding allotment of  564000 Equity Shares under ESOP
21-Sep-2017 10:58:00,Committee Meeting Updates,"KEI Industries Limited has informed the Exchange regarding Committee Meeting to be held on September 25, 2017."
14-Sep-2017 12:20:00,Credit Rating,KEI Industries Limited has informed the Exchange regarding Credit Rating
12-Sep-2017 16:46:00,Credit Rating,KEI Industries Limited has informed the Exchange regarding Credit Rating
30-Aug-2017 10:30:00,Press Release,"KEI Industries Limited has informed the Exchange regarding a press release dated August 30, 2017, titled ""Result Press Release for the period ended June 30, 2017""."
29-Aug-2017 18:03:51,Financial Result Updates,"KEI Industries Limited has submitted to the Exchange, the financial results for the period ended June 30, 2017."
28-Aug-2017 16:21:00,Analysts/Institutional Investor Meet/Con. Call Updates,KEI Industries Limited has informed the Exchange regarding Analysts/Institutional Investor Meet/Con. Call Updates
19-Aug-2017 11:39:00,Analysts/Institutional Investor Meet/Con. Call Updates,KEI Industries Limited has informed the Exchange regarding Analysts/Institutional Investor Meet/Con. Call Updates
16-Aug-2017 16:25:00,Analysts/Institutional Investor Meet/Con. Call Updates,KEI Industries Limited has informed the Exchange regarding Analysts/Institutional Investor Meet/Con. Call Updates
20-Jul-2017 16:58:00,Reply to Clarification Sought,"KEI:The Exchange had sought clarification from KEI Industries Limited with respect to announcement dated 19-Jul-2017, regarding Appointment of M/s. Jagdish Chand & CO., Chartered Accountants (Firm Reg"
20-Jul-2017 13:01:00,Shareholders meeting,"KEI Industries Limited has informed the Exchange regarding Proceedings of Annual General Meeting held on July 19, 2017. Further, the company has informed the Exchange regarding voting results along wi"
20-Jul-2017 11:11:00,Clarification,"KEI:The Exchange has sought clarification from KEI Industries Limited with respect to announcement dated 19-Jul-2017, regarding Appointment of M/s. Jagdish Chand & CO., Chartered Accountants (Firm Reg"
19-Jul-2017 16:50:00,Outcome of Board Meeting,"KEI Industries Limited has informed the Exchange regarding Outcome of Board Meeting held on July 19, 2017.Dear Sir / Madam,Pursuant to Regulation 30 of SEBI (Listing Obligations and Disclosure Require"
19-Jul-2017 16:39:00,Shareholders meeting,"KEI Industries Limited has informed the Exchange regarding Proceedings of Annual General Meeting held on July 19, 2017"
06-Jul-2017 11:58:00,Updates,"KEI Industries Limited has informed the Exchange that pursuant to Rule 6 of Investor Education and Protection Fund Authority (Accounting, Audit, Transfer and Refund) Rules, 2016 as amended from time t"
05-Jul-2017 17:23:00,Updates,"KEI Industries Limited has informed the Exchange that as per Regulation 30 of SEBI (Listing Obligations and Disclosure Requirements) Regulations, 2015 this is to update you that as a part of backward "
27-Jun-2017 08:57:00,Shareholders meeting,"KEI Industries Limited has informed the Exchange regarding Notice of Annual General Meeting to be held on July 19, 2017"
27-Jun-2017 08:46:00,Shareholders meeting,"KEI Industries Limited has informed the Exchange regarding Notice of Annual General Meeting to be held on July 19, 2017"
27-Jun-2017 08:43:00,Book Closure,"KEI Industries Limited has informed the Exchange that the Register of Members and Share Transfer Books of the Company will remain closed from July 13, 2017 and July 19, 2017 (both days inclusive) for "
06-Jun-2017 10:51:00,Financial Results Updates,"KEI Industries Limited has informed the Exchange regarding Standalone and Consolidated Financial Results for the quarter and financial year ended March 31, 2017"
01-Jun-2017 18:36:00,Analysts/Institutional Investor Meet/Con. Call Updates,KEI Industries Limited has informed the Exchange regarding Analysts/Institutional Investor Meet/Con. Call Updates
27-May-2017 18:42:00,Outcome of Board Meeting,"KEI Industries Limited has informed the Exchange regarding Outcome of Board Meeting held on May 27, 2017."
19-May-2017 19:34:00,Analysts/Institutional Investor Meet/Con. Call Updates,KEI Industries Limited has informed the Exchange regarding Analysts/Institutional Investor Meet/Con. Call Updates
10-May-2017 18:42:00,Press Release,"KEI Industries Limited has informed the Exchange regarding a press release dated May 10, 2017, titled ""PRESS RELEASE: KEI INDUSTRIES LIMITED (KEI) at the meeting of its Board of Directors held on 10.0"
10-May-2017 17:16:00,Outcome of Board Meeting,"KEI Industries Limited has informed the Exchange regarding the Outcome of Board Meeting of the Company held on May 10, 2017."
10-May-2017 17:11:00,Dividend,"KEI Industries Limited has informed the Exchange that Board of Directors at its meeting held on May 10, 2017, recommended Final Dividend of Rs. 0.60 per equity share."
10-May-2017 17:08:50,Financial Result Updates,"KEI Industries Limited has submitted to the Exchange, the financial results for the period ended March 31, 2017."
09-May-2017 14:41:00,Analysts/Institutional Investor Meet/Con. Call Updates,KEI Industries Limited has informed the Exchange regarding Analysts/Institutional Investor Meet/Con. Call Updates
14-Apr-2017 17:04:00,Analysts/Institutional Investor Meet/Con. Call Updates,KEI Industries Limited has informed the Exchange regarding Analysts/Institutional Investor Meet/Con. Call Updates
08-Apr-2017 10:53:00,Disc. under Reg.30 of SEBI (SAST) Reg.2011,Anil Gupta (for and on behalf of Promoter and Promoter Group) has submitted to the Exchange a copy of disclosure under Regulation 30(1) and 30(2) of SEBI (Substantial Acquisition of Shares & Takeovers
07-Apr-2017 12:25:00,Credit Rating,KEI Industries Limited has informed the Exchange regarding Credit Rating
06-Apr-2017 16:21:00,Disc. under Reg.30 of SEBI (SAST) Reg.2011,"Anil Gupta has submitted to the Exchange vide letter dated April 3, 2017  a copy of disclosure under Regulation 30(1) and 30(2) of SEBI (Substantial Acquisition of Shares & Takeovers) Regulations, 201"
05-Apr-2017 15:27:00,Disc. under Reg.30 of SEBI (SAST) Reg.2011,"KEI Industries Limited has submitted to the Exchange vide letter dated April 04, 2017 a copy of disclosure under Regulation 30(1) and 30(2) of SEBI (Substantial Acquisition of Shares & Takeovers) Regu"
29-Mar-2017 19:32:00,Analysts/Institutional Investor Meet/Con. Call Updates,KEI Industries Limited has informed the Exchange regarding Analysts/Institutional Investor Meet/Con. Call Updates
21-Mar-2017 15:52:00,Analysts/Institutional Investor Meet/Con. Call Updates,KEI Industries Limited has informed the Exchange regarding Analysts/Institutional Investor Meet/Con. Call Updates
09-Feb-2017 16:27:00,Analysts/Institutional Investor Meet/Con. Call Updates,KEI Industries Limited has informed the Exchange regarding Analysts/Institutional Investor Meet/Con. Call Updates
07-Feb-2017 12:08:00,Analysts/Institutional Investor Meet/Con. Call Updates,KEI Industries Limited has informed the Exchange regarding Analysts/Institutional Investor Meet/Con. Call Updates
02-Feb-2017 18:06:00,Press Release,"KEI Industries Limited has informed the Exchange regarding a press release dated February 02, 2017, titled ""Press Release: KEI INDUSTRIES LIMITED (KEI) at the meeting of its Board of Directors held on"
02-Feb-2017 18:02:28,Financial Result Updates,"KEI Industries Limited has submitted to the Exchange, the financial results for the period ended December 31, 2016."
01-Feb-2017 16:41:00,Analysts/Institutional Investor Meet/Con. Call Updates,KEI Industries Limited has informed the Exchange regarding Analysts/Institutional Investor Meet/Con. Call Updates
09-Jan-2017 10:16:00,Updates,"KEI Industries Limited has informed the Exchange that in continuation of the Company's earlier update on planned Capex / expansion at Chopanki plant, this is to further inform / update that new produc"
20-Dec-2016 16:57:00,Reply to Clarification Sought,"KEI: The Exchange had sought clarification from KEI Industries Limited with respect to announcement dated December 19, 2016, regarding Signing of Technical Collaboration Agreement for manufacturing of"
19-Dec-2016 18:54:00,Clarification,"KEI:The Exchange has sought clarification from KEI Industries Limited with respect to announcement dated December 19, 2016, regarding Signing of Technical Collaboration Agreement for manufacturing of "
19-Dec-2016 17:41:00,Press Release,"KEI Industries Limited has informed the Exchange regarding a press release dated December 19, 2016, titled ""Disclosure of Information- Signing of Technical Collaboration Agreement for manufacturing of"
06-Dec-2016 16:05:00,Updates,"KEI Industries Limited has informed the Exchange that In continuation of Company s earlier update on planned Capex / expansion at Chopanki plant, new production line of Extra High Voltage (EHV) Cables"
02-Dec-2016 17:00:00,Analysts/Institutional Investor Meet/Con. Call Updates,KEI Industries Limited has informed the Exchange regarding Analysts/Institutional Investor Meet/Con. Call Updates
05-Nov-2016 16:19:00,Press Release,"KEI Industries Limited has informed the Exchange regarding a press release dated November 05, 2016, titled ""PRESS RELEASE""."
05-Nov-2016 14:48:01,Financial Result Updates,"KEI Industries Limited has submitted to the Exchange, the financial results for the period ended September 30, 2016."
04-Nov-2016 18:04:00,Analysts/Institutional Investor Meet/Con. Call Updates,KEI Industries Limited has informed the Exchange regarding Analysts/Institutional Investor Meet/Con. Call Updates
24-Sep-2016 17:52:00,ESOPs/ESOS/ESPS,"KEI Industries Limited has informed the Exchange the Allotment of 5,60,000 Equity Shares pursuant to exercise of stock options under KEI  Employees Stock Option Scheme 2015"
12-Sep-2016 08:54:00,Analysts/Institutional Investor Meet/Con. Call Updates,KEI Industries Limited has informed the Exchange regarding the Intimation of Schedule of Investor Meet.
08-Sep-2016 10:59:00,"Regulation 44(3) of SEBI (LODR), Reg., 2015","KEI Industries Limited has submitted to the Exchange a copy of Proceeding and the details of voting results of the of the Annual General Meeting of the Company held on the September 06, 2016 along wit"
07-Sep-2016 10:18:00,Annual General Meeting Updates,"KEI Industries Limited has informed the Exchange regarding Outcome / Proceeding of Annual General Meeting held on September 06, 2016."
16-Aug-2016 15:15:00,Book Closure Updates,"KEI Industries Limited had informed the Exchange that the Register of Members and Share Transfer Books of the Company will remain closed from August 26, 2016 and September 06, 2016 (both days inclusiv"
16-Aug-2016 14:57:00,Annual General Meeting Updates,"KEI Industries Limited has submitted to the Exchange a copy of notice of Annual General Meeting of the members of the company to be held on September 06, 2016."
12-Aug-2016 19:37:00,Annual General Meeting Updates,"KEI Industries Limited has submitted to the Exchange a copy of notice of Annual General Meeting of the members of the Company to be held on September 06, 2016 along with Annual Report"
03-Aug-2016 16:05:00,Credit Rating,"KEI Industries Limited has informed the Exchange regarding ""Intimation of Revision / up gradation in Rating(s)""."
21-Jul-2016 13:05:00,Press Release (Revised),"KEI Industries Limited has informed the Exchange vide letter dated July 21, 2016, regarding a press release titled ""KEI Industries Limited (KEI) at the meeting of its Board of Directors held on 20.07."
21-Jul-2016 11:43:00,Press Release (Revised),"KEI Industries Limited has informed the Exchange regarding a press release revised with respect to the Unaudited Financial Result for the Quarter ended June 30, 2016."
21-Jul-2016 11:30:00,Press Release,"KEI Industries Limited has informed the Exchange regarding a press release with respect to the Unaudited Financial Result for the Quarter ended June 30, 2016."
21-Jul-2016 08:24:00,AGM/Book Closure,"KEI Industries Limited has informed the Exchange that the Register of Members and Share Transfer Books of the Company will remain closed from August 26, 2016 and September 06, 2016 (both days inclusiv"
20-Jul-2016 17:47:09,Financial Result Updates,"KEI Industries Limited has submitted to the Exchange the standalone financial results along with the Limited Review Report for the period ended June 30, 2016."
20-Jul-2016 11:28:00,Analysts Meet,KEI Industries Limited has informed the Exchange regarding Schedule of Analyst / Institutional Investor Meet.
08-Jul-2016 18:43:00,Credit Rating,KEI Industries Limited has informed the Exchange regarding Credit Rating of Long Term and Short Term Bank Facilities.
07-Jun-2016 17:02:00,Analysts Meet,"KEI Industries Limited has informed the Exchange regarding Schedule of Investor Meet under Regulation 30 of SEBI (Listing Obligations and Disclosure Requirements) Regulations, 2015."
26-May-2016 10:53:00,Analysts Meet,KEI Industries Limited has informed the Exchange regarding Schedule of Investor Meet with the Analyst/Institutional Investors.
21-May-2016 16:45:49,Financial Result Updates,"KEI Industries Limited has submitted to the Exchange the standalone & consolidated financial results along with the Auditors Report for the period ended March 31, 2016."
21-May-2016 16:37:00,Dividend,"KEI Industries Limited has informed the Exchange that the Board of Directors of the Company at its meeting held on May 21, 2016 has recommended dividend of Rs. 0.50 per share (i.e. @25%) on the equity"
19-May-2016 11:29:00,Analysts Meet,KEI Industries Limited has informed the Exchange regarding Schedule of Analyst / Institutional Call / Meet.
10-May-2016 17:08:00,Trading Window,"KEI Industries Limited has informed the Exchange that the trading window of the Company pursuant to SEBI (Prohibition of Insider Trading) Regulations, 2015 read with Code of Conduct to regulate, monit"
08-Apr-2016 12:09:00,Disc. under Reg.30 of SEBI (SAST) Reg.2011,"Anil Gupta has submitted to the Exchange vide letter dated April 5, 2016  a copy of disclosure under Regulation 30(1) and 30(2) of SEBI (Substantial Acquisition of Shares & Takeovers) Regulations, 201"
07-Apr-2016 16:38:00,Credit Rating,KEI Industries Limited has informed the Exchange that Credit Analysis & Research Ltd. (CARE) has reaffirmed the CARE CGR 3 (three) rating assigned to the Corporate Governance practices adopted by the 
23-Jan-2016 17:54:13,Financial Result Updates,KEI Industries Limited has submitted to the exchange the standalone financial results along with the Limited Review Report for the period ended 31-Dec-2015.
22-Jan-2016 18:22:00,Analysts Meet,KEI Industries Limited has informed the Exchange regarding the schedule of conference call/meet with the Analyst/Institutional Investors.
22-Jan-2016 16:35:00,Updates,KEI Industries Limited has informed the Exchange Regarding Intimation of Schedule of Analyst / Institutional Call / Meet Under Regulation 30 of SEBI ( Listing Obligations and Disclosure Requirements )
13-Jan-2016 17:10:00,Trading Window,"KEI Industries Limited has informed the Exchange that the trading window of the Company pursuant to SEBI (Prohibition of Insider Trading) Regulations, 2015 read with Code of Conduct to regulate, monit"
28-Dec-2015 09:14:00,Updates,"KEI Industries Limited has informed the Exchange vide letter dated December 25, 2015 regarding ""Bagging of Orders / Notification of Awards (NOA) valuing Rs. 384.53 Crores (Ex-works) from POWER GRID CO"
09-Dec-2015 19:07:00,Updates,"KEI Industries Limited has informed the Exchange regarding intimation of Authorised Persons under Regulation 30(5) of SEBI (Listing Obligations and Disclosure Requirements) Regulations, 2015."
09-Dec-2015 18:54:00,Outcome of Board Meeting,"KEI Industries Limited has informed the Exchange that the Board of Directors of the Company at their meeting held on December 09, 2015 have considered and approved setting up a wholly owned subsidiary"
05-Nov-2015 17:13:15,Financial Result Updates,KEI Industries Limited has submitted to the exchange the standalone financial results along with the Limited Review Report for the period ended 30-Sep-2015.
23-Oct-2015 17:50:00,Trading Window,"KEI Industries Limited has informed the Exchange that Trading Window for dealing in the shares of the Company by designated persons shall remain closed from October 24, 2015 to November 07, 2015 (both"
29-Sep-2015 13:11:00,Annual General Meeting Updates,"KEI Industries Limited has submitted to the Exchange a copy of the proceedings of the Annual General Meeting of the Company held on September 16, 2015."
23-Sep-2015 18:54:00,ESOPs/ESOS/ESPS,"KEI Industries Limited has informed the Exchange that the Nomination and Remuneration Committee of Board of Directors of the Company at their meeting held on September 23, 2015 has approved grant of 2"
18-Sep-2015 09:24:00,Annual General Meeting Updates,"KEI Industries Limited has submitted to the Exchange a copy of outcome of the Annual General Meeting of the Company held on September 16, 2015 along with Scrutinizers Report."
24-Aug-2015 09:38:00,Annual General Meeting Updates,"KEI Industries Limited has submitted to the Exchange a copy of Notice of Annual General Meeting (AGM) of the Company will be held on September 16, 2015."
06-Aug-2015 18:53:00,AGM/Book Closure,"KEI Industries Limited has informed the Exchange that the Register of Members & Share Transfer Books of the Company will remain closed from September 10, 2015 to September 16, 2015 (both days inclusiv"
06-Aug-2015 18:48:00,Outcome of Board Meeting,"KEI Industries Limited has informed the Exchange that the Board of Directors of the Company at its meeting held on August 6, 2015, has approved, inter-alia, the following:1. Approved Director's Report"
06-Aug-2015 18:28:23,Financial Result Updates,KEI Industries Limited has submitted to the exchange the standalone financial results along with the Limited Review Report for the period ended 30-Jun-2015.
28-Jul-2015 16:05:00,Trading Window,"KEI Industries Limited has informed the Exchange that Trading Window for dealing in the shares of the Company by designated persons shall remain closed from July 29, 2015 to August 08, 2015 (both days"
14-Jul-2015 13:33:00,Spurt in Volume,"Significant increase in volume has been observed in KEI Industries Limited. The Exchange, in order to ensure that investors have latest relevant information about the company and to inform the market "
07-Jul-2015 14:48:00,Credit Rating,KEI Industries Limited has informed the Exchange regarding Credit Rating of Long Term & Short Term Bank Facilities and Medium Term Instrument (Fixed Deposits).
28-May-2015 18:07:00,"Code of Conduct under SEBI(PIT) Reg., 2015","KEI Industries Limited has informed the Exchange that the Board of Directors of the Company at its meeting held on May 28, 2015, formulated and adopted Code of Practices and Procedures for Fair Disclo"
28-May-2015 17:20:00,Outcome of Board Meeting,"KEI Industries Limited has informed the Exchange regarding outcome of meeting of the Board of Directors of the Company held on May 28, 2015."
28-May-2015 17:08:00,Date of payment of dividend,"KEI Industries Limited has informed the Exchange that the dividend, if approved by the shareholders at the ensuing Annual General Meeting of the Company, shall be paid / dispatched on or before 30 day"
28-May-2015 17:07:00,Dividend,"KEI Industries Limited has informed the Exchange that the Board of Directors of the Company at its meeting held on May 28, 2015, Recommended dividend of Rs. 0.40 per share (i.e. @ 20%) on the equity s"
28-May-2015 17:03:03,Financial Result Updates,KEI Industries Limited has submitted to the exchange the standalone financial results for the period ended 31-Mar-2015.
18-May-2015 13:08:00,Trading Window,"KEI Industries Limited has informed the Exchange that Trading Window for dealing in the shares of the Company by designated persons shall remain closed from May 16, 2015 to June 01, 2015 (both days in"
22-Apr-2015 10:06:00,Disc. under Reg.30 of SEBI (SAST) Reg.2011,"Anil Gupta has submitted to the Exchange vide letter dated April 3, 2015 a copy of disclosure under Regulation 30(1) and 30(2) of SEBI (Substantial Acquisition of Shares & Takeovers) Regulations, 2011"
15-Apr-2015 16:15:00,Credit Rating,KEI Industries Limited has informed the Exchange that Credit Analysis & Research Ltd. (CARE) has reaffirmed the 'CARE CGR 3' (three) rating assigned to the Corporate Governance practices adopted by th
10-Feb-2015 17:39:01,Financial Result Updates,KEI Industries Limited has submitted to the exchange the standalone financial results for the period ended 31-Dec-2014.
