date,desc,text
11-Jul-2026 14:33:40,Copy of Newspaper Publication,Kotak Mahindra Bank Limited has informed the Exchange about Copy of Newspaper Publication
10-Jul-2026 17:30:05,General Updates,Kotak Mahindra Bank Limited has informed the Exchange about Business Responsibility and Sustainability Report.
10-Jul-2026 17:24:32,General Updates,Kotak Mahindra Bank Limited has informed the Exchange about Integrated Annual Report 2025-26 and Notice of Annual General Meeting.
10-Jul-2026 17:20:48,Shareholders meeting,"Kotak Mahindra Bank Limited has informed the Exchange regarding Notice of Annual General Meeting to be held on August 01, 2026"
09-Jul-2026 20:20:33,General Updates,Kotak Mahindra Bank Limited has informed the Exchange about General Updates
09-Jul-2026 19:37:41,General Updates,Kotak Mahindra Bank Limited has informed the Exchange about General Updates
07-Jul-2026 19:15:27,Copy of Newspaper Publication,Kotak Mahindra Bank Limited has informed the Exchange about Copy of Newspaper Publication
06-Jul-2026 16:05:06,Record Date,Kotak Mahindra Bank Limited has informed the Exchange that Record date for the purpose of Dividend  is 17-Jul-2026.
06-Jul-2026 15:57:18,General Updates,Kotak Mahindra Bank Limited has informed the Exchange about Intimation of the date of the Forty-First Annual General Meeting of Kotak Mahindra Bank Limited.
04-Jul-2026 15:55:41,General Updates,Kotak Mahindra Bank Limited has informed the Exchange about General Updates
03-Jul-2026 13:29:38,Disclosure under SEBI Takeover Regulations," Uday S Kotak has Submitted to the Exchange a copy of Disclosure under Regulation 31(4) of the Securities and Exchange Board of India (Substantial Acquisition of Shares and Takeovers) Regulations, 201"
02-Jul-2026 11:57:38,General Updates,"Update on acquisition by the Bank, by way of direct assignment, of the loan portfolio from Kotak Mahindra Investments Limited"
30-Jun-2026 17:15:55,General Updates,"Acquisition by the Bank of Deutsche Bank AG s Retail Banking, Private Banking and Wealth Management Business in India"
27-Jun-2026 15:02:14,General Updates,Kotak Mahindra Bank Limited has informed the Exchange about General Updates
23-Jun-2026 16:29:09,General Updates,Kotak Mahindra Bank Limited has informed the Exchange about General Updates
22-Jun-2026 18:43:26,ESOP/ESOS/ESPS,Kotak Mahindra Bank Limited has informed the Exchange regarding Allotment of 200183  Shares.
19-Jun-2026 19:42:47,Analysts/Institutional Investor Meet/Con. Call Updates,Kotak Mahindra Bank Limited has informed the Exchange about Schedule of meet
18-Jun-2026 20:00:48,Copy of Newspaper Publication,"Newspaper Clippings - Standalone Audited Financial Statements of the Bank for the financial year ended March 31, 2026"
18-Jun-2026 18:46:57,Analysts/Institutional Investor Meet/Con. Call Updates,Kotak Mahindra Bank Limited has informed the Exchange about Schedule of meet
08-Jun-2026 12:20:22,Analysts/Institutional Investor Meet/Con. Call Updates,Kotak Mahindra Bank Limited has informed the Exchange about Schedule of meet
04-Jun-2026 20:03:14,Analysts/Institutional Investor Meet/Con. Call Updates,Kotak Mahindra Bank Limited has informed the Exchange about Schedule of meet
01-Jun-2026 20:24:54,Analysts/Institutional Investor Meet/Con. Call Updates,Kotak Mahindra Bank Limited has informed the Exchange about Schedule of meet
30-May-2026 16:39:30,General Updates,Acquisition by way of direct assignment of loan portfolio and non-treasury investments from Kotak Mahindra Investments Limited
27-May-2026 19:43:34,Analysts/Institutional Investor Meet/Con. Call Updates,Kotak Mahindra Bank Limited has informed the Exchange about Schedule of meet
27-May-2026 19:29:11,Analysts/Institutional Investor Meet/Con. Call Updates,Kotak Mahindra Bank Limited has informed the Exchange about Schedule of meet
26-May-2026 19:23:17,Analysts/Institutional Investor Meet/Con. Call Updates,Kotak Mahindra Bank Limited has informed the Exchange about Schedule of meet
26-May-2026 19:10:27,Copy of Newspaper Publication,Newspaper Clipping - Special Window for Transfer and Dematerialisation of Physical Securities of the Bank
25-May-2026 18:35:42,Analysts/Institutional Investor Meet/Con. Call Updates,Kotak Mahindra Bank Limited has informed the Exchange about Schedule of meet
20-May-2026 18:46:30,Analysts/Institutional Investor Meet/Con. Call Updates,Kotak Mahindra Bank Limited has informed the Exchange about Schedule of meet
15-May-2026 23:17:37,ESOP/ESOS/ESPS,Kotak Mahindra Bank Limited has informed the Exchange regarding Allotment of 44020  Shares.
15-May-2026 21:15:50,ESOP/ESOS/ESPS,Kotak Mahindra Bank Limited has informed the Exchange regarding Grant of 2015350  Options.
14-May-2026 16:58:41,General Updates,Kotak Mahindra Bank Limited has informed the Exchange about General Updates
08-May-2026 23:21:43,Analysts/Institutional Investor Meet/Con. Call Updates,Kotak Mahindra Bank Limited has informed the Exchange about Transcript of the Earnings Conference Call on the Consolidated and Standalone Audited Financial Results for the financial year ended March 3
02-May-2026 19:27:38,Analysts/Institutional Investor Meet/Con. Call Updates,Kotak Mahindra Bank Limited has informed the Exchange about Link of Recording
02-May-2026 15:29:12,General Updates,"Investor Presentation for the Earnings Conference Call on the Consolidated and Standalone Audited Financial Results of the Bank for the Financial Year ended March 31, 2026"
02-May-2026 15:25:23,Press Release,"Kotak Mahindra Bank Limited has informed the Exchange regarding a press release dated May 02, 2026, titled ""Media Release on the Consolidated and Standalone Audited Financial Results of the Bank for t"
02-May-2026 15:09:23,Dividend,"Kotak Mahindra Bank Limited has informed the Exchange that Board of Directors at its meeting held on May 02, 2026, recommended Final Dividend of Rs. 0.65 per equity share."
02-May-2026 14:56:46,Outcome of Board Meeting,"Kotak Mahindra Bank Limited has submitted to the Exchange, the financial results for the period ended March 31, 2026."
28-Apr-2026 17:53:16,General Updates,Kotak Mahindra Bank Limited has informed the Exchange about General Updates
27-Apr-2026 19:02:31,Analysts/Institutional Investor Meet/Con. Call Updates,Kotak Mahindra Bank Limited has informed the Exchange about Schedule of meet
27-Apr-2026 15:42:34,General Updates,Kotak Mahindra Bank Limited has informed the Exchange about General Updates
25-Apr-2026 15:47:26,General Updates,ESG Rating from NSE Sustainability Ratings & Analytics Limited for FY 2024-25
24-Apr-2026 20:53:07,Shareholders meeting,"Kotak Mahindra Bank Limited has submitted the Exchange a copy Srutinizers report of  Postal Ballot. Further, the company has informed the Exchange regarding voting results."
04-Apr-2026 17:24:44,General Updates,Kotak Mahindra Bank Limited has informed the Exchange about General Updates
30-Mar-2026 19:15:41,General Updates,Kotak Mahindra Bank Limited has informed the Exchange about General Updates
30-Mar-2026 10:56:32,News Verification,The Exchange has sought clarification from Kotak Mahindra Bank Limited with respect to recent news item captioned Kotak Mahindra Bank faces alleged Rs 160-crore FD fraud linked to Panchkula Municipal 
27-Mar-2026 19:16:07,Rumour Verification - Regulation 30(11),Kotak Mahindra Bank Limited has informed the Exchange about Rumour Verification - Regulation 30(11)
27-Mar-2026 11:04:43,News Verification,The Exchange has sought clarification from Kotak Mahindra Bank Limited with respect to recent news item captioned Kotak Mahindra Bank faces alleged Rs 160-crore FD fraud linked to Panchkula Municipal 
26-Mar-2026 14:58:13,Copy of Newspaper Publication,Newspaper Clipping - Special Window for Transfer and Dematerialisation of Physical Securities of the Bank
26-Mar-2026 14:37:25,Copy of Newspaper Publication,Clippings of Notice published in Newspapers
25-Mar-2026 18:04:49,Shareholders meeting,Kotak Mahindra Bank Limited has informed the Exchange regarding Notice of Postal Ballot
24-Mar-2026 21:09:08,General Updates,Update - Completion of sale of stake in Infina Finance Private Limited
24-Mar-2026 20:56:03,General Updates,Update on Kotak Mahindra Investments Limited
23-Mar-2026 20:55:36,ESOP/ESOS/ESPS,Kotak Mahindra Bank Limited has informed the Exchange regarding Allotment of 7945  Shares.
21-Mar-2026 21:17:13,Disclosure of material issue,"Kotak Mahindra Bank Limited has informed regarding Sale of stake in Infina Finance Private Limited, an associate company"
21-Mar-2026 21:05:19,General Updates,Kotak Mahindra Bank Limited has informed the Exchange about General Updates
20-Mar-2026 16:43:41,General Updates,Kotak Mahindra Bank Limited has informed the Exchange about Confirmation of payment of Interest to the Bondholders
17-Mar-2026 21:25:52,Analysts/Institutional Investor Meet/Con. Call Updates,Kotak Mahindra Bank Limited has informed the Exchange about Schedule of meet
12-Mar-2026 21:06:03,Analysts/Institutional Investor Meet/Con. Call Updates,Kotak Mahindra Bank Limited has informed the Exchange about Schedule of meet
06-Mar-2026 19:42:48,Appointment,"Kotak Mahindra Bank Limited has informed the Exchange regarding Appointment of Mr Anup Kumar Saha as Whole-time Director (Executive Director) of the company w.e.f. March 06, 2026."
06-Mar-2026 16:21:15,Analysts/Institutional Investor Meet/Con. Call Updates,Kotak Mahindra Bank Limited has informed the Exchange about Schedule of meet
06-Mar-2026 16:12:13,Analysts/Institutional Investor Meet/Con. Call Updates,Kotak Mahindra Bank Limited has informed the Exchange about Schedule of meet
06-Mar-2026 15:59:57,Analysts/Institutional Investor Meet/Con. Call Updates,Kotak Mahindra Bank Limited has informed the Exchange about Schedule of meet
06-Mar-2026 15:41:38,Analysts/Institutional Investor Meet/Con. Call Updates,Kotak Mahindra Bank Limited has informed the Exchange about Schedule of meet
04-Mar-2026 20:33:26,Shareholders meeting,"Kotak Mahindra Bank Limited has submitted the Exchange a copy Srutinizers report of  Postal Ballot. Further, the company has informed the Exchange regarding voting results."
17-Feb-2026 19:46:21,Analysts/Institutional Investor Meet/Con. Call Updates,Kotak Mahindra Bank Limited has informed the Exchange about Schedule of meet
17-Feb-2026 19:10:49,Cessation,"Kotak Mahindra Bank Limited has informed the Exchange regarding Cessation of Mr Ashok Gulati as Independent Director of the company w.e.f. March 05, 2026."
17-Feb-2026 19:06:37,Appointment,"Kotak Mahindra Bank Limited has informed the Exchange regarding Appointment of  Mr. Ramesh Iyer as Independent of the company w.e.f. February 17, 2026."
17-Feb-2026 13:04:08,Analysts/Institutional Investor Meet/Con. Call Updates,Kotak Mahindra Bank Limited has informed the Exchange about Schedule of meet
17-Feb-2026 12:56:30,Analysts/Institutional Investor Meet/Con. Call Updates,Kotak Mahindra Bank Limited has informed the Exchange about Schedule of meet
16-Feb-2026 16:31:22,General Updates,Kotak Mahindra Bank Limited has informed the Exchange about Confirmation of payment of Interest to the Bondholders
09-Feb-2026 19:22:01,Change in Management,Kotak Mahindra Bank Limited has informed the Exchange about change in Management
09-Feb-2026 18:48:34,General Updates,Kotak Mahindra Bank Limited has informed the Exchange about General Updates
09-Feb-2026 18:01:54,Analysts/Institutional Investor Meet/Con. Call Updates,Kotak Mahindra Bank Limited has informed the Exchange about Schedule of meet
07-Feb-2026 11:13:28,Rumour Verification - Regulation 30(11),Kotak Mahindra Bank Limited has informed the Exchange about Rumour Verification - Regulation 30(11)
03-Feb-2026 13:56:51,Copy of Newspaper Publication,Kotak Mahindra Bank Limited has informed the Exchange about Clippings of Notice published in Newspapers
02-Feb-2026 17:32:58,Shareholders meeting,Kotak Mahindra Bank Limited has informed the Exchange regarding Notice of Postal Ballot
30-Jan-2026 22:26:46,Analysts/Institutional Investor Meet/Con. Call Updates,Kotak Mahindra Bank Limited has informed the Exchange about Transcript
29-Jan-2026 23:08:46,Allotment of Securities,"Kotak Mahindra Bank Limited has informed the Exchange regarding allotment of 133400 securities pursuant to Abeyance Shares at its meeting held on January 29, 2026"
24-Jan-2026 20:16:56,Analysts/Institutional Investor Meet/Con. Call Updates,Kotak Mahindra Bank Limited has informed the Exchange about Link of Recording
24-Jan-2026 14:40:17,General Updates,Kotak Mahindra Bank Limited has informed the Exchange about Investor Presentation for Earnings Conference Call on the Consolidated and Standalone Unaudited Financial Results of the Bank for the quarte
24-Jan-2026 14:37:43,General Updates,Kotak Mahindra Bank Limited has informed the Exchange about Outcome of Board Meeting - Update on proposal for raising funds during FY 2026-27
24-Jan-2026 14:26:55,Press Release,"Kotak Mahindra Bank Limited has informed the Exchange regarding a press release dated January 24, 2026, titled ""Media Release on the Consolidated and Standalone Unaudited Financial Results of the Bank"
24-Jan-2026 14:23:06,Outcome of Board Meeting,"Kotak Mahindra Bank Limited has informed the Exchange regarding  Board meeting held on January 24, 2026."
24-Jan-2026 14:18:34,Outcome of Board Meeting,"Kotak Mahindra Bank Limited has submitted to the Exchange, the financial results for the period ended December 31, 2025."
20-Jan-2026 11:25:56,Allotment of Securities,"Kotak Mahindra Bank Limited has informed the Exchange regarding allotment of 830630 securities pursuant to ESOP/ESPS at its meeting held on January 19, 2026"
16-Jan-2026 22:15:58,General Updates,Kotak Mahindra Bank Limited has informed the Exchange about Update  Sub-division of Equity Shares
16-Jan-2026 19:35:02,Analysts/Institutional Investor Meet/Con. Call Updates,Kotak Mahindra Bank Limited has informed the Exchange about Schedule of meet
12-Jan-2026 16:01:58,ESOP/ESOS/ESPS,Kotak Mahindra Bank Limited has informed the Exchange regarding Grant of 139170  Options.
12-Jan-2026 09:34:08,Press Release,"Kotak Mahindra Bank Limited has informed the Exchange regarding a press release dated January 12, 2026, titled  Kotak Mahindra Bank strengthens Leadership Team with appointment of Anup Kumar Saha as W"
12-Jan-2026 08:54:42,Change in Director(s),Kotak Mahindra Bank Limited has informed the Exchange regarding Change in Director(s) of the company.
05-Jan-2026 15:50:03,General Updates,Kotak Mahindra Bank Limited has informed the Exchange about General Updates
02-Jan-2026 15:08:17,Copy of Newspaper Publication,Kotak Mahindra Bank Limited has informed the Exchange about Newspaper Clipping - Special Window for Re-lodgement of Transfer Requests of Physical Shares of the Bank
31-Dec-2025 18:02:52,Action(s) taken or orders passed,"Intimation under Regulation 30 of the SEBI (Listing Obligations and Disclosure Requirements) Regulations, 2015"
31-Dec-2025 16:56:25,General Updates,Kotak Mahindra Bank Limited has informed the Exchange about letter sent to the shareholders holding shares of the Bank in physical form.
27-Dec-2025 17:50:24,Record Date,Kotak Mahindra Bank Limited has informed the Exchange that Record date for the purpose of Split/Subdivision  is 14-Jan-2026.
27-Dec-2025 14:37:04,Amendment to AOA/MOA,Kotak Mahindra Bank Limited has informed the Exchange regarding the Amendment to AOA/MOA of the company.
27-Dec-2025 09:44:56,Shareholders meeting,Kotak Mahindra Bank Limited has submitted the Exchange a copy of Srutinizers report of  Postal Ballot .
24-Dec-2025 18:08:28,Copy of Newspaper Publication,Kotak Mahindra Bank Limited has informed the Exchange about Copy of Newspaper Clipping - Special Window for Re-lodgement of Transfer  Requests of Physical Shares of the Bank
21-Dec-2025 12:32:45,Action(s) taken or orders passed,"Intimation under Regulation 30 of the SEBI (Listing Obligations and Disclosure Requirements) Regulations, 2015"
19-Dec-2025 19:07:06,Action(s) taken or orders passed,"Intimation under Regulation 30 of the SEBI (Listing Obligations and Disclosure Requirements) Regulations, 2015"
18-Dec-2025 14:30:30,General Updates,Kotak Mahindra Bank Limited has informed the Exchange about Grant of Performance Linked Restricted Stock Units
12-Dec-2025 18:16:23,Allotment of Securities,"Kotak Mahindra Bank Limited has informed the Exchange regarding allotment of 345606 securities pursuant to ESOP/ESPS at its meeting held on December 12, 2025"
11-Dec-2025 22:44:36,Analysts/Institutional Investor Meet/Con. Call Updates,Kotak Mahindra Bank Limited has informed the Exchange about Schedule of meet
11-Dec-2025 18:59:06,Copy of Newspaper Publication,Kotak Mahindra Bank Limited has informed the Exchange about Copy of Newspaper Clipping - Special Window for Re-lodgement of Transfer Requests ofPhysical Shares of the Bank
01-Dec-2025 17:00:11,General Updates,Kotak Mahindra Bank Limited has informed the Exchange about Confirmation of payment of Interest to the Bondholders
27-Nov-2025 16:03:52,Copy of Newspaper Publication,Kotak Mahindra Bank Limited has informed the Exchange about Copy of Newspaper  Clipping - Special Window for Re-lodgement of Transfer Requests of Physical Shares of the Bank
26-Nov-2025 15:36:33,Copy of Newspaper Publication,Kotak Mahindra Bank Limited has informed the Exchange about Clippings of Notice published in Newspapers
25-Nov-2025 16:27:56,Shareholders meeting,Kotak Mahindra Bank Limited has informed the Exchange regarding Notice of Postal Ballot
21-Nov-2025 16:15:41,Press Release,"Kotak Mahindra Bank Limited has informed the Exchange regarding a press release dated November 21, 2025, titled ""Kotak Mahindra Bank Announces Stock Split on 40th Foundation Day""."
21-Nov-2025 15:29:17,Stock split,"Kotak Mahindra Bank Limited has informed the Exchange that the Board of Directors at its meeting held on November 21, 2025, has considered and approved subdivision of 1988752989 equity shares of Rs. 5"
21-Nov-2025 15:24:16,Stock split,"We wish to inform you pursuant to the provisions of Regulation 30(2) of the Securities and Exchange Board of India (Listing Obligations and Disclosure Requirements) Regulations, 2015 read with Para A "
18-Nov-2025 16:01:06,ESOP/ESOS/ESPS,Kotak Mahindra Bank Limited has informed the Exchange regarding Grant of 14200  Options.
13-Nov-2025 15:31:33,Analysts/Institutional Investor Meet/Con. Call Updates,Kotak Mahindra Bank Limited has informed the Exchange about Schedule of meet
13-Nov-2025 11:09:49,Allotment of Securities,"Kotak Mahindra Bank Limited has informed the Exchange regarding allotment of 122878 securities pursuant to ESOP/ESPS at its meeting held on November 13, 2025"
11-Nov-2025 16:23:40,Copy of Newspaper Publication,Kotak Mahindra Bank Limited has informed the Exchange about Copy of Newspaper Clipping - Special Window for Re-lodgement of Transfer Requests of Physical Shares of the Bank
10-Nov-2025 12:43:13,Analysts/Institutional Investor Meet/Con. Call Updates,Kotak Mahindra Bank Limited has informed the Exchange about Schedule of meet
07-Nov-2025 18:06:08,General Updates,Kotak Mahindra Bank Limited has informed the Exchange about Response to Volume Movement Letter received from BSE Limited
07-Nov-2025 11:51:56,Analysts/Institutional Investor Meet/Con. Call Updates,Kotak Mahindra Bank Limited has informed the Exchange about Schedule of meet
06-Nov-2025 16:10:18,General Updates,Kotak Mahindra Bank Limited has informed the Exchange about Grant of Performance Linked Restricted Stock Units
01-Nov-2025 11:46:07,General Updates,Kotak Mahindra Bank Limited has informed the Exchange about Cessation of Ms. Shanti Ekambaram as a Director and the Deputy Managing Director and a Key Managerial Personnel
30-Oct-2025 17:38:20,Analysts/Institutional Investor Meet/Con. Call Updates,Kotak Mahindra Bank Limited has informed the Exchange about Transcript
29-Oct-2025 17:42:42,General Updates,"Kotak Mahindra Bank Limited has informed the Exchange about Intimation under Regulation 30 of the SEBI (Listing Obligations and Disclosure Requirements) Regulations, 2015   ESG Rating"
28-Oct-2025 19:13:33,Copy of Newspaper Publication,Kotak Mahindra Bank Limited has informed the Exchange about Copy of Newspaper Clipping - Special Window for Re-lodgement of Transfer Requests of Physical Shares of the Bank
25-Oct-2025 19:48:21,Analysts/Institutional Investor Meet/Con. Call Updates,Kotak Mahindra Bank Limited has informed the Exchange about Link of Recording
25-Oct-2025 16:13:53,General Updates,Kotak Mahindra Bank Limited has informed the Exchange about General Updates
25-Oct-2025 12:33:50,General Updates,Kotak Mahindra Bank Limited has informed the Exchange about Investor Presentation for the Earnings Conference Call on the Consolidated and Standalone Unaudited Financial Results of the Bank for the qu
25-Oct-2025 12:28:40,Press Release,"Kotak Mahindra Bank Limited has informed the Exchange regarding a press release dated October 25, 2025, titled ""Media Release on the Consolidated and Standalone Unaudited Financial Results of the Bank"
25-Oct-2025 12:23:29,Outcome of Board Meeting,"Kotak Mahindra Bank Limited has informed the Exchange regarding  Board meeting held on October 25, 2025."
25-Oct-2025 12:19:57,Outcome of Board Meeting,"Kotak Mahindra Bank Limited has submitted to the Exchange, the financial results for the period ended September 30, 2025."
20-Oct-2025 12:42:59,ESOP/ESOS/ESPS,Kotak Mahindra Bank Limited has informed the Exchange regarding Allotment of 37598  Shares.
20-Oct-2025 11:27:40,ESOP/ESOS/ESPS,Kotak Mahindra Bank Limited has informed the Exchange regarding Allotment of 37598  Shares.
15-Oct-2025 12:47:03,Analysts/Institutional Investor Meet/Con. Call Updates,Kotak Mahindra Bank Limited has informed the Exchange about Schedule of meet
14-Oct-2025 15:59:33,Copy of Newspaper Publication,Kotak Mahindra Bank Limited has informed the Exchange about Copy of Newspaper Clippings - Special Window for Relodgement of Transfer Requests of Physical Shares of the Bank
11-Oct-2025 23:02:32,General Updates,Update on Amalgamation of Sonata Finance Private Limited with BSS Microfinance Limited
04-Oct-2025 13:00:20,General Updates,Kotak Mahindra Bank Limited has informed the Exchange about General Updates
27-Sep-2025 18:30:51,ESOP/ESOS/ESPS,Kotak Mahindra Bank Limited has informed the Exchange regarding  of 101650  Options.
27-Sep-2025 17:33:04,General Updates,Kotak Mahindra Bank Limited has informed the Exchange about General Updates
27-Sep-2025 16:36:44,General Updates,Kotak Mahindra Bank Limited has informed the Exchange about Change in Senior Management Personnel
26-Sep-2025 16:04:20,Copy of Newspaper Publication,Kotak Mahindra Bank Limited has informed the Exchange about Newspaper Clipping - Special Window for Re-lodgement of Transfer Requests ofPhysical Shares of the Bank
18-Sep-2025 15:11:03,Analysts/Institutional Investor Meet/Con. Call Updates,Kotak Mahindra Bank Limited has informed the Exchange about Schedule of meet
16-Sep-2025 14:39:04,Analysts/Institutional Investor Meet/Con. Call Updates,Kotak Mahindra Bank Limited has informed the Exchange about Schedule of meet
12-Sep-2025 19:24:57,Analysts/Institutional Investor Meet/Con. Call Updates,Kotak Mahindra Bank Limited has informed the Exchange about Schedule of meet
11-Sep-2025 19:20:53,Analysts/Institutional Investor Meet/Con. Call Updates,Kotak Mahindra Bank Limited has informed the Exchange about Schedule of meet
11-Sep-2025 17:14:14,Copy of Newspaper Publication,Kotak Mahindra Bank Limited has informed the Exchange about Copy of Newspaper Clipping - Special Window for Re-lodgement of Transfer Requests of Physical Shares of the Bank
04-Sep-2025 18:24:48,Allotment of Securities,"Kotak Mahindra Bank Limited has informed the Exchange regarding allotment of 70056 securities pursuant to ESOP/ESPS at its meeting held on September 04, 2025"
01-Sep-2025 20:26:35,Appointment,"Pursuant to the provisions of Regulation 30 of the SEBI (Listing Obligations and Disclosure Requirements) Regulations, 2015 and in continuation to our earlier intimation dated May 31, 2025, we wish to"
29-Aug-2025 16:27:51,Analysts/Institutional Investor Meet/Con. Call Updates,Kotak Mahindra Bank Limited has informed the Exchange about Schedule of meet
26-Aug-2025 10:53:43,Analysts/Institutional Investor Meet/Con. Call Updates,Kotak Mahindra Bank Limited has informed the Exchange about Schedule of meet
25-Aug-2025 13:44:51,Copy of Newspaper Publication,Kotak Mahindra Bank Limited has informed the Exchange about Copy of Newspaper Publication
19-Aug-2025 16:20:17,General Updates,Kotak Mahindra Bank Limited has informed the Exchange about ESG rating
18-Aug-2025 14:20:52,Analysts/Institutional Investor Meet/Con. Call Updates,Kotak Mahindra Bank Limited has informed the Exchange about Schedule of meet
12-Aug-2025 18:19:04,Allotment of Securities,"Kotak Mahindra Bank Limited has informed the Exchange regarding allotment of 132524 securities pursuant to ESOP/ESPS at its meeting held on August 12, 2025"
11-Aug-2025 15:17:22,Copy of Newspaper Publication,Kotak Mahindra Bank Limited has informed the Exchange about Copy of Newspaper Clipping - Special Window for Re-lodgement of Transfer Requests ofPhysical Shares of the Bank
04-Aug-2025 19:41:14,General Updates,Kotak Mahindra Bank Limited has informed the Exchange about Scrutinizer's Report and Voting Results pursuant to Regulation 44(3) of the Securities and Exchange Board of India (Listing Obligations and 
02-Aug-2025 15:17:50,Shareholders meeting,"Kotak Mahindra Bank Limited has informed the Exchange regarding Proceedings of Annual General Meeting held on August 02, 2025"
02-Aug-2025 15:06:58,General Updates,Kotak Mahindra Bank Limited has informed the Exchange about Chairman s Speech at the Fortieth Annual General Meeting of the Members of Kotak Mahindra Bank Limited
01-Aug-2025 20:31:31,Analysts/Institutional Investor Meet/Con. Call Updates,Kotak Mahindra Bank Limited has informed the Exchange about Transcript
30-Jul-2025 15:59:01,Copy of Newspaper Publication,Kotak Mahindra Bank Limited has informed the Exchange about Copy of Newspaper Clipping - Special Window for Re-lodgement of Transfer Requests ofPhysical Shares of the Bank
28-Jul-2025 12:15:48,Copy of Newspaper Publication,"Kotak Mahindra Bank Limited has informed the Exchange about Newspaper Clippings - Consolidated and Standalone Unaudited Financial Resultsfor the quarter ended June 30, 2025"
26-Jul-2025 20:13:44,General Updates,Kotak Mahindra Bank Limited has informed the Exchange about Audio Recording of the Earnings Conference Call on the Consolidated and Standalone Unaudited Financial Results for the quarter ended June 30
26-Jul-2025 19:41:59,General Updates,Kotak Mahindra Bank Limited has informed the Exchange about General Updates
26-Jul-2025 13:17:02,General Updates,Kotak Mahindra Bank Limited has informed the Exchange about Investor Presentation for Earnings Conference Call on the Consolidated and Standalone Unaudited Financial Results of the Bank for the quarte
26-Jul-2025 13:14:54,General Updates,Kotak Mahindra Bank Limited has informed the Exchange about Media Release
26-Jul-2025 13:13:06,Outcome of Board Meeting,"Outcome of Board Meeting - Consolidated and Standalone Unaudited Financial Results of the Bank for the quarter ended June 30, 2025"
15-Jul-2025 16:11:21,General Updates,Kotak Mahindra Bank Limited has informed the Exchange about Change in Senior Management Personnel
11-Jul-2025 20:13:10,Analysts/Institutional Investor Meet/Con. Call Updates,Kotak Mahindra Bank Limited has informed the Exchange about Schedule of meet
11-Jul-2025 11:02:31,Allotment of Securities,"Kotak Mahindra Bank Limited has informed the Exchange regarding allotment of 69617 securities pursuant to ESOP/ESPS at its meeting held on July 11, 2025"
10-Jul-2025 18:27:08,Copy of Newspaper Publication,Kotak Mahindra Bank Limited has informed the Exchange about Copy of Newspaper Publication
09-Jul-2025 22:02:39,General Updates,Kotak Mahindra Bank Limited has informed the Exchange about Business Responsibility and Sustainability Report
09-Jul-2025 21:53:24,General Updates,Kotak Mahindra Bank Limited has informed the Exchange about Integrated Annual Report 2024-25 and the Notice convening the Annual General Meeting
09-Jul-2025 21:35:39,Shareholders meeting,Kotak Mahindra Bank Limited has informed the Exchange regarding Integrated Annual Report 2024-25 and the Notice convening the Annual General Meeting
09-Jul-2025 12:41:01,Copy of Newspaper Publication,Kotak Mahindra Bank Limited has informed the Exchange about Copy of Newspaper Publication
08-Jul-2025 13:39:17,General Updates,Kotak Mahindra Bank Limited has informed the Exchange about Intimation of the date of the Fortieth Annual General Meeting of Kotak Mahindra Bank Limited
08-Jul-2025 13:36:33,Record Date,Kotak Mahindra Bank Limited has informed the Exchange that Record date for the purpose of Dividend  is 18-Jul-2025.
07-Jul-2025 18:57:04,General Updates,"Kotak Mahindra Bank Limited has informed the Exchange about Intimation under Regulation 30 of the SEBI (Listing Obligations and Disclosure Requirements) Regulations, 2015"
02-Jul-2025 21:20:55,General Updates,Kotak Mahindra Bank Limited has informed the Exchange about General Updates
27-Jun-2025 17:50:02,Disclosure under SEBI Takeover Regulations," Uday Kotak has Submitted to the Exchange a copy of Disclosure under Regulation 31(4) of the Securities and Exchange Board of India (Substantial Acquisition of Shares and Takeovers) Regulations, 2011."
25-Jun-2025 18:30:00,General Updates,Kotak Mahindra Bank Limited has informed the Exchange about Upgrade in ESG Rating
24-Jun-2025 11:25:59,ESOP/ESOS/ESPS,Kotak Mahindra Bank Limited has informed the Exchange regarding Allotment of 43589  Shares.
23-Jun-2025 17:57:02,General Updates,Kotak Mahindra Bank Limited has informed the Exchange about General Updates
19-Jun-2025 21:04:34,Copy of Newspaper Publication,Kotak Mahindra Bank Limited has informed the Exchange about Copy of Newspaper Publication
18-Jun-2025 12:00:46,General Updates,Kotak Mahindra Bank Limited has informed the Exchange about ESG Rating
13-Jun-2025 14:51:39,Analysts/Institutional Investor Meet/Con. Call Updates,Kotak Mahindra Bank Limited has informed the Exchange about Schedule of meet
10-Jun-2025 10:08:20,Analysts/Institutional Investor Meet/Con. Call Updates,Kotak Mahindra Bank Limited has informed the Exchange about Schedule of meet
09-Jun-2025 15:11:46,General Updates,Kotak Mahindra Bank Limited has informed the Exchange about Change in Senior Management Personnel
31-May-2025 17:34:42,Press Release,"Kotak Mahindra Bank Limited has informed the Exchange regarding a press release dated May 31, 2025, titled ""Kotak Mahindra Bank announces leadership transition""."
31-May-2025 16:53:42,General Updates,Kotak Mahindra Bank Limited has informed the Exchange about Appointment of Secretarial Auditor
31-May-2025 16:44:11,General Updates,Kotak Mahindra Bank Limited has informed the Exchange about Change in Director / Key Managerial Personnel /Changes in Senior Management Personnel
27-May-2025 19:59:40,Analysts/Institutional Investor Meet/Con. Call Updates,Kotak Mahindra Bank Limited has informed the Exchange about Schedule of meet
27-May-2025 19:57:47,Analysts/Institutional Investor Meet/Con. Call Updates,Kotak Mahindra Bank Limited has informed the Exchange about Schedule of meet
22-May-2025 23:35:13,ESOP/ESOS/ESPS,Kotak Mahindra Bank Limited has informed the Exchange regarding Grant of 287820  Options.
22-May-2025 18:05:51,Analysts/Institutional Investor Meet/Con. Call Updates,Kotak Mahindra Bank Limited has informed the Exchange about Schedule of meet
15-May-2025 20:03:27,ESOP/ESOS/ESPS,Kotak Mahindra Bank Limited has informed the Exchange regarding Allotment of 26494  Shares.
08-May-2025 21:07:08,Analysts/Institutional Investor Meet/Con. Call Updates,Kotak Mahindra Bank Limited has informed the Exchange about Transcript
05-May-2025 13:14:05,Outcome of Board Meeting,"Kotak Mahindra Bank Limited has informed the Exchange regarding Outcome of Board Meeting held on May 03, 2025."
03-May-2025 23:07:50,General Updates,"Kotak Mahindra Bank Limited has informed the Exchange about Updated Investor Presentation in connection with the Audited Financial Results of the Bank for the financial year ended on March 31, 2025"
03-May-2025 20:44:23,General Updates,Kotak Mahindra Bank Limited has informed the Exchange about Audio Recording of the Earnings Conference Call on the Consolidated and Standalone Audited Financial Results for the financial year ended Ma
03-May-2025 17:28:54,General Updates,Kotak Mahindra Bank Limited has informed the Exchange about Updated list of Key Managerial Personnel for the purpose of determining materiality of events or information and for making disclosures to s
03-May-2025 14:38:53,General Updates,Kotak Mahindra Bank Limited has informed the Exchange about General Updates
03-May-2025 14:35:56,Related Party Transactions,Kotak Mahindra Bank Limited has informed the Exchange about related Party Transactions
03-May-2025 14:31:24,General Updates,Kotak Mahindra Bank Limited has informed the Exchange about General Updates
03-May-2025 14:25:30,General Updates,Kotak Mahindra Bank Limited has informed the Exchange about General Updates
03-May-2025 14:13:58,Press Release,"Kotak Mahindra Bank Limited has informed the Exchange regarding a press release dated May 03, 2025, titled ""Press release on Annual Financial Results is attached""."
03-May-2025 14:08:55,Dividend,"Kotak Mahindra Bank Limited has informed the Exchange that Board of Directors at its meeting held on May 03, 2025, recommended Final Dividend of 2.5 per equity share."
03-May-2025 14:04:10,Outcome of Board Meeting,"Kotak Mahindra Bank Limited has informed the Exchange regarding  Board meeting held on May 03, 2025."
02-May-2025 10:40:47,General Updates,Kotak Mahindra Bank Limited has informed the Exchange about General Updates
29-Apr-2025 19:28:43,General Updates,Kotak Mahindra Bank Limited has informed the Exchange about General Updates
25-Apr-2025 18:09:44,Analysts/Institutional Investor Meet/Con. Call Updates,Kotak Mahindra Bank Limited has informed the Exchange about Schedule of meet
25-Apr-2025 11:46:06,Analysts/Institutional Investor Meet/Con. Call Updates,Kotak Mahindra Bank Limited has informed the Exchange about Schedule of meet
17-Apr-2025 22:59:12,General Updates,Kotak Mahindra Bank Limited has informed the Exchange about General Updates
17-Apr-2025 10:33:56,ESOP/ESOS/ESPS,Kotak Mahindra Bank Limited has informed the Exchange regarding Allotment of 27240  Shares.
28-Mar-2025 10:19:46,General Updates,Kotak Mahindra Bank Limited has informed the Exchange about Grant of Employee Stock Options
23-Mar-2025 12:14:05,Analysts/Institutional Investor Meet/Con. Call Updates,Kotak Mahindra Bank Limited has informed the Exchange about Schedule of meet
22-Mar-2025 17:20:37,General Updates,Kotak Mahindra Bank Limited has informed the Exchange about General Updates
22-Mar-2025 17:12:13,General Updates,Kotak Mahindra Bank Limited has informed the Exchange about General Updates
22-Mar-2025 17:08:16,General Updates,Kotak Mahindra Bank Limited has informed the Exchange about General Updates
17-Mar-2025 20:30:13,Analysts/Institutional Investor Meet/Con. Call Updates,Kotak Mahindra Bank Limited has informed the Exchange about Schedule of meet
13-Mar-2025 19:21:17,Analysts/Institutional Investor Meet/Con. Call Updates,"Kotak Mahindra Bank Limited has informed the Exchange about Schedule of meet with the members of Asian Corporate Governance Association (ACGA) in Mumbai on March 19, 2025"
12-Mar-2025 11:57:05,Analysts/Institutional Investor Meet/Con. Call Updates,Kotak Mahindra Bank Limited has informed the Exchange about Schedule of meet
12-Mar-2025 11:54:10,Analysts/Institutional Investor Meet/Con. Call Updates,Kotak Mahindra Bank Limited has informed the Exchange about Schedule of meet
12-Mar-2025 11:44:04,Analysts/Institutional Investor Meet/Con. Call Updates,Kotak Mahindra Bank Limited has informed the Exchange about Schedule of meet
07-Mar-2025 10:13:49,Analysts/Institutional Investor Meet/Con. Call Updates,Kotak Mahindra Bank Limited has informed the Exchange about Schedule of meet
05-Mar-2025 16:05:18,ESOP/ESOS/ESPS,Kotak Mahindra Bank Limited has informed the Exchange regarding Allotment of 32838  Shares.
05-Mar-2025 15:24:06,General Updates,Kotak Mahindra Bank Limited has informed the Exchange about Grant of Employee Stock Options
28-Feb-2025 19:49:59,Analysts/Institutional Investor Meet/Con. Call Updates,Kotak Mahindra Bank Limited has informed the Exchange about Schedule of meet
21-Feb-2025 19:37:35,Updates,Kotak Mahindra Bank Limited has informed the Exchange regarding 'Adoption Of The Kotak Mahindra Performance Linked Restricted Stock Unit Scheme 2025'.
21-Feb-2025 12:44:13,Shareholders meeting,Kotak Mahindra Bank Limited has submitted the Exchange a copy of Srutinizers report of  Postal Ballot.
20-Feb-2025 17:26:19,Analysts/Institutional Investor Meet/Con. Call Updates,Kotak Mahindra Bank Limited has informed the Exchange about Schedule of meet
14-Feb-2025 18:00:52,Updates,Kotak Mahindra Bank Limited has informed the Exchange regarding 'Confirmation of Payment of Interest to the Bondholders under Reg 57(1) of SEBI LODR'.
12-Feb-2025 19:04:14,General Updates,Kotak Mahindra Bank Limited has informed the Exchange about General Updates on Removal of Supervisory Restrictions
11-Feb-2025 19:34:19,General Updates,Kotak Mahindra Bank Limited has informed the Exchange about General Updates - Appointment of Director / Key Managerial Personnel / Senior Management Personnel
10-Feb-2025 17:28:18,Analysts/Institutional Investor Meet/Con. Call Updates,Kotak Mahindra Bank Limited has informed the Exchange about Schedule of meet
10-Feb-2025 17:26:06,Analysts/Institutional Investor Meet/Con. Call Updates,Kotak Mahindra Bank Limited has informed the Exchange about Schedule of meet
10-Feb-2025 17:23:26,Analysts/Institutional Investor Meet/Con. Call Updates,Kotak Mahindra Bank Limited has informed the Exchange about Schedule of meet
07-Feb-2025 16:43:45,Analysts/Institutional Investor Meet/Con. Call Updates,Kotak Mahindra Bank Limited has informed the Exchange about Schedule of meet
05-Feb-2025 18:45:20,Analysts/Institutional Investor Meet/Con. Call Updates,Kotak Mahindra Bank Limited has informed the Exchange about Schedule of meet
29-Jan-2025 18:40:56,ESOP/ESOS/ESPS,Kotak Mahindra Bank Limited has informed the Exchange regarding Allotment of 16484  Shares.
24-Jan-2025 12:27:38,Integrated Filing- Financial,Integrated filing financial
23-Jan-2025 16:01:48,General Updates,Kotak Mahindra Bank Limited has informed the Exchange about Updates on Acquisition
22-Jan-2025 16:18:08,General Updates,Kotak Mahindra Bank Limited has informed the Exchange about Clippings of Notice published in Newspapers
22-Jan-2025 10:53:29,General Updates,Kotak Mahindra Bank Limited has informed the Exchange about Earnings Call Transcript
21-Jan-2025 17:05:05,Shareholders meeting,Kotak Mahindra Bank Limited has informed the Exchange regarding Notice of Postal Ballot
18-Jan-2025 19:04:11,Analysts/Institutional Investor Meet/Con. Call Updates,Kotak Mahindra Bank Limited has informed the Exchange about Link of Recording
18-Jan-2025 17:49:00,General Updates,Kotak Mahindra Bank Limited has informed the Exchange about Outcome of Board Meeting - Update on proposal for raising funds during FY 2025-26
18-Jan-2025 14:42:20,General Updates,Kotak Mahindra Bank Limited has informed the Exchange about Asset Cover
18-Jan-2025 13:17:10,General Updates,Kotak Mahindra Bank Limited has informed the Exchange about Investor Presentation
18-Jan-2025 13:11:18,Press Release,"Kotak Mahindra Bank Limited has informed the Exchange regarding a press release dated January 18, 2025, titled ""Media Release on the Consolidated and Standalone Unaudited Financial Results of the Bank"
18-Jan-2025 13:06:29,Financial Result Updates," Kotak Mahindra Bank Limited has submitted to the Exchange, the financial results for the period ended December 31, 2024."
18-Jan-2025 13:02:29,Outcome of Board Meeting,"Kotak Mahindra Bank Limited has informed the Exchange regarding  Board meeting held on January 18, 2025."
14-Jan-2025 18:42:41,General Updates,Kotak Mahindra Bank Limited has informed the Exchange about General Updates
14-Jan-2025 16:41:53,Analysts/Institutional Investor Meet/Con. Call Updates,Kotak Mahindra Bank Limited has informed the Exchange about Schedule of meet
03-Jan-2025 17:53:06,Updates,Kotak Mahindra Bank Limited has informed the Exchange regarding 'Change in Senior Management Personnel'.
20-Dec-2024 16:36:01,Copy of Newspaper Publication,Kotak Mahindra Bank Limited has informed the Exchange about Copy of Newspaper Publication
18-Dec-2024 18:04:37,ESOP/ESOS/ESPS,Kotak Mahindra Bank Limited has informed the Exchange regarding Allotment of 9521  Shares.
13-Dec-2024 21:15:47,General Updates,Kotak Mahindra Bank Limited has informed the Exchange about General Updates
13-Dec-2024 21:11:21,Analysts/Institutional Investor Meet/Con. Call Updates,Kotak Mahindra Bank Limited has informed the Exchange about Schedule of meet
09-Dec-2024 15:33:52,Issue of Duplicate Share Certificate,Kotak Mahindra Bank Limited has informed the Exchange about Issue of Duplicate Share Certificate
29-Nov-2024 18:33:28,General Updates,Kotak Mahindra Bank Limited has informed the Exchange about General Updates
27-Nov-2024 20:22:59,Analysts/Institutional Investor Meet/Con. Call Updates,Kotak Mahindra Bank Limited has informed the Exchange about Schedule of meet
27-Nov-2024 17:59:30,General Updates,Kotak Mahindra Bank Limited has informed the Exchange about General Updates
14-Nov-2024 18:41:17,Analysts/Institutional Investor Meet/Con. Call Updates,Kotak Mahindra Bank Limited has informed the Exchange about Schedule of meet
12-Nov-2024 20:00:28,Analysts/Institutional Investor Meet/Con. Call Updates,Kotak Mahindra Bank Limited has informed the Exchange about Schedule of meet
12-Nov-2024 20:00:28,Analysts/Institutional Investor Meet/Con. Call Updates,Kotak Mahindra Bank Limited has informed the Exchange about Schedule of meet
07-Nov-2024 18:58:05,Analysts/Institutional Investor Meet/Con. Call Updates,Kotak Mahindra Bank Limited has informed the Exchange about Schedule of meet
07-Nov-2024 18:50:08,Analysts/Institutional Investor Meet/Con. Call Updates,Kotak Mahindra Bank Limited has informed the Exchange about Schedule of meet
06-Nov-2024 14:49:28,Analysts/Institutional Investor Meet/Con. Call Updates,Kotak Mahindra Bank Limited has informed the Exchange about Schedule of meet
28-Oct-2024 18:55:47,Issue of Duplicate Share Certificate,Kotak Mahindra Bank Limited has informed the Exchange about Issue of Duplicate Share Certificate
24-Oct-2024 17:48:50,Analysts/Institutional Investor Meet/Con. Call Updates,Kotak Mahindra Bank Limited has informed the Exchange about Transcript
21-Oct-2024 14:43:37,Copy of Newspaper Publication,Kotak Mahindra Bank Limited has informed the Exchange about Copy of Newspaper Publication
19-Oct-2024 19:22:57,General Updates,Kotak Mahindra Bank Limited has informed the Exchange about Audio Recording of the Earnings Conference Call on the Consolidated and Standalone Unaudited Financial Results for the quarter ended Septemb
19-Oct-2024 13:03:25,Related Party Transactions,Kotak Mahindra Bank Limited has informed the Exchange about related Party Transactions
19-Oct-2024 12:25:51,General Updates,Kotak Mahindra Bank Limited has informed the Exchange about General Updates
19-Oct-2024 12:21:09,Outcome of Board Meeting,"Kotak Mahindra Bank Limited has informed the Exchange regarding  Board meeting held on October 19, 2024."
19-Oct-2024 12:19:02,Press Release,"Kotak Mahindra Bank Limited has informed the Exchange regarding a press release dated October 19, 2024, titled ""Kotak Mahindra Bank Consolidated PAT for Q2FY25 &#8377; 5,044 crore, up 13% YoY Standalo"
19-Oct-2024 12:13:14,Financial Result Updates," Kotak Mahindra Bank Limited has submitted to the Exchange, the financial results for the period ended September 30, 2024."
18-Oct-2024 16:00:03,Press Release,"Kotak Mahindra Bank Limited has informed the Exchange regarding a press release dated October 18, 2024, titled ""Kotak Mahindra Bank to Acquire Standard Chartered Bank, India s Personal Loan Book""."
18-Oct-2024 15:58:04,General Updates,Kotak Mahindra Bank Limited has informed the Exchange about General Updates
18-Oct-2024 10:58:09,Updates,"Kotak Mahindra Bank Limited has informed the Exchange regarding 'Statement of Investor Grievance Redressal for the quarter ended September 30, 2024'."
15-Oct-2024 14:23:01,Updates,"Kotak Mahindra Bank Limited has informed the Exchange regarding ' Half-yearly Statement of Debt Securities as on September 30, 2024'."
14-Oct-2024 18:46:29,Analysts/Institutional Investor Meet/Con. Call Updates,Kotak Mahindra Bank Limited has informed the Exchange about Schedule of meet
11-Oct-2024 16:52:50,Issue of Duplicate Share Certificate,Kotak Mahindra Bank Limited has informed the Exchange about Issue of Duplicate Share Certificate
01-Oct-2024 17:53:01,ESOP/ESOS/ESPS,Kotak Mahindra Bank Limited has informed the Exchange regarding Allotment of 44138  Shares.
23-Sep-2024 18:04:20,Issue of Duplicate Share Certificate,Kotak Mahindra Bank Limited has informed the Exchange about Issue of Duplicate Share Certificate
19-Sep-2024 11:17:11,Analysts/Institutional Investor Meet/Con. Call Updates,Kotak Mahindra Bank Limited has informed the Exchange about Schedule of meet
17-Sep-2024 16:07:57,Copy of Newspaper Publication,Kotak Mahindra Bank Limited has informed the Exchange about Copy of Newspaper Publication
16-Sep-2024 12:58:37,Change in Director(s),Kotak Mahindra Bank Limited has informed the Exchange regarding Change in Director(s) of the company.
12-Sep-2024 16:16:07,Updates,Kotak Mahindra Bank Limited has informed the Exchange regarding 'Appointment of Director / Key Managerial Personnel / Senior Management Personnel'.
12-Sep-2024 16:11:35,Change in Director(s),Kotak Mahindra Bank Limited has informed the Exchange regarding Change in Director(s) of the company.
12-Sep-2024 15:11:15,Analysts/Institutional Investor Meet/Con. Call Updates,Kotak Mahindra Bank Limited has informed the Exchange about Schedule of meet
12-Sep-2024 15:00:06,Updates,Kotak Mahindra Bank Limited has informed the Exchange regarding 'Business Responsibility and Sustainability Report for FY 2023-24'.
09-Sep-2024 19:01:04,Analysts/Institutional Investor Meet/Con. Call Updates,Kotak Mahindra Bank Limited has informed the Exchange about Schedule of meet
29-Aug-2024 23:09:05,Updates,"Kotak Mahindra Bank Limited has informed the Exchange regarding 'Intimation under Regulation 30 of the SEBI (Listing Obligations and Disclosure Requirements) Regulations, 2015 '."
29-Aug-2024 18:02:33,Analysts/Institutional Investor Meet/Con. Call Updates,Kotak Mahindra Bank Limited has informed the Exchange about Schedule of meet
28-Aug-2024 23:06:12,Updates,"Kotak Mahindra Bank Limited has informed the Exchange regarding 'Intimation under Regulation 30 of the SEBI (Listing Obligations and Disclosure Requirements) Regulations, 2015 '."
27-Aug-2024 22:52:43,Updates,"Kotak Mahindra Bank Limited has informed the Exchange regarding 'Intimation under Regulation 30 of the SEBI (Listing Obligations and Disclosure Requirements) Regulations, 2015 '."
22-Aug-2024 21:05:28,Updates,"Kotak Mahindra Bank Limited has informed the Exchange regarding 'Intimation under Regulation 30 of the SEBI (Listing Obligations and Disclosure Requirements) Regulations, 2015'."
19-Aug-2024 16:37:22,Updates,Kotak Mahindra Bank Limited has informed the Exchange regarding 'Issuance of letter of confirmation for duplicate shares'.
17-Aug-2024 23:34:17,Updates,"Kotak Mahindra Bank Limited has informed the Exchange regarding 'Intimation under Regulation 30 of the SEBI (Listing Obligations and Disclosure Requirements) Regulations, 2015 '."
16-Aug-2024 20:29:04,Updates,"Kotak Mahindra Bank Limited has informed the Exchange regarding 'Intimation under Regulation 30 of the SEBI (Listing Obligations and Disclosure Requirements) Regulations, 2015'."
14-Aug-2024 23:12:39,Updates,"Kotak Mahindra Bank Limited has informed the Exchange regarding 'Intimation under Regulation 30 of the SEBI (Listing Obligations and Disclosure Requirements) Regulations, 2015 '."
13-Aug-2024 18:29:20,Analysts/Institutional Investor Meet/Con. Call Updates,Kotak Mahindra Bank Limited has informed the Exchange about Schedule of meet
12-Aug-2024 18:42:07,Updates,"Kotak Mahindra Bank Limited has informed the Exchange regarding 'Scheme of Amalgamation of Sonata Finance Private Limited with BSS Microfinance Limited, both, wholly-owned subsidiaries of the Bank'."
09-Aug-2024 20:02:03,Acquisition,Kotak Mahindra Bank Limited has informed the Exchange about Acquisition
09-Aug-2024 16:06:34,Copy of Newspaper Publication,Kotak Mahindra Bank Limited has informed the Exchange about Copy of Newspaper Publication
05-Aug-2024 18:02:40,Shareholders meeting,"Kotak Mahindra Bank Limited has submitted the Exchange a copy Srutinizers report of  Annual General Meeting held on August 03, 2024. Further, the company has informed the Exchange regarding voting res"
03-Aug-2024 17:50:43,Shareholders meeting,Kotak Mahindra Bank Limited has informed the Exchange about Shareholders meeting
03-Aug-2024 13:35:35,Updates,Kotak Mahindra Bank Limited has informed the Exchange regarding 'Chairman s Speech at the Thirty-Ninth Annual General Meeting of the Members of Kotak Mahindra Bank Limited '.
26-Jul-2024 18:07:51,Analysts/Institutional Investor Meet/Con. Call Updates,Kotak Mahindra Bank Limited has informed the Exchange about Transcript
25-Jul-2024 17:37:41,Copy of Newspaper Publication,Kotak Mahindra Bank Limited has informed the Exchange about Copy of Newspaper Publication
24-Jul-2024 16:05:54,Updates,Kotak Mahindra Bank Limited has informed the Exchange regarding 'Issuance of letter of confirmation for duplicate shares'.
24-Jul-2024 13:57:12,Updates,Kotak Mahindra Bank Limited has informed the Exchange regarding 'Change in Senior Management of the Bank'.
22-Jul-2024 15:33:51,Copy of Newspaper Publication,Kotak Mahindra Bank Limited has informed the Exchange about Copy of Newspaper Publication
20-Jul-2024 19:27:59,Updates,Kotak Mahindra Bank Limited has informed the Exchange regarding 'Audio Recording of the Earnings Conference Call on the Consolidated and Standalone Unaudited Financial Results for the quarter ended Ju
20-Jul-2024 13:44:13,Investor Presentation,Kotak Mahindra Bank Limited has informed the Exchange about Investor Presentation
20-Jul-2024 13:42:00,Press Release,"Kotak Mahindra Bank Limited has informed the Exchange regarding a press release dated July 20, 2024, titled ""Kotak Mahindra Bank Announces Results""."
20-Jul-2024 13:31:41,Updates,"Kotak Mahindra Bank Limited has informed the Exchange regarding 'Outcome of Board Meeting - Consolidated and Standalone Unaudited Financial Results for the quarter ended June 30, 2024'."
20-Jul-2024 13:27:46,Financial Result Updates,"Kotak Mahindra Bank Limited has submitted to the Exchange, the financial results for the period ended June 30, 2024."
19-Jul-2024 12:25:30,Updates,"Kotak Mahindra Bank Limited has informed the Exchange regarding 'Statement of Investor Grievance Redressal for the quarter ended June 30, 2024'."
16-Jul-2024 15:46:49,ESOP/ESOS/ESPS,Kotak Mahindra Bank Limited has informed the Exchange regarding Allotment of 168714  Shares.
14-Jul-2024 18:37:14,Updates,"We refer to the Integrated Annual Report 2023-24 filed by the Bank with the stock exchanges on July 12, 2024 and observe a typographic error in the details of remuneration paid to the Executive Direct"
13-Jul-2024 19:19:50,Copy of Newspaper Publication,Kotak Mahindra Bank Limited has informed the Exchange about Copy of Newspaper Publication
12-Jul-2024 21:20:36,Shareholders meeting,"Kotak Mahindra Bank Limited has informed the Exchange regarding Notice of Annual General Meeting to be held on August 03, 2024"
12-Jul-2024 13:09:30,Copy of Newspaper Publication,Kotak Mahindra Bank Limited has informed the Exchange about Copy of Newspaper Publication
12-Jul-2024 12:44:39,Analysts/Institutional Investor Meet/Con. Call Updates,Kotak Mahindra Bank Limited has informed the Exchange about Schedule of meet
08-Jul-2024 20:57:17,Updates,Kotak Mahindra Bank Limited has informed the Exchange regarding 'Intimation of the date of the Thirty-Ninth Annual General Meeting of Kotak Mahindra Bank Limited and the Record Date for the purpose of
08-Jul-2024 20:41:25,Record Date,Kotak Mahindra Bank Limited has informed the Exchange that Record date for the purpose of Dividend  is 19-Jul-2024.
03-Jul-2024 09:56:41,News Verification,The Exchange has sought clarification from Kotak Mahindra Bank Limited with respect to recent news item captioned Kotak twist to Adani- Hindenburg drama: Here's how US short seller responded to Sebi s
02-Jul-2024 18:39:26,Updates,Clarification to the Stock Exchanges regarding public statements made by Hindenburg Research LLC
02-Jul-2024 15:11:14,News Verification,The Exchange has sought clarification from Kotak Mahindra Bank Limited with respect to recent news item captioned Kotak twist to Adani- Hindenburg drama: Here's how US short seller responded to Sebi s
29-Jun-2024 17:46:24,Copy of Newspaper Publication,Kotak Mahindra Bank Limited has informed the Exchange about Copy of Newspaper Publication
22-Jun-2024 16:38:30,Copy of Newspaper Publication,Kotak Mahindra Bank Limited has informed the Exchange about Copy of Newspaper Publication
22-Jun-2024 13:34:48,Copy of Newspaper Publication,Kotak Mahindra Bank Limited has informed the Exchange about Copy of Newspaper Publication
19-Jun-2024 13:54:59,Updates,Kotak Mahindra Bank Limited has informed the Exchange regarding 'issuance of letter of confirmation for duplicate shares'.
18-Jun-2024 23:14:59,Updates,Kotak Mahindra Bank Limited has informed the Exchange regarding 'Update on the proposed acquisition of shares of Kotak Mahindra General Insurance Company Limited by Zurich Insurance Company Ltd'.
13-Jun-2024 16:36:14,Copy of Newspaper Publication,Kotak Mahindra Bank Limited has informed the Exchange about Copy of Newspaper Publication
13-Jun-2024 16:25:09,Analysts/Institutional Investor Meet/Con. Call Updates,Kotak Mahindra Bank Limited has informed the Exchange about Schedule of meet
10-Jun-2024 16:47:19,Analysts/Institutional Investor Meet/Con. Call Updates,Kotak Mahindra Bank Limited has informed the Exchange about Schedule of meet
07-Jun-2024 20:04:48,Copy of Newspaper Publication,Kotak Mahindra Bank Limited has informed the Exchange about Copy of Newspaper Publication
05-Jun-2024 18:34:58,Analysts/Institutional Investor Meet/Con. Call Updates,Kotak Mahindra Bank Limited has informed the Exchange about Schedule of meet
05-Jun-2024 11:17:00,Updates,"We refer to our disclosures dated November 2, 2023 and February 23, 2024 in relation to the proposed acquisition of 70% shareholding in Kotak Mahindra General Insurance Company Limited ( Kotak General"
31-May-2024 11:46:34,ESOP/ESOS/ESPS,Kotak Mahindra Bank Limited has informed the Exchange regarding Allotment of 20116  Shares.
30-May-2024 18:23:03,Analysts/Institutional Investor Meet/Con. Call Updates,Kotak Mahindra Bank Limited has informed the Exchange about Schedule of meet
27-May-2024 17:04:17,Analysts/Institutional Investor Meet/Con. Call Updates,Kotak Mahindra Bank Limited has informed the Exchange about Schedule of meet
27-May-2024 11:43:46,Disclosure under SEBI Takeover Regulations,"Uday Suresh Kotak has Submitted to the Exchange a copy of Disclosure under Regulation 31(4) of the Securities and Exchange Board of India (Substantial Acquisition of Shares and Takeovers) Regulations,"
27-May-2024 11:42:21,Disclosure under SEBI Takeover Regulations,"Uday Suresh Kotak has Submitted to the Exchange a copy of Disclosure under Regulation 31(4) of the Securities and Exchange Board of India (Substantial Acquisition of Shares and Takeovers) Regulations,"
24-May-2024 19:18:55,Updates,Kotak Mahindra Bank Limited has informed the Exchange regarding 'Intimation of issuance of letter of confirmation for duplicate shares'.
21-May-2024 17:37:47,Analysts/Institutional Investor Meet/Con. Call Updates,Kotak Mahindra Bank Limited has informed the Exchange about Schedule of meet
20-May-2024 19:34:09,Copy of Newspaper Publication,Kotak Mahindra Bank Limited has informed the Exchange about Copy of Newspaper Publication
18-May-2024 20:47:21,ESOP/ESOS/ESPS,Kotak Mahindra Bank Limited has informed the Exchange regarding Grant of 1637220  Options.
18-May-2024 19:04:21,Change in Director(s),Kotak Mahindra Bank Limited has informed the Exchange regarding Change in Director(s) of the company.
18-May-2024 15:40:36,Copy of Newspaper Publication,Kotak Mahindra Bank Limited has informed the Exchange about Copy of Newspaper Publication
10-May-2024 17:59:16,Copy of Newspaper Publication,Kotak Mahindra Bank Limited has informed the Exchange about Copy of Newspaper Publication
10-May-2024 13:11:20,Analysts/Institutional Investor Meet/Con. Call Updates,Kotak Mahindra Bank Limited has informed the Exchange about Schedule of meet
09-May-2024 19:14:10,Analysts/Institutional Investor Meet/Con. Call Updates,"Kotak Mahindra Bank Limited has informed the Exchange about Transcript of Earnings conference call on the Results for the financial year ended March 31, 2024"
06-May-2024 18:29:56,Updates,Kotak Mahindra Bank Limited has informed the Exchange regarding 'Intimation of issuance of letter of confirmation for duplicate shares'.
06-May-2024 15:31:11,Copy of Newspaper Publication,"Kotak Mahindra Bank Limited has informed the Exchange about Copy of Newspaper Publication - Financial Results for the quarter and financial year ended March 31, 2024"
04-May-2024 19:46:17,Updates,Kotak Mahindra Bank Limited has informed the Exchange regarding 'Audio Recording of the Earnings Conference Call on the Consolidated and Standalone Audited Financial Results for the financial year end
04-May-2024 15:19:20,Updates,Kotak Mahindra Bank Limited has informed the Exchange regarding 'Updated list of Key Managerial Personnel for the purpose of determining materiality of events or information and for making disclosures
04-May-2024 12:58:10,Statement of deviation(s) or variation(s) under Reg. 32,Kotak Mahindra Bank Limited has informed the Exchange about statement of deviation(s) or variation(s) under Reg. 32
04-May-2024 12:53:31,Investor Presentation,Kotak Mahindra Bank Limited has informed the Exchange about Investor Presentation
04-May-2024 12:40:23,Related Party Transactions,Kotak Mahindra Bank Limited has informed the Exchange about related Party Transactions
04-May-2024 12:38:31,Updates,Kotak Mahindra Bank Limited has informed the Exchange regarding 'Investor Presentation of the Earnings Conference Call on the Consolidated and Standalone Audited Financial Results of the Bank for the 
04-May-2024 12:35:06,Press Release,"Kotak Mahindra Bank Limited has informed the Exchange regarding a press release dated May 04, 2024, titled ""Media Release on the Consolidated and Standalone Audited Financial Results ofthe Bank for th"
04-May-2024 12:29:59,Dividend,"Kotak Mahindra Bank Limited has informed the Exchange that Board of Directors at its meeting held on May 04, 2024, recommended Final Dividend of Rs. 2 per equity share."
04-May-2024 12:27:30,Financial Result Updates,"Kotak Mahindra Bank Limited has submitted to the Exchange, the financial results for the period ended March 31, 2024."
01-May-2024 09:49:11,Change in Director(s),Kotak Mahindra Bank Limited has informed the Exchange regarding Change in Director(s) of the company.
30-Apr-2024 20:39:16,Change in Director(s),Kotak Mahindra Bank Limited has informed the Exchange regarding Change in Director(s) of the company.
29-Apr-2024 19:49:15,Updates,"Kotak Mahindra Bank Limited has informed the Exchange regarding 'Intimation under Regulation 30 of the SEBI (Listing Obligations and Disclosure Requirements) Regulations, 2015'."
29-Apr-2024 13:55:43,Allotment of Securities,"Kotak Mahindra Bank Limited has informed the Exchange regarding allotment of 10284 securities pursuant to ESOP/ESPS at its meeting held on April 29, 2024"
24-Apr-2024 20:47:58,Updates,"Kotak Mahindra Bank Limited has informed the Exchange regarding 'Intimation under Regulation 30 of the SEBI (Listing Obligations and Disclosure Requirements) Regulations, 2015 - Supervisory Action aga"
24-Apr-2024 17:35:53,Analysts/Institutional Investor Meet/Con. Call Updates,Kotak Mahindra Bank Limited has informed the Exchange about Schedule of meet
24-Apr-2024 16:33:56,Analysts/Institutional Investor Meet/Con. Call Updates,Kotak Mahindra Bank Limited has informed the Exchange about Schedule of meet
19-Apr-2024 18:19:35,Updates,"Kotak Mahindra Bank Limited has informed the Exchange regarding 'Statement of Investor Grievance Redressal for the quarter ended March 31, 2024'."
19-Apr-2024 15:22:14,Updates,"Kotak Mahindra Bank Limited has informed the Exchange regarding 'Intimation under Regulation 30 of the SEBI (Listing Obligations and Disclosure Requirements) Regulations, 2015 '."
13-Apr-2024 23:28:22,Copy of Newspaper Publication,Kotak Mahindra Bank Limited has informed the Exchange about Copy of Newspaper Publication
05-Apr-2024 20:16:55,Updates,Kotak Mahindra Bank Limited has informed the Exchange regarding 'Intimation of issuance of letter of confirmation for duplicate shares'.
01-Apr-2024 16:16:33,Updates,Kotak Mahindra Bank Limited has informed the Exchange regarding 'Updated list of Key Managerial Personnel for the purpose of determining materiality of events or information and for making disclosures
28-Mar-2024 12:30:44,Updates,Kotak Mahindra Bank Limited has informed the Exchange regarding 'Intimation under Regulation 30'.
21-Mar-2024 19:31:24,Copy of Newspaper Publication,Kotak Mahindra Bank Limited has informed the Exchange about Copy of Newspaper Publication
20-Mar-2024 15:51:27,Updates,Kotak Mahindra Bank Limited has informed the Exchange regarding 'Intimation of issuance of letter of confirmation for duplicate shares'.
20-Mar-2024 12:46:09,Updates,"Kotak Mahindra Bank Limited has informed the Exchange regarding 'Disclosure under Regulation 30 of the SEBI (Listing Obligations and Disclosure Requirements) Regulations, 2015   Updates'."
20-Mar-2024 10:26:24,Updates,"Kotak Mahindra Bank Limited has informed the Exchange regarding 'Intimation under Regulation 30 of the SEBI (Listing Obligations and Disclosure Requirements) Regulations, 2015'."
19-Mar-2024 18:35:22,Analysts/Institutional Investor Meet/Con. Call Updates,Kotak Mahindra Bank Limited has informed the Exchange about Schedule of meet
15-Mar-2024 16:06:25,Updates,"Kotak Mahindra Bank Limited has informed the Exchange regarding 'Regulation 47 of the Securities and Exchange Board of India (Listing Obligations and Disclosure Requirements) Regulations, 2015'."
15-Mar-2024 11:21:54,Updates,"Kotak Mahindra Bank Limited has informed the Exchange regarding 'Intimation under Regulation 30 of the SEBI (Listing Obligations and Disclosure Requirements) Regulations, 2015   Change in Senior Manag"
14-Mar-2024 15:37:49,Updates,Kotak Mahindra Bank Limited has informed the Exchange regarding 'Analyst/ Institutional Investor Meeting at BofA India Financials Trip in Mumbai - Update'.
14-Mar-2024 12:17:05,Shareholders meeting,"Kotak Mahindra Bank Limited has submitted the Exchange a copy Srutinizers report of  Postal Ballot. Further, the company has informed the Exchange regarding voting results."
13-Mar-2024 13:38:49,Updates,"Kotak Mahindra Bank Limited has informed the Exchange regarding '(i) payment of Call Option Price on exercise of Call Option on 100,00,00,000 nos. of 8.10% Perpetual Non-Cumulative Preference Shares ("
12-Mar-2024 19:44:06,Updates,"Kotak Mahindra Bank Limited has informed the Exchange regarding 'Intimation under Regulation 30 of the SEBI (Listing Obligations and Disclosure Requirements) Regulations, 2015 '."
11-Mar-2024 14:25:46,Allotment of Securities,"Kotak Mahindra Bank Limited has informed the Exchange regarding allotment of 25944 securities pursuant to ESOP/ESPS at its meeting held on March 11, 2024"
07-Mar-2024 12:14:18,Analysts/Institutional Investor Meet/Con. Call Updates,Kotak Mahindra Bank Limited has informed the Exchange about Schedule of meet
07-Mar-2024 12:10:30,Analysts/Institutional Investor Meet/Con. Call Updates,Kotak Mahindra Bank Limited has informed the Exchange about Schedule of meet
05-Mar-2024 16:10:14,Analysts/Institutional Investor Meet/Con. Call Updates,Kotak Mahindra Bank Limited has informed the Exchange about Schedule of meet
05-Mar-2024 16:08:19,Analysts/Institutional Investor Meet/Con. Call Updates,Kotak Mahindra Bank Limited has informed the Exchange about Schedule of meet
05-Mar-2024 16:07:01,Analysts/Institutional Investor Meet/Con. Call Updates,Kotak Mahindra Bank Limited has informed the Exchange about Schedule of meet
01-Mar-2024 16:22:43,Copy of Newspaper Publication,Kotak Mahindra Bank Limited has informed the Exchange about Copy of Newspaper Publication
23-Feb-2024 19:30:55,Updates,Kotak Mahindra Bank Limited has informed the Exchange regarding 'Update on the proposed acquisition of shares of Kotak Mahindra General Insurance Company Limited by Zurich Insurance Company Ltd'.
23-Feb-2024 16:59:55,Copy of Newspaper Publication,Kotak Mahindra Bank Limited has informed the Exchange about Copy of Newspaper Publication
22-Feb-2024 18:37:33,Updates,Kotak Mahindra Bank Limited has informed the Exchange regarding 'Intimation of issuance of letter of confirmation for duplicate shares'.
22-Feb-2024 15:54:23,Updates,Kotak Mahindra Bank Limited has informed the Exchange regarding 'Notice to the holders of 8.10% Perpetual Non-Cumulative Preference Shares (ISIN: INE237A04014)'.
22-Feb-2024 11:24:02,Dividend,"Kotak Mahindra Bank Limited has informed the Exchange that Board of Directors at its meeting held on February 22, 2024, recommended Final Dividend of Rs. 0.405 per equity share."
19-Feb-2024 17:13:24,Updates,"With reference to the captioned subject, we wish to inform you of the following changes in the Key Managerial Personnel / Senior Management of the Bank:1. Re-designation of Mr. K.V.S. Manian, currentl"
16-Feb-2024 19:06:25,Updates,Kotak Mahindra Bank Limited has informed the Exchange regarding 'Disclosure post listing of Debt Securities'.
16-Feb-2024 11:13:05,Copy of Newspaper Publication,Kotak Mahindra Bank Limited has informed the Exchange about Copy of Newspaper Publication
14-Feb-2024 18:46:15,Analysts/Institutional Investor Meet/Con. Call Updates,Kotak Mahindra Bank Limited has informed the Exchange about Schedule of meet
14-Feb-2024 14:43:07,Allotment of Securities,"Kotak Mahindra Bank Limited has informed the Exchange regarding allotment of 100000 securities pursuant to Non Convertible Securities at its meeting held on February 14, 2024"
12-Feb-2024 19:01:54,Copy of Newspaper Publication,Kotak Mahindra Bank Limited has informed the Exchange about Copy of Newspaper Publication
10-Feb-2024 16:17:56,Shareholders meeting,"In terms of Regulation 30 of the SEBI (Listing Obligations and Disclosure Requirements) Regulations, 2015 ( SEBI Listing Regulations ), we attach herewith a copy of the Postal Ballot Notice dated Febr"
08-Feb-2024 18:08:25,Analysts/Institutional Investor Meet/Con. Call Updates,Kotak Mahindra Bank Limited has informed the Exchange about Schedule of meet
08-Feb-2024 17:59:35,Analysts/Institutional Investor Meet/Con. Call Updates,Kotak Mahindra Bank Limited has informed the Exchange about Schedule of meet
08-Feb-2024 17:45:51,Analysts/Institutional Investor Meet/Con. Call Updates,Kotak Mahindra Bank Limited has informed the Exchange about Schedule of meet
06-Feb-2024 15:30:41,Updates,Kotak Mahindra Bank Limited has informed the Exchange regarding 'Intimation of loss of share certificates and effecting issue of duplicate share certificates   through  Letter of Confirmation '.
05-Feb-2024 12:05:30,ESOP/ESOS/ESPS,Kotak Mahindra Bank Limited has informed the Exchange regarding Grant of 108417  Options.
02-Feb-2024 16:39:00,Copy of Newspaper Publication,Kotak Mahindra Bank Limited has informed the Exchange about Copy of Newspaper Publication
31-Jan-2024 11:25:42,ESOP/ESOS/ESPS,Kotak Mahindra Bank Limited has informed the Exchange regarding Allotment of 242656  Shares.
25-Jan-2024 12:54:34,Analysts/Institutional Investor Meet/Con. Call Updates,Kotak Mahindra Bank Limited has informed the Exchange about Transcript
21-Jan-2024 22:24:42,Copy of Newspaper Publication,Kotak Mahindra Bank Limited has informed the Exchange about Copy of Newspaper Publication
20-Jan-2024 20:01:09,Analysts/Institutional Investor Meet/Con. Call Updates,Kotak Mahindra Bank Limited has informed the Exchange about Link of Recording
20-Jan-2024 16:05:53,Updates,"Pursuant to Regulation 30 and Regulation 51 of the Securities and Exchange Board of India (Listing Obligations and Disclosure Requirements) Regulations, 2015 (""Listing Regulations""), this is to inform"
20-Jan-2024 13:27:22,Appointment,"Kotak Mahindra Bank Limited has informed the Exchange regarding Appointment of Mr Uday Shankar as Independent Director of the company w.e.f. March 16, 2024."
20-Jan-2024 13:13:57,Investor Presentation,Kotak Mahindra Bank Limited has informed the Exchange about Investor Presentation
20-Jan-2024 12:43:34,Updates,"Kotak Mahindra Bank Limited has informed the Exchange regarding 'Earnings Update - Q and 9M ended December 31, 2023'."
20-Jan-2024 12:40:12,Press Release,"Kotak Mahindra Bank Limited has informed the Exchange regarding a press release dated 0 , , titled ""Press Release on Unaudited Financial Results for Q and 9M ended 31st Dec'23""."
20-Jan-2024 12:35:25,Updates,"Kotak Mahindra Bank Limited has informed the Exchange regarding 'Unaudited Financial Results for Q and 9M ended December 31, 2023'."
20-Jan-2024 12:28:21,Financial Result Updates,"Kotak Mahindra Bank Limited has submitted to the Exchange, the financial results for the period ended December 31, 2023."
18-Jan-2024 17:22:48,Updates,Kotak Mahindra Bank Limited has informed the Exchange regarding 'Intimation of loss of share certificates and effecting issue of duplicate share certificates through  Letter of Confirmation  '.
16-Jan-2024 10:43:56,Analysts/Institutional Investor Meet/Con. Call Updates,Kotak Mahindra Bank Limited has informed the Exchange about Schedule of meet
13-Jan-2024 19:42:11,Updates,"Kotak Mahindra Bank Limited has informed the Exchange regarding 'Statement of Investor Grievance Redressal for the quarter ended                December 31, 2023'."
05-Jan-2024 19:49:06,Updates,Kotak Mahindra Bank Limited has informed the Exchange regarding 'Intimation of loss of share certificates and effecting issue of duplicate share certificatesthrough  Letter of Confirmation '.
05-Jan-2024 16:20:34,Copy of Newspaper Publication,"Clippings of advertisement in Newspapers Ref: Regulation 47 of the Securities and Exchange Board of India (Listing Obligations and Disclosure Requirements) Regulations, 2015"
01-Jan-2024 13:18:33,Updates,Kotak Mahindra Bank Limited has informed the Exchange regarding 'Updated list of Key Managerial Personnel for the purpose of determining materiality of events or information and for making disclosures
01-Jan-2024 13:08:24,Updates,We refer to our various disclosures filed with the stock exchanges and wish to apprise you of the following changes in the composition of the Board of Directors of the Bank which have taken effect:1. 
31-Dec-2023 12:15:04,Updates,"With reference to the captioned subject, we wish to inform you that the Bank has noticed on                           December 30, 2023, a demand order from the State Tax Officer, Tax Payer Services C"
28-Dec-2023 17:55:47,ESOP/ESOS/ESPS,Kotak Mahindra Bank Limited has informed the Exchange regarding Allotment of 120557  Shares.
28-Dec-2023 10:45:29,Updates,"Intimation under Regulation 30 of the SEBI (Listing Obligations and Disclosure Requirements) Regulations, 2015"
27-Dec-2023 16:11:27,Press Release,"Kotak Mahindra Bank Limited has informed the Exchange regarding a press release dated December 27, 2023, titled ""Kotak Mahindra Bank to Appoint Mr. C S Rajan, as Part-Time Chairman""."
27-Dec-2023 15:41:48,Updates,"Pursuant to Regulation 30 of the Securities and Exchange Board of India (Listing Obligations and Disclosure Requirements) Regulations, 2015 (""Listing Regulations""), we wish to inform you that, based o"
24-Dec-2023 13:44:09,Updates,Kotak Mahindra Bank Limited has informed the Exchange regarding 'Postal Ballot - Outcome'.
24-Dec-2023 13:29:43,Shareholders meeting,"Kotak Mahindra Bank Limited has submitted the Exchange a copy Scrutinizer's report of  Postal Ballot. Further, the company has informed the Exchange regarding voting results."
18-Dec-2023 13:19:10,Change in Director(s),Kotak Mahindra Bank Limited has informed the Exchange regarding Change in Director(s) of the company.
14-Dec-2023 20:32:52,Copy of Newspaper Publication,"Pursuant to Regulation 47 of the Securities and Exchange Board of India (Listing Obligations and Disclosure Requirements) Regulations, 2015, we enclose a copy of the Notice published by Kotak Mahindra"
08-Dec-2023 17:56:59,Copy of Newspaper Publication,Kotak Mahindra Bank Limited has informed the Exchange about Copy of Newspaper Publication
06-Dec-2023 14:54:18,Updates,Kotak Mahindra Bank Limited has informed the Exchange regarding 'Issue of letter of confirmation'.
01-Dec-2023 12:32:10,Copy of Newspaper Publication,Kotak Mahindra Bank Limited has informed the Exchange about Copy of Newspaper Publication
30-Nov-2023 16:42:34,Analysts/Institutional Investor Meet/Con. Call Updates,Kotak Mahindra Bank Limited has informed the Exchange about
23-Nov-2023 22:08:27,Copy of Newspaper Publication,"Pursuant to Regulation 47 of the Securities and Exchange Board of India (Listing Obligations and Disclosure Requirements) Regulations, 2015, we enclose a copy of the Notice published by Kotak Mahindra"
22-Nov-2023 18:41:29,Updates,Kotak Mahindra Bank Limited has informed the Exchange regarding 'Intimation of loss of share certificates and effecting issue of duplicate share certificates   through  Letter of Confirmation '.
22-Nov-2023 18:19:00,Analysts/Institutional Investor Meet/Con. Call Updates,Kotak Mahindra Bank Limited has informed the Exchange about Schedule of meet
22-Nov-2023 18:13:17,Analysts/Institutional Investor Meet/Con. Call Updates,Kotak Mahindra Bank Limited has informed the Exchange about Schedule of meet
22-Nov-2023 15:48:23,Shareholders meeting,"We attach herewith a copy of the Postal Ballot Notice dated  November 22, 2023, along with the Explanatory Statement ( Postal Ballot Notice ), being despatched today for seeking the approval of the me"
20-Nov-2023 16:08:19,Analysts/Institutional Investor Meet/Con. Call Updates,Kotak Mahindra Bank Limited has informed the Exchange about Schedule of meet
18-Nov-2023 13:33:02,Updates,"Kotak Mahindra Bank Limited has informed the Exchange regarding 'Intimation under Regulation 30 of the SEBI (Listing Obligations and Disclosure Requirements) Regulations, 2015 '."
17-Nov-2023 17:43:20,Copy of Newspaper Publication,Kotak Mahindra Bank Limited has informed the Exchange about Copy of Newspaper Publication
17-Nov-2023 11:23:31,Appointment,"Kotak Mahindra Bank Limited has informed the Exchange regarding Appointment of Mr Ashok Vaswani as Managing Director & CEO of the company w.e.f. January 01, 2024."
13-Nov-2023 16:32:57,Analysts/Institutional Investor Meet/Con. Call Updates,Kotak Mahindra Bank Limited has informed the Exchange about Schedule of meet
10-Nov-2023 19:00:17,Copy of Newspaper Publication,Kotak Mahindra Bank Limited has informed the Exchange about Copy of Newspaper Publication
02-Nov-2023 16:10:49,Copy of Newspaper Publication,Kotak Mahindra Bank Limited has informed the Exchange about Copy of Newspaper Publication
02-Nov-2023 16:02:52,Analysts/Institutional Investor Meet/Con. Call Updates,Kotak Mahindra Bank Limited has informed the Exchange about Schedule of meet
02-Nov-2023 09:32:17,Press Release,"Kotak Mahindra Bank Limited has informed the Exchange regarding a press release dated November 02, 2023, titled ""Kotak Mahindra Bank and Zurich Insurance Group Announce Strategic Alliance""."
02-Nov-2023 09:26:42,Updates,Intimation In Connection With Kotak Mahindra General Insurance Company Limited
01-Nov-2023 16:23:13,Analysts/Institutional Investor Meet/Con. Call Updates,Kotak Mahindra Bank Limited has informed the Exchange about Schedule of meet
31-Oct-2023 19:24:45,Shareholders meeting,Kotak Mahindra Bank Limited has informed the Exchange about Shareholders meeting
31-Oct-2023 18:50:09,ESOP/ESOS/ESPS,"Intimation of allotment of 36,318 Equity Shares pursuant to exercise of Employees Stock Options under the Kotak Mahindra Equity Option Scheme 2015"
27-Oct-2023 12:43:57,Updates,"We refer to our disclosure letter dated September 8, 2023 on the Reserve Bank of India ( RBI ) approval for the appointment of Mr. Dipak Gupta as the interim Managing Director & CEO of Kotak Mahindra "
26-Oct-2023 12:51:26,Analysts/Institutional Investor Meet/Con. Call Updates,Kotak Mahindra Bank Limited has informed the Exchange about Schedule of meet
26-Oct-2023 12:44:06,Analysts/Institutional Investor Meet/Con. Call Updates,Kotak Mahindra Bank Limited has informed the Exchange about Schedule of meet
25-Oct-2023 19:59:48,Analysts/Institutional Investor Meet/Con. Call Updates,Kotak Mahindra Bank Limited has informed the Exchange about Transcript
23-Oct-2023 15:08:20,Copy of Newspaper Publication,Kotak Mahindra Bank Limited has informed the Exchange about Copy of Newspaper Publication
21-Oct-2023 18:29:46,Updates,Kotak Mahindra Bank Limited has informed the Exchange regarding 'Details of Key Managerial Personnel for the purpose of determining materiality of events or information for the Bank and for making dis
21-Oct-2023 18:19:13,Updates,Kotak Mahindra Bank Limited has informed the Exchange regarding Audio Recording of the Earnings Conference Call on the Consolidated and Standalone Unaudited Financial Results of the Bank for the Quart
21-Oct-2023 15:11:28,Updates,"Intimation under Regulation 30 of the SEBI (Listing Obligations and Disclosure Requirements) Regulations, 2015   Change in Senior Management"
21-Oct-2023 15:06:32,Press Release,"Kotak Mahindra Bank Limited has informed the Exchange regarding a press release dated October 21, 2023, titled ""Kotak Mahindra Bank to Appoint International Banker, Ashok Vaswani as MD & CEO""."
21-Oct-2023 15:04:36,Updates,"Pursuant to Regulation 30 of the Securities and Exchange Board of India (Listing Obligations and Disclosure Requirements) Regulations, 2015 (""Listing Regulations""), we wish to inform you that, based o"
21-Oct-2023 13:30:58,Investor Presentation,Kotak Mahindra Bank Limited has informed the Exchange about Investor Presentation
21-Oct-2023 13:28:45,Updates,"Investor Presentation for Earnings Conference Call on the Consolidated and Standalone Unaudited Financial Results of the Bank for the quarter and half-year ended September 30, 2023"
21-Oct-2023 12:43:59,Related Party Transactions,"Disclosure of Related Party Transactions for the Half-year ended September 30, 2023"
21-Oct-2023 12:26:02,Updates,"Kotak Mahindra Bank Limited has informed the Exchange regarding 'Earnings Update on regarding the Consolidated and Standalone Unaudited Financial Results of Kotak Mahindra Bank Limited (""Bank"") for th"
21-Oct-2023 12:22:44,Press Release,"Kotak Mahindra Bank Limited has informed the Exchange regarding a press release dated October 21, 2023, titled ""Media Release on the Consolidated and Standalone Unaudited Financial Results of the Bank"
21-Oct-2023 12:08:54,Financial Result Updates,"Kotak Mahindra Bank Limited has submitted to the Exchange, the financial results for the period ended September 30, 2023."
20-Oct-2023 14:26:12,Updates,"Kotak Mahindra Bank Limited has informed the Exchange that RBI has, vide its letter dated October 19, 2023 received by the Bank on October 19, 2023, conveyed its approval to the Bank, for acquiring 10"
19-Oct-2023 14:54:09,Acquisition,Kotak Mahindra Bank Limited has informed the Exchange about Acquisition by a wholly owned subsidiary
17-Oct-2023 22:40:17,Updates,"With reference to the captioned subject, we wish to inform you that the Bank has, today, received an order dated October 17, 2023, passed by the Adjudication Committee of Executive Directors of the Re"
17-Oct-2023 18:58:12,Updates,"Kotak Mahindra Bank Limited has informed the Exchange regarding 'In accordance with the provisions of Regulation 30 of the SEBI (Listing Obligations and Disclosure Requirements) Regulations, 2015 ( SE"
16-Oct-2023 18:52:51,Updates,Kotak Mahindra Bank Limited has informed the Exchange regarding 'Intimation of Earnings Conference Call to discuss the Consolidated and Standalone Unaudited Financial Results of the Bank for the quart
10-Oct-2023 18:57:19,Copy of Newspaper Publication,Kotak Mahindra Bank Limited has informed the Exchange about Copy of Newspaper Publication
05-Oct-2023 17:28:06,Copy of Newspaper Publication,Kotak Mahindra Bank Limited has informed the Exchange about Copy of Newspaper Publication
03-Oct-2023 19:35:28,Updates,Kotak Mahindra Bank Limited has informed the Exchange regarding 'Intimation of loss of share certificates and effecting issue of duplicate share certificates   through  Letter of Confirmation '.
30-Sep-2023 17:03:03,Updates,"With reference to the captioned subject, we wish to inform you that the Bank has, on September 30, 2023, received an order dated September 29, 2023 from the assessment unit of the Income Tax Departmen"
30-Sep-2023 15:30:35,Copy of Newspaper Publication,Kotak Mahindra Bank Limited has informed the Exchange about Copy of Newspaper Publication
29-Sep-2023 14:07:43,Shareholders meeting,Kotak Mahindra Bank Limited has informed the Exchange regarding Notice of Postal Ballot
29-Sep-2023 09:21:44,Allotment of Securities,"Kotak Mahindra Bank Limited has informed the Exchange regarding allotment of 44338 securities pursuant to ESOP/ESPS at its meeting held on September 29, 2023"
20-Sep-2023 16:50:19,Analysts/Institutional Investor Meet/Con. Call Updates,Kotak Mahindra Bank Limited has informed the Exchange about Schedule of meet
18-Sep-2023 12:57:44,Analysts/Institutional Investor Meet/Con. Call Updates,Kotak Mahindra Bank Limited has informed the Exchange about Schedule of meet
08-Sep-2023 09:03:27,Updates,"We refer to item no. (b) of our letter dated September 2, 2023 and inform you that in terms of Section 10B(9) of the Banking Regulation Act, 1949, the Reserve Bank of India has, vide its letter dated "
02-Sep-2023 14:43:29,Change in Director(s),Kotak Mahindra Bank Limited has informed the Exchange regarding Change in Director(s) of the company.
01-Sep-2023 19:13:07,Updates,Kotak Mahindra Bank Limited has informed the Exchange regarding 'Intimation of loss of share certificates and effecting issue of duplicate share certificates through  Letter of Confirmation '.
01-Sep-2023 19:06:21,Copy of Newspaper Publication,Kotak Mahindra Bank Limited has informed the Exchange about Copy of Newspaper Publication
31-Aug-2023 18:30:46,Analysts/Institutional Investor Meet/Con. Call Updates,Kotak Mahindra Bank Limited has informed the Exchange about Schedule of meet
31-Aug-2023 16:35:09,Allotment of Securities,"Kotak Mahindra Bank Limited has informed the Exchange regarding allotment of 32124 securities pursuant to ESOP/ESPS at its meeting held on August 31, 2023"
31-Aug-2023 16:34:15,Allotment of Securities,"Kotak Mahindra Bank Limited has informed the Exchange regarding allotment of 31124 securities pursuant to ESOP/ESPS at its meeting held on August 31, 2023"
25-Aug-2023 19:30:46,Copy of Newspaper Publication,Kotak Mahindra Bank Limited has informed the Exchange about Copy of Newspaper Publication
22-Aug-2023 12:16:45,Analysts/Institutional Investor Meet/Con. Call Updates,Kotak Mahindra Bank Limited has informed the Exchange about Schedule of meet
22-Aug-2023 12:09:05,Shareholders meeting,"Kotak Mahindra Bank Limited has submitted the Exchange a copy Srutinizers report of  Annual General Meeting held on August 19, 2023. Further, the company has informed the Exchange regarding voting res"
19-Aug-2023 19:08:00,Shareholders meeting,Summary of the Proceedings of the Thirty-Eighth Annual General Meeting of the Members of Kotak Mahindra Bank Limited
19-Aug-2023 18:05:57,Updates,Kotak Mahindra Bank Limited has informed the Exchange regarding 'loss of share certificate'.
19-Aug-2023 13:34:33,Updates,"Please, find enclosed, copy of the Chairman s Speech delivered to the Members at the Thirty-Eighth Annual General Meeting of the Members of Kotak Mahindra Bank Limited held today, on Saturday, August "
18-Aug-2023 18:49:12,Copy of Newspaper Publication,Kotak Mahindra Bank Limited has informed the Exchange about Copy of Newspaper Publication
17-Aug-2023 17:29:13,Analysts/Institutional Investor Meet/Con. Call Updates,Kotak Mahindra Bank Limited has informed the Exchange about Schedule of meet
12-Aug-2023 13:29:54,Copy of Newspaper Publication,Kotak Mahindra Bank Limited has informed the Exchange about Copy of Newspaper Publication
10-Aug-2023 17:01:31,Analysts/Institutional Investor Meet/Con. Call Updates,Kotak Mahindra Bank Limited has informed the Exchange about Schedule of meet
10-Aug-2023 16:51:35,Updates,"Pursuant to Regulation 39(3) of the Securities and Exchange Board of India (Listing Obligations and Disclosure Requirements) Regulations, 2015, we enclose the details of intimation(s) received from th"
04-Aug-2023 18:03:37,Updates,"Kotak Mahindra Bank Limited has informed the Exchange regarding 'Disclosure under Regulation 30 of the SEBI (Listing Obligations and Disclosure Requirements) Regulations, 2015'."
04-Aug-2023 17:31:55,Copy of Newspaper Publication,Kotak Mahindra Bank Limited has informed the Exchange about Copy of Newspaper Publication
04-Aug-2023 13:27:55,Updates,"Pursuant to Regulation 39(3) of the Securities and Exchange Board of India (Listing Obligations and Disclosure Requirements) Regulations, 2015, we enclose the details of intimation(s) received from th"
03-Aug-2023 17:01:31,Updates,"Pursuant to Regulation 39(3) of the Securities and Exchange Board of India (Listing Obligations and Disclosure Requirements) Regulations, 2015, we enclose the details of intimation(s) received from th"
01-Aug-2023 23:10:29,Updates,Kotak Mahindra Bank Limited has informed the Exchange regarding 'Intimation of loss of share certificates and effecting issue of duplicate sharecertificates through  Letter of Confirmation'.
31-Jul-2023 14:22:25,Allotment of Securities,"Kotak Mahindra Bank Limited has informed the Exchange regarding allotment of 206888 securities pursuant to ESOP/ESPS at its meeting held on July 31, 2023"
26-Jul-2023 18:13:04,Analysts/Institutional Investor Meet/Con. Call Updates,Kotak Mahindra Bank Limited has informed the Exchange about Transcript
25-Jul-2023 20:32:13,Updates,Kotak Mahindra Bank Limited has informed the Exchange regarding 'Intimation of loss of share certificates and effecting issue of duplicate share certificates through  Letter of Confirmation '.
23-Jul-2023 15:42:27,Copy of Newspaper Publication,Kotak Mahindra Bank Limited has informed the Exchange about Copy of Newspaper Publication
22-Jul-2023 21:31:20,Analysts/Institutional Investor Meet/Con. Call Updates,Kotak Mahindra Bank Limited has informed the Exchange about Link of Recording
22-Jul-2023 13:42:17,Utilisation of Funds,Kotak Mahindra Bank Limited has informed the Exchange about Utilisation of Funds
22-Jul-2023 13:15:45,Statement of deviation(s) or variation(s) under Reg. 32,Kotak Mahindra Bank Limited has informed the Exchange about statement of deviation(s) or variation(s) under Reg. 32
22-Jul-2023 13:05:08,Investor Presentation,Kotak Mahindra Bank Limited has informed the Exchange about Investor Presentation
22-Jul-2023 12:55:47,Investor Presentation,Kotak Mahindra Bank Limited has informed the Exchange about Investor Presentation
22-Jul-2023 12:43:54,Press Release,"Kotak Mahindra Bank Limited has informed the Exchange regarding a press release dated July 22, 2023, titled ""Media Release on the Consolidated and Standalone Unaudited Financial Results of the Bank fo"
22-Jul-2023 12:40:02,Financial Result Updates,"Kotak Mahindra Bank Limited has submitted to the Exchange, the financial results for the period ended June 30, 2023."
21-Jul-2023 11:27:08,Updates,"Pursuant to Regulation 39(3) of the Securities and Exchange Board of India (Listing Obligations and Disclosure Requirements) Regulations, 2015, we enclose the details of intimation(s) received from th"
18-Jul-2023 10:34:38,Updates,"Kotak Mahindra Bank Limited has informed the Exchange regarding 'Statement of Investor Grievance Redressal for the quarter ended June 30, 2023'."
15-Jul-2023 16:43:54,Copy of Newspaper Publication,Kotak Mahindra Bank Limited has informed the Exchange about Copy of Newspaper Publication
14-Jul-2023 23:22:47,Shareholders meeting,"Kotak Mahindra Bank Limited has informed the Exchange regarding Notice of Annual General Meeting to be held on August 19, 2023"
14-Jul-2023 22:31:39,Updates,Kotak Mahindra Bank Limited has informed the Exchange regarding 'Integrated Annual Report for FY 2022-23'.
14-Jul-2023 22:27:18,Updates,Kotak Mahindra Bank Limited has informed the Exchange regarding 'Business Responsibility & Sustainability Report (BRSR)'.
14-Jul-2023 17:26:37,Copy of Newspaper Publication,Kotak Mahindra Bank Limited has informed the Exchange about Copy of Newspaper Publication
13-Jul-2023 14:59:34,Record Date,Kotak Mahindra Bank Limited has informed the Exchange that Record date for the purpose of Dividend  is 04-Aug-2023.
13-Jul-2023 14:38:54,Updates,Kotak Mahindra Bank Limited has informed the Exchange regarding 'Intimation of the date of the Thirty-Eighth Annual General Meeting ofKotak Mahindra Bank Limited and the Record Date for the purpose of
10-Jul-2023 19:11:38,Updates,"Pursuant to Regulation 39(3) of the Securities and Exchange Board of India (Listing Obligations and Disclosure Requirements) Regulations, 2015, we wish to inform you that the Bank has on July 08, 2023"
08-Jul-2023 17:31:43,Analysts/Institutional Investor Meet/Con. Call Updates,Kotak Mahindra Bank Limited has informed the Exchange about Schedule of meet
06-Jul-2023 19:08:22,Updates,Intimation of loss of share certificates and effecting issue of duplicate share certificates through Letter of Confirmation
06-Jul-2023 18:05:32,Copy of Newspaper Publication,"Regulation 47 of the Securities and Exchange Board of India (Listing Obligations and Disclosure Requirements) Regulations, 2015"
05-Jul-2023 16:37:45,Updates,Intimation of loss of share certificates and effecting issue of duplicate share certificates through Letter of Confirmation
30-Jun-2023 17:34:27,Allotment of Securities,"Kotak Mahindra Bank Limited has informed the Exchange regarding allotment of 596946 securities pursuant to ESOP/ESPS at its meeting held on Jun 30, 2023"
27-Jun-2023 17:47:10,Copy of Newspaper Publication,"Pursuant to Regulation 47 of the Securities and Exchange Board of India (Listing Obligations and Disclosure Requirements) Regulations, 2015, we enclose a copy of the Notice published by Kotak Mahindra"
26-Jun-2023 18:43:44,Updates,"Kotak Mahindra Bank Limited has informed the Exchange regarding 'Information under Clause 2.2(b) of Chapter XIV of the Operational Circular no.SEBI/HO/DDHS/P/CIR/2021/613 dated August 10, 2021'."
26-Jun-2023 16:43:40,Updates,Kotak Mahindra Bank Limited has informed the Exchange regarding 'Update - Incorporation of Kotak Karma Foundation'.
23-Jun-2023 19:33:34,Updates,Kotak Mahindra Bank Limited has informed the Exchange regarding 'Intimation of loss of share certificates and effecting issue of duplicate share certificatesthrough  Letter of Confirmation'.
23-Jun-2023 16:08:03,Allotment of Securities,"Kotak Mahindra Bank Limited has informed the Exchange regarding allotment of 189500 securities pursuant to Non Convertible Securities at its meeting held on Jun 23, 2023"
16-Jun-2023 09:24:21,Outcome of Board Meeting,"Kotak Mahindra Bank Limited has informed the Exchange regarding  Board meeting held on Jun 16, 2023."
15-Jun-2023 19:22:41,Updates,"Pursuant to Regulation 39(3) of the Securities and Exchange Board of India (Listing Obligations and Disclosure Requirements) Regulations, 2015, we enclose the details of intimation(s) received from th"
15-Jun-2023 10:44:35,Updates,"Kotak Mahindra Bank Limited has informed the Exchange regarding 'we wish to inform you that Kotak Mahindra Bank Limited ( Bank ) has initiated incorporation of  Kotak Karma Foundation , a company to b"
09-Jun-2023 16:30:08,Copy of Newspaper Publication,Kotak Mahindra Bank Limited has informed the Exchange about Copy of Newspaper Publication
02-Jun-2023 19:21:36,Analysts/Institutional Investor Meet/Con. Call Updates,"Pursuant to the provisions of Regulation 30 of the SEBI (Listing Obligations and Disclosure Requirements) Regulations, 2015, please note that the representative(s) of Kotak Mahindra Bank Limited will "
01-Jun-2023 17:46:12,Copy of Newspaper Publication,Kotak Mahindra Bank Limited has informed the Exchange about Copy of Newspaper Publication
30-May-2023 18:44:16,Annual Secretarial Compliance Report,"Annual Secretarial Compliance Report for the financial year ended March 31, 2023"
26-May-2023 18:36:57,Analysts/Institutional Investor Meet/Con. Call Updates,Kotak Mahindra Bank Limited has informed the Exchange about Schedule of meet
26-May-2023 17:47:49,Updates,Kotak Mahindra Bank Limited has informed the Exchange regarding 'Update'.
26-May-2023 17:28:19,Copy of Newspaper Publication,Kotak Mahindra Bank Limited has informed the Exchange about Copy of Newspaper Publication
25-May-2023 16:15:32,Copy of Newspaper Publication,Kotak Mahindra Bank Limited has informed the Exchange about Copy of Newspaper Publication
24-May-2023 11:54:45,Analysts/Institutional Investor Meet/Con. Call Updates,Kotak Mahindra Bank Limited has informed the Exchange about Schedule of meet
22-May-2023 19:28:37,Analysts/Institutional Investor Meet/Con. Call Updates,Kotak Mahindra Bank Limited has informed the Exchange about Schedule of meet
22-May-2023 14:19:57,Analysts/Institutional Investor Meet/Con. Call Updates,Kotak Mahindra Bank Limited has informed the Exchange about Schedule of meet
22-May-2023 14:06:58,Updates,Kotak Mahindra Bank Limited has informed the Exchange regarding 'Y:\secretarial\STOCK EXCHANGE\2023-24\Shareholder communications\Transfer to IEPF'.
19-May-2023 19:45:07,Analysts/Institutional Investor Meet/Con. Call Updates,Kotak Mahindra Bank Limited has informed the Exchange about Schedule of meet
17-May-2023 16:35:48,Allotment of Securities,"Kotak Mahindra Bank Limited has informed the Exchange regarding allotment of 58545 securities pursuant to ESOP/ESPS at its meeting held on May 17, 2023"
13-May-2023 12:56:36,Copy of Newspaper Publication,Kotak Mahindra Bank Limited has informed the Exchange about Copy of Newspaper Publication
12-May-2023 19:56:32,Updates,Kotak Mahindra Bank Limited has informed the Exchange regarding 'Intimation of loss of share certificates and effecting issue of duplicate share certificates through  Letter of Confirmation  '.
12-May-2023 15:00:36,Disclosure under SEBI Takeover Regulations,"Uday Suresh Kotak has Submitted to the Exchange a copy of Disclosure under Regulation 31(4) of the Securities and Exchange Board of India (Substantial Acquisition of Shares and Takeovers) Regulations,"
10-May-2023 19:20:43,Analysts/Institutional Investor Meet/Con. Call Updates,Kotak Mahindra Bank Limited has informed the Exchange about Schedule of meet
03-May-2023 10:46:05,ESOP/ESOS/ESPS,"Pursuant to Regulation 30 of the Securities and Exchange Board of India (Listing Obligations and Disclosure Requirements) Regulations, 2015, we hereby inform you that the Nomination and Remuneration C"
02-May-2023 19:18:22,Analysts/Institutional Investor Meet/Con. Call Updates,Kotak Mahindra Bank Limited has informed the Exchange about Transcript
30-Apr-2023 16:09:50,Copy of Newspaper Publication,"Newspapers Publication   Extracts of the Consolidated and Standalone Audited Financial Results for the financial year ended March 31, 2023"
29-Apr-2023 20:06:43,Analysts/Institutional Investor Meet/Con. Call Updates,Kotak Mahindra Bank Limited has informed the Exchange about Link of Recording
29-Apr-2023 18:32:47,Updates,"Kotak Mahindra Bank Limited has informed the Exchange regarding 'Disclosure of Related Party Transactions for the Half-year ended March 31, 2023'."
29-Apr-2023 16:23:45,Copy of Newspaper Publication,"Pursuant to Regulation 47 of the Securities and Exchange Board of India (Listing Obligations and Disclosure Requirements) Regulations, 2015, we enclose a copy of the Notice published byKotak Mahindra "
29-Apr-2023 15:44:28,Investor Presentation,Kotak Mahindra Bank Limited has informed the Exchange about Investor Presentation
29-Apr-2023 14:44:13,Updates,Kotak Mahindra Bank Limited has informed the Exchange regarding 'Earnings Call Update '.
29-Apr-2023 14:39:27,Press Release,"Kotak Mahindra Bank Limited has informed the Exchange regarding a press release dated April 29, 2023, titled ""KOTAK MAHINDRA BANK ANNOUNCES RESULTS""."
29-Apr-2023 14:26:45,Dividend,"Kotak Mahindra Bank Limited has informed the Exchange that Board of Directors at its meeting held on April 29, 2023, recommended Final Dividend of Rs. 1.50 per equity share."
29-Apr-2023 14:25:00,Financial Result Updates,"Kotak Mahindra Bank Limited has submitted to the Exchange, the financial results for the period ended March 31, 2023."
28-Apr-2023 18:12:58,Updates,Kotak Mahindra Bank Limited has informed the Exchange regarding 'Intimation of loss of share certificates and effecting issue of duplicate share certificates through  Letter of Confirmation '.
27-Apr-2023 19:05:39,Updates,Kotak Mahindra Bank Limited has informed the Exchange regarding 'Intimation of loss of share certificates and effecting issue of duplicate share certificatesthrough  Letter of Confirmation '.
25-Apr-2023 11:31:13,Updates,Kotak Mahindra Bank Limited has informed the Exchange regarding 'Information   under   Clause   2.2(b)   of   Chapter   XIV   of   the   Operational   Circular no. SEBI/HO/DDHS/P/CIR/2021/613 dated Au
21-Apr-2023 23:06:31,Shareholders meeting,"This has reference to our letter dated March 19, 2023, enclosing the Postal Ballot Notice dated March 18, 2023 along with the Explanatory Statement, despatched for seeking the approval of the Members "
20-Apr-2023 19:35:36,Analysts/Institutional Investor Meet/Con. Call Updates,Kotak Mahindra Bank Limited has informed the Exchange about Schedule of meet
20-Apr-2023 16:01:22,Copy of Newspaper Publication,"Pursuant to Regulation 47 of the Securities and Exchange Board of India (Listing Obligations and Disclosure Requirements) Regulations, 2015, we enclose a copy of the Notice published byKotak Mahindra "
17-Apr-2023 19:00:52,Updates,"Kotak Mahindra Bank Limited has informed the Exchange regarding 'Statement of Investor Grievance Redressal for the quarter ended March 31, 2023'."
10-Apr-2023 16:20:48,Updates,"Pursuant to Regulation 39(3) of the Securities and Exchange Board of India (Listing Obligations and Disclosure Requirements) Regulations, 2015, we wish to inform you that the Bank has onApril 10, 2023"
03-Apr-2023 18:13:58,Updates,"Pursuant to Regulation 39(3) of the Securities and Exchange Board of India (Listing Obligations and Disclosure Requirements) Regulations, 2015, we wish to inform you that the Bank has onApril 03, 2023"
31-Mar-2023 14:40:08,Copy of Newspaper Publication,"Pursuant to Regulation 47 of the Securities and Exchange Board of India (Listing Obligations and Disclosure Requirements) Regulations, 2015, we enclose a copy of the Notice published by Kotak Mahindra"
29-Mar-2023 12:22:33,Allotment of Securities,"Kotak Mahindra Bank Limited has informed the Exchange regarding allotment of 51745 securities pursuant to ESOP/ESPS at its meeting held on March 29, 2023"
24-Mar-2023 17:09:54,Copy of Newspaper Publication,"Pursuant to Regulation 47 of the Securities and Exchange Board of India (Listing Obligations andDisclosure Requirements) Regulations, 2015, we enclose a copy of the Notice published by Kotak Mahindra "
21-Mar-2023 14:18:08,Updates,"Pursuant to Regulation 39(3) of the Securities and Exchange Board of India (Listing Obligations and Disclosure Requirements) Regulations, 2015, we wish to inform you that the Bank has on March 20, 202"
21-Mar-2023 13:25:47,Copy of Newspaper Publication,"Pursuant to Regulation 47 of the Securities and Exchange Board of India (Listing Obligationsand Disclosure Requirements) Regulations, 2015, we enclose a copy of the Notice published byKotak Mahindra B"
20-Mar-2023 15:37:12,Allotment of Securities,"Kotak Mahindra Bank Limited has informed the Exchange regarding allotment of 30000 securities pursuant to Non Convertible Debentures at its meeting held on March 20, 2023"
19-Mar-2023 12:17:45,Change in Director(s),Kotak Mahindra Bank Limited has informed the Exchange regarding Change in Director(s) of the company.
19-Mar-2023 12:12:08,Shareholders meeting,Kotak Mahindra Bank Limited has informed the Exchange regarding Notice of Postal Ballot
18-Mar-2023 13:58:31,Updates,Kotak Mahindra Bank Limited has informed the Exchange regarding 'Outcome of Board meeting'.
17-Mar-2023 18:23:33,Analysts/Institutional Investor Meet/Con. Call Updates,Kotak Mahindra Bank Limited has informed the Exchange about Schedule of meet
13-Mar-2023 21:24:55,Analysts/Institutional Investor Meet/Con. Call Updates,Kotak Mahindra Bank Limited has informed the Exchange about Schedule of meet
10-Mar-2023 19:58:46,Analysts/Institutional Investor Meet/Con. Call Updates,Kotak Mahindra Bank Limited has informed the Exchange about Schedule of meet
09-Mar-2023 15:55:05,Copy of Newspaper Publication,Kotak Mahindra Bank Limited has informed the Exchange about Copy of Newspaper Publication
04-Mar-2023 15:51:47,Updates,Kotak Mahindra Bank Limited has informed the Exchange regarding 'Intimation of Board Meeting for declaration of dividend on 8.10% Non-Convertible Perpetual Non-Cumulative Preference Shares for the yea
03-Mar-2023 19:33:20,Updates,Kotak Mahindra Bank Limited has informed the Exchange regarding 'Intimation of loss of share certificates and effecting issue of duplicate sharecertificates through  Letter of Confirmation '.
28-Feb-2023 17:22:11,Copy of Newspaper Publication,Kotak Mahindra Bank Limited has informed the Exchange about Copy of Newspaper Publication
27-Feb-2023 17:27:28,Allotment of Securities,"Kotak Mahindra Bank Limited has informed the Exchange regarding allotment of 62676 securities pursuant to ESOP/ESPS at its meeting held on February 27, 2023"
15-Feb-2023 17:54:07,Analysts/Institutional Investor Meet/Con. Call Updates,Intimation of Schedule of Analyst/ Institutional Investor Meeting
13-Feb-2023 20:14:00,Updates,"Pursuant to Regulation 39(3) of the Securities and Exchange Board of India (Listing Obligations and Disclosure Requirements) Regulations, 2015, we wish to inform you that the Bank has on February 11, "
10-Feb-2023 18:56:12,Copy of Newspaper Publication,"Pursuant to Regulation 47 of the Securities and Exchange Board of India (Listing Obligations andDisclosure Requirements) Regulations, 2015, we enclose a copy of the Notice published by Kotak Mahindra "
10-Feb-2023 17:45:02,Acquisition,"In accordance with the provisions of Regulation 30 of the SEBI (Listing Obligations and Disclosure Requirements) Regulations, 2015 ( SEBI Listing Regulations ), we wish to inform you that Kotak Mahind"
10-Feb-2023 17:12:59,Analysts/Institutional Investor Meet/Con. Call Updates,"Pursuant to the provisions of Regulation 30 of the SEBI (Listing Obligations and Disclosure Requirements) Regulations, 2015, please note that the representative(s) of Kotak Mahindra Bank Limited will "
08-Feb-2023 16:56:12,Analysts/Institutional Investor Meet/Con. Call Updates,Intimation of Schedule of Analyst/ Institutional Investor Meeting to be held on February 13 2023
06-Feb-2023 16:27:27,Analysts/Institutional Investor Meet/Con. Call Updates,"Pursuant to the provisions of Regulation 30 of the SEBI (Listing Obligations and Disclosure Requirements) Regulations, 2015, please note that the representative(s) of Kotak Mahindra Bank Limited will "
03-Feb-2023 14:29:53,Analysts/Institutional Investor Meet/Con. Call Updates,Kotak Mahindra Bank Limited has informed the Exchange about Schedule of meet
31-Jan-2023 17:03:14,Allotment of Securities,Intimation of allotment of 356562 Equity Shares pursuant to exercise of Employees Stock Options under the Kotak Mahindra Equity Option Scheme 2015
24-Jan-2023 18:53:13,Loss of Share Certificates,Intimation of loss of share certificates
24-Jan-2023 16:22:29,Updates,Kotak Mahindra Bank Limited has informed the Exchange regarding 'Transcript'.
23-Jan-2023 18:10:15,Copy of Newspaper Publication,"In terms of Regulation 47(1) and Regulation 52(8) of the Securities and Exchange Board of India(Listing Obligations and Disclosure Requirements) Regulations, 2015 (""Listing Regulations ), please find "
22-Jan-2023 22:22:05,Updates,Correction in the Outcome of Board Meeting
21-Jan-2023 21:24:19,Updates,Kotak Mahindra Bank Limited has informed the Exchange regarding 'Audio Recording of the Earnings Conference Call on the Consolidated and Standalone Unaudited Financial Results of the Bank for the Quar
21-Jan-2023 13:46:10,Investor Presentation,Kotak Mahindra Bank Limited has informed the Exchange about Investor Presentation
21-Jan-2023 13:12:01,Outcome of Board Meeting,"Kotak Mahindra Bank Limited has informed the Exchange regarding  Board meeting held on January 21, 2023."
21-Jan-2023 13:08:21,Financial Result Updates,"Kotak Mahindra Bank Limited has submitted to the Exchange, the financial results for the period ended December 31, 2022."
19-Jan-2023 22:03:45,Updates,Kotak Mahindra Bank Limited has informed the Exchange regarding 'Intimation of loss of share certificates and effecting issue of duplicate share certificates through  Letter of Confirmation '.
17-Jan-2023 09:52:08,Updates,"Intimation of Earnings Conference Call to discuss the Consolidated and Standalone Unaudited Financial Results of Kotak Mahindra Bank Limited for the quarter and nine months ended December 31, 2022"
13-Jan-2023 18:27:58,Copy of Newspaper Publication,"Pursuant to Regulation 47 of the Securities and Exchange Board of India (Listing Obligations andDisclosure Requirements) Regulations, 2015, we enclose a copy of the Notice published by Kotak Mahindra "
11-Jan-2023 18:35:27,Updates,Kotak Mahindra Bank Limited has informed the Exchange regarding 'Intimation of loss of share certificates and effecting issue of duplicate share certificatesthrough  Letter of Confirmation'.
06-Jan-2023 12:44:38,Loss of Share Certificates,Kotak Mahindra Bank Limited has informed the Exchange about Loss of Share Certificates
28-Dec-2022 15:17:36,Copy of Newspaper Publication,Kotak Mahindra Bank Limited has informed the Exchange about Copy of Newspaper Publication
19-Dec-2022 18:06:45,Updates,Kotak Mahindra Bank Limited has informed the Exchange regarding 'Intimation of loss of share certificates and effecting issue of duplicate share certificates through  Letter of Confirmation '.
19-Dec-2022 17:13:30,ESOP/ESOS/ESPS,Kotak Mahindra Bank Limited has informed the Exchange regarding Allotment of 273769  Shares.
12-Dec-2022 19:37:03,General updates,Kotak Mahindra Bank Limited has informed the Exchange about Details of Key Managerial Personnel for the purpose of determining materiality of events or information for the Bank and for making disclosu
08-Dec-2022 21:31:00,Postal Ballot,"Kotak Mahindra Bank Limited has informed the Exchange about Voting results and  Scrutinizer report of Postal Ballot, searchable PDF file is attached."
08-Dec-2022 20:09:39,Postal Ballot,"Scrutiniser's Report and Declaration of Result of e-Voting, pursuant to Regulation 44 of the Securities and Exchange Board of India (Listing Obligations and Disclosure Requirements) Regulation, 2015"
06-Dec-2022 14:59:42,Loss of share certificate,"Pursuant to Regulation 39(3) of the Securities and Exchange Board of India (Listing Obligations and Disclosure Requirements) Regulations, 2015, we wish to inform you that the Bank has on December 05, "
05-Dec-2022 18:58:03,General updates,"Kotak Mahindra Bank Limited has informed the Exchange about Information under Clause 2.2(b) of Chapter XIV of the Operational Circular no. SEBI/HO/DDHS/P/CIR/2021/613 dated August 10, 2021"
02-Dec-2022 18:55:42,Schedule of Analysts/Institutional Investor Meet/Con. Call,"Pursuant to the provisions of Regulation 30 of the SEBI (Listing Obligations and Disclosure Requirements) Regulations, 2015, please note that the representative(s) of Kotak Mahindra Bank Limited will "
01-Dec-2022 18:38:24,General updates,Allotment of Non-Convertible Debentures
29-Nov-2022 16:17:57,News Verification,KOTAKBANK : The Exchange has sought clarification from Kotak Mahindra Bank Limited with respect to recent news item captioned Kotak Mahindra Bank arm to raise up to $1 billion for data centres.  The r
28-Nov-2022 13:10:54,Schedule of Analysts/Institutional Investor Meet/Con. Call,"Pursuant to the provisions of Regulation 30 of the SEBI (Listing Obligations and Disclosure Requirements) Regulations, 2015, please note that the representative(s) of Kotak Mahindra Bank Limited will "
25-Nov-2022 10:27:09,Loss of share certificate,"Pursuant to Regulation 39(3) of the Securities and Exchange Board of India (Listing Obligations and Disclosure Requirements) Regulations, 2015, we enclose the details of intimation(s) received from th"
23-Nov-2022 19:10:00,Loss of share certificate,"Pursuant to Regulation 39(3) of the Securities and Exchange Board of India (Listing Obligations and Disclosure Requirements) Regulations, 2015, we enclose the details of intimation(s) received from th"
22-Nov-2022 15:38:42,Newspaper Advertisements,"Pursuant to Regulation 47 of the Securities and Exchange Board of India (Listing Obligations and Disclosure Requirements) Regulations, 2015, we enclose a copy of the Notice published by Kotak Mahindra"
17-Nov-2022 16:29:18,Loss of share certificate,"Pursuant to Regulation 39(3) of the Securities and Exchange Board of India (Listing Obligations and Disclosure Requirements) Regulations, 2015, we enclose the details of intimation(s) received from th"
17-Nov-2022 12:47:21,Schedule of Analysts/Institutional Investor Meet/Con. Call,"Pursuant to the provisions of Regulation 30 of the SEBI (Listing Obligations and Disclosure Requirements) Regulations, 2015, please note that the representative(s) of Kotak Mahindra Bank Limited will "
15-Nov-2022 17:08:00,Loss of share certificate,"Pursuant to Regulation 39(3) of the Securities and Exchange Board of India (Listing Obligations and Disclosure Requirements) Regulations, 2015, we wish to inform you that the Bank has on November 14, "
15-Nov-2022 13:13:18,Schedule of Analysts/Institutional Investor Meet/Con. Call,"Pursuant to the provisions of Regulation 30 of the SEBI (Listing Obligations and Disclosure Requirements) Regulations, 2015, please note that the representative(s) of Kotak Mahindra Bank Limited will "
14-Nov-2022 12:59:36,Schedule of Analysts/Institutional Investor Meet/Con. Call,"Pursuant to the provisions of Regulation 30 of the SEBI (Listing Obligations and Disclosure Requirements) Regulations, 2015, please note that the representative(s) of Kotak Mahindra Bank Limited will "
11-Nov-2022 17:53:15,ESOP/ESPS/SBEB Scheme,"The ESOP Allotment Committee of the Bank has, at its Meeting held today, allotted 73,502 Equity Shares of Rs. 5/- each, pursuant to the exercise of equivalent number of Employee Stock Options pursuant"
11-Nov-2022 12:32:27,Schedule of Analysts/Institutional Investor Meet/Con. Call,Intimation of Schedule of Analyst/ Institutional Investor Meeting
10-Nov-2022 11:19:15,Schedule of Analysts/Institutional Investor Meet/Con. Call,"Pursuant to the provisions of Regulation 30 of the SEBI (Listing Obligations and Disclosure Requirements) Regulations, 2015, please note that the representative(s) of Kotak Mahindra Bank Limited will "
08-Nov-2022 20:25:06,Newspaper Advertisements,"Pursuant to Regulation 47 of the Securities and Exchange Board of India (Listing Obligations and Disclosure Requirements) Regulations, 2015, we enclose a copy of the Notice published by Kotak Mahindra"
07-Nov-2022 13:02:39,Postal Ballot,"Kotak Mahindra Bank Limited has informed the Exchange about Notice of Postal Ballot, seeking approval of the Members of Kotak Mahindra Bank Limited for Appointment of Mr. C S Rajan as a Director and a"
01-Nov-2022 11:26:51,Retirement,Intimation of Retirement of Mr. Gaurang Shah as a Whole-time Director and a Director of Kotak Mahindra Bank Limited
26-Oct-2022 16:12:03,Loss of share certificate,"Pursuant to Regulation 39(3) of the Securities and Exchange Board of India (Listing Obligations and Disclosure Requirements) Regulations, 2015, we wish to inform you that the Bank has on October 25, 2"
25-Oct-2022 19:58:54,Transcript of Analysts/Institutional Investor Meet/Con. Call,Kotak Mahindra Bank Limited has informed the Exchange about  Transcript of the Earnings Conference Call on the Consolidated and Standalone Unaudited Financial Results of the Bank for the Quarter and H
23-Oct-2022 15:26:39,Newspaper Advertisements,"Newspapers Publication ��� Extract of the Consolidated and Standalone Unaudited Financial Results of the Bank for the quarter and half year ended September 30, 2022"
23-Oct-2022 14:04:12,General updates,Kotak Mahindra Bank Limited has informed the Exchange about Update ��� Key Managerial Personnel
22-Oct-2022 19:26:54,Recording of Analysts/Institutional Investor Meet/Con. Call,Kotak Mahindra Bank Limited has informed the Exchange about Recording of Analysts/Institutional Investor Meet/Con. Call
22-Oct-2022 18:40:18,General updates,Kotak Mahindra Bank Limited has informed the Exchange about We refer to the Earnings Update and the Investor Presentation in connection with the Consolidated and Standalone Unaudited Financial Results
22-Oct-2022 17:47:03,Related Party Transaction,Kotak Mahindra Bank Limited has informed the Exchange about related party transaction for the period ended September 2022
22-Oct-2022 13:33:30,Investor Presentation,"Investor Presentation of the Earnings Conference Call on the Consolidated and Standalone Unaudited Financial Results of the Bank for the Quarter and half-year ended September 30, 2022 "
22-Oct-2022 12:38:36,Appointment,"Kotak Mahindra Bank Limited  has informed the Exchange about appointment of Mr. C S Rajan as an Additional Director, designated as an Independent Director of the Bank for a period of five years, with "
22-Oct-2022 12:31:57,Outcome of Board Meeting,Outcome of Board Meeting
21-Oct-2022 19:10:18,Loss of share certificate,"Pursuant to Regulation 39(3) of the Securities and Exchange Board of India (Listing Obligations and Disclosure Requirements) Regulations, 2015, we enclose the details of intimation(s) received from th"
19-Oct-2022 23:16:54,General updates,Kotak Mahindra Bank Limited has informed the Exchange about Update on approval of appointment / re-appointment of Whole-time Directors
19-Oct-2022 17:48:57,Newspaper Advertisements,Clippings of advertisement in Newspapers
18-Oct-2022 15:50:54,General updates,"Pursuant to Regulation 30 of the Securities and Exchange Board of India (Listing Obligations and Disclosure Requirements) Regulations, 2015, we hereby inform you that the Nomination and Remuneration C"
13-Oct-2022 18:37:30,Schedule of Analysts/Institutional Investor Meet/Con. Call,"Intimation of Earnings Conference Call to discuss the Consolidated and Standalone Unaudited Financial Results of Kotak Mahindra Bank Limited for the quarter and half-year ended September 30, 2022"
11-Oct-2022 12:24:54,Loss of share certificate,"Pursuant to Regulation 39(3) of the Securities and Exchange Board of India (Listing Obligations and Disclosure Requirements) Regulations, 2015, we wish to inform you that the Bank has on October 10, 2"
30-Sep-2022 11:56:24,Newspaper Advertisements,"Pursuant to Regulation 47 of the Securities and Exchange Board of India (Listing Obligations and Disclosure Requirements) Regulations, 2015, we enclose a copy of the Notice published by Kotak Mahindra"
27-Sep-2022 13:05:48,Schedule of Analysts/Institutional Investor Meet/Con. Call,Intimation of Schedule of Analyst/ Institutional Investor Meeting
23-Sep-2022 18:20:12,ESOP/ESPS/SBEB Scheme,"Intimation of allotment of 96,712 Equity Shares pursuant to exercise of Employees Stock Options under the Kotak Mahindra Equity Option Scheme 2015"
23-Sep-2022 18:17:45,General updates,"Kotak Mahindra Bank Limited has informed the Exchange about Intimation of allotment of 96,712 Equity Shares pursuant to exercise of Employees Stock Options under the Kotak Mahindra Equity Option Schem"
21-Sep-2022 14:33:38,Loss of share certificate,"Pursuant to Regulation 39(3) of the Securities and Exchange Board of India (Listing Obligations and Disclosure Requirements) Regulations, 2015, we wish to inform you that the Bank has on September 20,"
21-Sep-2022 14:30:21,Newspaper Advertisements,"Pursuant to Regulation 47 of the Securities and Exchange Board of India (Listing Obligations and Disclosure Requirements) Regulations, 2015, we enclose a copy of the Notice published by  Kotak Mahindr"
20-Sep-2022 19:54:51,Trading Plan under SEBI (PIT) Regulations,"Pursuant to Regulation 5(5) of the Securities and Exchange Board of India (Prohibition of Insider Trading) Regulations, 2015, please find enclosed, in Annexure X, the Trading Plan dated September 14, "
19-Sep-2022 12:54:27,Schedule of Analysts/Institutional Investor Meet/Con. Call,Intimation of Schedule of Analyst/ Institutional Investor Meeting
16-Sep-2022 12:57:51,Schedule of Analysts/Institutional Investor Meet/Con. Call,Intimation of Schedule of Analyst/ Institutional Investor Meeting
15-Sep-2022 13:31:03,Schedule of Analysts/Institutional Investor Meet/Con. Call,Intimation of Schedule of Analyst/ Institutional Investor Meeting
14-Sep-2022 12:10:48,Schedule of Analysts/Institutional Investor Meet/Con. Call,Intimation of Schedule of Analyst/ Institutional Investor Meeting
13-Sep-2022 12:25:45,Schedule of Analysts/Institutional Investor Meet/Con. Call,Intimation of Schedule of Analyst/ Institutional Investor Meeting
12-Sep-2022 11:33:00,Schedule of Analysts/Institutional Investor Meet/Con. Call,"Pursuant to the provisions of Regulation 30 of the SEBI (Listing Obligations and Disclosure Requirements) Regulations, 2015, please note that the representative(s) of Kotak Mahindra Bank Limited will "
07-Sep-2022 14:59:00,Newspaper Advertisements,"Pursuant to Regulation 47 of the Securities and Exchange Board of India (Listing Obligations and Disclosure Requirements) Regulations, 2015, we enclose a copy of the Notice published by  Kotak Mahindr"
07-Sep-2022 11:27:18,Retirement,Intimation of Retirement of Ms. Farida Khambata as an Independent Director of Kotak Mahindra Bank Limited
07-Sep-2022 10:45:15,Schedule of Analysts/Institutional Investor Meet/Con. Call,"Pursuant to the provisions of Regulation 30 of the SEBI (Listing Obligations and Disclosure Requirements) Regulations, 2015, please note that the representative(s) of Kotak Mahindra Bank Limited will "
30-Aug-2022 13:24:09,General updates,Kotak Mahindra Bank Limited has informed the Exchange about Updates
30-Aug-2022 11:55:03,General updates,Kotak Mahindra Bank Limited has informed the Exchange about Scrutiniser's Report and e-Voting Results pursuant to Regulation 44(3) of the Securities and Exchange Board of India (Listing Obligations an
28-Aug-2022 11:30:54,General updates,Kotak Mahindra Bank Limited has informed the Exchange about Chairman���s Speech at the Thirty-Seventh Annual General Meeting of the Members of Kotak Mahindra Bank Limited
28-Aug-2022 11:20:45,Annual General Meeting,Summary of Proceedings of the Thirty-Seventh Annual General Meeting of the Members of Kotak Mahindra Bank Limited
25-Aug-2022 13:14:36,Newspaper Advertisements,"Pursuant to Regulation 47 of the Securities and Exchange Board of India (Listing Obligations and Disclosure Requirements) Regulations, 2015, we enclose a copy of the Notice published by  Kotak Mahindr"
19-Aug-2022 18:39:24,Loss of share certificate,"Pursuant to Regulation 39(3) of the Securities and Exchange Board of India (Listing Obligations and Disclosure Requirements) Regulations, 2015, we wish to inform you that the Bank has on August 19, 20"
04-Aug-2022 15:50:42,Loss of share certificate,"Pursuant to Regulation 39(3) of the Securities and Exchange Board of India (Listing Obligations and Disclosure Requirements) Regulations, 2015, we enclose the details of intimation(s) received from th"
03-Aug-2022 12:54:15,ESOP/ESPS/SBEB Scheme,"The ESOP Allotment Committee of the Bank, at its Meeting held today, allotted 2,07,312 Equity Shares of Rs. 5/- each, pursuant to the exercise of equivalent number of Employee Stock Options pursuant t"
01-Aug-2022 11:03:48,Loss of share certificate,"Pursuant to Regulation 39(3) of the Securities and Exchange Board of India (Listing Obligations and Disclosure Requirements) Regulations, 2015, we wish to inform you that the Bank has on July 31, 2022"
28-Jul-2022 17:06:36,Newspaper Advertisements,"Clippings of advertisement in Newspapers- Notice published with respect to the dispatch of the Notice of Thirty-Seventh Annual General Meeting dated July 23, 2022 and information on E-voting."
27-Jul-2022 20:25:12,Business Responsibility & Sustainability Report (BRSR),"Kotak Mahindra Bank Limited has informed the Exchange about Business Responsibility & Sustainability Report (BRSR) for the period ended March 31,2022"
27-Jul-2022 20:18:42,Annual General Meeting,Kotak Mahindra Bank Limited has informed the Exchange about Notice of Annual General Meeting to be held on 27-Aug-2022
27-Jul-2022 20:05:33,General updates,Kotak Mahindra Bank Limited has informed the Exchange about Notice of AGM and Integrated Annual Report 2021-22
27-Jul-2022 16:31:12,Loss of share certificate,"Pursuant to Regulation 39(3) of the Securities and Exchange Board of India (Listing Obligations and Disclosure Requirements) Regulations, 2015, we enclose the details of intimation(s) received from th"
27-Jul-2022 15:55:27,Transcript of Analysts/Institutional Investor Meet/Con. Call,"Pursuant to Regulation 30 of the of the Securities and Exchange Board of India (Listing Obligations and Disclosure Requirements) Regulations, 2015 (""Listing Regulations""), we wish to inform you that t"
26-Jul-2022 18:21:15,Loss of share certificate,"Pursuant to Regulation 39(3) of the Securities and Exchange Board of India (Listing Obligations and Disclosure Requirements) Regulations, 2015, we enclose the details of intimation(s) received from th"
25-Jul-2022 19:55:30,Newspaper Advertisements,"In terms of Regulation 47(1) of the Securities and Exchange Board of India (Listing Obligations and Disclosure Requirements) Regulations, 2015 (""Listing Regulations���), please find enclosed, a copy o"
25-Jul-2022 18:58:36,Newspaper Advertisements,"In terms of Regulation 47(1) and Regulation 52(8) of the Securities and Exchange Board of India (Listing Obligations and Disclosure Requirements) Regulations, 2015 (""Listing Regulations���), please fi"
23-Jul-2022 20:00:30,Recording of Analysts/Institutional Investor Meet/Con. Call,Kotak Mahindra Bank Limited has informed the Exchange about  the Audio Recording of the Earnings Conference Call in connection with the Consolidated and Standalone Unaudited Financial Results of the B
23-Jul-2022 14:12:36,Investor Presentation,"Further to our intimation regarding the Consolidated and Standalone Unaudited Financial Results ofKotak Mahindra Bank Limited (""Bank"") for the quarter (Q1) ended June 30, 2022 and pursuant toRegulatio"
23-Jul-2022 14:03:09,Record Date,Kotak Mahindra Bank Limited has informed the Exchange that Record date for the purpose of Dividend  is 12-Aug-2022.
23-Jul-2022 13:51:27,General updates,Kotak Mahindra Bank Limited has informed the Exchange about Intimation of the date of the Thirty-Seventh Annual General Meeting of the Bank and Record Date for the purpose of payment of final Dividend
23-Jul-2022 11:51:42,Outcome of Board Meeting,"Outcome of Board Meeting-(i)	Consolidated and Standalone Unaudited Financial Results of Kotak Mahindra Bank Limited (""Bank"") for the Quarter (Q1) ended June 30, 2022. The said Financial Results were d"
21-Jul-2022 17:48:42,ESOP/ESPS/SBEB Scheme,"Pursuant to Regulation 30 of the Securities and Exchange Board of India (Listing Obligations and Disclosure Requirements) Regulations, 2015, we hereby inform you that the Nomination and Remuneration C"
15-Jul-2022 17:53:51,Schedule of Analysts/Institutional Investor Meet/Con. Call,"Pursuant to Regulation 30 of the of the Securities and Exchange Board of India (Listing Obligations and Disclosure Requirements) Regulations, 2015 (""Listing Regulations""), we wish to inform you that K"
14-Jul-2022 17:18:03,Newspaper Advertisements,"Pursuant to the Regulation 47 of the Securities and Exchange Board of India (Listing Obligations and Disclosure Requirements) Regulations, 2015, we enclose copies of the clippings of notice of loss/mi"
08-Jul-2022 14:57:03,Press Release,Kotak Mahindra Bank Limited has informed the Exchange about press release dated 08-Jul-2022 titled Kotak Mahindra Bank Acquires DLL India���s Agri and Healthcare Equipment Financing Portfolio
08-Jul-2022 11:49:00,Loss of share certificate,"Pursuant to Regulation 39(3) of the Securities and Exchange Board of India (Listing Obligations and Disclosure Requirements) Regulations, 2015, we enclose the details of intimation(s) received from th"
07-Jul-2022 15:11:30,Loss of share certificate,"Pursuant to Regulation 39(3) of the Securities and Exchange Board of India (Listing Obligations and Disclosure Requirements) Regulations, 2015, we enclose the details of intimation(s) received from th"
07-Jul-2022 11:31:36,News Verification,KOTAKBANK : The Exchange has sought clarification from Kotak Mahindra Bank Limited with respect to recent news item captioned RBI fined Rs 1.05 crore on Kotak Mahindra Bank.  The response from the Com
06-Jul-2022 17:13:33,News Verification,KOTAKBANK : The Exchange has sought clarification from Kotak Mahindra Bank Limited with respect to recent news item captioned RBI fined Rs 1.05 crore on Kotak Mahindra Bank.  The response from the Com
06-Jul-2022 12:52:03,Loss of share certificate,"Pursuant to Regulation 39(3) of the Securities and Exchange Board of India (Listing Obligations and Disclosure Requirements) Regulations, 2015, we wish to inform you that the Bank has on July 5, 2022,"
30-Jun-2022 17:19:09,ESOP/ESPS/SBEB Scheme,"The ESOP Allotment Committee of the Bank, at its Meeting held on today, allotted 2,87,246 Equity Shares of Rs.5/- each, pursuant to the exercise of equivalent number of Employee Stock Options pursuant"
30-Jun-2022 11:54:03,Loss of share certificate,"Pursuant to Regulation 39(3) of the Securities and Exchange Board of India (Listing Obligations and Disclosure Requirements) Regulations, 2015, we enclose the details of intimation(s) received from th"
21-Jun-2022 17:32:16,Loss of share certificate,"Pursuant to Regulation 39(3) of the Securities and Exchange Board of India (Listing Obligations and Disclosure Requirements) Regulations, 2015, we enclose the details of intimation(s) received from th"
20-Jun-2022 16:49:31,Newspaper Advertisements,"Pursuant to the Regulation 47 of the Securities and Exchange Board of India (Listing Obligations and Disclosure Requirements) Regulations, 2015, we enclose copies of the clippings of notice of loss/mi"
18-Jun-2022 21:53:51,Disclosure under SEBI Takeover Regulations,"Disclosure under Regulation 31 under SEBI (SAST) Regulations, 2011 has been submitted."
18-Jun-2022 21:49:32,Disclosure under SEBI Takeover Regulations,"Disclosure under Regulation 31 under SEBI (SAST) Regulations, 2011 has been submitted."
18-Jun-2022 21:45:55,Disclosure under SEBI Takeover Regulations,"Disclosure under Regulation 31 under SEBI (SAST) Regulations, 2011 has been submitted."
18-Jun-2022 21:45:04,Disclosure under SEBI Takeover Regulations,"Disclosure under Regulation 31 under SEBI (SAST) Regulations, 2011 has been submitted."
09-Jun-2022 18:41:31,Loss of share certificate,"Pursuant to Regulation 39(3) of the Securities and Exchange Board of India (Listing Obligations and Disclosure Requirements) Regulations, 2015, we enclose the details of intimation(s) received from th"
06-Jun-2022 15:26:18,Schedule of Analysts/Institutional Investor Meet/Con. Call,"Pursuant to the provisions of Regulation 30 of the SEBI (Listing Obligations and Disclosure Requirements) Regulations, 2015, please note that the representative(s) of Kotak Mahindra Bank Limited will "
02-Jun-2022 18:07:49,Loss of share certificate,"Pursuant to Regulation 39(3) of the Securities and Exchange Board of India (Listing Obligations and Disclosure Requirements) Regulations, 2015, we enclose the details of intimation(s) received from th"
01-Jun-2022 14:41:32,Loss of share certificate,"Pursuant to Regulation 39(3) of the Securities and Exchange Board of India (Listing Obligations and Disclosure Requirements) Regulations, 2015, we enclose the details of intimation(s) received from th"
31-May-2022 17:58:40,Loss of share certificate,"Pursuant to Regulation 39(3) of the Securities and Exchange Board of India (Listing Obligations and Disclosure Requirements) Regulations, 2015, we enclose the details of intimation(s) received from th"
30-May-2022 23:24:54,General updates,"Pursuant to the provisions of Regulation 24A of the Securities and Exchange Board of India (Listing Obligations and Disclosure Requirements) Regulations, 2015 read with circular of SEBI dated February"
27-May-2022 10:52:55,Loss of share certificate,"Pursuant to Regulation 39(3) of the Securities and Exchange Board of India (Listing Obligations and Disclosure Requirements) Regulations, 2015, we enclose the details of intimation(s) received from th"
26-May-2022 23:15:11,General updates,"Kotak Mahindra Bank Limited has informed the Exchange about analyst / investor meeting on May 26, 2022 at an event ��� ���Kotak 811 Unveiled��� and inform you that the video recording of the aforesaid"
26-May-2022 18:26:39,Investor Presentation,Kotak Mahindra Bank Limited has informed the Exchange about Investor Presentation
25-May-2022 15:42:20,Schedule of Analysts/Institutional Investor Meet/Con. Call,"Pursuant to the provisions of Regulation 30 of the SEBI (Listing Obligations and Disclosure Requirements) Regulations, 2015, please note that the representative(s) of Kotak Mahindra Bank Limited will "
23-May-2022 20:30:19,Postal Ballot,"This has reference to our letter dated April 19, 2022 enclosing the Postal Ballot Notice dated April 18, 2022 along with the Explanatory Statement dispatched for seeking the approval of the Members of"
20-May-2022 16:03:49,Newspaper Advertisements,"Pursuant to the Regulation 47 of the Securities and Exchange Board of India (Listing Obligations and Disclosure Requirements) Regulations, 2015, we enclose copies of the clippings of notice of loss/mi"
19-May-2022 16:25:14,Loss of share certificate,"Pursuant to Regulation 39(3) of the Securities and Exchange Board of India (Listing Obligations and Disclosure Requirements) Regulations, 2015, we enclose the details of intimation(s) received from th"
18-May-2022 11:57:13,Schedule of Analysts/Institutional Investor Meet/Con. Call,"Pursuant to the provisions of Regulation 30 of the SEBI (Listing Obligations and Disclosure Requirements) Regulations, 2015, please note that the representative(s) of Kotak Mahindra Bank Limited will "
17-May-2022 14:52:09,Loss of share certificate,"Pursuant to Regulation 39(3) of the Securities and Exchange Board of India (Listing Obligations and Disclosure Requirements) Regulations, 2015, we enclose the details of intimation(s) received from th"
12-May-2022 14:33:00,Schedule of Analysts/Institutional Investor Meet/Con. Call,"Pursuant to the provisions of Regulation 30 of the SEBI (Listing Obligations and Disclosure Requirements) Regulations, 2015, please note that the representative(s) of Kotak Mahindra Bank Limited will "
12-May-2022 11:58:03,ESOP/ESPS/SBEB Scheme,"Kotak Mahindra Bank Limited has informed the Exchange about The ESOP Allotment Committee of the Bank, at its Meeting held on May 12, 2022, allotted 4,85,298 Equity Shares of Rs.5/- each, pursuant to t"
11-May-2022 17:16:23,General updates,Kotak Mahindra Bank Limited has informed the Exchange about Grant of Employee Stock Options
11-May-2022 13:27:48,Schedule of Analysts/Institutional Investor Meet/Con. Call,"Pursuant to the provisions of Regulation 30 of the SEBI (Listing Obligations and Disclosure Requirements) Regulations, 2015, please note that the representative(s) of Kotak Mahindra Bank Limited will "
10-May-2022 16:44:04,Loss of share certificate,Intimation of loss of share certificates and effecting issue of duplicate share certificates through ���Letter of Confirmation���
09-May-2022 12:27:30,Transcript of Analysts/Institutional Investor Meet/Con. Call,"Transcript of the Earnings Conference Call on the Consolidated and Standalone Audited Financial Results of the Bank for the Financial Year ended March 31, 2022 held on May 4, 2022 at 6:00 p.m. (IST)"
09-May-2022 08:24:35,Related Party Transaction,Kotak Mahindra Bank Limited has informed the Exchange about related party transaction for the period ended March 2022
06-May-2022 13:16:17,Loss of share certificate,Intimation of issue of Duplicate share certificate(s) and effecting issue of duplicate share certificate(s) through ���Letter of Confirmation���
05-May-2022 18:39:58,General updates,Transfer of unclaimed dividend and the eligible Equity Shares of the Bank to the Investor Education and Protection Fund. 
05-May-2022 18:35:47,Newspaper Advertisements,"In terms of Regulation 47(1) and Regulation 52(8) of the Securities and Exchange Board of India (Listing Obligations and Disclosure Requirements) Regulations, 2015 (""Listing Regulations���), please fi"
04-May-2022 21:11:24,Recording of Analysts/Institutional Investor Meet/Con. Call,We wish to inform you that the Audio Recording of the Earnings Conference Call in connection with theConsolidated and Standalone Audited Financial Results of the Bank for the Financial Year endedMarch
04-May-2022 14:50:03,Investor Presentation,Kotak Mahindra Bank Limited has informed the Exchange about Investor Presentation in connection with  the consolidated and  Standalone  Financial Results of Kotak Mahindra Bank Limited for the Financi
04-May-2022 13:28:18,Appointment,"Kotak Mahindra Bank Limited  has informed the Exchange about appointment of SHANTI EKAMBARAM as Executive Director of the company w.e.f. 01-Nov-2022 or from the date of regulatory approvals, whichever"
04-May-2022 13:24:08,Dividend,"Kotak Mahindra Bank Limited has informed the Exchange that Board of Directors at its meeting held on 04-May-2022, declared Dividend of Rs. 1.10 per equity share."
04-May-2022 13:24:05,Outcome of Board Meeting,Kotak Mahindra Bank Limited  has informed the Exchange about outcome Board Meeting held on 04-May-2022 
04-May-2022 13:16:27,Financial Result Updates,"Kotak Mahindra Bank Limited has submitted to the Exchange, the financial results for the period ended March 31, 2022."
27-Apr-2022 19:03:32,General updates,"Pursuant to Regulation 30 of the of the Securities and Exchange Board of India (Listing Obligations and Disclosure Requirements) Regulations, 2015 (""Listing Regulations""), we wish  to inform you that "
26-Apr-2022 18:22:53,Loss of share certificate,"Pursuant to Regulation 39(3) of the Securities and Exchange Board of India (Listing Obligations and Disclosure Requirements) Regulations, 2015, we enclose the details of intimation(s) received from th"
21-Apr-2022 18:30:58,Loss of share certificate,"Pursuant to Regulation 39(3) of the Securities and Exchange Board of India (Listing Obligations andDisclosure Requirements) Regulations, 2015, we enclose the details of intimation(s) received fromthe "
20-Apr-2022 19:58:50,Trading Plan under SEBI (PIT) Regulations,"Pursuant to Regulation 5(5) of the Securities and Exchange Board of India (Prohibition of Insider Trading) Regulations, 2015, please find enclosed, in Annexure IX, the Trading Plan dated April 19, 202"
20-Apr-2022 18:35:17,Loss of share certificate,"Pursuant to Regulation 39(3) of the Securities and Exchange Board of India (Listing Obligations andDisclosure Requirements) Regulations, 2015, we enclose the details of intimation(s) received fromthe "
20-Apr-2022 18:30:37,Newspaper Advertisements,"Pursuant to Regulation 47 of the Securities and Exchange Board of India (Listing Obligations and Disclosure Requirements) Regulations, 2015, we enclose a copy of the Notice published by Kotak Mahindra"
19-Apr-2022 14:24:40,Postal Ballot,Kotak Mahindra Bank Limited has informed the Exchange about Notice of Postal Ballot
11-Apr-2022 20:19:17,Disclosure under SEBI Takeover Regulations,Promoter/Promoter Group of Kotak Mahindra Bank Limited has submitted a disclosure under Regulation 31(4) of SEBI Takeover Regulations for the year ended 31-Mar-2022
07-Apr-2022 19:47:33,Loss of share certificate,"Pursuant to Regulation 39(3) of the Securities and Exchange Board of India (Listing Obligations and Disclosure Requirements) Regulations, 2015, we enclose the details of intimation(s) received from th"
07-Apr-2022 15:50:44,Loss of share certificate,"Pursuant to Regulation 39(3) of the Securities and Exchange Board of India (Listing Obligations and Disclosure Requirements) Regulations, 2015, we enclose the details of intimation(s) received from th"
31-Mar-2022 19:25:31,Loss of share certificate,"Pursuant to Regulation 39(3) of the Securities and Exchange Board of India (Listing Obligations and Disclosure Requirements) Regulations, 2015, we wish to inform you that the Bank has, on March 29, 20"
30-Mar-2022 10:04:36,ESOP/ESPS/SBEB Scheme,"Kotak Mahindra Bank Limited has informed the Exchange about ESOP/ESPS/SBEB Scheme, The ESOP Allotment Committee of the Bank, at its Meeting held on March 30, 2022, allotted 2,88,029 Equity Shares of R"
24-Mar-2022 18:38:56,Newspaper Advertisements,"Pursuant to Regulation 47 of the Securities and Exchange Board of India (Listing Obligations and Disclosure Requirements) Regulations, 2015, we enclose copies of the notice of loss/misplacement of sha"
24-Mar-2022 16:30:13,Trading Plan under SEBI (PIT) Regulations,"Rectification in Trading Plan of Mr. Manish Mehta - Joint President, an employee of the Bank's Subsidiary, Kotak Mahindra Asset Management Co. Ltd., submitted pursuant to Regulation 5(5) of Securities"
23-Mar-2022 13:40:46,Acquisition,"Kotak Mahindra Bank Limited has informed the Exchange about Acquisition - Kotak Mahindra Bank Limited (���Bank���) has subscribed to 10,00,000 Equity Shares of Open Network for Digital Commerce (���ON"
23-Mar-2022 13:37:23,Schedule of Analysts/Institutional Investor Meet/Con. Call,Kotak Mahindra Bank Limited has informed the Exchange about Schedule of Analysts/Institutional Investor Meet/Con. Call 
21-Mar-2022 09:04:08,General updates,Kotak Mahindra Bank Limited has informed the Exchange about appointment of Director
18-Mar-2022 17:53:26,General updates,"Kotak Mahindra Bank Limited has informed the Exchange about Declaration and payment of dividend for the financial year ending March 31, 2022 on the 8.10% Non-Convertible Perpetual Non-Cumulative Prefe"
18-Mar-2022 17:10:36,Appointment,Kotak Mahindra Bank Limited  has informed the Exchange about appointment of Amit Desai as Non Executive Director of the Bank w.e.f. 18-Mar-2022
16-Mar-2022 09:07:41,Loss of share certificate,Kotak Mahindra Bank Limited has informed the Exchange about Intimation of loss of share certificates and effecting issue of duplicate share certificates through ���Letter of Confirmation���
14-Mar-2022 13:26:20,Schedule of Analysts/Institutional Investor Meet/Con. Call,Kotak Mahindra Bank Limited has informed the Exchange about Schedule of Analysts/Institutional Investor Meet/Con. Call 
11-Mar-2022 18:48:55,Schedule of Analysts/Institutional Investor Meet/Con. Call,"Kotak Mahindra Bank Limited has informed the Exchange about Schedule of Analysts/Institutional Investor Meet/Con. Call ,"
07-Mar-2022 11:48:25,ESOP/ESPS/SBEB Scheme,"Kotak Mahindra Bank Limited has informed the Exchange about ESOP/ESPS/SBEB Scheme- The ESOP Allotment Committee of the Bank, at its Meeting held on March 7, 2022, allotted 2,92,365 Equity Shares of Rs"
07-Mar-2022 00:31:12,Loss of share certificate,Kotak Mahindra Bank Limited has informed the Exchange about loss of share certificates and effecting issue of duplicate share certificates through Letter of Confirmation
02-Mar-2022 21:09:01,Loss of share certificate,"Kotak Mahindra Bank Limited has informed the Exchange about Loss of share certificate, Pursuant to Regulation 39(3) of the Securities and Exchange Board of India (Listing Obligations and Disclosure Re"
24-Feb-2022 17:06:44,Schedule of Analysts/Institutional Investor Meet/Con. Call,Kotak Mahindra Bank Limited has informed the Exchange about Schedule of Analysts/Institutional Investor Meet/Con. Call 
22-Feb-2022 17:47:56,Loss of share certificate,"Kotak Mahindra Bank Limited has informed the Exchange about Loss of share certificate,Pursuant to Regulation 39 (3) of the Securities and Exchange Board of India (Listing Obligations and Disclosure Re"
22-Feb-2022 17:25:23,Schedule of Analysts/Institutional Investor Meet/Con. Call,"Kotak Mahindra Bank Limited has informed the Exchange about Schedule of Analysts/Institutional Investor Meet/Con. Call, Pursuant to the provisions of Regulation 30 of the SEBI (Listing Obligations and"
22-Feb-2022 04:26:45,Loss of share certificate,"Pursuant to Regulation 39 (3) of the Securities and Exchange Board of India (Listing Obligations and Disclosure Requirements) Regulations, 2015, we enclose the intimation/s received from the sharehold"
21-Feb-2022 13:38:03,Loss of share certificate,Kotak Mahindra Bank Limited has informed the Exchange about Loss of share certificate
18-Feb-2022 13:39:26,Analysts/Institutional Investor Meet/Con. Call Updates,Kotak Mahindra Bank Limited has informed the Exchange about Schedule of meet
15-Feb-2022 13:00:43,Analysts/Institutional Investor Meet/Con. Call Updates,Kotak Mahindra Bank Limited has informed the Exchange about Schedule of meet
15-Feb-2022 12:56:46,Analysts/Institutional Investor Meet/Con. Call Updates,Kotak Mahindra Bank Limited has informed the Exchange about Schedule of meet
14-Feb-2022 13:30:46,Analysts/Institutional Investor Meet/Con. Call Updates,Kotak Mahindra Bank Limited has informed the Exchange about Schedule of meet
11-Feb-2022 15:38:20,Loss of Share Certificates,Kotak Mahindra Bank Limited has informed the Exchange about Loss of Share Certificates
11-Feb-2022 15:36:45,Analysts/Institutional Investor Meet/Con. Call Updates,Kotak Mahindra Bank Limited has informed the Exchange about Schedule of meet
10-Feb-2022 15:21:19,Analysts/Institutional Investor Meet/Con. Call Updates,Kotak Mahindra Bank Limited has informed the Exchange about Schedule of meet
10-Feb-2022 10:59:27,Loss of Share Certificates,Kotak Mahindra Bank Limited has informed the Exchange about Loss of Share Certificates
09-Feb-2022 11:59:10,Analysts/Institutional Investor Meet/Con. Call Updates,Kotak Mahindra Bank Limited has informed the Exchange about Schedule of meet
03-Feb-2022 17:55:09,Loss of Share Certificates,Kotak Mahindra Bank Limited has informed the Exchange about Loss of Share Certificates
03-Feb-2022 10:47:32,ESOP/ESOS/ESPS,Kotak Mahindra Bank Limited has informed the Exchange regarding Allotment of 181397  Shares.
02-Feb-2022 16:03:02,Loss of Share Certificates,Kotak Mahindra Bank Limited has informed the Exchange about Loss of Share Certificates
31-Jan-2022 19:00:38,Loss of Share Certificates,Kotak Mahindra Bank Limited has informed the Exchange about Loss of Share Certificates
29-Jan-2022 16:37:44,Copy of Newspaper Publication,Kotak Mahindra Bank Limited has informed the Exchange about Copy of Newspaper Publication
28-Jan-2022 13:52:51,Investor Presentation,Kotak Mahindra Bank Limited has informed the Exchange about Investor Presentation
28-Jan-2022 12:43:31,Financial Result Updates,"Kotak Mahindra Bank Limited has submitted to the Exchange, the financial results for the period ended December 31, 2021."
25-Jan-2022 19:29:41,Updates,Kotak Mahindra Bank Limited has informed the Exchange regarding 'Clippings of advertisement in Newspaper'.
25-Jan-2022 19:26:01,Loss of Share Certificates,Kotak Mahindra Bank Limited has informed the Exchange about Loss of Share Certificates
24-Jan-2022 17:09:12,Loss of Share Certificates,Kotak Mahindra Bank Limited has informed the Exchange about Loss of Share Certificates
21-Jan-2022 22:07:52,Trading Plan under PIT,"Kotak Mahindra Bank Limited has informed the Exchange regarding Trading Plan pursuant to SEBI (Prohibition of Insider Trading) Regulations, 2015"
21-Jan-2022 16:37:07,Updates,Kotak Mahindra Bank Limited has informed the Exchange regarding 'Intimation of the results of Postal Ballot'.
20-Jan-2022 15:19:30,Loss of Share Certificates,Kotak Mahindra Bank Limited has informed the Exchange about Loss of Share Certificates
19-Jan-2022 18:20:10,Loss of Share Certificates,Kotak Mahindra Bank Limited has informed the Exchange about Loss of Share Certificates
19-Jan-2022 16:13:31,Updates,"Kotak Mahindra Bank Limited has informed the Exchange regarding 'Earnings Conference Call On January 28, 2022 At 6.00 P.M. (IST).'."
15-Jan-2022 16:38:38,Loss of Share Certificates,Kotak Mahindra Bank Limited has informed the Exchange about Loss of Share Certificates
12-Jan-2022 22:24:37,Loss of Share Certificates,Kotak Mahindra Bank Limited has informed the Exchange about Loss of Share Certificates
12-Jan-2022 18:19:22,Updates,"Kotak Mahindra Bank Limited has informed the Exchange that,  as an update to our disclosure dated January 30, 2020, please note that the Board of Directors of the Bank has taken note of the RBI s pres"
11-Jan-2022 16:07:42,Loss of Share Certificates,Kotak Mahindra Bank Limited has informed the Exchange about Loss of Share Certificates
10-Jan-2022 13:44:11,Loss of Share Certificates,Kotak Mahindra Bank Limited has informed the Exchange about Loss of Share Certificates
06-Jan-2022 19:36:42,Trading Plan under PIT,"Kotak Mahindra Bank Limited has informed the Exchange regarding Trading Plan pursuant to SEBI (Prohibition of Insider Trading) Regulations, 2015"
31-Dec-2021 12:30:14,ESOP/ESOS/ESPS,Kotak Mahindra Bank Limited has informed the Exchange regarding Allotment of 311760  Shares.
24-Dec-2021 15:51:54,Loss of Share Certificates,Kotak Mahindra Bank Limited has informed the Exchange about Loss of Share Certificates
22-Dec-2021 17:42:06,Updates,Kotak Mahindra Bank Limited has informed the Exchange regarding 'Kotak Mahindra Group acquires Passenger Vehicle Financing Portfolio of Ford Credit India Private Limited'.
21-Dec-2021 15:46:24,Copy of Newspaper Publication,"In terms of Regulation 47 of the Securities and Exchange Board of India (Listing Obligations and Disclosure Requirements) Regulations, 2015 (""Listing Regulations ), we submit herewith, copies of the n"
20-Dec-2021 11:55:19,Shareholders meeting,"In terms of Regulations 30 and 44 of the SEBI (Listing Obligations and Disclosure Requirements) Regulations, 2015 (""SEBI Listing Regulations""), we attach herewith a copy of the Postal Ballot Notice, d"
17-Dec-2021 20:16:34,Updates,"Kotak Mahindra Bank Limited has informed the Exchange regarding 'Pursuant to Regulation 30 of the Securities and Exchange Board of India (Listing Obligations & Disclosure Requirements) Regulations, 20"
17-Dec-2021 18:28:36,Loss of Share Certificates,Kotak Mahindra Bank Limited has informed the Exchange about Loss of Share Certificates
16-Dec-2021 15:15:48,Copy of Newspaper Publication,"Kotak Mahindra Bank Limited has informed the Exchange about Copy of Newspaper Publication, Pursuant to Regulation 47 of the Securities and Exchange Board of India (Listing Obligations and Disclosure R"
16-Dec-2021 14:56:05,Loss of Share Certificates,Kotak Mahindra Bank Limited has informed the Exchange about Loss of Share Certificates
13-Dec-2021 15:32:54,Loss of Share Certificates,Kotak Mahindra Bank Limited has informed the Exchange about Loss of Share Certificates
11-Dec-2021 13:56:12,Updates,"Pursuant to the provisions of Regulation 30 of the Securities and Exchange Board of India (Listing Obligations and Disclosure Requirements) Regulations, 2015 (""Listing Regulations""), we wish to inform"
11-Dec-2021 13:40:31,Appointment,"Kotak Mahindra Bank Limited has informed the Exchange regarding Appointment of Ms Ashu Suyash as an Independent Director of the company w.e.f. January 24, 2022."
08-Dec-2021 20:31:28,Loss of Share Certificates,Kotak Mahindra Bank Limited has informed the Exchange about Loss of Share Certificates
07-Dec-2021 16:34:17,ESOP/ESOS/ESPS,Kotak Mahindra Bank Limited has informed the Exchange regarding Allotment of 329210  Shares.
07-Dec-2021 12:18:51,Updates,Kotak Mahindra Bank Limited has informed the Exchange regarding 'With reference to Regulations 29(1) and 50(1) of the Securities and Exchange Board of India (Listing Obligations and Disclosure Require
03-Dec-2021 19:59:12,Loss of Share Certificates,Kotak Mahindra Bank Limited has informed the Exchange about Loss of Share Certificates
02-Dec-2021 19:16:18,Loss of Share Certificates,Kotak Mahindra Bank Limited has informed the Exchange about Loss of Share Certificates
02-Dec-2021 17:26:50,Trading Plan under PIT,"Kotak Mahindra Bank Limited has informed the Exchange regarding Trading Plan pursuant to SEBI (Prohibition of Insider Trading) Regulations, 2015"
02-Dec-2021 12:46:40,Loss of Share Certificates,Kotak Mahindra Bank Limited has informed the Exchange about Loss of Share Certificates
01-Dec-2021 18:11:39,Loss of Share Certificates,Kotak Mahindra Bank Limited has informed the Exchange about Loss of Share Certificates
29-Nov-2021 18:08:02,Loss of Share Certificates,Kotak Mahindra Bank Limited has informed the Exchange about Loss of Share Certificates
29-Nov-2021 13:41:44,Updates,Kotak Mahindra Bank Limited has informed the Exchange regarding 'Approval to Life Insurance Corporation of India by the Reserve Bank of.India for acquiring shares of Kotak Mahindra Bank Limited'.
25-Nov-2021 18:23:17,Loss of Share Certificates,Kotak Mahindra Bank Limited has informed the Exchange about Loss of Share Certificates
23-Nov-2021 18:04:04,Loss of Share Certificates,Kotak Mahindra Bank Limited has informed the Exchange about Loss of Share Certificates
23-Nov-2021 15:27:00,Analysts/Institutional Investor Meet/Con. Call Updates,Kotak Mahindra Bank Limited has informed the Exchange about Schedule of meet
17-Nov-2021 20:55:17,Trading Plan under PIT,"Kotak Mahindra Bank Limited has informed the Exchange regarding Trading Plan pursuant to SEBI (Prohibition of Insider Trading) Regulations, 2015"
17-Nov-2021 20:36:03,Trading Plan under PIT,"Kotak Mahindra Bank Limited has informed the Exchange regarding Trading Plan pursuant to SEBI (Prohibition of Insider Trading) Regulations, 2015"
16-Nov-2021 15:56:32,Analysts/Institutional Investor Meet/Con. Call Updates,Kotak Mahindra Bank Limited has informed the Exchange about Schedule of meet
15-Nov-2021 18:15:15,Analysts/Institutional Investor Meet/Con. Call Updates,Kotak Mahindra Bank Limited has informed the Exchange about Schedule of meet
15-Nov-2021 18:12:13,Analysts/Institutional Investor Meet/Con. Call Updates,Kotak Mahindra Bank Limited has informed the Exchange about Schedule of meet
15-Nov-2021 14:31:01,Loss of Share Certificates,Kotak Mahindra Bank Limited has informed the Exchange about Loss of Share Certificates
12-Nov-2021 19:47:41,Analysts/Institutional Investor Meet/Con. Call Updates,Kotak Mahindra Bank Limited has informed the Exchange about Schedule of meet
12-Nov-2021 19:45:23,Analysts/Institutional Investor Meet/Con. Call Updates,Kotak Mahindra Bank Limited has informed the Exchange about Schedule of meet
10-Nov-2021 20:48:57,Updates,Kotak Mahindra Bank Limited has informed the Exchange regarding 'Investment inKfin Technologies Private Limited.'.
09-Nov-2021 17:47:06,ESOP/ESOS/ESPS,Kotak Mahindra Bank Limited has informed the Exchange regarding Allotment of 171296  Shares.
09-Nov-2021 14:08:12,Loss of Share Certificates,Kotak Mahindra Bank Limited has informed the Exchange about Loss of Share Certificates
09-Nov-2021 13:41:41,Analysts/Institutional Investor Meet/Con. Call Updates,Kotak Mahindra Bank Limited has informed the Exchange about Schedule of meet
08-Nov-2021 14:07:16,Analysts/Institutional Investor Meet/Con. Call Updates,Kotak Mahindra Bank Limited has informed the Exchange about Schedule of meet
03-Nov-2021 22:04:08,Loss of Share Certificates,Kotak Mahindra Bank Limited has informed the Exchange about Loss of Share Certificates
03-Nov-2021 14:24:28,Loss of Share Certificates,Kotak Mahindra Bank Limited has informed the Exchange about Loss of Share Certificates
29-Oct-2021 19:53:40,Loss of Share Certificates,Kotak Mahindra Bank Limited has informed the Exchange about Loss of Share Certificates
28-Oct-2021 18:13:56,Trading Plan under PIT,"Kotak Mahindra Bank Limited has informed the Exchange regarding Trading Plan pursuant to SEBI (Prohibition of Insider Trading) Regulations, 2015"
28-Oct-2021 18:08:51,Trading Plan under PIT,"Kotak Mahindra Bank Limited has informed the Exchange regarding Trading Plan pursuant to SEBI (Prohibition of Insider Trading) Regulations, 2015"
27-Oct-2021 19:19:47,Copy of Newspaper Publication,Kotak Mahindra Bank Limited has informed the Exchange about Copy of Newspaper Publication
26-Oct-2021 18:10:34,Trading Plan under PIT,"Kotak Mahindra Bank Limited has informed the Exchange regarding Trading Plan pursuant to SEBI (Prohibition of Insider Trading) Regulations, 2015"
26-Oct-2021 14:30:11,Related Party Transactions,Kotak Mahindra Bank Limited has informed the Exchange about related Party Transactions
26-Oct-2021 14:13:56,Investor Presentation,Kotak Mahindra Bank Limited has informed the Exchange about Investor Presentation
26-Oct-2021 12:53:45,Financial Result Updates,"Kotak Mahindra Bank Limited has submitted to the Exchange, the financial results for the period ended September 30, 2021."
25-Oct-2021 10:01:29,Loss of Share Certificates,Kotak Mahindra Bank Limited has informed the Exchange about Loss of Share Certificates
20-Oct-2021 10:40:24,Loss of Share Certificates,Kotak Mahindra Bank Limited has informed the Exchange about Loss of Share Certificates
19-Oct-2021 14:08:25,Copy of Newspaper Publication,"Kotak Mahindra Bank Limited has informed the Exchange about Copy of Newspaper Publication  of the Notice published by Kotak Mahindra Bank Limited in Business Standard, an English daily and in Navashak"
18-Oct-2021 14:46:19,Updates,"Kotak Mahindra Bank Limited has informed the Exchange regarding 'Earnings conference call on October 26, 2021 at 6.00 p.m. (IST).'."
13-Oct-2021 18:48:26,Loss of Share Certificates,Kotak Mahindra Bank Limited has informed the Exchange about Loss of Share Certificates
11-Oct-2021 19:59:12,Loss of Share Certificates,Kotak Mahindra Bank Limited has informed the Exchange about Loss of Share Certificates
08-Oct-2021 18:51:21,Loss of Share Certificates,Kotak Mahindra Bank Limited has informed the Exchange about Loss of Share Certificates
07-Oct-2021 18:10:34,Loss of Share Certificates,Kotak Mahindra Bank Limited has informed the Exchange about Loss of Share Certificates
06-Oct-2021 19:53:01,Loss of Share Certificates,Kotak Mahindra Bank Limited has informed the Exchange about Loss of Share Certificates
04-Oct-2021 20:41:06,Loss of Share Certificates,Kotak Mahindra Bank Limited has informed the Exchange about Loss of Share Certificates
30-Sep-2021 17:23:33,Loss of Share Certificates,Kotak Mahindra Bank Limited has informed the Exchange about Loss of Share Certificates
30-Sep-2021 17:06:27,ESOP/ESOS/ESPS,Kotak Mahindra Bank Limited has informed the Exchange regarding Allotment of 63928  Shares.
23-Sep-2021 20:44:49,Loss of Share Certificates,Kotak Mahindra Bank Limited has informed the Exchange about Loss of Share Certificates
23-Sep-2021 14:54:33,Loss of Share Certificates,Kotak Mahindra Bank Limited has informed the Exchange about Loss of Share Certificates
20-Sep-2021 10:13:24,Updates,"Kotak Mahindra Bank Limited has informed the Exchange regarding 'Kotak Mahindra Bank Limited (the  Bank ) has agreed to subscribe to 1,67,25,100 Equity Shares in KFin Technologies Private Limited for "
20-Sep-2021 09:52:54,Analysts/Institutional Investor Meet/Con. Call Updates,Kotak Mahindra Bank Limited has informed the Exchange about Analysts/Institutional Investor Meet/Con. Call Updates
20-Sep-2021 09:47:53,Analysts/Institutional Investor Meet/Con. Call Updates,Kotak Mahindra Bank Limited has informed the Exchange about Analysts/Institutional Investor Meet/Con. Call Updates
16-Sep-2021 18:58:47,Loss of Share Certificates,Kotak Mahindra Bank Limited has informed the Exchange about Loss of Share Certificates
16-Sep-2021 16:15:12,Updates,Kotak Mahindra Bank Limited has informed the Exchange regarding ' a copy of the Media release titled  Kotak Mahindra Group Acquires Vehicle Financing Portfolio of Volkswagen Finance  in connection wit
14-Sep-2021 12:45:21,Loss of Share Certificates,Kotak Mahindra Bank Limited has informed the Exchange about Loss of Share Certificates
14-Sep-2021 12:43:03,Analysts/Institutional Investor Meet/Con. Call Updates,Kotak Mahindra Bank Limited has informed the Exchange about Analysts/Institutional Investor Meet/Con. Call Updates
13-Sep-2021 13:49:38,Analysts/Institutional Investor Meet/Con. Call Updates,Kotak Mahindra Bank Limited has informed the Exchange about Analysts/Institutional Investor Meet/Con. Call Updates
08-Sep-2021 14:16:29,ESOP/ESOS/ESPS,Kotak Mahindra Bank Limited has informed the Exchange regarding Allotment of 105831  Shares.
07-Sep-2021 20:28:47,Loss of Share Certificates,Kotak Mahindra Bank Limited has informed the Exchange about Loss of Share Certificates
03-Sep-2021 16:37:24,Loss of Share Certificates,Kotak Mahindra Bank Limited has informed the Exchange about Loss of Share Certificates
02-Sep-2021 16:48:51,Loss of Share Certificates,Kotak Mahindra Bank Limited has informed the Exchange about Loss of Share Certificates
01-Sep-2021 16:53:13,Loss of Share Certificates,Kotak Mahindra Bank Limited has informed the Exchange about Loss of Share Certificates
01-Sep-2021 16:50:37,Updates,"Kotak Mahindra Bank Limited has informed the Exchange regarding 'Execution of a Share Purchase Agreement by Kotak Mahindra Bank Limited for sale of 20,00,00,000 equity shares (8.57% shareholding on a "
31-Aug-2021 09:06:03,Updates,"Kotak Mahindra Bank Limited has informed the Exchange regarding 'Revised Intimation - Kotak Mahindra Bank Limited ( Bank ) had executed a Share Purchase Agreement for sale of 20,00,00,000 equity share"
30-Aug-2021 22:43:27,Loss of Share Certificates,Kotak Mahindra Bank Limited has informed the Exchange about Loss of Share Certificates
30-Aug-2021 22:35:57,Updates,"Kotak Mahindra Bank Limited has informed the Exchange regarding ' Kotak Mahindra Bank Limited ( Bank ) has executed a Share Purchase Agreement for sale of 20,00,00,000 equity shares of Airtel Payments"
27-Aug-2021 10:23:24,Updates,"Kotak Mahindra Bank Limited has informed the Exchange regarding 'Outcome of the 36th Annual General Meeting of the Members of the Bank '. - The Bank had appointed Ms. Rupal Jhaveri, Practicing Company"
26-Aug-2021 13:20:19,Loss of Share Certificates,Kotak Mahindra Bank Limited has informed the Exchange about Loss of Share Certificates
26-Aug-2021 11:58:01,Updates,Kotak Mahindra Bank Limited has informed the Exchange regarding 'Outcome of the 36th Annual General Meeting of the Members of Kotak Mahindra Bank Limited.'.
26-Aug-2021 11:09:26,Updates,Kotak Mahindra Bank Limited has informed the Exchange regarding 'Outcome of the 36th Annual General Meeting of the Members of Kotak Mahindra Bank Limited.'.
25-Aug-2021 16:16:32,Updates,"Kotak Mahindra Bank Limited has informed the Exchange regarding 'Chairman's Speech and the presentation made to the Members at the 36th Annual General Meeting of the Bank held today i.e., on Wednesday"
18-Aug-2021 19:23:30,Copy of Newspaper Publication,Kotak Mahindra Bank Limited has informed the Exchange about Copy of Newspaper Publication - Pursuant to Regulation 47 of the Securities and Exchange Board of India (Listing Obligations and Disclosure 
11-Aug-2021 13:54:56,Analysts/Institutional Investor Meet/Con. Call Updates,Kotak Mahindra Bank Limited has informed the Exchange about Analysts/Institutional Investor Meet/Con. Call Updates
10-Aug-2021 20:25:56,Analysts/Institutional Investor Meet/Con. Call Updates,Kotak Mahindra Bank Limited has informed the Exchange about Analysts/Institutional Investor Meet/Con. Call Updates
10-Aug-2021 15:58:26,Updates,"Kotak Mahindra Bank Limited has informed the Exchange regarding 'Re-constitution of Board Committees'. - the Board of Kotak Mahindra Bank Limited has, at its meeting held onAugust 10, 2021, re-constit"
07-Aug-2021 13:07:21,Copy of Newspaper Publication,"Kotak Mahindra Bank Limited has informed the Exchange about Copy of Newspaper Publication - Pursuant to Circular No. SEBI / HO/ MIRSD/ DOS3 /CIR/P/2018/139 dated November 6, 2018 issued by the Securit"
06-Aug-2021 16:26:30,ESOP/ESOS/ESPS,Kotak Mahindra Bank Limited has informed the Exchange regarding Allotment of 242163  Shares.
06-Aug-2021 09:16:21,Analysts/Institutional Investor Meet/Con. Call Updates,Kotak Mahindra Bank Limited has informed the Exchange about Analysts/Institutional Investor Meet/Con. Call Updates
30-Jul-2021 21:21:28,Copy of Newspaper Publication,Kotak Mahindra Bank Limited has informed the Exchange about Copy of Newspaper Publication of AGM Notice
27-Jul-2021 18:28:54,Copy of Newspaper Publication,Kotak Mahindra Bank Limited has informed the Exchange about Copy of Newspaper Publication - Pursuant to Regulation 47 of the Securities and Exchange Board of India (Listing Obligations and Disclosure 
27-Jul-2021 15:25:47,Updates,"Kotak Mahindra Bank Limited has informed the Exchange regarding 'Further to the disclosure dated November 21, 2021, we wish to inform you that Kotak Mahindra Bank Limited ( Bank ) has subscribed to 50"
26-Jul-2021 16:54:20,Record Date,Kotak Mahindra Bank Limited has informed the Exchange that Record date for the purpose of Dividend  is 12-Aug-2021.
26-Jul-2021 14:31:17,Investor Presentation,Kotak Mahindra Bank Limited has informed the Exchange about Investor Presentation
26-Jul-2021 14:20:32,Updates,"Kotak Mahindra Bank Limited has informed the Exchange regarding 'Fixes Record Date for Dividend Payment'. - pursuant to the provisions of Section 42 of the SEBI Listing Regulations, the Board of Direc"
26-Jul-2021 13:40:24,Financial Result Updates,"Kotak Mahindra Bank Limited has submitted to the Exchange, the financial results for the period ended June 30, 2021."
24-Jul-2021 20:49:15,Loss of Share Certificates,Kotak Mahindra Bank Limited has informed the Exchange about Loss of Share Certificates
19-Jul-2021 19:26:49,Updates,"Kotak Mahindra Bank Limited has informed the Exchange regarding 'Earnings conference call on July 26, 2021 at 6.00 p.m. (IST). '."
13-Jul-2021 18:55:34,Copy of Newspaper Publication,"Kotak Mahindra Bank Limited has informed the Exchange about Copy of Newspaper Publication with respect to the Meeting of the Board of Directors of the Kotak Mahindra Bank Limited ( Bank ), scheduled t"
13-Jul-2021 18:48:45,Loss of Share Certificates,Kotak Mahindra Bank Limited has informed the Exchange about Loss of Share Certificates
06-Jul-2021 16:43:37,Updates,"Kotak Mahindra Bank Limited has informed the Exchange regarding 'Investment in Kredent InfoEdge Private Limited ( KIPL ) by Kotak Securities Limited ( KSL ), a subsidiary of Kotak Mahindra Bank Limite"
30-Jun-2021 11:29:33,ESOP/ESOS/ESPS,Kotak Mahindra Bank Limited has informed the Exchange regarding Allotment of 287766  Shares.
18-Jun-2021 14:03:44,ESOP/ESOS/ESPS,Kotak Mahindra Bank Limited has informed the Exchange regarding Grant of 95320  Options.
17-Jun-2021 08:25:28,Updates,"Kotak Mahindra Bank Limited has informed the Exchange regarding 'Intimation of Update regarding  potential impact of second wave of Covid 19, as received from  Kotak Life Insurance Company Limited, a "
07-Jun-2021 18:54:51,Analysts/Institutional Investor Meet/Con. Call Updates,Kotak Mahindra Bank Limited has informed the Exchange about Analysts/Institutional Investor Meet/Con. Call Updates
07-Jun-2021 08:54:58,Analysts/Institutional Investor Meet/Con. Call Updates,Kotak Mahindra Bank Limited has informed the Exchange about Analysts/Institutional Investor Meet/Con. Call Updates
02-Jun-2021 15:01:21,Analysts/Institutional Investor Meet/Con. Call Updates,Kotak Mahindra Bank Limited has informed the Exchange about Analysts/Institutional Investor Meet/Con. Call Updates
01-Jun-2021 19:11:26,Related Party Transactions,Kotak Mahindra Bank Limited has informed the Exchange about related Party Transactions. Pursuant to Regulation 23 (9) of the Securities and Exchange Board of India (Listing Obligations and Disclosure 
31-May-2021 19:35:37,Analysts/Institutional Investor Meet/Con. Call Updates,Kotak Mahindra Bank Limited has informed the Exchange about Analysts/Institutional Investor Meet/Con. Call Updates
31-May-2021 18:32:37,ESOP/ESOS/ESPS,Kotak Mahindra Bank Limited has informed the Exchange regarding Grant of 1106220  Options.
18-May-2021 10:15:07,Updates,"Kotak Mahindra Bank Limited has informed the Exchange regarding ' Acquisition of 1,30,80,000 Equity Shares (~46.7% stake) of Kotak Mahindra Pension Fund Limited(KMPFL) from Kotak Mahindra Asset Manage"
06-May-2021 18:03:46,Updates,Kotak Mahindra Bank Limited has informed the Exchange regarding 'Q4FY21- Revised Investor Presentation'.
06-May-2021 17:22:17,Updates,Kotak Mahindra Bank Limited has informed the Exchange regarding 'Revised Earnings Update Presentation Q4FY21'.
06-May-2021 10:59:38,ESOP/ESOS/ESPS,Kotak Mahindra Bank Limited has informed the Exchange regarding Allotment of 552347  Shares.
05-May-2021 19:06:44,Trading Plan under PIT,"Kotak Mahindra Bank Limited has informed the Exchange regarding Trading Plan pursuant to SEBI (Prohibition of Insider Trading) Regulations, 2015"
04-May-2021 20:37:54,Copy of Newspaper Publication,Kotak Mahindra Bank Limited has informed the Exchange about Copy of Newspaper Publication
03-May-2021 16:29:46,Investor Presentation,Kotak Mahindra Bank Limited has informed the Exchange about Investor Presentation
03-May-2021 15:39:09,Dividend,"Kotak Mahindra Bank Limited has informed the Exchange that Board of Directors at its meeting held on May 03, 2021, recommended Final Dividend of 0.90 per equity share."
03-May-2021 13:16:28,Financial Result Updates,"Kotak Mahindra Bank Limited has submitted to the Exchange, the financial results for the period ended March 31, 2021."
30-Apr-2021 13:47:24,Updates,Kotak Mahindra Bank Limited has informed the Exchange regarding 'Intimation regarding appointment of Mr. Mahesh Balasubramanian as the Managing Director of Kotak Mahindra Life Insurance Company Ltd.'.
29-Apr-2021 15:55:47,Updates,"Kotak Mahindra Bank Limited has informed the Exchange regarding 'Pursuant to Regulation 30 of the Securities and Exchange Board of India (Listing Obligations and Disclosure Requirements) Regulations, "
28-Apr-2021 20:22:31,Copy of Newspaper Publication,Kotak Mahindra Bank Limited has informed the Exchange about Copy of Newspaper Publication - Pursuant to Regulation 47 of the Securities and Exchange Board of India (Listing Obligations and Disclosure 
27-Apr-2021 19:40:17,Loss of Share Certificates,Kotak Mahindra Bank Limited has informed the Exchange about Loss of Share Certificates
26-Apr-2021 15:37:02,Copy of Newspaper Publication,Kotak Mahindra Bank Limited has informed the Exchange about Copy of Newspaper Publication - Pursuant to Regulation 47 of the Securities and Exchange Board of India (Listing Obligations and Disclosure 
24-Apr-2021 20:39:58,Copy of Newspaper Publication,Kotak Mahindra Bank Limited has informed the Exchange about Copy of Newspaper Publication
23-Apr-2021 20:05:23,Trading Plan under PIT,"Kotak Mahindra Bank Limited has informed the Exchange regarding Trading Plan pursuant to SEBI (Prohibition of Insider Trading) Regulations, 2015"
20-Apr-2021 18:07:03,Loss of Share Certificates,Kotak Mahindra Bank Limited has informed the Exchange about Loss of Share Certificates
19-Apr-2021 17:25:36,Trading Plan under PIT,"Kotak Mahindra Bank Limited has informed the Exchange regarding Trading Plan pursuant to SEBI (Prohibition of Insider Trading) Regulations, 2015"
19-Apr-2021 16:26:06,Trading Plan under PIT,"Kotak Mahindra Bank Limited has informed the Exchange regarding Trading Plan pursuant to SEBI (Prohibition of Insider Trading) Regulations, 2015"
15-Apr-2021 10:12:05,Disclosure under SEBI Takeover Regulations,"��Promoter/Member of the Promoter Group of the Bank has informed the Exchange regarding disclosure under Regulation 30 and Regulation 31(4) of SEBI SAST Regulations 2011��as at March 31, 2021."
12-Apr-2021 18:39:05,Loss of Share Certificates,Kotak Mahindra Bank Limited has informed the Exchange about Loss of Share Certificates
06-Apr-2021 17:02:18,Loss of Share Certificates,Kotak Mahindra Bank Limited has informed the Exchange about Loss of Share Certificates
01-Apr-2021 20:11:26,Loss of Share Certificates,Kotak Mahindra Bank Limited has informed the Exchange about Loss of Share Certificates
30-Mar-2021 15:10:09,ESOP/ESOS/ESPS,Kotak Mahindra Bank Limited has informed the Exchange regarding Allotment of 213900  Shares.
25-Mar-2021 22:29:20,Analysts/Institutional Investor Meet/Con. Call Updates,Kotak Mahindra Bank Limited has informed the Exchange about Analysts/Institutional Investor Meet/Con. Call Updates
25-Mar-2021 14:22:49,Loss of Share Certificates,Kotak Mahindra Bank Limited has informed the Exchange about Loss of Share Certificates
25-Mar-2021 10:02:57,Analysts/Institutional Investor Meet/Con. Call Updates,Kotak Mahindra Bank Limited has informed the Exchange about Analysts/Institutional Investor Meet/Con. Call Updates
24-Mar-2021 18:59:30,Updates,Kotak Mahindra Bank Limited has informed the Exchange regarding 'Intimation of the results of Postal Ballot'.
24-Mar-2021 18:11:32,Updates,"Kotak Mahindra Bank Limited has informed the Exchange regarding 'Pursuant to Regulation 47 of the Securities and Exchange Board of India (Listing obligations andDisclosure Requirements) Regulations, 2"
23-Mar-2021 20:10:37,Loss of Share Certificates,Kotak Mahindra Bank Limited has informed the Exchange about Loss of Share Certificates
23-Mar-2021 20:08:53,Analysts/Institutional Investor Meet/Con. Call Updates,Kotak Mahindra Bank Limited has informed the Exchange about Analysts/Institutional Investor Meet/Con. Call Updates
22-Mar-2021 17:38:03,Loss of Share Certificates,Kotak Mahindra Bank Limited has informed the Exchange about Loss of Share Certificates
22-Mar-2021 17:35:28,Analysts/Institutional Investor Meet/Con. Call Updates,Kotak Mahindra Bank Limited has informed the Exchange about Analysts/Institutional Investor Meet/Con. Call Updates
17-Mar-2021 19:40:29,Analysts/Institutional Investor Meet/Con. Call Updates,Kotak Mahindra Bank Limited has informed the Exchange about Analysts/Institutional Investor Meet/Con. Call Updates
16-Mar-2021 14:56:15,Analysts/Institutional Investor Meet/Con. Call Updates,Kotak Mahindra Bank Limited has informed the Exchange about Analysts/Institutional Investor Meet/Con. Call Updates
15-Mar-2021 18:06:01,Loss of Share Certificates,Kotak Mahindra Bank Limited has informed the Exchange about Loss of Share Certificates
13-Mar-2021 18:53:01,Change in Director(s),Kotak Mahindra Bank Limited has informed the Exchange regarding Change in Director(s) of the company.
12-Mar-2021 18:50:42,Dividend,"Kotak Mahindra Bank Limited has informed the Exchange that Board of Directors at its meeting held on March 12, 2021, recommended Final Dividend of 0.405 on 8.10% Non-Convertible Perpetual Non-Cumulati"
12-Mar-2021 12:51:52,Loss of Share Certificates,Kotak Mahindra Bank Limited has informed the Exchange about Loss of Share Certificates
05-Mar-2021 16:30:38,Appointment,"Kotak Mahindra Bank Limited has informed the Exchange regarding Appointment of Mr Ashok  Gulati as Independent Director of the company w.e.f. March 06, 2021."
04-Mar-2021 23:25:20,Updates,"Kotak Mahindra Bank Limited has informed the Exchange regarding ' Kotak Mahindra Bank Limited ( Bank ) has sold 1,09,48,925 Equity Shares of Rs.10/- each (10% of its stake) of ECA Trading Services Lim"
04-Mar-2021 17:52:24,Loss of Share Certificates,Kotak Mahindra Bank Limited has informed the Exchange about Loss of Share Certificates
26-Feb-2021 11:15:12,ESOP/ESOS/ESPS,Kotak Mahindra Bank Limited has informed the Exchange regarding Allotment of 632432  Shares.
25-Feb-2021 21:48:01,Updates,"Kotak Mahindra Bank Limited has informed the Exchange regarding 'Kotak Mahindra Bank Limited (the  Bank ) has agreed to subscribe to 4,995 Equity Shares in Ferbine Private Limited for a consideration "
23-Feb-2021 18:34:57,Trading Plan under PIT,"Kotak Mahindra Bank Limited has informed the Exchange regarding Trading Plan pursuant to SEBI (Prohibition of Insider Trading) Regulations, 2015"
22-Feb-2021 15:15:54,Updates,"Kotak Mahindra Bank Limited has informed the Exchange regarding 'Newspaper advertisement of Postal Ballot Notice dated February 15, 2021'."
20-Feb-2021 17:00:05,Updates,Kotak Mahindra Bank Limited has informed the Exchange regarding 'Intimation regarding Notice of Postal Ballot seeking approval of the Members of Kotak Mahindra Bank Limited for Material Related Party 
19-Feb-2021 23:39:44,Analysts/Institutional Investor Meet/Con. Call Updates,Kotak Mahindra Bank Limited has informed the Exchange about Analysts/Institutional Investor Meet/Con. Call Updates
19-Feb-2021 23:37:59,Analysts/Institutional Investor Meet/Con. Call Updates,Kotak Mahindra Bank Limited has informed the Exchange about Analysts/Institutional Investor Meet/Con. Call Updates
19-Feb-2021 16:01:56,Loss of Share Certificates,Kotak Mahindra Bank Limited has informed the Exchange about Loss of Share Certificates
16-Feb-2021 17:52:51,Analysts/Institutional Investor Meet/Con. Call Updates,Kotak Mahindra Bank Limited has informed the Exchange about Analysts/Institutional Investor Meet/Con. Call Updates
16-Feb-2021 17:50:49,Loss of Share Certificates,Kotak Mahindra Bank Limited has informed the Exchange about Loss of Share Certificates
15-Feb-2021 18:05:01,Loss of Share Certificates,Kotak Mahindra Bank Limited has informed the Exchange about Loss of Share Certificates
12-Feb-2021 18:23:25,Analysts/Institutional Investor Meet/Con. Call Updates,Kotak Mahindra Bank Limited has informed the Exchange about Analysts/Institutional Investor Meet/Con. Call Updates
11-Feb-2021 18:27:53,Analysts/Institutional Investor Meet/Con. Call Updates,Kotak Mahindra Bank Limited has informed the Exchange about Analysts/Institutional Investor Meet/Con. Call Updates
11-Feb-2021 18:26:48,Analysts/Institutional Investor Meet/Con. Call Updates,Kotak Mahindra Bank Limited has informed the Exchange about Analysts/Institutional Investor Meet/Con. Call Updates
11-Feb-2021 18:25:34,Loss of Share Certificates,Kotak Mahindra Bank Limited has informed the Exchange about Loss of Share Certificates
10-Feb-2021 18:29:22,Loss of Share Certificates,Kotak Mahindra Bank Limited has informed the Exchange about Loss of Share Certificates
10-Feb-2021 18:27:50,Analysts/Institutional Investor Meet/Con. Call Updates,Kotak Mahindra Bank Limited has informed the Exchange about Analysts/Institutional Investor Meet/Con. Call Updates
09-Feb-2021 19:50:51,Analysts/Institutional Investor Meet/Con. Call Updates,Kotak Mahindra Bank Limited has informed the Exchange about Analysts/Institutional Investor Meet/Con. Call Updates
30-Jan-2021 13:55:38,Loss of Share Certificates,Kotak Mahindra Bank Limited has informed the Exchange about Loss of Share Certificates
26-Jan-2021 16:19:21,Copy of Newspaper Publication,Kotak Mahindra Bank Limited has informed the Exchange about Copy of Newspaper Publication. Pursuant to Regulation 47 of the Securities and Exchange Board of India (Listing Obligations and Disclosure R
26-Jan-2021 15:53:43,Investor Presentation,Kotak Mahindra Bank Limited has informed the Exchange about Investor Presentation
25-Jan-2021 17:09:01,Financial Results Updates,"This has reference to our letter dated January 25, 2021 enclosing the unaudited financial results of the Bank alongwith the Limited Review Repott by the Statutory Auditors, Earnings Update Presentatio"
25-Jan-2021 13:49:02,Financial Result Updates,"Kotak Mahindra Bank Limited has submitted to the Exchange, the financial results for the period ended December 31, 2020."
22-Jan-2021 19:35:04,Loss of Share Certificates,Kotak Mahindra Bank Limited has informed the Exchange about Loss of Share Certificates
20-Jan-2021 17:10:25,Updates,Kotak Mahindra Bank Limited has informed the Exchange regarding 'Pursuant to Regulation 30 of the of the Securities and Exchange Board of India     (Listing Obligations and Disclosure Requirements) Re
20-Jan-2021 12:54:00,ESOP/ESOS/ESPS,"Kotak Mahindra Bank Limited has informed the Exchange regarding Allotment of 510615  Shares. The ESOP Allotment Committee of the Bank, at its Meeting held on January 20, 2021, allotted 5,10,615 Equity"
19-Jan-2021 16:35:43,Updates,"Kotak Mahindra Bank Limited has informed the Exchange regarding 'Pursuant to Regulation 47 of the Securities and Exchange Board of India (Listing Obligations and Disclosure Requirements) Regulations, "
16-Jan-2021 20:11:51,Updates,"Kotak Mahindra Bank Limited has informed the Exchange regarding 'Pursuant to Regulation 47 of the Securities and Exchange Board of India (Listing Obligations and Disclosure Requirements) Regulations, "
08-Jan-2021 14:15:13,Trading Plan under PIT,"Kotak Mahindra Bank Limited has informed the Exchange regarding Trading Plan pursuant to SEBI (Prohibition of Insider Trading) Regulations, 2015"
06-Jan-2021 13:45:33,Trading Plan under PIT,"Kotak Mahindra Bank Limited has informed the Exchange regarding Trading Plan pursuant to SEBI (Prohibition of Insider Trading) Regulations, 2015"
31-Dec-2020 18:18:30,Loss of Share Certificates,Kotak Mahindra Bank Limited has informed the Exchange about Loss of Share Certificates
30-Dec-2020 12:10:07,ESOP/ESOS/ESPS,Kotak Mahindra Bank Limited has informed the Exchange regarding Allotment of 260206  Shares.
28-Dec-2020 17:11:51,Loss of Share Certificates,Kotak Mahindra Bank Limited has informed the Exchange about Loss of Share Certificates
24-Dec-2020 18:11:05,Copy of Newspaper Publication,Kotak Mahindra Bank Limited has informed the Exchange about Copy of Newspaper Publication
21-Dec-2020 19:11:53,Loss of Share Certificates,Kotak Mahindra Bank Limited has informed the Exchange about Loss of Share Certificates
17-Dec-2020 20:00:55,Analysts/Institutional Investor Meet/Con. Call Updates,Kotak Mahindra Bank Limited has informed the Exchange about Analysts/Institutional Investor Meet/Con. Call Updates
16-Dec-2020 10:40:56,ESOP/ESOS/ESPS,Kotak Mahindra Bank Limited has informed the Exchange regarding Allotment of 433403  Shares.
15-Dec-2020 16:02:13,Analysts/Institutional Investor Meet/Con. Call Updates,Kotak Mahindra Bank Limited has informed the Exchange about Analysts/Institutional Investor Meet/Con. Call Updates
14-Dec-2020 21:19:51,Updates,"Kotak Mahindra Bank Limited has informed the Exchange regarding 'the Reserve Bank of India (RBI) has vide its letter dated 14th December 2020, granted approval for the re-appointments of:Mr. Prakash A"
11-Dec-2020 18:46:14,Loss of Share Certificates,Kotak Mahindra Bank Limited has informed the Exchange about Loss of Share Certificates
09-Dec-2020 21:34:20,Trading Plan under PIT,"Kotak Mahindra Bank Limited has informed the Exchange regarding Trading Plan pursuant to SEBI (Prohibition of Insider Trading) Regulations, 2015 - Pursuant to Regulation 5(5) of the PIT Regulations, p"
04-Dec-2020 16:12:13,Analysts/Institutional Investor Meet/Con. Call Updates,Kotak Mahindra Bank Limited has informed the Exchange about Analysts/Institutional Investor Meet/Con. Call Updates
03-Dec-2020 15:16:33,Analysts/Institutional Investor Meet/Con. Call Updates,Kotak Mahindra Bank Limited has informed the Exchange about Analysts/Institutional Investor Meet/Con. Call Updates
03-Dec-2020 11:55:38,Analysts/Institutional Investor Meet/Con. Call Updates,Kotak Mahindra Bank Limited has informed the Exchange about Analysts/Institutional Investor Meet/Con. Call Updates
30-Nov-2020 15:13:24,Change in Company Secretary/Compliance Officer,Kotak Mahindra Bank Limited has informed the Exchange about Change in Company Secretary/Compliance Officer
27-Nov-2020 15:02:19,Updates,"Kotak Mahindra Bank Limited has informed the Exchange regarding 'Pursuant to Regulation 47 of the Securities and Exchange Board of India (Listing Obligations and Disclosure Requirements) Regulations, "
26-Nov-2020 14:04:39,Analysts/Institutional Investor Meet/Con. Call Updates,Kotak Mahindra Bank Limited has informed the Exchange about Analysts/Institutional Investor Meet/Con. Call Updates
25-Nov-2020 13:33:51,Related Party Transactions,Kotak Mahindra Bank Limited has informed the Exchange about related Party Transactions - Pursuant to Regulation 23 (9) of the Securities and Exchange Board of India (Listing Obligations and Disclosure
24-Nov-2020 22:02:10,Analysts/Institutional Investor Meet/Con. Call Updates,Kotak Mahindra Bank Limited has informed the Exchange about Analysts/Institutional Investor Meet/Con. Call Updates
23-Nov-2020 14:15:14,Analysts/Institutional Investor Meet/Con. Call Updates,Kotak Mahindra Bank Limited has informed the Exchange about Analysts/Institutional Investor Meet/Con. Call Updates
21-Nov-2020 10:05:50,Updates,Kotak Mahindra Bank Limited has informed the Exchange regarding 'Disclosure under Regulation 30 read with para A of part A of Schedule III of the SEBI (Listing Obligations & Disclosure Requirements) R
19-Nov-2020 13:41:03,Trading Plan under PIT,"Kotak Mahindra Bank Limited has informed the Exchange regarding Trading Plan pursuant to SEBI (Prohibition of Insider Trading) Regulations, 2015"
18-Nov-2020 17:10:51,Analysts/Institutional Investor Meet/Con. Call Updates,Kotak Mahindra Bank Limited has informed the Exchange about Analysts/Institutional Investor Meet/Con. Call Updates
17-Nov-2020 18:40:41,Analysts/Institutional Investor Meet/Con. Call Updates,Kotak Mahindra Bank Limited has informed the Exchange about Analysts/Institutional Investor Meet/Con. Call Updates
13-Nov-2020 13:09:13,ESOP/ESOS/ESPS,Kotak Mahindra Bank Limited has informed the Exchange regarding Allotment of 390657  Shares.
11-Nov-2020 19:14:07,Analysts/Institutional Investor Meet/Con. Call Updates,Kotak Mahindra Bank Limited has informed the Exchange about Analysts/Institutional Investor Meet/Con. Call Updates
11-Nov-2020 18:20:29,Analysts/Institutional Investor Meet/Con. Call Updates,Kotak Mahindra Bank Limited has informed the Exchange about Analysts/Institutional Investor Meet/Con. Call Updates
11-Nov-2020 13:13:24,Analysts/Institutional Investor Meet/Con. Call Updates,Kotak Mahindra Bank Limited has informed the Exchange about Analysts/Institutional Investor Meet/Con. Call Updates
05-Nov-2020 19:25:22,Analysts/Institutional Investor Meet/Con. Call Updates,Kotak Mahindra Bank Limited has informed the Exchange about Analysts/Institutional Investor Meet/Con. Call Updates
03-Nov-2020 20:54:53,Analysts/Institutional Investor Meet/Con. Call Updates,Kotak Mahindra Bank Limited has informed the Exchange about Analysts/Institutional Investor Meet/Con. Call Updates
30-Oct-2020 20:20:07,Loss of Share Certificates,Kotak Mahindra Bank Limited has informed the Exchange about Loss of Share Certificates
27-Oct-2020 16:05:40,Investor Presentation,Kotak Mahindra Bank Limited has informed the Exchange about Investor Presentation
27-Oct-2020 16:02:11,Copy of Newspaper Publication,"Kotak Mahindra Bank Limited has informed the Exchange that Pursuant to Regulation 47 of the Securities and Exchange Board of India (ListingObligations and Disclosure Requirements) Regulations, 2015,we"
26-Oct-2020 13:17:29,Financial Result Updates,"Kotak Mahindra Bank Limited has submitted to the Exchange, the financial results for the period ended September 30, 2020."
22-Oct-2020 22:28:21,Updates,Kotak Mahindra Bank Limited has informed the Exchange regarding 'an Earnings Conference Call on October 26th 2020 at 6:00pm (IST) to discuss the aforementioned financial results of Kotak Mahindra Bank
21-Oct-2020 18:16:17,Loss of Share Certificates,Kotak Mahindra Bank Limited has informed the Exchange about Loss of Share Certificates
19-Oct-2020 18:48:58,Updates,"Kotak Mahindra Bank Limited has informed the Exchange regarding 'Pursuant to Regulation 47 of the Securities and Exchange Board of India (Listing Obligations and Disclosure Requirements) Regulations, "
19-Oct-2020 18:45:21,Loss of Share Certificates,Kotak Mahindra Bank Limited has informed the Exchange about Loss of Share Certificates
05-Oct-2020 13:01:26,ESOP/ESOS/ESPS,Kotak Mahindra Bank Limited has informed the Exchange regarding Allotment of 186646  Shares.
01-Oct-2020 16:44:04,Loss of Share Certificates,Kotak Mahindra Bank Limited has informed the Exchange about Loss of Share Certificates
28-Sep-2020 17:50:27,Loss of Share Certificates,Kotak Mahindra Bank Limited has informed the Exchange about Loss of Share Certificates
25-Sep-2020 17:32:07,Updates,"Kotak Mahindra Bank Limited has informed the Exchange regarding 'Pursuant to Regulation 47 of the Securities and Exchange Board of India (Listing Obligations and Disclosure Requirements) Regulations, "
25-Sep-2020 17:27:47,Analysts/Institutional Investor Meet/Con. Call Updates,Kotak Mahindra Bank Limited has informed the Exchange about Analysts/Institutional Investor Meet/Con. Call Updates
22-Sep-2020 19:01:03,Analysts/Institutional Investor Meet/Con. Call Updates,Kotak Mahindra Bank Limited has informed the Exchange about Analysts/Institutional Investor Meet/Con. Call Updates
21-Sep-2020 20:59:45,Analysts/Institutional Investor Meet/Con. Call Updates,Kotak Mahindra Bank Limited has informed the Exchange about Analysts/Institutional Investor Meet/Con. Call Updates
15-Sep-2020 20:23:45,Analysts/Institutional Investor Meet/Con. Call Updates,Kotak Mahindra Bank Limited has informed the Exchange about Analysts/Institutional Investor Meet/Con. Call Updates
10-Sep-2020 20:09:18,Loss of Share Certificates,Kotak Mahindra Bank Limited has informed the Exchange about Loss of Share Certificates
08-Sep-2020 14:42:34,Loss of Share Certificates,Kotak Mahindra Bank Limited has informed the Exchange about Loss of Share Certificates
08-Sep-2020 14:33:55,Analysts/Institutional Investor Meet/Con. Call Updates,Kotak Mahindra Bank Limited has informed the Exchange about Analysts/Institutional Investor Meet/Con. Call Updates
08-Sep-2020 13:26:05,ESOP/ESOS/ESPS,Kotak Mahindra Bank Limited has informed the Exchange regarding Allotment of 206027  Shares.
04-Sep-2020 13:16:20,Loss of Share Certificates,Kotak Mahindra Bank Limited has informed the Exchange about Loss of Share Certificates
03-Sep-2020 18:19:57,Updates,"Kotak Mahindra Bank Limited has informed the Exchange regarding 'Pursuant to Regulation 47 of the Securities and Exchange Board of India (Listing Obligations and Disclosure Requirements) Regulations, "
01-Sep-2020 16:26:44,Analysts/Institutional Investor Meet/Con. Call Updates,Kotak Mahindra Bank Limited has informed the Exchange about Analysts/Institutional Investor Meet/Con. Call Updates
27-Aug-2020 22:27:13,Analysts/Institutional Investor Meet/Con. Call Updates,Kotak Mahindra Bank Limited has informed the Exchange about Analysts/Institutional Investor Meet/Con. Call Updates
21-Aug-2020 20:34:31,Analysts/Institutional Investor Meet/Con. Call Updates,Kotak Mahindra Bank Limited has informed the Exchange about Analysts/Institutional Investor Meet/Con. Call Updates
20-Aug-2020 13:25:22,Loss of Share Certificates,Kotak Mahindra Bank Limited has informed the Exchange about Loss of Share Certificates
20-Aug-2020 09:00:59,Shareholders meeting,"Kotak Mahindra Bank Limited has informed the Exchange regarding Proceedings of Annual General Meeting held on August 18, 2020. Further, the company has submitted the Exchange a copy of Srutinizers rep"
19-Aug-2020 16:41:04,Loss of Share Certificates,Kotak Mahindra Bank Limited has informed the Exchange about Loss of Share Certificates
18-Aug-2020 22:28:11,Analysts/Institutional Investor Meet/Con. Call Updates,Kotak Mahindra Bank Limited has informed the Exchange about Analysts/Institutional Investor Meet/Con. Call Updates
18-Aug-2020 18:33:29,Updates,Kotak Mahindra Bank Limited has informed the Exchange regarding 'Please find enclosed herewith chairman speech and the presentation made to the shareholders at the Thirty Fifth Annual General Meeting 
13-Aug-2020 20:31:06,Analysts/Institutional Investor Meet/Con. Call Updates,Kotak Mahindra Bank Limited has informed the Exchange about Analysts/Institutional Investor Meet/Con. Call Updates
13-Aug-2020 20:20:22,Loss of Share Certificates,Kotak Mahindra Bank Limited has informed the Exchange about Loss of Share Certificates
12-Aug-2020 19:30:57,Analysts/Institutional Investor Meet/Con. Call Updates,Kotak Mahindra Bank Limited has informed the Exchange about Analysts/Institutional Investor Meet/Con. Call Updates
12-Aug-2020 17:17:40,Analysts/Institutional Investor Meet/Con. Call Updates,Kotak Mahindra Bank Limited has informed the Exchange about Analysts/Institutional Investor Meet/Con. Call Updates
11-Aug-2020 20:25:43,Analysts/Institutional Investor Meet/Con. Call Updates,Kotak Mahindra Bank Limited has informed the Exchange about Analysts/Institutional Investor Meet/Con. Call Updates
10-Aug-2020 17:18:26,Updates,Kotak Mahindra Bank Limited has informed the Exchange regarding 'Update On The Matter Of The Promoter Shareholding In The Bank'.
10-Aug-2020 12:28:25,Allotment of Securities,"Kotak Mahindra Bank Limited has informed the Exchange regarding allotment of 132226 securities pursuant to ESOP/ESPS at its meeting held on August 10, 2020"
08-Aug-2020 12:51:18,ESOP/ESOS/ESPS,Kotak Mahindra Bank Limited has informed the Exchange regarding Grant of 1648740  Options.  Pursuant to Regulation 30 of the Securities and Exchange Board of India (Listing Obligations and Disclosure 
07-Aug-2020 17:29:37,Loss of Share Certificates,Kotak Mahindra Bank Limited has informed the Exchange about Loss of Share Certificates
07-Aug-2020 17:21:49,Updates,"Kotak Mahindra Bank Limited has informed the Exchange regarding 'Pursuant to Regulation 47 of the Securities and Exchange Board of India (Listing Obligations and Disclosure Requirements) Regulations, "
05-Aug-2020 16:10:54,Loss of Share Certificates,Kotak Mahindra Bank Limited has informed the Exchange about Loss of Share Certificates
04-Aug-2020 20:57:11,Analysts/Institutional Investor Meet/Con. Call Updates,Kotak Mahindra Bank Limited has informed the Exchange about Analysts/Institutional Investor Meet/Con. Call Updates
04-Aug-2020 19:08:05,Analysts/Institutional Investor Meet/Con. Call Updates,Kotak Mahindra Bank Limited has informed the Exchange about Analysts/Institutional Investor Meet/Con. Call Updates
28-Jul-2020 19:04:00,Copy of Newspaper Publication,Kotak Mahindra Bank Limited has informed the Exchange about Copy of Newspaper Publication- we enclose a copy of the newspaper clipping of the unaudited financial results of the Bank standalone and una
28-Jul-2020 18:57:00,Investor Presentation,Kotak Mahindra Bank Limited has informed the Exchange about Investor Presentation
28-Jul-2020 17:55:00,Trading Plan under PIT,"Kotak Mahindra Bank Limited has informed the Exchange regarding Trading Plan pursuant to SEBI (Prohibition of Insider Trading) Regulations, 2015 - Pursuant to Regulation 5(5) of the PIT Regulations, p"
27-Jul-2020 13:55:32,Financial Result Updates,"Kotak Mahindra Bank Limited has submitted to the Exchange, the financial results for the period ended June 30, 2020."
27-Jul-2020 11:38:00,Loss of Share Certificates,Kotak Mahindra Bank Limited has informed the Exchange about Loss of Share Certificates
24-Jul-2020 14:28:00,Updates,"Kotak Mahindra Bank Limited has informed the Exchange regarding 'Please note that the Bank will hold an Earnings Conference Call on July 27, 2020 at  6.30 p.m. (IST) to discuss the financial results o"
23-Jul-2020 13:20:00,Updates,"Kotak Mahindra Bank Limited has informed the Exchange regarding 'Pursuant to Regulation 47 of the Securities and Exchange Board of India (Listing Obligations and Disclosure Requirements) Regulations, "
23-Jul-2020 13:16:00,Loss of Share Certificates,Kotak Mahindra Bank Limited has informed the Exchange about Loss of Share Certificates
16-Jul-2020 16:33:00,Loss of Share Certificates,Kotak Mahindra Bank Limited has informed the Exchange about Loss of Share Certificates
10-Jul-2020 08:27:00,Shareholders meeting,"Kotak Mahindra Bank Limited has informed the Exchange regarding Notice of Annual General Meeting to be held on August 18, 2020"
09-Jul-2020 15:03:00,Updates,"Kotak Mahindra Bank Limited has informed the Exchange regarding 'Pursuant to Regulation 47 of the Securities and Exchange Board of India (Listing Obligations and Disclosure Requirements) Regulations, "
09-Jul-2020 14:56:00,Trading Plan under PIT,"Kotak Mahindra Bank Limited has informed the Exchange regarding Trading Plan pursuant to SEBI (Prohibition of Insider Trading) Regulations, 2015 - Pursuant to Regulation 5(5) of the PIT Regulations, p"
06-Jul-2020 15:00:00,Allotment of Securities,"Kotak Mahindra Bank Limited has informed the Exchange regarding allotment of 65179 securities pursuant to ESOP/ESPS at its meeting held on July 06, 2020"
29-Jun-2020 16:00:00,Loss of Share Certificates,Kotak Mahindra Bank Limited has informed the Exchange about Loss of Share Certificates
25-Jun-2020 16:15:00,Updates,"Kotak Mahindra Bank Limited has informed the Exchange regarding 'Pursuant to Regulation 47 of the Securities and Exchange Board of India (Listing Obligations & Disclosure Requirements) Regulations, 20"
23-Jun-2020 16:42:00,Analysts/Institutional Investor Meet/Con. Call Updates,Kotak Mahindra Bank Limited has informed the Exchange about Analysts/Institutional Investor Meet/Con. Call Updates
18-Jun-2020 14:36:00,ESOP/ESOS/ESPS,Kotak Mahindra Bank Limited has informed the Exchange regarding Grant of 15970  Options.  Pursuant to Regulation 30 of the Securities and Exchange Board of India (Listing Obligations and Disclosure Re
09-Jun-2020 22:20:00,Analysts/Institutional Investor Meet/Con. Call Updates,Kotak Mahindra Bank Limited has informed the Exchange about Analysts/Institutional Investor Meet/Con. Call Updates
09-Jun-2020 21:29:00,Loss of Share Certificates,Kotak Mahindra Bank Limited has informed the Exchange about Loss of Share Certificates
08-Jun-2020 15:31:00,Related Party Transactions,"Kotak Mahindra Bank Limited has informed the Exchange about related Party Transactions,Pursuant to Regulation 23 (9) of the Securities and Exchange Board of India (Listing Obligations and Disclosure R"
30-May-2020 20:33:00,ESOP/ESOS/ESPS,Kotak Mahindra Bank Limited has informed the Exchange regarding Grant of 34130  Options.
30-May-2020 15:59:00,Updates,"Kotak Mahindra Bank Limited has informed the Exchange regarding 'Allotment of 6,50,00,000 Equity Shares of face value &#8377; 5 each to eligible qualified institutional buyers at the issue price of &#"
29-May-2020 23:59:00,Updates,Kotak Mahindra Bank Limited has informed the Exchange regarding 'Qualified institutions placement of equity shares of face value &#8377; 5 each by the Bank   Approval of Placement Document dated May 2
29-May-2020 23:56:00,Updates,Kotak Mahindra Bank Limited has informed the Exchange regarding 'Qualified institutions placement of equity shares of face value &#8377; 5 each by the Bank - Intimation of Issue closing and pricing'.
26-May-2020 16:37:00,Updates,Kotak Mahindra Bank Limited has informed the Exchange regarding 'Outcome of Issuance Committee of the Board'.
26-May-2020 10:52:00,Financial Results Updates,"Kotak Mahindra Bank Limited has submitted standalone and consolidated financial statements for the financial year ended March 31, 2020, which is also being posted on the website www.kotak.com."
25-May-2020 17:36:00,Investor Presentation,"Kotak Mahindra Bank Limited has informed the Exchange regarding Investor Presentation - This has reference to our letter dated May 14, 2020 wherein we had enclosed the Investor Presentation for the ye"
25-May-2020 11:09:00,Updates,"Kotak Mahindra Bank Limited has informed the Exchange regarding 'Sub: Intimation of results of Postal BallotThis has reference to our letter dated April 24, 2020 enclosing the postal ballot notice alo"
23-May-2020 21:16:00,Updates,"Kotak Mahindra Bank Limited has informed the Exchange regarding 'Pursuant to Regulation 47 of the Securities and Exchange Board of India (Listing Obligations and Disclosure Requirements) Regulations, "
22-May-2020 23:40:00,Analysts/Institutional Investor Meet/Con. Call Updates,Kotak Mahindra Bank Limited has informed the Exchange regarding Analysts/Institutional Investor Meet/Con. Call Updates
21-May-2020 22:01:00,Trading Plan under PIT,"Kotak Mahindra Bank Limited has informed the Exchange regarding Trading Plan pursuant to SEBI (Prohibition of Insider Trading) Regulations, 2015"
20-May-2020 23:15:00,Analysts/Institutional Investor Meet/Con. Call Updates,Kotak Mahindra Bank Limited has informed the Exchange regarding Analysts/Institutional Investor Meet/Con. Call Updates
16-May-2020 16:55:00,Analysts/Institutional Investor Meet/Con. Call Updates,Kotak Mahindra Bank Limited has informed the Exchange regarding Analysts/Institutional Investor Meet/Con. Call Updates
14-May-2020 16:44:00,Updates,"Kotak Mahindra Bank Limited has informed the Exchange regarding 'Pursuant to Regulation 47 of the Securities and Exchange Board of India (Listing Obligations and Disclosure Requirements) Regulations, "
14-May-2020 16:06:00,Investor Presentation,Kotak Mahindra Bank Limited has informed the Exchange regarding Investor Presentation for the year ended 31st March 2020
14-May-2020 13:10:00,Disclosure under SEBI Takeover Regulations,Promoters of Kotak Mahindra Bank Limited has informed the Exchange regarding the disclosure pursuant to the provisions of Regulation 30 and 31(4) of the SEBI (Substantial Acquisition of Shares and Tak
14-May-2020 12:26:00,Allotment of ESOP/ESPS,Kotak Mahindra Bank Limited has informed the Exchange regarding allotment of  766039 Equity Shares under ESOP
13-May-2020 17:52:00,Outcome of Board Meeting,"Kotak Mahindra Bank Limited has informed the Exchange regarding  Board meeting held on May 13, 2020.1. Approved re-appointment of Mr. Prakash Apte, part-time Chairman of the Board of Directors for the"
13-May-2020 13:23:00,Updates,Kotak Mahindra Bank Limited has informed the Exchange regarding 'change in the timing of the Earnings Conference Call from 5.00 p.m. (IST) to 5.30 p.m. (IST). today '.
13-May-2020 12:30:24,Financial Result Updates,"Kotak Mahindra Bank Limited has submitted to the Exchange, the financial results for the period ended March 31, 2020."
11-May-2020 15:43:00,Updates,"Kotak Mahindra Bank Limited has informed the Exchange regarding 'Please note that the Bank will hold an Earnings Conference Call on May 13, 2020 at 5.00p.m. (IST) to discuss the audited Financial Resu"
09-May-2020 18:24:00,Updates,"Kotak Mahindra Bank Limited has informed the Exchange regarding 'Pursuant to Regulation 47 of the Securities and Exchange Board of India (Listing Obligations and Disclosure Requirements) Regulations, "
24-Apr-2020 18:35:00,Updates,Kotak Mahindra Bank Limited has informed the Exchange regarding 'Intimation of process initiated by the Bank for obtaining members  approval for further capital raising by Postal Ballot (only through 
22-Apr-2020 12:03:00,Outcome of Board Meeting,"Kotak Mahindra Bank Limited has informed the Exchange regarding  Board meeting held on April 22, 2020. At the Meeting of the Board of Directors of the Bank held today i.e. on Wednesday, April 22, 2020"
18-Apr-2020 21:10:00,"Code of Conduct under SEBI(PIT) Reg., 2015","Kotak Mahindra Bank Limited has informed the Exchange regarding the Code of Conduct under SEBI(PIT) Reg., 2015, Pursuant to Regulation 5(5) of the PIT Regulations, please find enclosed herewith in Ann"
17-Apr-2020 16:04:00,Updates,Kotak Mahindra Bank Limited has informed the Exchange regarding 'media release in respect of S&P Reaffirms Rating Outlook on Kotak Mahindra Bank at BBB-/ Stable / A-3'.
06-Apr-2020 12:58:00,Updates,"Kotak Mahindra Bank Limited has informed the Exchange regarding 'Pursuant to Regulation 30 of the SEBI (LODR) Regulations, 2015, we would like to intimate the following with respect to Bank's Deposits"
31-Mar-2020 17:53:00,Analysts/Institutional Investor Meet/Con. Call Updates,Kotak Mahindra Bank Limited has informed the Exchange regarding Analysts/Institutional Investor Meet/Con. Call Updates
31-Mar-2020 10:39:00,Analysts/Institutional Investor Meet/Con. Call Updates,Kotak Mahindra Bank Limited has informed the Exchange regarding Analysts/Institutional Investor Meet/Con. Call Updates
30-Mar-2020 10:28:00,Allotment of ESOP/ESPS,Kotak Mahindra Bank Limited has informed the Exchange regarding allotment of  571856 Equity Shares under ESOP
19-Mar-2020 11:12:00,Updates,"Kotak Mahindra Bank Limited has informed the Exchange regarding 'Pursuant to Regulation 30 of the SEBI (Listing Obliga tions and Disclosure Requirements) Regulations, 2015 we wish to inform you that t"
17-Mar-2020 15:15:00,Dividend,"Kotak Mahindra Bank Limited has informed the Exchange that Board of Directors at its meeting held on March 17, 2020, recommended Final Dividend of 0.405  on 8.10% Non-Convertible Perpetual Non-Cumulat"
13-Mar-2020 18:29:00,Updates,Kotak Mahindra Bank Limited has informed the Exchange regarding 'EQUITY INVESTMENT IN YES BANK LIMITED'.
04-Mar-2020 15:53:00,Allotment of ESOP/ESPS,Kotak Mahindra Bank Limited has informed the Exchange regarding allotment of  194355 Equity Shares under ESOP
19-Feb-2020 09:09:00,Updates,Kotak Mahindra Bank Limited has informed the Exchange regarding 'Update On The Matter Of The Promoter Shareholding In The Bank'.
14-Feb-2020 17:05:00,Trading Plan under PIT,"Kotak Mahindra Bank Limited has informed the Exchange regarding Trading Plan pursuant to SEBI (Prohibition of Insider Trading) Regulations, 2015"
13-Feb-2020 15:46:00,Updates,"Kotak Mahindra Bank Limited has informed the Exchange regarding 'Pursuant to Regulation 47 of the Securities and Exchange Board of India (Listing Obligations and Disclosure Requirements) Regulations, "
13-Feb-2020 14:00:00,Analysts/Institutional Investor Meet/Con. Call Updates,Kotak Mahindra Bank Limited has informed the Exchange regarding Analysts/Institutional Investor Meet/Con. Call Updates
12-Feb-2020 18:37:00,Analysts/Institutional Investor Meet/Con. Call Updates,Kotak Mahindra Bank Limited has informed the Exchange regarding Analysts/Institutional Investor Meet/Con. Call Updates
10-Feb-2020 20:20:00,Analysts/Institutional Investor Meet/Con. Call Updates,Kotak Mahindra Bank Limited has informed the Exchange regarding Analysts/Institutional Investor Meet/Con. Call Updates
07-Feb-2020 14:56:00,Allotment of ESOP/ESPS,Kotak Mahindra Bank Limited has informed the Exchange regarding allotment of  733023 Equity Shares under ESOP
06-Feb-2020 15:24:00,Analysts/Institutional Investor Meet/Con. Call Updates,Kotak Mahindra Bank Limited has informed the Exchange regarding Analysts/Institutional Investor Meet/Con. Call Updates
05-Feb-2020 20:01:00,Analysts/Institutional Investor Meet/Con. Call Updates,Kotak Mahindra Bank Limited has informed the Exchange regarding Analysts/Institutional Investor Meet/Con. Call Updates
05-Feb-2020 19:20:00,Updates,"Kotak Mahindra Bank Limited has informed the Exchange regarding 'Intimation under Regulation 30 of the SEBI (Listing Obligations and Disclosure Requirements) Regulations, 2015.This is in reference to "
30-Jan-2020 15:32:00,Updates,Kotak Mahindra Bank Limited has informed the Exchange regarding 'Update on matter of promoter shareholding in the Bank'.
23-Jan-2020 12:03:00,Allotment of ESOP/ESPS,Kotak Mahindra Bank Limited has informed the Exchange regarding allotment of  504147 Equity Shares under ESOP
21-Jan-2020 14:42:00,"Code of Conduct under SEBI(PIT) Reg., 2015","Kotak Mahindra Bank Limited has informed the Exchange regarding the Code of Conduct under SEBI(PIT) Reg., 2015,The Board of Directors of the Bank have amended the Code of Practices and Procedures for "
21-Jan-2020 14:20:00,Investor Presentation,Kotak Mahindra Bank Limited has informed the Exchange regarding Investor Presentation Pursuant to Regulation 29 of the Securities and Exchange Board of India (Listing Obligations & Disclosure Requirem
21-Jan-2020 13:55:00,Updates,"Kotak Mahindra Bank Limited has informed the Exchange regarding 'Pursuant to Regulation 47 of the Securities and Exchange Board of India (Listing Obligations and Disclosure Requirements) Regulations, "
20-Jan-2020 13:31:28,Financial Result Updates,"Kotak Mahindra Bank Limited has submitted to the Exchange, the financial results for the period ended December 31, 2019."
17-Jan-2020 17:55:00,Trading Plan under PIT,"Kotak Mahindra Bank Limited has informed the Exchange regarding Trading Plan pursuant to SEBI (Prohibition of Insider Trading) Regulations, 2015, Submitted the revised Trading Plan received from Mr. A"
17-Jan-2020 15:09:00,Trading Plan under PIT,"Kotak Mahindra Bank Limited has informed the Exchange regarding Trading Plan pursuant to SEBI (Prohibition of Insider Trading) Regulations, 2015"
16-Jan-2020 17:28:00,Updates,"Kotak Mahindra Bank Limited has informed the Exchange regarding 'The Bank will hold an Earnings Conference Call on January 20, 2020 at 6.00 p.m. (IST) to discuss the aforementioned financial results o"
15-Jan-2020 15:46:00,Updates,"Kotak Mahindra Bank Limited has informed the Exchange regarding 'Pursuant to Regulation 30 of the SEBI (Listing Obligations and Disclosure Requirements) Regulations, 2015 we wish to inform you that Ko"
10-Jan-2020 13:36:00,Updates,"Kotak Mahindra Bank Limited has informed the Exchange regarding 'Pursuant to Regulation 47 of the Securities and Exchange Board of India (Listing Obligations and Disclosure Requirements) Regulations, "
07-Jan-2020 17:32:00,Trading Plan under PIT,"Kotak Mahindra Bank Limited has informed the Exchange regarding Trading Plan pursuant to SEBI (Prohibition of Insider Trading) Regulations, 2015Pursuant to Regulation 5(5) of the PIT Regulations, plea"
07-Jan-2020 17:28:00,Trading Plan under PIT,"Kotak Mahindra Bank Limited has informed the Exchange regarding Trading Plan pursuant to SEBI (Prohibition of Insider Trading) Regulations, 2015,Pursuant to Regulation 5(5) of the PIT Regulations, ple"
31-Dec-2019 13:00:00,Allotment of ESOP/ESPS,Kotak Mahindra Bank Limited has informed the Exchange regarding allotment of  345301 Equity Shares under ESOP
24-Dec-2019 14:49:00,Updates,"Kotak Mahindra Bank Limited has informed the Exchange regarding 'Pursuant to Regulation 47 of the Securities and Exchange Board of India (Listing Obligations and Disclosure Requirements) Regulations, "
23-Dec-2019 17:18:00,Registrar & Share Transfer Agent Update,Kotak Mahindra Bank Limited has informed the Exchange regarding the Registrar & Share Transfer Agent Update :This is to inform you that the name of the R&TA of the Bank has been changed from Karvy Fin
19-Dec-2019 18:12:00,Trading Plan under PIT,"Kotak Mahindra Bank Limited has informed the Exchange regarding Trading Plan pursuant to SEBI (Prohibition of Insider Trading) Regulations, 2015 - Pursuant to Regulation 5(5) of the PIT Regulations, p"
10-Dec-2019 16:07:00,Trading Plan under PIT,"Kotak Mahindra Bank Limited has informed the Exchange regarding Trading Plan pursuant to SEBI (Prohibition of Insider Trading) Regulations, 2015."
10-Dec-2019 15:31:00,Allotment of ESOP/ESPS,Kotak Mahindra Bank Limited has informed the Exchange regarding allotment of  253917 Equity Shares under ESOP .
22-Nov-2019 18:44:00,Analysts/Institutional Investor Meet/Con. Call Updates,Kotak Mahindra Bank Limited has informed the Exchange regarding Analysts/Institutional Investor Meet/Con. Call Updates - The representative of Kotak Mahindra Bank met investors at Morgan Stanley Eight
21-Nov-2019 18:34:00,Related Party Transactions,Kotak Mahindra Bank Limited has informed the Exchange regarding Disclosure of Related Party Transaction disclosure under Regulation 23(9) of the SEBI (Listing Obligations and Disclosure Requirements) 
19-Nov-2019 17:53:00,Allotment of ESOP/ESPS,Kotak Mahindra Bank Limited has informed the Exchange regarding allotment of  314548 Equity Shares under ESOP
15-Nov-2019 17:50:00,Analysts/Institutional Investor Meet/Con. Call Updates,Kotak Mahindra Bank Limited has informed the Exchange regarding Analysts/Institutional Investor Meet/Con. Call Updates
14-Nov-2019 18:32:00,Analysts/Institutional Investor Meet/Con. Call Updates,Kotak Mahindra Bank Limited has informed the Exchange regarding Analysts/Institutional Investor Meet/Con. Call Updates - The representative of Kotak Mahindra Bank met investors at: 1) Macquarie India 
13-Nov-2019 18:29:00,Trading Plan under PIT,"Kotak Mahindra Bank Limited has informed the Exchange regarding Trading Plan pursuant to SEBI (Prohibition of Insider Trading) Regulations, 2015"
13-Nov-2019 17:01:00,Updates,"Kotak Mahindra Bank Limited has informed the Exchange regarding 'Pursuant to Regulation 47 of the Securities and Exchange Board of India (Listing Obligations and Disclosure Requirements) Regulations, "
11-Nov-2019 18:51:00,Analysts/Institutional Investor Meet/Con. Call Updates,Kotak Mahindra Bank Limited has informed the Exchange regarding Analysts/Institutional Investor Meet/Con. Call Updates - The representatives of Kotak Mahindra Bank met investors at Bernstein India Fin
06-Nov-2019 18:17:00,Analysts/Institutional Investor Meet/Con. Call Updates,Kotak Mahindra Bank Limited has informed the Exchange regarding Analysts/Institutional Investor Meet/Con. Call Updates -  The representative of Kotak Mahindra Bank met investors at ICICI Securities - 
25-Oct-2019 17:26:00,Appointment,"Kotak Mahindra Bank Limited has informed the Exchange regarding Appointment of Mr Paul Parambi as Chief Risk Officer of the company w.e.f. November 01, 2019."
25-Oct-2019 16:57:00,Appointment,"Kotak Mahindra Bank Limited has informed the Exchange regarding Appointment of Mr Gaurang Shah as Executive Director of the company w.e.f. November 01, 2019."
25-Oct-2019 16:55:00,Appointment,"Kotak Mahindra Bank Limited has informed the Exchange regarding Appointment of Mr KVS Manian as Executive Director of the company w.e.f. November 01, 2019."
24-Oct-2019 13:15:00,Allotment of ESOP/ESPS,Kotak Mahindra Bank Limited has informed the Exchange regarding allotment of  92891 Equity Shares under ESOP
23-Oct-2019 17:21:00,Investor Presentation,Kotak Mahindra Bank Limited has informed the Exchange regarding Investor Presentation - Pursuant to Regulation 29 of the Securities and Exchange Board of India (Listing Obligations & Disclosure Requir
23-Oct-2019 15:47:00,Updates,"Kotak Mahindra Bank Limited has informed the Exchange regarding 'Pursuant to Regulation 47 of the Securities and Exchange Board of India (Listing Obligations & Disclosure Requirements) Regulations, 20"
22-Oct-2019 16:36:00,Press Release,"Kotak Mahindra Bank Limited has informed the Exchange regarding a press release dated October 22, 2019, titled ""Kotak Mahindra Bank Ltd. Launches its First International Branch in Dubai, UAE""."
22-Oct-2019 14:47:00,Outcome of Board Meeting,"Kotak Mahindra Bank Limited has informed the Exchange regarding  Board meeting held on October 22, 2019."
22-Oct-2019 13:57:06,Financial Result Updates,"Kotak Mahindra Bank Limited has submitted to the Exchange, the financial results for the period ended September 30, 2019."
15-Oct-2019 12:30:00,Updates,Kotak Mahindra Bank Limited has informed the Exchange regarding 'Kotak Mahindra Bank will hold an Earnings Conference Call on October 22nd 2019 at 5.30 p.m. (IST) to discuss the Unaudited Financial Re
14-Oct-2019 17:07:00,Updates,"Kotak Mahindra Bank Limited has informed the Exchange regarding 'Pursuant to Regulation 47 of the SEBI (LODR) Regulations, 2015, we enclose a copy of the Notice, published by the Bank  on Sunday 13th "
27-Sep-2019 13:52:00,Allotment of ESOP/ESPS,Kotak Mahindra Bank Limited has informed the Exchange regarding allotment of  54626 Equity Shares under ESOP
19-Sep-2019 19:13:00,Analysts/Institutional Investor Meet/Con. Call Updates,Kotak Mahindra Bank Limited has informed the Exchange regarding Analysts/Institutional Investor Meet/Con. Call Updates
19-Sep-2019 19:10:00,Updates,"Kotak Mahindra Bank Limited has informed the Exchange regarding 'Pursuant to Regulation 47 of the Securities and Exchange Board of India (Listing Obligations and Disclosure Requirements) Regulations, "
18-Sep-2019 15:51:00,Allotment of ESOP/ESPS,Kotak Mahindra Bank Limited has informed the Exchange regarding allotment of  159993 Equity Shares under ESOP
17-Sep-2019 19:34:00,Analysts/Institutional Investor Meet/Con. Call Updates,Kotak Mahindra Bank Limited has informed the Exchange regarding Analysts/Institutional Investor Meet/Con. Call Updates
17-Sep-2019 14:36:00,Analysts/Institutional Investor Meet/Con. Call Updates,Kotak Mahindra Bank Limited has informed the Exchange regarding Analysts/Institutional Investor Meet/Con. Call Updates
17-Sep-2019 13:44:00,Analysts/Institutional Investor Meet/Con. Call Updates,Kotak Mahindra Bank Limited has informed the Exchange regarding Analysts/Institutional Investor Meet/Con. Call Updates
13-Sep-2019 18:46:00,Analysts/Institutional Investor Meet/Con. Call Updates,Kotak Mahindra Bank Limited has informed the Exchange regarding Analysts/Institutional Investor Meet/Con. Call Updates
12-Sep-2019 15:30:00,Analysts/Institutional Investor Meet/Con. Call Updates,Kotak Mahindra Bank Limited has informed the Exchange regarding Analysts/Institutional Investor Meet/Con. Call Updates
29-Aug-2019 16:44:00,Updates,"Kotak Mahindra Bank Limited has informed the Exchange regarding 'News paper clippings - Please read  publication date as 29th August 2019 inplace of 28th August 2019, revised disclosure enclosed   '."
29-Aug-2019 16:09:00,Updates,"Kotak Mahindra Bank Limited has informed the Exchange regarding 'Pursuant to Regulation 47 of the Securities and Exchange Board of India (Listing Obligations and Disclosure Requirements) Regulations, "
28-Aug-2019 17:12:00,Allotment of ESOP/ESPS,Kotak Mahindra Bank Limited has informed the Exchange regarding allotment of  237194 Equity Shares under ESOP
21-Aug-2019 16:52:00,Trading Plan under PIT,"Kotak Mahindra Bank Limited has informed the Exchange regarding Trading Plan pursuant to SEBI (Prohibition of Insider Trading) Regulations, 2015, please find enclosed herewith in Annexure A the tradin"
20-Aug-2019 20:26:00,Analysts/Institutional Investor Meet/Con. Call Updates,Kotak Mahindra Bank Limited has informed the Exchange regarding Analysts/Institutional Investor Meet/Con. Call Updates
14-Aug-2019 18:53:00,Analysts/Institutional Investor Meet/Con. Call Updates,Kotak Mahindra Bank Limited has informed the Exchange regarding Analysts/Institutional Investor Meet/Con. Call Updates
13-Aug-2019 19:28:00,Updates,Kotak Mahindra Bank Limited has informed the Exchange regarding 'Confirmation of Interest payment made to Bondholders'.
07-Aug-2019 16:10:00,Allotment of ESOP/ESPS,Kotak Mahindra Bank Limited has informed the Exchange regarding allotment of  96654 Equity Shares under ESOP
24-Jul-2019 13:11:00,Trading Plan under PIT,"Kotak Mahindra Bank Limited has informed the Exchange regarding Trading Plan pursuant to SEBI (Prohibition of Insider Trading) Regulations, 2015 Pursuant to Regulation 5(5) of the PIT Regulations, ple"
23-Jul-2019 17:38:00,Investor Presentation,Kotak Mahindra Bank Limited has informed the Exchange regarding Investor Presentation for Q1FY20 is submitted.
23-Jul-2019 17:31:00,Updates,Kotak Mahindra Bank Limited has informed the Exchange regarding 'News Paper Clippings '.
23-Jul-2019 17:26:00,Updates,Kotak Mahindra Bank Limited has informed the Exchange regarding 'Enclosed herewith the presentation made to the shareholders at the 34th Annual General Meeting of the Bank held on 22nd July 2019 durin
23-Jul-2019 08:51:00,Shareholders meeting,"Kotak Mahindra Bank Limited has informed the Exchange regarding Proceedings of Annual General Meeting held on July 22, 2018. Further, the company has submitted the Exchange a copy of Srutinizers repor"
22-Jul-2019 21:03:00,Updates,Kotak Mahindra Bank Limited has informed the Exchange regarding 'Outcome of Annual General Meeting held on 22nd July 2019'.
22-Jul-2019 18:42:00,Outcome of Board Meeting,"Kotak Mahindra Bank Limited has informed the Exchange regarding  Board meeting held on July 22, 2019."
22-Jul-2019 16:46:49,Financial Result Updates,"Kotak Mahindra Bank Limited has submitted to the Exchange, the financial results for the period ended June 30, 2019."
22-Jul-2019 09:49:00,Updates,"Kotak Mahindra Bank Limited has informed the Exchange regarding 'This has reference to our letter dated 17th July 2019, we wish to inform you that, the Earnings Conference Call scheduled today has bee"
18-Jul-2019 19:18:00,Updates,"Kotak Mahindra Bank Limited has informed the Exchange regarding 'Pursuant to Regulation 47 of the Securities and Exchange Board of India (Listing Obligations & Disclosure Requirements) Regulations, 20"
17-Jul-2019 14:07:00,Updates,Kotak Mahindra Bank Limited has informed the Exchange regarding 'Bank will hold an Earnings Conference Call on 22nd July 2019 at 6.30 p.m. (IST) to discuss Unaudited Financial Results of Kotak Mahindr
12-Jul-2019 15:43:00,Allotment of ESOP/ESPS,Kotak Mahindra Bank Limited has informed the Exchange regarding allotment of  26423 Equity Shares under ESOP
10-Jul-2019 16:53:00,Updates,"Kotak Mahindra Bank Limited has informed the Exchange regarding 'Enclosed a copy of the newspaper clipping of the Notice which appeared on 10th July 2019, in the English daily, Business Standard and M"
09-Jul-2019 15:01:00,Allotment of ESOP/ESPS,Kotak Mahindra Bank Limited has informed the Exchange regarding allotment of  116680 Equity Shares under ESOP
09-Jul-2019 13:31:00,Updates,Kotak Mahindra Bank Limited has informed the Exchange regarding 'Corrigendum to the Notice of the Thirty Fourth Annual General Meeting of the Bank'.
08-Jul-2019 15:37:00,Updates,Kotak Mahindra Bank Limited has informed the Exchange regarding 'News Paper clippings '.
04-Jul-2019 19:42:00,Trading Plan under PIT,"Kotak Mahindra Bank Limited has informed the Exchange regarding Trading Plan pursuant to SEBI (Prohibition of Insider Trading) Regulations, 2015"
28-Jun-2019 13:47:00,Allotment of ESOP/ESPS,Kotak Mahindra Bank Limited has informed the Exchange regarding allotment of  216238 Equity Shares under ESOP
27-Jun-2019 08:14:00,Trading Plan under PIT,"SBI Funds Management Private Limited has submitted to the Exchange  Intimation of trading Plan under Regulation 5(5) of SEBI ( LODR) Regulation, 2015 in shares of Kotak Mahindra Bank Limited."
26-Jun-2019 20:21:00,Analysts/Institutional Investor Meet/Con. Call Updates,Kotak Mahindra Bank Limited has informed the Exchange regarding Analysts/Institutional Investor Meet/Con. Call Updates
26-Jun-2019 13:04:00,Updates,"Kotak Mahindra Bank Limited has informed the Exchange regarding 'Pursuant to Regulation 47 of the Securities and Exchange Board of India (Listing Obligations & Disclosure Requirements) Regulations, 20"
21-Jun-2019 20:39:00,Updates,"Kotak Mahindra Bank Limited has informed the Exchange regarding 'Pursuant to Regulation 34 of the Securities and Exchange Board of India (Listing Obligations and Disclosure Requirements) Regulations, "
21-Jun-2019 20:08:00,AGM/Book Closure,"Kotak Mahindra Bank Limited has informed the Exchange that the Register of Members and Share Transfer Books of the Company shall remain closed from July 16, 2019 to July 22, 2019 (both days inclusive)"
14-Jun-2019 18:31:00,Updates,"Kotak Mahindra Bank Limited has informed the Exchange regarding 'Pursuant to Regulation 47 of the Securities and Exchange Board of India (Listing Obligations & Disclosure Requirements) Regulations, 20"
14-Jun-2019 18:31:00,Updates,"Kotak Mahindra Bank Limited has informed the Exchange regarding 'Pursuant to Regulation 47 of the Securities and Exchange Board of India (Listing Obligations & Disclosure Requirements) Regulations, 20"
13-Jun-2019 19:27:00,Analysts/Institutional Investor Meet/Con. Call Updates,Kotak Mahindra Bank Limited has informed the Exchange regarding Analysts/Institutional Investor Meet/Con. Call Updates
12-Jun-2019 15:45:00,Allotment of ESOP/ESPS,Kotak Mahindra Bank Limited has informed the Exchange regarding allotment of  116404 Equity Shares under ESOP
11-Jun-2019 13:17:00,Analysts/Institutional Investor Meet/Con. Call Updates,Kotak Mahindra Bank Limited has informed the Exchange regarding Analysts/Institutional Investor Meet/Con. Call Updates
08-Jun-2019 19:10:00,Updates,"Kotak Mahindra Bank Limited has informed the Exchange regarding 'Penalty levied by the Reserve Bank of India.  We had issued a notification to the exchanges on 7th June, 2019 at around 8.30 pm.  We wi"
07-Jun-2019 20:35:00,Updates,"Kotak Mahindra Bank Limited has informed the Exchange regarding 'The Reserve Bank of India has levied a penalty of INR 2,00,00,000/- (Rupees two crores only) on the Bank. '."
30-May-2019 19:49:00,Updates,"Kotak Mahindra Bank Limited has informed the Exchange regarding 'Undertaking Pursuant to Regulation 57(2) of SEBI (LODR) Regulations, 2015'."
30-May-2019 19:37:00,Analysts/Institutional Investor Meet/Con. Call Updates,Kotak Mahindra Bank Limited has informed the Exchange regarding Analysts/Institutional Investor Meet/Con. Call Updates
29-May-2019 13:48:00,Allotment of ESOP/ESPS,Kotak Mahindra Bank Limited has informed the Exchange regarding allotment of  86664 Equity Shares under ESOP
28-May-2019 19:43:00,Related Party Transactions,"Kotak Mahindra Bank Limited has submitted to the Exchange Disclosure of Related Party Transactions for the year ended March 31, 2019."
28-May-2019 19:04:00,Analysts/Institutional Investor Meet/Con. Call Updates,Kotak Mahindra Bank Limited has informed the Exchange regarding Analysts/Institutional Investor Meet/Con. Call Updates
21-May-2019 12:00:00,ESOP/ESOS/ESPS,Kotak Mahindra Bank Limited has informed the Exchange regarding Grant of 3381530  Options.
14-May-2019 14:45:00,Allotment of ESOP/ESPS,Kotak Mahindra Bank Limited has informed the Exchange regarding allotment of  81810 Equity Shares under ESOP
10-May-2019 18:01:00,Analysts/Institutional Investor Meet/Con. Call Updates,Kotak Mahindra Bank Limited has informed the Exchange regarding Analysts/Institutional Investor Meet/Con. Call Updates
07-May-2019 18:30:00,Updates,"Kotak Mahindra Bank Limited has informed the Exchange regarding 'Pursuant to Regulation 47 of the Securities and Exchange Board of India (Listing Obligations and Disclosure Requirements) Regulations, "
07-May-2019 18:03:00,Updates,Kotak Mahindra Bank Limited has informed the Exchange regarding 'News Paper Clippings'.
02-May-2019 15:46:00,Updates,"Kotak Mahindra Bank Limited has informed the Exchange regarding 'Pursuant to Regulation 47 of the SEBI (LODR) Regulations, 2015, we enclose a copy of the newspaper clipping of the audited financial re"
02-May-2019 15:37:00,Investor Presentation,Kotak Mahindra Bank Limited has informed the Exchange regarding Investor Presentation for Q4FY19 is submitted.
30-Apr-2019 15:09:00,Outcome of Board Meeting,"Kotak Mahindra Bank Limited has informed the Exchange regarding Outcome of Board Meeting held on April 30, 2019."
30-Apr-2019 14:37:00,Dividend,"Kotak Mahindra Bank Limited has informed the Exchange that Board of Directors at its meeting held on April 30, 2019, recommended Final Dividend of 0.80 per equity share."
30-Apr-2019 14:22:53,Financial Result Updates,"Kotak Mahindra Bank Limited has submitted to the Exchange, the financial results for the period ended March 31, 2019."
26-Apr-2019 20:37:00,Updates,"Kotak Mahindra Bank Limited has informed the Exchange regarding 'Intimation under Regulation 30 of the SEBI ( LODR) Regulations, 2015'."
26-Apr-2019 17:32:00,Updates,"Kotak Mahindra Bank Limited has informed the Exchange regarding 'Pursuant to Regulation 30 of the SEBI ( LODR) Regulations, 2015'."
26-Apr-2019 17:26:00,Updates,"Kotak Mahindra Bank Limited has informed the Exchange regarding 'This has reference to our letter dated 25th April 2019, in connection with the execution of a Share Purchase Agreement by Kotak Mahindr"
25-Apr-2019 17:34:00,Updates,"Kotak Mahindra Bank Limited has informed the Exchange regarding 'Pursuant to Regulation 30 of the SEBI (Listing Obligations and Disclosure Requirements) Regulations, 2015,  we wish to inform you that "
23-Apr-2019 18:23:00,Updates,"Kotak Mahindra Bank Limited has informed the Exchange regarding 'The Bank will hold an Earnings Conference Call on April 30, 2019 at 5.30 p.m. (IST) to discuss the Financial Results of Kotak Mahindra "
12-Apr-2019 15:50:00,Updates,Kotak Mahindra Bank Limited has informed the Exchange regarding 'News paper Clippings '.
10-Apr-2019 14:45:00,Allotment of ESOP/ESPS,Kotak Mahindra Bank Limited has informed the Exchange regarding allotment of  80787 Equity Shares under ESOP
08-Apr-2019 16:49:00,Updates,"Kotak Mahindra Bank Limited has informed the Exchange regarding 'Pursuant to Reg 57(1) of SEBI (LODR) Regulations, 2015, we wish to inform that the yearly interest due on April 7, 2019 for the bonds h"
04-Apr-2019 18:33:00,Updates,Kotak Mahindra Bank Limited has informed the Exchange regarding 'Submission of Half Yearly Statement of Debt Securities for period ended 31st March 2019.'.
04-Apr-2019 18:22:00,Updates,Kotak Mahindra Bank Limited has informed the Exchange regarding 'Intimation of Record Dates of Interest / Principal Payment to be made in respect of the bond issues made by the Bank during the period 
02-Apr-2019 18:11:00,Updates,"Kotak Mahindra Bank Limited has informed the Exchange regarding 'Pursuant to Reg 57(1) of SEBI (LODR) Regulations, 2015, we wish to inform that the yearly interest due on March 30, 2019 for the bonds "
02-Apr-2019 10:59:00,Disc. under Reg.30 of SEBI (SAST) Reg.2011,"Uday S Kotak along with PAC has submitted to the Exchange a copy of disclosure under Regulation 30(1) and 30(2) of SEBI (Substantial Acquisition of Shares & Takeovers) Regulations, 2011."
30-Mar-2019 14:00:00,Allotment of ESOP/ESPS,Kotak Mahindra Bank Limited has informed the Exchange regarding allotment of  49324 Equity Shares under ESOP
28-Mar-2019 18:14:00,Issue of Securities,"Kotak Mahindra Bank Limited has informed the Exchange regarding�� Allotment of Senior Unsecured, Rated, Listed, Redeemable Long Term Bonds in the nature of Non-Convertible Debentures (��NCDs��), on a "
28-Mar-2019 14:36:00,Issue of Securities,"Kotak Mahindra Bank Limited has informed the Exchange regarding Outcome of aCommittee meeting on Issue of Senior Unsecured, Rated, listed, Redeemable Long Term Bonds in the nature of Non-Convertible D"
27-Mar-2019 19:01:00,Updates,"Kotak Mahindra Bank Limited has informed the Exchange regarding 'Pursuant to Regulation 47 of the Securities and Exchange Board of India (Listing Obligations & Disclosure Requirements) Regulations, 20"
26-Mar-2019 18:53:00,Updates,Kotak Mahindra Bank Limited has informed the Exchange regarding 'Enclosed revised ESOP allotment intimation letter for ESOP allotment which is done  today on 26th March 2019. '.
26-Mar-2019 17:15:00,Allotment of ESOP/ESPS,Kotak Mahindra Bank Limited has informed the Exchange regarding allotment of  671502 Equity Shares under ESOP
26-Mar-2019 08:47:00,Issue of Securities,"Kotak Mahindra Bank Limited has informed the Exchange that a meeting of the ALCO (Asset Liability Committee), a Committee authorized by the Board of Directors of the Company is scheduled to be held on"
15-Mar-2019 19:56:00,Dividend,"Kotak Mahindra Bank Limited has informed the Exchange that Board of Directors at its meeting held on March 15, 2019, declared Interim Dividend on8.10% Non-Convertible Perpetual Non-Cumulative Preferen"
15-Mar-2019 19:49:00,Outcome of Board Meeting,"Kotak Mahindra Bank Limited has informed the Exchange regarding  Board meeting held on March 15, 2019."
08-Mar-2019 14:40:00,Record Date,"Kotak Mahindra Bank Limited has informed the Exchange that the Company has fixed Record Date as March 22, 2019 for the purpose of Payment of dividend"
06-Mar-2019 17:14:00,Updates,Kotak Mahindra Bank Limited has informed the Exchange regarding 'News Paper clippings'.
28-Feb-2019 16:23:00,Press Release,"Kotak Mahindra Bank Limited has informed the Exchange regarding a press release dated February 28, 2019, titled ""Kotak Mahindra Bank Revises Marginal Cost of Funds based Lending Rate Downwards by up t"
26-Feb-2019 14:22:00,Updates,Kotak Mahindra Bank Limited has informed the Exchange regarding 'The Board of Directors of the Bank has today approved increase in ceiling limit on the total shareholding of Foreign Institutional Inve
22-Feb-2019 18:37:00,Resignation,"Kotak Mahindra Bank Limited has informed the Exchange regarding Resignation of Mr Mark Newman as Non- Executive Director of the company w.e.f. February 22, 2019."
21-Feb-2019 18:13:00,Analysts/Institutional Investor Meet/Con. Call Updates,Kotak Mahindra Bank Limited has informed the Exchange regarding Analysts/Institutional Investor Meet/Con. Call Updates
14-Feb-2019 18:41:00,Analysts/Institutional Investor Meet/Con. Call Updates,Kotak Mahindra Bank Limited has informed the Exchange regarding Analysts/Institutional Investor Meet/Con. Call Updates
12-Feb-2019 19:30:00,Analysts/Institutional Investor Meet/Con. Call Updates,Kotak Mahindra Bank Limited has informed the Exchange regarding Analysts/Institutional Investor Meet/Con. Call Updates
12-Feb-2019 15:49:00,Analysts/Institutional Investor Meet/Con. Call Updates,Kotak Mahindra Bank Limited has informed the Exchange regarding Analysts/Institutional Investor Meet/Con. Call Updates
11-Feb-2019 19:07:00,Analysts/Institutional Investor Meet/Con. Call Updates,Kotak Mahindra Bank Limited has informed the Exchange regarding Analysts/Institutional Investor Meet/Con. Call Updates
11-Feb-2019 19:03:00,Analysts/Institutional Investor Meet/Con. Call Updates,Kotak Mahindra Bank Limited has informed the Exchange regarding Analysts/Institutional Investor Meet/Con. Call Updates
07-Feb-2019 13:20:00,Allotment of ESOP/ESPS,Kotak Mahindra Bank Limited has informed the Exchange regarding allotment of  341326 Equity Shares under ESOP
07-Feb-2019 12:52:00,Trading Plan under PIT,"Kotak Mahindra Bank Limited has informed the Exchange regarding Trading Plan pursuant to SEBI (Prohibition of Insider Trading) Regulations, 2015"
30-Jan-2019 13:39:00,Updates,Kotak Mahindra Bank Limited has informed the Exchange regarding 'Confirmation of Redemption cum Interest Payment made to Bondholders'.
25-Jan-2019 13:50:00,Updates,Kotak Mahindra Bank Limited has informed the Exchange regarding 'News Paper Clippings - Issue of Duplicate Share Certificates'.
22-Jan-2019 16:41:00,Investor Presentation,Kotak Mahindra Bank Limited has informed the Exchange regarding Investor Presentation
22-Jan-2019 15:07:00,Updates,"Kotak Mahindra Bank Limited has informed the Exchange regarding 'Pursuant to Regulation 47 of the Securities and Exchange Board of India (Listing Obligations and Disclosure Requirements) Regulations, "
21-Jan-2019 12:43:44,Financial Result Updates,"Kotak Mahindra Bank Limited has submitted to the Exchange, the financial results for the period ended December 31, 2018."
16-Jan-2019 15:43:00,Allotment of ESOP/ESPS,Kotak Mahindra Bank Limited has informed the Exchange regarding allotment of  148565 Equity Shares under ESOP
15-Jan-2019 16:02:00,Updates,"Kotak Mahindra Bank Limited has informed the Exchange regarding 'The Bank will hold an Earnings Conference Call on January 21, 2019 at 5.30 p.m. (IST) to discuss the aforementioned financial results o"
14-Jan-2019 17:27:00,Updates,Kotak Mahindra Bank Limited has informed the Exchange regarding 'Confirmation of Interest Payment made to Bondholders'.
11-Jan-2019 16:15:00,Updates,Kotak Mahindra Bank Limited has informed the Exchange regarding 'News Paper Clippings'.
04-Jan-2019 16:33:00,Updates,Kotak Mahindra Bank Limited has informed the Exchange regarding 'News Paper Clippings'.
28-Dec-2018 18:14:00,Updates,"Kotak Mahindra Bank Limited has informed the Exchange regarding 'Pursuant to Regulation 30 of the SEBI (LODR) Regulation, 2015, we hereby inform you that the Bank has, on the ""Grant Date"" of December "
28-Dec-2018 13:04:00,Trading Window,"Kotak Mahindra Bank Limited has informed the Exchange regarding the Trading Window closure pursuant to SEBI (Prohibition of Insider Trading) Regulations, 2015"
27-Dec-2018 16:22:00,Allotment of ESOP/ESPS,Kotak Mahindra Bank Limited has informed the Exchange regarding allotment of  205853 Equity Shares under ESOP
19-Dec-2018 18:07:00,Updates,"Kotak Mahindra Bank Limited has informed the Exchange regarding ' copy of the said order issued by the Bombay High Court,'."
18-Dec-2018 18:05:00,News Clarification,"KOTAKBANK: The Exchange had sought clarification from the Company with respect to news item captioned ""Kotak Mahindra Bank shares fall after Bombay HC denies stay on RBI deadline to cut Uday Kotak sta"
18-Dec-2018 14:46:00,News Clarification,"KOTAKBANK: The Exchange has sought clarification from the Company with respect to news item captioned ""Kotak Mahindra Bank shares fall after Bombay HC denies stay on RBI deadline to cut Uday Kotak sta"
14-Dec-2018 15:47:00,Updates,Kotak Mahindra Bank Limited has informed the Exchange regarding 'Confirmation of Interest Payment made to Bondholders'.
11-Dec-2018 18:50:00,Allotment of ESOP/ESPS,Kotak Mahindra Bank Limited has informed the Exchange regarding allotment of  152571 Equity Shares under ESOP
11-Dec-2018 15:09:00,Updates,Kotak Mahindra Bank Limited has informed the Exchange regarding 'News Paper Clippings'.
10-Dec-2018 11:21:00,Updates,Kotak Mahindra Bank Limited has informed the Exchange regarding 'Filling of Writ  petition '.
07-Dec-2018 13:19:00,News Verification,"The Exchange has sought clarification from Kotak Mahindra Bank Limited with respect to recent news item captioned ""Berkshire Hathaway mulling buying atleast 10% stake in Kotak Mahindra Bank. Berkshire"
07-Dec-2018 10:57:00,News Verification,"The Exchange has sought clarification from Kotak Mahindra Bank Limited with respect to recent news item captioned ""Berkshire Hathaway mulling buying atleast 10% stake in Kotak Mahindra Bank. Berkshire"
28-Nov-2018 16:53:00,Analysts/Institutional Investor Meet/Con. Call Updates,Kotak Mahindra Bank Limited has informed the Exchange regarding Analysts/Institutional Investor Meet/Con. Call Updates
28-Nov-2018 15:24:00,Updates,"Kotak Mahindra Bank Limited has informed the Exchange regarding 'Transfer of Operation of Share Transfer Agent  From ""Karvy Computershare Private Limited"" to "" Karvy Fintech Private Limited""  '."
20-Nov-2018 16:06:00,Analysts/Institutional Investor Meet/Con. Call Updates,Kotak Mahindra Bank Limited has informed the Exchange regarding Analysts/Institutional Investor Meet/Con. Call Updates
16-Nov-2018 18:58:00,Analysts/Institutional Investor Meet/Con. Call Updates,Kotak Mahindra Bank Limited has informed the Exchange regarding Analysts/Institutional Investor Meet/Con. Call Updates
15-Nov-2018 16:54:00,Allotment of ESOP/ESPS,Kotak Mahindra Bank Limited has informed the Exchange regarding allotment of  65124 Equity Shares under ESOP
14-Nov-2018 18:24:00,Analysts/Institutional Investor Meet/Con. Call Updates,Kotak Mahindra Bank Limited has informed the Exchange regarding Analysts/Institutional Investor Meet/Con. Call Updates
13-Nov-2018 17:43:00,Analysts/Institutional Investor Meet/Con. Call Updates,Kotak Mahindra Bank Limited has informed the Exchange regarding Analysts/Institutional Investor Meet/Con. Call Updates
13-Nov-2018 12:41:00,Updates,Kotak Mahindra Bank Limited has informed the Exchange regarding 'News paper Clippings'.
12-Nov-2018 19:07:00,Analysts/Institutional Investor Meet/Con. Call Updates,Kotak Mahindra Bank Limited has informed the Exchange regarding Analysts/Institutional Investor Meet/Con. Call Updates
25-Oct-2018 21:29:00,Updates,"Kotak Mahindra Bank Limited has informed the Exchange regarding 'Pursuant to Regulation 47 of the Securities and Exchange Board of India (Listing Obligations & Disclosure Requirements) Regulations, 20"
25-Oct-2018 18:34:00,Investor Presentation,Kotak Mahindra Bank Limited has informed the Exchange regarding Investor Presentation
24-Oct-2018 12:52:49,Financial Result Updates,"Kotak Mahindra Bank Limited has submitted to the Exchange, the financial results for the period ended September 30, 2018."
22-Oct-2018 16:05:00,Allotment of ESOP/ESPS,Kotak Mahindra Bank Limited has informed the Exchange regarding allotment of  116432 Equity Shares under ESOP
19-Oct-2018 17:41:00,Updates,"Kotak Mahindra Bank Limited has informed the Exchange regarding 'The Bank will hold an Earnings Conference Call on October 24, 2018 at 6.00 p.m. (IST) to discuss the aforementioned financial results o"
12-Oct-2018 12:12:00,Updates,Kotak Mahindra Bank Limited has informed the Exchange regarding 'News Papers Clippings '.
10-Oct-2018 16:58:00,Updates,Kotak Mahindra Bank Limited has informed the Exchange regarding 'News Paper Clippings'.
10-Oct-2018 12:06:00,Trading Window,"Kotak Mahindra Bank Limited has informed the Exchange regarding the Trading Window closure pursuant to SEBI (Prohibition of Insider Trading) Regulations, 2015"
28-Sep-2018 15:53:00,Allotment of ESOP/ESPS,Kotak Mahindra Bank Limited has informed the Exchange regarding allotment of  197323 Equity Shares under ESOP
19-Sep-2018 17:07:00,Analysts/Institutional Investor Meet/Con. Call Updates,Kotak Mahindra Bank Limited has informed the Exchange regarding Analysts/Institutional Investor Meet/Con. Call Updates
19-Sep-2018 17:02:00,Analysts/Institutional Investor Meet/Con. Call Updates,Kotak Mahindra Bank Limited has informed the Exchange regarding Analysts/Institutional Investor Meet/Con. Call Updates
12-Sep-2018 16:23:00,Allotment of ESOP/ESPS,Kotak Mahindra Bank Limited has informed the Exchange regarding allotment of  226211 Equity Shares under ESOP
07-Sep-2018 13:29:00,Updates,Kotak Mahindra Bank Limited has informed the Exchange regarding 'News Paper Clippings '.
05-Sep-2018 13:31:00,Analysts/Institutional Investor Meet/Con. Call Updates,Kotak Mahindra Bank Limited has informed the Exchange regarding Analysts/Institutional Investor Meet/Con. Call Updates
04-Sep-2018 14:54:00,Updates,Kotak Mahindra Bank Limited has informed the Exchange regarding 'Minutes of the Annual General Meeting of the bank held on 19th July 2018 '.
30-Aug-2018 15:00:00,Analysts/Institutional Investor Meet/Con. Call Updates,Kotak Mahindra Bank Limited has informed the Exchange regarding Analysts/Institutional Investor Meet/Con. Call Updates
28-Aug-2018 18:34:00,Analysts/Institutional Investor Meet/Con. Call Updates,Kotak Mahindra Bank Limited has informed the Exchange regarding Analysts/Institutional Investor Meet/Con. Call Updates
17-Aug-2018 15:34:00,Allotment of ESOP/ESPS,Kotak Mahindra Bank Limited has informed the Exchange regarding allotment of  258122 Equity Shares under ESOP
14-Aug-2018 17:42:00,Updates,Kotak Mahindra Bank Limited has informed the Exchange regarding 'Communication to Stock Exchanges'.
13-Aug-2018 18:00:00,Updates,"Kotak Mahindra Bank Limited has informed the Exchange regarding 'Pursuant to Regulation 57(1) of the SEBI (Listing Obligations and Disclosure Requirements) Regulations, 2015, we wish to inform you tha"
07-Aug-2018 12:08:00,Updates,"Kotak Mahindra Bank Limited has informed the Exchange regarding 'Pursuant to Regulation 47 of the Securities and Exchange Board of India (Listing Obligations and Disclosure Requirements) Regulations, "
03-Aug-2018 18:08:00,Reply to Clarification Sought,"KOTAKBANK:The Exchange had sought clarification from Kotak Mahindra Bank Limited with respect to announcement dated 01-Aug-2018, regarding "" Kotak Mahindra Bank Limited has informed the Exchange regar"
03-Aug-2018 09:35:00,Clarification,"KOTAKBANK:The Exchange has sought clarification from Kotak Mahindra Bank Limited with respect to announcement dated 01-Aug-2018, regarding "" Kotak Mahindra Bank Limited has informed the Exchange regar"
02-Aug-2018 20:43:00,Allotment of Securities,"Kotak Mahindra Bank Limited has informed the Exchange regarding allotment of 1000000000 securities pursuant to Non Convertible Securities at its meeting held on August 02, 2018"
01-Aug-2018 21:25:00,Updates,"Kotak Mahindra Bank Limited has informed the Exchange regarding 'Enclosed the information memorandum dated 1''August 2018, in connection with the Issue of Non-Convertible Perpetual Non-Cumulative Pref"
01-Aug-2018 16:30:00,Updates,"Kotak Mahindra Bank Limited has informed the Exchange regarding 'The NCPS Issuance Committee (the ""Committee"") of the Board of Directors of the Company at its meeting held earlier today passed the fol"
28-Jul-2018 18:17:00,Updates,"Kotak Mahindra Bank Limited has informed the Exchange regarding 'Intimation for holding a NCPS Issuance Committee meeting of Board of Directors of the Company is scheduled to be held on August I, 2018"
25-Jul-2018 18:08:00,Allotment of ESOP/ESPS,Kotak Mahindra Bank Limited has informed the Exchange regarding allotment of  190591 Equity Shares under ESOP
20-Jul-2018 16:52:00,Updates,Kotak Mahindra Bank Limited has informed the Exchange regarding 'Copy of News Paper Clippings of unaudited Financial Results published for the quarter ending 30th June 2018 on 20th July 2018 in Busine
20-Jul-2018 16:39:00,Investor Presentation,Kotak Mahindra Bank Limited has informed the Exchange regarding Investor Presentation Q1FY19
19-Jul-2018 23:37:00,Shareholders meeting,"Kotak Mahindra Bank Limited has informed the Exchange regarding Proceedings of Annual General Meeting held on July 19, 2018. Further, the company has submitted the Exchange a copy of Srutinizers repor"
19-Jul-2018 12:39:47,Financial Result Updates,"Kotak Mahindra Bank Limited has submitted to the Exchange, the financial results for the period ended June 30, 2018."
16-Jul-2018 18:29:00,Updates,Kotak Mahindra Bank Limited has informed the Exchange regarding 'Confirmation of Redemption cum Interest Payment made to Bondholders'.
05-Jul-2018 17:06:00,Updates,Kotak Mahindra Bank Limited has informed the Exchange regarding 'Newspaper Clippings'.
03-Jul-2018 15:09:00,Updates,"Kotak Mahindra Bank Limited has informed the Exchange regarding 'The newspaper clipping of the Notice which appeared on 3rd July 2018, in the English daily, Business Standard and Marathi daily, Navsha"
28-Jun-2018 16:32:00,Allotment of ESOP/ESPS,Kotak Mahindra Bank Limited has informed the Exchange regarding allotment of  86754 Equity Shares under ESOP
26-Jun-2018 16:21:00,Trading Window,"Kotak Mahindra Bank Limited has informed the Exchange regarding the Trading Window closure pursuant to SEBI (Prohibition of Insider Trading) Regulations, 2015"
25-Jun-2018 16:40:00,News Verification,"The Exchange has sought clarification from Kotak Mahindra Bank Limited with respect to recent news item captioned HDFC, Kotak Bank eye controlling stake in PNB Housing Finance. The Exchange, in order "
25-Jun-2018 12:30:00,News Verification,"The Exchange has sought clarification from Kotak Mahindra Bank Limited with respect to recent news item captioned HDFC, Kotak Bank eye controlling stake in PNB Housing Finance. In this regard, Exchang"
23-Jun-2018 14:36:00,Analysts/Institutional Investor Meet/Con. Call Updates,Kotak Mahindra Bank Limited has informed the Exchange regarding Analysts/Institutional Investor Meet/Con. Call Updates
22-Jun-2018 18:56:00,Analysts/Institutional Investor Meet/Con. Call Updates,Kotak Mahindra Bank Limited has informed the Exchange regarding Analysts/Institutional Investor Meet/Con. Call Updates
22-Jun-2018 12:42:00,Updates,"Kotak Mahindra Bank Limited has informed the Exchange regarding 'Enclose a copy of newspaper clippings of the Notice which appeared on 22nd June 2018, in the English daily, Business standard and Marat"
21-Jun-2018 19:43:00,Updates,Kotak Mahindra Bank Limited has informed the Exchange regarding 'Appointment of New Chairman of the Audit Committee of the Bank w.e.f. 20th July 2018.'.
21-Jun-2018 19:21:00,Analysts/Institutional Investor Meet/Con. Call Updates,Kotak Mahindra Bank Limited has informed the Exchange regarding Analysts/Institutional Investor Meet/Con. Call Updates
19-Jun-2018 15:45:00,Updates,"Kotak Mahindra Bank Limited has informed the Exchange regarding 'Pursuant to Regulation 47 of the SEBI (LODR) Regulations, 2015, Notice published by the Bank on Tuesday, 19th June 2018, in English dai"
15-Jun-2018 18:15:00,Shareholders meeting,"Kotak Mahindra Bank Limited has informed the Exchange regarding Notice of Annual General Meeting to be held on July 19, 2018"
15-Jun-2018 17:47:00,AGM/Book Closure,"Kotak Mahindra Bank Limited has informed the Exchange that the Register of Members and Share Transfer Books of the Company shall remain closed from July 13, 2018 to July 19, 2018 (both days inclusive)"
12-Jun-2018 20:13:00,Analysts/Institutional Investor Meet/Con. Call Updates,Kotak Mahindra Bank Limited has informed the Exchange regarding Analysts/Institutional Investor Meet/Con. Call Updates
11-Jun-2018 16:09:00,Analysts/Institutional Investor Meet/Con. Call Updates,Kotak Mahindra Bank Limited has informed the Exchange regarding Analysts/Institutional Investor Meet/Con. Call Updates
08-Jun-2018 19:18:00,Analysts/Institutional Investor Meet/Con. Call Updates,Kotak Mahindra Bank Limited has informed the Exchange regarding Analysts/Institutional Investor Meet/Con. Call Updates
07-Jun-2018 18:30:00,Analysts/Institutional Investor Meet/Con. Call Updates,Kotak Mahindra Bank Limited has informed the Exchange regarding Analysts/Institutional Investor Meet/Con. Call Updates
06-Jun-2018 19:20:00,Analysts/Institutional Investor Meet/Con. Call Updates,Kotak Mahindra Bank Limited has informed the Exchange regarding Analysts/Institutional Investor Meet/Con. Call Updates
06-Jun-2018 14:48:00,Allotment of ESOP/ESPS,Kotak Mahindra Bank Limited has informed the Exchange regarding allotment of  187171 Equity Shares under ESOP
05-Jun-2018 20:09:00,Analysts/Institutional Investor Meet/Con. Call Updates,Kotak Mahindra Bank Limited has informed the Exchange regarding Analysts/Institutional Investor Meet/Con. Call Updates
04-Jun-2018 17:10:00,Analysts/Institutional Investor Meet/Con. Call Updates,Kotak Mahindra Bank Limited has informed the Exchange regarding Analysts/Institutional Investor Meet/Con. Call Updates
29-May-2018 19:47:00,Analysts/Institutional Investor Meet/Con. Call Updates,Kotak Mahindra Bank Limited has informed the Exchange regarding Analysts/Institutional Investor Meet/Con. Call Updates
29-May-2018 15:11:00,Updates,Kotak Mahindra Bank Limited has informed the Exchange regarding 'News Paper Clippings'.
19-May-2018 14:30:00,ESOP/ESOS/ESPS,Kotak Mahindra Bank Limited has informed the Exchange regarding Grant of 4074350  Options.
19-May-2018 11:23:00,Outcome of Board Meeting,"Kotak Mahindra Bank Limited has informed the Exchange regarding  Board meeting held on May 19, 2018."
16-May-2018 15:34:00,Allotment of ESOP/ESPS,Kotak Mahindra Bank Limited has informed the Exchange regarding allotment of  83062 Equity Shares under ESOP
15-May-2018 14:55:00,Reply to Clarification- Financial results,"The Exchange had sought clarification from Kotak Mahindra Bank Limited with respect to Non-compliance as per Regulation 33 of the SEBI (Listing Obligations and Disclosure Requirements) Regulations, 20"
14-May-2018 16:17:00,Updates,Kotak Mahindra Bank Limited has informed the Exchange regarding 'News Paper clippings with respect to issue of Duplicate share certificates'.
09-May-2018 17:23:00,Updates,Kotak Mahindra Bank Limited has informed the Exchange regarding 'Confirmation of Redemption cum Interest payment made to Bondholders.'.
08-May-2018 20:37:00,Updates,"Kotak Mahindra Bank Limited has informed the Exchange regarding 'Unsecured, Non-Convertible, Redeemable, Subordinated Bonds in the nature of Debentures-Lower Tier II , Upper Tier II & Infrastructure B"
08-May-2018 20:09:00,Clarification - Financial Results,"The Exchange has sought clarification from Kotak Mahindra Bank Limited with respect to Non-compliance as per Regulation 33 of the SEBI (Listing Obligations and Disclosure Requirements) Regulations, 20"
02-May-2018 19:33:00,Investor Presentation,Kotak Mahindra Bank Limited has informed the Exchange regarding Investor Presentation
02-May-2018 14:37:00,Updates,Kotak Mahindra Bank Limited has informed the Exchange regarding 'News Paper Clippings '.
02-May-2018 13:32:00,News Verification,"The Exchange has sought clarification from Kotak Mahindra Bank Limited with respect to recent news item captioned ""Kotak Mahindra Bank to acquire Axis Bank soon?"". The Exchange, in order to verify the"
02-May-2018 11:04:00,News Verification,"The Exchange has sought clarification from Kotak Mahindra Bank Limited with respect to recent news item captioned ""Kotak Mahindra Bank to acquire Axis Bank soon?"". In this regard, Exchange have advise"
30-Apr-2018 14:18:00,Outcome of Board Meeting,"Kotak Mahindra Bank Limited has informed the Exchange regarding Outcome of Board Meeting held on April 30, 2018."
30-Apr-2018 14:12:00,Dividend,"Kotak Mahindra Bank Limited has informed the Exchange that Board of Directors at its meeting held on April 30, 2018, recommended Final Dividend of 0.70 per equity share."
30-Apr-2018 13:54:00,Financial Result Updates,"Kotak Mahindra Bank Limited has submitted to the Exchange, the financial results for the period ended March 31, 2018."
17-Apr-2018 18:21:00,Updates,Kotak Mahindra Bank Limited has informed the Exchange regarding 'News Paper Clippings '.
17-Apr-2018 15:38:00,Allotment of ESOP/ESPS,Kotak Mahindra Bank Limited has informed the Exchange regarding allotment of  126390 Equity Shares under ESOP
12-Apr-2018 08:54:00,Disc. under Reg.30 of SEBI (SAST) Reg.2011,"Promoter of the Company has submitted to the Exchange a copy of disclosure under Regulation 30(1) and 30(2) of SEBI (Substantial Acquisition of Shares & Takeovers) Regulations, 2011."
10-Apr-2018 16:02:00,Updates,Kotak Mahindra Bank Limited has informed the Exchange regarding 'News paper Clippings   '.
07-Apr-2018 16:53:00,Updates,Kotak Mahindra Bank Limited has informed the Exchange regarding 'Confirmation of Interest Payment made to Bondholders'.
03-Apr-2018 17:23:00,Updates,Kotak Mahindra Bank Limited has informed the Exchange regarding 'Confirmation Of Interest Payment Made To Bondholders'.
03-Apr-2018 16:37:00,Updates,Kotak Mahindra Bank Limited has informed the Exchange regarding 'The Bank has designated Mr Gaurang Shah as the Chief  Risk Officer (CRO) of  the bank and the group'.
27-Mar-2018 18:12:00,Updates,Kotak Mahindra Bank Limited has informed the Exchange regarding 'Intimation of Record Dates of Interest / Principal Payment to be made in respect of the bond issues made by the Bank during the period 
27-Mar-2018 14:44:00,Updates,Kotak Mahindra Bank Limited has informed the Exchange regarding 'News Paper Clippings '.
22-Mar-2018 18:01:00,Allotment of ESOP/ESPS,Kotak Mahindra Bank Limited has informed the Exchange regarding allotment of  180434 Equity Shares under ESOP
20-Mar-2018 16:00:00,Press Release,"Kotak Mahindra Bank Limited has informed the Exchange regarding a press release dated March 20, 2018, titled ""Riding on 811, Kotak Mahindra Bank Scripts New ABCD of Finance""."
15-Mar-2018 17:49:00,Updates,Kotak Mahindra Bank Limited has informed the Exchange regarding 'News Paper Clippings'.
14-Mar-2018 20:47:00,ESOP/ESOS/ESPS,Kotak Mahindra Bank Limited has informed the Exchange regarding Grant of 30000  Options.
07-Mar-2018 16:10:00,Analysts/Institutional Investor Meet/Con. Call Updates,Kotak Mahindra Bank Limited has informed the Exchange regarding Analysts/Institutional Investor Meet/Con. Call Updates
28-Feb-2018 14:22:00,Allotment of ESOP/ESPS,Kotak Mahindra Bank Limited has informed the Exchange regarding allotment of  192011 Equity Shares under ESOP
27-Feb-2018 18:54:00,Analysts/Institutional Investor Meet/Con. Call Updates,Kotak Mahindra Bank Limited has informed the Exchange regarding Analysts/Institutional Investor Meet/Con. Call Updates
27-Feb-2018 17:33:00,Updates,Kotak Mahindra Bank Limited has informed the Exchange regarding 'News Paper Clippings '.
26-Feb-2018 17:45:00,Analysts/Institutional Investor Meet/Con. Call Updates,Kotak Mahindra Bank Limited has informed the Exchange regarding Analysts/Institutional Investor Meet/Con. Call Updates
23-Feb-2018 19:05:00,Analysts/Institutional Investor Meet/Con. Call Updates,Kotak Mahindra Bank Limited has informed the Exchange regarding Analysts/Institutional Investor Meet/Con. Call Updates
13-Feb-2018 12:19:00,Updates,Kotak Mahindra Bank Limited has informed the Exchange regarding 'News Paper Clippings'.
09-Feb-2018 18:06:00,Analysts/Institutional Investor Meet/Con. Call Updates,Kotak Mahindra Bank Limited has informed the Exchange regarding Analysts/Institutional Investor Meet/Con. Call Updates
08-Feb-2018 17:46:00,Analysts/Institutional Investor Meet/Con. Call Updates,Kotak Mahindra Bank Limited has informed the Exchange regarding Analysts/Institutional Investor Meet/Con. Call Updates
08-Feb-2018 17:16:00,Analysts/Institutional Investor Meet/Con. Call Updates,Kotak Mahindra Bank Limited has informed the Exchange regarding Analysts/Institutional Investor Meet/Con. Call Updates
07-Feb-2018 13:59:00,Allotment of ESOP/ESPS,Kotak Mahindra Bank Limited has informed the Exchange regarding allotment of  302049 Equity Shares under ESOP
05-Feb-2018 17:45:00,Analysts/Institutional Investor Meet/Con. Call Updates,Kotak Mahindra Bank Limited has informed the Exchange regarding Analysts/Institutional Investor Meet/Con. Call Updates
31-Jan-2018 17:58:00,Updates,Kotak Mahindra Bank Limited has informed the Exchange regarding 'Confirmation of Interest payment made to Bondholders'.
29-Jan-2018 12:47:00,Analysts/Institutional Investor Meet/Con. Call Updates,Kotak Mahindra Bank Limited has informed the Exchange regarding Analysts/Institutional Investor Meet/Con. Call Updates
22-Jan-2018 16:10:00,Investor Presentation,Kotak Mahindra Bank Limited has informed the Exchange regarding Investor Presentation
22-Jan-2018 14:45:00,Updates,Kotak Mahindra Bank Limited has informed the Exchange regarding 'News Paper Clippings'.
19-Jan-2018 12:55:30,Financial Result Updates,"Kotak Mahindra Bank Limited has submitted to the Exchange, the financial results for the period ended December 31, 2017."
19-Jan-2018 12:51:00,Outcome of Board Meeting,"Kotak Mahindra Bank Limited has informed the Exchange regarding Outcome of Board Meeting held on January 19, 2018."
15-Jan-2018 17:48:00,Updates,Kotak Mahindra Bank Limited has informed the Exchange regarding 'Confirmation of Redemption cum Interest payment made to Bondholders'.
15-Jan-2018 15:59:00,Allotment of ESOP/ESPS,Kotak Mahindra Bank Limited has informed the Exchange regarding allotment of  270232 Equity Shares under ESOP
11-Jan-2018 18:05:00,Analysts/Institutional Investor Meet/Con. Call Updates,Kotak Mahindra Bank Limited has informed the Exchange regarding Analysts/Institutional Investor Meet/Con. Call Updates
29-Dec-2017 12:51:00,Allotment of ESOP/ESPS,Kotak Mahindra Bank Limited has informed the Exchange regarding allotment of  288238 Equity Shares under ESOP
28-Dec-2017 17:21:00,Updates,Kotak Mahindra Bank Limited has informed the Exchange regarding 'News Clippings'.
14-Dec-2017 17:10:00,Updates,Kotak Mahindra Bank Limited has informed the Exchange regarding 'Confirmation of Redemption cum Interest payment made to Bondholders'.
07-Dec-2017 17:40:00,Analysts/Institutional Investor Meet/Con. Call Updates,Kotak Mahindra Bank Limited has informed the Exchange regarding Analysts/Institutional Investor Meet/Con. Call Updates
02-Dec-2017 14:23:00,Analysts/Institutional Investor Meet/Con. Call Updates,Kotak Mahindra Bank Limited has informed the Exchange regarding Analysts/Institutional Investor Meet/Con. Call Updates
23-Nov-2017 19:26:00,Allotment of ESOP/ESPS,Kotak Mahindra Bank Limited has informed the Exchange regarding allotment of  181515 Equity Shares under ESOP
21-Nov-2017 13:41:00,Updates,Kotak Mahindra Bank Limited has informed the Exchange regarding 'News Paper clippings'.
17-Nov-2017 18:59:00,Analysts/Institutional Investor Meet/Con. Call Updates,Kotak Mahindra Bank Limited has informed the Exchange regarding Analysts/Institutional Investor Meet/Con. Call Updates
16-Nov-2017 16:22:00,Analysts/Institutional Investor Meet/Con. Call Updates,Kotak Mahindra Bank Limited has informed the Exchange regarding Analysts/Institutional Investor Meet/Con. Call Updates
15-Nov-2017 18:25:00,Analysts/Institutional Investor Meet/Con. Call Updates,Kotak Mahindra Bank Limited has informed the Exchange regarding Analysts/Institutional Investor Meet/Con. Call Updates
14-Nov-2017 12:28:00,Updates,Kotak Mahindra Bank Limited has informed the Exchange regarding 'News Paper clippings'.
09-Nov-2017 18:47:00,Analysts/Institutional Investor Meet/Con. Call Updates,Kotak Mahindra Bank Limited has informed the Exchange regarding Analysts/Institutional Investor Meet/Con. Call Updates
02-Nov-2017 15:39:00,Allotment of ESOP/ESPS,Kotak Mahindra Bank Limited has informed the Exchange regarding allotment of  229725 Equity Shares under ESOP
26-Oct-2017 18:54:00,Updates,Kotak Mahindra Bank Limited has informed the Exchange regarding 'Q2FY18 Investor Presentation '.
26-Oct-2017 18:41:00,Updates,Kotak Mahindra Bank Limited has informed the Exchange regarding 'News Paper Clippings'.
25-Oct-2017 13:09:17,Financial Result Updates,"Kotak Mahindra Bank Limited has submitted to the Exchange, the financial results for the period ended September 30, 2017."
25-Oct-2017 13:07:00,Outcome of Board Meeting,"Kotak Mahindra Bank Limited has informed the Exchange regarding Outcome of Board Meeting held on October 25, 2017."
24-Oct-2017 20:24:00,ESOP/ESOS/ESPS,Kotak Mahindra Bank Limited has informed the Exchange regarding Grant of 16800  Options.
18-Oct-2017 18:01:00,Analysts/Institutional Investor Meet/Con. Call Updates,Kotak Mahindra Bank Limited has informed the Exchange regarding Analysts/Institutional Investor Meet/Con. Call Updates
13-Oct-2017 19:11:00,Updates,"Kotak Mahindra Bank Limited has informed the Exchange regarding 'Completion of transaction for acquisition of 13,26,75,452 equity shares of Rs.10 each from Old Mutual Plc by Kotak Mahindra Bank Ltd., "
06-Oct-2017 14:51:00,Updates,Kotak Mahindra Bank Limited has informed the Exchange regarding 'News Clippings'.
29-Sep-2017 19:17:00,Allotment of ESOP/ESPS,Kotak Mahindra Bank Limited has informed the Exchange regarding allotment of  122557 Equity Shares under ESOP
27-Sep-2017 12:43:00,Updates,Kotak Mahindra Bank Limited has informed the Exchange regarding 'News Paper clippings'.
22-Sep-2017 17:26:00,Analysts/Institutional Investor Meet/Con. Call Updates,Kotak Mahindra Bank Limited has informed the Exchange regarding Analysts/Institutional Investor Meet/Con. Call Updates
19-Sep-2017 12:24:00,Analysts/Institutional Investor Meet/Con. Call Updates,Kotak Mahindra Bank Limited has informed the Exchange regarding Analysts/Institutional Investor Meet/Con. Call Updates
14-Sep-2017 14:52:00,Allotment of ESOP/ESPS,Kotak Mahindra Bank Limited has informed the Exchange regarding allotment of  91208 Equity Shares under ESOP
07-Sep-2017 15:12:00,Updates,Kotak Mahindra Bank Limited has informed the Exchange regarding 'Confirmation of Redemption cum Interest payment made to Bondholders'.
07-Sep-2017 12:23:00,Analysts/Institutional Investor Meet/Con. Call Updates,Kotak Mahindra Bank Limited has informed the Exchange regarding Analysts/Institutional Investor Meet/Con. Call Updates
06-Sep-2017 19:36:00,ESOP/ESOS/ESPS,Kotak Mahindra Bank Limited has informed the Exchange regarding Grant of 8000  Options.
06-Sep-2017 19:21:00,Analysts/Institutional Investor Meet/Con. Call Updates,Kotak Mahindra Bank Limited has informed the Exchange regarding Analysts/Institutional Investor Meet/Con. Call Updates
05-Sep-2017 10:49:00,Updates,Kotak Mahindra Bank Limited has informed the Exchange regarding 'news paper clippings'.
02-Sep-2017 10:02:00,Analysts/Institutional Investor Meet/Con. Call Updates,Kotak Mahindra Bank Limited has informed the Exchange regarding Analysts/Institutional Investor Meet/Con. Call Updates
30-Aug-2017 14:42:00,Updates,Kotak Mahindra Bank Limited has informed the Exchange regarding 'Confirmation of Redemption cum Interest payment made to            Bondholders'.
24-Aug-2017 18:52:00,Analysts/Institutional Investor Meet/Con. Call Updates,Kotak Mahindra Bank Limited has informed the Exchange regarding Analysts/Institutional Investor Meet/Con. Call Updates
23-Aug-2017 14:30:00,Allotment of ESOP/ESPS,Kotak Mahindra Bank Limited has informed the Exchange regarding allotment of  221377 Equity Shares under ESOP
22-Aug-2017 17:03:00,Analysts/Institutional Investor Meet/Con. Call Updates,Kotak Mahindra Bank Limited has informed the Exchange regarding Analysts/Institutional Investor Meet/Con. Call Updates
09-Aug-2017 14:02:00,Analysts/Institutional Investor Meet/Con. Call Updates,Kotak Mahindra Bank Limited has informed the Exchange regarding Analysts/Institutional Investor Meet/Con. Call Updates
03-Aug-2017 14:47:00,Press Release,"Kotak Mahindra Bank Limited has informed the Exchange regarding a press release dated August 03, 2017, titled ""Kotak Mahindra Bank Holds Retail Savings Rate Despite Falling Trend""."
25-Jul-2017 15:00:00,Updates,Kotak Mahindra Bank Limited has informed the Exchange regarding Exercising of call option for redemption of Upper Tier II Bonds issued by the Bank .
21-Jul-2017 13:15:00,Analysts/Institutional Investor Meet/Con. Call Updates,Kotak Mahindra Bank Limited has informed the Exchange regarding Analysts/Institutional Investor Meet/Con. Call Updates
20-Jul-2017 21:45:00,Shareholders meeting,"Kotak Mahindra Bank Limited has informed the Exchange regarding Proceedings of Annual General Meeting held on July 20, 2017. Further, the company has submitted the Exchange a copy of Srutinizers repor"
20-Jul-2017 10:36:41,Financial Result Updates,"Kotak Mahindra Bank Limited has submitted to the Exchange, the financial results for the period ended June 30, 2017."
13-Jul-2017 14:47:00,Allotment of ESOP/ESPS,Kotak Mahindra Bank Limited has informed the Exchange regarding allotment of  68249 Equity Shares under ESOP
12-Jul-2017 12:35:00,Analysts/Institutional Investor Meet/Con. Call Updates,Kotak Mahindra Bank Limited has informed the Exchange regarding Analysts/Institutional Investor Meet/Con. Call Updates
30-Jun-2017 22:07:00,Allotment of ESOP/ESPS,Kotak Mahindra Bank Limited has informed the Exchange regarding allotment of  156825 Equity Shares under ESOP
27-Jun-2017 14:31:00,Allotment of ESOP/ESPS,Kotak Mahindra Bank Limited has informed the Exchange regarding allotment of  125248 Equity Shares under ESOP
14-Jun-2017 15:48:00,Allotment of ESOP/ESPS,Kotak Mahindra Bank Limited has informed the Exchange regarding allotment of  190585 Equity Shares under ESOP
08-Jun-2017 18:19:00,Analysts/Institutional Investor Meet/Con. Call Updates,Kotak Mahindra Bank Limited has informed the Exchange regarding Analysts/Institutional Investor Meet/Con. Call Updates
07-Jun-2017 16:22:00,Shareholders meeting,"Kotak Mahindra Bank Limited has informed the Exchange regarding Notice of Annual General Meeting to be held on July 20, 2017"
07-Jun-2017 15:05:00,AGM/Book Closure,"Kotak Mahindra Bank Limited has informed the Exchange that the Register of Members & Share Transfer Books of the Company will remain closed from July 14, 2017 to July 20, 2017 (both days inclusive) fo"
02-Jun-2017 17:41:00,Analysts/Institutional Investor Meet/Con. Call Updates,Kotak Mahindra Bank Limited has informed the Exchange regarding Analysts/Institutional Investor Meet/Con. Call Updates
31-May-2017 11:38:00,Analysts/Institutional Investor Meet/Con. Call Updates,Kotak Mahindra Bank Limited has informed the Exchange regarding Analysts/Institutional Investor Meet/Con. Call Updates
22-May-2017 12:56:00,Updates,Kotak Mahindra Bank Limited has informed the Exchange regarding Confirmation of Redemption cum Interest payment made to Bondholders
19-May-2017 08:34:00,Qualified Institutional Placement,Kotak Mahindra Bank Limited has informed the Exchange regarding Allotment of Equity shares in QIP.
18-May-2017 09:50:00,Updates,Kotak Mahindra Bank Limited has informed the Exchange regarding Increase in ceiling limit on the total shareholding of Foreign Institutional Investors (FIIs)/ Foreign Portfolio Investors (FPIs) from t
16-May-2017 23:28:00,Qualified Institutional Placement,"Kotak Mahindra Bank Limited has informed the Exchange that in respect of the Issue, the Securities Issuance Committee of the Board of Directors of the Bank has, at its meeting held on May 16, 2017, am"
16-May-2017 14:27:00,Outcome of Board Meeting,"Kotak Mahindra Bank Limited has informed the Exchange regarding Outcome of Board Meeting held on May 15, 2017."
16-May-2017 10:11:00,Reappointment,Kotak Mahindra Bank Limited has informed the Exchange regarding Re-appointment of Whole-time Directors.
15-May-2017 18:53:00,ESOP/ESOS/ESPS,Kotak Mahindra Bank Limited has informed the Exchange regarding Grant of 4136370  Options.
11-May-2017 16:36:00,Updates,"Kotak Mahindra Bank Limited has informed the Exchange that Further to intimation dated May 11, 2017, that he reference date of the meeting of the committee to consider and approve the issue price of t"
11-May-2017 15:56:00,Qualified Institutional Placement,"Kotak Mahindra Bank Limited has informed the Exchange regarding Qualified institutions placement of equity shares of face value of Rs. 5 each (the ""Equity Shares"") by Kotak Mahindra Bank Limited (the "
09-May-2017 18:14:00,Shareholders meeting,"Kotak Mahindra Bank Limited has informed the Exchange regarding Proceedings of Extraordinary General Meeting held on May 09, 2017. Further, the company has submitted the Exchange a copy of Srutinizers"
05-May-2017 18:10:00,Analysts/Institutional Investor Meet/Con. Call Updates,Kotak Mahindra Bank Limited has informed the Exchange regarding Analysts/Institutional Investor Meet/Con. Call Updates
03-May-2017 16:47:00,Analysts/Institutional Investor Meet/Con. Call Updates,Kotak Mahindra Bank Limited has informed the Exchange regarding Analysts/Institutional Investor Meet/Con. Call Updates
29-Apr-2017 11:43:00,Analysts/Institutional Investor Meet/Con. Call Updates,Kotak Mahindra Bank Limited has informed the Exchange regarding Analysts/Institutional Investor Meet/Con. Call Updates
28-Apr-2017 14:13:00,Updates,Kotak Mahindra Bank Limited has informed the Exchange regarding Newspaper clippings with respect to transfer of equity shares of the Bank to Investor Education and Protection Fund (IEPF) Suspense Acco
28-Apr-2017 08:11:00,Updates,"Kotak Mahindra Bank Limited has informed the Exchange that the Bank has executed a Share Purchase Agreement, for acquisition of 13,26,75,452 equity shares of Rs. 10 each, being 26% of the equity share"
28-Apr-2017 06:33:00,Press Release,"Kotak Mahindra Bank Limited has informed the Exchange regarding a press release dated April 28, 2017, titled ""Kotak Mahindra to Buy Out Entire 26% of Old Mutual s JV Stake""."
27-Apr-2017 13:40:00,Dividend,"Kotak Mahindra Bank Limited has informed the Exchange that the Board of Directors of the Bank at its meeting held on April 27, 2017 has recommended dividend of Rs.0.60 paise per share."
27-Apr-2017 13:37:07,Financial Result Updates,"Kotak Mahindra Bank Limited has submitted to the Exchange, the financial results for the period ended March 31, 2017."
26-Apr-2017 15:03:00,Allotment of ESOP/ESPS,Kotak Mahindra Bank Limited has informed the Exchange regarding allotment of  130376 Equity Shares under ESOP
19-Apr-2017 10:32:00,Analysts/Institutional Investor Meet/Con. Call Updates,Kotak Mahindra Bank Limited has informed the Exchange regarding Analysts/Institutional Investor Meet/Con. Call Updates
11-Apr-2017 11:15:00,Shareholders meeting,"Kotak Mahindra Bank Limited has submitted to the Exchange a copy of notice of Extra-Ordinary General Meeting of the bank to be held on May 09, 2017."
08-Apr-2017 11:00:00,Disc. under Reg.30 of SEBI (SAST) Reg.2011,"Uday S Kotak has submitted to the Exchange a copy of disclosure under Regulation 30(1) and 30(2) of SEBI (Substantial Acquisition of Shares & Takeovers) Regulations, 2011."
07-Apr-2017 19:05:00,Updates,"Kotak Mahindra Bank Limited has informed the Exchange that the Reserve Bank of India has issued a Certificate of Registration to Kotak Infrastructure Debt Fund Limited, subsidiary of the Bank, permitt"
31-Mar-2017 15:27:00,Allotment of ESOP/ESPS,Kotak Mahindra Bank Limited has informed the Exchange regarding allotment of  204277 Equity Shares under ESOP
30-Mar-2017 12:46:00,Press Release,"Kotak Mahindra Bank Limited has informed the Exchange regarding a press release dated March 30, 2017 titled "" Kotak Mahindra Bank to Raise Equity Capital ""."
30-Mar-2017 12:45:00,Outcome of Board Meeting,"Kotak Mahindra Bank Limited has informed the Exchange that at the Meeting of the Board of Directors of the Bank held March 30, 2017, the Board has accorded its approval for raising of equity capital b"
29-Mar-2017 15:44:00,Press Release,"Kotak Mahindra Bank Limited has informed the Exchange regarding a press release dated March 29, 2017, titled ""Kotak Mahindra Bank Unveils Bold Organic Growth Charter with 811""."
24-Mar-2017 12:40:00,Analysts/Institutional Investor Meet/Con. Call Updates,Kotak Mahindra Bank Limited has informed the Exchange regarding Analysts/Institutional Investor Meet/Con. Call Updates
22-Mar-2017 14:15:00,Allotment of ESOP/ESPS,Kotak Mahindra Bank Limited has informed the Exchange regarding allotment of  288481 Equity Shares under ESOP
17-Mar-2017 15:53:00,Outcome of Board Meeting,"Kotak Mahindra Bank Limited has informed the Exchange that the Board of Directors of the Bank at its meeting held on March 17, 2017 granted its consent to seek approval of the shareholders to increase"
09-Mar-2017 14:58:00,Allotment of ESOP/ESPS,Kotak Mahindra Bank Limited has informed the Exchange regarding allotment of  538679 Equity Shares under ESOP
08-Mar-2017 11:30:00,Updates,Kotak Mahindra Bank Limited has informed the Exchange regarding Increase in ceiling for investment by Foreign Institutional Investors.
24-Feb-2017 12:15:00,ESOPs/ESOS/ESPS,"Kotak Mahindra Bank Limited has informed the Exchange that the Bank has, on the Grant Date of 23rd February 2017, made a grant of 2,50,000 options, in aggregate, under Kotak Mahindra Equity Option Sch"
23-Feb-2017 19:34:00,Analysts/Institutional Investor Meet/Con. Call Updates,Kotak Mahindra Bank Limited has informed the Exchange regarding Analysts/Institutional Investor Meet/Con. Call Updates
20-Feb-2017 18:34:00,Analysts/Institutional Investor Meet/Con. Call Updates,Kotak Mahindra Bank Limited has informed the Exchange regarding Analysts/Institutional Investor Meet/Con. Call Updates
17-Feb-2017 16:55:00,News Clarification,"The Exchange had sought clarification from the Company with respect to recent news item captioned ""Kotak Mahindra, Axis Bank shares up on merger buzz "". The response from the Company is enclosed."
17-Feb-2017 12:59:00,News Clarification,"The Exchange has sought clarification from the Company with respect to recent news item captioned  Kotak Mahindra, Axis Bank shares up on merger buzz In this regard, Exchange has advised the Company t"
16-Feb-2017 12:38:00,Analysts/Institutional Investor Meet/Con. Call Updates,Kotak Mahindra Bank Limited has informed the Exchange regarding Analysts/Institutional Investor Meet/Con. Call Updates
15-Feb-2017 17:42:00,Allotment of ESOP/ESPS,Kotak Mahindra Bank Limited has informed the Exchange regarding allotment of  296582 Equity Shares under ESOP
15-Feb-2017 17:17:00,Analysts/Institutional Investor Meet/Con. Call Updates,Kotak Mahindra Bank Limited has informed the Exchange regarding Analysts/Institutional Investor Meet/Con. Call Updates
14-Feb-2017 17:19:00,Analysts/Institutional Investor Meet/Con. Call Updates,Kotak Mahindra Bank Limited has informed the Exchange regarding Analysts/Institutional Investor Meet/Con. Call Updates
10-Feb-2017 16:53:00,Analysts/Institutional Investor Meet/Con. Call Updates,Kotak Mahindra Bank Limited has informed the Exchange regarding Analysts/Institutional Investor Meet/Con. Call Updates
10-Feb-2017 16:36:00,Analysts/Institutional Investor Meet/Con. Call Updates,Kotak Mahindra Bank Limited has informed the Exchange regarding Analysts/Institutional Investor Meet/Con. Call Updates
06-Feb-2017 12:18:00,Analysts/Institutional Investor Meet/Con. Call Updates,Kotak Mahindra Bank Limited has informed the Exchange regarding Analysts/Institutional Investor Meet/Con. Call Updates
01-Feb-2017 11:41:00,Updates,"Kotak Mahindra Bank Limited has informed the Exchange that the Bank has received a Communication from the Reserve Bank of India to bring down its promoter shareholding to 30% by June 30, 2017 , 20% by"
31-Jan-2017 17:44:00,Updates,Kotak Mahindra Bank Limited has informed the Exchange regarding the Confirmation of Interest payment made to Bondholders.
27-Jan-2017 10:37:00,Investor Presentation,Kotak Mahindra Bank Limited has informed the Exchange regarding Investor Presentation
25-Jan-2017 13:02:20,Financial Result Updates,"Kotak Mahindra Bank Limited has submitted to the Exchange, the financial results for the period ended December 31, 2016."
17-Jan-2017 14:43:00,Analysts/Institutional Investor Meet/Con. Call Updates,Kotak Mahindra Bank Limited has informed the Exchange regarding Analysts/Institutional Investor Meet/Con. Call Updates
13-Jan-2017 14:19:00,Allotment of ESOP/ESPS,Kotak Mahindra Bank Limited has informed the Exchange regarding allotment of  308041 Equity Shares under ESOP
06-Jan-2017 08:45:00,Press Release,"Kotak Mahindra Bank Limited has informed the Exchange regarding a press release dated January 06, 2017, titled ""Kotak Mahindra Bank revises Base Rate downwards by 10bps""."
02-Jan-2017 13:02:00,Press Release,"Kotak Mahindra Bank Limited has informed the Exchange regarding a press release dated January 02, 2017, titled ""Kotak Mahindra Bank Revises Marginal Cost of Funds Based Lending Rate Downwards by up to"
19-Dec-2016 17:27:00,Allotment of ESOP/ESPS,Kotak Mahindra Bank Limited has informed the Exchange regarding allotment of  688914 Equity Shares under ESOP
15-Dec-2016 12:47:00,Updates,"Kotak Mahindra Bank Limited has informed the Exchange that the yearly interest due on December 14, 2016 for Lower TIER II Bonds (ISIN INE166A08032)."
15-Dec-2016 11:31:00,Analysts/Institutional Investor Meet/Con. Call Updates,Kotak Mahindra Bank Limited has informed the Exchange regarding Analysts/Institutional Investor Meet/Con. Call Updates
05-Dec-2016 12:20:00,Updates,Kotak Mahindra Bank Limited has submitted to the Exchange a copy of Newspaper clippings IEPF Suspense account.
24-Nov-2016 17:31:00,ESOPs/ESOS/ESPS,"Kotak Mahindra Bank Limited has informed the Exchange regarding Intimation of allotment of 6,40,762 Equity shares pursuant to exercise of Employees Stock Options."
17-Nov-2016 11:16:00,Analysts/Institutional Investor Meet/Con. Call Updates,Kotak Mahindra Bank Limited has informed the Exchange regarding Analysts/Institutional Investor Meet/Con. Call Updates
16-Nov-2016 15:40:00,Analysts/Institutional Investor Meet/Con. Call Updates,Kotak Mahindra Bank Limited has informed the Exchange regarding Analysts/Institutional Investor Meet/Con. Call Updates :Representative of Kotak Mahindra Bank Limited met investors at Macquarie India C
15-Nov-2016 13:17:00,Updates,"Kotak Mahindra Bank Limited has informed the Exchange that Representative of the Bank met investors at 19th CLSA India Forum, held on November 14, 2016 at Gurgaon."
12-Nov-2016 18:13:00,Analysts/Institutional Investor Meet/Con. Call Updates,Kotak Mahindra Bank Limited has informed the Exchange regarding Analysts/Institutional Investor Meet/Con. Call Updates.
11-Nov-2016 17:09:00,Press Release,"Kotak Mahindra Bank Limited has informed the Exchange regarding Press release dated November 11, 2016 title "" Kotak Mahindra Bank Gets RBI Approval to open its First Overseas Branch in Dubai Internati"
04-Nov-2016 17:07:00,Updates,"Kotak Mahindra Bank Limited has informed the Exchange that  on November 04, 2016, the representative of Kotak Mahindra Bank Limited met investors at Morgan Stanley Non Deal Road Show held on 04th Nove"
02-Nov-2016 17:28:00,ESOPs/ESOS/ESPS,"Kotak Mahindra Bank Limited has informed the Exchange regarding Intimation of allotment of 6,43,152 Equity shares pursuant to exercise of Employees Stock Options."
27-Oct-2016 16:21:00,Updates,"Kotak Mahindra Bank Limited has informed the Exchange that the representatives of Kotak Mahindra Bank Limited met investors during the Nomura India Macro Tour, 2016 held on October 27, 2016."
27-Oct-2016 15:56:00,Investor Presentation,Kotak Mahindra Bank Limited has informed the Exchange regarding Investor Presentation.
26-Oct-2016 11:44:00,Investor Presentation,Kotak Mahindra Bank Limited has informed the Exchange regarding Investor Presentation Q2FY17.
25-Oct-2016 12:52:31,Financial Result Updates,"Kotak Mahindra Bank Limited has submitted to the Exchange, the financial results for the period ended September 30, 2016."
19-Oct-2016 10:27:00,Updates,"Kotak Mahindra Bank Limited has informed the Exchange regarding the  Shareholding Pattern of the Bank for the quarter ended September 30, 2016."
18-Oct-2016 13:11:00,Analysts/Institutional Investor Meet/Con. Call Updates,"Kotak Mahindra Bank Limited has informed the Exchange regarding Earnings Conference Call on October 25, 2016."
06-Oct-2016 19:44:00,Press Release,"Kotak Mahindra Bank Limited has informed the Exchange regarding Press Release dated October 06, 2016 title ""Kotak Mahindra Bank revises Base Rate downwards by 10bps"""
30-Sep-2016 17:52:00,Press Release,"Kotak Mahindra Bank Limited has informed the Exchange regarding a press release dated September 30, 2016 titled ""Kotak Mahindra Bank Limited acquires BSS Microfinance Private Limited"".."
30-Sep-2016 16:05:00,Updates,"Kotak Mahindra Bank Limited has informed the Exchange that the Bank has executed a Share Purchase Agreement, for acquisition of 99.49% of the equity shareholding of BSS Microfinance Private Limited (C"
22-Sep-2016 16:44:00,Updates,Kotak Mahindra Bank Limited has informed the Exchange regarding representatives of the Bank met Investors at KIE India Auto Forum 2016.
21-Sep-2016 16:45:00,ESOPs/ESOS/ESPS,"Kotak Mahindra Bank Limited has informed the Exchange that the ESOP Allotment Committee of the Bank at its Meeting held on September 21, 2016 has allotted 9,21,372 equity shares of Rs. 5/- each, pursu"
19-Sep-2016 19:32:00,Disclosure under SEBI Takeover Regulations,"Kotak Mahindra Bank Limited has submitted to the Exchange vide letter dated September 19, 2016  a copy of disclosure pursuant to Regulation 13(4) and (6) of the SEBI (Prohibition of Insider Trading) R"
16-Sep-2016 14:11:00,Analysts/Institutional Investor Meet/Con. Call Updates,"Kotak Mahindra Bank Limited has informed the Exchange that on September 15, 2016, the representative (s) of Bank met investors at JP Morgan India Investor Summit 2016, held on September 15,2016 at Del"
16-Sep-2016 14:10:00,Analysts/Institutional Investor Meet/Con. Call Updates,"Kotak Mahindra Bank Limited has informed the Exchange that on September 14 and 15, 2016 the representative (s) of Bank met investors at Goldman Sachs India Financials Tour, held on September 14 and 15"
16-Sep-2016 14:03:00,Appointment of Director,"Kotak Mahindra Bank Limited has informed the Exchange that the Board of Directors of the Bank has on September 16, 2016 approved the appointment of Mr. Uday Chander Khanna as an Additional Director of"
16-Sep-2016 11:47:00,Disclosure under Insider Trading Regulation,Gargi Dash has submitted to the Exchange a Copy of disclosures under regulation 13(4) read with 13(5) of the PIT Regulations.
07-Sep-2016 14:59:00,Analysts/Institutional Investor Meet/Con. Call Updates,Kotak Mahindra Bank Limited has informed the Exchange that Investor Meet
03-Sep-2016 12:37:00,Updates,"Kotak Mahindra Bank Limited has informed the Exchange that representatives of the Bank met the investors at CLSA Non Deal Road Show held on September 02, 2016 at London."
02-Sep-2016 10:00:00,Analysts/Institutional Investor Meet/Con. Call Updates,Kotak Mahindra Bank Limited has informed the Exchange regarding Investor Meet.
01-Sep-2016 08:03:00,Postal Ballot Updates,Kotak Mahindra Bank Limited has submitted to the Exchange the details of voting results of the Postal Ballot of the Company along with Scrutinizers Report.
31-Aug-2016 11:02:00,Analysts/Institutional Investor Meet/Con. Call Updates,"Kotak Mahindra Bank Limited has informed the Exchange that the representatives of the Bank met investors at Motilal Oswal's Annual Global Investor Conference, held on August 30, 2016."
30-Aug-2016 18:06:00,Updates,Kotak Mahindra Bank Limited has informed the Exchange that The Reserve Bank of India has informed the Bank that it has granted approval to Canada Pension Plan Investment Board (CPPIB) for acquiring sh
29-Aug-2016 15:40:00,ESOPs/ESOS/ESPS,"Kotak Mahindra Bank Limited has informed the Exchange regarding allotment of 3,69,179 Equity Shares pursuant to exercise of Employees Stock Options."
11-Aug-2016 11:42:00,ESOPs/ESOS/ESPS,"Kotak Mahindra Bank Limited has informed the Exchange that the Bank has, on the ""Grant Date"" of August 10, 2016, made a grant of 5,94,000 options, in aggregate, under Kotak Mahindra Equity Option Sche"
03-Aug-2016 15:17:00,ESOPs/ESOS/ESPS,"Kotak Mahindra Bank Limited has informed the Exchange regarding allotment of 2,34,265 Equity Shares pursuant to exercise of Employee Stock Option."
03-Aug-2016 13:00:00,Postal Ballot Updates,Kotak Mahindra Bank Limited has submitted to the Exchange a copy of the Postal Ballot Notice.
29-Jul-2016 17:42:00,Updates,"Kotak Mahindra Bank Limited has informed the Exchange that on July 29, 2016, the representative of Kotak Mahindra Bank Limited met investors at KIE Non Deal Road show held at Hong Kong."
28-Jul-2016 17:47:00,Updates,"Kotak Mahindra Bank Limited has informed the Exchange that on July 28, 2016, representative of Kotak Mahindra Bank Limited met Investors at KIE Non Deal Road show, held at Singapore."
28-Jul-2016 17:33:00,Annual General Meeting Updates,"Kotak Mahindra Bank Limited has submitted to the Exchange a copy of the proceedings of the Annual General Meeting of the bank held on July 22, 2016."
26-Jul-2016 18:10:00,Updates,"Kotak Mahindra Bank Limited has informed the Exchange that on July 25, 2016, representative of Kotak Mahindra Bank Limited met investors at KIE Non Deal Road Show, held at London."
23-Jul-2016 12:26:00,"Regulation 44(3) of SEBI (LODR), Reg., 2015","Kotak Mahindra Bank Limited has informed the Exchange regarding the outcome and detailed voting results of the Annual General Meeting of the Company held on July 22, 2016 along with scrutinizers repor"
22-Jul-2016 15:28:00,Investor Presentation,Kotak Mahindra Bank Limited has informed the Exchange regarding Q1FY17 Investor Presentation
21-Jul-2016 13:24:00,Press Release,"Kotak Mahindra Bank Limited has informed the Exchange regarding a press release dated July 21, 2016 with respect to the Unaudited Financial Results of the Bank for the Quarter ended June 30, 2016."
21-Jul-2016 13:20:33,Financial Result Updates,"Kotak Mahindra Bank Limited has submitted to the Exchange the standalone & consolidated financial results along with the Limited Review Report for the period ended June 30, 2016."
19-Jul-2016 11:33:00,Updates,"Kotak Mahindra Bank Limited has informed the Exchange regarding the Earnings Conference Call on July 21, 2016."
15-Jul-2016 17:17:00,Updates,Kotak Mahindra Bank Limited has informed the Exchange that Confirmation of Interest Payment made to Bond Holders
12-Jul-2016 15:29:00,ESOPs/ESOS/ESPS,"Kotak Mahindra Bank Limited has informed the Exchange that the ESOP Allotment Committee of the Bank at its Meeting held on July 12, 2016 has allotted 1,88,533 equity shares of Rs 5/- each, pursuant to"
30-Jun-2016 18:45:00,ESOPs/ESOS/ESPS,"Kotak Mahindra Bank Limited has informed the Exchange Intimation of allotment of 4,43,534 Equity shares pursuant to exercise of Employees Stock Options"
29-Jun-2016 14:02:00,Annual General Meeting Updates,"Kotak Mahindra Bank Limited has submitted to the Exchange a copy of the Notice of Annual General Meeting of the Bank to be held July 22, 2016 along with Annual Report."
24-Jun-2016 17:21:00,Updates,"Kotak Mahindra Bank Limited has informed the Exchange that on June 24, 2016, the representative of the Bank met investors at Spark Capital Non Lead Road Show."
17-Jun-2016 09:50:00,Annual General Meeting Updates,"Kotak Mahindra Bank Limited has submitted to the Exchange a copy of notice of Annual General Meeting of the members of the Company to be held on July 22, 2016."
16-Jun-2016 11:36:00,Declaration for audit reports with unmodified opinion(s),"Kotak Mahindra Bank Limited has informed the Exchange regarding the Declaration pursuant to Regulation 33(3)(d) of SEBI (LODR) (Amendment) Regulations, 2016."
09-Jun-2016 16:07:00,Updates,"Kotak Mahindra Bank Limited has informed the Exchange that on June 09, 2016 , the representative (s) of Kotak Mahindra Bank limited met investors at Citi India Fin-Tech Trip, 2016."
08-Jun-2016 16:50:00,Updates,"Kotak Mahindra Bank Limited has informed the Exchange that on June 8, 2016, the representative (s) of Kotak Mahindra Bank Limited met investors at Citi India Investor Conference, 2016 held at Mumbai."
08-Jun-2016 16:16:00,ESOPs/ESOS/ESPS,"Kotak Mahindra Bank Limited has informed the Exchange that the ESOP Allotment Committee of the Bank at its Meeting held on June 08, 2016 has allotted 3,59,846 equity shares of Rs. 5/- each, pursuant t"
06-Jun-2016 13:12:00,AGM/Book Closure,"Kotak Mahindra Bank Limited has informed the Exchange that the Register of Members & Share Transfer Books of the Company will remain closed from July 16, 2016 to July 22, 2016 (both days inclusive) fo"
03-Jun-2016 18:18:00,Updates,Kotak Mahindra Bank Limited has informed the Exchange that the representative of the Bank met investors at B&K Securities Trinity Investor Conference at Mumbai.
03-Jun-2016 09:28:00,Updates,"Kotak Mahindra Bank Limited has informed the Exchange that on June 2, 2016, the representative of Kotak Mahindra Bank Limited met investor at Morgan Stanley's Annual India summit."
01-Jun-2016 09:11:00,Updates,"Kotak Mahindra Bank Limited has informed the Exchange that on May 31, 2016, the representative of the Bank met investors at India Corporate Day 2016 , held at Singapore."
31-May-2016 08:01:00,Updates,Kotak Mahindra Bank Limited has informed the Exchange that the representative of the Bank met investors at India Corporate Day - 2016 held at Hong Kong
28-May-2016 12:13:00,Updates,Kotak Mahindra Bank Limited has informed the Exchange that Kotak Investment Advisers Limited along with Kotak Mahindra Trusteeship Services Limited have sold/disposed 2.35% of the shares of Diamond Po
20-May-2016 10:53:00,ESOPs/ESOS/ESPS,"Kotak Mahindra Bank Limited has informed the Exchange that the Bank has, on the ""Grant Date"" of  May 19, 2016, made a grant of 30,38,470 options, in aggregate, under Kotak Mahindra Equity Option Schem"
18-May-2016 17:18:00,ESOPs/ESOS/ESPS,"Kotak Mahindra Bank Limited has informed the Exchange that the ESOP Allotment Committee of the Bank at its Meeting held on May 18, 2016 has allotted 1,70,477 equity shares of Rs. 5/- each, pursuant to"
12-May-2016 15:25:00,Updates,Kotak Mahindra Bank Limited has submitted the Exchange a copy of Investor Presentation on Q4FY16
11-May-2016 14:20:00,Press Release,"Kotak Mahindra Bank Limited has informed the Exchange regarding a press release dated May 11, 2016  with respect to the financial results of the Banks for the year ended March 31, 2016 alongwith Earni"
11-May-2016 14:18:00,Dividend,"Kotak Mahindra Bank Limited has informed the Exchange that the Board of Directors of the Company at its meeting held on May 11, 2016 has recommended dividend of Rs 0.50 paise per share."
11-May-2016 14:15:13,Financial Result Updates,"Kotak Mahindra Bank Limited has submitted to the Exchange the standalone & consolidated financial results along with the Auditors Report for the period ended March 31, 2016."
10-May-2016 14:20:00,Analysts Meet,"Kotak Mahindra Bank Limited has informed the Exchange that the Bank will hold an Earnings Conference Call on May 11, 2016."
09-May-2016 10:36:00,Retirement,"Kotak Mahindra Bank Limited has informed the Exchange that Mr. Asim Ghosh a Director of the Bank has retired as a Director with effect from May 9, 2016, on completion of eight years on the Board of th"
03-May-2016 12:58:00,Press Release,"Kotak Mahindra Bank Limited has informed the Exchange regarding a press release dated May 03, 2016, titled ""Kotak Mahindra Bank Launches International Banking Unit in GIFT City""."
22-Apr-2016 13:14:00,ESOPs/ESOS/ESPS,"Kotak Mahindra Bank Limited has informed the Exchange that the ESOP Allotment Committee of the Bank at its Meeting held on April 22, 2016 has allotted 2,18,965 equity shares of Rs. 5/- each, pursuant "
18-Apr-2016 17:19:00,Trading Window,"Kotak Mahindra Bank Limited has informed the Exchange that the Trading Window for dealing in securities of the Bank will be closed from April 20, 2016 till the close of business hours on May 13, 2016,"
08-Apr-2016 17:09:00,Updates,"Kotak Mahindra Bank Limited has informed the Exchange that the Company subsidiary, Kotak Mahindra (International) Limited (KMIL) a Foreign Portfolio Investor (FPI) on its client account, has acquired "
06-Apr-2016 16:54:00,Updates,"Kotak Mahindra Bank Limited has informed the Exchange that the Company subsidiary, Kotak Mahindra (International) Limited (KMIL), a Foreign Portfolio Investor (FPI) has acquired 38,68,606 equity share"
04-Apr-2016 18:31:00,Disc. under Reg.30 of SEBI (SAST) Reg.2011,"Kotak Mahindra Bank Limited has submitted to the Exchange vide letter dated April 4, 2016 a copy of disclosure under Regulation 30(1) and 30(2) of SEBI (Substantial Acquisition of Shares & Takeovers) "
01-Apr-2016 16:39:00,Change in Director(s),"Kotak Mahindra Bank Limited has informed the Exchange that Mr. C. Jayaram, currently the Joint Managing Director of the Bank will retire on April 30, 2016, on attaining the age of superannuation. The "
01-Apr-2016 16:29:00,Press Release,"Kotak Mahindra Bank Limited has informed the Exchange regarding a press release dated April 01, 2016 titled ""Kotak Mahindra Bank Announces MCLR""."
30-Mar-2016 17:20:00,ESOPs/ESOS/ESPS,"Kotak Mahindra Bank Limited has informed the Exchange that the ESOP Allotment Committee of the Bank at its Meeting held on March 30, 2016 has allotted 5,09,878 equity shares of Rs. 5/- each, pursuant "
23-Mar-2016 10:18:00,Updates,"Kotak Mahindra Bank Limited has informed the Exchange that the Reserve Bank of India, vide its letter dated March 22, 2016 has intimated that pursuant to the approval from the Foreign Investment Promo"
15-Mar-2016 15:43:00,ESOPs/ESOS/ESPS,"Kotak Mahindra Bank Limited has informed the Exchange that the ESOP Allotment Committee of the Bank at its Meeting held on March 15, 2016 has allotted 2,01,472 equity shares of Rs. 5/- each, pursuant "
15-Mar-2016 10:57:00,Updates,"Kotak Mahindra Bank Limited has informed the Exchange that the representatives of Kotak Mahindra Bank Limited met investors during the UBS INDIA FINANCIALS FIELD TRIP held on March 14, 2016 at Mumbai."
03-Mar-2016 08:22:00,Updates,"Kotak Mahindra Bank Limited has informed the Exchange that on March 02, 2016, the representative (s) of Kotak Mahindra Bank Limited met investors at Namaste- 9th Annual dbAcess India Conference, held "
26-Feb-2016 11:08:00,Updates,"Kotak Mahindra Bank Limited has informed the Exchange that the Bank has acquired 9,83,82,022 equity shares at Rs 10/- each aggregating to Rs 98.38 crore being 19.90% of the paid-up capital of Airtel M"
25-Feb-2016 17:21:00,ESOPs/ESOS/ESPS,"Kotak Mahindra Bank Limited has informed the Exchange regarding allotment of 4,15,743 Equity Shares pursuant to exercise of Employees Stock Option."
23-Feb-2016 19:26:00,Updates,"Kotak Mahindra Bank Limited has informed the Exchange that on February 23, 2016, the representative of Kotak Mahindra Bank Limited met investors at Kotak institutional Equities Chasing Growth Conferen"
23-Feb-2016 17:56:00,Updates,"Kotak Mahindra Bank Limited has informed the Exchange that Kotak Mahindra Bank Limited has signed on February 23, 2016 a Share Subscription and Shareholders Agreement with Airtel M Commerce Services L"
19-Feb-2016 08:11:00,Updates,"Kotak Mahindra Bank Limited has informed the Exchange that the representative of Kotak Mahindra Bank Limited met investors at IIFL's 7th Enterprising India Global Investors' Conference, held at Mumbai"
17-Feb-2016 16:38:00,Updates,"Kotak Mahindra Bank Limited has informed the Exchange that on February 17, 2016, the representative of the Company met investors at 20th Merrill Lynch Investor Conference, held at Delhi."
16-Feb-2016 14:06:00,Updates,"Kotak Mahindra Bank Limited has informed the Exchange that on February 16, 2016 the representative of the Bank met investors at 11th Edelweiss India Conference 2016- Disruptive Innovations, held at Mu"
13-Feb-2016 16:42:00,Updates,"Kotak Mahindra Bank Limited has informed the Exchange that in addition to the disclosures made by the Subsidiary, Kotak Mahindra (International) Limited (KMIL) under Securities and Exchange Board of I"
13-Feb-2016 12:31:00,Updates,"Kotak Mahindra Bank Limited has informed the Exchange that the representatives of the Bank met investors during the UBS Specialized Field Trip held on February 12, 2016."
12-Feb-2016 12:52:00,Updates,Kotak Mahindra Bank Limited has informed the Exchange regarding Investor meet.
09-Feb-2016 09:49:00,Updates,"Kotak Mahindra Bank Limited has informed the Exchange that the representatives of the Bank met investors during the Credit Suisse India Financials Trip held on February 8, 2016."
04-Feb-2016 13:19:00,ESOPs/ESOS/ESPS,"Kotak Mahindra Bank Limited has informed the Exchange that ESOP Allotment Committee of the Bank at its Meeting held on February 2016 has allotted 303974 equity shares of Rs. 5/- each, pursuant to exer"
18-Jan-2016 13:09:13,Financial Result Updates,Kotak Mahindra Bank Limited has submitted to the exchange the standalone & consolidated financial results along with the Limited Review Report for the period ended 31-Dec-2015.
18-Jan-2016 13:09:00,Press Release,"Kotak Mahindra Bank Limited has informed the Exchange regarding a press release dated January 18, 2016 titled ""Kotak Mahindra Bank Announces Results"" along with Earning Update Q3FY16."
15-Jan-2016 15:17:00,Allotment of Securities,"Kotak Mahindra Bank Limited has informed the Exchange that the ESOP Allotment Committee of the Bank at its meeting held on January 15, 2016 has allotted 4,51,849 equity shares of Rs 5/- each pursuant "
14-Jan-2016 18:29:00,Updates,"Kotak Mahindra Bank Limited has informed the Exchange that the Bank will hold Earnings Conference Call on January 18, 2016 to discuss the aforementioned financial results of Kotak Mahindra Bank Limite"
08-Jan-2016 12:06:00,Updates,"Kotak Mahindra Bank Limited has informed the Exchange regarding Intimation under regulation 30(5) of the SEBI (Listing Obligations and Disclosure Requirements) Regulations, 2015."
05-Jan-2016 12:14:00,Trading Window,"Kotak Mahindra Bank Limited has informed the Exchange that the trading window for dealing in securities of the Bank is closed from December 28, 2015 till the close of business hours on January 20, 201"
01-Jan-2016 18:33:00,Updates,"Kotak Mahindra Bank Limited has informed the Exchange that the Bank has acquired on January 01, 2015, 10,00,000 equity shares at Rs.10/-each aggregating to Rs. 1 Crore being 9.99% of the paid-up capit"
31-Dec-2015 15:58:00,Allotment of Securities,"Kotak Mahindra Bank Limited has informed the Exchange that the ESOP Allotment Committee of the Bank at its meeting held on December 31, 2015 has allotted 2,39,902 equity shares of Rs 5/- each pursuant"
14-Dec-2015 15:36:00,Allotment of Securities,"Kotak Mahindra Bank Limited has informed the Exchange that the ESOP Allotment Committee of the Bank at its meeting held on December 14, 2015 has allotted 5,42,364 equity shares of Rs 5/- each pursuant"
26-Nov-2015 17:37:00,Allotment of Securities,"Kotak Mahindra Bank Limited has informed the Exchange that the ESOP Allotment Committee of the Bank at its Meeting held on November 26, 2015 has allotted 4,12,216 equity shares of Rs. 5/- each, pursua"
20-Nov-2015 16:29:00,Press Release,"Kotak Mahindra Bank Limited regarding a press release dated November 20, 2015 titled ""Kotak Mahindra General Insurance Receives IRDAI Approval to Commence Insurance Business""."
04-Nov-2015 15:47:00,Allotment of Securities,"Kotak Mahindra Bank Limited has informed the Exchange that the ESOP Allotment Committee of the Bank at its Meeting held on November 04, 2015 has allotted 2,07,733 equity shares of Rs. 5/- each, pursua"
30-Oct-2015 13:02:00,Press Release,"Kotak Mahindra Bank Limited has informed the Exchange regarding a press release dated October 30, 2015 titled ""Kotak Mahindra Bank Announces Results"" along with Earning Update Q2FY16."
30-Oct-2015 12:53:18,Financial Result Updates,Kotak Mahindra Bank Limited has submitted to the exchange the standalone & consolidated financial results along with the Limited Review Report for the period ended 30-Sep-2015.
16-Oct-2015 17:54:00,Allotment of Securities,"Kotak Mahindra Bank Limited has informed the Exchange that the ESOP Allotment Committee of the Bank at its Meeting held on October 16, 2015 has allotted 5,84,407 equity shares of Rs. 5/- each, pursuan"
01-Oct-2015 11:39:00,Press Release,"Kotak Mahindra Bank Limited has informed the Exchange regarding a press release dated October 1, 2015 titled ""Kotak Mahindra Bank revises Base Rate""."
01-Oct-2015 10:22:00,Trading Window,"Kotak Mahindra Bank Limited has informed the Exchange that the Trading Window will be closed from October 7, 2015 and would open for trading from November 2, 2015, for Directors and Designated persons"
30-Sep-2015 17:19:00,Allotment of Securities,"Kotak Mahindra Bank Limited has informed the Exchange that the ESOP Allotment Committee of the Bank at its Meeting held on September 30, 2015 has allotted 8,45,825 equity shares of Rs. 5/- each, pursu"
24-Sep-2015 13:11:00,Outcome of Board Meeting,"Kotak Mahindra Bank Limited has informed the Exchange that the Board of Directors of the Bank at its meeting held on September 24, 2015, approved a Sponsored Depository Receipt (DR) issuance programme"
07-Sep-2015 17:07:00,Allotment of Securities,"Kotak Mahindra Bank Limited has informed the Exchange that the ESOP Allotment Committee of the Bank at its Meeting held on September 7, 2015 has allotted 15,53,767 equity shares of Rs. 5/- each, pursu"
24-Aug-2015 15:16:00,Allotment of Securities,"Kotak Mahindra Bank Limited has informed the Exchange that the ESOP Allotment Committee of the Bank at its meeting held on August 24, 2015 has allotted 10,27,010 equity shares of Rs 5/- each, pursuant"
06-Aug-2015 14:30:00,ESOPs/ESOS/ESPS,"Kotak Mahindra Bank Limited has informed the Exchange that the Bank has, on the ""Grant Date"" of August 6, 2015, made a grant of 14,000 options, in aggregate, under Kotak Mahindra Equity Option Scheme "
30-Jul-2015 16:06:00,Updates,Kotak Mahindra Bank Limited has informed the Exchange regarding Earnings Update Q1 FY16.
30-Jul-2015 16:04:00,Press Release,"Kotak Mahindra Bank Limited has informed the Exchange regarding a press release dated July 30, 2015 titled ""Consolidated PAT for Q1FY16 Rs. 517 cr ""."
30-Jul-2015 15:55:18,Financial Result Updates,Kotak Mahindra Bank Limited has submitted to the exchange the standalone & consolidated financial results along with the Limited Review Report for the period ended 30-Jun-2015.
16-Jul-2015 17:07:00,Allotment of Securities,"Kotak Mahindra Bank Limited has informed the Exchange that the ESOP Allotment Committee of the Bank at its meeting held on July 16, 2015 has allotted 14,02,142 equity shares of Rs. 5/- each, pursuant "
10-Jul-2015 17:36:00,Allotment of Securities,"Kotak Mahindra Bank Limited has informed the Exchange that at the Meeting of the Bonus Allotment Committee of the Bank Limited held on July 10, 2015, the Committee has alloted 912841920 equity shares "
08-Jul-2015 13:14:00,Annual General Meeting Updates,"Kotak Mahindra Bank Limited has submitted to the Exchange a copy of Minutes of Annual General Meeting of the Company held on June 29, 2015."
06-Jul-2015 11:43:00,Trading Window,"Kotak Mahindra Bank Limited has informed the Exchange that the Trading Window will be closed from July 8, 2015. The same would open for trading from August 3, 2015, for Directors and Designated Employ"
01-Jul-2015 14:54:00,Press Release,"Kotak Mahindra Bank Limited has informed the Exchange regarding a Media release dated July 1, 2015 titled ""Kotak Mahindra Bank revises Base Rate""."
30-Jun-2015 11:20:00,Disclosure of Voting Pattern - Clause 35A,"Kotak Mahindra Bank Limited has submitted to the Exchange the details of voting results of the Annual General Meeting of the Company held on the June 29, 2015 along with Report of Scrutinizer pursuant"
29-Jun-2015 17:01:00,Record Date,"Kotak Mahindra Bank Limited has informed the Exchange that the Company has fixed Record Date as July 9, 2015 for the purpose of Allotment of Bonus Shares. "
29-Jun-2015 15:02:00,Annual General Meeting Updates,"Kotak Mahindra Bank Limited has submitted to the Exchange a Certified True Copy of the Resolution passed at the Annual General Meeting of the bank held on June 29, 2015. "
05-Jun-2015 18:02:00,Press Release,"Kotak Mahindra Bank Limited has informed the Exchange regarding a press release dated June 5, 2015 titled ""Kotak Mahindra Bank and ING Bank Sign MoU for Cross Border Business""."
04-Jun-2015 10:14:00,Annual General Meeting Updates,"Kotak Mahindra Bank Limited has submitted to the Exchange a copy of notice of Annual General Meeting of the members of the Company to be held on June 29, 2015."
03-Jun-2015 13:21:00,AGM/Book Closure,"Kotak Mahindra Bank Limited has informed the Exchange that the Register of Members and Share Transfer Books of the Company shall remain closed from June 22, 2015 to June 29, 2015(both days inclusivie)"
28-May-2015 13:30:00,Allotment of Securities,"Kotak Mahindra Bank Limited has informed the Exchange that the ESOP Allotment Committee of the Bank at its Meeting held on May 28, 2015 has allotted 6,82,673 equity shares of Rs. 5/- each, pursuant to"
14-May-2015 17:10:00,Updates,Kotak Mahindra Bank Limited has informed the Exchange that the Bank has formulated a Code of Practices and Procedures for Fair Disclosure of Unpublished Price Sensitive Information (copy enclosed) and
14-May-2015 13:41:00,News Clarification,"The Exchange had sought clarification from Kotak Mahindra Bank Limited with respect to a news item captioned ""Dhanlaxmi Bank surges to upper limit on Kotak takeover report"". The Company has clarified "
14-May-2015 12:22:00,News Clarification,"The Exchange has sought clarification from Kotak Mahindra Bank Limited with respect to recent news item captioned ""Dhanlaxmi Bank surges to upper limit on Kotak takeover report"". In this regard, Excha"
11-May-2015 09:00:00,ESOPs/ESOS/ESPS,"Kotak Mahindra Bank Limited has informed the Exchange that the Bank has, on the ""Grant Date"" of May 09, 2015, made a grant of 19,00,700 options, in aggregate, under Kotak Mahindra Esop Scheme 2007 Ser"
07-May-2015 17:06:00,Allotment of Securities,"Kotak Mahindra Bank Limited has informed the Exchange that the ESOP Allotment Committee of the Bank at its Meeting held on May 7, 2015 has allotted 6,10,724 equity shares of Rs. 5/- each, pursuant to "
05-May-2015 14:15:00,Outcome of Board Meeting,"Kotak Mahindra Bank Limited has informed the Exchange that the Board of Directors of the Bank at its meeting held on May 5, 2015 have:  1. Appointed Mr. Mark Edwin Newman as an Additional Director on "
05-May-2015 14:12:00,Dividend,"Kotak Mahindra Bank Limited has informed the Exchange that the Board of Directors of the Bank at its meeting held on May 5, 2015 have recommended dividend of Rs. 0.90 per share."
05-May-2015 14:12:00,Updates,Kotak Mahindra Bank Limited has informed the Exchange  regarding Earnings Update.
05-May-2015 14:09:00,Bonus,"Kotak Mahindra Bank Limited has informed the Exchange that the Board of Directors of the Bank at the meeting held on May 5, 2015 have approved issue of bonus shares in the ratio of 1 equity share for "
05-May-2015 14:09:00,Press Release,"Kotak Mahindra Bank Limited has informed the Exchange regarding a press release dated May 5, 2015 titled ""Kotak Mahindra Bank Announces Results Bank PAT for FY15 RS. 1866 cr up 24%""."
05-May-2015 14:07:03,Financial Result Updates,Kotak Mahindra Bank Limited has submitted to the exchange the standalone & consolidated financial results for the period ended 31-Mar-2015.
27-Apr-2015 14:48:00,Press Release,"Kotak Mahindra Bank Limited has informed the Exchange regarding a press release dated April 27, 2015, titled ""Kotak Mahindra Bank lists new shares on the Exchanges - Rings the bell for a Bigger, Bolde"
24-Apr-2015 18:54:00,Disc. under Reg.30 of SEBI (SAST) Reg.2011,"Uday Kotak has submitted to the Exchange vide letter dated April 23, 2015 a copy of disclosure under Regulation 30(1) and 30(2) of SEBI (Substantial Acquisition of Shares & Takeovers) Regulations, 201"
21-Apr-2015 12:55:00,Allotment of Securities,"Kotak Mahindra Bank Limited has informed the Exchange that the merger allotment committee of the Bank at its meeting held on April 21, 2015 has allotted, pursuant to the scheme of amalgamation, 139,20"
13-Apr-2015 18:48:00,Trading Window,"Kotak Mahindra Bank Limited has informed the Exchange that pursuant to Securities and Exchange Board of India (Prohibition of Insider Trading) Regulations, 1992 and in terms of Kotak Mahindra Bank Lim"
13-Apr-2015 17:27:00,Press Release,"Kotak Mahindra Bank Limited has informed the Exchange regarding a press release dated April 13, 2015 titled ""Kotak Mahindra Bank revises Base Rate""."
07-Apr-2015 21:01:00,News Clarification,"The Exchange had sought clarification from Kotak Mahindra Bank Limited with respect to a news item captioned ""Kotak Mahindra seen exiting MCX"". The Company has clarified that ""The said News Item itsel"
06-Apr-2015 19:02:00,Updates,"Kotak Mahindra Bank Limited has informed the Exchange that the Bank has fixed Record Date as April 17, 2015 for the purpose of ascertaining the shareholders of ING Vysya Bank Limited who shall be enti"
01-Apr-2015 08:10:00,Amalgamation/Merger,Kotak Mahindra Bank Limited has informed the Exchange that Reserve Bank of India has approved the scheme of amalgamation of the ING Vysya Bank Limited with Kotak Mahindra Bank Limited. The Scheme of A
31-Mar-2015 18:53:00,Allotment of Securities,"Kotak Mahindra Bank Limited has informed the Exchange regarding intimation of allotment of 1,07,426 Equity Shares pursuant to exercise of Employee Stock Options. "
24-Mar-2015 17:44:00,Allotment of Securities,"Kotak Mahindra Bank Limited has informed the Exchange that the ESOP Allotment Commitee of the Bank at its Meeting held on March 24, 2015 has alloted 48321 equity shares of Rs. 5 each, pursuant to exer"
17-Mar-2015 16:42:00,Allotment of Securities,"Kotak Mahindra Bank Limited has informed the Exchange that the ESOP Allotment Commitee of the Bank at its Meeting held on March 17, 2015 has alloted 119529 equity shares of Rs. 5 each, pursuant to exe"
20-Feb-2015 18:44:00,Updates,Kotak Mahindra Bank Limited has informed the Exchange that Competition Commision of India (CCI) has approved the proposed combination in the nature of merger of ING Vysya Bank Limited with Kotak Mahin
16-Feb-2015 16:00:00,Allotment of Securities,"Kotak Mahindra Bank Limited has informed the Exchange that the ESOP Allotment Committee of the Bank at its Meeting held on February 16, 2015 has allotted to 1,26,991 equity shares of Rs. 5/- each, pur"
29-Jan-2015 18:56:00,Press Release,"Kotak Mahindra Bank Limited has informed the Exchange regarding a press release dated January 29, 2015 titled ""Kotak Mahindra Bank to invest in Airtel M Commerce Services Limited for Setting Up Paymen"
28-Jan-2015 17:44:00,Allotment of Securities,"Kotak Mahindra Bank Limited has informed the Exchange that the ESOP Allotment Committee of the Bank at its Meeting held on January 28, 2015 has allotted to 2,20,779 equity shares of Rs. 5/- each, purs"
20-Jan-2015 17:18:00,Extraordinary General Meeting Updates,"Kotak Mahindra Bank Limited has submitted to the Exchange a copy of Minutes of Extra Ordinary General Meeting of the Bank held on January 7, 2015."
20-Jan-2015 11:48:00,Press Release,"Kotak Mahindra Bank Limited  has informed the Exchange regarding a press release dated January 20, 2015, titled "" Kotak Mahindra Bank Announces Results"" along with Earning update."
20-Jan-2015 11:47:02,Financial Result Updates,Kotak Mahindra Bank Limited has submitted to the exchange the standalone & consolidated financial results along with the Limited Review Report for the period ended 31-Dec-2014.
08-Jan-2015 18:49:00,Press Release,"Kotak Mahindra Bank Limited has informed the Exchange that ""Kotak Mahindra Bank today announced withdrawal, for the time being, of the nomination of Mr. Paul Parambi to the Board of MCX""."
08-Jan-2015 18:00:00,Disclosure of Voting Pattern - Clause 35A,"Kotak Mahindra Bank Limited has submitted to the Exchange a copy of outcome of the Extraordinary General Meeting of the Bank held on January 7, 2015 pursuant to Clause 35A of the Listing Agreement."
08-Jan-2015 10:09:00,Press Release,"Kotak Mahindra Bank Limited has informed the Exchange regarding a press release dated January 8, 2015 titled ""Shareholders of Kotak Mahindra Bank approve merger of ING Vysya Bank""."
08-Jan-2015 08:58:00,Extraordinary General Meeting Updates,"Kotak Mahindra Bank Limited has submitted to the Exchange a copy of outcome of the Extraordinary General Meeting of the Bank held on January 7, 2015 along with a copy of Scrutinizer's report."
