date,desc,text
09-Jul-2026 17:23:21,"Certificate under SEBI (Depositories and Participants) Regulations, 2018","Newgen Software Technologies Limited has informed the Exchange about Certificate under SEBI (Depositories and Participants) Regulations, 2018"
02-Jul-2026 14:07:37,Appointment,Newgen Software Technologies Limited has informed the Exchange regarding Appointment of  Mr. Tarun Nandwani as Chief Executive Officer and Key Managerial Personnel (KMP) of the Company for a period of
02-Jul-2026 14:04:41,Outcome of Board Meeting,"Newgen Software Technologies Limited has informed the Exchange regarding Outcome of Board Meeting held on July 02, 2026."
30-Jun-2026 23:01:25,Bagging/Receiving of orders/contracts,Newgen Software Technologies Limited has informed the Exchange about Bagging/Receiving of orders/contracts
30-Jun-2026 20:11:17,Bagging/Receiving of orders/contracts,Newgen Software Technologies Limited has informed the Exchange about Bagging/Receiving of orders/contracts
30-Jun-2026 12:58:53,Copy of Newspaper Publication,"Newgen Software Technologies Limited has informed the Exchange about Notice Published by way of an Advertisement in Newspaper in respect of 34th Annual General Meeting to be held on Friday, 24th July "
30-Jun-2026 12:49:08,Disclosure under SEBI Takeover Regulations,"Diwakar Nigam has Submitted to the Exchange a copy of Disclosure under Regulation 31(4) of the Securities and Exchange Board of India (Substantial Acquisition of Shares and Takeovers) Regulations, 201"
30-Jun-2026 11:49:49,General Updates,Newgen Software Technologies Limited has informed the Exchange about Indisposition and Unavailability of the Chairman & Managing Director
29-Jun-2026 20:43:48,Bagging/Receiving of orders/contracts,Newgen Software Technologies Limited has informed the Exchange about Bagging/Receiving of orders/contracts
29-Jun-2026 19:09:08,General Updates,NEWGEN: Newgen Software Technologies Limited has informed the Exchange about letter sent to Members providing web link of Annual Report for the financial year 2025-26.
29-Jun-2026 16:49:05,Updates,Newgen Software Technologies Limited has informed the Exchange regarding about Business Responsibility and Sustainability Reporting (BRSR) for the Financial Year 2025-26
29-Jun-2026 16:33:04,Shareholders meeting,"Newgen Software Technologies Limited has informed the Exchange regarding Notice of Annual General Meeting to be held on July 24, 2026"
25-Jun-2026 13:18:23,Trading Window,"Newgen Software Technologies Limited has informed the Exchange regarding the Trading Window closure pursuant to SEBI (Prohibition of Insider Trading) Regulations, 2015"
18-Jun-2026 14:43:05,Copy of Newspaper Publication,Newgen Software Technologies Limited has informed the Exchange about Copy of Newspaper Publication titled as  34th Annual General Meeting to be held through Video Conference or Other Audio-Visual Mean
10-Jun-2026 08:59:37,Resignation of Director/KMP/SMP,Newgen Software Technologies Limited has informed the Exchange about Resignation of Director/KMP/SMP
09-Jun-2026 18:00:20,Resignation,"Newgen Software Technologies Limited has informed the Exchange regarding Resignation of Mr Virender Jeet as Chief Executive Officer of the company w.e.f. August 31, 2026."
03-Jun-2026 13:07:33,Analysts/Institutional Investor Meet/Con. Call Updates,Newgen Software Technologies Limited has informed the Exchange about Schedule of meet
02-Jun-2026 12:03:58,Disclosure under SEBI Takeover Regulations,"T S Varadarajan has Submitted to the Exchange a copy of Disclosure under Regulation 31(4) of the Securities and Exchange Board of India (Substantial Acquisition of Shares and Takeovers) Regulations, 2"
29-May-2026 11:33:26,ESOP/ESOS/ESPS,"Newgen Software Technologies Limited has informed the Exchange regarding Allotment of 30,149 equity shares under Newgen ESOP Scheme -2014, 94,000 equity shares under Newgen ESOP Scheme - 2022 and 68,0"
26-May-2026 13:04:43,Copy of Newspaper Publication,Newgen Software Technologies Limited has informed the Exchange about Enclosed Copy of Newspaper Advertisement Notice to Shareholders
06-May-2026 22:36:17,Bagging/Receiving of orders/contracts,Newgen Software Technologies Limited has informed the Exchange about receiving of Material Order of Rs. 14.47 Cr.
06-May-2026 15:14:03,Record Date,Newgen Software Technologies Limited has informed the Exchange that Record date for the purpose of Dividend  is 17-Jul-2026.
06-May-2026 12:44:32,Analysts/Institutional Investor Meet/Con. Call Updates,Newgen Software Technologies Limited has informed the Exchange about Transcript
05-May-2026 17:52:45,Updates,Newgen Software Technologies Limited has informed the Exchange regarding 'Annual Secretarial Compliance Report for the financial year ended 31st March 2026.
01-May-2026 13:44:02,Copy of Newspaper Publication,Newgen Software Technologies Limited has informed the Exchange about Newspaper Advertisement dated 1st May 2026 in relation to Audited Standalone and Consolidated Financial Results of the Company for 
30-Apr-2026 19:29:36,Analysts/Institutional Investor Meet/Con. Call Updates,Newgen Software Technologies Limited has informed the Exchange about Link of Recording
30-Apr-2026 13:05:16,Press Release,"Newgen Software Technologies Limited has informed the Exchange regarding a press release dated April 30, 2026, titled ""Press Release on Financial Results for the 4th quarter and year ended 31st March "
30-Apr-2026 13:03:04,Investor Presentation,Newgen Software Technologies Limited has informed the Exchange about Investor Presentation
30-Apr-2026 12:35:24,General Updates,"Newgen Software Technologies Limited has informed the Exchange about Re-appointed M/s Walker Chandiok & Co LLP, Chartered Accountants (Firm Registration No. 001076N/N500013) as Statutory Auditors of t"
30-Apr-2026 12:27:06,Appointment,"Newgen Software Technologies Limited has informed the Exchange regarding Appointment of  Re-appointment of Internal Auditors as Other of the company w.e.f. April 01, 2026."
30-Apr-2026 12:19:23,Record Date,Newgen Software Technologies Limited has informed the Exchange that Record date for the purpose of Dividend  is 17-Jul-2026.
30-Apr-2026 12:17:32,Dividend,"Newgen Software Technologies Limited has informed the Exchange that Board of Directors at its meeting held on April 30, 2026, recommended Final Dividend of Rs. 6 per equity share."
30-Apr-2026 12:14:41,Outcome of Board Meeting,"Newgen Software Technologies Limited has submitted to the Exchange, the financial results for the period ended March 31, 2026."
24-Apr-2026 17:48:08,Analysts/Institutional Investor Meet/Con. Call Updates,Newgen Software Technologies Limited has informed the Exchange about Schedule of meet
24-Apr-2026 16:01:52,Analysts/Institutional Investor Meet/Con. Call Updates,Newgen Software Technologies Limited has informed the Exchange about Schedule of meet
07-Apr-2026 20:01:07,Action(s) initiated or orders passed,Newgen Software Technologies Limited has informed the Exchange about update on our disclosures dated 30th September 2025 and 27th January 2026 in relation to the adverse Judgement passed by Investment
07-Apr-2026 12:04:38,"Certificate under SEBI (Depositories and Participants) Regulations, 2018","Newgen Software Technologies Limited has informed the Exchange about Certificate under SEBI (Depositories and Participants) Regulations, 2018"
01-Apr-2026 19:01:41,Appointment,"Newgen Software Technologies Limited has informed the Exchange regarding Appointment of  Ms.Kashish Daya Kapoor as Vice President  Human Resource Department w.e.f. April 01, 2026."
01-Apr-2026 13:14:34,Bagging/Receiving of orders/contracts,Newgen Software Technologies Limited has informed the Exchange about Bagging/Receiving of orders/contracts
31-Mar-2026 19:55:33,Bagging/Receiving of orders/contracts,Newgen Software Technologies Limited has informed the Exchange about Bagging/Receiving of orders/contracts
26-Mar-2026 16:35:24,Trading Window,"Newgen Software Technologies Limited has informed the Exchange regarding the Trading Window closure pursuant to SEBI (Prohibition of Insider Trading) Regulations, 2015"
15-Mar-2026 22:54:27,Bagging/Receiving of orders/contracts,"Newgen Software Technologies L.L.C, a wholly owned subsidiary of Newgen Software Technologies Limited ( the Company ) incorporated in Dubai, has executed an Agreement with the Customer for software li"
03-Mar-2026 23:19:45,Bagging/Receiving of orders/contracts,Newgen Software Technologies Limited has informed the Exchange about Bagging/Receiving of orders/contracts
27-Feb-2026 19:22:33,Change in Management,Newgen Software Technologies Limited has informed the Exchange about change in Management
17-Feb-2026 17:27:30,Analysts/Institutional Investor Meet/Con. Call Updates,Newgen Software Technologies Limited has informed the Exchange about Intimation of Schedule of Road Show in United Arab Emirates
11-Feb-2026 17:26:12,Analysts/Institutional Investor Meet/Con. Call Updates,Newgen Software Technologies Limited has informed the Exchange about Schedule of meet
04-Feb-2026 15:36:56,Bagging/Receiving of orders/contracts,"Newgen Software Technologies L.L.C, a wholly owned subsidiary of the Newgen Software Technologies Limited ( the Company ) incorporated in the Dubai, has executed an Agreement with a customer for Newge"
27-Jan-2026 19:18:02,Action(s) initiated or orders passed,Newgen Software Technologies Limited has informed the Exchange an update on previous disclosure dated 30th September 2025 regarding that Company received an adverse Judgement passed by Investment and 
25-Jan-2026 10:43:50,Analysts/Institutional Investor Meet/Con. Call Updates,Newgen Software Technologies Limited has informed the Exchange about Transcript
21-Jan-2026 13:49:48,Copy of Newspaper Publication,Newgen Software Technologies Limited has informed the Exchange about Newspaper Advertisement dated 21st January 2026 in relation to unaudited standalone and consolidated financial results for the quar
20-Jan-2026 20:47:12,Analysts/Institutional Investor Meet/Con. Call Updates,Newgen Software Technologies Limited has informed the Exchange about Link of recordings
20-Jan-2026 14:26:12,Press Release,"Newgen Software Technologies Limited has informed the Exchange regarding a press release dated January 20, 2026, titled ""Financial Results for the quarter and nine months ended 31st December 2025""."
20-Jan-2026 14:24:40,Investor Presentation,Newgen Software Technologies Limited has informed the Exchange about Investor Presentation
20-Jan-2026 13:43:46,Outcome of Board Meeting,"Newgen Software Technologies Limited has submitted to the Exchange, the financial results for the period ended December 31, 2025."
13-Jan-2026 18:43:30,Analysts/Institutional Investor Meet/Con. Call Updates,Newgen Software Technologies Limited has informed the Exchange about Schedule of meet
10-Jan-2026 22:24:19,Shareholders meeting,"Newgen Software Technologies Limited has submitted the Exchange a copy Srutinizers report of  Postal Ballot. Further, the company has informed the Exchange regarding voting results."
07-Jan-2026 16:42:06,"Certificate under SEBI (Depositories and Participants) Regulations, 2018","Newgen Software Technologies Limited has informed the Exchange about Certificate under SEBI (Depositories and Participants) Regulations, 2018"
31-Dec-2025 18:42:50,Resignation,"Newgen Software Technologies Limited has informed the Exchange regarding Resignation of  Vivek Mani Tripathi designated as Senior Management Personnel of the company w.e.f. December 31, 2025."
26-Dec-2025 16:40:36,Trading Window,"Newgen Software Technologies Limited has informed the Exchange regarding the Trading Window closure pursuant to SEBI (Prohibition of Insider Trading) Regulations, 2015"
15-Dec-2025 16:46:10,Bagging/Receiving of orders/contracts,"Newgen Software Technologies Limited ( the Company ) has received and accepted a purchase order from a Customer for Supply, Installation, Customization and Maintenance of Digital Lending Platform. The"
15-Dec-2025 14:28:50,Bagging/Receiving of orders/contracts,Newgen Software Technologies Limited has informed the Exchange about Bagging/Receiving of orders/contracts
11-Dec-2025 12:09:45,Copy of Newspaper Publication,Newgen Software Technologies Limited has informed the Exchange about Enclosed Newspaper Advertisement Published in Financial Express and Jansatta dated 11th December 2025 as attached
10-Dec-2025 15:29:54,Shareholders meeting,Newgen Software Technologies Limited has informed the Exchange regarding Notice of Postal Ballot
05-Dec-2025 19:21:58,Bagging/Receiving of orders/contracts,"This is with reference to our earlier disclosure dated 30th September 2025 regarding acceptance of a Letter of Award (LOA) for implementation of a Business Process Management Platform, received from a"
03-Dec-2025 17:22:11,Bagging/Receiving of orders/contracts,Newgen Software Technologies Limited has informed the Exchange about Bagging/Receiving of orders/contracts
27-Nov-2025 20:55:55,Bagging/Receiving of orders/contracts,Newgen Software Technologies Limited has informed the Exchange about Bagging/Receiving of orders/contracts
27-Nov-2025 13:04:15,Copy of Newspaper Publication,Newgen Software Technologies Limited has informed the Exchange about Enclosed Newspaper Advertisement Published in Financial Express and Jansatta dated 27th November 2025 as attached
26-Nov-2025 15:01:06,Appointment,"Newgen Software Technologies Limited has informed the Exchange regarding Appointment of Ms Shubhi Nigam as Non- Executive Director of the company w.e.f. November 26, 2025."
18-Nov-2025 10:17:10,Bagging/Receiving of orders/contracts,"Newgen Software Technologies (UK) Limited, a wholly owned subsidiary of the Newgen Software Technologies Limited ( the Company ) incorporated in the UK, has executed a Master Service Agreement with a "
04-Nov-2025 10:56:00,Analysts/Institutional Investor Meet/Con. Call Updates,Newgen Software Technologies Limited has informed the Exchange about Transcript
31-Oct-2025 17:57:53,Copy of Newspaper Publication,"Newgen Software Technologies Limited has informed the Exchange about Newspaper Advertisement- 100 Days Campaign ""Saksham Niveshak"" by Investor Education and Protection Fund Authority (IEPFA)"
29-Oct-2025 18:15:08,Press Release,"Newgen Software Technologies Limited has informed the Exchange regarding a press release dated October 29, 2025, titled ""Newgen Software, recognized as a  Niche Player  in the 2025 Gartner® Magic Quad"
29-Oct-2025 12:55:28,Copy of Newspaper Publication,Newgen Software Technologies Limited has informed the Exchange about Newspaper Advertisement dated 29th October 2025 in relation to unaudited standalone and consolidated financial results for the Seco
28-Oct-2025 22:02:52,Analysts/Institutional Investor Meet/Con. Call Updates,Newgen Software Technologies Limited has informed the Exchange about Link of Recording
28-Oct-2025 14:33:07,Press Release,"Newgen Software Technologies Limited has informed the Exchange regarding a press release dated October 28, 2025, titled ""Financial Results for the quarter and half year ended 30th September 2025""."
28-Oct-2025 14:30:46,Investor Presentation,Newgen Software Technologies Limited has informed the Exchange about Investor Presentation
28-Oct-2025 14:05:03,Allotment of Securities,"Newgen Software Technologies Limited has informed the Exchange regarding allotment of 639000 securities pursuant to ESOP/ESPS at its meeting held on October 28, 2025"
28-Oct-2025 14:01:45,Outcome of Board Meeting,"Newgen Software Technologies Limited has submitted to the Exchange, the financial results for the period ended September 30, 2025."
18-Oct-2025 11:09:30,Bagging/Receiving of orders/contracts,Newgen Software Technologies Limited has informed the Exchange about Bagging/Receiving of orders/contracts
17-Oct-2025 20:13:09,Updates,Newgen Software Technologies Limited has informed the Exchange regarding 'Intimation of Schedule of Road Show'.
17-Oct-2025 20:08:37,Analysts/Institutional Investor Meet/Con. Call Updates,Newgen Software Technologies Limited has informed the Exchange about Schedule of meet
08-Oct-2025 16:04:03,"Certificate under SEBI (Depositories and Participants) Regulations, 2018","Newgen Software Technologies Limited has informed the Exchange about Certificate under SEBI (Depositories and Participants) Regulations, 2018"
01-Oct-2025 13:09:25,Bagging/Receiving of orders/contracts,"We hereby inform you that Newgen Software Inc. (NSI), incorporated in the USA, a material Subsidiary of Newgen Software Technologies Limited ( the Company ) has entered into a Master Service Agreement"
01-Oct-2025 00:03:14,Bagging/Receiving of orders/contracts,"This is to inform you that Newgen Software Technologies (UK) Limited, a wholly owned subsidiary of the Newgen Software Technologies Limited ( the Company ) incorporated in the UK, has executed an Agre"
01-Oct-2025 00:00:52,Bagging/Receiving of orders/contracts,"This is to inform you that Newgen Software Inc. (NSI), incorporated in the USA, a material Subsidiary of the Newgen Software Technologies Limited ( the Company ), has entered into a Master Service Agr"
30-Sep-2025 23:46:25,Bagging/Receiving of orders/contracts,"Newgen Software Technologies Limited has informed the Exchange the Company has accepted the confirmation received from a Customer to engage the Company for the delivery, implementation and Support for"
30-Sep-2025 23:43:28,Bagging/Receiving of orders/contracts,"This is to inform you that Newgen Software Technologies LLC, a wholly owned subsidiary of the Newgen Software Technologies Limited ( the Company ) incorporated in Dubai, has accepted a Letter of Award"
30-Sep-2025 16:21:09,Action(s) initiated or orders passed,Newgen Software Technologies Limited has informed the Exchange about the Judgement passed by Investment and Trade Court in Qatar.
25-Sep-2025 09:37:40,Trading Window,"Newgen Software Technologies Limited has informed the Exchange regarding the Trading Window closure pursuant to SEBI (Prohibition of Insider Trading) Regulations, 2015"
24-Sep-2025 22:00:15,Bagging/Receiving of orders/contracts,Newgen Software Technologies Limited has informed the Exchange about Bagging/Receiving of orders/contracts
24-Sep-2025 15:47:54,Bagging/Receiving of orders/contracts,"Newgen Software Technologies Limited has informed the Exchange about This is to inform you that Newgen Software Technologies (UK) Limited, a wholly owned subsidiary of the Newgen Software Technologies"
10-Sep-2025 17:39:51,Analysts/Institutional Investor Meet/Con. Call Updates,Newgen Software Technologies Limited has informed the Exchange about Schedule of meet
26-Aug-2025 18:31:22,Awarding of order(s)/contract(s),Newgen Software Technologies Limited has informed the Exchange about Awarding of order(s)/contract(s)
21-Aug-2025 17:10:46,Press Release,"Newgen Software Technologies Limited has informed the Exchange regarding a press release dated August 21, 2025, titled ""Newgen Recognized as a  Strong Performer  in The Forrester Wave : Digital Proces"
13-Aug-2025 13:07:47,Analysts/Institutional Investor Meet/Con. Call Updates,Newgen Software Technologies Limited has informed the Exchange about Schedule of meet
04-Aug-2025 17:04:54,Analysts/Institutional Investor Meet/Con. Call Updates,Newgen Software Technologies Limited has informed the Exchange about Schedule of meet
27-Jul-2025 19:46:37,Shareholders meeting,"Newgen Software Technologies Limited has submitted the Exchange a copy Srutinizers report of  Annual General Meeting held on July 25, 2025"
25-Jul-2025 14:39:00,Shareholders meeting,"Newgen Software Technologies Limited has informed the Exchange regarding Proceedings of Annual General Meeting held on July 25, 2025"
22-Jul-2025 17:25:25,Analysts/Institutional Investor Meet/Con. Call Updates,Newgen Software Technologies Limited has informed the Exchange about Transcript
18-Jul-2025 14:08:06,Copy of Newspaper Publication,Newgen Software Technologies Limited has informed the Exchange about Enclosed Newspaper Advertisement in relation to Unaudited Standalone and Consolidated Financial Results for the quarter ended 30th 
17-Jul-2025 23:04:18,Analysts/Institutional Investor Meet/Con. Call Updates,Newgen Software Technologies Limited has informed the Exchange about Link of Recording
17-Jul-2025 14:05:04,Press Release,"Newgen Software Technologies Limited has informed the Exchange regarding a press release dated July 17, 2025, titled ""Financial Results for the quarter ended 30th June 2025""."
17-Jul-2025 14:01:24,Investor Presentation,Newgen Software Technologies Limited has informed the Exchange about Investor Presentation
17-Jul-2025 12:49:04,Allotment of Securities,"Newgen Software Technologies Limited has informed the Exchange regarding allotment of 53600 securities pursuant to ESOP/ESPS at its meeting held on July 17, 2025"
17-Jul-2025 12:45:24,Outcome of Board Meeting,"Newgen Software Technologies Limited has submitted to the Exchange, the financial results for the period ended Jun 30, 2025."
12-Jul-2025 14:20:21,Analysts/Institutional Investor Meet/Con. Call Updates,Newgen Software Technologies Limited has informed the Exchange about Schedule of meet
09-Jul-2025 12:25:17,"Certificate under SEBI (Depositories and Participants) Regulations, 2018","Newgen Software Technologies Limited has informed the Exchange about Certificate under SEBI (Depositories and Participants) Regulations, 2018"
27-Jun-2025 13:41:39,Copy of Newspaper Publication,"Newgen Software Technologies Limited has informed the Exchange about Copy of Newspaper Publication Advertisement in Newspaper in respect of 33rd Annual General Meeting to be held on Friday, 25th July "
26-Jun-2025 18:51:33,Updates,Newgen Software Technologies Limited has informed the Exchange regarding 'Business Responsibility and Sustainability Report for the Financial Year 2024-25'.
26-Jun-2025 18:17:03,Shareholders meeting,"Newgen Software Technologies Limited has informed the Exchange regarding Notice of Annual General Meeting to be held on July 25, 2025"
25-Jun-2025 12:02:37,Trading Window,"Newgen Software Technologies Limited has informed the Exchange regarding the Trading Window closure pursuant to SEBI (Prohibition of Insider Trading) Regulations, 2015"
18-Jun-2025 13:39:15,Copy of Newspaper Publication,Newgen Software Technologies Limited has informed the Exchange about Copy of Newspaper Publication advertisements published in Business Standard (All edition-English) and Jansatta (Regional-Hindi) edi
17-Jun-2025 09:01:33,Spurt in Volume,"Significant increase in volume has been observed in Newgen Software Technologies Limited. The Exchange, in order to ensure that investors have latest relevant information about the company and to info"
16-Jun-2025 18:37:01,Spurt in Volume,"Significant increase in volume has been observed in Newgen Software Technologies Limited. The Exchange, in order to ensure that investors have latest relevant information about the company and to info"
05-Jun-2025 21:06:09,Credit Rating,Newgen Software Technologies Limited has informed the Exchange about Credit Rating
04-Jun-2025 20:47:19,Bagging/Receiving of orders/contracts,Newgen Software Technologies Limited has informed the Exchange about Bagging/Receiving of orders/contracts
31-May-2025 15:49:14,Copy of Newspaper Publication,Newgen Software Technologies Limited has informed the Exchange about Copy of Newspaper Publication in relation to Notice to Shareholders of the Company for transfer of Shares to Investor Education and
27-May-2025 14:03:32,Record Date,Newgen Software Technologies Limited has informed the Exchange that Record date for the purpose of Dividend  is 18-Jul-2025.
21-May-2025 11:41:51,General Updates,Newgen Software Technologies Limited has informed the Exchange about General Updates
16-May-2025 16:12:37,Press Release,"Newgen Software Technologies Limited has informed the Exchange regarding a press release dated May 16, 2025, titled ""Newgen Granted Patent in India for System and Method for Data Compression""."
15-May-2025 15:18:39,Bagging/Receiving of orders/contracts,Newgen Software Technologies Limited has informed the Exchange about revised Disclosure of material event/ information with reference to our earlier disclosure dated 12th May 2025
14-May-2025 15:28:29,Disclosure under SEBI Takeover Regulations," T S Varadarajan has Submitted to the Exchange a copy of Disclosure under Regulation 31(4) of the Securities and Exchange Board of India (Substantial Acquisition of Shares and Takeovers) Regulations, "
12-May-2025 14:40:57,Bagging/Receiving of orders/contracts,Newgen Software Technologies Limited has informed the Exchange about Bagging/Receiving of orders/contracts
09-May-2025 17:47:44,Disclosure under SEBI Takeover Regulations,"Diwakar Nigam has Submitted to the Exchange a copy of Disclosure under Regulation 31(4) of the Securities and Exchange Board of India (Substantial Acquisition of Shares and Takeovers) Regulations, 201"
08-May-2025 14:44:54,Analysts/Institutional Investor Meet/Con. Call Updates,Newgen Software Technologies Limited has informed the Exchange about Transcript
03-May-2025 13:38:02,Copy of Newspaper Publication,Newgen Software Technologies Limited has informed the Exchange about Copy of Newspaper Publication
02-May-2025 22:28:57,Analysts/Institutional Investor Meet/Con. Call Updates,Newgen Software Technologies Limited has informed the Exchange about Link of Recording
02-May-2025 13:49:36,Press Release,"Newgen Software Technologies Limited has informed the Exchange regarding a press release dated May 02, 2025, titled ""Press Release on Financial Results for the 4th quarter and year ended 31st March 20"
02-May-2025 13:45:13,Investor Presentation,Newgen Software Technologies Limited has informed the Exchange about Investor Presentation
02-May-2025 13:05:58,General Updates,NEWGEN: Newgen Software Technologies Limited has informed the Exchange about Revision in Code of Practices and Procedures for Fair Disclosure of Unpublished Price Sensitive Information
02-May-2025 13:03:04,General Updates,Newgen Software Technologies Limited has informed the Exchange about Re-appointmentof PricewaterhouseCoopers Services LLP as Internal Auditor of the Company for the Financial year 2025-2026.
02-May-2025 13:00:17,General Updates,Newgen Software Technologies Limited has informed the Exchange about General Updates
02-May-2025 12:29:13,Record Date,Newgen Software Technologies Limited has informed the Exchange that Record date for the purpose of Dividend  is 18-Jul-2025.
02-May-2025 12:27:17,Dividend,"Newgen Software Technologies Limited has informed the Exchange that Board of Directors at its meeting held on May 02, 2025, recommended Final Dividend of Rs. 5 per equity share."
02-May-2025 12:24:24,Outcome of Board Meeting,"Newgen Software Technologies Limited has informed the Exchange regarding Outcome of Board Meeting held on May 02, 2025."
01-May-2025 14:40:50,ESOP/ESOS/ESPS,Newgen Software Technologies Limited has informed the Exchange regarding Grant of 93300 Options under Newgen Software Technologies Limited Employee Stock Option Scheme-2022
25-Apr-2025 23:01:43,Updates,Newgen Software Technologies Limited has informed the Exchange regarding 'Intimation of Schedule of Road Show'.
25-Apr-2025 22:55:15,Analysts/Institutional Investor Meet/Con. Call Updates,Newgen Software Technologies Limited has informed the Exchange about Schedule of meet
15-Apr-2025 13:26:54,"Certificate under SEBI (Depositories and Participants) Regulations, 2018","Newgen Software Technologies Limited has informed the Exchange about Certificate under SEBI (Depositories and Participants) Regulations, 2018"
01-Apr-2025 11:45:46,Bagging/Receiving of orders/contracts,Newgen Software Technologies Limited has informed the Exchange about Bagging/Receiving of orders/contracts
01-Apr-2025 11:33:08,Bagging/Receiving of orders/contracts,Newgen Software Technologies Limited has informed the Exchange about Bagging/Receiving of orders/contracts
31-Mar-2025 14:28:43,Bagging/Receiving of orders/contracts,Newgen Software Technologies Limited has informed the Exchange about Bagging/Receiving of orders/contracts
29-Mar-2025 21:33:26,Bagging/Receiving of orders/contracts,Newgen Software Technologies Limited has informed the Exchange about Bagging/Receiving of orders/contracts
29-Mar-2025 15:55:25,Bagging/Receiving of orders/contracts,Newgen Software Technologies Limited has informed the Exchange about Bagging/Receiving of orders/contracts
27-Mar-2025 13:47:48,Bagging/Receiving of orders/contracts,Newgen Software Technologies Limited has informed the Exchange about Bagging/Receiving of orders/contracts
26-Mar-2025 17:13:17,Bagging/Receiving of orders/contracts,Newgen Software Technologies Limited has informed the Exchange about Bagging/Receiving of orders/contracts
24-Mar-2025 16:19:00,Trading Window,"Newgen Software Technologies Limited has informed the Exchange regarding the Trading Window closure pursuant to SEBI (Prohibition of Insider Trading) Regulations, 2015"
28-Feb-2025 23:30:49,Shareholders meeting,Newgen Software Technologies Limited has submitted the Exchange a copy Srutinizers report of  Postal Ballot
28-Feb-2025 23:25:55,Shareholders meeting,Newgen Software Technologies Limited has submitted the Exchange a copy Srutinizers report of  Postal Ballot
28-Feb-2025 23:22:08,Change in Management,Newgen Software Technologies Limited has informed the Exchange about change in Management
26-Feb-2025 22:42:52,Bagging/Receiving of orders/contracts,Newgen Software Technologies Limited has informed the Exchange about Bagging/Receiving of orders/contracts
26-Feb-2025 15:58:43,Analysts/Institutional Investor Meet/Con. Call Updates,Newgen Software Technologies Limited has informed the Exchange about Schedule of meet
03-Feb-2025 13:04:48,Press Release,"Newgen Software Technologies Limited has informed the Exchange regarding a press release dated February 03, 2025, titled ""Newgen Software, a global provider of an AI-enabled digital transformation pla"
01-Feb-2025 14:31:09,Bagging/Receiving of orders/contracts,Newgen Software Technologies Limited has informed the Exchange about Bagging/Receiving of orders/contracts
29-Jan-2025 13:24:27,Copy of Newspaper Publication,Newgen Software Technologies Limited has informed the Exchange about Copy of Newspaper Publication
28-Jan-2025 16:41:40,Shareholders meeting,"Newgen Software Technologies Limited has informed the Exchange regarding Notice of Postal Ballot Dated January 20, 2025"
23-Jan-2025 15:36:55,Analysts/Institutional Investor Meet/Con. Call Updates,Newgen Software Technologies Limited has informed the Exchange about Transcript
23-Jan-2025 15:13:46,Copy of Newspaper Publication,Newgen Software Technologies Limited has informed the Exchange about Copy of Newspaper Publication
23-Jan-2025 12:53:31,Bagging/Receiving of orders/contracts,Newgen Software Technologies Limited has informed the Exchange about Bagging/Receiving of orders/contracts
21-Jan-2025 13:44:06,Copy of Newspaper Publication,Newgen Software Technologies Limited has informed the Exchange about Copy of Newspaper Publication
20-Jan-2025 19:02:44,Analysts/Institutional Investor Meet/Con. Call Updates,Newgen Software Technologies Limited has informed the Exchange about Link of Recording
20-Jan-2025 14:02:50,Press Release,"Newgen Software Technologies Limited has informed the Exchange regarding a press release dated January 20, 2025, titled ""Financial Results for the quarter and nine months ended 31st December 2024""."
20-Jan-2025 13:59:24,Investor Presentation,Newgen Software Technologies Limited has informed the Exchange about Investor Presentation
20-Jan-2025 13:53:43,Integrated Filing- Financial,Integrated Filing (Financial) for the quarter and nine month ended 31st December 2024.
20-Jan-2025 13:35:22,Allotment of Securities,"NEWGEN: Newgen Software Technologies Limited has informed the Exchange regarding allotment of 3,93,385 Equity Shares of face value of Rs.10/- each to Newgen ESOP Trust, under Newgen ESOP Scheme - 2022"
20-Jan-2025 13:26:22,ESOP/ESOS/ESPS,Newgen Software Technologies Limited has informed the Exchange regarding Grant of 73050  Options.
20-Jan-2025 13:21:36,Outcome of Board Meeting,"Newgen Software Technologies Limited has informed the Exchange regarding  Board meeting held on January 20, 2025."
20-Jan-2025 13:17:38,Financial Result Updates," Newgen Software Technologies Limited has submitted to the Exchange, the financial results for the period ended December 31, 2024."
15-Jan-2025 16:21:51,"Certificate under SEBI (Depositories and Participants) Regulations, 2018","Newgen Software Technologies Limited has informed the Exchange about Certificate under SEBI (Depositories and Participants) Regulations, 2018"
15-Jan-2025 15:35:40,Analysts/Institutional Investor Meet/Con. Call Updates,Newgen Software Technologies Limited has informed the Exchange about Schedule of meet
14-Jan-2025 15:28:42,Analysts/Institutional Investor Meet/Con. Call Updates,Newgen Software Technologies Limited has informed the Exchange about Schedule of meet
09-Jan-2025 11:21:02,Bagging/Receiving of orders/contracts,Newgen Software Technologies Limited has informed the Exchange about Bagging/Receiving of orders/contracts
31-Dec-2024 21:26:15,Bagging/Receiving of orders/contracts,Newgen Software Technologies Limited has informed the Exchange about Bagging/Receiving of orders/contracts
31-Dec-2024 21:20:19,Bagging/Receiving of orders/contracts,Newgen Software Technologies Limited has informed the Exchange about Bagging/Receiving of orders/contracts
31-Dec-2024 21:12:26,Bagging/Receiving of orders/contracts,Newgen Software Technologies Limited has informed the Exchange about Bagging/Receiving of orders/contracts
31-Dec-2024 21:02:38,Bagging/Receiving of orders/contracts,Newgen Software Technologies Limited has informed the Exchange about Bagging/Receiving of orders/contracts
27-Dec-2024 21:55:43,Bagging/Receiving of orders/contracts,Newgen Software Technologies Limited has informed the Exchange about Bagging/Receiving of orders/contracts
27-Dec-2024 13:43:27,Bagging/Receiving of orders/contracts,Newgen Software Technologies Limited has informed the Exchange about Bagging/Receiving of orders/contracts
26-Dec-2024 13:31:19,Trading Window,"Newgen Software Technologies Limited has informed the Exchange regarding the Trading Window closure pursuant to SEBI (Prohibition of Insider Trading) Regulations, 2015"
24-Dec-2024 14:00:27,Bagging/Receiving of orders/contracts,Newgen Software Technologies Limited has informed the Exchange about Bagging/Receiving of orders/contracts
16-Dec-2024 19:02:39,Change in Management,"Newgen Software Technologies Limited has informed the Exchange about appointment of Mr. Anagat Pareek as Vice President Cloud & Cyber Security, (Senior Management Personnel) of the Company effective f"
03-Dec-2024 16:45:58,Bagging/Receiving of orders/contracts,Newgen Software Technologies Limited has informed the Exchange about Bagging/Receiving of orders/contracts
28-Nov-2024 23:21:09,Bagging/Receiving of orders/contracts,Newgen Software Technologies Limited has informed the Exchange about Bagging/Receiving of orders/contracts
26-Nov-2024 18:12:32,Analysts/Institutional Investor Meet/Con. Call Updates,Newgen Software Technologies Limited has informed the Exchange about Schedule of meet
22-Nov-2024 20:36:40,Credit Rating,Newgen Software Technologies Limited has informed the Exchange about Credit Rating
18-Nov-2024 23:05:09,Analysts/Institutional Investor Meet/Con. Call Updates,Newgen Software Technologies Limited has informed the Exchange about Schedule of meet
18-Oct-2024 16:59:25,Analysts/Institutional Investor Meet/Con. Call Updates,Newgen Software Technologies Limited has informed the Exchange about Transcript
18-Oct-2024 14:45:28,Updates,"Newgen Software Technologies Limited has informed the Exchange regarding ' Disclosure Pursuant To Regulation 30 Of SEBI (Listing Obligations And Disclosure Requirements) Regulations, 2015'."
16-Oct-2024 15:00:30,Updates,Newgen Software Technologies Limited has informed the Exchange regarding 'Intimation of Rescheduling of Road Show'.
16-Oct-2024 12:37:49,Copy of Newspaper Publication,Newgen Software Technologies Limited has informed the Exchange about Copy of Newspaper Publication
15-Oct-2024 18:03:23,Analysts/Institutional Investor Meet/Con. Call Updates,Newgen Software Technologies Limited has informed the Exchange about Link of Recording
15-Oct-2024 14:35:47,Investor Presentation,Newgen Software Technologies Limited has informed the Exchange about Investor Presentation
15-Oct-2024 14:33:30,Press Release,"Newgen Software Technologies Limited has informed the Exchange regarding a press release dated October 15, 2024, titled ""Press Release on Financial Results for the quarter and half year ended 30th Sep"
15-Oct-2024 13:36:45,Options to purchase securities,Newgen Software Technologies Limited has informed the Exchange about Options to purchase securities
15-Oct-2024 13:33:56,Outcome of Board Meeting,"Newgen Software Technologies Limited has informed the Exchange regarding  Board meeting held on October 15, 2024."
15-Oct-2024 13:31:48,Financial Result Updates," Newgen Software Technologies Limited has submitted to the Exchange, the financial results for the period ended September 30, 2024."
11-Oct-2024 12:02:40,Updates,Newgen Software Technologies Limited has informed the Exchange regarding 'Intimation of Schedule of Road Show'.
10-Oct-2024 17:05:24,Analysts/Institutional Investor Meet/Con. Call Updates,Newgen Software Technologies Limited has informed the Exchange about Schedule of meet
08-Oct-2024 12:18:18,"Certificate under SEBI (Depositories and Participants) Regulations, 2018","Newgen Software Technologies Limited has informed the Exchange about Certificate under SEBI (Depositories and Participants) Regulations, 2018"
30-Sep-2024 22:43:24,Bagging/Receiving of orders/contracts,Newgen Software Technologies Limited has informed the Exchange about Bagging/Receiving of orders/contracts
30-Sep-2024 21:08:47,Bagging/Receiving of orders/contracts,Newgen Software Technologies Limited has informed the Exchange about Bagging/Receiving of orders/contracts
30-Sep-2024 17:38:50,Bagging/Receiving of orders/contracts,Newgen Software Technologies Limited has informed the Exchange about Bagging/Receiving of orders/contracts
27-Sep-2024 09:41:40,Spurt in Volume,"Significant increase in volume has been observed in Newgen Software Technologies Limited. The Exchange, in order to ensure that investors have latest relevant information about the company and to info"
26-Sep-2024 20:36:09,Bagging/Receiving of orders/contracts,Newgen Software Technologies Limited has informed the Exchange about Bagging/Receiving of orders/contracts
26-Sep-2024 17:40:19,Spurt in Volume,"Significant increase in volume has been observed in Newgen Software Technologies Limited. The Exchange, in order to ensure that investors have latest relevant information about the company and to info"
25-Sep-2024 12:30:02,Trading Window,"Newgen Software Technologies Limited has informed the Exchange regarding the Trading Window closure pursuant to SEBI (Prohibition of Insider Trading) Regulations, 2015"
16-Sep-2024 14:26:46,Analysts/Institutional Investor Meet/Con. Call Updates,Newgen Software Technologies Limited has informed the Exchange about Schedule of meet
10-Sep-2024 17:30:49,Change in Management,Newgen Software Technologies Limited has informed the Exchange about change in Management
10-Sep-2024 16:07:43,Shareholders meeting,"Newgen Software Technologies Limited has submitted the Exchange a copy Srutinizers report of  Postal Ballot. Further, the company has informed the Exchange regarding voting results along with copy of "
09-Sep-2024 15:21:08,Updates,Newgen Software Technologies Limited has informed the Exchange regarding 'Intimation For Participation In Investors/Analysts Conference Call '.
21-Aug-2024 15:56:00,Updates,Newgen Software Technologies Limited has informed the Exchange regarding 'Intimation For Participation In Investors/Analysts Conference Call '.
10-Aug-2024 13:03:03,Copy of Newspaper Publication,Newgen Software Technologies Limited has informed the Exchange about Copy of Newspaper Publication
09-Aug-2024 16:52:15,Shareholders meeting,Newgen Software Technologies Limited has informed the Exchange regarding Notice of Postal Ballot
01-Aug-2024 12:40:04,Copy of Newspaper Publication,Newgen Software Technologies Limited has informed the Exchange about Copy of Newspaper Publication
31-Jul-2024 12:30:18,Change in Management,Newgen Software Technologies Limited has informed the Exchange about the appointment of Additional Director in the category of Non-Executive Independent Director
26-Jul-2024 22:54:10,Updates,Newgen Software Technologies Limited has informed the Exchange regarding 'Outcome of the 32nd Annual General Meeting'.
26-Jul-2024 16:33:11,Shareholders meeting,"Newgen Software Technologies Limited has submitted the Exchange a copy Srutinizers report of  Annual General Meeting held on July 25, 2024. Further, the company has informed the Exchange regarding vot"
25-Jul-2024 17:55:37,Shareholders meeting,"Newgen Software Technologies Limited has informed the Exchange regarding Proceedings of Annual General Meeting held on July 25, 2024"
23-Jul-2024 22:58:02,Analysts/Institutional Investor Meet/Con. Call Updates,Newgen Software Technologies Limited has informed the Exchange about Transcript
19-Jul-2024 12:02:10,Copy of Newspaper Publication,Newgen Software Technologies Limited has informed the Exchange about Copy of Newspaper Publication
18-Jul-2024 17:22:40,Analysts/Institutional Investor Meet/Con. Call Updates,Newgen Software Technologies Limited has informed the Exchange about Link of Recording
18-Jul-2024 13:39:10,Press Release,"Newgen Software Technologies Limited has informed the Exchange regarding a press release dated July 18, 2024, titled ""Press Release on Financial Results for the quarter ended 30th June 2024""."
18-Jul-2024 13:36:32,Investor Presentation,Newgen Software Technologies Limited has informed the Exchange about Investor Presentation
18-Jul-2024 12:32:06,ESOP/ESOS/ESPS,"Newgen Software Technologies Limited has informed the Exchange regarding Grant of 43,000 options under Newgen Employees Stock Option Scheme -2014 and 41,300 options under Newgen Software Technologies "
18-Jul-2024 12:28:16,Outcome of Board Meeting,"Newgen Software Technologies Limited has informed the Exchange regarding  Board meeting held on July 18, 2024."
18-Jul-2024 12:25:34,Financial Result Updates,"Newgen Software Technologies Limited has submitted to the Exchange, the financial results for the period ended June 30, 2024."
13-Jul-2024 15:46:31,Analysts/Institutional Investor Meet/Con. Call Updates,Newgen Software Technologies Limited has informed the Exchange about Schedule of meet
11-Jul-2024 15:25:02,Credit Rating,Newgen Software Technologies Limited has informed the Exchange about Credit Rating
10-Jul-2024 15:44:08,Updates,"Newgen Software Technologies Limited has informed the Exchange regarding 'Disclosure of information pursuant to Regulation 30 of SEBI (Listing Obligations and DisclosureRequirements) Regulations, 2015"
10-Jul-2024 10:59:58,"Certificate under SEBI (Depositories and Participants) Regulations, 2018","Newgen Software Technologies Limited has informed the Exchange about Certificate under SEBI (Depositories and Participants) Regulations, 2018"
08-Jul-2024 21:59:09,Change in Director(s),Newgen Software Technologies Limited has informed the Exchange regarding Change in Director(s) of the company.
28-Jun-2024 22:06:38,Updates,Newgen Software Technologies Limited has informed the Exchange regarding 'Disclosure of material event/ information pursuant to Regulation 30 of SEBI (Listing Obligations and Disclosure Requirements) 
28-Jun-2024 20:39:02,Updates,Newgen Software Technologies Limited has informed the Exchange regarding 'Disclosure of material event/ information pursuant to Regulation 30 of SEBI (Listing Obligationsand Disclosure Requirements) R
28-Jun-2024 12:26:27,Copy of Newspaper Publication,Newgen Software Technologies Limited has informed the Exchange about Copy of Newspaper Publication
27-Jun-2024 17:58:42,Updates,Newgen Software Technologies Limited has informed the Exchange regarding 'Business Responsibility and Sustainability Report for the Financial Year 2023-24'.
27-Jun-2024 17:22:39,Shareholders meeting,"Newgen Software Technologies Limited has informed the Exchange regarding Notice of Annual General Meeting to be held on July 25, 2024"
26-Jun-2024 14:40:17,Trading Window,"Newgen Software Technologies Limited has informed the Exchange regarding the Trading Window closure pursuant to SEBI (Prohibition of Insider Trading) Regulations, 2015"
22-Jun-2024 15:49:35,Updates,Newgen Software Technologies Limited has informed the Exchange regarding 'Disclosure of material event/ information under Regulation 30 of SEBI (Listing Obligations andDisclosure Requirements) Regulat
21-Jun-2024 14:27:37,Copy of Newspaper Publication,Newgen Software Technologies Limited has informed the Exchange about Copy of Newspaper Publication
29-May-2024 17:30:45,Analysts/Institutional Investor Meet/Con. Call Updates,Newgen Software Technologies Limited has informed the Exchange about Schedule of meet
29-May-2024 12:56:48,Updates,Newgen Software Technologies Limited has informed the Exchange regarding 'Intimation of Product launch'.
24-May-2024 14:58:59,Record Date,Newgen Software Technologies Limited has informed the Exchange that Record date for the purpose of Dividend  is 18-Jul-2024.
24-May-2024 14:54:14,Outcome of Board Meeting,"Newgen Software Technologies Limited has informed the Exchange regarding  Board meeting held on May 24, 2024."
07-May-2024 16:31:08,Disclosure under SEBI Takeover Regulations,"T S Varadarajan��has Submitted to the Exchange a copy of Disclosure under Regulation 31(4) of the Securities and Exchange Board of India��(Substantial Acquisition of Shares and Takeovers) Regulations,"
07-May-2024 11:40:11,Analysts/Institutional Investor Meet/Con. Call Updates,Newgen Software Technologies Limited has informed the Exchange about Transcript
01-May-2024 12:04:07,Copy of Newspaper Publication,Newgen Software Technologies Limited has informed the Exchange about Copy of Newspaper Publication
30-Apr-2024 18:16:20,Analysts/Institutional Investor Meet/Con. Call Updates,Newgen Software Technologies Limited has informed the Exchange about Link of Recording
30-Apr-2024 13:43:42,Updates,Newgen Software Technologies Limited has informed the Exchange regarding 'Re-appointment of Secretarial Auditors of the Company'.
30-Apr-2024 13:42:07,Updates,Newgen Software Technologies Limited has informed the Exchange regarding 'Re-appointment of Internal Auditors of the Company'.
30-Apr-2024 13:32:14,Press Release,"Newgen Software Technologies Limited has informed the Exchange regarding a press release dated April 30, 2024, titled ""Press Release on Financial Results for the quarter and financial year ended 31st "
30-Apr-2024 13:27:58,Investor Presentation,Newgen Software Technologies Limited has informed the Exchange about Investor Presentation
30-Apr-2024 13:07:48,Updates,Newgen Software Technologies Limited has informed the Exchange regarding 'Increase the ESOP Pool size under Newgen Software Technologies Limited Employee Stock Option Scheme-2022 '.
30-Apr-2024 13:03:04,Change in Management,Newgen Software Technologies Limited has informed the Exchange about change in Management
30-Apr-2024 13:00:15,ESOP/ESOS/ESPS,NEWGEN: Newgen Software Technologies Limited has informed the Exchange regarding Grant of 191400 Options under Newgen Software Technologies Limited Employee Stock Option Scheme-2022.
30-Apr-2024 12:44:15,Dividend,"Newgen Software Technologies Limited has informed the Exchange that Board of Directors at its meeting held on April 30, 2024, recommended Final Dividend of 4 per equity share."
30-Apr-2024 12:40:37,Financial Result Updates,"Newgen Software Technologies Limited has submitted to the Exchange, the financial results for the period ended March 31, 2024."
26-Apr-2024 16:31:14,Updates,Newgen Software Technologies Limited has informed the Exchange regarding 'Intimation of Schedule of Road Show'.
24-Apr-2024 17:02:28,Analysts/Institutional Investor Meet/Con. Call Updates,Newgen Software Technologies Limited has informed the Exchange about Schedule of meet
13-Apr-2024 14:22:48,"Certificate under SEBI (Depositories and Participants) Regulations, 2018","Newgen Software Technologies Limited has informed the Exchange about Certificate under SEBI (Depositories and Participants) Regulations, 2018"
04-Apr-2024 16:13:26,Updates,Newgen Software Technologies Limited has informed the Exchange regarding 'Retirement of Senior Management Personnel of the Company'.
03-Apr-2024 16:17:48,Disclosure under SEBI Takeover Regulations,"Diwakar Nigam has Submitted to the Exchange a copy of Disclosure under Regulation 31(4) of the Securities and Exchange Board of India (Substantial Acquisition of Shares and Takeovers) Regulations, 201"
30-Mar-2024 22:18:42,Updates,Newgen Software Technologies Limited has informed the Exchange regarding 'Disclosure of material event/ information pursuant to Regulation 30 of SEBI (Listing Obligationsand Disclosure Requirements) R
30-Mar-2024 22:16:11,Updates,Newgen Software Technologies Limited has informed the Exchange regarding 'Disclosure of material event/ information pursuant to Regulation 30 of SEBI (Listing Obligationsand Disclosure Requirements) R
27-Mar-2024 12:55:43,Trading Window,"Newgen Software Technologies Limited has informed the Exchange regarding the Trading Window closure pursuant to SEBI (Prohibition of Insider Trading) Regulations, 2015"
20-Mar-2024 14:05:45,ESOP/ESOS/ESPS,Newgen Software Technologies Limited has informed the Exchange regarding Grant of 386900 Options under Newgen Employees Stock Option Scheme   2022.
20-Mar-2024 14:01:39,Allotment of Securities,"Newgen Software Technologies Limited has informed the Exchange regarding allotment of 153000 equity Shares in aggregate pursuant to ESOP/ESPS at its meeting held on March 20, 2024"
20-Mar-2024 13:46:15,Outcome of Board Meeting,"Newgen Software Technologies Limited has informed the Exchange regarding  Board meeting held on March 20, 2024."
08-Mar-2024 12:13:02,Updates,Newgen Software Technologies Limited has informed the Exchange regarding 'Intimation on Cyber Security incident'.
23-Feb-2024 21:50:10,Updates,Newgen Software Technologies Limited has informed the Exchange regarding 'Disclosure of material event/ information pursuant to Regulation 30 of SEBI (Listing Obligations and Disclosure Requirements) 
15-Feb-2024 18:01:48,Updates,Newgen Software Technologies Limited has informed the Exchange regarding 'Disclosure of material event/ information pursuant to Regulation 30 of SEBI (Listing Obligations and Disclosure Requirements) 
14-Feb-2024 16:09:42,Updates,Newgen Software Technologies Limited has informed the Exchange regarding 'Intimation for participation in investors/ analysts Conference Call'.
02-Feb-2024 13:09:44,Updates,Newgen Software Technologies Limited has informed the Exchange regarding 'Intimation of decision of the Stock Exchanges in respect of Application submitted for approval of reclassification of Ms. Pall
29-Jan-2024 22:15:12,Updates,Newgen Software Technologies Limited has informed the Exchange regarding 'Disclosure of material event/ information pursuant to Regulation 30 of SEBI (Listing Obligations and Disclosure Requirements) 
22-Jan-2024 18:11:49,Analysts/Institutional Investor Meet/Con. Call Updates,Newgen Software Technologies Limited has informed the Exchange about Transcript
17-Jan-2024 11:42:03,Copy of Newspaper Publication,"Newgen Software Technologies Limited has informed the Exchange about Copy of advertisements published in Jansatta (Regional-Hindi) and Financial Express (All edition-English) dated 17th January 2024, "
16-Jan-2024 19:00:43,Analysts/Institutional Investor Meet/Con. Call Updates,Newgen Software Technologies Limited has informed the Exchange about Link of Recording
16-Jan-2024 13:45:19,Press Release,"Newgen Software Technologies Limited has informed the Exchange regarding a press release dated January 16, 2024, titled ""Press Release on Unaudited Financial Results for the 3rd quarter and nine month"
16-Jan-2024 13:40:21,Investor Presentation,Newgen Software Technologies Limited has informed the Exchange about Investor Presentation
16-Jan-2024 13:03:19,Financial Result Updates,"Newgen Software Technologies Limited has submitted to the Exchange, the financial results for the period ended December 31, 2023."
13-Jan-2024 18:48:30,Allotment of Securities,"Newgen Software Technologies Limited has informed the Exchange regarding allotment of 70069401 securities pursuant to Bonus at its meeting held on January 13, 2024"
10-Jan-2024 15:54:03,Analysts/Institutional Investor Meet/Con. Call Updates,Newgen Software Technologies Limited has informed the Exchange about Schedule of meet
09-Jan-2024 16:03:52,"Certificate under SEBI (Depositories and Participants) Regulations, 2018","Newgen Software Technologies Limited has informed the Exchange about Certificate under SEBI (Depositories and Participants) Regulations, 2018"
02-Jan-2024 20:24:00,Amendment to AOA/MOA,Newgen Software Technologies Limited has informed the Exchange regarding the Amendment to AOA/MOA of the company.
02-Jan-2024 20:05:27,Shareholders meeting,"Newgen Software Technologies Limited has submitted the Exchange a copy Srutinizers report of  Postal Ballot. Further, the company has informed the Exchange regarding voting results."
31-Dec-2023 18:04:49,Updates,Newgen Software Technologies Limited has informed the Exchange regarding 'Disclosure of material event/ information pursuant to Regulation 30 of SEBI (Listing Obligations and Disclosure Requirements) 
27-Dec-2023 11:12:09,Trading Window,"Newgen Software Technologies Limited has informed the Exchange regarding the Trading Window closure pursuant to SEBI (Prohibition of Insider Trading) Regulations, 2015"
02-Dec-2023 13:50:49,Copy of Newspaper Publication,Newgen Software Technologies Limited has informed the Exchange about Copy of Newspaper Publication
01-Dec-2023 16:27:08,Shareholders meeting,Newgen Software Technologies Limited has informed the Exchange regarding Notice of Postal Ballot
28-Nov-2023 13:42:00,Copy of Newspaper Publication,Newgen Software Technologies Limited has informed the Exchange about Copy of Newspaper Publication
27-Nov-2023 11:31:45,Record Date,Newgen Software Technologies Limited has informed the Exchange that Record date for the purpose of Bonus  is 12-Jan-2024.
27-Nov-2023 11:18:37,Bonus,"Newgen Software Technologies Limited has informed the Exchange that the Board of Directors at its meeting held on November 27, 2023, have considered and approved bonus at the ratio of 1 : 1, i.e 1 Equ"
17-Nov-2023 20:42:14,Trading Window,"Newgen Software Technologies Limited has informed the Exchange regarding the Trading Window closure pursuant to SEBI (Prohibition of Insider Trading) Regulations, 2015"
15-Nov-2023 14:00:59,Press Release,"Newgen Software Technologies Limited has informed the Exchange regarding a press release dated November 15, 2023, titled ""Newgen recognized as a  Strong Performer  in Digital Process Automation Platfo"
31-Oct-2023 17:37:33,Updates,Newgen Software Technologies Limited has informed the Exchange regarding 'Disclosure of material event/ information pursuant to Regulation 30 of SEBI (Listing Obligationsand Disclosure Requirements) R
31-Oct-2023 16:06:58,Updates,Newgen Software Technologies Limited has informed the Exchange regarding 'Intimation for participation in investors/ analysts Conference Call'.
23-Oct-2023 17:27:10,Analysts/Institutional Investor Meet/Con. Call Updates,Newgen Software Technologies Limited has informed the Exchange about Transcript
23-Oct-2023 17:24:12,Updates,Newgen Software Technologies Limited has informed the Exchange regarding 'Intimation of submission of application for reclassification of Ms. Pallavi Goorha from  Promoter Group  to  Public  Category 
18-Oct-2023 12:22:41,Copy of Newspaper Publication,Newgen Software Technologies Limited has informed the Exchange about Copy of Newspaper Publication
17-Oct-2023 22:35:43,Updates,"Newgen Software Technologies Limited has informed the Exchange regarding 'Disclosure pursuant to Regulation 30 of SEBI (Listing Obligations and Disclosure Requirements) Regulations, 2015.'."
17-Oct-2023 22:33:27,Analysts/Institutional Investor Meet/Con. Call Updates,Newgen Software Technologies Limited has informed the Exchange about Link of Recording
17-Oct-2023 17:17:46,Updates,"Newgen Software Technologies Limited has informed the Exchange regarding 'Intimation pursuant to Regulation 31A of Sebi (Listing Obligations And Disclosure Requirements) Regulations, 2015 & Extracts o"
17-Oct-2023 16:17:30,Press Release,"Newgen Software Technologies Limited has informed the Exchange regarding a press release dated October 17, 2023, titled ""Press Release on Financial Results for the 2nd Quarter and Half-Year ended 30th"
17-Oct-2023 16:15:09,Investor Presentation,Newgen Software Technologies Limited has informed the Exchange about Investor Presentation
17-Oct-2023 14:27:39,Press Release,"Newgen Software Technologies Limited has informed the Exchange regarding a press release dated October 17, 2023, titled ""Press Release on Financial Results for the 2nd Quarter and Half-Year ended 30th"
17-Oct-2023 14:23:54,Investor Presentation,Newgen Software Technologies Limited has informed the Exchange about Investor Presentation
17-Oct-2023 13:38:51,Allotment of Securities,"Newgen Software Technologies Limited has informed the Exchange regarding allotment of 113700 securities pursuant to ESOP/ESPS at its meeting held on October 17, 2023"
17-Oct-2023 13:33:12,Outcome of Board Meeting,"Newgen Software Technologies Limited has informed the Exchange regarding  Board meeting held on October 17, 2023."
17-Oct-2023 13:31:20,Financial Result Updates,"Newgen Software Technologies Limited has submitted to the Exchange, the financial results for the period ended September 30, 2023."
13-Oct-2023 19:45:56,Updates,Newgen Software Technologies Limited has informed the Exchange regarding 'the receipt of request from Ms. Pallavi Goorha for reclassification of her shareholding from  Promoter Group  Category to  Pub
12-Oct-2023 20:39:38,Updates,Newgen Software Technologies Limited has informed the Exchange regarding 'Disclosure of material event/ information pursuant to Regulation 30 of SEBI (Listing Obligationsand Disclosure Requirements) R
11-Oct-2023 15:50:42,Updates,Newgen Software Technologies Limited has informed the Exchange regarding 'Intimation of Schedule of Road Show'.
10-Oct-2023 13:08:20,"Certificate under SEBI (Depositories and Participants) Regulations, 2018","Newgen Software Technologies Limited has informed the Exchange about Certificate under SEBI (Depositories and Participants) Regulations, 2018 for the quarter ended 30th September 2023"
10-Oct-2023 11:42:56,Analysts/Institutional Investor Meet/Con. Call Updates,Newgen Software Technologies Limited has informed the Exchange about Schedule of meet
04-Oct-2023 22:12:14,Scheme of Arrangement,"Newgen Software Technologies Limited has informed the Exchange about Scheme of Arrangement-Receipt of certified true copy of the Order from the Hon ble National Company LawTribunal, New Delhi in the m"
29-Sep-2023 13:31:13,Updates,Newgen Software Technologies Limited has informed the Exchange regarding 'Disclosure of material event/ information pursuant to Regulation 30 of SEBI (Listing Obligations and Disclosure Requirements) 
27-Sep-2023 11:59:49,Trading Window,"Newgen Software Technologies Limited has informed the Exchange regarding the Trading Window closure pursuant to SEBI (Prohibition of Insider Trading) Regulations, 2015"
31-Aug-2023 18:23:18,Analysts/Institutional Investor Meet/Con. Call Updates,Newgen Software Technologies Limited has informed the Exchange about Schedule of meet
29-Aug-2023 14:07:00,Credit Rating,Newgen Software Technologies Limited has informed the Exchange about Credit Rating
22-Aug-2023 13:39:26,Updates,Newgen Software Technologies Limited has informed the Exchange regarding 'Disclosure of material event/ information pursuant to Regulation 30 of SEBI (Listing Obligations and Disclosure Requirements) 
14-Aug-2023 18:36:53,Updates,Newgen Software Technologies Limited has informed the Exchange regarding 'Disclosure of continuing material event/ information of the Company and its subsidiaries pursuant to Regulation 30 of SEBI (Li
10-Aug-2023 19:43:41,Updates,Newgen Software Technologies Limited has informed the Exchange regarding 'Disclosure of material event/ information pursuant to Regulation 30 of SEBI (Listing Obligationsand Disclosure Requirements) R
04-Aug-2023 16:01:16,Updates,Newgen Software Technologies Limited has informed the Exchange regarding 'Disclosure of material event/ information pursuant to Regulation 30 of SEBI (Listing Obligationsand Disclosure Requirements) R
03-Aug-2023 12:23:21,Updates,Newgen Software Technologies Limited has informed the Exchange regarding 'Disclosure of material event/ information pursuant to Regulation 30 of SEBI (Listing Obligationsand Disclosure Requirements) R
25-Jul-2023 16:38:13,Analysts/Institutional Investor Meet/Con. Call Updates,Newgen Software Technologies Limited has informed the Exchange about Transcript
21-Jul-2023 10:31:33,Updates,Newgen Software Technologies Limited has informed the Exchange regarding 'Incorporation of a wholly owned subsidiary in Saudi Arabia'.
20-Jul-2023 13:20:56,Copy of Newspaper Publication,Newgen Software Technologies Limited has informed the Exchange about Copy of Newspaper Publication published in Jansatta (Regional-Hindi) and Financial Express (All edition-English) dated 20th July 20
19-Jul-2023 18:12:54,Analysts/Institutional Investor Meet/Con. Call Updates,Newgen Software Technologies Limited has informed the Exchange about Link of Recording
19-Jul-2023 13:56:17,Press Release,"Newgen Software Technologies Limited has informed the Exchange regarding a press release dated July 19, 2023, titled ""Press Release on Financial Results for the quarter ended 30th June 2023""."
19-Jul-2023 13:50:27,Investor Presentation,Newgen Software Technologies Limited has informed the Exchange about Investor Presentation
19-Jul-2023 13:28:33,Updates,Newgen Software Technologies Limited has informed the Exchange regarding Intimation of change in Contact Details of KMPs under the  Policy for Determination of Materiality of event or information''.
19-Jul-2023 13:15:25,ESOP/ESOS/ESPS,"Newgen Software Technologies Limited has informed the Exchange regarding Grant of ESOPS 68150 AND 20,000 RSUS."
19-Jul-2023 13:11:26,Outcome of Board Meeting,"Newgen Software Technologies Limited has informed the Exchange regarding  Board meeting held on July 19, 2023."
19-Jul-2023 13:05:39,Financial Result Updates,"Newgen Software Technologies Limited has submitted to the Exchange, the financial results for the period ended June 30, 2023."
18-Jul-2023 21:49:22,Updates,Newgen Software Technologies Limited has informed the Exchange regarding 'Disclosure of material event/ information pursuant to Regulation 30 of SEBI (Listing Obligationsand Disclosure Requirements) R
13-Jul-2023 17:49:25,Analysts/Institutional Investor Meet/Con. Call Updates,Newgen Software Technologies Limited has informed the Exchange about Schedule of meet
12-Jul-2023 18:33:38,Disclosure under SEBI Takeover Regulations,"T S Varadarajan has Submitted to the Exchange a copy of Disclosure under Regulation 31(4) of the Securities and Exchange Board of India (Substantial Acquisition of Shares and Takeovers) Regulations, 2"
12-Jul-2023 18:18:08,"Certificate under SEBI (Depositories and Participants) Regulations, 2018","Newgen Software Technologies Limited has informed the Exchange about Certificate under SEBI (Depositories and Participants) Regulations, 2018 for the Quarter ended 30th June 2023."
28-Jun-2023 19:18:01,Shareholders meeting,"Newgen Software Technologies Limited has submitted the Exchange a copy Srutinizers report of  Annual General Meeting held on Jun 27, 2023. Further, the company has informed the Exchange regarding voti"
28-Jun-2023 14:34:26,Trading Window,"Newgen Software Technologies Limited has informed the Exchange regarding the Trading Window closure pursuant to SEBI (Prohibition of Insider Trading) Regulations, 2015"
27-Jun-2023 16:30:27,Shareholders meeting,"Newgen Software Technologies Limited has informed the Exchange regarding Proceedings of Annual General Meeting held on Jun 27, 2023"
02-Jun-2023 15:55:11,Copy of Newspaper Publication,"Newgen Software Technologies Limited has informed the Exchange about Copy of Newspaper Publication for information related to the 31st AGM, Record Date and E-Voting"
01-Jun-2023 16:57:13,Updates,Newgen Software Technologies Limited has informed the Exchange regarding 'Business Responsibility and Sustainability Report for the Financial Year 2022-23'.
01-Jun-2023 16:27:19,Shareholders meeting,"Newgen Software Technologies Limited has informed the Exchange regarding Notice of Annual General Meeting to be held on Jun 27, 2023"
29-May-2023 13:25:29,Copy of Newspaper Publication,Newgen Software Technologies Limited has informed the Exchange about Copy of Notice published by way of an Advertisement in respect of information titled as  31st Annual General Meeting to be held thr
18-May-2023 18:32:04,Annual Secretarial Compliance Report,Annual Secretarial Compliance Report for the financial year ended 31st March 2023
08-May-2023 18:26:42,Analysts/Institutional Investor Meet/Con. Call Updates,"Newgen Software Technologies Limited has informed the Exchange about Transcript of Conference Call held on Tuesday, 02nd May 2023."
03-May-2023 17:22:03,Updates,Newgen Software Technologies Limited has informed the Exchange regarding 'Submission of results in Machine Readable / Legible / Searchable Form'.
03-May-2023 14:54:43,Record Date,Newgen Software Technologies Limited has informed the Exchange that Record date for the purpose of Dividend  is 20-Jun-2023.
03-May-2023 12:29:44,Copy of Newspaper Publication,Newgen Software Technologies Limited has informed the Exchange about Copy of Newspaper Publication
03-May-2023 12:28:09,Updates,Newgen Software Technologies Limited has informed the Exchange regarding 'Intimation of Schedule of Road Show'.
02-May-2023 18:32:00,Analysts/Institutional Investor Meet/Con. Call Updates,Newgen Software Technologies Limited has informed the Exchange about Link of Recording
02-May-2023 18:25:45,Related Party Transactions,Newgen Software Technologies Limited has informed the Exchange about related Party Transactions
02-May-2023 13:47:56,Press Release,"Newgen Software Technologies Limited has informed the Exchange regarding a press release dated May 02, 2023, titled "" Press Release on Financial Results for the quarter and financial year ended 31st M"
02-May-2023 13:47:56,Investor Presentation,Newgen Software Technologies Limited has informed the Exchange about Investor Presentation
02-May-2023 13:08:38,Updates,Newgen Software Technologies Limited has informed the Exchange regarding 'Re-appointment of Secretarial Auditors of the Company'.
02-May-2023 13:06:35,Updates,Newgen Software Technologies Limited has informed the Exchange regarding 'Re-appointment of Internal Auditors of the Company'.
02-May-2023 13:04:11,ESOP/ESOS/ESPS,Newgen Software Technologies Limited has informed the Exchange regarding Grant of Options and RSUs
02-May-2023 12:31:21,Dividend,"Newgen Software Technologies Limited has informed the Exchange that Board of Directors at its meeting held on May 02, 2023, recommended Final Dividend of Rs. 5 per equity share."
02-May-2023 12:31:21,Outcome of Board Meeting,"Newgen Software Technologies Limited has informed the Exchange regarding Outcome of Board Meeting held on May 02, 2023."
02-May-2023 12:25:13,Financial Result Updates,"Newgen Software Technologies Limited has submitted to the Exchange, the financial results for the period ended March 31, 2023."
28-Apr-2023 18:44:09,Analysts/Institutional Investor Meet/Con. Call Updates,"Newgen Software Technologies Limited has informed the Exchange about Schedule of Conference Call on Tuesday, 02nd May 2023 at 04:00 P.M. (IST)."
07-Apr-2023 16:09:44,"Certificate under SEBI (Depositories and Participants) Regulations, 2018","Newgen Software Technologies Limited has informed the Exchange about Certificate under SEBI (Depositories and Participants) Regulations, 2018"
28-Mar-2023 12:11:35,Trading Window,"Newgen Software Technologies Limited has informed the Exchange regarding the Trading Window closure pursuant to SEBI (Prohibition of Insider Trading) Regulations, 2015"
23-Mar-2023 22:40:03,Press Release,"Newgen Software Technologies Limited has informed the Exchange regarding a press release dated March 23, 2023, titled ""Newgen has been recognized as a ""Leader"" in The Forrester Wave : Content Platform"
01-Mar-2023 16:15:40,Press Release,"Newgen Software Technologies Limited has informed the Exchange regarding a press release dated March 01, 2023, titled ""Newgen has been recognized as a Strong Performer in the Forrester Wave : for Robo"
20-Feb-2023 12:55:43,Analysts/Institutional Investor Meet/Con. Call Updates,Newgen Software Technologies Limited has informed the Exchange about Schedule of meet
14-Feb-2023 15:42:06,Copy of Newspaper Publication,Newgen Software Technologies Limited has informed the Exchange about Copy of Newspaper Publication
14-Feb-2023 15:18:46,Updates,Newgen Software Technologies Limited has informed the Exchange regarding 'Incorporation of a wholly owned subsidiary in Saudi Arabia'.
23-Jan-2023 16:59:15,Analysts/Institutional Investor Meet/Con. Call Updates,"Newgen Software Technologies Limited has informed the Exchange about Transcript of Conference Call held on Tuesday, 17th January 2023."
19-Jan-2023 11:07:18,Updates,Newgen Software Technologies Limited has informed the Exchange regarding 'Intimation of Schedule of Road Show'.
18-Jan-2023 12:03:24,Copy of Newspaper Publication,Newgen Software Technologies Limited has informed the Exchange about Copy of Newspaper Publication
17-Jan-2023 17:54:14,Analysts/Institutional Investor Meet/Con. Call Updates,Newgen Software Technologies Limited has informed the Exchange about Link of Recording
17-Jan-2023 14:50:34,ESOP/ESOS/ESPS,Newgen Software Technologies Limited has informed the Exchange regarding Grant of 1088350  Options.
17-Jan-2023 13:34:53,Press Release,"Newgen Software Technologies Limited has informed the Exchange regarding a press release dated January 17, 2023, titled ""Quarterly results for Q3 FY'23""."
17-Jan-2023 13:32:16,Investor Presentation,Newgen Software Technologies Limited has informed the Exchange about Investor Presentation
17-Jan-2023 13:01:32,Financial Result Updates,"Newgen Software Technologies Limited has submitted to the Exchange, the financial results for the period ended December 31, 2022."
17-Jan-2023 12:59:12,Outcome of Board Meeting,"Newgen Software Technologies Limited has informed the Exchange regarding  Board meeting held on January 17, 2023."
17-Jan-2023 10:34:28,Press Release,"Newgen Software Technologies Limited has informed the Exchange regarding a press release dated January 17, 2023, titled ""Newgen Recognized in 2023 Gartner�� Magic Quadrant  for Enterprise Low-Code App"
12-Jan-2023 11:50:57,Analysts/Institutional Investor Meet/Con. Call Updates,Newgen Software Technologies Limited has informed the Exchange about Schedule Conference Call for Q3 FY 2022-23 results.
10-Jan-2023 13:01:32,"Certificate under SEBI (Depositories and Participants) Regulations, 2018","Newgen Software Technologies Limited has informed the Exchange about Certificate under SEBI (Depositories and Participants) Regulations, 2018"
26-Dec-2022 16:53:27,Trading Window,"Newgen Software Technologies Limited has informed the Exchange regarding the Trading Window closure pursuant to SEBI (Prohibition of Insider Trading) Regulations, 2015"
28-Oct-2022 16:59:21,Related Party Transaction,Newgen Software Technologies Limited has informed the Exchange about related party transaction for the period ended September 2022
28-Oct-2022 11:27:06,Spurt in Volume,"NEWGEN : Significant increase in volume has been observed in Newgen Software Technologies Limited. The Exchange, in order to ensure that investors have latest relevant information about the company an"
27-Oct-2022 19:01:39,Spurt in Volume,"NEWGEN : Significant increase in volume has been observed in Newgen Software Technologies Limited. The Exchange, in order to ensure that investors have latest relevant information about the company an"
22-Oct-2022 09:35:54,Transcript of Analysts/Institutional Investor Meet/Con. Call,Newgen Software Technologies Limited has informed the Exchange about Transcript of Analysts/Institutional Investor Meet/Con. Call 
19-Oct-2022 11:36:54,Newspaper Advertisements,Newgen Software Technologies Limited has informed the Exchange about Newspaper Advertisements
18-Oct-2022 18:30:48,Recording of Analysts/Institutional Investor Meet/Con. Call,Newgen Software Technologies Limited has informed the Exchange about Recording of Analysts/Institutional Investor Meet/Con. Call
18-Oct-2022 13:30:45,Investor Presentation,Newgen Software Technologies Limited has informed the Exchange about Investor Presentation
18-Oct-2022 13:29:54,Press Release,Newgen Software Technologies Limited has informed the Exchange about press release dated 18-Oct-2022 titled Press Release on Unaudited Financial Results for the 2nd Quarter and Half-year ended 30th Se
18-Oct-2022 13:20:05,Address Change,Newgen Software Technologies Limited has informed the Exchange about shifting of the Registered Office of the Company within the local limits of the City of New Delhi.
18-Oct-2022 13:10:24,General updates,Newgen Software Technologies Limited has informed the Exchange about Grant of Restricted Stock Units under Newgen Software Technologies Restricted Stock Units Scheme ��� 2021
18-Oct-2022 12:26:18,Outcome of Board Meeting,Newgen Software Technologies Limited  has informed the Exchange about Board Meeting held on 18-Oct-2022 to consider financial statements for the period ended September 2022 and Other business matters
14-Oct-2022 13:10:39,Schedule of Analysts/Institutional Investor Meet/Con. Call,Newgen Software Technologies Limited has informed the Exchange about Schedule of Analysts/Institutional Investor Meet/Con. Call 
11-Oct-2022 16:16:18,General updates,"Newgen Software Technologies Limited has informed the Exchange about Certificate under Regulation 74(5) of SEBI (Depositories and Participants) Regulations, 2018 for the quarter ended 30th September 2"
01-Oct-2022 14:19:21,Awarding orders/contract,Newgen Software Technologies Limited has informed the Exchange that it has been selected as a Successful bidder for the Digital Lending Platform by the Indian Bank.
27-Sep-2022 16:22:51,Closure of trading window,Newgen Software Technologies Limited has informed the Exchange about Closure of trading window
27-Sep-2022 16:05:42,General updates,Newgen Software Technologies Limited has informed the Exchange about Consolidated Scrutinizer's Report and voting Results of the meeting of Unsecured Creditors of the Company.
27-Sep-2022 13:08:51,NCLT/ Court Convened Meeting,Newgen Software Technologies Limited has informed the Exchange about Voting results and Scrutinizer report of NCLT/ Court Convened Meeting held on 24-Sep-2022
24-Sep-2022 16:34:18,General updates,Newgen Software Technologies Limited has informed the Exchange about Proceedings of the NCLT convened meeting of Unsecured Creditors held on 24th September 2022.
24-Sep-2022 16:31:15,NCLT/ Court Convened Meeting,Newgen Software Technologies Limited has informed the Exchange about Proceedings of NCLT/ Court Convened Meeting held on 24-Sep-2022
07-Sep-2022 15:31:54,General updates,Newgen Software Technologies Limited has informed the Exchange about participation in Investor/Analyst Conference
23-Aug-2022 14:52:48,Newspaper Advertisements,Newgen Software Technologies Limited has informed the Exchange about Newspaper Advertisements
22-Aug-2022 16:58:39,General updates,Newgen Software Technologies Limited has informed the Exchange about NCLT Convened Meeting of the Unsecured Creditors scheduled to be held on 24th September 2022 at 3:00 P.M. (IST) through Video Confe
22-Aug-2022 16:49:33,NCLT/ Court Convened Meeting,Newgen Software Technologies Limited has informed the Exchange about Notice of NCLT/ Court Convened Meeting to be held on 24-Sep-2022
25-Jul-2022 16:29:09,Transcript of Analysts/Institutional Investor Meet/Con. Call,Newgen Software Technologies Limited has informed the Exchange about Transcript of Analysts/Institutional Investor Meet/Con. Call 
21-Jul-2022 13:07:12,Newspaper Advertisements,Newgen Software Technologies Limited has informed the Exchange about Newspaper Advertisements
21-Jul-2022 12:57:51,Recording of Analysts/Institutional Investor Meet/Con. Call,Newgen Software Technologies Limited has informed the Exchange about Recording of Analysts/Institutional Investor Meet/Con. Call
20-Jul-2022 13:41:18,Press Release,Newgen Software Technologies Limited has informed the Exchange about press release dated 20-Jul-2022 titled Financial Results for Q1 FY 23 
20-Jul-2022 13:38:21,Investor Presentation,Newgen Software Technologies Limited has informed the Exchange about Investor Presentation
20-Jul-2022 12:37:12,Outcome of Board Meeting,Newgen Software Technologies Limited  has informed the Exchange about Board Meeting held on 20-Jul-2022 to consider financial statements for the period ended June 2022
18-Jul-2022 17:02:09,Schedule of Analysts/Institutional Investor Meet/Con. Call,Newgen Software Technologies Limited has informed the Exchange about Schedule of Analysts/Institutional Investor Meet/Con. Call 
13-Jul-2022 10:49:51,General updates,"Newgen Software Technologies Limited has informed the Exchange about Certificate under Regulation 74(5) of SEBI (Depositories and Participants) Regulations, 2018 for the quarter ended 30th June 2022."
27-Jun-2022 13:57:48,Closure of trading window,Newgen Software Technologies Limited has informed the Exchange about Closure of trading window
23-Jun-2022 19:56:23,General updates,Newgen Software Technologies Limited has informed the Exchange about members approval on amendment in the Company���s existing Employee share-based schemes viz. Newgen Software Technologies Restricted
23-Jun-2022 19:53:57,ESOP/ESPS/SBEB Scheme,Newgen Software Technologies Limited has informed the Exchange about ESOP/ESPS/SBEB Scheme
23-Jun-2022 19:51:11,Re-appointment,Newgen Software Technologies Limited  has informed the Exchange about re-appointment of Mr. Subramaniam Ramnath Iyer as Independent Director of the company
23-Jun-2022 19:49:31,Re-appointment,Newgen Software Technologies Limited  has informed the Exchange about re-appointment of Mr. Saurabh Srivastava as Independent Director of the company
23-Jun-2022 19:41:10,Annual General Meeting,Newgen Software Technologies Limited has informed the Exchange about Voting results and  Scrutinizer report of Annual General Meeting held on 23-Jun-2022
23-Jun-2022 17:27:19,Annual General Meeting,Newgen Software Technologies Limited has informed the Exchange about  Proceedings of Annual General Meeting held on 23-Jun-2022
21-Jun-2022 15:08:11,Schedule of Analysts/Institutional Investor Meet/Con. Call,Newgen Software Technologies Limited has informed the Exchange about Schedule of Analysts/Institutional Investor Meet/Con. Call 
16-Jun-2022 15:47:57,General updates,Newgen Software Technologies Limited has informed the Exchange about Incorporation of a Wholly-owned subsidiary in Dubai (UAE).
15-Jun-2022 15:58:42,Credit Rating,Newgen Software Technologies Limited has informed the Exchange about Assignment of Credit Rating
31-May-2022 15:19:14,Newspaper Advertisements,Newgen Software Technologies Limited has informed the Exchange about Newspaper Advertisements
30-May-2022 17:50:06,Related Party Transaction,Newgen Software Technologies Limited has informed the Exchange about related party transaction for the period ended March 2022
30-May-2022 15:11:22,Annual General Meeting,Newgen Software Technologies Limited has informed the Exchange about Notice of Annual General Meeting to be held on 23-Jun-2022
27-May-2022 13:42:22,Newspaper Advertisements,Newgen Software Technologies Limited has informed the Exchange about Newspaper Advertisements
10-May-2022 15:36:30,Record Date,Newgen Software Technologies Limited has informed the Exchange that Record date for the purpose of Dividend  is 16-Jun-2022.
09-May-2022 15:32:43,Transcript of Analysts/Institutional Investor Meet/Con. Call,"Newgen Software Technologies Limited has informed the Exchange about Transcript of Analysts/Institutional Investor Meet/Con. Call which was held on Wednesday, 04th May 2022 at 11:00 A.M. (IST) "
06-May-2022 17:02:40,Book Closure,Newgen Software Technologies Limited has informed the Exchange that Register of Members & Share Transfer Books of the Company will remain closed from 16-Jun-2022 to 16-Jun-2022 for the purpose of Divi
06-May-2022 17:00:23,Record Date,Newgen Software Technologies Limited has informed the Exchange that Record date for the purpose of Dividend  is 16-Jun-2022.
04-May-2022 16:21:47,General updates,Newgen Software Technologies Limited has informed the Exchange about Schedule of Road Show.
04-May-2022 15:25:42,Recording of Analysts/Institutional Investor Meet/Con. Call,Newgen Software Technologies Limited has informed the Exchange about Recording of Analysts/Institutional Investor Meet/Con. Call
04-May-2022 13:05:44,Newspaper Advertisements,Newgen Software Technologies Limited has informed the Exchange about Newspaper Advertisements
03-May-2022 14:28:12,Investor Presentation,Newgen Software Technologies Limited has informed the Exchange about Investor Presentation
03-May-2022 14:25:08,Press Release,Newgen Software Technologies Limited has informed the Exchange about press release dated 03-May-2022 titled Press Release on Financial Results for the quarter ended 31st March 2022.
03-May-2022 12:10:48,Agreements/Contracts/Arrangements/ MOU's PARA A,Newgen Software Technologies Limited has informed the Exchange about Scheme of Arrangement.
03-May-2022 11:57:53,Re-appointment,Newgen Software Technologies Limited  has informed the Exchange about re-appointment of Subramaniam Ramnath Iyer as Independent Director of the company
03-May-2022 11:52:33,Re-appointment,Newgen Software Technologies Limited  has informed the Exchange about re-appointment of Saurabh Srivastava as Independent Director of the company
03-May-2022 11:41:48,Financial Result Updates,"Newgen Software Technologies Limited has submitted to the Exchange, the financial results for the period ended March 31, 2022."
03-May-2022 11:39:06,Dividend,"Newgen Software Technologies Limited has informed the Exchange that Board of Directors at its meeting held on 03-May-2022, declared Dividend of Rs. 4.50 per equity share."
03-May-2022 11:39:03,Outcome of Board Meeting,"Newgen Software Technologies Limited  has informed the Exchange about Board Meeting held on 03-May-2022 to consider financial statements for the period ended March 2022, Dividend and Other business ma"
28-Apr-2022 16:15:13,Schedule of Analysts/Institutional Investor Meet/Con. Call,Newgen Software Technologies Limited has informed the Exchange about Schedule of Analysts/Institutional Investor Meet/Con. Call 
14-Apr-2022 13:39:48,General updates,Newgen Software Technologies Limited has informed the Exchange about Intimation of change of name of Registrar and Share Transfer Agent of the Company
09-Apr-2022 11:31:51,General updates,"Newgen Software Technologies Limited has informed the Exchange about Certificate under Regulation 74(5) of SEBI (Depositories and Participants) Regulations, 2018 for the quarter ended 31st March 2022"
08-Apr-2022 12:18:55,Disclosure under SEBI Takeover Regulations,Promoter/Promoter Group of Newgen Software Technologies Limited has submitted a disclosure under Regulation 31(4) of SEBI Takeover Regulations for the year ended 31-Mar-2022
08-Apr-2022 11:58:02,Disclosure under SEBI Takeover Regulations,Promoter/Promoter Group of Newgen Software Technologies Limited has submitted a disclosure under Regulation 31(4) of SEBI Takeover Regulations for the year ended 31-Mar-2022
30-Mar-2022 13:44:13,Press Release,Newgen Software Technologies Limited has informed the Exchange about press release dated 30-Mar-2022 titled Newgen Software Celebrates 30 Years of Global Enterprise Product Journey
28-Mar-2022 13:27:20,Closure of trading window,Newgen Software Technologies Limited has informed the Exchange about Closure of trading window
22-Mar-2022 11:54:47,General updates,Newgen Software Technologies Limited has informed the Exchange about  Intimation for Participation in Virtual Investor Conference
11-Mar-2022 20:43:45,General updates,Newgen Software Technologies Limited has informed the Exchange about Intimation for Participation in Virtual Investor Conference
02-Mar-2022 17:47:31,General updates,Newgen Software Technologies Limited has informed the Exchange about Grant of Restricted Stock Units under Newgen RSU Scheme ��� 2021
28-Jan-2022 18:17:29,Acquisition,Newgen Software Technologies Limited has informed the Exchange about update on Acquisition.
27-Jan-2022 11:51:13,Analysts/Institutional Investor Meet/Con. Call Updates,"Newgen Software Technologies Limited has informed the Exchange about Transcript of Earning Call which was held on Tuesday, 18th January 2022 at 4:00 P.M.(IST)."
21-Jan-2022 00:19:56,Reply to Clarification Sought,"NEWGEN: The Exchange had sought clarification from Newgen Software Technologies Limited with respect to announcement dated 18-Jan-2022, regarding�� Incorporation of a wholly owned subsidiary in UAE. O"
19-Jan-2022 21:22:16,Clarification,"NEWGEN: The Exchange has sought clarification from Newgen Software Technologies Limited with respect to announcement dated 18-Jan-2022, regarding�� Incorporation of a wholly owned subsidiary in UAE. O"
19-Jan-2022 11:17:01,Copy of Newspaper Publication,Newgen Software Technologies Limited has informed the Exchange about Copy of Newspaper Publication
18-Jan-2022 14:03:29,Press Release,"Newgen Software Technologies Limited has informed the Exchange regarding a press release dated January 18, 2022, titled ""Press Release on Unaudited Financial Results for the 3rd Quarterended 31st Dece"
18-Jan-2022 14:00:49,Investor Presentation,Newgen Software Technologies Limited has informed the Exchange about Investor Presentation
18-Jan-2022 13:46:55,Updates,Newgen Software Technologies Limited has informed the Exchange regarding 'Incorporation of a wholly owned subsidiary in UAE'.
18-Jan-2022 13:16:49,Acquisition,Newgen Software Technologies Limited has informed the Exchange about Acquisition
18-Jan-2022 13:15:19,Outcome of Board Meeting,"Newgen Software Technologies Limited has informed the Exchange regarding  Board meeting held on January 18, 2022."
18-Jan-2022 13:13:45,Financial Result Updates,"Newgen Software Technologies Limited has submitted to the Exchange, the financial results for the period ended December 31, 2021."
13-Jan-2022 13:55:53,Analysts/Institutional Investor Meet/Con. Call Updates,Newgen Software Technologies Limited has informed the Exchange about Earnings call intimation
11-Jan-2022 12:10:49,"Certificate under SEBI (Depositories and Participants) Regulations, 2018","Newgen Software Technologies Limited has informed the Exchange about Certificate under SEBI (Depositories and Participants) Regulations, 2018"
07-Jan-2022 15:24:20,Updates,Newgen Software Technologies Limited has informed the Exchange regarding 'Intimation For Securing Patent'.
27-Dec-2021 12:39:30,Trading Window,"Newgen Software Technologies Limited has informed the Exchange regarding the Trading Window closure pursuant to SEBI (Prohibition of Insider Trading) Regulations, 2015"
23-Dec-2021 14:52:56,Updates,Newgen Software Technologies Limited has informed the Exchange regarding 'Grant of Restricted Stock Units under Newgen RSU Scheme - 2021'.
15-Dec-2021 17:33:53,Updates,"Newgen Software Technologies Limited has informed the Exchange regarding 'a Press release titled Newgen Cited As a ""Strong Performer"" in Digital Process Automation (DPA) Platforms by an Independent Re"
10-Dec-2021 14:57:14,Updates,Newgen Software Technologies Limited has informed the Exchange regarding 'Grant of Patent'.
08-Dec-2021 13:12:28,Analysts/Institutional Investor Meet/Con. Call Updates,Newgen Software Technologies Limited has informed the Exchange about Schedule of meet
24-Nov-2021 17:07:20,Analysts/Institutional Investor Meet/Con. Call Updates,"Newgen Software Technologies Limited has informed the Exchange about Transcript  of Analyst/ Institutional Investor Conference Call which was held on Monday, 25th October 2021 at 4:00 P.M.(IST)."
26-Oct-2021 13:09:05,Copy of Newspaper Publication,Newgen Software Technologies Limited has informed the Exchange about Copy of Newspaper Publication
25-Oct-2021 14:06:20,Press Release,"Newgen Software Technologies Limited has informed the Exchange regarding a press release dated October 25, 2021, titled ""Unaudited Financial Results for the 2nd Quarter ended 30th September 2021""."
25-Oct-2021 14:01:15,Investor Presentation,Newgen Software Technologies Limited has informed the Exchange about Investor Presentation
25-Oct-2021 13:33:09,Updates,Newgen Software Technologies Limited has informed the Exchange regarding 'Amendment in the existing ESOP and RSU Scheme of the Company'.
25-Oct-2021 13:14:54,Updates,Newgen Software Technologies Limited has informed the Exchange regarding 'Change In Contact Details Of KMP''s For Determining Materiality Of Event/Information For Making Disclosure To Stock Exchange(s
25-Oct-2021 12:43:22,Outcome of Board Meeting,"Newgen Software Technologies Limited has informed the Exchange regarding  Board meeting held on October 25, 2021."
25-Oct-2021 12:41:12,Financial Result Updates,"Newgen Software Technologies Limited has submitted to the Exchange, the financial results for the period ended September 30, 2021."
21-Oct-2021 17:20:22,Analysts/Institutional Investor Meet/Con. Call Updates,Newgen Software Technologies Limited has informed the Exchange about Earnings call intimation
20-Oct-2021 11:22:32,Updates,Newgen Software Technologies Limited has informed the Exchange regarding 'the position as a Visionary in the 2021 Gartner�� Magic Quadrant  for Content Service Platforms for its ability to execute and
11-Oct-2021 15:50:10,"Certificate under SEBI (Depositories and Participants) Regulations, 2018","Newgen Software Technologies Limited has informed the Exchange about Certificate under SEBI (Depositories and Participants) Regulations, 2018 for the quarter ended 30th September 2021"
27-Sep-2021 14:58:18,Trading Window,"Newgen Software Technologies Limited has informed the Exchange regarding the Trading Window closure pursuant to SEBI (Prohibition of Insider Trading) Regulations, 2015"
23-Sep-2021 09:28:10,Updates,"Newgen Software Technologies Limited has informed the Exchange regarding 'Intimation under Regulation 30 of SEBI (Listing Obligations and Disclosure Requirements)Regulations, 2015.'."
22-Sep-2021 16:01:57,Updates,Newgen Software Technologies Limited has informed the Exchange regarding 'positioned as a Niche Player in the 2021 Gartner�� Magic Quadrant for Enterprise Low-Code Application Platforms for its abilit
10-Sep-2021 15:19:01,Analysts/Institutional Investor Meet/Con. Call Updates,Newgen Software Technologies Limited has informed the Exchange about Analysts/Institutional Investor Meet/Con. Call Updates
01-Sep-2021 15:46:33,Updates,Newgen Software Technologies Limited has informed the Exchange regarding 'Appointment of Internal Auditor of the Company'.
01-Sep-2021 13:02:13,Updates,Newgen Software Technologies Limited has informed the Exchange regarding 'Appointment of a Chief Operating Officer (COO) of the Company'.
01-Sep-2021 13:00:32,Updates,Newgen Software Technologies Limited has informed the Exchange regarding 'Appointment of a Chief Executive Officer (CEO) of the Company'.
18-Aug-2021 16:30:37,Analysts/Institutional Investor Meet/Con. Call Updates,Newgen Software Technologies Limited has informed the Exchange about Analysts/Institutional Investor Meet/Con. Call Updates
28-Jul-2021 20:12:24,Shareholders meeting,"Newgen Software Technologies Limited has submitted the Exchange a copy Srutinizers report of  Annual General Meeting held on July 27, 2021. Further, the company has informed the Exchange regarding vot"
27-Jul-2021 17:14:11,Change in Auditors,Newgen Software Technologies Limited has informed the Exchange regarding Change in Auditors of the company.
27-Jul-2021 17:12:19,Shareholders meeting,"Newgen Software Technologies Limited has informed the Exchange regarding Proceedings of Annual General Meeting held on July 27, 2021"
21-Jul-2021 12:14:47,Copy of Newspaper Publication,Newgen Software Technologies Limited has informed the Exchange about Copy of Newspaper Publication
20-Jul-2021 14:56:45,"Code of Conduct under SEBI(PIT) Reg., 2015","Newgen Software Technologies Limited has informed the Exchange about Code of Conduct under SEBI(PIT) Reg., 2015"
20-Jul-2021 13:00:34,Investor Presentation,Newgen Software Technologies Limited has informed the Exchange about Investor Presentation
20-Jul-2021 12:58:54,Press Release,"Newgen Software Technologies Limited has informed the Exchange regarding a press release dated July 20, 2021, titled ""Press Release on Financial Results for the first quarter ended 30th June 2021""."
20-Jul-2021 12:20:36,Outcome of Board Meeting,"Newgen Software Technologies Limited has informed the Exchange regarding  Board meeting held on July 20, 2021."
20-Jul-2021 12:18:00,Financial Result Updates,"Newgen Software Technologies Limited has submitted to the Exchange, the financial results for the period ended June 30, 2021."
16-Jul-2021 12:30:49,Analysts/Institutional Investor Meet/Con. Call Updates,Newgen Software Technologies Limited has informed the Exchange about Analysts/Institutional Investor Meet/Con. Call Updates
09-Jul-2021 11:42:45,"Certificate under SEBI (Depositories and Participants) Regulations, 2018","Newgen Software Technologies Limited has informed the Exchange about Certificate under SEBI (Depositories and Participants) Regulations, 2018"
01-Jul-2021 16:21:23,Copy of Newspaper Publication,"Newgen Software Technologies Limited has informed the Exchange about Copy of Newspaper Publication in respect of information regarding 29th AGM, availability of Remote e-voting facility and announceme"
01-Jul-2021 13:08:36,Analysts/Institutional Investor Meet/Con. Call Updates,Newgen Software Technologies Limited has informed the Exchange about Analysts/Institutional Investor Meet/Con. Call Updates
30-Jun-2021 11:47:20,Shareholders meeting,"Newgen Software Technologies Limited has informed the Exchange regarding Notice of Annual General Meeting to be held on July 27, 2021"
28-Jun-2021 16:59:14,Trading Window,"Newgen Software Technologies Limited has informed the Exchange regarding the Trading Window closure pursuant to SEBI (Prohibition of Insider Trading) Regulations, 2015"
25-Jun-2021 14:46:09,Copy of Newspaper Publication,Newgen Software Technologies Limited has informed the Exchange about Copy of Newspaper Publication in respect of information regarding 29th Annual General Meeting to be held  through Video Conference 
22-Jun-2021 18:00:39,Book Closure,Newgen Software Technologies Limited has informed the Exchange that Register of Members & Share Transfer Books of the Company will remain closed from 16-Jul-2021 to 16-Jul-2021 for the purpose of Divi
22-Jun-2021 17:58:25,Record Date,Newgen Software Technologies Limited has informed the Exchange that Record date for the purpose of Dividend & Meeting  is 16-Jul-2021.
22-Jun-2021 14:35:20,Analysts/Institutional Investor Meet/Con. Call Updates,Newgen Software Technologies Limited has informed the Exchange about Analysts/Institutional Investor Meet/Con. Call Updates
15-Jun-2021 18:21:58,Press Release,Press statement announcing that members of the promoter/ promoter group sold an aggregate 10.57% stake in the Company to a group of reputed institutional investors.
15-Jun-2021 13:38:35,Press Release,"Newgen has been positioned as a ""Strong Performer"" in The Forrester Wave ��Content Platforms, Q2 2021, authored by Cheryl McKinnon et al."
27-May-2021 15:30:36,Updates,Newgen Software Technologies Limited has informed the Exchange regarding 'Newgen's Digital automation platform has been recognized as a  Comprehensive  Customer Communication Management (CCM) vendor b
27-May-2021 14:06:50,Updates,"Newgen Software Technologies Limited has informed the Exchange regarding 'Newgen Software Technologies Limited has executed an agreement with one of theleading banks in the Middle East region, for sup"
26-May-2021 16:04:13,Updates,Newgen Software Technologies Limited has informed the Exchange regarding 'Grant of Patent'.
26-May-2021 10:14:12,Copy of Newspaper Publication,Newgen Software Technologies Limited has informed the Exchange about Copy of Newspaper Publication
25-May-2021 12:37:33,Related Party Transactions,Newgen Software Technologies Limited has informed the Exchange about related Party Transactions
25-May-2021 11:54:34,Press Release,"Newgen Software Technologies Limited has informed the Exchange regarding a press release dated May 25, 2021, titled ""Press Release on Financial Results for the quarter and financial year ended 31st Ma"
25-May-2021 11:52:25,Investor Presentation,Newgen Software Technologies Limited has informed the Exchange about Investor Presentation
25-May-2021 11:34:46,Change in Auditors,Newgen Software Technologies Limited has informed the Exchange regarding Change in Auditors of the company.
25-May-2021 11:24:48,Outcome of Board Meeting,"Newgen Software Technologies Limited has informed the Exchange regarding  Board meeting held on May 25, 2021."
25-May-2021 11:16:14,Dividend,"Newgen Software Technologies Limited has informed the Exchange that Board of Directors at its meeting held on May 25, 2021, recommended Final Dividend of 3.5 per equity share."
25-May-2021 11:14:05,Financial Result Updates,"Newgen Software Technologies Limited has submitted to the Exchange, the financial results for the period ended March 31, 2021."
20-May-2021 17:34:39,Analysts/Institutional Investor Meet/Con. Call Updates,Newgen Software Technologies Limited has informed the Exchange about Analysts/Institutional Investor Meet/Con. Call Updates
05-May-2021 16:22:40,Updates,Newgen Software Technologies Limited has informed the Exchange regarding 'Grant of Patent'.
21-Apr-2021 11:04:26,Annual Disclosure,"Newgen Software Technologies Limited has submitted to the Exchange Annual Disclosure as per SEBI Circular dated November 26, 2018."
09-Apr-2021 13:42:30,"Certificate under SEBI (Depositories and Participants) Regulations, 2018","Newgen Software Technologies Limited has informed the Exchange about Certificate under SEBI (Depositories and Participants) Regulations, 2018"
08-Apr-2021 11:57:48,Disclosure under SEBI Takeover Regulations,"Promoter/Member of the Promoter Group of the Company has informed the Exchange regarding disclosure under Regulation 30 of SEBI SAST Regulations, 2011 as at March 31, 2021"
06-Apr-2021 16:39:24,Disclosure under SEBI Takeover Regulations,"Promoter/Member of the Promoter Group of the Company has informed the Exchange regarding disclosure under Regulation 30 of SEBI SAST Regulations, 2011"
31-Mar-2021 15:57:10,Credit Rating,Newgen Software Technologies Limited has informed the Exchange about Credit Rating
28-Mar-2021 16:59:25,Trading Window,"Newgen Software Technologies Limited has informed the Exchange regarding the Trading Window closure pursuant to SEBI (Prohibition of Insider Trading) Regulations, 2015"
26-Mar-2021 18:27:32,ESOP/ESOS/ESPS,Newgen Software Technologies Limited has informed the Exchange regarding Exercise of 10689  Options.
25-Mar-2021 14:10:42,ESOP/ESOS/ESPS,Newgen Software Technologies Limited has informed the Exchange regarding Grant of 233000  Options.
18-Mar-2021 18:56:58,Credit Rating,Newgen Software Technologies Limited has informed the Exchange about Credit Rating
11-Mar-2021 14:34:50,Analysts/Institutional Investor Meet/Con. Call Updates,Newgen Software Technologies Limited has informed the Exchange about Analysts/Institutional Investor Meet/Con. Call Updates
10-Mar-2021 16:21:44,Updates,Newgen Software Technologies Limited has informed the Exchange regarding 'Grant of Patent by the United States Patent and Trademark Office for the invention entitled Image Processing System and Method
26-Feb-2021 18:12:24,ESOP/ESOS/ESPS,Newgen Software Technologies Limited has informed the Exchange regarding Exercise of 2063  Options.
24-Feb-2021 13:03:00,Spurt in Volume,"Significant increase in volume has been observed in Newgen Software Technologies Limited. The Exchange, in order to ensure that investors have latest relevant information about the company and to info"
23-Feb-2021 18:54:00,Spurt in Volume,"Significant increase in volume has been observed in Newgen Software Technologies Limited. The Exchange, in order to ensure that investors have latest relevant information about the company and to info"
11-Feb-2021 11:06:30,Analysts/Institutional Investor Meet/Con. Call Updates,Newgen Software Technologies Limited has informed the Exchange about Analysts/Institutional Investor Meet/Con. Call Updates
05-Feb-2021 17:24:12,ESOP/ESOS/ESPS,Newgen Software Technologies Limited has informed the Exchange regarding Exercise of 2863  Options.
04-Feb-2021 17:39:16,Analysts/Institutional Investor Meet/Con. Call Updates,Newgen Software Technologies Limited has informed the Exchange about Analysts/Institutional Investor Meet/Con. Call Updates
27-Jan-2021 17:51:08,ESOP/ESOS/ESPS,Newgen Software Technologies Limited has informed the Exchange regarding Exercise of 11598  Options.
21-Jan-2021 14:19:24,Copy of Newspaper Publication,Newgen Software Technologies Limited has informed the Exchange about Copy of Newspaper Publication
20-Jan-2021 13:04:13,Press Release,"Newgen Software Technologies Limited has informed the Exchange regarding a press release dated January 20, 2021, titled ""Press Release on Unaudited Financial results""."
20-Jan-2021 13:02:36,Investor Presentation,Newgen Software Technologies Limited has informed the Exchange about Investor Presentation
20-Jan-2021 12:24:03,Financial Result Updates,"Newgen Software Technologies Limited has submitted to the Exchange, the financial results for the period ended December 31, 2020."
20-Jan-2021 12:22:22,Outcome of Board Meeting,"Newgen Software Technologies Limited has informed the Exchange regarding  Board meeting held on January 20, 2021."
18-Jan-2021 13:48:30,Analysts/Institutional Investor Meet/Con. Call Updates,Newgen Software Technologies Limited has informed the Exchange about Analysts/Institutional Investor Meet/Con. Call Updates
15-Jan-2021 12:44:40,Analysts/Institutional Investor Meet/Con. Call Updates,Newgen Software Technologies Limited has informed the Exchange about Analysts/Institutional Investor Meet/Con. Call Updates
12-Jan-2021 12:23:31,Copy of Newspaper Publication,Newgen Software Technologies Limited has informed the Exchange about Copy of Newspaper Publication
08-Jan-2021 13:15:29,"Certificate under SEBI (Depositories and Participants) Regulations, 2018","Newgen Software Technologies Limited has informed the Exchange about Certificate under SEBI (Depositories and Participants) Regulations, 2018"
28-Dec-2020 11:57:09,Trading Window,"Newgen Software Technologies Limited has informed the Exchange regarding the Trading Window closure pursuant to SEBI (Prohibition of Insider Trading) Regulations, 2015"
27-Dec-2020 11:15:59,Shareholders meeting,"Newgen Software Technologies Limited has submitted the Exchange a copy Srutinizers report of  Postal Ballot. Further, the company has informed the Exchange regarding voting results."
24-Dec-2020 17:48:03,ESOP/ESOS/ESPS,Newgen Software Technologies Limited has informed the Exchange regarding Exercise of 22402  Options.
03-Dec-2020 14:03:04,Updates,Newgen Software Technologies Limited has informed the Exchange regarding 'grant of a patent for an invention entitled  Remote Email Access Through Short Message Service (SMS)'.
27-Nov-2020 18:15:16,ESOP/ESOS/ESPS,Newgen Software Technologies Limited has informed the Exchange regarding Exercise of 17780  Options.
27-Nov-2020 14:04:03,Copy of Newspaper Publication,Newgen Software Technologies Limited has informed the Exchange about Copy of Newspaper Publication
26-Nov-2020 18:29:35,Shareholders meeting,Newgen Software Technologies Limited has informed the Exchange regarding Notice of Postal Ballot
24-Nov-2020 10:30:55,Press Release,"Newgen Software Technologies Limited has informed the Exchange regarding a press release dated November 24, 2020, titled ""Newgen Positioned as a Visionary in Gartner Magic Quadrant for Content Service"
19-Nov-2020 10:46:42,Analysts/Institutional Investor Meet/Con. Call Updates,Newgen Software Technologies Limited has informed the Exchange about Analysts/Institutional Investor Meet/Con. Call Updates
29-Oct-2020 16:21:44,ESOP/ESOS/ESPS,Newgen Software Technologies Limited has informed the Exchange regarding Exercise of 64415  Options.
22-Oct-2020 15:01:41,Copy of Newspaper Publication,Newgen Software Technologies Limited has informed the Exchange about Copy of Newspaper Publication
21-Oct-2020 15:26:10,"Code of Conduct under SEBI(PIT) Reg., 2015","Newgen Software Technologies Limited has informed the Exchange about Code of Conduct under SEBI(PIT) Reg., 2015"
21-Oct-2020 15:19:29,Related Party Transactions,Newgen Software Technologies Limited has informed the Exchange about related Party Transactions for the half year ended 30th September 2020
21-Oct-2020 13:22:45,Press Release,"Newgen Software Technologies Limited has informed the Exchange regarding a press release dated October 21, 2020, titled ""Press Release for the second quarter and half year ended 30th September 2020""."
21-Oct-2020 13:18:01,Investor Presentation,Newgen Software Technologies Limited has informed the Exchange about Investor Presentation for the second quarter and half year ended 30th September 2020
21-Oct-2020 12:57:43,Outcome of Board Meeting,"Newgen Software Technologies Limited has informed the Exchange regarding  Board meeting held on October 21, 2020."
21-Oct-2020 12:55:44,Financial Result Updates,"Newgen Software Technologies Limited has submitted to the Exchange, the financial results for the period ended September 30, 2020."
14-Oct-2020 16:56:54,Analysts/Institutional Investor Meet/Con. Call Updates,Newgen Software Technologies Limited has informed the Exchange about Analysts/Institutional Investor Meet/Con. Call Updates
14-Oct-2020 16:16:10,"Certificate under SEBI (Depositories and Participants) Regulations, 2018","Newgen Software Technologies Limited has informed the Exchange about Certificate under SEBI (Depositories and Participants) Regulations, 2018"
13-Oct-2020 13:36:36,Copy of Newspaper Publication,Newgen Software Technologies Limited has informed the Exchange about Copy of Newspaper Publication
08-Oct-2020 15:17:53,Press Release,"Newgen Software Technologies Limited has informed the Exchange regarding a press release dated October 08, 2020, titled ""Newgen Recognized for the First Time in Gartner Magic Quadrant for Enterprise L"
29-Sep-2020 15:05:11,Trading Window,"Newgen Software Technologies Limited has informed the Exchange regarding the Trading Window closure pursuant to SEBI (Prohibition of Insider Trading) Regulations, 2015"
23-Sep-2020 14:37:25,ESOP/ESOS/ESPS,Newgen Software Technologies Limited has informed the Exchange regarding Exercise of 16880  Options.
26-Aug-2020 17:30:07,ESOP/ESOS/ESPS,Newgen Software Technologies Limited has informed the Exchange regarding Exercise of 25634  Options.
05-Aug-2020 18:02:09,Analysts/Institutional Investor Meet/Con. Call Updates,Newgen Software Technologies Limited has informed the Exchange about Analysts/Institutional Investor Meet/Con. Call Updates
27-Jul-2020 20:46:00,Updates,Newgen Software Technologies Limited has informed the Exchange regarding 'Shareholders approval on the Appointment of Ms. Padmaja Krishnan (DIN: 03155610) as an Independent Director on the Board of th
27-Jul-2020 20:36:00,Shareholders meeting,"Newgen Software Technologies Limited has submitted the Exchange a copy Srutinizers report of  Annual General Meeting held on July 27, 2020. Further, the company has informed the Exchange regarding vot"
27-Jul-2020 16:17:00,Shareholders meeting,"Newgen Software Technologies Limited has informed the Exchange regarding Proceedings of Annual General Meeting held on July 27, 2020"
23-Jul-2020 15:34:00,Copy of Newspaper Publication,Newgen Software Technologies Limited has informed the Exchange about Copy of Newspaper Publication in relation to Unaudited Standalone and Consolidated Financial Results of the Company for the 1st Qua
22-Jul-2020 13:01:00,Press Release,"Newgen Software Technologies Limited has informed the Exchange regarding a press release dated July 22, 2020, titled ""Newgen Financial Results for Q1 FY'21""."
22-Jul-2020 12:51:00,Investor Presentation,Newgen Software Technologies Limited has informed the Exchange about Investor Presentation for the first quarter ended 30th June 2020.
22-Jul-2020 12:17:00,Outcome of Board Meeting,"Newgen Software Technologies Limited has informed the Exchange regarding  Board meeting held on July 22, 2020."
22-Jul-2020 12:12:31,Financial Result Updates,"Newgen Software Technologies Limited has submitted to the Exchange, the financial results for the period ended June 30, 2020."
14-Jul-2020 13:10:00,Analysts/Institutional Investor Meet/Con. Call Updates,Newgen Software Technologies Limited has informed the Exchange about Analysts/Institutional Investor Meet/Con. Call Updates
11-Jul-2020 12:56:00,Copy of Newspaper Publication,Newgen Software Technologies Limited has informed the Exchange about Copy of Newspaper Publication
10-Jul-2020 16:47:00,Updates,"Newgen Software Technologies Limited has informed the Exchange regarding 'Confirmation Certificate under Regulation 74(5) of SEBI (Depositories and Participants) Regulations, 2018 for the quarter ende"
03-Jul-2020 15:29:00,Copy of Newspaper Publication,"Newgen Software Technologies Limited has informed the Exchange about Copy of Newspaper Publication in respect of 28th Annual General Meeting, availability of Remote e-voting facility and announcement "
02-Jul-2020 13:42:00,Shareholders meeting,"Newgen Software Technologies Limited has informed the Exchange regarding Notice of Annual General Meeting to be held on July 27, 2020"
27-Jun-2020 20:45:00,Copy of Newspaper Publication,Newgen Software Technologies Limited has informed the Exchange about Copy of Newspaper Publication in respect of information regarding 28th Annual General Meeting to be held  through Video Conference 
26-Jun-2020 16:35:00,Trading Window,"Newgen Software Technologies Limited has informed the Exchange regarding the Trading Window closure pursuant to SEBI (Prohibition of Insider Trading) Regulations, 2015"
23-Jun-2020 16:21:00,Book Closure,Newgen Software Technologies Limited has informed the Exchange that Register of Members & Share Transfer Books of the Company will remain closed from 22-Jul-2020 to 27-Jul-2020 for the purpose of Divi
23-Jun-2020 16:19:00,Record Date,Newgen Software Technologies Limited has informed the Exchange that Record date for the purpose of Dividend & Meeting  is 21-Jul-2020.
19-Jun-2020 16:24:00,Updates,Newgen Software Technologies Limited has informed the Exchange regarding 'Disclosure of impact of COVID-19 pandemic on the business of the Company with reference to SEBI advisory vide its circular no.
05-Jun-2020 15:55:00,Analysts/Institutional Investor Meet/Con. Call Updates,Newgen Software Technologies Limited has informed the Exchange regarding Analysts/Institutional Investor Meet/Con. Call Updates
27-May-2020 15:12:00,Record Date,"Newgen Software Technologies Limited has informed the Exchange that the Company has fixed Record Date as July 21, 2020 for the purpose of Dividend"
26-May-2020 17:26:00,Related Party Transactions,Newgen Software Technologies Limited has informed the Exchange that Newgen Software Technologies Limited has informed the Exchange regarding disclosure of Related Party Transactions on a Consolidated 
26-May-2020 13:48:00,Press Release,"Newgen Software Technologies Limited has informed the Exchange regarding a press release dated May 26, 2020, titled ""Financial Results Q4 FY'20 and FY'20""."
26-May-2020 13:43:00,Investor Presentation,Newgen Software Technologies Limited has informed the Exchange regarding Investor Presentation
26-May-2020 12:59:00,Dividend,"Newgen Software Technologies Limited has informed the Exchange that Board of Directors at its meeting held on May 26, 2020, recommended Final Dividend of 2 per equity share."
26-May-2020 12:57:00,Outcome of Board Meeting,"Newgen Software Technologies Limited has informed the Exchange regarding  Board meeting held on May 26, 2020."
26-May-2020 12:53:53,Financial Result Updates,"Newgen Software Technologies Limited has submitted to the Exchange, the financial results for the period ended March 31, 2020."
21-May-2020 17:12:00,Analysts/Institutional Investor Meet/Con. Call Updates,"Newgen Software Technologies Limited has informed the Exchange regarding Analysts/Institutional Investor Meet/Con. Call Updates will be held on Tuesday, 26th May, 2020 at 4:30 PM (IST)."
06-May-2020 14:12:00,Press Release,"Newgen Software Technologies Limited has informed the Exchange regarding a press release dated May 06, 2020, titled ""Newgen Helps Leading US Financial Institutions Automate SBA PPP Lending with Cloud-"
20-Apr-2020 11:38:00,Disclosure under SEBI Takeover Regulations,"Newgen Software Technologies Limited has informed the Exchange regarding Disclosure under Regulation 30(2) of the SEBI (Substantial Acquisition of Shares and Takeovers) Regulations, 2011."
20-Apr-2020 09:13:00,Disclosure under SEBI Takeover Regulations,Promoters of Newgen Software Technologies Limited has informed the Exchange regarding the disclosure pursuant to the provisions of Regulation 30 of the SEBI (Substantial Acquisition of Shares and Take
13-Apr-2020 17:38:00,Updates,"Newgen Software Technologies Limited has informed the Exchange regarding 'Confirmation Certificate under Regulation 74(5) of SEBI (Depositories and Participants) Regulations, 2018 for the quarter ende"
27-Mar-2020 17:15:00,Trading Window,"Newgen Software Technologies Limited has informed the Exchange regarding the Trading Window closure pursuant to SEBI (Prohibition of Insider Trading) Regulations, 2015 and the Company s Code of Practi"
24-Mar-2020 14:16:00,Appointment,"Newgen Software Technologies Limited has informed the Exchange regarding Appointment of Ms Padmaja Krishnan as Non- Executive Independent Director of the company w.e.f. March 24, 2020."
18-Mar-2020 11:02:00,Price movement,"Significant movement in price has been observed in Newgen Software Technologies Limited. The Exchange, in order to ensure that investors have latest relevant information about the company and to infor"
17-Mar-2020 18:15:00,Price movement,"Significant movement in price has been observed in Newgen Software Technologies Limited. The Exchange, in order to ensure that investors have latest relevant information about the company and to infor"
03-Mar-2020 15:37:00,Press Release,"Newgen Software Technologies Limited has informed the Exchange regarding a press release dated March 03, 2020, titled ""Newgen Receives Patent for Mark Detection System and Methodology from US Patent O"
02-Mar-2020 17:46:00,Press Release,"Newgen Software Technologies Limited has informed the Exchange regarding a press release dated March 02, 2020, titled ""Newgen Secures Patent for a System and Method for Automatic Quality Assessment of"
27-Feb-2020 17:19:00,Updates,Newgen Software Technologies Limited has informed the Exchange regarding 'approval from Development Commissioner of Noida Special Economic Zone (SEZ) for setting up a unit in the IT/ITES SEZ at Sector
13-Feb-2020 16:34:00,Analysts/Institutional Investor Meet/Con. Call Updates,Newgen Software Technologies Limited has informed the Exchange regarding Analysts/Institutional Investor Meet/Con. Call Updates
31-Jan-2020 17:50:00,Press Release,"Newgen Software Technologies Limited has informed the Exchange regarding a press release dated January 31, 2020, titled ""Newgen Enhances its Communication Offering for Superior Customer Experience""."
29-Jan-2020 12:23:00,Analysts/Institutional Investor Meet/Con. Call Updates,Newgen Software Technologies Limited has informed the Exchange regarding Analysts/Institutional Investor Meet/Con. Call Updates
22-Jan-2020 12:55:00,Updates,Newgen Software Technologies Limited has informed the Exchange regarding 'the copy of advertisements published in Jansatta (Regional-Hindi) and Financial Express (All edition-English) dated 22nd Janua
21-Jan-2020 15:26:00,Allotment of Securities,"Newgen Software Technologies Limited has informed the Exchange regarding allotment of 370000 securities pursuant to ESOP/ESPS at its meeting held on January 21, 2020"
21-Jan-2020 15:17:00,"Code of Conduct under SEBI(PIT) Reg., 2015","Newgen Software Technologies Limited has informed the Exchange regarding the Code of Conduct under SEBI(PIT) Reg., 2015"
21-Jan-2020 15:09:00,Statement of deviation(s) or variation(s) under Reg. 32,Newgen Software Technologies Limited has informed the Exchange regarding Statement of deviation(s) or variation(s) under Reg. 32 of SEBI (LODR) Regulations 2015
21-Jan-2020 13:55:00,Investor Presentation,Newgen Software Technologies Limited has informed the Exchange regarding Investor Presentation on Q3 FY'20
21-Jan-2020 13:50:00,Press Release,"Newgen Software Technologies Limited has informed the Exchange regarding a press release dated January 21, 2020, titled ""Newgen Press Release Q3 FY'20""."
21-Jan-2020 13:43:11,Financial Result Updates,"Newgen Software Technologies Limited has submitted to the Exchange, the financial results for the period ended December 31, 2019."
21-Jan-2020 13:38:00,Outcome of Board Meeting,"Newgen Software Technologies Limited has informed the Exchange regarding  Board meeting held on January 21, 2020."
14-Jan-2020 19:14:00,Analysts/Institutional Investor Meet/Con. Call Updates,Newgen Software Technologies Limited has informed the Exchange regarding Analysts/Institutional Investor Meet/Con. Call Updates
08-Jan-2020 14:57:00,Updates,Newgen Software Technologies Limited has informed the Exchange regarding 'copy of advertisements in regard with Board Meeting notice published in Jansatta (Regional-Hindi) Newspaper and Financial Expr
07-Jan-2020 17:53:00,Updates,"Newgen Software Technologies Limited has informed the Exchange regarding 'regarding a Confirmation Certificate under Regulation 74(5) of SEBI (Depositories and Participants) Regulations, 2018 for the "
27-Dec-2019 12:57:00,Trading Window,"Newgen Software Technologies Limited has informed the Exchange regarding the Trading Window closure pursuant to SEBI (Prohibition of Insider Trading) Regulations, 2015"
09-Dec-2019 15:53:00,Credit Rating,Newgen Software Technologies Limited has informed the Exchange regarding Credit Rating
09-Dec-2019 15:46:00,Updates,Newgen Software Technologies Limited has informed the Exchange regarding 'Change of name of Registrar and Share Transfer Agent (RTA) from Karvy Fintech Private Limited  to KFIN Technologies Private Li
28-Nov-2019 11:16:00,Press Release,"Newgen Software Technologies Limited has informed the Exchange regarding a press release dated November 28, 2019, titled ""Newgen receives special recognition at Dun & Bradstreet   RBL Bank SME Busines"
08-Nov-2019 11:34:00,Analysts/Institutional Investor Meet/Con. Call Updates,Newgen Software Technologies Limited has informed the Exchange regarding Analysts/Institutional Investor Meet/Con. Call Updates
01-Nov-2019 14:48:00,Press Release,"Newgen Software Technologies Limited has informed the Exchange regarding a press release dated November 01, 2019, titled ""Newgen Positioned as a Challenger in Content Services Platforms by an Independ"
25-Oct-2019 12:53:00,Updates,Newgen Software Technologies Limited has informed the Exchange regarding 'submission of disclosure of Related Party Transactions pursuant to Regulation 23(9) of the SEBI (Listing Obligations and Discl
23-Oct-2019 14:51:00,Updates,"Newgen Software Technologies Limited has informed the Exchange regarding 'copy of advertisements published in Jansatta (Regional-Hindi) and Financial Express (All edition-English) dated 23rd October, "
22-Oct-2019 14:48:00,Statement of deviation(s) or variation(s) under Reg. 32,Newgen Software Technologies Limited has informed the Exchange regarding Statement of deviation(s) or variation(s) under Reg. 32 of SEBI (LODR) Regulations 2015
22-Oct-2019 13:40:00,Investor Presentation,Newgen Software Technologies Limited has informed the Exchange regarding Investor Presentation
22-Oct-2019 13:40:00,Press Release,"Newgen Software Technologies Limited has informed the Exchange regarding a press release dated October 22, 2019, titled ""Press Release on Unaudited Standalone and Consolidated Financial Results of the"
22-Oct-2019 13:34:18,Financial Result Updates,"Newgen Software Technologies Limited has submitted to the Exchange, the financial results for the period ended September 30, 2019."
22-Oct-2019 13:30:00,Outcome of Board Meeting,"Newgen Software Technologies Limited has informed the Exchange regarding Board meeting held on October 22, 2019 has inter-alia Considered and approved the Unaudited Standalone and Consolidated Financi"
21-Oct-2019 18:03:00,Analysts/Institutional Investor Meet/Con. Call Updates,Newgen Software Technologies Limited has informed the Exchange regarding Analysts/Institutional Investor Meet/Con. Call Updates
11-Oct-2019 17:20:00,Updates,Newgen Software Technologies Limited has informed the Exchange regarding 'copy of advertisements published in Jansatta (Regional-Hindi) Newspaper and Financial Express (English) Newspaper dated 11th O
11-Oct-2019 17:16:00,Analysts/Institutional Investor Meet/Con. Call Updates,Newgen Software Technologies Limited has informed the Exchange regarding Analysts/Institutional Investor Meet/Con. Call Updates
26-Sep-2019 13:10:00,Trading Window,"Newgen Software Technologies Limited has informed the Exchange regarding the Trading Window closure pursuant to SEBI (Prohibition of Insider Trading) Regulations, 2015"
08-Aug-2019 17:36:00,Reappointment,Newgen Software Technologies Limited has informed the Exchange regarding Reappointment of Director of the company.
08-Aug-2019 17:06:00,Shareholders meeting,"Newgen Software Technologies Limited has submitted the Exchange a copy Srutinizers report of  Annual General Meeting held on August 07, 2019"
07-Aug-2019 16:02:00,Shareholders meeting,"Newgen Software Technologies Limited has informed the Exchange regarding Proceedings of Annual General Meeting held on August 07, 2019"
31-Jul-2019 17:24:00,Analysts/Institutional Investor Meet/Con. Call Updates,Newgen Software Technologies Limited has informed the Exchange regarding Analysts/Institutional Investor Meet/Con. Call Updates
25-Jul-2019 17:20:00,Updates,"Newgen Software Technologies Limited has informed the Exchange regarding 'the copy of advertisements published in Jansatta (Regional-Hindi) and Financial Express (All edition-English) dated 25th July,"
25-Jul-2019 15:05:00,Press Release,"Newgen Software Technologies Limited has informed the Exchange regarding a press release dated July 25, 2019, titled ""'Newgen Receives Patent from US Patent Office for Intelligent Check Deposit Machin"
25-Jul-2019 12:38:00,Press Release,"Newgen Software Technologies Limited has informed the Exchange regarding a press release dated July 25, 2019, titled ""'Newgen Positioned as a Strong Performer in ECM Content Platforms by an Independen"
24-Jul-2019 17:39:00,Statement of deviation(s) or variation(s) under Reg. 32,Newgen Software Technologies Limited has informed the Exchange regarding Statement of deviation(s) or variation(s) under Reg. 32 of SEBI (LODR) Regulations 2015
24-Jul-2019 16:16:00,Outcome of Board Meeting,"Newgen Software Technologies Limited has informed the Exchange regarding  Board meeting held on July 24, 2019."
24-Jul-2019 14:06:00,Press Release,"Newgen Software Technologies Limited has informed the Exchange regarding a press release dated July 24, 2019, titled ""Press Release on Unaudited Standalone and Consolidated Financial Results of the Co"
24-Jul-2019 14:01:00,Investor Presentation,Newgen Software Technologies Limited has informed the Exchange regarding Investor Presentation on Unaudited Standalone and Consolidated Financial Results of the Company for the 1st Quarter ended 30th 
24-Jul-2019 13:49:00,Financial Result Updates,"Newgen Software Technologies Limited has submitted to the Exchange, the financial results for the period ended June 30, 2019."
17-Jul-2019 17:22:00,Press Release,"Newgen Software Technologies Limited has informed the Exchange regarding a press release dated July 17, 2019, titled "" 'Newgen Secures Patent for Automated Quality and Usability Assessment of Scanned "
17-Jul-2019 16:22:00,Analysts/Institutional Investor Meet/Con. Call Updates,Newgen Software Technologies Limited has informed the Exchange regarding Analysts/Institutional Investor Meet/Con. Call Updates
15-Jul-2019 17:01:00,Updates,Newgen Software Technologies Limited has informed the Exchange regarding 'copy of Public Notice published in Jansatta (Regional-Hindi) Newspaper and Financial Express (English) Newspaper dated 15th Ju
12-Jul-2019 17:45:00,Updates,Newgen Software Technologies Limited has informed the Exchange regarding 'copy of advertisements with regard to notice of Board Meeting published in Jansatta (Regional-Hindi) Newspaper and Financial E
10-Jul-2019 17:52:00,Shareholders meeting,"Newgen Software Technologies Limited has informed the Exchange regarding Notice of Annual General Meeting to be held on August 07, 2019"
03-Jul-2019 18:34:00,Shareholders meeting,"Newgen Software Technologies Limited has submitted the Exchange a copy Srutinizers report of  Postal Ballot. Further, the company has informed the Exchange regarding voting results."
27-Jun-2019 18:44:00,Updates,Newgen Software Technologies Limited has informed the Exchange regarding 'Outcome of Postal Ballot-Voting Results and Scrutinizer Report thereon under Regulation 44(3) of SEBI (Listing Obligations and
27-Jun-2019 18:04:00,Trading Window,"Newgen Software Technologies Limited has informed the Exchange regarding the Trading Window closure pursuant to SEBI (Prohibition of Insider Trading) Regulations, 2015"
19-Jun-2019 19:13:00,Press Release,"Newgen Software Technologies Limited has informed the Exchange regarding a press release dated Jun 19, 2019, titled ""Newgen Makes�� its OmniFlow iBPS Platform More Intelligent with Process Insights'""."
10-Jun-2019 17:48:00,Updates,Newgen Software Technologies Limited has informed the Exchange regarding 'disclosure of Related Party Transactions pursuant to Regulation 23(9) of the SEBI (Listing Obligations and Disclosure Requirem
07-Jun-2019 15:17:00,Analysts/Institutional Investor Meet/Con. Call Updates,Newgen Software Technologies Limited has informed the Exchange regarding Analysts/Institutional Investor Meet/Con. Call Updates
28-May-2019 19:00:00,Updates,"Newgen Software Technologies Limited has informed the Exchange regarding 'the Postal ballot Notice, find enclosed the copy of advertisements confirming the dispatch of notice.'."
24-May-2019 18:14:00,Shareholders meeting,Newgen Software Technologies Limited has informed the Exchange regarding Notice of Postal Ballot
20-May-2019 18:32:00,AGM/Record Date,"Newgen Software Technologies Limited has informed the Exchange that the Company has fixed Record Date as August 2, 2019 for the purpose of Dividend and 27th AGM of the company to be held on 7th August"
16-May-2019 18:18:00,Updates,"Newgen Software Technologies Limited has informed the Exchange regarding 'Copy of advertisements published in Jansatta (Regional-Hindi) and Financial Express (All edition-English) dated 15th May 2019,"
15-May-2019 18:45:00,Updates,"Newgen Software Technologies Limited has informed the Exchange regarding 'This is to inform you that the Board of Directors of the Company at its meeting held on 15th May, 2019 has approved for seekin"
15-May-2019 18:04:00,Statement of deviation(s) or variation(s) under Reg. 32,Newgen Software Technologies Limited has informed the Exchange regarding Statement of deviation(s) or variation(s) under Reg. 32 of SEBI (LODR) Regulations 2015
15-May-2019 18:00:00,Reappointment,Newgen Software Technologies Limited has informed the Exchange regarding Reappointment of Director of the company.1. Recommended the re-appointment of Mr. Kaushik Dutta as Non-Executive Independent Di
15-May-2019 13:53:00,Press Release,"Newgen Software Technologies Limited has informed the Exchange regarding a press release dated May 15, 2019, titled ""Annual Financial Results FY19""."
15-May-2019 13:45:00,Investor Presentation,Newgen Software Technologies Limited has informed the Exchange regarding Investor Presentation
15-May-2019 13:31:00,Dividend,"Newgen Software Technologies Limited has informed the Exchange that Board of Directors at its meeting held on May 15, 2019, recommended Final Dividend of 3 per equity share."
15-May-2019 13:27:25,Financial Result Updates,"Newgen Software Technologies Limited has submitted to the Exchange, the financial results for the period ended March 31, 2019."
09-May-2019 18:39:00,Analysts/Institutional Investor Meet/Con. Call Updates,"Newgen Software Technologies Limited has informed the Exchange regarding Analysts/Institutional Investor Meet/Con. Call Updates. The Company will conduct Earnings Conference Call on Wednesday, May 15,"
03-May-2019 17:48:00,Updates,Newgen Software Technologies Limited has informed the Exchange regarding 'Newspaper advertisements with regard to notice of Board Meeting published in Jansatta (Regional-Hindi) Newspaper and Financial
30-Apr-2019 19:20:00,Updates,Newgen Software Technologies Limited has informed the Exchange regarding 'incorporation of a Wholly-owned subsidiary in the country of Australia under the name ��Newgen Software Technologies Pty Ltd��
09-Apr-2019 10:56:00,Disc. under Reg.30 of SEBI (SAST) Reg.2011,"The Promoter along with PAC has submitted to the Exchange a copy of Annual Disclosure under Regulation 30(1) and 30(2) of SEBI (Substantial Acquisition of Shares and Takeovers), Regulations, 2011 as o"
08-Apr-2019 09:36:00,Disc. under Reg.30 of SEBI (SAST) Reg.2011,"The Promoter along with PAC has submitted to the Exchange a copy of Annual Disclosure under Regulation 30(1) and 30(2) of SEBI (Substantial Acquisition of Shares and Takeovers), Regulations, 2011 as o"
04-Apr-2019 14:58:00,Credit Rating,Newgen Software Technologies Limited has informed the Exchange regarding Credit Rating
28-Mar-2019 13:15:00,Trading Window,"Newgen Software Technologies Limited has informed the Exchange regarding the Trading Window closure pursuant to SEBI (Prohibition of Insider Trading) Regulations, 2015"
27-Mar-2019 17:15:00,Updates,Newgen Software Technologies Limited has informed the Exchange regarding 'Newgen Software Technologies Limited has been awarded as a winner in the Medium Enterprises �� Service Industry category for t
25-Mar-2019 16:34:00,"Code of Conduct under SEBI(PIT) Reg., 2015","Newgen Software Technologies Limited has informed the Exchange regarding the Code of Conduct under SEBI(PIT) Reg., 2015"
25-Mar-2019 16:10:00,Allotment of Securities,"Newgen Software Technologies Limited has informed the Exchange regarding allotment of 350000 securities pursuant to ESOP/ESPS at its meeting held on March 25, 2019 for transfer of shares to employees "
25-Mar-2019 15:50:00,Updates,Newgen Software Technologies Limited has informed the Exchange regarding '1. Re-appointment of Internal Auditor of the Company.2. To incorporate a wholly-owned subsidiary in the country of Australia'.
20-Mar-2019 12:01:00,Press Release,"Newgen Software Technologies Limited has informed the Exchange regarding a press release dated March 20, 2019, titled ""Newgen Positioned as a Strong Performer in Digital Process Automation for Wide De"
19-Mar-2019 19:01:00,Press Release,"Newgen Software Technologies Limited has informed the Exchange regarding a press release dated March 19, 2019, titled ""the Press Release titled ��Newgen secures another Patent for its invention- Integ"
14-Mar-2019 12:08:00,Reply to Clarification Sought,"NEWGEN: The Exchange had sought clarification from Newgen Software Technologies Limited with respect to announcement dated 05-Mar-2019, regarding a press release dated March 05, 2019, titled ""Newgen S"
13-Mar-2019 17:00:00,Clarification,"NEWGEN:The Exchange has sought clarification from Newgen Software Technologies Limited with respect to announcement dated 05-Mar-2019, regarding a press release dated March 05, 2019, titled ""Newgen So"
05-Mar-2019 19:08:00,Press Release,"Newgen Software Technologies Limited has informed the Exchange regarding a press release dated March 05, 2019, titled ""Newgen Software receives Patents from Indian Patent Office for its Inventions""."
07-Feb-2019 11:45:00,Analysts/Institutional Investor Meet/Con. Call Updates,Newgen Software Technologies Limited has informed the Exchange regarding Analysts/Institutional Investor Meet/Con. Call Updates
01-Feb-2019 17:27:00,Updates,Newgen Software Technologies Limited has informed the Exchange regarding 'Newgen Software recognized as a ��Niche Player�� by global research firm Gartner '.
29-Jan-2019 12:54:00,Press Release,"Newgen Software Technologies Limited has informed the Exchange regarding a press release dated January 29, 2019, titled ""Kodak Alaris and Newgen Software Announce Global Strategic Alliance to Enable D"
28-Jan-2019 18:03:00,Updates,"Newgen Software Technologies Limited has informed the Exchange regarding 'Execution of an Agreement on January 28, 2019, to purchase office premises situated at Sector 132, Gautam Buddh Nagar, Noida, "
25-Jan-2019 15:37:00,Updates,"Newgen Software Technologies Limited has informed the Exchange regarding 'appointment of Mr. Kaushik Dutta, Non-executive Independent Director of the Company as Non-Executive Director on the Board of "
25-Jan-2019 15:24:00,Updates,"Newgen Software Technologies Limited has informed the Exchange regarding 'Advertisements published in Newspapers on January 25, 2019, in relation to Unaudited Standalone and Consolidated Financial res"
24-Jan-2019 16:53:00,Statement of deviation(s) or variation(s) under Reg. 32,Newgen Software Technologies Limited has informed the Exchange regarding Statement of deviation(s) or variation(s) under Reg. 32 of SEBI (LODR) Regulations 2015
24-Jan-2019 15:46:00,Press Release,"Newgen Software Technologies Limited has informed the Exchange regarding a press release dated January 24, 2019, titled ""Press release for the financials for the quarter and nine months ended December"
24-Jan-2019 15:40:00,Investor Presentation,"Newgen Software Technologies Limited has informed the Exchange regarding Investor Presentation for the quarter and nine months ending December 31, 2018."
24-Jan-2019 15:30:20,Financial Result Updates,"Newgen Software Technologies Limited has submitted to the Exchange, the financial results for the period ended December 31, 2018."
24-Jan-2019 15:24:00,Outcome of Board Meeting,"Newgen Software Technologies Limited has informed the Exchange regarding  Board meeting held on January 24, 2019."
16-Jan-2019 17:49:00,Analysts/Institutional Investor Meet/Con. Call Updates,Newgen Software Technologies Limited has informed the Exchange regarding Analysts/Institutional Investor Meet/Con. Call Updates
09-Jan-2019 12:31:00,Updates,"Newgen Software Technologies Limited has informed the Exchange regarding 'advertisements published in Jansatta (Regional-Hindi) Newspaper and Financial Express (English) Newspaper dated January 9, 201"
08-Jan-2019 16:40:00,Trading Window,"Newgen Software Technologies Limited has informed the Exchange regarding the Trading Window closure pursuant to SEBI (Prohibition of Insider Trading) Regulations, 2015"
12-Dec-2018 13:06:00,Updates,"Newgen Software Technologies Limited has informed the Exchange regarding 'updates on compliance status of SEBI circular dated April 20, 2018 and Notification dated June 8, 2018'."
03-Dec-2018 18:46:00,Updates,Newgen Software Technologies Limited has informed the Exchange regarding 'Transfer of operations of Share Transfer Agent from Karvy Computershare Private Limited to Karvy Fintech Private Limited '.
30-Nov-2018 15:51:00,Press Release,"Newgen Software Technologies Limited has informed the Exchange regarding a press release dated November 30, 2018, titled ""Newgen Software Wins the Dun & Bradstreet �� RBL Bank SME Business Excellence "
26-Nov-2018 17:50:00,Updates,Newgen Software Technologies Limited has informed the Exchange regarding 'change of name of our Registrar and Share Transfer Agent (RTA) from ��Karvy Computershare Private Limited�� to ��Karvy Fintech
16-Nov-2018 16:01:00,Analysts/Institutional Investor Meet/Con. Call Updates,Newgen Software Technologies Limited has informed the Exchange regarding Analysts/Institutional Investor Meet/Con. Call Updates
15-Nov-2018 10:43:00,Spurt in Volume,"Significant increase in volume has been observed in Newgen Software Technologies Limited. The Exchange, in order to ensure that investors have latest relevant information about the company and to info"
15-Nov-2018 10:43:00,Spurt in Volume,"Significant increase in volume has been observed in Newgen Software Technologies Limited. The Exchange, in order to ensure that investors have latest relevant information about the company and to info"
14-Nov-2018 18:05:00,Spurt in Volume,"Significant increase in volume has been observed in Newgen Software Technologies Limited. The Exchange, in order to ensure that investors have latest relevant information about the company and to info"
13-Nov-2018 13:05:00,Press Release,"Newgen Software Technologies Limited has informed the Exchange regarding a press release dated November 13, 2018, titled ""Build Low-code Enterprise Apps with Newgen Enterprise Mobility Framework 4.0""."
02-Nov-2018 15:54:00,Press Release,"Newgen Software Technologies Limited has informed the Exchange regarding a press release dated November 02, 2018, titled ""Gartner cites Newgen Software as a Challenger in the 2018 Magic Quadrant for C"
01-Nov-2018 17:09:00,"Code of Conduct under SEBI(PIT) Reg., 2015","Newgen Software Technologies Limited has informed the Exchange regarding the Code of Conduct under SEBI(PIT) Reg., 2015"
30-Oct-2018 17:21:00,Statement of deviation(s) or variation(s) under Reg. 32,Newgen Software Technologies Limited has informed the Exchange regarding Statement of deviation(s) or variation(s) under Reg. 32 of SEBI (LODR) Regulations 2015
30-Oct-2018 16:00:00,Updates,"Newgen Software Technologies Limited has informed the Exchange regarding 'advertisements published in Jansatta (Regional-Hindi) and Financial Express (All edition-English) dated October 30, 2018, in r"
29-Oct-2018 15:14:00,Investor Presentation,"Newgen Software Technologies Limited has informed the Exchange regarding Investor Presentation on the Financial Results for the Quarter and Half year ended September 30, 2018."
29-Oct-2018 15:09:00,Press Release,"Newgen Software Technologies Limited has informed the Exchange regarding a press release dated October 29, 2018, titled ""Financial Results of the Company for the Quarter and half year ended September "
29-Oct-2018 14:58:37,Financial Result Updates,"Newgen Software Technologies Limited has submitted to the Exchange, the financial results for the period ended September 30, 2018."
29-Oct-2018 14:53:00,Outcome of Board Meeting,"Newgen Software Technologies Limited has informed the Exchange regarding  Board meeting held on October 29, 2018."
24-Oct-2018 13:01:00,Analysts/Institutional Investor Meet/Con. Call Updates,"Newgen Software Technologies Limited has informed the Exchange regarding Analysts/Institutional Investor Meet/Con. Call Updates - Earnings Conference Call is scheduled to be held on Monday, October 29"
22-Oct-2018 13:19:00,Updates,"Newgen Software Technologies Limited has informed the Exchange regarding 'advertisements published in Jansatta (Regional- Hindi) Newspaper and Financial Express (English) Newspaper dated October 19, 2"
18-Oct-2018 16:07:00,Trading Window,"Newgen Software Technologies Limited has informed the Exchange regarding the Trading Window closure pursuant to SEBI (Prohibition of Insider Trading) Regulations, 2015"
28-Sep-2018 12:17:00,Updates,"Newgen Software Technologies Limited has informed the Exchange regarding 'The specimen letter sent to the shareholders, holding shares in physical form, for the Mandatory furnishing the PAN and Bank d"
19-Sep-2018 14:50:00,Updates,Newgen Software Technologies Limited has informed the Exchange regarding 'We wish to inform you that the Company has executed an agreement with Hewlett Packard Enterprise India Private Limited for sup
07-Sep-2018 14:57:00,Press Release,"Newgen Software Technologies Limited has informed the Exchange regarding a press release dated September 07, 2018, titled ""NIC Bank selects Newgen to Drive Digital Transformation and Enhance Customer "
30-Aug-2018 12:48:00,Analysts/Institutional Investor Meet/Con. Call Updates,Newgen Software Technologies Limited has informed the Exchange regarding Analysts/Institutional Investor Meet/Con. Call Updates
22-Aug-2018 18:32:00,Shareholders meeting,"We refer to our letter dated August 9, 2018, wherein we had filed with your good office, under Regulation 30 of the SEBI (Listing Obligations and Disclosure Requirements) Regulations, 2015, the procee"
10-Aug-2018 17:35:00,Shareholders meeting,"Newgen Software Technologies Limited has submitted the Exchange a copy Srutinizers report of  Annual General Meeting held on August 09, 2018"
10-Aug-2018 16:15:00,Updates,"Newgen Software Technologies Limited has informed the Exchange regarding 'In continuation of our Corporate Announcement dated August 2, 2018 pertaining to re-appointment of M/s Grant Thornton as Inter"
09-Aug-2018 19:28:00,Appointment,"Newgen Software Technologies Limited has informed the Exchange regarding Appointment of Mr Subramaniam Ramnath Iyer as Independent Director of the company w.e.f. August 09, 2018. Mr. Subramaniam Ramna"
09-Aug-2018 19:28:00,Appointment,"Newgen Software Technologies Limited has informed the Exchange regarding Appointment of Mr Saurabh Srivastava as Independent Director of the company w.e.f. August 09, 2018. Mr. Saurabh Srivastava as a"
09-Aug-2018 18:29:00,Shareholders meeting,"Newgen Software Technologies Limited has informed the Exchange regarding Proceedings of Annual General Meeting held on August 09, 2018"
07-Aug-2018 16:42:00,Press Release,"Newgen Software Technologies Limited has informed the Exchange regarding a press release dated August 07, 2018, titled ""1. ��American National Bank of Texas Selects Newgen to Deliver Superior Lending "
03-Aug-2018 18:09:00,Updates,"Newgen Software Technologies Limited has informed the Exchange regarding 'Advertisements published in Economic Times (Regional-Hindi & All edition-English) dated August 3, 2018, in relation to Un-Audi"
03-Aug-2018 16:57:00,Statement of deviation(s) or variation(s) under Reg. 32,Newgen Software Technologies Limited has informed the Exchange regarding Statement of deviation(s) or variation(s) under Reg. 32 of SEBI (LODR) Regulations 2015
02-Aug-2018 18:16:00,Updates,"Newgen Software Technologies Limited has informed the Exchange regarding 'that the Board of Directors of the Company at its meeting held today i.e. Thursday, August 02, 2018 has re-appointed M/s Grant"
02-Aug-2018 13:34:00,Investor Presentation,"Newgen Software Technologies Limited has informed the Exchange regarding Investor Presentation in respect of Financial Results of the Company for the 1st Quarter ended June 30, 2018."
02-Aug-2018 13:30:00,Press Release,"Newgen Software Technologies Limited has informed the Exchange regarding a press release dated August 02, 2018, titled ""Press Release and Investor Presentation in respect of Financial Results of the C"
02-Aug-2018 13:02:32,Financial Result Updates,"Newgen Software Technologies Limited has submitted to the Exchange, the financial results for the period ended June 30, 2018."
02-Aug-2018 12:59:00,Outcome of Board Meeting,"Newgen Software Technologies Limited has informed the Exchange regarding  Board meeting held on August 02, 2018. which commenced at 10.30 A.M. and concluded at 12:45 P.M., has, inter-alia, considered "
31-Jul-2018 14:56:00,Press Release,"Newgen Software Technologies Limited has informed the Exchange regarding a press release dated July 31, 2018, titled ""��Drive Enterprise-Wide Digitization with Newgen OmniScan Web 3.0��.""."
30-Jul-2018 15:38:00,Analysts/Institutional Investor Meet/Con. Call Updates,Newgen Software Technologies Limited has informed the Exchange regarding Analysts/Institutional Investor Meet/Con. Call Updates that the Company will be conducting Earnings Conference Call on Thursday
24-Jul-2018 16:47:00,Updates,Newgen Software Technologies Limited has informed the Exchange regarding 'Newspaper Advertisement in respect of notice of Board Meeting published in Economic Times (Regional-Hindi & All edition-Englis
18-Jul-2018 15:54:00,Trading Window,"Newgen Software Technologies Limited has informed the Exchange regarding the Trading Window closure pursuant to SEBI (Prohibition of Insider Trading) Regulations, 2015"
16-Jul-2018 15:21:00,Updates,"Newgen Software Technologies Limited has informed the Exchange regarding 'Newspaper advertisement in respect of 26th Annual General Meeting, Remote E-Voting Information and Book Closure.'."
13-Jul-2018 17:47:00,Shareholders meeting,"Newgen Software Technologies Limited has informed the Exchange regarding Notice of Annual General Meeting to be held on August 09, 2018"
12-Jul-2018 12:04:00,Press Release,"Newgen Software Technologies Limited has informed the Exchange regarding a press release dated July 12, 2018, titled ""��Manage dynamic processes and exceptions on-the-go with Newgen OmniFlow iBPS 4.0�"
28-Jun-2018 17:03:00,Updates,Newgen Software Technologies Limited has informed the Exchange regarding 'We are glad to inform you that we have received a work order for Document Management System (DMS) and digitization project of 
04-Jun-2018 14:35:00,Updates,"Newgen Software Technologies Limited has informed the Exchange regarding 'Board of Directors of the Company at its meeting held on 4th June 2018 (Today) has authorised Mr. Diwakar Nigam, Chairman & Ma"
29-May-2018 19:01:00,Analysts/Institutional Investor Meet/Con. Call Updates,Newgen Software Technologies Limited has informed the Exchange regarding Analysts/Institutional Investor Meet/Con. Call Updates
28-May-2018 15:17:00,Option to submit Standalone/Consolidated Financial Results,"Newgen Software Technologies Limited has informed the Exchange that pursuant to Regulation 33(3)(b)(i) of Securities and Exchange Board of India (Listing Obligations and Disclosures Requirements), Reg"
25-May-2018 12:19:00,Reply to Clarification- Financial results,The Exchange had sought clarification from Newgen Software Technologies Limited with respect to Non-compliance as per Regulation 33 of the SEBI (Listing Obligations and Disclosure Requirements) Regula
21-May-2018 19:11:00,Clarification - Financial Results,The Exchange has sought clarification from Newgen Software Technologies Limited with respect to Non-compliance as per Regulation 33 of the SEBI (Listing Obligations and Disclosure Requirements) Regula
21-May-2018 15:01:00,Press Release,"Newgen Software Technologies Limited has informed the Exchange regarding a press release dated May 21, 2018, titled ""Press Release titled ��Scan, Digitize and Deliver Business Information with Newgen "
18-May-2018 18:43:00,Updates,Newgen Software Technologies Limited has informed the Exchange regarding 'We are hereby submitting the copy of advertisements published in Regional (Hindi) Newspaper and English Newspaper dated May 18
18-May-2018 18:03:00,Statement of deviation(s) or variation(s) under Reg. 32,Newgen Software Technologies Limited has informed the Exchange regarding Statement of deviation(s) or variation(s) under Reg. 32 of SEBI (LODR) Regulations 2015
18-May-2018 16:52:00,Analysts/Institutional Investor Meet/Con. Call Updates,Newgen Software Technologies Limited has informed the Exchange regarding Analysts/Institutional Investor Meet/Con. Call Updates
18-May-2018 15:53:00,Book Closure,"Newgen Software Technologies Limited has informed the Exchange that the Register of Members & Share Transfer Books of the Company will remain closed from August 3, 2018 to August 9, 2018 for the purpo"
18-May-2018 13:24:00,Financial Results Updates,"Newgen Software Technologies Limited has informed the Exchange that This is in reference to the outcome of the Board Meeting held on May 17, 2018 in respect of Financial Results of the Company for the"
17-May-2018 15:26:00,Investor Presentation,"Newgen Software Technologies Limited has informed the Exchange regarding Investor Presentation in respect of financial results for the quarter and the Financial Year ended on 31st March, 2018."
17-May-2018 15:21:00,Press Release,"Newgen Software Technologies Limited has informed the Exchange regarding a press release dated May 17, 2018, titled ""Press Release and Investor Presentation in respect of�� Financial  Results of the C"
17-May-2018 14:49:00,Outcome of Board Meeting,"Newgen Software Technologies Limited has informed the Exchange regarding Outcome of Board Meeting held on May 17, 2018."
17-May-2018 13:53:00,Dividend,"Newgen Software Technologies Limited has informed the Exchange that Board of Directors at its meeting held on May 17, 2018, recommended Final Dividend of Rs. 2 per equity share."
17-May-2018 13:49:21,Financial Result Updates,"Newgen Software Technologies Limited has submitted to the Exchange, the financial results for the period ended March 31, 2018."
14-May-2018 19:57:00,Analysts/Institutional Investor Meet/Con. Call Updates,Newgen Software Technologies Limited has informed the Exchange regarding Analysts/Institutional Investor Meet/Con. Call Updates
14-May-2018 15:29:00,Updates,"Newgen Software Technologies Limited has informed the Exchange regarding 'Appointment of National Stock Exchange of India Limited (""NSDL"") as a Designated Depository for the purpose of monitoring the "
10-May-2018 16:03:00,Press Release,"Newgen Software Technologies Limited has informed the Exchange regarding a press release dated May 10, 2018, titled ""Press release titled ""Build a Digital Workplace with Newgen OmniDocs 10.0"".""."
08-May-2018 21:45:00,Updates,"Newgen Software Technologies Limited has informed the Exchange regarding 'In continuation to our letter dated May 7, 2018 with regard to notice of Board Meeting, please find enclosed the copies of adv"
02-May-2018 12:42:00,Updates,Newgen Software Technologies Limited has informed the Exchange regarding 'Intimation of change in Corporate Identification Number (CIN) of the Company.'.
26-Apr-2018 17:35:00,Updates,"Newgen Software Technologies Limited has informed the Exchange regarding 'Bank Muscat�� Newgen Software together have won the award for-��Best Retail Paymentjlnitiativc, Application or Programme for M"
26-Apr-2018 15:23:00,Trading Window,"Newgen Software Technologies Limited has informed the Exchange regarding the Trading Window closure pursuant to SEBI (Prohibition of Insider Trading) Regulations, 2015"
23-Apr-2018 16:16:00,Updates,"Newgen Software Technologies Limited has informed the Exchange regarding 'Intimation under Regulation 30 of SEBI ( Listing Obligations and Disclosures Requirements) Regulations, 2015.'."
13-Apr-2018 12:00:00,Press Release,"Newgen Software Technologies Limited has informed the Exchange regarding a press release dated April 13, 2018, titled ""PR Savings Bank Implements Newgen Solutions to Transform its Retail Loan Originat"
12-Apr-2018 13:07:00,Press Release,"Newgen Software Technologies Limited has informed the Exchange regarding a press release dated April 12, 2018, titled ""Press release titled ""Bank Audi Selects Newgen to Drive Efficiencyand Enhance Cus"
11-Apr-2018 12:52:00,Press Release,"Newgen Software Technologies Limited has informed the Exchange regarding a press release dated April 11, 2018, titled ""Ensure Seamless Customer Communication with Newgen OmniOMS 8.3""."
03-Apr-2018 15:23:00,Credit Rating,Newgen Software Technologies Limited has informed the Exchange regarding Credit Rating
03-Apr-2018 13:22:00,Disc. under Reg.30 of SEBI (SAST) Reg.2011,"T S Varadarajan has submitted to the Exchange a copy of disclosure under Regulation 30(1) and 30(2) of SEBI (Substantial Acquisition of Shares & Takeovers) Regulations, 2011."
03-Apr-2018 12:24:00,Disc. under Reg.30 of SEBI (SAST) Reg.2011,"Diwakar Nigam along with Promoter Group has submitted to the Exchange a copy of disclosure under Regulation 30(1) and 30(2) of SEBI (Substantial Acquisition of Shares & Takeovers) Regulations, 2011."
28-Mar-2018 15:13:00,Updates,Newgen Software Technologies Limited has informed the Exchange regarding 'Revised Code-Prevention of Insider Trading.'.
28-Mar-2018 14:26:00,Updates,"Newgen Software Technologies Limited has informed the Exchange regarding 'To change in address for keeping the Books of Accounts and other relevant books and papers and financial statements, as per Co"
20-Mar-2018 17:30:00,Press Release,"Newgen Software Technologies Limited has informed the Exchange regarding a press release dated March 20, 2018, titled ""Transform Mobile Medicare Enrolment with Newgen. ""."
19-Mar-2018 16:19:00,Press Release,"Newgen Software Technologies Limited has informed the Exchange regarding a press release dated March 19, 2018, titled ""Newgen Positioned as a ��Leader�� in Dynamic Case Management, Digital Process Aut"
12-Mar-2018 14:40:00,Reply to Clarification Sought,"NEWGEN: The Exchange has sought clarification from Newgen Software Technologies Limited with respect to announcement dated 07-Mar-2018, regarding "" Newgen Software Technologies Limited has informed th"
08-Mar-2018 18:46:00,Clarification,"NEWGEN:The Exchange has sought clarification from Newgen Software Technologies Limited with respect to announcement dated 07-Mar-2018, regarding "" Newgen Software Technologies Limited has informed the"
07-Mar-2018 12:21:00,Updates,Newgen Software Technologies Limited has informed the Exchange regarding 'Disclosure of material event / information pursuant to regulation 30 of SEBI (Listing Obligations and Disclosures Requirement)
14-Feb-2018 20:24:00,Updates,"Newgen Software Technologies Limited has informed the Exchange regarding 'Disclosure under Regulation 30(5) of SEBI ( Listing Obligation & Disclosure Requirements) Regulations, 2015.'."
01-Feb-2018 17:52:00,"Code of Conduct under SEBI(PIT) Reg., 2015","Newgen Software Technologies Limited has informed the Exchange regarding the Code of Conduct under SEBI(PIT) Reg., 2015"
