date,desc,text
06-Jul-2026 16:43:10,"Certificate under SEBI (Depositories and Participants) Regulations, 2018","Patanjali Foods Limited has informed the Exchange about Certificate under SEBI (Depositories and Participants) Regulations, 2018"
01-Jul-2026 10:52:49,Credit Rating- Revision,Patanjali Foods Limited has informed the Exchange about Credit Rating- Revision
24-Jun-2026 11:37:20,Trading Window,"Patanjali Foods Limited has informed the Exchange regarding the Trading Window closure pursuant to SEBI (Prohibition of Insider Trading) Regulations, 2015"
21-Jun-2026 15:02:11,General Updates,Patanjali Foods Limited has informed the Exchange about General Updates
19-Jun-2026 12:09:43,General Updates,"Patanjali Foods Limited has informed the Exchange about Investment through Rights Issue in Contemporary Agro Private Limited, Wholly Owned Subsidiary of the Company."
15-Jun-2026 15:09:27,Disclosure under SEBI Takeover Regulations,Patanjali Ayurved Limited has Submitted to the Exchange a copy of Disclosure under Regulation 31(4) of the Securities and Exchange Board of India (Substantial Acquisition of Shares and Takeovers) Regu
13-Jun-2026 18:40:54,Pendency of Litigation(s)/dispute(s) or the outcome impacting the Company,Patanjali Foods Limited has informed the Exchange about Pendency of Litigation(s)/dispute(s) or the outcome impacting the Company
09-Jun-2026 15:53:16,General Updates,Patanjali Foods Limited has informed the Exchange about General Updates
05-Jun-2026 18:42:04,Analysts/Institutional Investor Meet/Con. Call Updates,Patanjali Foods Limited has informed the Exchange about Transcript
02-Jun-2026 18:12:52,Copy of Newspaper Publication,"Patanjali Foods Limited has informed the Exchange about Copy of Newspaper Publication of Audited financial results for quarter and year ended  on March 31, 2026."
02-Jun-2026 16:34:25,Updates,"Patanjali Foods Limited has informed the Exchange regarding 'Disclosure under Regulation 30 of Securities and Exchange Board of India (Listing Obligations and Disclosure Requirements) Regulations, 201"
30-May-2026 22:52:51,Analysts/Institutional Investor Meet/Con. Call Updates,"Patanjali Foods Limited has informed the Exchange about Audio recording of the Earning Conference Call held with investors on May 30, 2026"
30-May-2026 18:32:54,Outcome of Board Meeting,"Patanjali Foods Limited has submitted to the Exchange, the Audited Financial Results for the quarter and year ended March 31, 2026."
28-May-2026 17:59:31,Updates,Patanjali Foods Limited has informed the Exchange regarding Clarification on disclosure under Regulation 30 of Securities and Exchange Board of India (Listing Obligations and Disclosure Requirements) 
27-May-2026 17:43:44,General Updates,"Patanjali Foods Limited has informed the Exchange about show cause notice by the Office of the Assistant Commissioner (ST), Royapuram (C) Assessment Circle, North Division, Chennai, GST."
26-May-2026 20:19:24,Analysts/Institutional Investor Meet/Con. Call Updates,Patanjali Foods Limited has informed the Exchange about Earnings Call with Analysts/Investors to discuss the financial and operational performance of the Company for the quarter and year ended March 3
12-May-2026 16:58:43,General Updates,"Patanjali Foods Limited has informed the Exchange about Intimation of allotment of 4,400 equity shares of face value of Rs. 2/- each pursuant to exercise of options under PFL Employee Stock Option Pla"
06-May-2026 14:36:56,Copy of Newspaper Publication,Patanjali Foods Limited has informed the Exchange about Copy of Newspaper Publication for open of special window
21-Apr-2026 14:44:53,General Updates,Patanjali Foods Limited has informed the Exchange about Communication to Shareholders   Intimation of tax deduction at source (TDS)
21-Apr-2026 12:23:19,Record Date,Patanjali Foods Limited has informed the Exchange that Record date for the purpose of Dividend  is 25-Apr-2026.
21-Apr-2026 12:18:08,Dividend,"Patanjali Foods Limited has informed the Exchange that Board of Directors at its meeting held on April 21, 2026, declared Second Interim Dividend."
08-Apr-2026 17:00:06,"Certificate under SEBI (Depositories and Participants) Regulations, 2018","Patanjali Foods Limited has informed the Exchange about Certificate under Regulation 74(5) of SEBI (Depositories and Participants) Regulations, 2018"
24-Mar-2026 11:28:07,Trading Window,"Patanjali Foods Limited has informed the Exchange regarding the Trading Window closure pursuant to SEBI (Prohibition of Insider Trading) Regulations, 2015"
17-Mar-2026 16:50:19,General Updates,Patanjali Foods Limited has informed the Exchange about General Updates
14-Mar-2026 22:18:29,Agreements,"Patanjali Foods Limited has informed the Exchange that the Company has entered into separate agreement(s) with M/s. Patanjali Ayurved Limited ( PAL ), a Promoter Group Company."
13-Mar-2026 14:57:41,General Updates,"Patanjali Foods Limited has informed the Exchange about Intimation of allotment of 1,86,082 equity shares of face value of Rs. 2/- each pursuant to exercise of options under PFL Employee Stock Option "
09-Mar-2026 17:15:55,Analysts/Institutional Investor Meet/Con. Call Updates,Patanjali Foods Limited has informed the Exchange about Schedule of meet
09-Mar-2026 16:38:13,General Updates,Patanjali Foods Limited has informed the Exchange about General Updates
05-Mar-2026 16:43:37,General Updates,Patanjali Foods Limited has informed the Exchange about General Updates
03-Mar-2026 17:38:22,General Updates,Patanjali Foods Limited has informed the Exchange about General Updates
20-Feb-2026 17:51:12,General Updates,Patanjali Foods Limited has informed the Exchange about Disclosure Of ESG Rating By NSE Sustainability Ratings & Analytics Limited.
18-Feb-2026 18:22:26,Analysts/Institutional Investor Meet/Con. Call Updates,"Patanjali Foods Limited has informed the Exchange about Transcript of the earnings conference call Q3 FY26 held on February 12, 2026."
18-Feb-2026 18:15:16,Copy of Newspaper Publication,Patanjali Foods Limited has informed the Exchange about Copy of Newspaper Publication
13-Feb-2026 16:02:24,Copy of Newspaper Publication,Patanjali Foods Limited has informed the Exchange about Copy of Newspaper Publication of extract of the unaudited Standalone and Consolidatedfinancial results for the quarter and nine months ended Dec
12-Feb-2026 18:46:32,Analysts/Institutional Investor Meet/Con. Call Updates,Patanjali Foods Limited has informed the Exchange about Link of Recording
11-Feb-2026 19:21:41,Outcome of Board Meeting,"Patanjali Foods Limited has submitted to the Exchange, the unaudited standalone and consolidated financial results for the quarter and nine months ended on December 31, 2025."
11-Feb-2026 19:14:19,Outcome of Board Meeting,"Patanjali Foods Limited has informed the Exchange regarding  Board meeting held on February 11, 2026."
11-Feb-2026 19:09:16,General Updates,Patanjali Foods Limited has informed the Exchange about Intimation of  ESOP Grant IV  under PFL Employee Stock Option Plan 2023 ( ESOP 2023 )
07-Feb-2026 10:18:42,Analysts/Institutional Investor Meet/Con. Call Updates,Patanjali Foods Limited has informed the Exchange about Schedule of meet
28-Jan-2026 14:33:29,General Updates,"Patanjali Foods Limited has informed the Exchange about allotment of 89,868 equity shares of face value of Rs. 2/- each pursuant to exercise of options under PFL Employee Stock Option Plan 2023 ( ESOP"
07-Jan-2026 17:23:53,Analysts/Institutional Investor Meet/Con. Call Updates,Patanjali Foods Limited has informed the Exchange about Schedule of meet
05-Jan-2026 17:29:53,"Certificate under SEBI (Depositories and Participants) Regulations, 2018","Patanjali Foods Limited has informed the Exchange about Certificate under SEBI (Depositories and Participants) Regulations, 2018"
05-Jan-2026 17:15:22,General Updates,"Patanjali Foods Limited has informed the Exchange about General Updates under Regulation 30 of LODR, 2015."
24-Dec-2025 11:08:39,Trading Window,"Patanjali Foods Limited has informed the Exchange regarding the Trading Window closure pursuant to SEBI (Prohibition of Insider Trading) Regulations, 2015"
09-Dec-2025 18:07:28,Action(s) taken or orders passed,Patanjali Foods Limited has informed the Exchange about Action(s) taken or orders passed
08-Nov-2025 11:23:24,Record Date,Patanjali Foods Limited has informed the Exchange that Record date for the purpose of Dividend  is 13-Nov-2025.
08-Nov-2025 11:19:49,Dividend,"Patanjali Foods Limited has informed the Exchange that Board of Directors at its meeting held on November 08, 2025, declared Interim Dividend of 1.75 per equity share."
07-Nov-2025 17:31:29,Analysts/Institutional Investor Meet/Con. Call Updates,Patanjali Foods Limited has informed the Exchange about Transcript
04-Nov-2025 16:39:29,Trading Window,"Patanjali Foods Limited has informed the Exchange regarding the Trading Window closure pursuant to SEBI (Prohibition of Insider Trading) Regulations, 2015"
04-Nov-2025 13:12:40,Resignation of Statutory Auditor,PATANJALI FOODS LIMITED has informed the Exchange about Resignation of Statutory Auditor
03-Nov-2025 18:27:04,Resignation,"Patanjali Foods Limited has informed the Exchange regarding Resignation of  Chaturvedi & Shah LLP  as Statutory Auditor of the company w.e.f. November 03, 2025."
03-Nov-2025 18:08:43,Copy of Newspaper Publication,Patanjali Foods Limited has informed the Exchange about Copy of Newspaper Publication
01-Nov-2025 14:46:07,Investor Presentation,Patanjali Foods Limited has informed the Exchange about Investor Presentation
01-Nov-2025 11:37:43,Analysts/Institutional Investor Meet/Con. Call Updates,Patanjali Foods Limited has informed the Exchange about Link of Recording
31-Oct-2025 17:23:51,Integrated Filing- Financial,"Patanjali Foods Limited has submitted to the Exchange, the Unaudited Standalone and Consolidated financial results for the quarter and half year ended September 30, 2025."
31-Oct-2025 17:19:52,Outcome of Board Meeting,"Patanjali Foods Limited has submitted to the Exchange, the Unaudited financial results for the quarter and half year ended September 30, 2025."
31-Oct-2025 17:01:15,Outcome of Board Meeting,"Patanjali Foods Limited has informed the Exchange regarding outcome of Board meeting held on October 31, 2025."
28-Oct-2025 11:31:44,Analysts/Institutional Investor Meet/Con. Call Updates,Patanjali Foods Limited has informed the Exchange about Schedule of earning call for second quarter.
10-Oct-2025 16:25:56,"Certificate under SEBI (Depositories and Participants) Regulations, 2018","Patanjali Foods Limited has informed the Exchange about Certificate under SEBI (Depositories and Participants) Regulations, 2018"
09-Oct-2025 12:26:54,General Updates,Patanjali Foods Limited has informed the Exchange about General Updates
03-Oct-2025 11:43:18,General Updates,"Memorandum of Understanding (MOU) with the Ministry of Food Processing Industries (MoFPI), Government of India"
29-Sep-2025 18:25:34,Shareholders meeting,"Patanjali Foods Limited has submitted the Exchange a copy Scrutinizers report and Voting Result of  39th Annual General Meeting held on September 27, 2025."
27-Sep-2025 17:40:33,Shareholders meeting,"Patanjali Foods Limited has informed the Exchange regarding Proceedings of Annual General Meeting held on September 27, 2025"
25-Sep-2025 14:40:54,Trading Window,"Patanjali Foods Limited has informed the Exchange regarding the Trading Window closure pursuant to SEBI (Prohibition of Insider Trading) Regulations, 2015"
16-Sep-2025 14:48:12,General Updates,Patanjali Foods Limited has informed the Exchange about Allotment of Bonus Equity Shares.
15-Sep-2025 11:48:17,Spurt in Volume,"Significant increase in volume has been observed in Patanjali Foods Limited. The Exchange, in order to ensure that investors have latest relevant information about the company and to inform the market"
11-Sep-2025 18:56:10,Spurt in Volume,"Significant increase in volume has been observed in Patanjali Foods Limited. The Exchange, in order to ensure that investors have latest relevant information about the company and to inform the market"
10-Sep-2025 17:12:37,Analysts/Institutional Investor Meet/Con. Call Updates,Patanjali Foods Limited has informed the Exchange about Schedule of Investor meet
06-Sep-2025 15:04:49,Copy of Newspaper Publication,Patanjali Foods Limited has informed the Exchange about Copy of Newspaper Publication.
06-Sep-2025 12:22:42,General Updates,"Pursuant to Regulation 36(1)(b) of SEBI LODR Regulations, 2015, the Company has sent letter providing web link of Integrated Annual Report 2024-25."
04-Sep-2025 15:04:08,Shareholders meeting,"Patanjali Foods Limited has informed the Exchange regarding Notice of Annual General Meeting to be held on September 27, 2025"
02-Sep-2025 15:07:07,Copy of Newspaper Publication,Patanjali Foods Limited has informed the Exchange about Copy of Newspaper Publication regarding 39th Annual General Meeting of the Company.
22-Aug-2025 17:15:56,Record Date,Patanjali Foods Limited has informed the Exchange that Record date for the purpose of Bonus  is 11-Sep-2025.
22-Aug-2025 16:48:19,Shareholders meeting,Patanjali Foods Limited has informed the Exchange about Outcome of Postal Ballot through remote e-voting and Disclosure of Voting Results along with Scrutinizer s Report.
22-Aug-2025 16:01:41,Analysts/Institutional Investor Meet/Con. Call Updates,Patanjali Foods Limited has informed the Exchange about Transcript
18-Aug-2025 17:49:33,Copy of Newspaper Publication,"Patanjali Foods Limited has informed the Exchange about Copy of Newspaper Publication of extract of the Unaudited Standalone and Consolidated financial results for the quarter ended June 30, 2025."
18-Aug-2025 13:03:44,General Updates,Patanjali Foods Limited inform you that Company has been granted Authorised Economic Operator Certificate ( AEO   T2 ).
15-Aug-2025 13:33:51,Analysts/Institutional Investor Meet/Con. Call Updates,Patanjali Foods Limited has informed the Exchange about Link of Recording
14-Aug-2025 18:17:17,Record Date,Patanjali Foods Limited has informed the Exchange that Record date for the purpose of Dividend  is 03-Sep-2025.
14-Aug-2025 18:15:14,General Updates,"Patanjali Foods Limited has informed the Exchange regarding allotment of 1,03,101 equity shares of face value of Rs. 2/- each pursuant to exercise of options under PFL Employee Stock Option Plan 2023 "
14-Aug-2025 18:09:06,Appointment,"Patanjali Foods Limited has informed the Exchange regarding Appointment of  M/s. P. Diwan & Associates, Practicing Company Secretaries, as Secretarial Auditor of the Company."
14-Aug-2025 17:58:24,Appointment,"Patanjali Foods Limited has informed the Exchange regarding re-appointment of Shri Swami Ramdev as Non-Executive Non-Independent Director, liable to retire by rotation."
14-Aug-2025 17:53:40,Appointment,"Patanjali Foods Limited has informed the Exchange regarding Appointment of  Shri Baghrai Majhi  as a additional Non-Executive Non-Independent, Nominee Director of the Company w.e.f. August 14, 2025."
14-Aug-2025 17:42:41,Appointment,"Patanjali Foods Limited has informed the Exchange regarding Appointment of  Shri Durga Shanker Mishra  as Non- Executive Independent Director of the company w.e.f. August 14, 2025."
14-Aug-2025 17:36:46,Investor Presentation,Patanjali Foods Limited has informed the Exchange about Investor Presentation
14-Aug-2025 17:31:23,Integrated Filing- Financial,"Patanjali Foods Limited has submitted to the Exchange, the Standalone and Consolidated unaudited financial results for the quarter ended Jun 30, 2025."
14-Aug-2025 17:29:02,Outcome of Board Meeting,"Patanjali Foods Limited has informed the Exchange regarding Outcome of Board Meeting held on August 14, 2025 has inter alia, considered and approved the following:1. Re-appointment of Shri Swami Ramde"
14-Aug-2025 17:22:53,Outcome of Board Meeting,"Patanjali Foods Limited has submitted to the Exchange, the financial results for the period ended Jun 30, 2025."
11-Aug-2025 11:55:16,Updates,Patanjali Foods Limited has informed the Exchange regarding 'Communication to Shareholders   Issue of Bonus Shares by Patanjali Foods Limited  Appeal to Physical Shareholders'.
07-Aug-2025 10:01:45,Analysts/Institutional Investor Meet/Con. Call Updates,Patanjali Foods Limited has informed the Exchange about Schedule of meet
06-Aug-2025 18:18:48,Pendency of Litigation(s)/dispute(s) or the outcome impacting the Company,Patanjali Foods Limited has informed the Exchange about Pendency of Litigation(s)/dispute(s) or the outcome impacting the Company
04-Aug-2025 14:53:52,Updates,Patanjali Foods Limited has informed the Exchange regarding 'Communication to Shareholders   Intimation of tax deduction at source (TDS) on final dividend'.
28-Jul-2025 13:18:10,Appointment,Patanjali Foods Limited has informed the Exchange regarding Appointment of  M/s. Walker Chandiok & Co. LLP as Joint Statutory Auditor of the company.
25-Jul-2025 17:25:57,Copy of Newspaper Publication,Patanjali Foods Limited has informed the Exchange about Copy of Newspaper Publication regarding Special Window for Re-lodgement of Transfer Requests of Physical Shares
23-Jul-2025 17:42:59,Copy of Newspaper Publication,Patanjali Foods Limited has informed the Exchange about Copy of Newspaper Publication confirming dispatch of notice of Postal Ballot
21-Jul-2025 19:21:23,Shareholders meeting,Patanjali Foods Limited has informed the Exchange about Shareholders meeting
17-Jul-2025 18:47:31,Updates,"Patanjali Foods Limited has informed the Exchange regarding 'Revised version of theCode of Conduct to Regulate, Monitor and Report Trading by Designated Persons and TheirImmediate Relatives (Code of C"
17-Jul-2025 13:18:06,Updates,"Patanjali Foods Limited has informed the Exchange regarding amendment in Company's Code of Conduct to regulate, monitor and report trading by designated persons and their immediate relatives (Code of "
17-Jul-2025 12:17:25,Bonus,"Patanjali Foods Limited has informed the Exchange that the Board of Directors at its meeting held on July 17, 2025, have considered and approved bonus issue."
17-Jul-2025 12:07:09,Bonus,"Patanjali Foods Limited has informed the Exchange that the Board of Directors at its meeting held on July 17, 2025, have considered and approved bonus issue."
10-Jul-2025 11:15:33,General Updates,Patanjali Foods Limited has informed the Exchange about General Updates
04-Jul-2025 11:12:15,"Certificate under SEBI (Depositories and Participants) Regulations, 2018","Patanjali Foods Limited has informed the Exchange about Certificate under SEBI (Depositories and Participants) Regulations, 2018"
02-Jul-2025 18:24:33,General Updates,Patanjali Foods Limited has informed the Exchange about General Updates
25-Jun-2025 14:27:15,Trading Window,"Patanjali Foods Limited has informed the Exchange regarding the Trading Window closure pursuant to SEBI (Prohibition of Insider Trading) Regulations, 2015"
21-Jun-2025 17:25:17,General Updates,"Patanjali Foods Limited has informed the Exchange about disclosure Under Regulation 30 Of Securities And Exchange Board Of India (Listing Obligations And Disclosure Requirements) Regulations, 2015."
18-Jun-2025 19:06:53,Disclosure under SEBI Takeover Regulations,Patanjali Ayurved Ltd has Submitted to the Exchange a copy of Disclosure under Regulation 31(4) of the Securities and Exchange Board of India (Substantial Acquisition of Shares and Takeovers) Regulati
16-Jun-2025 17:55:42,Amendment to AOA/MOA,Patanjali Foods Limited has informed the Exchange regarding the Amendment to AOA/MOA of the company.
01-Jun-2025 15:20:53,General Updates,Disclosure Under Regulation 30 of LODR
26-May-2025 18:27:22,Credit Rating,Patanjali Foods Limited has informed the Exchange about Credit Rating
23-May-2025 17:22:15,Analysts/Institutional Investor Meet/Con. Call Updates,Patanjali Foods Limited has informed the Exchange about Transcript
17-May-2025 16:11:14,Copy of Newspaper Publication,Patanjali Foods Limited has informed the Exchange about Copy of Newspaper Publication of extract of the Audited Standalone & Consolidated Financial Results of the Company for the quarter and year ende
16-May-2025 14:56:05,Analysts/Institutional Investor Meet/Con. Call Updates,Patanjali Foods Limited has informed the Exchange about Link of Recording
15-May-2025 23:05:59,Investor Presentation,Patanjali Foods Limited has informed the Exchange about Investor Presentation
15-May-2025 20:23:18,Outcome of Board Meeting,"Patanjali Foods Limited has informed the Exchange regarding Outcome of Board Meeting held on May 15, 2025 to consider and approve the audited standalone and consolidated financial results for the quar"
15-May-2025 20:16:41,Integrated Filing- Financial,"To consider and approve the audited standalone and consolidated financial results for the quarter and year ended on March 31, 2025."
15-May-2025 20:13:24,Outcome of Board Meeting,"Patanjali Foods Limited has informed the Exchange regarding  Board meeting held on May 15, 2025 to consider and approve the audited standalone and consolidated financial results for the quarter and ye"
15-May-2025 20:08:12,Dividend,"Patanjali Foods Limited has informed the Exchange that Board of Directors at its meeting held on May 15, 2025, recommended Final Dividend of 2 per equity share."
14-May-2025 11:44:58,General Updates,Patanjali Foods Limited has informed the Exchange about Allotment of Shares under ESOP
12-May-2025 13:13:36,Analysts/Institutional Investor Meet/Con. Call Updates,Patanjali Foods Limited has informed the Exchange about Schedule of meet
08-Apr-2025 17:25:01,General Updates,"Patanjali Foods Limited has informed the Exchange about disclosure under Regulation 74(5) of SEBI (Depositories and Participants) Regulations,2018 for quarter ended on 31st March, 2025."
02-Apr-2025 18:30:04,General Updates,Patanjali Foods Limited has informed the Exchange about General Updates
25-Mar-2025 18:22:55,Trading Window,"Patanjali Foods Limited has informed the Exchange regarding the Trading Window closure pursuant to SEBI (Prohibition of Insider Trading) Regulations, 2015"
13-Mar-2025 18:31:34,General Updates,Patanjali Foods Limited has informed the Exchange about Intimation of  ESOP Grant III  under PFL Employee Stock Option Plan 2023 ( ESOP 2023).
13-Mar-2025 18:26:39,General Updates,Patanjali Foods Limited has informed the Exchange regarding disclosure under Regulation 30 of LODR.
13-Mar-2025 15:12:04,General Updates,Patanjali Foods Limited has informed the Exchange about Allotment of Shares under ESOP
04-Mar-2025 14:26:09,Updates,"'Patanjali Foods Limited has informed the Exchange regarding update pursuant to E- mail dated March 04, 2025.'."
27-Feb-2025 18:32:56,General Updates,Patanjali Foods Limited has informed the Exchange about General Updates
19-Feb-2025 20:02:36,General Updates,Patanjali Foods Limited has informed the Exchange about General Updates
18-Feb-2025 17:15:51,General Updates,Patanjali Foods Limited has informed the Exchange about General Updates
14-Feb-2025 18:21:46,Analysts/Institutional Investor Meet/Con. Call Updates,Patanjali Foods Limited has informed the Exchange about Transcript
12-Feb-2025 16:04:23,Copy of Newspaper Publication,"Patanjali Foods Limited has informed the Exchange about Newspaper Publication of Unaudited Financial Result for quarter and nine months ended December 31, 2024."
11-Feb-2025 12:29:24,Analysts/Institutional Investor Meet/Con. Call Updates,Patanjali Foods Limited has informed the Exchange about Link of Recording
10-Feb-2025 21:48:11,Investor Presentation,Patanjali Foods Limited has informed the Exchange about Investor Presentation
10-Feb-2025 20:20:35,General Updates,Patanjali Foods Limited has informed the Exchange about ESOP Grant II  under PFL Employee Stock Option Plan 2023 ( ESOP2023)
10-Feb-2025 19:58:36,Integrated Filing- Financial,"Integrated Filing of  unaudited financial results for quarter and nine months ended on 31st December, 2024."
10-Feb-2025 19:48:32,Financial Result Updates," Patanjali Foods Limited has submitted to the Exchange, the financial results for the period ended December 31, 2024."
10-Feb-2025 19:45:35,Outcome of Board Meeting,"Patanjali Foods Limited has informed the Exchange regarding  outcome of Board meeting held on February 10, 2025."
05-Feb-2025 14:54:44,Press Release,"Patanjali Foods Limited has informed the Exchange regarding a press release dated February 05, 2025, titled ""Partners with IBSFINtech, a globally renowned player in Treasury Management Solutions ""."
04-Feb-2025 18:46:25,Analysts/Institutional Investor Meet/Con. Call Updates,Patanjali Foods Limited has informed the Exchange about Schedule of Earnings Call to discuss operational and financial performance of Q3& 9 M FY25
01-Feb-2025 18:18:38,General Updates,Patanjali Foods Limited has informed the Exchange about General Updates
31-Jan-2025 12:37:40,General Updates,"Disclosure under Regulation 30 of the SEBI (Listing Obligations and DisclosureRequirements) Regulations, 2015 - Great Place To Work?"
23-Jan-2025 18:17:35,Updates,"Patanjali Foods Limited has informed the Exchange regarding 'Disclosure under Regulation 30 of the SEBI (Listing Obligations and DisclosureRequirements) Regulations, 2015.'."
17-Jan-2025 11:13:28,General Updates,"Patanjali Foods Limited has informed the Exchange about General Updates under Regulation 30 of SEBI (Listing Obligations and Disclosure Requirements) Regulations,2015."
11-Jan-2025 22:17:18,General Updates,"Patanjali Foods Limited has informed the Exchange disclosure under Regulation 30 of SEBI(LODR) Regulation,  2015"
09-Jan-2025 18:48:34,General Updates,"Patanjali Foods Limited has informed the Exchange about disclosure under Regulation 30 of SEBI (Listing Obligations and Disclosure Requirements) Regulation, 2015"
07-Jan-2025 11:35:43,General Updates,"Patanjali Foods Limited has submitted disclosure under regulation 74(5) of of SEBI (Depositories and Participants) Regulations,2018"
03-Jan-2025 15:50:11,General Updates,"Patanjali Foods Limited has informed the Exchange about demat detail for the Month December, 2024."
24-Dec-2024 12:59:02,Trading Window,"Patanjali Foods Limited has informed the Exchange regarding the Trading Window closure pursuant to SEBI (Prohibition of Insider Trading) Regulations, 2015"
16-Dec-2024 16:56:07,Commencement of commercial production/operations,Patanjali Foods Limited has informed the Exchange about Commencement of commercial production/operations
09-Dec-2024 14:46:30,General Updates,Patanjali Foods Limited has informed the Exchange about General Updates
02-Dec-2024 18:13:13,Loss of Share Certificates,Patanjali Foods Limited has informed the Exchange about issuance of letter of confirmation.
02-Dec-2024 18:07:20,General Updates,Patanjali Foods Limited has informed the Exchange about General Updates
28-Nov-2024 11:03:22,Analysts/Institutional Investor Meet/Con. Call Updates,Patanjali Foods Limited has informed the Exchange about Schedule of meet
15-Nov-2024 15:35:36,Loss of Share Certificates,Patanjali Foods Limited has informed the Exchange about Loss of Share Certificates
12-Nov-2024 18:02:45,General Updates,Patanjali Foods Limited has informed the Exchange about letter to SE under Regulation 30 of LODR
07-Nov-2024 15:10:13,Loss of Share Certificates,Patanjali Foods Limited has informed the Exchange about issue of entitlement letter in place of duplicate share certificate.
05-Nov-2024 17:05:54,General Updates,Patanjali Foods Limited has informed the Exchange about General Updates
04-Nov-2024 17:17:04,Analysts/Institutional Investor Meet/Con. Call Updates,Patanjali Foods Limited has informed the Exchange about Transcript
29-Oct-2024 15:33:50,General Updates,Patanjali Foods Limited has informed the Exchange about  letter to SE for GST penalty
26-Oct-2024 20:32:53,Copy of Newspaper Publication,"Patanjali Foods Limited has informed the Exchange about Copy of Newspaper Publication of Unaudited financial result for quarter and half year ended on 30th September, 2024."
25-Oct-2024 15:38:25,Analysts/Institutional Investor Meet/Con. Call Updates,Patanjali Foods Limited has informed the Exchange about Link of Recording
25-Oct-2024 14:21:37,General Updates,Patanjali Foods Limited has informed the Exchange about letter to shareholders for TDS on interim dividend.
24-Oct-2024 23:41:18,Investor Presentation,Patanjali Foods Limited has informed the Exchange about Investor Presentation
24-Oct-2024 19:32:16,Dividend,"Patanjali Foods Limited has informed the Exchange that Board of Directors at its meeting held on October 24, 2024, declared Interim Dividend of Rs. 8 per equity share."
24-Oct-2024 19:23:45,Dividend,"Patanjali Foods Limited has informed the Exchange that Board of Directors at its meeting held on October 24, 2024, declared Interim Dividend of 8 per equity share."
24-Oct-2024 19:20:46,Financial Result Updates," Patanjali Foods Limited has submitted to the Exchange, the financial results for the period ended September 30, 2024."
24-Oct-2024 19:18:30,Outcome of Board Meeting,"Patanjali Foods Limited has informed the Exchange regarding  outcome of Board meeting held on October 24, 2024."
23-Oct-2024 18:15:34,Loss of Share Certificates,Patanjali Foods Limited has informed the Exchange about Loss of Share Certificates
22-Oct-2024 17:05:05,Updates,Patanjali Foods Limited has informed the Exchange regarding 'Letter to Stock Exchange regarding disclosure under Regulation 30 of LODR.'.
22-Oct-2024 16:42:28,Analysts/Institutional Investor Meet/Con. Call Updates,Patanjali Foods Limited has informed the Exchange about Schedule of investors meet
21-Oct-2024 23:17:53,Record Date,Patanjali Foods Limited has informed the Exchange that Record date for the purpose of declaration of Interim Dividend  is 04-Nov-2024.
21-Oct-2024 23:12:05,Updates,Patanjali Foods Limited has informed the Exchange regarding 'Interim dividend'.
16-Oct-2024 12:21:07,Loss of Share Certificates,Patanjali Foods Limited has informed the Exchange about issue of letter of confirmation in place of duplicate Share Certificates.
09-Oct-2024 17:38:49,General Updates,Patanjali Foods Limited has informed the Exchange about disclosure under Regulation 30  of LODR
09-Oct-2024 15:32:15,General Updates,Patanjali Foods Limited has informed the Exchange about  approval granted by Competition Commission of India.
04-Oct-2024 17:11:50,General Updates,"Patanjali Foods Limited has informed the Exchange about Disclosure under Regulation 74(5) of SEBI(Depositories and participants) Regulations, 2018"
01-Oct-2024 17:52:27,General Updates,"Patanjali Foods Limited has informed the Exchange regarding demat detail for the Month September, 2024."
30-Sep-2024 16:03:34,Loss of Share Certificates,Patanjali Foods Limited has informed the Exchange about intimation of Loss of Share Certificates
27-Sep-2024 17:53:00,Shareholders meeting,Patanjali Foods Limited has informed the Exchange about Shareholders meeting
26-Sep-2024 18:19:25,Shareholders meeting,"Patanjali Foods Limited has informed the Exchange the proceeding of Annual General  Meeting held on 26th September, 2024."
24-Sep-2024 16:45:28,Trading Window,"Patanjali Foods Limited has informed the Exchange regarding the Trading Window closure pursuant to SEBI (Prohibition of Insider Trading) Regulations, 2015"
23-Sep-2024 18:03:35,General Updates,Patanjali Foods Limited has informed the Exchange about  disclosure under Regulation 30 of LODR
23-Sep-2024 17:58:10,General Updates,Patanjali Foods Limited has informed the Exchange about disclosure under Regulation 30 of LODR
12-Sep-2024 11:28:06,Updates,Patanjali Foods Limited has informed the Exchange regarding 'Letter to Stock exchanges under Regulation 30 of LODR'.
10-Sep-2024 15:53:03,Updates,Patanjali Foods Limited has informed the Exchange regarding 'Letter to Stock Exchanges under Regulation 30 of LODR'.
05-Sep-2024 15:35:32,Copy of Newspaper Publication,Patanjali Foods Limited has informed the Exchange about Copy of Newspaper Publication of post dispatch of AGM Notice.
04-Sep-2024 18:15:13,Updates,Patanjali Foods Limited has informed the Exchange regarding 'Disclosure under Regulation 30 of SEBI (LODR)'.
03-Sep-2024 17:32:00,Updates,Patanjali Foods Limited has informed the Exchange regarding 'Disclosure under R Regulation 30 of LODR'.
03-Sep-2024 10:57:44,Shareholders meeting,"Patanjali Foods Limited has informed the Exchange regarding Notice of Annual General Meeting to be held on September 26, 2024"
02-Sep-2024 18:33:17,Updates,Patanjali Foods Limited has informed the Exchange regarding 'Disclosure to Stock Exchanges'.
02-Sep-2024 17:09:13,Updates,"Patanjali Foods Limited has informed the Exchange regarding 'disclosure to tock exchanges under Regulation 30 of SEBI (Listing Obligations and disclosure Requirements Regulations, 2015.'."
02-Sep-2024 17:05:47,Copy of Newspaper Publication,Patanjali Foods Limited has informed the Exchange about Copy of Newspaper Publication
17-Aug-2024 16:19:26,Updates,"Patanjali Foods Limited has informed the Exchange regarding 'Disclosure under Regulation 30 of SEBI (Listing Obligations and Disclosure Requirements)Regulations, 2015'."
14-Aug-2024 11:50:07,Updates,Patanjali Foods Limited has informed the Exchange regarding 'letter to Stock exchange under regulation 30 of LODR'.
10-Aug-2024 23:04:56,Trading Window,"Patanjali Foods Limited has informed the Exchange regarding the Trading Window closure pursuant to SEBI (Prohibition of Insider Trading) Regulations, 2015"
10-Aug-2024 22:54:55,Board meeting Cancelled,"letter to Stock Exchanges regarding cancellation of Board Meeting dated 14th August, 2024."
10-Aug-2024 22:15:34,Trading Window,"Patanjali Foods Limited has informed the Exchange regarding the Trading Window closure pursuant to SEBI (Prohibition of Insider Trading) Regulations, 2015"
06-Aug-2024 17:33:47,Updates,Patanjali Foods Limited has informed the Exchange regarding 'Disclosure under Regulation 30 of SEBI (LODR)'.
05-Aug-2024 17:23:08,Shareholders meeting,Patanjali Foods Limited has informed the Exchange about Shareholders meeting
01-Aug-2024 15:40:13,Updates,"Patanjali Foods Limited has informed the Exchange regarding 'Detail of Dematerialisation for the Month July, 2024'."
31-Jul-2024 20:58:24,Updates,Patanjali Foods Limited has informed the Exchange regarding 'News Clarification on recent news item about GQG Portfolio'.
29-Jul-2024 15:43:00,Analysts/Institutional Investor Meet/Con. Call Updates,Patanjali Foods Limited has informed the Exchange about Transcript
22-Jul-2024 13:09:42,Analysts/Institutional Investor Meet/Con. Call Updates,Patanjali Foods Limited has informed the Exchange about Link of Recording
20-Jul-2024 16:28:53,Copy of Newspaper Publication,"Patanjali Foods Limited has informed the Exchange about Newspaper Publication of Unaudited Financial Result for quarter ended on 30th June, 2024."
20-Jul-2024 16:24:48,Investor Presentation,Patanjali Foods Limited has informed the Exchange about Investor Presentation
20-Jul-2024 16:22:17,Updates,Patanjali Foods Limited has informed the Exchange regarding 'Letter to Stock Exchange under Regulation 30 of LODR'.
19-Jul-2024 18:40:06,Outcome of Board Meeting,"Patanjali Foods Limited has informed the Exchange regarding  outcome of Board meeting held on July 19, 2024."
19-Jul-2024 18:37:51,Financial Result Updates,"Patanjali Foods Limited has submitted to the Exchange, the financial results for the period ended June 30, 2024."
16-Jul-2024 10:24:12,Analysts/Institutional Investor Meet/Con. Call Updates,Patanjali Foods Limited has informed the Exchange about Schedule of meet
09-Jul-2024 17:46:39,Analysts/Institutional Investor Meet/Con. Call Updates,Patanjali Foods Limited has informed the Exchange about Transcript
09-Jul-2024 15:24:49,Loss of Share Certificates,Patanjali Foods Limited has informed the Exchange about issue of letter of confirmation
06-Jul-2024 17:08:25,Updates,"Patanjali Foods Limited has informed the Exchange regarding 'Disclosure under Regulation 30 of Securities and Exchange Board of India (Listing Obligations and Disclosure Requirements) Regulations, 201"
06-Jul-2024 16:59:06,Copy of Newspaper Publication,Patanjali Foods Limited has informed the Exchange about Copy of Newspaper Publication - Notice of Postal Ballot
05-Jul-2024 17:38:41,"Certificate under SEBI (Depositories and Participants) Regulations, 2018","Patanjali Foods Limited has informed the Exchange about Certificate under SEBI (Depositories and Participants) Regulations, 2018"
04-Jul-2024 11:13:32,Shareholders meeting,Patanjali Foods Limited has informed the Exchange regarding Notice of Postal Ballot
03-Jul-2024 16:17:19,Updates,"Patanjali Foods Limited has informed the Exchange regarding 'Detail of demat for the month June, 2024'."
02-Jul-2024 21:14:19,Analysts/Institutional Investor Meet/Con. Call Updates,Patanjali Foods Limited has informed the Exchange about Link of Recording
01-Jul-2024 22:29:21,Investor Presentation,Patanjali Foods Limited has informed the Exchange about Investor Presentation
01-Jul-2024 17:27:29,Outcome of Board Meeting,"Patanjali Foods Limited has informed the Exchange regarding  Board meeting held on July 01, 2024"
01-Jul-2024 17:17:48,Outcome of Board Meeting,"Patanjali Foods Limited has informed the Exchange regarding outcome of  Board meeting held on July 01, 2024."
29-Jun-2024 22:38:45,Analysts/Institutional Investor Meet/Con. Call Updates,Patanjali Foods Limited has informed the Exchange about Schedule of meet
27-Jun-2024 17:51:13,Updates,Patanjali Foods Limited has informed the Exchange regarding 'letter to Stock Exchanges under Regulation 30 of SEBI LODR regarding notice received from Karnataka State Pollution Control Board.'.
27-Jun-2024 17:47:03,Updates,Patanjali Foods Limited has informed the Exchange regarding 'letter to Stock exchange under Regulation 30 of LODR regarding GST demand'.
26-Jun-2024 18:02:10,Updates,Patanjali Foods Limited has informed the Exchange regarding 'Disclosure under Regulation 30 of LODR regarding notice.'.
26-Jun-2024 17:03:07,Updates,"Patanjali Foods Limited has informed the Exchange regarding 'Disclosure under Regulation 30 of Securities and Exchange Board of India (Listing Obligations and Disclosure Requirements) Regulations, 201"
26-Jun-2024 12:20:29,Trading Window,"Patanjali Foods Limited has informed the Exchange regarding the Trading Window closure pursuant to SEBI (Prohibition of Insider Trading) Regulations, 2015"
24-Jun-2024 15:47:24,Loss of Share Certificates,Patanjali Foods Limited has informed the Exchange about Loss of Share Certificates
14-Jun-2024 17:06:30,Updates,Patanjali Foods Limited has informed the Exchange regarding 'Disclosure to stock exchange dated 14.06.2024'.
13-Jun-2024 21:40:51,Updates,Patanjali Foods Limited has informed the Exchange regarding 'Disclosure to Stock Exchange'.
11-Jun-2024 18:08:18,Updates,Patanjali Foods Limited has informed the Exchange regarding 'Disclosure on news clarification dated 11.06.2024.'.
04-Jun-2024 15:22:59,Updates,"Patanjali Foods Limited has informed the Exchange regarding 'Detail of dematerialization for the month May, 2024.'."
23-May-2024 17:14:51,Updates,"Patanjali Foods Limited has informed the Exchange regarding 'Disclosure under Regulation 30 of Securities and Exchange Board of India (Listing Obligations and Disclosure Requirements) Regulations, 201"
22-May-2024 18:40:39,Updates,Patanjali Foods Limited has informed the Exchange regarding 'News Clarification '.
21-May-2024 17:42:19,Analysts/Institutional Investor Meet/Con. Call Updates,Patanjali Foods Limited has informed the Exchange about Transcript
19-May-2024 17:27:06,Updates,"Patanjali Foods Limited has informed the Exchange regarding 'Clarification on recent news in media on ""Unsafe Patanjali Soan Papdi""'."
16-May-2024 17:51:09,Updates,Patanjali Foods Limited has informed the Exchange regarding 'Disclosure  Under Regulation 30 of LODR regarding Re-structuring of WOS.'.
16-May-2024 16:32:02,Copy of Newspaper Publication,Patanjali Foods Limited has informed the Exchange about Newspaper Publication of Audited Financial Results.
15-May-2024 13:13:06,Analysts/Institutional Investor Meet/Con. Call Updates,"Patanjali Foods Limited has informed the Exchange about Audio recording of the Earning Conference Call held with investors on May 15, 2024."
14-May-2024 19:32:41,Investor Presentation,Patanjali Foods Limited has informed the Exchange about Investor Presentation
14-May-2024 18:52:47,Outcome of Board Meeting,"Patanjali Foods Limited has informed the Exchange regarding Outcome of Board Meeting held on May 14, 2024."
14-May-2024 18:49:23,Financial Result Updates,"Patanjali Foods Limited has submitted to the Exchange, the financial results for the period ended March 31, 2024."
14-May-2024 18:46:19,Outcome of Board Meeting,"Patanjali Foods Limited has informed the Exchange regarding  outcome of Board meeting held on May 14, 2024."
08-May-2024 11:20:25,Analysts/Institutional Investor Meet/Con. Call Updates,Intimation of Earnings Call Invite to discuss operational and financial performance of Q4 & FY24
04-May-2024 16:21:23,Updates,"Patanjali Foods Limited has informed the Exchange regarding 'disclosure of dematerialisation for the month April, 2024'."
02-May-2024 11:14:58,News Verification,"The Exchange has sought clarification from Patanjali Foods Limited with respect to recent news item captioned Licenses Of 14 Patanjali Products Suspended, Criminal Case Filed Against Baba Ramdev.  The"
30-Apr-2024 17:56:19,Updates,"Patanjali Foods Limited has informed the Exchange regarding 'Clarification pursuant to Regulation 30 SEBI (Listing Obligations and Disclosure Requirements) Regulations, 2015'."
26-Apr-2024 18:55:47,Updates,Patanjali Foods Limited has informed the Exchange regarding 'letter to SE  dated 26.04.2024 regarding Show cause notice.'.
26-Apr-2024 18:36:03,Outcome of Board Meeting,"Patanjali Foods Limited has informed the Exchange regarding  outcome of  Board meeting  dated April 26, 2024."
22-Apr-2024 18:02:50,Acquisition,Patanjali Foods Limited has informed the Exchange about  Incorporation of Two WOS
18-Apr-2024 15:25:43,Updates,Patanjali Foods Limited has informed the Exchange regarding 'clarification letter to stock exchange. '.
18-Apr-2024 15:00:28,Loss of Share Certificates,Patanjali Foods Limited has informed the Exchange about issue of letter of confirmation in lieu of duplicate share certificate.
12-Apr-2024 17:02:44,Updates,Patanjali Foods Limited has informed the Exchange regarding 'quarterly update for Quarter 4 of 2023-24'.
08-Apr-2024 12:58:45,Disclosure under SEBI Takeover Regulations,��Patanjali Ayurved Limited��has Submitted to the Exchange a copy of Disclosure under Regulation 31(4) of the Securities and Exchange Board of India��(Substantial Acquisition of Shares and Takeovers) 
05-Apr-2024 18:05:30,Loss of Share Certificates,"Patanjali Foods Limited has informed the Exchange about issue of ""letter of confirmation"" in lieu of duplicate Share Certificates."
05-Apr-2024 12:45:50,Analysts/Institutional Investor Meet/Con. Call Updates,Patanjali Foods Limited has informed the Exchange about Schedule of Investors meet
05-Apr-2024 11:55:40,"Certificate under SEBI (Depositories and Participants) Regulations, 2018","Patanjali Foods Limited has informed the Exchange about Certificate under Regulation 74(5) of SEBI (Depositories and Participants) Regulations, 2018"
04-Apr-2024 10:20:56,Updates,"Patanjali Foods Limited has informed the Exchange regarding 'Detail of dematerialisation for the month March, 2024.'."
26-Mar-2024 15:55:56,Loss of Share Certificates,Patanjali Foods Limited has informed the Exchange about Loss of Share Certificates
21-Mar-2024 11:37:52,Trading Window,"Patanjali Foods Limited has informed the Exchange regarding the Trading Window closure pursuant to SEBI (Prohibition of Insider Trading) Regulations, 2015"
20-Mar-2024 10:53:10,News Verification,"The Exchange has sought clarification from Patanjali Foods Limited with respect to recent news item captioned Patanjali advertising case: SC asks Ramdev to appear in person, stock down 3.5%.  The resp"
19-Mar-2024 15:06:32,News Verification,"The Exchange has sought clarification from Patanjali Foods Limited with respect to recent news item captioned Patanjali advertising case: SC asks Ramdev to appear in person, stock down 3.5%.  The resp"
18-Mar-2024 12:12:20,Loss of Share Certificates,Patanjali Foods Limited has informed the Exchange about Loss of Share Certificates
14-Mar-2024 13:59:26,Updates,Patanjali Foods Limited has informed the Exchange regarding 'dispatch of TDS  letter to shareholders'.
13-Mar-2024 18:21:43,Redemption,Patanjali Foods Limited has informed the Exchange about Redemption of preference shares
13-Mar-2024 18:18:11,Dividend Updates,Patanjali Foods Limited has informed the Exchange about Dividend Updates
13-Mar-2024 18:11:06,Dividend,"Patanjali Foods Limited has informed the Exchange that Board of Directors at its meeting held on March 13, 2024, declared Interim Dividend of Rs. 6 per equity share."
13-Mar-2024 18:07:49,Dividend,"Patanjali Foods Limited has informed the Exchange that Board of Directors at its meeting held on March 13, 2024, declared Interim Dividend of Rs. 6 per equity share."
02-Mar-2024 17:27:04,Updates,"Patanjali Foods Limited has informed the Exchange regarding 'Detail of dematerialization for  the month February, 2024.'."
02-Mar-2024 17:07:47,Record Date,Patanjali Foods Limited has informed the Exchange that Record date for the purpose of Dividend  is 21-Mar-2024.
29-Feb-2024 19:20:08,Trading Window,"Patanjali Foods Limited has informed the Exchange regarding the Trading Window closure pursuant to SEBI (Prohibition of Insider Trading) Regulations, 2015"
29-Feb-2024 19:13:10,Dividend Updates,Patanjali Foods Limited has informed the Exchange about consider declaration of Interim Dividend to the shareholders of the Company for the Financial Year 2023-24
29-Feb-2024 19:10:06,Disclosure of record date for purpose of distribution,Patanjali Foods Limited has informed regarding Record date for purpose of consider declaration of Interim Dividend to the shareholders of the Company for the Financial Year 2023-24
29-Feb-2024 15:32:05,ESOP/ESOS/ESPS,Patanjali Foods Limited has informed the Exchange regarding Grant of 3753039  Options.
29-Feb-2024 15:26:47,Updates,Patanjali Foods Limited has informed the Exchange regarding 'Outcome of NRC meeting dated 29.02.2024'.
29-Feb-2024 15:22:36,Outcome of Board Meeting,"Patanjali Foods Limited has informed the Exchange regarding  meeting of Nomination and Remuneration committee held on February 29, 2024."
27-Feb-2024 18:27:16,Updates,"Patanjali Foods Limited has informed the Exchange regarding disclosure under 'Regulation 30  SEBI (Listing Obligations and Disclosure Requirements) Regulations, 2015'."
14-Feb-2024 17:19:29,Analysts/Institutional Investor Meet/Con. Call Updates,Patanjali Foods Limited has informed the Exchange about Transcript of Earnings Conference Call  for Q3 & 9M of FY 23-24.
09-Feb-2024 18:17:28,Copy of Newspaper Publication,"Patanjali Foods Limited has informed the Exchange about Copy of Newspaper Publication of Unaudited financial Result of the Company for quarter and nine months ended December 31, 2023."
09-Feb-2024 14:58:01,Analysts/Institutional Investor Meet/Con. Call Updates,Patanjali Foods Limited has informed the Exchange about Link of audio Recording
08-Feb-2024 22:28:10,Investor Presentation,Patanjali Foods Limited has informed the Exchange about Investor Presentation
08-Feb-2024 22:21:27,Analysts/Institutional Investor Meet/Con. Call Updates,Patanjali Foods Limited has informed the Exchange about Schedule of meet
08-Feb-2024 16:10:44,Statement of deviation(s) or variation(s) under Reg. 32,Patanjali Foods Limited has informed the Exchange about statement of deviation(s) or variation(s) under Reg. 32
08-Feb-2024 16:03:32,Monitoring Agency Report,"Monitoring agency report for quarter ended on 31st December, 2023."
08-Feb-2024 15:59:32,Outcome of Board Meeting,"Patanjali Foods Limited has informed the Exchange regarding  Board meeting held on February 08, 2024 to approve  Unaudited standalone financial results for the quarter and nine months ended December 3"
08-Feb-2024 15:56:44,Financial Result Updates,"Patanjali Foods Limited has submitted to the Exchange, the financial results for the period ended December 31, 2023."
05-Feb-2024 12:08:01,Analysts/Institutional Investor Meet/Con. Call Updates,Patanjali Foods Limited has informed the Exchange about Schedule of meet for Earnings Conference Call with Investors to discuss the financial and operational performance of the Company for the quarter
02-Feb-2024 11:33:54,Updates,"Patanjali Foods Limited has informed the Exchange regarding 'detail of demat remat for the month January, 2024.'."
15-Jan-2024 18:31:02,Updates,Patanjali Foods Limited has informed the Exchange regarding 'Quarterly Updates- Q3 FY 2023-24'.
05-Jan-2024 15:33:57,Copy of Newspaper Publication,Patanjali Foods Limited has informed the Exchange about Copy of Newspaper Publication of email of postal ballot notice of  the Company.
03-Jan-2024 12:23:15,Shareholders meeting,Patanjali Foods Limited has informed the Exchange regarding Notice of Postal Ballot
02-Jan-2024 15:01:35,Updates,"Patanjali Foods Limited has informed the Exchange regarding 'Disclosure Under 74(5) of SEBI (Depositories and Participants) Regulations, 2018'."
01-Jan-2024 16:48:34,Updates,"Patanjali Foods Limited has informed the Exchange regarding 'Intimation of demat for the month December, 2023.'."
26-Dec-2023 13:06:37,Trading Window,"Patanjali Foods Limited has informed the Exchange regarding the Trading Window closure pursuant to SEBI (Prohibition of Insider Trading) Regulations, 2015"
12-Dec-2023 18:46:09,Analysts/Institutional Investor Meet/Con. Call Updates,Patanjali Foods Limited has informed the Exchange about Transcript
05-Dec-2023 22:33:19,Analysts/Institutional Investor Meet/Con. Call Updates,Patanjali Foods Limited has informed the Exchange about Link of Recording
05-Dec-2023 15:59:41,Analysts/Institutional Investor Meet/Con. Call Updates,Patanjali Foods Limited has informed the Exchange about Presentation
02-Dec-2023 14:52:43,Updates,"Patanjali Foods Limited has informed the Exchange regarding 'Detail of demat for  the month November, 2023.'."
30-Nov-2023 12:26:22,Analysts/Institutional Investor Meet/Con. Call Updates,Patanjali Foods Limited has informed the Exchange about Schedule of meet
29-Nov-2023 16:25:31,Analysts/Institutional Investor Meet/Con. Call Updates,"Patanjali Foods Limited has informed the Exchange about This is further to our letter dated 29th November, 2023 regarding Investors and Analysts Meet on 5th December, 2023 at Mumbai.  In this regard, "
29-Nov-2023 11:04:28,Analysts/Institutional Investor Meet/Con. Call Updates,"Intimation of Schedule of Investor and Analyst Meet under Regulation 30 of SEBI (Listing Obligations and Disclosure Requirements) Regulations, 2015"
18-Nov-2023 09:48:06,Analysts/Institutional Investor Meet/Con. Call Updates,"Patanjali Foods Limited has informed the Exchange about Transcript of investors call dated 9th November, 2023."
16-Nov-2023 12:46:54,Copy of Newspaper Publication,Patanjali Foods Limited has informed the Exchange about Copy of Newspaper Publication of Unaudited financial Results.
09-Nov-2023 14:20:48,Loss of Share Certificates,Patanjali Foods Limited has informed the Exchange about Loss of Share Certificates
09-Nov-2023 12:54:31,Analysts/Institutional Investor Meet/Con. Call Updates,Patanjali Foods Limited has informed the Exchange about Link of Recording
08-Nov-2023 21:09:21,Investor Presentation,Patanjali Foods Limited has informed the Exchange about Investor Presentation
08-Nov-2023 20:25:22,"Code of Conduct under SEBI(PIT) Reg., 2015","Patanjali Foods Limited has informed the Exchange about Code of Conduct under SEBI(PIT) Reg., 2015"
08-Nov-2023 20:12:38,Statement of deviation(s) or variation(s) under Reg. 32,Patanjali Foods Limited has informed the Exchange about statement of deviation(s) or variation(s) under Reg. 32
08-Nov-2023 19:58:55,Updates,Patanjali Foods Limited has informed the Exchange regarding 'Disclosure  on Approval of Employee Stock Option Plan ( ESOP )'.
08-Nov-2023 19:51:08,Monitoring Agency Report,"Monitoring Agency Report for the quarter ended on 30th September, 2023."
08-Nov-2023 19:41:45,Financial Result Updates,"Patanjali Foods Limited has submitted to the Exchange, the financial results for the period ended September 30, 2023."
08-Nov-2023 19:40:09,Outcome of Board Meeting,"Patanjali Foods Limited has informed the Exchange regarding  Board meeting held on November 08, 2023."
06-Nov-2023 18:30:51,Loss of Share Certificates,Patanjali Foods Limited has informed the Exchange about  Issuance of duplicate shares Certificate.
03-Nov-2023 14:40:21,Analysts/Institutional Investor Meet/Con. Call Updates,Patanjali Foods Limited has informed the Exchange about Schedule of investors meet
01-Nov-2023 15:47:35,Updates,"Patanjali Foods Limited has informed the Exchange regarding 'Detail of demat/remat for the month October, 2023.'."
25-Oct-2023 16:01:42,Loss of Share Certificates,Patanjali Foods Limited has informed the Exchange about Loss of Share Certificates
20-Oct-2023 16:41:05,Loss of Share Certificates,Patanjali Foods Limited has informed the Exchange about Loss of Share Certificates
11-Oct-2023 22:23:58,Updates,Patanjali Foods Limited has informed the Exchange regarding 'quarterly update for Quarter 2 of 2023-24 revised'.
11-Oct-2023 17:58:57,Updates,Patanjali Foods Limited has informed the Exchange regarding 'quarterly update for  second quarter of 2023-24.'.
09-Oct-2023 14:17:06,Updates,"Patanjali Foods Limited has informed the Exchange regarding 'Certificate under Regulation 74(5) of SEBI (Depositories and Participants) Regulations, 2018 for the quarter ended 30th September, 2023'."
09-Oct-2023 12:50:01,Updates,"Patanjali Foods Limited has informed the Exchange regarding 'letter to Stock exchange- disclosure of dematerialization for the month September, 2023.'."
03-Oct-2023 11:01:59,Shareholders meeting,"Patanjali Foods Limited has submitted the Exchange a copy Srutinizers report of  Annual General Meeting held on September 29, 2023. Further, the company has informed the Exchange regarding voting resu"
29-Sep-2023 18:00:44,Shareholders meeting,Patanjali Foods Limited has informed the Exchange about Shareholders meeting
22-Sep-2023 14:48:07,Trading Window,"Patanjali Foods Limited has informed the Exchange regarding the Trading Window closure pursuant to SEBI (Prohibition of Insider Trading) Regulations, 2015"
14-Sep-2023 21:30:41,Analysts/Institutional Investor Meet/Con. Call Updates,Patanjali Foods Limited has informed the Exchange about Schedule of Investors meet.
11-Sep-2023 11:59:39,Analysts/Institutional Investor Meet/Con. Call Updates,Patanjali Foods Limited has informed the Exchange about Schedule of Investors meet
11-Sep-2023 10:50:12,Copy of Newspaper Publication,Patanjali Foods Limited has informed the Exchange about Copy of Newspaper Publication
06-Sep-2023 21:33:58,Shareholders meeting,"Patanjali Foods Limited has informed the Exchange regarding Notice of Annual General Meeting to be held on September 29, 2023"
04-Sep-2023 13:07:47,Copy of Newspaper Publication,Patanjali Foods Limited has informed the Exchange about Copy of Newspaper Publication
04-Sep-2023 11:20:23,Book Closure,Patanjali Foods Limited has informed the Exchange that Register of Members & Share Transfer Books of the Company will remain closed from 22-Sep-2023 to 29-Sep-2023 for the purpose of Dividend.
02-Sep-2023 18:05:22,Loss of Share Certificates,Patanjali Foods Limited has informed the Exchange about issue of duplicate  Share Certificates
01-Sep-2023 15:07:57,Updates,"Patanjali Foods Limited has informed the Exchange regarding 'detail  of demat for the  Month August, 2023.'."
27-Aug-2023 13:35:21,Updates,"Patanjali Foods Limited has informed the Exchange regarding 'Disclosure under Regulation 30 of the SEBI (Listing Obligations and Disclosure Requirements) Regulations, 2015'."
25-Aug-2023 17:02:09,Loss of Share Certificates,Patanjali Foods Limited has informed the Exchange about issuance of duplicate Share Certificates.
22-Aug-2023 18:16:03,Analysts/Institutional Investor Meet/Con. Call Updates,Patanjali Foods Limited has informed the Exchange about Transcript of Earnings Call of Q1 FY 2023-24.
18-Aug-2023 15:06:01,Loss of Share Certificates,Patanjali Foods Limited has informed the Exchange about Loss of Share Certificates
16-Aug-2023 15:38:52,Analysts/Institutional Investor Meet/Con. Call Updates,Patanjali Foods Limited has informed the Exchange about Link of Recording
14-Aug-2023 10:42:08,Copy of Newspaper Publication,Patanjali Foods Limited has informed the Exchange about Copy of Newspaper Publication of Unaudited financial results for quarter ended 30.06.2023
11-Aug-2023 19:37:50,Financial Result Updates,"Patanjali Foods Limited has submitted to the Exchange, the financial results for the period ended June 30, 2023."
11-Aug-2023 14:03:15,Analysts/Institutional Investor Meet/Con. Call Updates,Patanjali Foods Limited has informed the Exchange about Details of Conference Call to discuss with Research Analysts and Investors.
10-Aug-2023 23:06:58,Loss of Share Certificates,"Intimation under regulation 39(3) of SEBI (Listing Obligations and Disclosure Requirements) Regulations, 2015 regarding loss of share certificate(s)"
10-Aug-2023 22:51:37,Analysts/Institutional Investor Meet/Con. Call Updates,Patanjali Foods Limited has informed the Exchange about Schedule of Investors meet.
03-Aug-2023 12:42:23,Loss of Share Certificates,Patanjali Foods Limited has informed the Exchange about issuance of duplicate  Share Certificates
02-Aug-2023 12:28:00,Updates,"Patanjali Foods Limited has informed the Exchange regarding 'Details of Equity Shares Re-materialized/De-materialized during the month of July, 2023'."
18-Jul-2023 18:31:35,Updates,Patanjali Foods Limited has informed the Exchange regarding 'compliance of Regulation 38 of LODR'.
17-Jul-2023 15:27:25,Loss of Share Certificates,Patanjali Foods Limited has informed the Exchange about Loss of Share Certificates
15-Jul-2023 19:56:20,Updates,Patanjali Foods Limited has informed the Exchange regarding 'Disclosure under Regulation 30 of SEBI LODR'.
13-Jul-2023 17:46:56,Offer for sale,"Patanjali Ayurved Limited, has informed the Exchange about their intention to not exercise the oversubscription option."
12-Jul-2023 17:26:24,Offer for sale,"Patanjali Ayurved Limited, has informed the Exchange about an announcement with respect to offer for sale through Stock Exchange Mechanism for sale upto 25,339,640 Equity shares of face value of INR 2"
05-Jul-2023 21:06:45,Updates,Patanjali Foods Limited has informed the Exchange regarding 'Communication to Shareholders - Intimation of Tax Deduction on Dividend'.
05-Jul-2023 16:19:06,Updates,"Patanjali Foods Limited has informed the Exchange regarding 'disclosure Under Regulation 74(5) of SEBI (Depositories and Participants) Regulations, 2018 for the quarter ended 30th June, 2023'."
03-Jul-2023 15:21:08,Updates,"Patanjali Foods Limited has informed the Exchange regarding 'detail of dematerialization for the month June, 2023.'."
28-Jun-2023 14:55:13,Loss of Share Certificates,Patanjali Foods Limited has informed the Exchange about issue of duplicate Share Certificates
27-Jun-2023 11:57:56,Trading Window,"Patanjali Foods Limited has informed the Exchange regarding the Trading Window closure pursuant to SEBI (Prohibition of Insider Trading) Regulations, 2015"
26-Jun-2023 10:34:31,Analysts/Institutional Investor Meet/Con. Call Updates,Patanjali Foods Limited has informed the Exchange about Schedule of meet and Presentation
18-Jun-2023 19:26:49,Analysts/Institutional Investor Meet/Con. Call Updates,Patanjali Foods Limited has informed the Exchange about Schedule of meet and Presentation
15-Jun-2023 17:34:47,Loss of Share Certificates,Patanjali Foods Limited has informed the Exchange about Loss of Share Certificates
05-Jun-2023 17:57:16,Analysts/Institutional Investor Meet/Con. Call Updates,Transcript of Earnings Call Q4 FY 2023 of Patanjali Foods Limited ( the Company )
01-Jun-2023 16:56:50,Updates,"Patanjali Foods Limited has informed the Exchange regarding 'Details of Equity Shares Re-materialized/De-materialized during the month of May, 2023'."
31-May-2023 17:42:33,Updates,"Patanjali Foods Limited has informed the Exchange regarding 'intimation to physical  shareholders for PAN , KYC update '."
31-May-2023 16:32:07,Publish Audited Results,Patanjali Foods Limited has informed the Exchange about Publish Audited Results
31-May-2023 16:18:13,Analysts/Institutional Investor Meet/Con. Call Updates,Patanjali Foods Limited has informed the Exchange about Link of Recording of Audio recording of the investors  conference call.
30-May-2023 19:36:28,Analysts/Institutional Investor Meet/Con. Call Updates,Patanjali Foods Limited has informed the Exchange about investors  conference call
30-May-2023 18:55:16,Related Party Transactions,"Patanjali Foods Limited has informed the Exchange about related Party Transactions for half year ended March 31, 2023."
30-May-2023 18:51:44,Statement of deviation(s) or variation(s) under Reg. 32,Patanjali Foods Limited has informed the Exchange about statement of deviation(s) or variation(s) under Reg. 32
30-May-2023 18:34:59,Dividend,"Patanjali Foods Limited has informed the Exchange that Board of Directors at its meeting held on May 30, 2023, recommended Final Dividend of 6 per equity share."
30-May-2023 18:32:59,Financial Result Updates,"Patanjali Foods Limited has submitted to the Exchange, the financial results for the period ended March 31, 2023."
20-May-2023 18:16:24,Annual Secretarial Compliance Report,Annual Secretarial Compliance Report for the year ended 31st March 2023
19-May-2023 12:46:28,Monitoring Agency Report,"Monitoring Agency Report for quarter ended March 31, 2023."
02-May-2023 17:10:49,Updates,"Patanjali Foods Limited has informed the Exchange regarding 'detail of  Demat / Remat for the Month April, 2023'."
30-Apr-2023 20:59:05,Memorandum of Understanding/Agreements,Patanjali Foods Limited has informed the Exchange about Memorandum of Understanding/Agreements
17-Apr-2023 15:41:25,Disclosure under SEBI Takeover Regulations,Patanjali Ayurved Limited has Submitted to the Exchange a copy of Disclosure under Regulation 31(4) of the Securities and Exchange Board of India (Substantial Acquisition of Shares and Takeovers) Regu
06-Apr-2023 18:22:51,Updates,"Patanjali Foods Limited has informed the Exchange regarding 'Disclosure under Regulation 74(5) of SEBI (Depositories and Participants)Regulations, 2018 for the quarter ended 31st March, 2023.'."
01-Apr-2023 14:48:29,Updates,"Patanjali Foods Limited has informed the Exchange regarding 'detail of dematerialization/ rematerialisation of March, 2023'."
24-Mar-2023 11:11:18,Trading Window,"Patanjali Foods Limited has informed the Exchange regarding the Trading Window closure pursuant to SEBI (Prohibition of Insider Trading) Regulations, 2015"
17-Mar-2023 17:28:19,Updates,Patanjali Foods Limited has informed the Exchange regarding 'clarification of news'.
16-Mar-2023 01:38:09,Updates,Patanjali Foods Limited has informed the Exchange regarding 'Clarification on action initiated against our Promoters and Promoter Group as per SEBI circular no. CFD/CMD/CIR/P/2017/115 dated October 10
15-Mar-2023 18:58:28,Updates,"Patanjali Foods Limited has informed the Exchange regarding 'Disclosure pursuant to Regulation 30 SEBI (Listing Obligations and Disclosure Requirements) Regulations, 2015 read with SEBI  Circular No. "
01-Mar-2023 16:13:21,Updates,"Patanjali Foods Limited has informed the Exchange regarding 'Details of Equity Shares Re-materialized/De-materialized during the month of February, 2023'."
01-Mar-2023 12:46:18,Loss of Share Certificates,Patanjali Foods Limited has informed the Exchange about issue of duplicate share certificate.
09-Feb-2023 15:02:39,Loss of Share Certificates,Patanjali Foods Limited has informed the Exchange about Loss of Share Certificates under Regulation 39(3).
08-Feb-2023 17:47:51,Analysts/Institutional Investor Meet/Con. Call Updates,Patanjali Foods Limited has informed the Exchange about outcome and Presentation of Investors meet.
07-Feb-2023 12:31:36,Analysts/Institutional Investor Meet/Con. Call Updates,Patanjali Foods Limited has informed the Exchange about Schedule of meet
01-Feb-2023 17:29:05,Updates,"Patanjali Foods Limited has informed the Exchange regarding 'Details of Equity Shares Re-materialized/De-materialized during the month   of January, 2023'."
31-Jan-2023 13:13:30,Analysts/Institutional Investor Meet/Con. Call Updates,Patanjali Foods Limited has informed the Exchange about Transcript
27-Jan-2023 17:33:32,Copy of Newspaper Publication,Patanjali Foods Limited has informed the Exchange about Copy of Newspaper Publication
27-Jan-2023 12:38:49,Analysts/Institutional Investor Meet/Con. Call Updates,Patanjali Foods Limited has informed the Exchange about Investors meet Recording.
25-Jan-2023 18:30:37,Analysts/Institutional Investor Meet/Con. Call Updates,Patanjali Foods Limited has informed the Exchange about Schedule of meeting
25-Jan-2023 18:25:02,Monitoring Agency Report,"Monitorig Agency Report dated 25th January, 2023."
25-Jan-2023 18:21:32,Financial Result Updates,"Patanjali Foods Limited has submitted to the Exchange, the financial results for the period ended December 31, 2022."
25-Jan-2023 18:18:52,Outcome of Board Meeting,"Patanjali Foods Limited has informed the Exchange regarding Outcome of  Board meeting held on January 25, 2023."
06-Jan-2023 17:02:11,Updates,"Patanjali Foods Limited has informed the Exchange regarding 'Disclosure Under Regulation 74(5) of SEBI (Depository  & Participants) Regulation, 2018 for the quarter ended 31st December, 2022. '."
04-Jan-2023 12:39:26,Updates,"Patanjali Foods Limited has informed the Exchange regarding 'Detail of Dematerialisation of equity shares for the month December, 2022'."
23-Dec-2022 15:43:53,Trading Window,"Patanjali Foods Limited has informed the Exchange regarding the Trading Window closure pursuant to SEBI (Prohibition of Insider Trading) Regulations, 2015"
13-Dec-2022 12:47:48,General updates,"Patanjali Foods Limited has informed the Exchange about Details of Equity Shares Re-materialized/De-materialized during the month of November, 2022."
28-Nov-2022 13:58:36,Schedule of Analysts/Institutional Investor Meet/Con. Call,"Intimation of Schedule of Investor meeting under the SEBI (Listing Obligations and Disclosure Requirements), Regulations 2015"
24-Nov-2022 13:04:24,Related Party Transaction,Patanjali Foods Limited has informed the Exchange about related party transaction for the period ended September 2022.
16-Nov-2022 18:25:09,Transcript of Analysts/Institutional Investor Meet/Con. Call,Transcript of Earnings Call Q2 & H1 FY 2023 of Patanjali Foods Limited (���the Company���) 
15-Nov-2022 14:59:36,Newspaper Advertisements,Intimation of Publication of Unaudited Financial Results
14-Nov-2022 15:40:48,Address Change,Intimation of change of registered office of the Company
14-Nov-2022 14:54:09,Recording of Analysts/Institutional Investor Meet/Con. Call,Audio recording of the Investors and Analyst call held on 14.11.2022
13-Nov-2022 16:09:51,Schedule of Analysts/Institutional Investor Meet/Con. Call,"Intimation of Schedule of Investor meeting under the SEBI (Listing Obligations and Disclosure Requirements), Regulations 2015 "
13-Nov-2022 10:29:39,Schedule of Analysts/Institutional Investor Meet/Con. Call,Patanjali Foods Limited has informed the Exchange about Schedule of Analysts/Institutional Investor Meet/Con. Call 
12-Nov-2022 14:43:30,Monitoring Agency Report,Patanjali Foods Limited has informed the Exchange about Monitoring Agency Report.
12-Nov-2022 14:37:24,Outcome of Board Meeting,Patanjali Foods Limited  has informed the Exchange about outcome of Board Meeting held on 12-Nov-2022 to consider financial statements for the quarter and half year ended September 2022.
07-Nov-2022 13:06:39,General updates,"Patanjali Foods Limited has informed the Exchange about Detail of Dematerialization for the month October, 2022."
31-Oct-2022 18:35:18,General updates,Patanjali foods Limited has intimate to Stock Exchange about Issue of Duplicate Share Certificates.
31-Oct-2022 18:32:27,Loss of share certificate,Patanjali Foods Limited has informed the Exchange about issue of duplicate share certificate
11-Oct-2022 15:23:03,Loss of share certificate,"Patanjali Foods Limited has informed the Exchange about Loss of share certificate under Regulation 39 (3) of SEBI (LODR) Regulations, 2015."
07-Oct-2022 12:26:54,General updates,"Patanjali Foods Limited has informed the Exchange about certificate under regulation 74(5) of SEBI(DP) Regulations, 2018 for the quarter ended 30th September, 2022."
06-Oct-2022 18:40:00,General updates,"Patanjali Foods Limited has informed the Exchange about Detail of Dematerialization for the month September, 2022"
30-Sep-2022 17:39:27,Annual General Meeting,Patanjali Foods Limited has informed the Exchange about Voting results and  Scrutinizer report of Annual General Meeting held on 29-Sep-2022
29-Sep-2022 17:44:27,Annual General Meeting,Patanjali Foods Limited has informed the Exchange about  Proceedings of Annual General Meeting held on 29-Sep-2022
28-Sep-2022 12:32:27,Schedule of Analysts/Institutional Investor Meet/Con. Call,Patanjali Foods Limited has informed the Exchange about outcome of Investors Meeting. 
26-Sep-2022 14:57:15,Schedule of Analysts/Institutional Investor Meet/Con. Call,Patanjali Foods Limited has informed the Exchange about Schedule of Analysts/Institutional Investor Meet.
23-Sep-2022 16:52:09,Closure of trading window,"Patanjali Foods Limited has informed the Exchange about Closure of trading window from 1st October, 2022 till 48 hours after  the declaration of financial results for the quarter and half year ended 3"
21-Sep-2022 18:57:21,General updates,Patanjali Foods Limited has informed the Exchange about Address at Motilal Oswal's Annual Global Investor Conference
21-Sep-2022 15:28:18,Investor Presentation,Patanjali Foods Limited has informed the Exchange about Investor Presentation.
19-Sep-2022 11:32:36,Schedule of Analysts/Institutional Investor Meet/Con. Call,Patanjali Foods Limited has informed the Exchange about Schedule of Analysts/Institutional Investor Meet/Con. Call 
06-Sep-2022 14:46:21,Newspaper Advertisements,Patanjali Foods Limited has informed the Exchange about Newspaper Advertisement.
03-Sep-2022 22:00:36,Annual General Meeting,Patanjali Foods Limited has informed the Exchange about Notice of Annual General Meeting to be held on 29-Sep-2022
01-Sep-2022 17:57:03,General updates,"Patanjali Foods Limited has informed the Exchange about Details of Equity Shares Re-materialized / De-materialized during the month of August, 2022 "
31-Aug-2022 17:50:57,Press Release,Patanjali Foods Limited has informed the Exchange about press release dated 31-Aug-2022 
31-Aug-2022 17:04:51,Newspaper Advertisements,Patanjali Foods Limited has submitted the news paper advertisement of pre dispatch of Notice of 36th AGM.
31-Aug-2022 17:01:39,Investor Presentation,Patanjali Foods Limited has submit to Exchange the outcome of Investors Presentation.
30-Aug-2022 15:15:00,General updates,"Patanjali Foods Limited has informed the Exchange about Intimation for 36th Annual General Meeting scheduled to be held on Thursday, 29th September, 2022 at 2.00 P.M. through Video Conferencing / Othe"
30-Aug-2022 14:54:06,Book Closure,Patanjali Foods Limited has informed the Exchange that Register of Members & Share Transfer Books of the Company will remain closed from 27-Sep-2022 to 29-Sep-2022 for the purpose of Dividend.
29-Aug-2022 17:54:33,Schedule of Analysts/Institutional Investor Meet/Con. Call,Patanjali Foods Limited has informed the Exchange about Schedule of Investors Meet.
29-Aug-2022 10:26:39,Schedule of Analysts/Institutional Investor Meet/Con. Call,Patanjali Foods Limited has informed the Exchange about Schedule of  Investors Meet.
16-Aug-2022 18:18:38,Newspaper Advertisements,"Patanjali Foods Limited has informed the Exchange about Newspaper publication of Unaudited Financial Results for the quarter ended on 30th June, 2022."
10-Aug-2022 20:31:00,Outcome of Board Meeting,Patanjali Foods Limited  has informed the Exchange about Board Meeting held on 10-Aug-2022 to consider financial statements for the period ended June 2022
01-Aug-2022 17:45:12,General updates,"Patanjali Foods Limited has informed the Exchange about detail of dematerialization/re-materialization for the month June, 2022"
27-Jul-2022 14:47:06,Newspaper Advertisements,Patanjali Foods Limited has informed the Exchange about Newspaper Advertisements of notice to Shareholders.
15-Jul-2022 13:17:54,General updates,"Patanjali Foods Limited has informed the Exchange about Disclosure under Regulation 74(5) of  SEBI ( Depositories and Participants) Regulations, 2018 for quarter ended on 30th June, 2022."
07-Jul-2022 18:02:48,Name & Symbol Change,"Members of the Exchange are hereby informed that the name of Ruchi Soya Industries Limited shall be changed to Patanjali Foods Limited and symbol be changed from RUCHI to PATANJALI w.e.f. July 13, 202"
07-Jul-2022 16:28:45,General updates,"Ruchi Soya Industries Limited has informed the Exchange about Disclosure of dematerialization for the month June, 2022."
01-Jul-2022 14:15:48,Appointment,Ruchi Soya Industries Limited  has informed the Exchange about appointment of Mr. Kumar Rajesh as Chief Financial Officer of the company w.e.f. 01-Jul-2022.
01-Jul-2022 14:13:12,Resignation,Ruchi Soya Industries Limited  has informed the Exchange about resignation of Mr. Sanjay Kumar as Chief Financial Officer of the company w.e.f. 30-Jun-2022.
28-Jun-2022 14:01:51,Name Change,Ruchi Soya Industries Limited has informed the Exchange about Intimation of Change in the name of the Company
27-Jun-2022 14:35:36,General updates,Ruchi Soya Industries Limited has informed the Exchange about Minutes of Postal Ballot of the Company.
23-Jun-2022 13:11:12,Postal Ballot,Ruchi Soya Industries Limited has informed the Exchange about Voting results and  Scrutinizer report of Postal Ballot 
20-Jun-2022 11:18:33,Closure of trading window,"Ruchi Soya Industries Limited has informed the Exchange about Closure of Trading Window from 1st July, 2022 till 48 hours after the declaration of financial results for the quarter ended 30th June, 20"
13-Jun-2022 16:58:50,General updates,"Submission of Outcome of the meeting of Board of Directors held on May 27, 2022 in machine readable form"
04-Jun-2022 14:41:51,Related Party Transaction,"Disclosure of related party transactions for the half year ended March 31, 2022. "
01-Jun-2022 15:14:41,General updates,"Ruchi Soya Industries Limited has informed the Exchange about Details of Equity Shares re-materialized/de-materialized during the month of May, 2022."
30-May-2022 12:17:11,Newspaper Advertisements,"Newspaper publication publication of  Audited Financial Results for quarter and year ended on 31st March, 2022."
27-May-2022 11:38:39,Financial Result Updates,"Ruchi Soya Industries Limited has submitted to the Exchange, the financial results for the period ended March 31, 2022."
27-May-2022 11:27:37,Outcome of Board Meeting,Ruchi Soya Industries Limited  has informed the Exchange about Board Meeting held on 27-May-2022 to consider financial statements for the period ended March 2022 and Dividend
27-May-2022 11:27:35,Dividend,"Ruchi Soya Industries Limited has informed the Exchange that Board of Directors at its meeting held on 27-May-2022, declared Dividend of Rs. 5 per equity share."
25-May-2022 14:40:07,Recording of Analysts/Institutional Investor Meet/Con. Call,"Further to our letter dated 19th May, 2022 and pursuant to Regulation 30 and 46 (2) (oa) of the SEBI (Listing Obligations and Disclosure Requirements) Regulations, 2015, as amended, we may inform you "
24-May-2022 10:26:45,Newspaper Advertisements,Ruchi Soya Industries Limited has informed the Exchange about Newspaper Advertisements of notice of Postal Ballot of the Company.
23-May-2022 12:29:11,Transcript of Analysts/Institutional Investor Meet/Con. Call,Ruchi Soya Industries Limited has informed the Exchange about Transcript of Analysts/Institutional Investor Meet/Con. Call 
23-May-2022 11:45:50,Postal Ballot,Ruchi Soya Industries Limited has informed the Exchange about Notice of Postal Ballot
19-May-2022 13:39:49,Recording of Analysts/Institutional Investor Meet/Con. Call,Ruchi Soya Industries Limited has informed the Exchange about Recording of Analysts/Institutional Investor Meet/Con. Call
18-May-2022 15:49:35,Schedule of Analysts/Institutional Investor Meet/Con. Call,Ruchi Soya Industries Limited has informed the Exchange about Schedule of Analysts/Institutional Investor Meet/Con. Call 
18-May-2022 15:34:53,Schedule of Analysts/Institutional Investor Meet/Con. Call,Ruchi Soya Industries Limited has informed the Exchange about Schedule of Analysts/Institutional Investor Meet/Con. Call 
18-May-2022 12:41:15,Outcome of Board Meeting,Ruchi Soya Industries Limited  has informed the Exchange about outcome of Board Meeting  dated 18-May-2022 .
11-Apr-2022 10:51:35,Outcome of Board Meeting,Ruchi Soya Industries Limited  has informed the Exchange about outcome of Board Meeting held on 10-Apr-2022.
11-Apr-2022 10:45:25,General updates,"Ruchi Soya Industries Limited has informed the Exchange about letter to Stock Exchanges dated 11th April, 2022"
08-Apr-2022 19:13:26,Outcome of Board Meeting,"Ruchi Soya Industries Limited  has informed the Exchange about Update regarding Further Public Offering (���FPO���) and outcome of the  Board meeting of the Company held on April 08, 2022."
07-Apr-2022 12:47:53,Disclosure under SEBI Takeover Regulations,Promoter/Promoter Group of Ruchi Soya Industries Limited has submitted a disclosure under Regulation 31(4) of SEBI Takeover Regulations for the year ended 31-Mar-2022
05-Apr-2022 20:45:55,General updates,Ruchi Soya Industries Limited has informed the Exchange about  allotment of Equity Shares 
05-Apr-2022 20:43:01,Issuance/changes in Capital-Others,Ruchi Soya Industries Limited has informed the Exchange about allotment of equity shares. 
05-Apr-2022 14:16:12,General updates,"Ruchi Soya Industries Limited has informed the Exchange about Certificate under Regulation 74(5) of SEBI (Depositories and Participants) Regulations, 2018  for the quarter ended 31st March, 2022."
01-Apr-2022 17:33:47,General updates,"Ruchi Soya Industries Limited has informed the Exchange about detail of equity shares Dematerialisation / rematerialisation for the month March, 2022"
31-Mar-2022 20:22:17,General updates,Ruchi Soya Industries Limited has informed the Exchange about disclosure of Further Public Offer of the Company
31-Mar-2022 19:25:45,Closure of trading window,"Ruchi Soya Industries Limited has informed the Exchange about Closure of trading window from 1st April, 2022 till 48 hours after the declaration of financial results for the quarter and year ended 31s"
31-Mar-2022 18:16:37,Outcome of Board Meeting,"Ruchi Soya Industries Limited  has informed the Exchange about Board Meeting held today (i.e. March 31, 2022) has approved the Issue Price and Anchor Investor per Equity Shares."
30-Mar-2022 10:48:37,Spurt in Volume,"RUCHI : Significant increase in volume has been observed in Ruchi Soya Industries Limited. The Exchange, in order to ensure that investors have latest relevant information about the company and to inf"
29-Mar-2022 18:45:26,Spurt in Volume,"RUCHI : Significant increase in volume has been observed in Ruchi Soya Industries Limited. The Exchange, in order to ensure that investors have latest relevant information about the company and to inf"
28-Mar-2022 20:45:01,General updates,Ruchi Soya Industries Limited has informed the Exchange about Further Public Issue of equity shares of Rs. 2/- each of the Company.
28-Mar-2022 16:28:04,General updates,"The Exchange is in receipt of a letter dated March 28, 2022, from SEBI regarding Ongoing FPO of Ruchi Soya Industries Limited."
23-Mar-2022 21:44:48,General updates,"Ruchi Soya Industries Limited has informed the Exchange that the Issue Committee of the Company at its  meeting held on March 23, 2022, in consultation with the Book Running Lead Managers to the Issue"
21-Mar-2022 13:25:01,Press Release,Ruchi Soya Industries Limited has informed the Exchange about press release dated 21-Mar-2022 titled press release being issued by the Company
20-Mar-2022 11:06:20,General updates,"Ruchi Soya Industries Limited has informed the Exchange about We may inform you that the Issue Committee of the Company at its meeting held on March 20 ,2022 has approved the following :  1.	the price"
17-Mar-2022 18:06:30,General updates,"Ruchi Soya Industries Limited has informed the Exchange about the letter to stock exchanges.....In continuation to our letter dated March 14, 2022 informing that the meeting of the Issue Committee of "
04-Mar-2022 16:35:35,General updates,"Ruchi Soya Industries Limited has informed the Exchange about Detail of Dematerialization of shares for the month of February, 2022"
19-Feb-2022 21:52:12,General updates,"Ruchi Soya Industries Limited has informed the Exchange about Disclosure Under Regulation 30 of the SEBI (Listing Obligations and Disclosure Requirements) Regulations, 2015,"
16-Feb-2022 14:05:48,Copy of Newspaper Publication,Intimation of Publication of Unaudited Standalone Financial Results
13-Feb-2022 19:21:20,Financial Result Updates,"Ruchi Soya Industries Limited has submitted to the Exchange, the financial results for the period ended December 31, 2021."
13-Feb-2022 19:16:37,Outcome of Board Meeting,"Ruchi Soya Industries Limited has informed the Exchange regarding  outcome of Board meeting held on February 13, 2022."
14-Jan-2022 13:17:38,Loss of Share Certificates,Ruchi Soya Industries Limited has informed the Exchange about loss of share certificates.
07-Jan-2022 19:04:10,Outcome of Board Meeting,"Ruchi Soya Industries Limited has informed the Exchange regarding outcome of  Board meeting held on January 07, 2022."
07-Jan-2022 18:57:07,Outcome of Board Meeting,"Ruchi Soya Industries Limited has informed the Exchange regarding outcome of  Board meeting held on January 06, 2022."
05-Jan-2022 15:48:59,Updates,"Ruchi Soya Industries Limited has informed the Exchange regarding 'Detail of Equity shares DE-materialisation/re-materialisation during the month December, 2021. '."
04-Jan-2022 17:28:07,Updates,"Ruchi Soya Industries Limited has informed the Exchange regarding 'Certificate under Regulation 74(5) of  SEBI (Depositories and participants) Regulations, 2018 for the quarter ended 31st December, 20"
24-Dec-2021 16:22:28,Trading Window,"Ruchi Soya Industries Limited has informed the Exchange regarding the Trading Window closure pursuant to SEBI (Prohibition of Insider Trading) Regulations, 2015"
07-Dec-2021 15:27:34,Updates,"Ruchi Soya Industries Limited has informed the Exchange regarding 'Detail of dematerialisation of November, 2021'."
16-Nov-2021 16:28:59,Copy of Newspaper Publication,Ruchi Soya Industries Limited has informed the Exchange about Copy of Newspaper Publication of Unaudited Financial Result
16-Nov-2021 16:26:49,Related Party Transactions,"Ruchi Soya Industries Limited has informed the Exchange about related Party Transactions for quarter and half year ended on 30th September, 2021."
14-Nov-2021 21:21:14,Financial Result Updates,"Ruchi Soya Industries Limited has submitted to the Exchange, the financial results for the period ended September 30, 2021."
14-Nov-2021 21:17:18,Outcome of Board Meeting,"Ruchi Soya Industries Limited has informed the Exchange regarding  Board meeting held on November 14, 2021"
20-Oct-2021 23:58:27,Outcome of Board Meeting,"Disclosure under Regulation 30 of the SEBI (Listing Obligations and Disclosure Requirements) Regulations, 2015- Outcome of Board Meeting"
05-Oct-2021 17:45:23,Updates,"Ruchi Soya Industries Limited has informed the Exchange regarding 'Certificate under Regulation 74(5) of SEBI (Depositories and participants) Regulations, 2018'"
30-Sep-2021 18:32:54,Updates,"Ruchi Soya Industries Limited has informed the Exchange regarding 'Announcement Under Regulation 30 of SEBI (LODR) Regulations, 2015'."
27-Sep-2021 08:37:32,Shareholders meeting,"Ruchi Soya Industries Limited has submitted the Exchange a copy Srutinizers report of  Annual General Meeting held on September 24, 2021. Further, the company has informed the Exchange regarding votin"
24-Sep-2021 17:49:16,Shareholders meeting,"Ruchi Soya Industries Limited has informed the Exchange regarding Proceedings of Annual General Meeting held on September 24, 2021"
02-Sep-2021 16:26:34,Credit Rating,Ruchi Soya Industries Limited has informed the Exchange about Credit Rating
02-Sep-2021 16:24:55,Copy of Newspaper Publication,"Ruchi Soya Industries Limited has informed the Exchange about Copy of Newspaper Publication under  Regulation 30 of  SEBI (Listing Obligations and disclosure Requirements) Regulations, 2015."
30-Aug-2021 18:00:32,Shareholders meeting,"Ruchi Soya Industries Limited has informed the Exchange regarding Notice of Annual General Meeting to be held on September 24, 2021"
25-Aug-2021 16:59:33,Copy of Newspaper Publication,Ruchi Soya Industries Limited has informed the Exchange about Copy of Newspaper Publication of pre-intimation of notice of Annual General Meeting of the Company
25-Aug-2021 16:55:58,Loss of Share Certificates,"Intimation under Regulation 39(3) of SEBI (Listing Obligations and Disclosure Requirements) Regulations, 2015 regarding loss of share certificates"
24-Aug-2021 12:58:00,Copy of Newspaper Publication,Ruchi Soya Industries Limited has informed the Exchange about Copy of Newspaper Publication under Regulation 30 of (LODR)
17-Aug-2021 20:53:00,Outcome of Board Meeting,"Ruchi Soya Industries Limited has informed the Exchange regarding  Board meeting held on August 16, 2021."
17-Aug-2021 17:49:07,Copy of Newspaper Publication,"Ruchi Soya Industries Limited has informed the Exchange about Copy of Newspaper Publication of Unaudited Financial Result for quarter ended on 30th June, 2021."
14-Aug-2021 15:09:48,Financial Result Updates,"Ruchi Soya Industries Limited has submitted to the Exchange, the financial results for the period ended June 30, 2021."
14-Aug-2021 15:08:20,Outcome of Board Meeting,"Ruchi Soya Industries Limited has informed the Exchange regarding  Board meeting held on August 14, 2021."
30-Jul-2021 15:54:08,Copy of Newspaper Publication,Ruchi Soya Industries Limited has informed the Exchange about Copy of Newspaper Publication - Notice (for transfer of equity shares of the Company to Investor Education an Protection Fund (IEPF) suspe
28-Jul-2021 18:34:36,Loss of Share Certificates,"Ruchi Soya Industries Limited has informed the Exchange about Loss of Share Certificates under Regulation 39(3) of SEBI (LODR) Regulations, 2015"
21-Jul-2021 10:09:18,Investor Presentation,Ruchi Soya Industries Limited has informed the Exchange about Investor Presentation
12-Jul-2021 16:14:25,Updates,"Ruchi Soya Industries Limited has informed the Exchange regarding 'Disclosure under Regulation 74(5) of SEBI( depository  and participant) Regulations, 2018'."
02-Jul-2021 11:24:03,Copy of Newspaper Publication,"Ruchi Soya Industries Limited has informed the Exchange about Copy of Newspaper Publication of Financial Result for quarter and year ended on 31st March,  2021."
01-Jul-2021 10:41:25,Related Party Transactions,"Ruchi Soya Industries Limited has informed the Exchange about related Party Transactions under Regulation 23 (9) of SEBI (Listing Obligations and Disclosure Requirements) Regulation, 2015"
29-Jun-2021 17:26:47,Financial Result Updates,"Ruchi Soya Industries Limited has submitted to the Exchange, the financial results for the period ended March 31, 2021."
29-Jun-2021 17:18:05,Outcome of Board Meeting,"Ruchi Soya Industries Limited has informed the Exchange regarding  outcome of Board meeting held on Jun 29, 2021."
13-Jun-2021 23:47:26,Updates,"Ruchi Soya Industries Limited has informed the Exchange regarding 'Disclosure under Regulation 30 of the SEBI (Listing Obligations and Disclosure Requirements) Regulations,2015, '."
13-Jun-2021 11:27:06,Updates,"Ruchi Soya Industries Limited has informed the Exchange regarding 'Disclosure under Regulation 30 of the SEBI (Listing Obligations and Disclosure Requirements) Regulations, 2015'."
10-Jun-2021 17:58:17,Outcome of Board Meeting,"Ruchi Soya Industries Limited has informed the Exchange regarding  Board meeting held on Jun 09, 2021."
02-Jun-2021 16:49:46,Outcome of Board Meeting,"Ruchi Soya Industries Limited has informed the Exchange regarding  Board meeting held on Jun 02, 2021."
02-Jun-2021 16:30:49,Press Release,"Ruchi Soya Industries Limited has informed the Exchange regarding a press release dated Jun 02, 2021, titled ""Ruchi Soya forays into Nutraceuticals under joint brand name of  Patanjali  -  Nutrela  to"
02-Jun-2021 16:19:08,Outcome of Board Meeting,"Ruchi Soya Industries Limited has informed the Exchange regarding  Board meeting held on Jun 02, 2021."
28-May-2021 18:02:00,News Verification,"The Exchange has sought clarification from Ruchi Soya Industries Limited with respect to recent news item captioned Patanjali-owned Ruchi Soya planning FPO to raise fresh capital, cut down debt.  The "
27-May-2021 16:42:00,News Verification,"The Exchange has sought clarification from Ruchi Soya Industries Limited with respect to recent news item captioned Patanjali-owned Ruchi Soya planning FPO to raise fresh capital, cut down debt.  The "
27-May-2021 14:49:00,Price movement,"Significant movement in price has been observed in Ruchi Soya Industries Limited. The Exchange, in order to ensure that investors have latest relevant information about the company and to inform the m"
26-May-2021 17:28:00,Price movement,"Significant movement in price has been observed in Ruchi Soya Industries Limited. The Exchange, in order to ensure that investors have latest relevant information about the company and to inform the m"
11-May-2021 12:45:09,Outcome of Board Meeting,"Ruchi Soya Industries Limited has informed the Exchange regarding  Board meeting held on May 10, 2021."
11-May-2021 12:38:09,Press Release,"Ruchi Soya Industries Limited has informed the Exchange regarding a press release dated May 10, 2021, titled ""Ruchi Soya Industries Limited ( Ruchi ) acquires Biscuits business from Patanjali Natural "
04-May-2021 19:58:38,Disclosure under SEBI Takeover Regulations,"Yogakshem Sansthan has submitted to the Exchange vide letter dated May 4, 2021, a copy of disclosure of reasons for encumbrance."
16-Apr-2021 20:16:30,Disclosure under SEBI Takeover Regulations,"Promoter/Member of the Promoter Group of the Company has informed the Exchange regarding disclosure under Regulation 30 of SEBI SAST Regulations, 2011 as at March 31, 2021"
09-Apr-2021 13:00:06,Updates,"Ruchi Soya Industries Limited has informed the Exchange regarding 'Certificate under Regulation 74(5) of SEBI( Depositories  and participants) Regulations, 2018 for quarter ended on march 31, 2021.'."
06-Apr-2021 08:08:12,Disclosure under SEBI Takeover Regulations,"��Promoter of Ruchi Soya Industries Limited has submitted to the Exchange a copy of disclosure under Regulation 10(6) of SEBI (Substantial Acquisition of Shares & Takeover) Regulations, 2011 ��"
01-Apr-2021 00:18:43,Appointment,"Ruchi Soya Industries Limited has informed the Exchange regarding Appointment of Mr Sanjay Kumar as Chief Financial Officer of the company w.e.f. March 30, 2021."
31-Mar-2021 19:21:06,Outcome of Board Meeting,"Ruchi Soya Industries Limited has informed the Exchange regarding  Board meeting held on March 30, 2021."
23-Mar-2021 15:38:08,Disclosure under SEBI Takeover Regulations,"Yogakshem Sansthan has submitted to the Exchange, a copy of disclosure under Regulation 10(5) in respect of acquisition under Regulation 10(1)(a) of SEBI (Substantial Acquisition of Shares & Takeovers"
16-Mar-2021 15:51:37,Appointment,"Ruchi Soya Industries Limited has informed the Exchange regarding Appointment of Mr Sanjay Kumar Aggarwal as Chief Financial Officer of the company w.e.f. March 15, 2021."
02-Mar-2021 17:28:52,Disclosure under SEBI Takeover Regulations,"Promoter of Ruchi Soya Industries Limited has submitted to the Exchange a copy of Disclosures of reasons for encumbrance under SEBI SAST Regulations, 2011."
02-Mar-2021 13:06:04,Updates,"Ruchi Soya Industries Limited has informed the Exchange regarding 'Disclosure under Regulation 30 of SEBI (Listing Obligations and Disclosure Requirements) Regulations, 2015'."
11-Feb-2021 11:55:31,Copy of Newspaper Publication,"Ruchi Soya Industries Limited has informed the Exchange about Copy of Newspaper Publication of Unaudited Financial Results for quarter and nine months ended on 31st December, 2020."
10-Feb-2021 18:40:32,Press Release,"Ruchi Soya Industries Limited has informed the Exchange regarding a press release dated February 10, 2021, titled ""Press Release  for the Quarter and Nine months ended 31st December, 2020.""."
10-Feb-2021 17:46:42,Financial Result Updates,"Ruchi Soya Industries Limited has submitted to the Exchange, the financial results for the period ended December 31, 2020."
10-Feb-2021 17:43:14,Outcome of Board Meeting,"Ruchi Soya Industries Limited has informed the Exchange regarding  Board meeting held on February 10, 2021."
04-Feb-2021 10:57:10,Copy of Newspaper Publication,"Ruchi Soya Industries Limited has informed the Exchange about Copy of Newspaper Publication of  Notice of Board Meeting dated 10th February, 2021."
02-Feb-2021 11:30:10,Updates,"Ruchi Soya Industries Limited has informed the Exchange regarding 'Detail of de-materialization/ re-materialization for the month January, 2021.'."
06-Jan-2021 15:04:21,Updates,"Ruchi Soya Industries Limited has informed the Exchange regarding 'Certificate under Regulation 74(5) of SEBI (Depository and participants) Regulations, 2018 for quarter ended on 31st December, 2020. "
06-Jan-2021 12:47:41,Updates,"Ruchi Soya Industries Limited has informed the Exchange regarding 'Detail of Dematerialisation of shares for the Month December, 2020.'."
01-Jan-2021 15:49:09,Updates,Ruchi Soya Industries Limited has informed the Exchange regarding 'Sale of Subsidiary'.
21-Dec-2020 22:37:17,Shareholders meeting,"Ruchi Soya Industries Limited has informed the Exchange regarding Proceedings of Annual General Meeting held on December 21, 2020"
10-Dec-2020 18:52:06,Extension of Annual General Meeting,"Intimation for extension letter from Registrar of Companies, Mumbai for extension of date of 34th Annual General meeting of the Company."
07-Dec-2020 16:09:32,Updates,"Ruchi Soya Industries Limited has informed the Exchange regarding 'Detail of Dematerialisation for the month November, 2020.'."
28-Nov-2020 18:03:28,Copy of Newspaper Publication,Ruchi Soya Industries Limited has informed the Exchange about Copy of Newspaper Publication of Notice of AGM.
27-Nov-2020 11:37:01,Shareholders meeting,"Ruchi Soya Industries Limited has informed the Exchange regarding Notice of Annual General Meeting to be held on December 21, 2020"
26-Nov-2020 12:19:00,Updates,Ruchi Soya Industries Limited has informed the Exchange regarding 'Intimation  by Ruchi Soya Ind. ltd. under Regulation 30  regarding Approval of promoters re-classification of the Company by BSE & NS
26-Nov-2020 11:35:19,Copy of Newspaper Publication,Ruchi Soya Industries Limited has informed the Exchange about Copy of Newspaper Publication of Notice of 34th AGM.
24-Nov-2020 18:37:00,Updates,"Ruchi Soya Industries Limited has informed the Exchange regarding 'Disclosure under Regulation 30 of SEBI (Listing obligations and disclosure Requirements) Regulations, 2015'."
17-Nov-2020 18:08:45,Updates,"Ruchi Soya Industries Limited has informed the Exchange regarding 'Detail of Dematerialisation  for the month October, 2020.'."
17-Nov-2020 18:06:34,Related Party Transactions,"Ruchi Soya Industries Limited has informed the Exchange about related Party Transactions for half year ended September 30, 2020."
13-Nov-2020 12:27:15,Trading Window,"Ruchi Soya Industries Limited has informed the Exchange regarding the Trading Window closure pursuant to SEBI (Prohibition of Insider Trading) Regulations, 2015"
12-Nov-2020 00:07:52,Copy of Newspaper Publication,"Ruchi Soya Industries Limited has informed the Exchange about Copy of Newspaper Publication of Unaudited financial result of  the company for quarter and half year ended 30th September, 2020."
10-Nov-2020 23:39:39,Resignation,"Ruchi Soya Industries Limited has informed the Exchange regarding Resignation of Mr Anil Singhal as Chief Financial Officer of the company w.e.f. November 10, 2020."
10-Nov-2020 16:22:48,Outcome of Board Meeting,"Ruchi Soya Industries Limited has informed the Exchange regarding outcome of  Board meeting held on November 10, 2020."
10-Nov-2020 16:20:48,Financial Result Updates,"Ruchi Soya Industries Limited has submitted to the Exchange, the financial results for the period ended September 30, 2020."
03-Nov-2020 17:13:13,Copy of Newspaper Publication,"Ruchi Soya Industries Limited has informed the Exchange about Copy of Newspaper Publication of notice of Board Meeting dated 10th November, 2020."
09-Oct-2020 11:10:16,Updates,"Ruchi Soya Industries Limited has informed the Exchange regarding 'Certificate under Regulation 74(5) of SEBI (DP) Regulations, 2018 for the quarter ended 30th September, 2020.'."
08-Oct-2020 18:01:37,Updates,"Ruchi Soya Industries Limited has informed the Exchange regarding 'Detail of Dematerialisation for the Month September, 2020'."
07-Oct-2020 12:20:00,News Verification,The Exchange has sought clarification from Ruchi Soya Industries Limited with respect to recent news item captioned Arunachal inks MOUs with three firms to set up palm oil extraction factories.  The r
06-Oct-2020 19:07:00,News Verification,The Exchange has sought clarification from Ruchi Soya Industries Limited with respect to recent news item captioned Arunachal inks MOUs with three firms to set up palm oil extraction factories.  The r
28-Sep-2020 14:07:19,Trading Window,"Letter for closure of trading window from 1st October, 2020 till 48 hours after declaration of financial result for quarter ending 30th September, 2020."
17-Sep-2020 12:22:50,Updates,"Ruchi Soya Industries Limited has informed the Exchange regarding 'Demat Statement for the Month August, 2020.'."
03-Sep-2020 11:30:51,Extension of Annual General Meeting,"Disclosure under regulation  30 of SEBI ( Listing obligations and Disclosure Requirements) Regulations, 2015 for approval for extension of time of for holding Annual General meeting of the Company."
21-Aug-2020 10:26:24,Copy of Newspaper Publication,"Ruchi Soya Industries Limited has informed the Exchange about Copy of Newspaper Publication of Un-audited Financial Result for quarter ended June 30, 2020."
20-Aug-2020 16:05:03,Updates,"Ruchi Soya Industries Limited has informed the Exchange regarding 'Detail of Dematerialisation / rematerialisation  for the month July, 2020'."
20-Aug-2020 15:57:33,Appointment,"Ruchi Soya Industries Limited has informed the Exchange regarding Appointment of Mr Ram Bharat as Managing Director of the company w.e.f. August 19, 2020."
20-Aug-2020 15:31:33,Resignation,"Ruchi Soya Industries Limited has informed the Exchange regarding Resignation of Mr Aacharya Balkrishna as Managing Director of the company w.e.f. August 18, 2020."
19-Aug-2020 15:52:36,Financial Result Updates,"Ruchi Soya Industries Limited has submitted to the Exchange, the financial results for the period ended June 30, 2020."
19-Aug-2020 15:50:05,Outcome of Board Meeting,"Ruchi Soya Industries Limited has informed the Exchange regarding  Board meeting held on August 19, 2020."
18-Aug-2020 23:37:00,Copy of Newspaper Publication,Ruchi Soya Industries Limited has informed the Exchange about Copy of Newspaper Publication of notice of Board meeting
14-Aug-2020 19:57:20,Appointment,"Ruchi Soya Industries Limited has informed the Exchange regarding Appointment of Mrs Gyan Sudha Misra  as Non- Executive Independent Director of the company w.e.f. August 13, 2020."
14-Aug-2020 19:50:50,Appointment,"Ruchi Soya Industries Limited has informed the Exchange regarding Appointment of Mr Dr. Tejendra Mohan Bhasin  as Independent Director of the company w.e.f. August 13, 2020."
14-Aug-2020 10:53:42,Updates,"Ruchi Soya Industries Limited has informed the Exchange regarding 'Disclosure Under Regulation 30 of SEBI (Listing Obligations and Disclosure Requirements) Regulations, 2015.'."
30-Jul-2020 18:17:00,Disclosure under SEBI Takeover Regulations,"Patanjali Ayurved Ltd, Patanjali Parivahan Pvt Ltd, Patanjali Gramudhyog Nyas and  Divya Yog Mandir Trus has submitted to the Exchange a copy of Disclosure under Regulation 31(1) and 31(2) of SEBI (Su"
16-Jul-2020 11:19:00,Resignation,"Ruchi Soya Industries Limited has informed the Exchange regarding Resignation of Ms Bhavna Samir Shah as Independent Director of the company w.e.f. July 13, 2020."
14-Jul-2020 17:05:00,Resignation,"Ruchi Soya Industries Limited has informed the Exchange regarding Resignation of Ms Bhavna Samir Shah as Independent Director of the company w.e.f. July 13, 2020."
13-Jul-2020 12:37:00,Spurt in Volume,"Significant increase in volume has been observed in Ruchi Soya Industries Limited. The Exchange, in order to ensure that investors have latest relevant information about the company and to inform the "
10-Jul-2020 19:01:00,Spurt in Volume,"Significant increase in volume has been observed in Ruchi Soya Industries Limited. The Exchange, in order to ensure that investors have latest relevant information about the company and to inform the "
09-Jul-2020 15:08:00,Updates,"Ruchi Soya Industries Limited has informed the Exchange regarding 'Certificate under Regulation 74 (5) of SEBI ( Depository and participants) Regulations, 2018. for quarter ended 30th June, 2020.'."
09-Jul-2020 15:01:00,Updates,"Ruchi Soya Industries Limited has informed the Exchange regarding 'Statement of Dematerialisation  for the month June, 2020.'."
07-Jul-2020 18:18:00,Resignation,"Ruchi Soya Industries Limited has informed the Exchange regarding Resignation of Mr Rajat Sharma as Independent Director of the company w.e.f. July 02, 2020."
07-Jul-2020 18:14:00,Appointment,"Ruchi Soya Industries Limited has informed the Exchange regarding Appointment of Mr Sanjeev Asthana as Chief Executive Officer of the company w.e.f. July 06, 2020."
07-Jul-2020 14:22:00,Copy of Newspaper Publication,Ruchi Soya Industries Limited has informed the Exchange about Copy of Newspaper Publication of letter to shareholders for transfer of shares to  IEPF suspense account.
07-Jul-2020 11:00:00,Related Party Transactions,Ruchi Soya Industries Limited has informed the Exchange about related Party Transactions  for half year ended 31.03.2020.
03-Jul-2020 20:20:00,Resignation,"Ruchi Soya Industries Limited has informed the Exchange regarding Resignation of Mr Rajat Sharma as Independent Director of the company w.e.f. July 02, 2020."
30-Jun-2020 14:51:00,News Verification,The Exchange has sought clarification from Ruchi Soya Industries Limited with respect to recent news item captioned Patanjali may reverse merge Patanjali Ayurved with Ruchi Soya.  The response from th
30-Jun-2020 12:23:00,News Verification,The Exchange has sought clarification from Ruchi Soya Industries Limited with respect to recent news item captioned Patanjali may reverse merge Patanjali Ayurved with Ruchi Soya.  The response from th
26-Jun-2020 18:15:00,Trading Window,"Ruchi Soya Industries Limited has informed the Exchange regarding the Trading Window closure pursuant to SEBI (Prohibition of Insider Trading) Regulations, 2015"
26-Jun-2020 16:03:03,Financial Result Updates,"Ruchi Soya Industries Limited has submitted to the Exchange, the financial results for the period ended March 31, 2020."
26-Jun-2020 15:57:00,Outcome of Board Meeting,"Ruchi Soya Industries Limited has informed the Exchange regarding  Board meeting held on Jun 26, 2020."
09-Jun-2020 18:45:00,Updates,Ruchi Soya Industries Limited has informed the Exchange regarding 'Dividend distribution Policy of the Company under Regulation 43(A) of SEBI(Listing Obligations and Disclosure Requirements) Regulatio
28-May-2020 19:59:00,Disclosure under SEBI Takeover Regulations,"Promoters of Ruchi Soya Industries Limited has informed the exchange regarding disclosure under regulation 30(1) 30(2) and 31 (4) of SEBI (SAST) Regulations, 2011."
23-May-2020 16:49:00,Credit Rating,Ruchi Soya Industries Limited has informed the Exchange regarding Credit Rating Disclosure of Credit Rating under Regulation 30 of the SEBI (Listing Obligations and Disclosure Requirements) Regulation
22-May-2020 21:14:00,Updates,"Ruchi Soya Industries Limited has informed the Exchange regarding 'Intimation under Regulation 30 of SEBI (Listing Obligations and Disclosure Requirements) Regulations, 2015 '."
14-May-2020 12:08:00,Updates,"Ruchi Soya Industries Limited has informed the Exchange regarding 'Certificate under Regulation 74 (5) of SEBI ( Depository and participants) Regulations, 2018. for quarter ended 31st March, 2020.'."
12-May-2020 13:11:00,Updates,"Ruchi Soya Industries Limited has informed the Exchange regarding 'Detail of De-materialisation/ Re-materialisation for the month  April, 2020.'."
11-May-2020 18:14:00,Updates,"Ruchi Soya Industries Limited has informed the Exchange regarding 'Detail of de-materialisation / re- materialisation for the month March, 2020. '."
10-Apr-2020 13:59:00,Updates,Ruchi Soya Industries Limited has informed the Exchange regarding 'Letter to stock exchanges for relaxation from the time period by a reasonable period after lockdown is lifted for allotment of shares
28-Mar-2020 21:50:00,Updates,"Ruchi Soya Industries Limited has informed the Exchange regarding 'Disclosure Under Regulations 30 of SEBI (LODR) Regulations, 2015 regarding various directives issued by Central/State/Municipal autho"
28-Mar-2020 21:36:00,Updates,"Ruchi Soya Industries Limited has informed the Exchange regarding 'Disclosure under Regulations 30 of  SEBI (LODR) Regulations, 2015 '."
21-Mar-2020 11:01:00,Trading Window,"Ruchi Soya Industries Limited has informed the Exchange regarding the Trading Window closure pursuant to SEBI (Prohibition of Insider Trading) Regulations, 2015 from 1st Day of April, 2020 till 48 hou"
05-Mar-2020 13:37:00,Updates,"Ruchi Soya Industries Limited has informed the Exchange regarding 'Detail of Dematerialisation  of February, 2020.'."
26-Feb-2020 14:18:00,Disclosure under SEBI Takeover Regulations,"Patanjali Ayurved Limited, Patanjali Parivahan Private Limited, Patanjali Gramudhyog Nyas, Divya Yog Mandir Trust have submitted to the Exchange a copy of disclosure of reasons for encumbrance."
24-Feb-2020 15:17:00,Reply to Clarification- Financial results,The Exchange had sought clarification from Ruchi Soya Industries Limited for the quarter ended 31-Dec-2019 with respect to Regulation 33 of the SEBI (Listing Obligations and Disclosure Requirements) R
20-Feb-2020 15:43:00,Clarification - Financial Results,The Exchange has sought clarification from Ruchi Soya Industries Limited for the quarter ended 31-Dec-2019 with respect to Regulation 33 of the SEBI (Listing Obligations and Disclosure Requirements) R
20-Feb-2020 15:08:00,Updates,Ruchi Soya Industries Limited has informed the Exchange regarding 'Proceedings of EGM dated 20/02/2020'.
17-Feb-2020 15:18:00,Updates,"Ruchi Soya Industries Limited has informed the Exchange regarding 'News Paper Publication of Unaudited Financial Results of the company for quarter and nine months ended 31st December, 2020.'."
15-Feb-2020 19:05:00,Shareholders meeting,"Ruchi Soya Industries Limited has informed the Exchange regarding Notice of Extraordinary General Meeting to be held on February 20, 2020"
15-Feb-2020 14:48:32,Financial Result Updates,"Ruchi Soya Industries Limited has submitted to the Exchange, the financial results for the period ended December 31, 2019."
14-Feb-2020 13:29:00,Outcome of Board Meeting,"Outcome of Board Meeting dated 14th February, 2020 for financial result of the Company for quarter and nine months ended on 31st December, 2019 duly approved by Board of Directors at its meeting held "
01-Feb-2020 19:21:00,Updates,"Ruchi Soya Industries Limited has informed the Exchange regarding 'Intimation under Regulation 30 of SEBI (LODR) Regulaton, 2015 for publication of Notice  of EGM  dated 20th February, 2020.'."
31-Jan-2020 18:21:00,Outcome of Board Meeting,"Ruchi Soya Industries Limited has informed the Exchange regarding  Board meeting held on January 31, 2020 has been referred fro few days."
