date,desc,text
10-Jul-2026 13:48:17,Allotment of Securities,"Poonawalla Fincorp Limited has informed the Exchange regarding allotment of 20000 securities pursuant to Non Convertible Securities at its meeting held on July 10, 2026"
10-Jul-2026 11:43:33,"Certificate under SEBI (Depositories and Participants) Regulations, 2018","Poonawalla Fincorp Limited has informed the Exchange about Certificate under SEBI (Depositories and Participants) Regulations, 2018"
08-Jul-2026 21:06:18,Analysts/Institutional Investor Meet/Con. Call Updates,Poonawalla Fincorp Limited has informed the Exchange about Schedule of meet
08-Jul-2026 16:19:25,Reply to Clarification- Financial results,The Exchange had sought clarification from Poonawalla Fincorp Limited for the quarter ended 31-Mar-2026 with respect to Regulation 33 of the SEBI (Listing Obligations and Disclosure Requirements) Regu
07-Jul-2026 20:02:39,ESOP/ESOS/ESPS,Poonawalla Fincorp Limited has informed the Exchange regarding Grant of 120000  Options.
07-Jul-2026 15:55:27,Issue of Securities,Poonawalla Fincorp Limited has informed the Exchange about issue of Securities
06-Jul-2026 07:53:53,General Updates,Poonawalla Fincorp Limited has informed the Exchange about General Updates
03-Jul-2026 13:22:19,Allotment of Securities,"Poonawalla Fincorp Limited has informed the Exchange regarding allotment of 50000 securities pursuant to Non Convertible Securities at its meeting held on July 03, 2026"
02-Jul-2026 16:47:06,General Updates,Poonawalla Fincorp Limited has informed the Exchange about General Updates
02-Jul-2026 16:12:51,Copy of Newspaper Publication,Poonawalla Fincorp Limited has informed the Exchange about Copy of Newspaper Publication
02-Jul-2026 16:00:09,General Updates,Poonawalla Fincorp Limited has informed the Exchange about General Updates
01-Jul-2026 23:55:38,Updates,Poonawalla Fincorp Limited has informed the Exchange regarding 'Notice of Annual General Meeting and Annual Report for the Financial Year 2025-26. '.
01-Jul-2026 23:50:42,Updates,Poonawalla Fincorp Limited has informed the Exchange regarding 'Business Responsibility and Sustainability Report for the financial year 2025-26'.
01-Jul-2026 23:41:49,Shareholders meeting,"Poonawalla Fincorp Limited has informed the Exchange regarding Notice of Annual General Meeting to be held on July 24, 2026"
01-Jul-2026 23:39:05,Updates,"Poonawalla Fincorp Limited has informed the Exchange regarding 'Register of Members & Share Transfer Books of the Company will remain closed from Saturday, July 18, 2026 to Friday, July 24, 2026 for t"
30-Jun-2026 16:31:24,Issue of Securities,Poonawalla Fincorp Limited has informed the Exchange about issue of Securities
27-Jun-2026 20:14:51,Copy of Newspaper Publication,Poonawalla Fincorp Limited has informed the Exchange about Copy of Newspaper Publication
27-Jun-2026 18:48:33,Trading Window,"Poonawalla Fincorp Limited has informed the Exchange regarding the Trading Window closure pursuant to SEBI (Prohibition of Insider Trading) Regulations, 2015"
26-Jun-2026 20:25:30,General Updates,Poonawalla Fincorp Limited has informed the Exchange about General Updates - Notice to debenture holders
26-Jun-2026 18:58:41,Copy of Newspaper Publication,Poonawalla Fincorp Limited has informed the Exchange about Copy of Newspaper Publication
25-Jun-2026 14:04:42,ESOP/ESOS/ESPS,Poonawalla Fincorp Limited has informed the Exchange regarding Allotment of 18697  Shares.
24-Jun-2026 20:04:18,Copy of Newspaper Publication,Poonawalla Fincorp Limited has informed the Exchange about Copy of Newspaper Publication
19-Jun-2026 19:50:38,Analysts/Institutional Investor Meet/Con. Call Updates,Poonawalla Fincorp Limited has informed the Exchange about Schedule of meet
05-Jun-2026 14:49:59,Copy of Newspaper Publication,Poonawalla Fincorp Limited has informed the Exchange about Copy of Newspaper Publication
02-Jun-2026 14:59:59,Copy of Newspaper Publication,Poonawalla Fincorp Limited has informed the Exchange about Copy of Newspaper Publication
01-Jun-2026 21:58:05,General Updates,Poonawalla Fincorp Limited has informed the Exchange about General Updates - Notice to debenture holders
26-May-2026 22:16:20,General Updates,Poonawalla Fincorp Limited has informed the Exchange about General Updates
26-May-2026 20:52:45,Analysts/Institutional Investor Meet/Con. Call Updates,Poonawalla Fincorp Limited has informed the Exchange about Schedule of meet
23-May-2026 14:22:18,Copy of Newspaper Publication,Poonawalla Fincorp Limited has informed the Exchange about Copy of Newspaper Publication
23-May-2026 12:19:29,ESOP/ESOS/ESPS,Poonawalla Fincorp Limited has informed the Exchange regarding Allotment of 163243  Shares.
14-May-2026 19:17:43,Analysts/Institutional Investor Meet/Con. Call Updates,Poonawalla Fincorp Limited has informed the Exchange about Schedule of meet
12-May-2026 19:05:39,Copy of Newspaper Publication,Poonawalla Fincorp Limited has informed the Exchange about Copy of Newspaper Publication
11-May-2026 20:51:26,General Updates,Poonawalla Fincorp Limited has informed the Exchange about General Updates - Notice to debenture holders
11-May-2026 20:40:47,Analysts/Institutional Investor Meet/Con. Call Updates,Poonawalla Fincorp Limited has informed the Exchange about Transcript
11-May-2026 12:59:25,Allotment of Securities,"Poonawalla Fincorp Limited has informed the Exchange regarding allotment of 100000 securities pursuant to Non Convertible Securities at its meeting held on May 11, 2026"
08-May-2026 15:06:09,Clarification - Financial Results,The Exchange has sought clarification from Poonawalla Fincorp Limited for the quarter ended 31-Mar-2026 with respect to Regulation 33 of the SEBI (Listing Obligations and Disclosure Requirements) Regu
06-May-2026 19:06:29,Copy of Newspaper Publication,Poonawalla Fincorp Limited has informed the Exchange about Copy of Newspaper Publication
06-May-2026 15:29:28,Issue of Securities,Poonawalla Fincorp Limited has informed the Exchange about issue of Securities
05-May-2026 19:44:37,Analysts/Institutional Investor Meet/Con. Call Updates,Poonawalla Fincorp Limited has informed the Exchange about Link of Recording
05-May-2026 17:32:57,General Updates,Poonawalla Fincorp Limited has informed the Exchange about General Updates
05-May-2026 17:22:02,Related Party Transactions,Poonawalla Fincorp Limited has informed the Exchange about related Party Transactions
05-May-2026 17:09:07,Updates,Poonawalla Fincorp Limited has informed the Exchange regarding 'Appointment of Joint Statutory Auditors of the Company'.
05-May-2026 17:01:28,Updates,Poonawalla Fincorp Limited has informed the Exchange regarding 'Annual General Meeting'.
05-May-2026 16:45:56,Press Release,"Poonawalla Fincorp Limited has informed the Exchange regarding a press release dated May 05, 2026, titled ""Audited Financial Results and Performance of the Company  for the quarter and year ended Marc"
05-May-2026 16:43:17,Investor Presentation,Poonawalla Fincorp Limited has informed the Exchange about Investor Presentation
05-May-2026 16:33:25,Outcome of Board Meeting,"Poonawalla Fincorp Limited has submitted to the Exchange, the financial results for the period ended March 31, 2026."
04-May-2026 23:17:16,ESOP/ESOS/ESPS,Poonawalla Fincorp Limited has informed the Exchange regarding Grant of 2125000  Options.
28-Apr-2026 17:25:42,Copy of Newspaper Publication,Poonawalla Fincorp Limited has informed the Exchange about Copy of Newspaper Publication
24-Apr-2026 19:47:54,ESOP/ESOS/ESPS,Poonawalla Fincorp Limited has informed the Exchange regarding Allotment of 68207  Shares.
24-Apr-2026 19:29:37,ESOP/ESOS/ESPS,Poonawalla Fincorp Limited has informed the Exchange regarding Grant of 25000  Options.
24-Apr-2026 13:02:15,Allotment of Securities,"Poonawalla Fincorp Limited has informed the Exchange regarding allotment of 15500 securities pursuant to Non Convertible Securities at its meeting held on April 24, 2026"
21-Apr-2026 12:55:40,Issue of Securities,Poonawalla Fincorp Limited has informed the Exchange about issue of Securities
20-Apr-2026 08:04:10,Press Release,"Poonawalla Fincorp Limited has informed the Exchange regarding a press release dated April 20, 2026, titled ""Poonawalla Fincorp strengthens AI-First vision with unified customer experience platform""."
17-Apr-2026 19:33:51,Analysts/Institutional Investor Meet/Con. Call Updates,Poonawalla Fincorp Limited has informed the Exchange about Schedule of meet
14-Apr-2026 00:01:48,Press Release,"Poonawalla Fincorp Limited has informed the Exchange regarding a press release dated April 13, 2026, titled ""Poonawalla Fincorp Successfully Raises &#8377;2,500 crore via QIP""."
13-Apr-2026 23:54:53,Qualified Institutional Placement,Poonawalla Fincorp Limited has informed the Exchange about qualified Institutional Placement - Allotment
13-Apr-2026 22:22:16,Qualified Institutional Placement,Poonawalla Fincorp Limited has informed the Exchange about qualified Institutional Placement - Issue closing and approval and adoption of placement document
10-Apr-2026 17:30:10,Reply to Clarification- Financial results,The Exchange had sought clarification from Poonawalla Fincorp Limited for the quarter ended 30-Sep-2025 with respect to Regulation 33 of the SEBI (Listing Obligations and Disclosure Requirements) Regu
10-Apr-2026 17:25:27,Disclosure under SEBI Takeover Regulations,Rising Sun Holdings Private Limited has Submitted to the Exchange a copy of Disclosure under Regulation 31(4) of the Securities and Exchange Board of India (Substantial Acquisition of Shares and Takeo
10-Apr-2026 16:24:24,"Certificate under SEBI (Depositories and Participants) Regulations, 2018","Poonawalla Fincorp Limited has informed the Exchange about Certificate under SEBI (Depositories and Participants) Regulations, 2018"
09-Apr-2026 19:57:49,Committee Meeting Updates,"Poonawalla Fincorp Limited has informed the Exchange regarding Outcome of Committee Meeting held on April 09, 2026."
09-Apr-2026 18:43:20,Updates,"Poonawalla Fincorp Limited has informed the Exchange regarding 'Condensed consolidated interim unaudited financial statements of our Company as at and for the nine months ended December 31, 2025 and t"
08-Apr-2026 17:33:40,ESOP/ESOS/ESPS,Poonawalla Fincorp Limited has informed the Exchange regarding Grant of 930000  Options.
06-Apr-2026 08:19:04,General Updates,Poonawalla Fincorp Limited has informed the Exchange about General Updates
02-Apr-2026 15:20:53,Updates,"Poonawalla Fincorp Limited has informed the Exchange regarding ' Intimation under Regulation 6(1) & 7(1) of the SEBI (Listing Obligations and Disclosure Requirements), Regulations, 2015'."
27-Mar-2026 22:30:34,Trading Window,"Poonawalla Fincorp Limited has informed the Exchange regarding the Trading Window closure pursuant to SEBI (Prohibition of Insider Trading) Regulations, 2015"
27-Mar-2026 21:58:08,ESOP/ESOS/ESPS,Poonawalla Fincorp Limited has informed the Exchange regarding Grant of 1000000  Options.
25-Mar-2026 15:13:40,Copy of Newspaper Publication,Poonawalla Fincorp Limited has informed the Exchange about Copy of Newspaper Publication
21-Mar-2026 01:22:47,Credit Rating,Poonawalla Fincorp Limited has informed the Exchange about Credit Rating
21-Mar-2026 01:20:44,Credit Rating,Poonawalla Fincorp Limited has informed the Exchange about Credit Rating
20-Mar-2026 23:23:34,Allotment of Securities,"Poonawalla Fincorp Limited has informed the Exchange regarding allotment of 28850 securities pursuant to ESOP/ESPS at its meeting held on March 20, 2026"
28-Feb-2026 16:20:47,Copy of Newspaper Publication,Poonawalla Fincorp Limited has informed the Exchange about Copy of Newspaper Publication
20-Feb-2026 12:34:52,Allotment of Securities,"Poonawalla Fincorp Limited has informed the Exchange regarding allotment of 100000 securities pursuant to Non Convertible Securities at its meeting held on February 20, 2026"
19-Feb-2026 22:28:15,Shareholders meeting,"Poonawalla Fincorp Limited has submitted the Exchange a copy Srutinizers report of  Postal Ballot. Further, the company has informed the Exchange regarding voting results."
18-Feb-2026 13:35:33,ESOP/ESOS/ESPS,Poonawalla Fincorp Limited has informed the Exchange regarding Allotment of 68092  Shares.
16-Feb-2026 13:18:20,Issue of Securities,Poonawalla Fincorp Limited has informed the Exchange about issue of Securities
05-Feb-2026 13:24:41,Allotment of Securities,"Poonawalla Fincorp Limited has informed the Exchange regarding allotment of 50000 securities pursuant to Non Convertible Securities at its meeting held on February 05, 2026"
04-Feb-2026 18:53:15,Analysts/Institutional Investor Meet/Con. Call Updates,Poonawalla Fincorp Limited has informed the Exchange about Schedule of meet
03-Feb-2026 22:31:40,General Updates,Poonawalla Fincorp Limited has informed the Exchange about General Updates
02-Feb-2026 14:28:00,Issue of Securities,Poonawalla Fincorp Limited has informed the Exchange about issue of Securities
30-Jan-2026 18:35:54,Copy of Newspaper Publication,Poonawalla Fincorp Limited has informed the Exchange about Copy of Newspaper Publication
30-Jan-2026 16:55:26,Reply to Clarification- Financial results,The Exchange had sought clarification from Poonawalla Fincorp Limited for the quarter ended 31-Dec-2025 with respect to Regulation 33 of the SEBI (Listing Obligations and Disclosure Requirements) Regu
29-Jan-2026 19:37:17,Copy of Newspaper Publication,Poonawalla Fincorp Limited has informed the Exchange about Copy of Newspaper Publication
28-Jan-2026 08:18:52,Press Release,"Poonawalla Fincorp Limited has informed the Exchange regarding a press release dated January 28, 2026, titled ""Poonawalla Fincorp Deepens AI-First Transformation with Five New EnterpriseAI Solutions""."
23-Jan-2026 15:49:04,Clarification - Financial Results,The Exchange has sought clarification from Poonawalla Fincorp Limited for the quarter ended 31-Dec-2025 with respect to Regulation 33 of the SEBI (Listing Obligations and Disclosure Requirements) Regu
22-Jan-2026 21:22:11,ESOP/ESOS/ESPS,Poonawalla Fincorp Limited has informed the Exchange regarding Allotment of 91607  Shares.
22-Jan-2026 21:19:17,ESOP/ESOS/ESPS,Poonawalla Fincorp Limited has informed the Exchange regarding Grant of 500000  Options.
22-Jan-2026 19:24:51,Copy of Newspaper Publication,Poonawalla Fincorp Limited has informed the Exchange about Copy of Newspaper Publication
21-Jan-2026 20:59:45,Analysts/Institutional Investor Meet/Con. Call Updates,Poonawalla Fincorp Limited has informed the Exchange about Transcript
21-Jan-2026 19:10:38,Copy of Newspaper Publication,Poonawalla Fincorp Limited has informed the Exchange about Copy of Newspaper Publication
20-Jan-2026 21:09:52,Shareholders meeting,Poonawalla Fincorp Limited has informed the Exchange regarding Notice of Postal Ballot
20-Jan-2026 18:32:55,Analysts/Institutional Investor Meet/Con. Call Updates,Poonawalla Fincorp Limited has informed the Exchange about Schedule of meet
18-Jan-2026 10:55:35,Investor Presentation,Poonawalla Fincorp Limited has informed the Exchange about Investor Presentation
17-Jan-2026 17:53:33,Copy of Newspaper Publication,Poonawalla Fincorp Limited has informed the Exchange about Copy of Newspaper Publication
16-Jan-2026 22:08:55,Analysts/Institutional Investor Meet/Con. Call Updates,Poonawalla Fincorp Limited has informed the Exchange about Link of Recording
16-Jan-2026 16:41:54,Press Release,"Poonawalla Fincorp Limited has informed the Exchange regarding a press release dated January 16, 2026, titled "" Unaudited Financial Results and Performance of the Company for the quarter and nine mont"
16-Jan-2026 16:31:18,Investor Presentation,Poonawalla Fincorp Limited has informed the Exchange about Investor Presentation
16-Jan-2026 16:22:48,Qualified Institutional Placement,Poonawalla Fincorp Limited has informed the Exchange about  raising of funds by way of issuance of equity shares of the Company on qualified institutions placement.
16-Jan-2026 16:18:22,Change in Director(s),Poonawalla Fincorp Limited has informed the Exchange regarding Change in Director(s) of the company.
16-Jan-2026 16:11:54,Outcome of Board Meeting,"Poonawalla Fincorp Limited has informed the Exchange regarding Outcome of Board Meeting held on January 16, 2026."
16-Jan-2026 16:07:21,Outcome of Board Meeting,"Poonawalla Fincorp Limited has submitted to the Exchange, the financial results for the period ended December 31, 2025."
13-Jan-2026 13:30:10,Clarification - Financial Results,The Exchange has sought clarification from Poonawalla Fincorp Limited for the quarter ended 30-Sep-2025 with respect to Regulation 33 of the SEBI (Listing Obligations and Disclosure Requirements) Regu
09-Jan-2026 20:23:49,"Certificate under SEBI (Depositories and Participants) Regulations, 2018","Poonawalla Fincorp Limited has informed the Exchange about Certificate under SEBI (Depositories and Participants) Regulations, 2018"
06-Jan-2026 21:18:39,Analysts/Institutional Investor Meet/Con. Call Updates,Poonawalla Fincorp Limited has informed the Exchange about Schedule of meet
05-Jan-2026 13:17:19,Updates,"Poonawalla Fincorp Limited has informed the Exchange regarding 'Intimation under Regulation 6(1) & 7(1) of the SEBI (Listing Obligations and Disclosure Requirements), Regulations, 2015'."
05-Jan-2026 08:25:10,General Updates,Poonawalla Fincorp Limited has informed the Exchange about General Updates
30-Dec-2025 18:03:37,Copy of Newspaper Publication,Poonawalla Fincorp Limited has informed the Exchange about Copy of Newspaper Publication
30-Dec-2025 17:57:11,Copy of Newspaper Publication,Poonawalla Fincorp Limited has informed the Exchange about Copy of Newspaper Publication
29-Dec-2025 14:45:07,Trading Window,"Poonawalla Fincorp Limited has informed the Exchange regarding the Trading Window closure pursuant to SEBI (Prohibition of Insider Trading) Regulations, 2015"
24-Dec-2025 13:11:15,Allotment of Securities,"Poonawalla Fincorp Limited has informed the Exchange regarding allotment of 50700 securities pursuant to Non Convertible Securities at its meeting held on December 24, 2025"
19-Dec-2025 19:50:23,ESOP/ESOS/ESPS,Poonawalla Fincorp Limited has informed the Exchange regarding Allotment of 42294  Shares.
19-Dec-2025 12:32:56,Issue of Securities,Poonawalla Fincorp Limited has informed the Exchange about issue of Securities
12-Dec-2025 23:01:57,Credit Rating,Poonawalla Fincorp Limited has informed the Exchange about Credit Rating
11-Dec-2025 21:21:46,General Updates,Poonawalla Fincorp Limited has informed the Exchange about General Updates
10-Dec-2025 08:09:58,Press Release,"Poonawalla Fincorp Limited has informed the Exchange regarding a press release dated December 10, 2025, titled ""Poonawalla Fincorp s Credit AI Achieves full Adoption in Personal Loans Business""."
09-Dec-2025 18:27:35,Change in Director(s),Poonawalla Fincorp Limited has informed the Exchange regarding Change in Director(s) of the company.
27-Nov-2025 19:57:14,Copy of Newspaper Publication,Poonawalla Fincorp Limited has informed the Exchange about Copy of Newspaper Publication
27-Nov-2025 19:17:00,Copy of Newspaper Publication,Poonawalla Fincorp Limited has informed the Exchange about Copy of Newspaper Publication
22-Nov-2025 15:12:45,ESOP/ESOS/ESPS,Poonawalla Fincorp Limited has informed the Exchange regarding Allotment of 49390  Shares.
17-Nov-2025 19:18:18,Analysts/Institutional Investor Meet/Con. Call Updates,Poonawalla Fincorp Limited has informed the Exchange about Schedule of meet
17-Nov-2025 12:44:37,Action(s) taken or orders passed,Poonawalla Fincorp Limited has informed the Exchange about Action(s) taken or orders passed
10-Nov-2025 13:31:25,Analysts/Institutional Investor Meet/Con. Call Updates,Poonawalla Fincorp Limited has informed the Exchange about Schedule of meet
04-Nov-2025 18:23:01,Analysts/Institutional Investor Meet/Con. Call Updates,Poonawalla Fincorp Limited has informed the Exchange about Schedule of meet
03-Nov-2025 07:55:51,Updates,Official Statement On Recent Circulations And Clarifications.
01-Nov-2025 16:28:23,ESOP/ESOS/ESPS,Poonawalla Fincorp Limited has informed the Exchange regarding Allotment of 92707  Shares.
31-Oct-2025 13:24:11,Allotment of Securities,"Poonawalla Fincorp Limited has informed the Exchange regarding allotment of 200000 securities pursuant to Non Convertible Securities at its meeting held on October 31, 2025"
28-Oct-2025 13:31:00,Issue of Securities,Poonawalla Fincorp Limited has informed the Exchange about issue of Securities
27-Oct-2025 17:52:38,Copy of Newspaper Publication,Poonawalla Fincorp Limited has informed the Exchange about Copy of Newspaper Publication
27-Oct-2025 17:51:27,Copy of Newspaper Publication,Poonawalla Fincorp Limited has informed the Exchange about Copy of Newspaper Publication
27-Oct-2025 17:36:58,Copy of Newspaper Publication,Poonawalla Fincorp Limited has informed the Exchange about Copy of Newspaper Publication
27-Oct-2025 17:08:19,Analysts/Institutional Investor Meet/Con. Call Updates,Poonawalla Fincorp Limited has informed the Exchange about Transcript
27-Oct-2025 11:42:56,Updates,"Poonawalla Fincorp Limited has informed the Exchange regarding 'Corrigendum to the Press Release dated October 27, 2025'."
27-Oct-2025 08:24:38,Press Release,"Poonawalla Fincorp Limited has informed the Exchange regarding a press release dated October 27, 2025, titled ""Poonawalla Fincorp Expands AI-first Transformation with Five New Deployments in HR, Gover"
18-Oct-2025 18:26:42,Copy of Newspaper Publication,Poonawalla Fincorp Limited has informed the Exchange about Copy of Newspaper Publication
17-Oct-2025 19:55:23,Analysts/Institutional Investor Meet/Con. Call Updates,Poonawalla Fincorp Limited has informed the Exchange about Link of Recording
17-Oct-2025 19:49:31,Monitoring Agency Report,"Please find attached Monitoring Agency Report for the quarter ended September 30, 2025, issued by CARE Ratings Limited, Monitoring Agency, in respect of the utilization of proceeds raised through Pref"
17-Oct-2025 16:50:53,Press Release,"Poonawalla Fincorp Limited has informed the Exchange regarding a press release dated October 17, 2025, titled ""Unaudited Financial Results and Performance of the Company for the quarter and half year "
17-Oct-2025 16:47:52,Investor Presentation,Poonawalla Fincorp Limited has informed the Exchange about Investor Presentation
17-Oct-2025 16:43:33,Statement of deviation(s) or variation(s) under Reg. 32,Poonawalla Fincorp Limited has informed the Exchange about statement of deviation(s) or variation(s) under Reg. 32
17-Oct-2025 16:36:56,Related Party Transactions,Poonawalla Fincorp Limited has informed the Exchange about related Party Transactions
17-Oct-2025 16:27:34,Outcome of Board Meeting,"Poonawalla Fincorp Limited has submitted to the Exchange, the financial results for the period ended September 30, 2025."
15-Oct-2025 15:07:55,Allotment of Securities,"Poonawalla Fincorp Limited has informed the Exchange regarding allotment of 300000 securities pursuant to Non Convertible Securities at its meeting held on October 15, 2025"
10-Oct-2025 13:07:02,Issue of Securities,Poonawalla Fincorp Limited has informed the Exchange about issue of Securities
09-Oct-2025 15:55:51,"Certificate under SEBI (Depositories and Participants) Regulations, 2018","Poonawalla Fincorp Limited has informed the Exchange about Certificate under SEBI (Depositories and Participants) Regulations, 2018"
09-Oct-2025 14:46:26,Analysts/Institutional Investor Meet/Con. Call Updates,Poonawalla Fincorp Limited has informed the Exchange about Schedule of meet
06-Oct-2025 08:29:49,General Updates,Poonawalla Fincorp Limited has informed the Exchange about General Updates
03-Oct-2025 12:03:05,Updates,"Poonawalla Fincorp Limited has informed the Exchange regarding 'Intimation under Regulation 6(1) & 7(1) of the SEBI (Listing Obligations and Disclosure Requirements), Regulations, 2015'."
26-Sep-2025 19:08:56,Trading Window,"Poonawalla Fincorp Limited has informed the Exchange regarding the Trading Window closure pursuant to SEBI (Prohibition of Insider Trading) Regulations, 2015"
23-Sep-2025 20:07:18,Copy of Newspaper Publication,Poonawalla Fincorp Limited has informed the Exchange about Copy of Newspaper Publication
18-Sep-2025 20:00:43,ESOP/ESOS/ESPS,Poonawalla Fincorp Limited has informed the Exchange regarding Allotment of 88020  Shares.
17-Sep-2025 18:54:47,Allotment of Securities,"Poonawalla Fincorp Limited has informed the Exchange regarding allotment of 33148102 securities pursuant to Preferential Issue at its meeting held on September 17, 2025"
15-Sep-2025 22:39:47,Analysts/Institutional Investor Meet/Con. Call Updates,Poonawalla Fincorp Limited has informed the Exchange about Schedule of meet
11-Sep-2025 18:26:02,Copy of Newspaper Publication,Poonawalla Fincorp Limited has informed the Exchange about Copy of Newspaper Publication
10-Sep-2025 13:26:26,Allotment of Securities,"Poonawalla Fincorp Limited has informed the Exchange regarding allotment of 100000 securities pursuant to Non Convertible Securities at its meeting held on September 10, 2025"
09-Sep-2025 18:20:01,Copy of Newspaper Publication,Poonawalla Fincorp Limited has informed the Exchange about Copy of Newspaper Publication
08-Sep-2025 20:56:02,General Updates,Poonawalla Fincorp Limited has informed the Exchange about General Updates-Intimation to Debenture holders
08-Sep-2025 20:50:36,Analysts/Institutional Investor Meet/Con. Call Updates,Poonawalla Fincorp Limited has informed the Exchange about Schedule of meet
08-Sep-2025 20:06:54,General Updates,Poonawalla Fincorp Limited has informed the Exchange about General Updates
05-Sep-2025 16:29:45,Updates,Poonawalla Fincorp Limited has informed the Exchange regarding 'Update on the issue of Securities'.
04-Sep-2025 14:35:33,Issue of Securities,Poonawalla Fincorp Limited has informed the Exchange about issue of Securities
03-Sep-2025 17:25:12,Analysts/Institutional Investor Meet/Con. Call Updates,Poonawalla Fincorp Limited has informed the Exchange about Schedule of meet
25-Aug-2025 19:12:50,Shareholders meeting,"Poonawalla Fincorp Limited has submitted the Exchange a copy Srutinizers report of  Postal Ballot. Further, the company has informed the Exchange regarding voting results."
25-Aug-2025 18:24:07,Updates,Intimation To The Stock Exchanges From Poonawalla Fincorp Limited.
25-Aug-2025 15:23:31,Allotment of Securities,"Poonawalla Fincorp Limited has informed the Exchange regarding allotment of 35000 securities pursuant to Non Convertible Securities at its meeting held on August 25, 2025"
23-Aug-2025 12:17:14,Copy of Newspaper Publication,Poonawalla Fincorp Limited has informed the Exchange about Copy of Newspaper Publication
22-Aug-2025 18:16:42,ESOP/ESOS/ESPS,Poonawalla Fincorp Limited has informed the Exchange regarding Allotment of 87290  Shares.
22-Aug-2025 14:09:26,Corrigendum,"Poonawalla Fincorp Limited has informed the Exchange regarding Corrigendum to Notice of Postal Ballot dated July 25, 2025"
20-Aug-2025 19:29:36,Copy of Newspaper Publication,Poonawalla Fincorp Limited has informed the Exchange about Copy of Newspaper Publication
20-Aug-2025 16:01:13,Issue of Securities,Poonawalla Fincorp Limited has informed the Exchange about issue of Securities
19-Aug-2025 18:31:35,Copy of Newspaper Publication,Poonawalla Fincorp Limited has informed the Exchange about Copy of Newspaper Publication
18-Aug-2025 16:40:43,Copy of Newspaper Publication,Poonawalla Fincorp Limited has informed the Exchange about Copy of Newspaper Publication
14-Aug-2025 23:37:04,General Updates,Poonawalla Fincorp Limited has informed the Exchange about General Updates- Notice to Debenture holders.
07-Aug-2025 15:14:18,Analysts/Institutional Investor Meet/Con. Call Updates,Poonawalla Fincorp Limited has informed the Exchange about Schedule of meet
31-Jul-2025 20:00:25,Analysts/Institutional Investor Meet/Con. Call Updates,Poonawalla Fincorp Limited has informed the Exchange about Transcript
31-Jul-2025 07:36:09,Press Release,"Poonawalla Fincorp Limited has informed the Exchange regarding a press release dated July 31, 2025, titled ""Poonawalla Fincorp Deploys 4 AI Solutions in Operations and Finance""."
30-Jul-2025 18:45:29,ESOP/ESOS/ESPS,Poonawalla Fincorp Limited has informed the Exchange regarding Allotment of 202068  Shares.
30-Jul-2025 08:01:04,Shareholders meeting,"Poonawalla Fincorp Limited has informed the Exchange regarding Proceedings of Annual General Meeting held on July 29, 2025. Further, the company has submitted the Exchange a copy of Srutinizers report"
26-Jul-2025 17:01:50,Copy of Newspaper Publication,Poonawalla Fincorp Limited has informed the Exchange about Copy of Newspaper Publication
26-Jul-2025 15:26:02,Copy of Newspaper Publication,Poonawalla Fincorp Limited has informed the Exchange about Copy of Newspaper Publication
25-Jul-2025 23:11:37,Shareholders meeting,Poonawalla Fincorp Limited has informed the Exchange regarding Notice of Postal Ballot
25-Jul-2025 21:57:04,Analysts/Institutional Investor Meet/Con. Call Updates,Poonawalla Fincorp Limited has informed the Exchange about Link of Recording
25-Jul-2025 18:46:03,Preferential issue,Poonawalla Fincorp Limited has informed the Exchange about Preferential issue
25-Jul-2025 17:04:00,Outcome of Board Meeting,"Poonawalla Fincorp Limited has informed the Exchange regarding Outcome of Board Meeting held on July 25, 2025."
25-Jul-2025 16:55:15,Press Release,"Poonawalla Fincorp Limited has informed the Exchange regarding a press release dated July 25, 2025, titled ""Unaudited Financial Results and Performance of the Company for the quarter June 30, 2025."""
25-Jul-2025 16:49:58,Investor Presentation,Poonawalla Fincorp Limited has informed the Exchange about Investor Presentation
25-Jul-2025 16:41:41,Outcome of Board Meeting,"Poonawalla Fincorp Limited has submitted to the Exchange, the financial results for the period ended Jun 30, 2025."
23-Jul-2025 20:41:08,Copy of Newspaper Publication,Poonawalla Fincorp Limited has informed the Exchange about Copy of Newspaper Publication
18-Jul-2025 20:27:08,Analysts/Institutional Investor Meet/Con. Call Updates,Poonawalla Fincorp Limited has informed the Exchange about Schedule of meet
15-Jul-2025 21:50:40,"Certificate under SEBI (Depositories and Participants) Regulations, 2018","Poonawalla Fincorp Limited has informed the Exchange about Certificate under SEBI (Depositories and Participants) Regulations, 2018"
15-Jul-2025 13:59:36,Allotment of Securities,"Poonawalla Fincorp Limited has informed the Exchange regarding allotment of 100500 securities pursuant to Non Convertible Securities at its meeting held on July 15, 2025"
10-Jul-2025 12:46:32,Issue of Securities,Poonawalla Fincorp Limited has informed the Exchange about issue of Securities
08-Jul-2025 21:59:42,Copy of Newspaper Publication,Poonawalla Fincorp Limited has informed the Exchange about Copy of Newspaper Publication
08-Jul-2025 21:42:06,General Updates,Poonawalla Fincorp Limited has informed the Exchange about General Updates
08-Jul-2025 16:14:02,Reply to Clarification- Financial results,The Exchange had sought clarification from Poonawalla Fincorp Limited for the quarter ended 31-Mar-2025 with respect to Regulation 33 of the SEBI (Listing Obligations and Disclosure Requirements) Regu
07-Jul-2025 23:34:53,Shareholders meeting,"Poonawalla Fincorp Limited has informed the Exchange regarding Notice of undefined to be held on July 29, 2025"
07-Jul-2025 16:49:01,Updates,"Poonawalla Fincorp Limited has informed the Exchange regarding 'Intimation under Regulation 6(1) & 7(1) of the SEBI (Listing Obligations and Disclosure Requirements), Regulations, 2015'."
05-Jul-2025 10:29:07,Credit Rating,Poonawalla Fincorp Limited has informed the Exchange about Credit Rating
04-Jul-2025 07:45:52,General Updates,Poonawalla Fincorp Limited has informed the Exchange about General Updates
03-Jul-2025 22:13:57,Credit Rating,Poonawalla Fincorp Limited has informed the Exchange about Credit Rating
01-Jul-2025 19:56:42,Copy of Newspaper Publication,Poonawalla Fincorp Limited has informed the Exchange about Copy of Newspaper Publication
30-Jun-2025 19:10:12,ESOP/ESOS/ESPS,Poonawalla Fincorp Limited has informed the Exchange regarding Grant of 50000  Options.
27-Jun-2025 21:48:51,Trading Window,"Poonawalla Fincorp Limited has informed the Exchange regarding the Trading Window closure pursuant to SEBI (Prohibition of Insider Trading) Regulations, 2015"
25-Jun-2025 22:39:51,General Updates,Poonawalla Fincorp Limited has informed the Exchange about General Updates
25-Jun-2025 15:16:17,Allotment of Securities,"Poonawalla Fincorp Limited has informed the Exchange regarding allotment of 80000 securities pursuant to Non Convertible Securities at its meeting held on Jun 25, 2025"
20-Jun-2025 12:56:07,Issue of Securities,Poonawalla Fincorp Limited has informed the Exchange about issue of Securities
19-Jun-2025 12:49:08,ESOP/ESOS/ESPS,Poonawalla Fincorp Limited has informed the Exchange regarding Allotment of 593688  Shares.
16-Jun-2025 18:29:24,Shareholders meeting,"Poonawalla Fincorp Limited has submitted the Exchange a copy Srutinizers report of  Postal Ballot. Further, the company has informed the Exchange regarding voting results."
13-Jun-2025 12:05:54,Clarification - Financial Results,The Exchange has sought clarification from Poonawalla Fincorp Limited for the quarter ended 31-Mar-2025 with respect to Regulation 33 of the SEBI (Listing Obligations and Disclosure Requirements) Regu
12-Jun-2025 18:23:06,ESOP/ESOS/ESPS,Poonawalla Fincorp Limited has informed the Exchange regarding Grant of 150000  Options.
12-Jun-2025 14:59:19,Allotment of Securities,"Poonawalla Fincorp Limited has informed the Exchange regarding allotment of 50000 securities pursuant to Non Convertible Securities at its meeting held on Jun 12, 2025"
09-Jun-2025 13:57:21,Issue of Securities,Poonawalla Fincorp Limited has informed the Exchange about issue of Securities
09-Jun-2025 11:18:48,Press Release,"Poonawalla Fincorp Limited has informed the Exchange regarding a press release dated Jun 09, 2025, titled ""Poonawalla Fincorp Launches Industry-First 24/7 Fully Digital Business Loans for MSMEs""."
06-Jun-2025 17:24:40,Copy of Newspaper Publication,Poonawalla Fincorp Limited has informed the Exchange about Copy of Newspaper Publication
05-Jun-2025 13:29:06,Allotment of Securities,"Poonawalla Fincorp Limited has informed the Exchange regarding allotment of 25000 securities pursuant to Non Convertible Securities at its meeting held on Jun 05, 2025"
04-Jun-2025 19:45:10,Analysts/Institutional Investor Meet/Con. Call Updates,Poonawalla Fincorp Limited has informed the Exchange about Schedule of meet
02-Jun-2025 14:07:21,Issue of Securities,Poonawalla Fincorp Limited has informed the Exchange about issue of Securities
29-May-2025 16:59:52,Credit Rating,Poonawalla Fincorp Limited has informed the Exchange about Credit Rating
28-May-2025 23:53:58,Credit Rating,Poonawalla Fincorp Limited has informed the Exchange about Credit Rating
28-May-2025 17:53:44,Allotment of Securities,"Poonawalla Fincorp Limited has informed the Exchange regarding allotment of 181000 securities pursuant to Non Convertible Securities at its meeting held on May 28, 2025"
23-May-2025 21:36:16,ESOP/ESOS/ESPS,Poonawalla Fincorp Limited has informed the Exchange regarding Allotment of 123325  Shares.
23-May-2025 13:58:11,Issue of Securities,Poonawalla Fincorp Limited has informed the Exchange about issue of Securities
22-May-2025 08:15:19,Press Release,"Poonawalla Fincorp Limited has informed the Exchange regarding a press release dated May 22, 2025, titled ""Poonawalla Fincorp Accelerates AI-led Transformation in Customer Engagement and Compliance""."
20-May-2025 20:39:23,Analysts/Institutional Investor Meet/Con. Call Updates,Poonawalla Fincorp Limited has informed the Exchange about Schedule of meet
19-May-2025 17:29:04,Allotment of Securities,"Poonawalla Fincorp Limited has informed the Exchange regarding allotment of 56500 securities pursuant to Non Convertible Securities at its meeting held on May 19, 2025"
17-May-2025 16:33:21,Copy of Newspaper Publication,Poonawalla Fincorp Limited has informed the Exchange about Copy of Newspaper Publication
16-May-2025 18:36:33,Shareholders meeting,Poonawalla Fincorp Limited has informed the Exchange regarding Notice of Postal Ballot
14-May-2025 16:29:16,Issue of Securities,Poonawalla Fincorp Limited has informed the Exchange about issue of Securities
13-May-2025 13:48:57,General Updates,Poonawalla Fincorp Limited has informed the Exchange about General Updates
13-May-2025 11:11:22,ESOP/ESOS/ESPS,Poonawalla Fincorp Limited has informed the Exchange regarding Grant of 90000  Options.
02-May-2025 21:17:22,Analysts/Institutional Investor Meet/Con. Call Updates,Poonawalla Fincorp Limited has informed the Exchange about Transcript
29-Apr-2025 20:14:33,Disclosure under SEBI Takeover Regulations, Rising Sun Holdings Private Limited has Submitted to the Exchange a copy of Disclosure under Regulation 31(4) of the Securities and Exchange Board of India (Substantial Acquisition of Shares and Take
28-Apr-2025 07:56:08,Press Release,"Poonawalla Fincorp Limited has informed the Exchange regarding a press release dated April 28, 2025, titled ""Poonawalla Fincorp Implements AI-Powered Debt management Platform""."
26-Apr-2025 22:01:28,Copy of Newspaper Publication,Poonawalla Fincorp Limited has informed the Exchange about Copy of Newspaper Publication
25-Apr-2025 22:07:24,Analysts/Institutional Investor Meet/Con. Call Updates,Poonawalla Fincorp Limited has informed the Exchange about Link of Recording
25-Apr-2025 20:51:55,Updates,"Poonawalla Fincorp Limited has informed the Exchange regarding ' Intimation Under Regulation 8(2) Of SEBI (Prohibition Of Insider Trading) Regulations , 2015'."
25-Apr-2025 18:51:51,Updates,"Poonawalla Fincorp Limited has informed the Exchange regarding ' appointment of SIUT & Co LLP, Company Secretaries as the Secretarial Auditors of the Comany'."
25-Apr-2025 17:33:38,Press Release,"Poonawalla Fincorp Limited has informed the Exchange regarding a press release dated April 25, 2025, titled ""Audited Financial Results and Performance of the Company for the quarter and year ended Mar"
25-Apr-2025 17:30:52,Related Party Transactions,Poonawalla Fincorp Limited has informed the Exchange about related Party Transactions
25-Apr-2025 17:28:19,Updates,Poonawalla Fincorp Limited has informed the Exchange regarding 'Annual General Meeting'.
25-Apr-2025 17:14:14,Investor Presentation,Poonawalla Fincorp Limited has informed the Exchange about Investor Presentation
25-Apr-2025 17:03:44,Outcome of Board Meeting,"Poonawalla Fincorp Limited has informed the Exchange regarding Outcome of Board Meeting held on April 25, 2025."
24-Apr-2025 22:04:55,ESOP/ESOS/ESPS,Poonawalla Fincorp Limited has informed the Exchange regarding Allotment of 187825  Shares.
24-Apr-2025 21:41:53,ESOP/ESOS/ESPS,Poonawalla Fincorp Limited has informed the Exchange regarding Grant of 70000  Options.
22-Apr-2025 08:07:01,Press Release,"Poonawalla Fincorp Limited has informed the Exchange regarding a press release dated April 22, 2025, titled ""Poonawalla Fincorp Enters Consumer Durables Loans Market to Accelerate Customer Acquisition"
21-Apr-2025 21:03:27,Allotment of Securities,"Poonawalla Fincorp Limited has informed the Exchange regarding allotment of 152500 securities pursuant to Non Convertible Securities at its meeting held on April 21, 2025"
19-Apr-2025 21:26:49,Analysts/Institutional Investor Meet/Con. Call Updates,Poonawalla Fincorp Limited has informed the Exchange about Schedule of meet
15-Apr-2025 16:42:38,Issue of Securities,Poonawalla Fincorp Limited has informed the Exchange about issue of Securities
15-Apr-2025 15:05:46,"Certificate under SEBI (Depositories and Participants) Regulations, 2018","Poonawalla Fincorp Limited has informed the Exchange about Certificate under SEBI (Depositories and Participants) Regulations, 2018"
15-Apr-2025 07:55:20,Press Release,"Poonawalla Fincorp Limited has informed the Exchange regarding a press release dated April 15, 2025, titled ""Poonawalla Fincorp Launches Gold Loan Business""."
14-Apr-2025 21:50:41,ESOP/ESOS/ESPS,Poonawalla Fincorp Limited has informed the Exchange regarding Grant of 155000  Options.
08-Apr-2025 08:06:54,Press Release,"Poonawalla Fincorp Limited has informed the Exchange regarding a press release dated April 08, 2025, titled ""Poonawalla Fincorp Launches Shopkeeper Loan Business""."
07-Apr-2025 23:07:10,Updates,"Poonawalla Fincorp Limited has informed the Exchange regarding 'Intimation under Regulation 6(1) & 7(1) of the SEBI (Listing Obligations and Disclosure Requirements), Regulations, 2015'."
03-Apr-2025 11:25:11,General Updates,Poonawalla Fincorp Limited has informed the Exchange about General Updates
27-Mar-2025 19:02:41,Trading Window,"Poonawalla Fincorp Limited has informed the Exchange regarding the Trading Window closure pursuant to SEBI (Prohibition of Insider Trading) Regulations, 2015"
25-Mar-2025 10:29:29,Credit Rating- New,Poonawalla Fincorp Limited has informed the Exchange about Credit Rating- New
24-Mar-2025 07:59:55,Press Release,"Poonawalla Fincorp Limited has informed the Exchange regarding a press release dated March 24, 2025, titled ""Poonawalla Fincorp unveils AI-Powered Underwriting Solution""."
19-Mar-2025 20:03:14,ESOP/ESOS/ESPS,Poonawalla Fincorp Limited has informed the Exchange regarding Allotment of 4150  Shares.
18-Mar-2025 19:48:58,Analysts/Institutional Investor Meet/Con. Call Updates,Poonawalla Fincorp Limited has informed the Exchange about Schedule of meet
17-Mar-2025 08:43:11,Press Release,"Poonawalla Fincorp Limited has informed the Exchange regarding a press release dated March 17, 2025, titled ""Poonawalla Fincorp Launches Commercial Vehicle Loan Business for Bharat""."
13-Mar-2025 19:35:37,Analysts/Institutional Investor Meet/Con. Call Updates,Poonawalla Fincorp Limited has informed the Exchange about Schedule of meet
12-Mar-2025 19:57:54,ESOP/ESOS/ESPS,Poonawalla Fincorp Limited has informed the Exchange regarding Grant of 50000  Options.
12-Mar-2025 18:17:13,Analysts/Institutional Investor Meet/Con. Call Updates,Poonawalla Fincorp Limited has informed the Exchange about Schedule of meet
12-Mar-2025 18:15:22,Analysts/Institutional Investor Meet/Con. Call Updates,Poonawalla Fincorp Limited has informed the Exchange about Schedule of meet
10-Mar-2025 08:31:17,Press Release,"Poonawalla Fincorp Limited has informed the Exchange regarding a press release dated March 10, 2025, titled ""Poonawalla Fincorp Forays into Education Loans Business, Offers Financing up to INR 3 Crore"
04-Mar-2025 13:26:45,Analysts/Institutional Investor Meet/Con. Call Updates,Poonawalla Fincorp Limited has informed the Exchange about Schedule of meet
04-Mar-2025 11:35:25,Updates,"Poonawalla Fincorp Limited has informed the Exchange regarding ''Regulation 30 of the Securities and Exchange Board of India (Listing Obligations and Disclosure Requirements) Regulations, 2015'."
03-Mar-2025 13:15:46,Press Release,"Poonawalla Fincorp Limited has informed the Exchange regarding a press release dated March 03, 2025, titled ""Poonawalla Fincorp Launches Industry-First Digital Prime Personal Loan for Salaried Profess"
26-Feb-2025 23:31:29,ESOP/ESOS/ESPS,Poonawalla Fincorp Limited has informed the Exchange regarding Grant of 150000  Options.
20-Feb-2025 23:05:58,ESOP/ESOS/ESPS,Poonawalla Fincorp Limited has informed the Exchange regarding Allotment of 1000  Shares.
20-Feb-2025 23:03:33,ESOP/ESOS/ESPS,Poonawalla Fincorp Limited has informed the Exchange regarding Grant of 75000  Options.
15-Feb-2025 00:48:31,Credit Rating,Poonawalla Fincorp Limited has informed the Exchange about Credit Rating
12-Feb-2025 23:34:36,Analysts/Institutional Investor Meet/Con. Call Updates,Poonawalla Fincorp Limited has informed the Exchange about Schedule of meet
11-Feb-2025 22:31:23,ESOP/ESOS/ESPS,Poonawalla Fincorp Limited has informed the Exchange regarding Grant of 315000  Options.
11-Feb-2025 22:21:13,Updates,"Poonawalla Fincorp Limited has informed the Exchange regarding 'Machine Readable Form / Legible Copy Of Unaudited Financial Results For The Quarter And Nine Months Ended December 31, 2024.'."
06-Feb-2025 12:12:52,Analysts/Institutional Investor Meet/Con. Call Updates,Poonawalla Fincorp Limited has informed the Exchange about Transcript
05-Feb-2025 08:30:50,Press Release,"Poonawalla Fincorp Limited has informed the Exchange regarding a press release dated February 05, 2025, titled ""After Transforming HR with AI, Poonawalla Fincorp Makes a Bold Tech Leap into AI-Driven "
01-Feb-2025 10:50:35,Copy of Newspaper Publication,Poonawalla Fincorp Limited has informed the Exchange about Copy of Newspaper Publication
31-Jan-2025 23:32:10,Analysts/Institutional Investor Meet/Con. Call Updates,Poonawalla Fincorp Limited has informed the Exchange about Link of Recording
31-Jan-2025 23:24:07,Updates,"Poonawalla Fincorp Limited has informed the Exchange regarding ' Intimation Under Regulation 8(2) Of SEBI (Prohibition Of Insider Trading) Regulations , 2015.'."
31-Jan-2025 18:44:19,Integrated Filing- Financial,Integrated Filing (Financial)
31-Jan-2025 16:59:41,Investor Presentation,Poonawalla Fincorp Limited has informed the Exchange about Investor Presentation
31-Jan-2025 16:56:25,Press Release,"Poonawalla Fincorp Limited has informed the Exchange regarding a press release dated January 31, 2025, titled ""Unaudited Financial Results and Performance of the Company for the Quarter ended December"
31-Jan-2025 16:21:59,Outcome of Board Meeting,"Poonawalla Fincorp Limited has informed the Exchange regarding Outcome of Board Meeting held on January 31, 2025."
31-Jan-2025 16:19:21,Financial Result Updates," Poonawalla Fincorp Limited has submitted to the Exchange, the financial results for the period ended December 31, 2024."
29-Jan-2025 15:09:58,General Updates,"Poonawalla Fincorp Limited has informed the Exchange about Intimation under Regulation 30 of SEBI (Listing Obligations and Disclosure Requirements) Regulations, 2015"
23-Jan-2025 11:37:21,Analysts/Institutional Investor Meet/Con. Call Updates,Poonawalla Fincorp Limited has informed the Exchange about Schedule of meet
22-Jan-2025 20:29:58,ESOP/ESOS/ESPS,Poonawalla Fincorp Limited has informed the Exchange regarding Allotment of 17910  Shares.
22-Jan-2025 20:27:30,ESOP/ESOS/ESPS,Poonawalla Fincorp Limited has informed the Exchange regarding Grant of 176000  Options.
14-Jan-2025 10:17:39,"Certificate under SEBI (Depositories and Participants) Regulations, 2018","Poonawalla Fincorp Limited has informed the Exchange about Certificate under SEBI (Depositories and Participants) Regulations, 2018"
13-Jan-2025 23:34:37,ESOP/ESOS/ESPS,Poonawalla Fincorp Limited has informed the Exchange regarding Grant of 370000  Options.
13-Jan-2025 16:52:56,Allotment of Securities,"Poonawalla Fincorp Limited has informed the Exchange regarding allotment of 15000 securities pursuant to Non Convertible Securities at its meeting held on January 13, 2025"
09-Jan-2025 18:42:17,Shareholders meeting,"Poonawalla Fincorp Limited has informed the Exchange regarding Proceedings of Extraordinary General Meeting held on January 09, 2025. Further, the company has informed the Exchange regarding voting re"
08-Jan-2025 15:56:32,Issue of Securities,Poonawalla Fincorp Limited has informed the Exchange about issue of Securities
06-Jan-2025 20:14:17,Updates,"Poonawalla Fincorp Limited has informed the Exchange regarding 'Intimation under Regulation 6(1) & 7(1) of the SEBI (Listing Obligations and Disclosure Requirements), Regulations, 2015'."
06-Jan-2025 19:46:36,ESOP/ESOS/ESPS,Poonawalla Fincorp Limited has informed the Exchange regarding Grant of 185000  Options.
06-Jan-2025 09:13:00,General Updates,Poonawalla Fincorp Limited has informed the Exchange about General Updates
02-Jan-2025 23:27:46,General Updates,Poonawalla Fincorp Limited has informed the Exchange about General Updates
01-Jan-2025 19:18:25,Updates,Poonawalla Fincorp Limited has informed the Exchange regarding 'Intimation under Regulation 30 of SEBI (Listing Obligations and Disclosure Requirements )Regulations 2015'.
31-Dec-2024 11:58:30,ESOP/ESOS/ESPS,Poonawalla Fincorp Limited has informed the Exchange regarding Grant of 425000  Options.
27-Dec-2024 21:01:49,Trading Window,"Poonawalla Fincorp Limited has informed the Exchange regarding the Trading Window closure pursuant to SEBI (Prohibition of Insider Trading) Regulations, 2015"
23-Dec-2024 20:52:15,ESOP/ESOS/ESPS,Poonawalla Fincorp Limited has informed the Exchange regarding Allotment of 59925  Shares.
23-Dec-2024 20:49:16,ESOP/ESOS/ESPS,Poonawalla Fincorp Limited has informed the Exchange regarding Grant of 14000  Options.
23-Dec-2024 08:34:48,Press Release,"Poonawalla Fincorp Limited has informed the Exchange regarding a press release dated December 23, 2024, titled ""Poonawalla Fincorp Goes AI""."
19-Dec-2024 19:13:41,Copy of Newspaper Publication,Poonawalla Fincorp Limited has informed the Exchange about Copy of Newspaper Publication
18-Dec-2024 20:26:57,Shareholders meeting,"Poonawalla Fincorp Limited has informed the Exchange regarding Notice of Extraordinary General Meeting to be held on January 09, 2025"
18-Dec-2024 13:14:01,Outcome of Board Meeting,"Poonawalla Fincorp Limited has informed the Exchange regarding Outcome of Board Meeting held on December 18, 2024."
16-Dec-2024 23:00:45,ESOP/ESOS/ESPS,Poonawalla Fincorp Limited has informed the Exchange regarding Grant of 310000  Options.
10-Dec-2024 20:11:41,Resignation of Independent director,POONAWALLA FINCORP LIMITED has informed the Exchange about Resignation of Independent director.
10-Dec-2024 20:09:48,Change in Director(s),Poonawalla Fincorp Limited has informed the Exchange regarding Change in Director(s) of the company.
10-Dec-2024 18:54:03,Press Release,"Poonawalla Fincorp Limited has informed the Exchange regarding a press release dated December 10, 2024, titled ""Salil Hajarnis to Spearhead Digital Transformation and Drive Innovation at Poonawalla Fi"
10-Dec-2024 10:52:10,General Updates,Poonawalla Fincorp Limited has informed the Exchange about General Updates
09-Dec-2024 20:09:10,Updates,"Poonawalla Fincorp Limited has informed the Exchange regarding 'Intimation under Regulation 30 of SEBI(Listing Obligations and Disclosure Requirements)Regulations, 2015'."
09-Dec-2024 15:32:39,ESOP/ESOS/ESPS,Poonawalla Fincorp Limited has informed the Exchange regarding Grant of 60000  Options.
06-Dec-2024 17:12:50,Updates,"Poonawalla Fincorp Limited has informed the Exchange regarding 'Intimation under Regulation 30 of SEBI(Listing Obligations and Disclosure Requirements) Regulations, 2015.'."
02-Dec-2024 19:14:30,ESOP/ESOS/ESPS,Poonawalla Fincorp Limited has informed the Exchange regarding Grant of 75000  Options.
26-Nov-2024 23:16:10,ESOP/ESOS/ESPS,Poonawalla Fincorp Limited has informed the Exchange regarding Grant of 300000  Options.
20-Nov-2024 20:01:37,ESOP/ESOS/ESPS,Poonawalla Fincorp Limited has informed the Exchange regarding Grant of 10000  Options.
20-Nov-2024 19:51:59,ESOP/ESOS/ESPS,Poonawalla Fincorp Limited has informed the Exchange regarding Allotment of 135385  Shares.
18-Nov-2024 16:04:21,Updates,"Poonawalla Fincorp Limited has informed the Exchange regarding 'Intimation under Regulation 7(2)(C) of SEBI (Prohibition of Insider Trading) Regulations, 2015'."
11-Nov-2024 22:07:51,ESOP/ESOS/ESPS,Poonawalla Fincorp Limited has informed the Exchange regarding Grant of 60000  Options.
07-Nov-2024 16:26:21,Allotment of Securities,"Poonawalla Fincorp Limited has informed the Exchange regarding allotment of 31000 securities pursuant to Non Convertible Securities at its meeting held on November 07, 2024"
04-Nov-2024 23:00:21,Issue of Securities,Poonawalla Fincorp Limited has informed the Exchange about issue of Securities
04-Nov-2024 17:29:52,Shareholders meeting,"Poonawalla Fincorp Limited has informed the Exchange regarding Proceedings of Postal Ballot. Further, the company has informed the Exchange regarding voting results along with copy of scrutinizers rep"
31-Oct-2024 21:35:16,Analysts/Institutional Investor Meet/Con. Call Updates,Poonawalla Fincorp Limited has informed the Exchange about Transcript
30-Oct-2024 23:04:45,ESOP/ESOS/ESPS,Poonawalla Fincorp Limited has informed the Exchange regarding Grant of 100000  Options.
29-Oct-2024 23:00:22,Press Release,"Poonawalla Fincorp Limited has informed the Exchange regarding a press release dated October 29, 2024, titled ""Poonawalla Fincorp collaborates with TIH at IIT Bombay for driving AI initiatives""."
26-Oct-2024 23:37:43,Copy of Newspaper Publication,Poonawalla Fincorp Limited has informed the Exchange about Copy of Newspaper Publication
25-Oct-2024 23:46:11,Analysts/Institutional Investor Meet/Con. Call Updates,Poonawalla Fincorp Limited has informed the Exchange about Link of Recording
25-Oct-2024 15:23:58,Investor Presentation,Poonawalla Fincorp Limited has informed the Exchange about Investor Presentation
25-Oct-2024 15:10:42,Press Release,"Poonawalla Fincorp Limited has informed the Exchange regarding a press release dated October 25, 2024, titled ""Unaudited Financial Results and Performance of the Company for the Quarter  and Half year"
25-Oct-2024 15:03:01,Related Party Transactions,Poonawalla Fincorp Limited has informed the Exchange about related Party Transactions
25-Oct-2024 14:49:03,Outcome of Board Meeting,"Poonawalla Fincorp Limited has informed the Exchange regarding Outcome of Board Meeting held on October 25, 2024."
25-Oct-2024 14:44:53,Financial Result Updates," Poonawalla Fincorp Limited has submitted to the Exchange, the financial results for the period ended September 30, 2024."
24-Oct-2024 21:37:01,ESOP/ESOS/ESPS,Poonawalla Fincorp Limited has informed the Exchange regarding Grant of 200000  Options.
24-Oct-2024 21:30:10,ESOP/ESOS/ESPS,Poonawalla Fincorp Limited has informed the Exchange regarding Allotment of 54690  Shares.
19-Oct-2024 11:56:34,Analysts/Institutional Investor Meet/Con. Call Updates,Poonawalla Fincorp Limited has informed the Exchange about Schedule of meet
14-Oct-2024 19:55:35,"Certificate under SEBI (Depositories and Participants) Regulations, 2018","Poonawalla Fincorp Limited has informed the Exchange about Certificate under SEBI (Depositories and Participants) Regulations, 2018"
09-Oct-2024 22:05:53,Updates,"Poonawalla Fincorp Limited has informed the Exchange regarding 'Additional Details under Regulation 30 of the SEBI (Listing Obligations and Disclosure Requirements) Regulations, 2015 ( SEBI Listing Re"
07-Oct-2024 22:57:32,ESOP/ESOS/ESPS,Poonawalla Fincorp Limited has informed the Exchange regarding Grant of 845000  Options.
05-Oct-2024 18:51:40,Copy of Newspaper Publication,Poonawalla Fincorp Limited has informed the Exchange about Copy of Newspaper Publication
04-Oct-2024 20:24:09,Updates,"Poonawalla Fincorp Limited has informed the Exchange regarding 'Information under Regulation 30 of SEBI (Listing Obligations and Disclosure Requirements) Regulation, 2015 r/w Schedule A of Reg. 8 of S"
04-Oct-2024 20:06:55,Loss of Share Certificates,Poonawalla Fincorp Limited has informed the Exchange about Loss of Share Certificates
04-Oct-2024 19:55:58,Shareholders meeting,Poonawalla Fincorp Limited has informed the Exchange regarding Notice of Postal Ballot
04-Oct-2024 19:47:40,Updates,"Poonawalla Fincorp Limited has informed the Exchange regarding 'Intimation under Regulation 30 of the SEBI (Listing Obligations and Disclosure Requirements) Regulations, 2015'."
04-Oct-2024 16:59:45,Updates,"Poonawalla Fincorp Limited has informed the Exchange regarding ' Intimation under Regulation 6(1) & 7(1) of the SEBI (Listing Obligations and Disclosure Requirements), Regulations, 2015'."
01-Oct-2024 17:41:29,Change in Director(s),Poonawalla Fincorp Limited has informed the Exchange regarding Change in Director(s) of the company.
26-Sep-2024 22:58:53,Trading Window,"Poonawalla Fincorp Limited has informed the Exchange regarding the Trading Window closure pursuant to SEBI (Prohibition of Insider Trading) Regulations, 2015"
26-Sep-2024 09:39:30,Reply to Clarification Sought,"POONAWALLA: The Exchange had sought clarification from Poonawalla Fincorp Limited with respect to announcement dated 11-Sep-2024, regarding resignation of Mr. Ashish Mehta as Senior Management Personn"
24-Sep-2024 19:34:28,ESOP/ESOS/ESPS,Poonawalla Fincorp Limited has informed the Exchange regarding Grant of 600000  Options.
24-Sep-2024 19:18:31,ESOP/ESOS/ESPS,Poonawalla Fincorp Limited has informed the Exchange regarding Allotment of 496303  Shares.
24-Sep-2024 12:59:31,Clarification,"POONAWALLA: The Exchange has sought clarification from Poonawalla Fincorp Limited with respect to announcement dated 11-Sep-2024, regarding resignation of Mr. Ashish Mehta as Senior Management Personn"
11-Sep-2024 00:55:51,ESOP/ESOS/ESPS,Poonawalla Fincorp Limited has informed the Exchange regarding Grant of 300000  Options.
11-Sep-2024 00:44:26,Updates,"Poonawalla Fincorp Limited has informed the Exchange regarding 'Regulation 30 of the SEBI (Listing Obligations and Disclosure Requirements) Regulations, 2015'."
11-Sep-2024 00:36:33,Updates,"Poonawalla Fincorp Limited has informed the Exchange regarding 'Regulation 30 of the SEBI (Listing Obligations and Disclosure Requirements) Regulations, 2015'."
06-Sep-2024 19:22:41,Updates,"Poonawalla Fincorp Limited has informed the Exchange regarding 'Intimation under Regulation 30 of the SEBI (Listing Obligations and Disclosure Requirements) Regulations, 2015'."
05-Sep-2024 22:06:42,Allotment of Securities,"Poonawalla Fincorp Limited has informed the Exchange regarding allotment of 42500 securities pursuant to Non Convertible Securities at its meeting held on September 05, 2024"
05-Sep-2024 20:24:54,Updates,"Poonawalla Fincorp Limited has informed the Exchange regarding 'Intimation w.r.t Regulation 30 of the SEBI (Listing Obligations and Disclosure Requirements) Regulations, 2015'."
02-Sep-2024 23:48:33,ESOP/ESOS/ESPS,Poonawalla Fincorp Limited has informed the Exchange regarding Grant of 500000  Options.
02-Sep-2024 22:22:28,Issue of Securities,Poonawalla Fincorp Limited has informed the Exchange about issue of Securities
31-Aug-2024 22:17:15,Updates,"Poonawalla Fincorp Limited has informed the Exchange regarding 'Regulation 30 of the Securities and Exchange Board of India (Listing Obligations and Disclosure Requirements) Regulations, 2015'."
30-Aug-2024 21:33:32,Change in Director(s),Poonawalla Fincorp Limited has informed the Exchange regarding Change in Director(s) of the company.
29-Aug-2024 21:46:37,Updates,"Poonawalla Fincorp Limited has informed the Exchange regarding 'Intimation under Regulation 30 of the SEBI (Listing Obligations and Disclosure Requirements) Regulations, 2015 ( SEBI Listing Regulation"
24-Aug-2024 23:29:58,ESOP/ESOS/ESPS,Poonawalla Fincorp Limited has informed the Exchange regarding Allotment of 30100  Shares.
24-Aug-2024 23:06:04,ESOP/ESOS/ESPS,Poonawalla Fincorp Limited has informed the Exchange regarding Grant of 300000  Options.
16-Aug-2024 23:55:58,Analysts/Institutional Investor Meet/Con. Call Updates,Poonawalla Fincorp Limited has informed the Exchange about Schedule of meet
16-Aug-2024 23:34:45,Updates,"Poonawalla Fincorp Limited has informed the Exchange regarding 'Regulation 30 of the Securities and Exchange Board of India (Listing Obligations and Disclosure Requirements) Regulations, 2015'."
16-Aug-2024 17:39:30,Appointment,"Poonawalla Fincorp Limited has informed the Exchange regarding Appointment of Mrs Sonal Sanjay Modi as Non- Executive Director of the company w.e.f. August 16, 2024."
08-Aug-2024 23:49:41,ESOP/ESOS/ESPS,Poonawalla Fincorp Limited has informed the Exchange regarding Grant of 100000  Options.
03-Aug-2024 20:29:38,Retirement,Poonawalla Fincorp Limited has informed the Exchange about Retirement
02-Aug-2024 23:48:55,ESOP/ESOS/ESPS,Poonawalla Fincorp Limited has informed the Exchange regarding Allotment of 486215  Shares.
26-Jul-2024 22:47:58,Analysts/Institutional Investor Meet/Con. Call Updates,Poonawalla Fincorp Limited has informed the Exchange about Transcript
25-Jul-2024 17:13:33,Allotment of Securities,"Poonawalla Fincorp Limited has informed the Exchange regarding allotment of 1714235 securities pursuant to ESOP/ESPS at its meeting held on July 25, 2024"
23-Jul-2024 23:49:30,Shareholders meeting,"Poonawalla Fincorp Limited has informed the Exchange regarding Proceedings of Annual General Meeting held on July 23, 2024. Further, the company has submitted the Exchange a copy of Srutinizers report"
22-Jul-2024 20:09:32,Analysts/Institutional Investor Meet/Con. Call Updates,Poonawalla Fincorp Limited has informed the Exchange about
21-Jul-2024 20:48:19,Copy of Newspaper Publication,Poonawalla Fincorp Limited has informed the Exchange about Copy of Newspaper Publication
20-Jul-2024 23:15:19,Allotment of Securities,"Poonawalla Fincorp Limited has informed the Exchange regarding allotment of 20400 securities pursuant to ESOP/ESPS at its meeting held on July 20, 2024"
20-Jul-2024 20:24:58,Investor Presentation,Poonawalla Fincorp Limited has informed the Exchange about Investor Presentation
20-Jul-2024 20:21:00,Press Release,"Poonawalla Fincorp Limited has informed the Exchange regarding a press release dated July 20, 2024, titled ""Unaudited Financial Results and Performance of the Company for the quarter ended June 30, 20"
20-Jul-2024 17:29:44,Updates,Poonawalla Fincorp Limited has informed the Exchange regarding 'Outcome of the Board Meeting: Change in Senior Management Personnel'.
20-Jul-2024 17:22:21,Outcome of Board Meeting,"Poonawalla Fincorp Limited has informed the Exchange regarding  Board meeting held on July 20, 2024."
20-Jul-2024 17:20:44,Financial Result Updates,"Poonawalla Fincorp Limited has submitted to the Exchange, the financial results for the period ended June 30, 2024."
16-Jul-2024 20:25:06,Analysts/Institutional Investor Meet/Con. Call Updates,Poonawalla Fincorp Limited has informed the Exchange about Schedule of meet
13-Jul-2024 19:58:27,ESOP/ESOS/ESPS,Poonawalla Fincorp Limited has informed the Exchange regarding Grant of 350000  Options.
11-Jul-2024 17:59:23,"Certificate under SEBI (Depositories and Participants) Regulations, 2018","Poonawalla Fincorp Limited has informed the Exchange about Certificate under SEBI (Depositories and Participants) Regulations, 2018"
04-Jul-2024 23:21:26,Updates,Poonawalla Fincorp Limited has informed the Exchange regarding 'Intimation w.r.t Regulation 30 of the Securities and Exchange Board of India (Listing Obligations and Disclosure Requirements) Regulatio
04-Jul-2024 19:40:34,Updates,"Poonawalla Fincorp Limited has informed the Exchange regarding 'Information under Regulation 30 of SEBI (Listing Obligations and Disclosure Requirements) Regulations, 2015 r/w Schedule A of Reg. 8 of "
04-Jul-2024 17:23:51,Updates,"Poonawalla Fincorp Limited has informed the Exchange regarding 'Intimation under Regulation 6(1) & 7(1) of the SEBI (Listing Obligations and Disclosure Requirements), Regulations, 2015.'."
01-Jul-2024 21:45:12,ESOP/ESOS/ESPS,Poonawalla Fincorp Limited has informed the Exchange regarding Grant of 1770000  Options.
28-Jun-2024 00:05:50,Updates,"Poonawalla Fincorp Limited has informed the Exchange regarding Intimation under Regulation 30 of the SEBI (Listing Obligations and Disclosure Requirements) Regulations, 2015."
26-Jun-2024 12:00:34,Trading Window,"Poonawalla Fincorp Limited has informed the Exchange regarding the Trading Window closure pursuant to SEBI (Prohibition of Insider Trading) Regulations, 2015"
24-Jun-2024 22:40:26,ESOP/ESOS/ESPS,Poonawalla Fincorp Limited has informed the Exchange regarding Allotment of 231450  Shares.
23-Jun-2024 21:07:05,Copy of Newspaper Publication,Poonawalla Fincorp Limited has informed the Exchange about Copy of Newspaper Publication
23-Jun-2024 00:13:40,Shareholders meeting,"Poonawalla Fincorp Limited has informed the Exchange regarding Notice of Annual General Meeting to be held on July 23, 2024"
22-Jun-2024 23:49:41,Book Closure,Poonawalla Fincorp Limited has informed the Exchange that Register of Members & Share Transfer Books of the Company will remain closed from 17-Jul-2024 to 23-Jul-2024 for the purpose of Annual General
21-Jun-2024 19:58:39,Copy of Newspaper Publication,Poonawalla Fincorp Limited has informed the Exchange about Copy of Newspaper Publication
17-Jun-2024 23:47:07,ESOP/ESOS/ESPS,Poonawalla Fincorp Limited has informed the Exchange regarding Grant of 2230000  Options.
14-Jun-2024 20:40:38,Updates,"Poonawalla Fincorp Limited has informed the Exchange regarding 'Intimation under Regulation 30 of the SEBI (Listing Obligations and Disclosure Requirements) Regulations,2015'."
10-Jun-2024 16:10:14,ESOP/ESOS/ESPS,Poonawalla Fincorp Limited has informed the Exchange regarding Grant of 8000000  Options.
08-Jun-2024 23:29:42,Copy of Newspaper Publication,Poonawalla Fincorp Limited has informed the Exchange about Copy of Newspaper Publication
03-Jun-2024 22:27:49,ESOP/ESOS/ESPS,Poonawalla Fincorp Limited has informed the Exchange regarding Grant of 50000  Options.
01-Jun-2024 21:04:26,Press Release,"Poonawalla Fincorp Limited has informed the Exchange regarding a press release dated Jun 01, 2024, titled ""Poonawalla Fincorp achieves significant milestone ofGNPA below 1% and NNPA below 0.5% as on 3"
01-Jun-2024 20:55:42,ESOP/ESOS/ESPS,Poonawalla Fincorp Limited has informed the Exchange regarding Grant of 132000  Options.
01-Jun-2024 20:42:30,Outcome of Board Meeting,"Poonawalla Fincorp Limited has informed the Exchange regarding Outcome of Board Meeting held on Jun 01, 2024."
01-Jun-2024 20:35:21,Outcome of Board Meeting,"Poonawalla Fincorp Limited has informed the Exchange regarding Outcome of Board Meeting held on Jun 01, 2024."
30-May-2024 18:55:55,ESOP/ESOS/ESPS,Poonawalla Fincorp Limited has informed the Exchange regarding Allotment of 179225 Shares.
28-May-2024 08:41:32,Press Release,"Poonawalla Fincorp Limited has informed the Exchange regarding a press release dated May 28, 2024, titled ""Poonawalla Fincorp launches co-branded  IndusInd Bank Poonawalla Fincorp eLITE RuPay Platinum"
13-May-2024 23:48:06,Shareholders meeting,"Poonawalla Fincorp Limited has informed the Exchange regarding Proceedings of Postal Ballot. Further, the company has informed the Exchange regarding voting results along with copy of scrutinizers rep"
07-May-2024 23:57:47,ESOP/ESOS/ESPS,Poonawalla Fincorp Limited has informed the Exchange regarding Grant of 40000  Options.
07-May-2024 23:54:20,ESOP/ESOS/ESPS,Poonawalla Fincorp Limited has informed the Exchange regarding Allotment of 21800  Shares.
06-May-2024 23:42:29,Analysts/Institutional Investor Meet/Con. Call Updates,Poonawalla Fincorp Limited has informed the Exchange about Transcript
30-Apr-2024 23:24:29,Copy of Newspaper Publication,Poonawalla Fincorp Limited has informed the Exchange about Copy of Newspaper Publication
30-Apr-2024 16:12:50,Updates,"Poonawalla Fincorp Limited has informed the Exchange regarding 'Intimation under Regulation 8(2) of the SEBI (Prohibition of Insider Trading) Regulations, 2015'."
29-Apr-2024 23:20:36,Analysts/Institutional Investor Meet/Con. Call Updates,Poonawalla Fincorp Limited has informed the Exchange about Link of Recording
29-Apr-2024 16:51:57,Investor Presentation,Poonawalla Fincorp Limited has informed the Exchange about Investor Presentation
29-Apr-2024 16:48:06,Press Release,"Poonawalla Fincorp Limited has informed the Exchange regarding a press release dated April 29, 2024, titled ""Audited Financial Results and Performance of the Company for thequarter and year ended Marc"
29-Apr-2024 16:42:42,Related Party Transactions,Poonawalla Fincorp Limited has informed the Exchange about related Party Transactions
29-Apr-2024 16:39:52,Change in Auditors,Poonawalla Fincorp Limited has informed the Exchange regarding Change in Auditors of the company.
29-Apr-2024 16:38:09,Updates,Poonawalla Fincorp Limited has informed the Exchange regarding 'Annual General Meeting'.
29-Apr-2024 16:34:19,Financial Result Updates,"Poonawalla Fincorp Limited has submitted to the Exchange, the financial results for the period ended March 31, 2024."
29-Apr-2024 16:33:16,Outcome of Board Meeting,"Poonawalla Fincorp Limited has informed the Exchange regarding Outcome of Board Meeting held on April 29, 2024."
24-Apr-2024 19:56:58,Analysts/Institutional Investor Meet/Con. Call Updates,Poonawalla Fincorp Limited has informed the Exchange about Schedule of meet
23-Apr-2024 01:34:15,ESOP/ESOS/ESPS,Poonawalla Fincorp Limited has informed the Exchange regarding Allotment of 10950  Shares.
14-Apr-2024 18:58:59,Copy of Newspaper Publication,Poonawalla Fincorp Limited has informed the Exchange about Copy of Newspaper Publication
13-Apr-2024 15:25:59,Shareholders meeting,Poonawalla Fincorp Limited has informed the Exchange regarding Notice of Postal Ballot
12-Apr-2024 22:27:19,"Certificate under SEBI (Depositories and Participants) Regulations, 2018","Poonawalla Fincorp Limited has informed the Exchange about Certificate under SEBI (Depositories and Participants) Regulations, 2018"
08-Apr-2024 23:56:29,Allotment of Securities,"Poonawalla Fincorp Limited has informed the Exchange regarding allotment of 7500 securities pursuant to Non Convertible Securities at its meeting held on April 08, 2024"
08-Apr-2024 16:55:21,Outcome of Board Meeting,"Poonawalla Fincorp Limited has informed the Exchange regarding Outcome of Board Meeting held on April 08, 2024."
08-Apr-2024 13:01:26,Disclosure under SEBI Takeover Regulations,Rising Sun Holdings Private Limited has Submitted to the Exchange a copy of Disclosure under Regulation 31(4) of the Securities and Exchange Board of India (Substantial Acquisition of Shares and Takeo
06-Apr-2024 00:47:46,Updates,"Poonawalla Fincorp Limited has informed the Exchange regarding 'Intimation under Regulation 6(1) & 7(1) of the SEBI (Listing Obligations and Disclosure Requirements), Regulations, 2015'."
03-Apr-2024 22:41:50,Updates,"Poonawalla Fincorp Limited has informed the Exchange regarding 'Information under Regulation 30 of SEBI (Listing Obligations and Disclosure Requirements) Regulation, 2015 r/w Schedule A of Reg. 8 of S"
03-Apr-2024 21:30:57,Issue of Securities,Poonawalla Fincorp Limited has informed the Exchange about issue of Non-Convertible Debentures
26-Mar-2024 20:25:33,Trading Window,"Poonawalla Fincorp Limited has informed the Exchange regarding the Trading Window closure pursuant to SEBI (Prohibition of Insider Trading) Regulations, 2015"
24-Mar-2024 00:38:31,Updates,"Poonawalla Fincorp Limited has informed the Exchange regarding 'Regulation 30 of the Securities and Exchange Board of India ( SEBI ) (Listing Obligations and Disclosure Requirements) Regulations, 2015"
22-Mar-2024 12:16:06,ESOP/ESOS/ESPS,Poonawalla Fincorp Limited has informed the Exchange regarding Allotment of 315105  Shares.
18-Mar-2024 23:07:28,ESOP/ESOS/ESPS,Poonawalla Fincorp Limited has informed the Exchange regarding Grant of 15000  Options.
18-Mar-2024 23:00:24,ESOP/ESOS/ESPS,Poonawalla Fincorp Limited has informed the Exchange regarding Allotment of 2584000  Shares.
18-Mar-2024 15:12:47,Press Release,"Poonawalla Fincorp Limited has informed the Exchange regarding a press release dated March 18, 2024, titled ""Poonawalla Fincorp prepares itself for the next level of growth""."
18-Mar-2024 14:59:36,Change in Director(s),Poonawalla Fincorp Limited has informed the Exchange regarding Change in Director(s) of the company.
15-Mar-2024 16:13:24,Trading Window,"Poonawalla Fincorp Limited has informed the Exchange regarding the Trading Window closure pursuant to SEBI (Prohibition of Insider Trading) Regulations, 2015"
07-Mar-2024 22:26:16,Shareholders meeting,"Poonawalla Fincorp Limited has informed the Exchange regarding Proceedings of Postal Ballot. Further, the company has informed the Exchange regarding voting results along with copy of scrutinizers rep"
05-Mar-2024 15:48:29,ESOP/ESOS/ESPS,Poonawalla Fincorp Limited has informed the Exchange regarding Allotment of 129950  Shares.
04-Mar-2024 11:09:35,Reply to Clarification Sought,"POONAWALLA:The Exchange had sought clarification from Poonawalla Fincorp Limited with respect to announcement dated 13-Feb-2024, regarding disclosure under regulation 30 of the Securities and Exchange"
01-Mar-2024 23:16:46,Credit Rating,Poonawalla Fincorp Limited has informed the Exchange about Credit Rating
23-Feb-2024 12:52:19,Clarification,"POONAWALLA:The Exchange has sought clarification from Poonawalla Fincorp Limited with respect to announcement dated 13-Feb-2024, regarding disclosure under regulation 30 of the Securities and Exchange"
20-Feb-2024 19:18:46,Shareholders meeting,"Poonawalla Fincorp Limited has informed the Exchange regarding Proceedings of Postal Ballot. Further, the company has informed the Exchange regarding voting results along with copy of scrutinizers rep"
19-Feb-2024 22:45:56,ESOP/ESOS/ESPS,Poonawalla Fincorp Limited has informed the Exchange regarding Allotment of 2611740  Shares.
13-Feb-2024 14:09:29,Updates,"Poonawalla Fincorp Limited has informed the Exchange regarding 'Regulation 30 of the Securities and Exchange Board of India (Listing Obligations and Disclosure Requirements) Regulations, 2015'."
07-Feb-2024 22:57:23,Allotment of Securities,"Poonawalla Fincorp Limited has informed the Exchange regarding allotment of 50000 securities pursuant to Non Convertible Securities at its meeting held on February 07, 2024"
07-Feb-2024 20:48:22,Copy of Newspaper Publication,Poonawalla Fincorp Limited has informed the Exchange about Copy of Newspaper Publication
06-Feb-2024 20:16:17,Shareholders meeting,Poonawalla Fincorp Limited has informed the Exchange regarding Notice of Postal Ballot
31-Jan-2024 22:53:38,Issue of Securities,Poonawalla Fincorp Limited has informed the Exchange about Issue of Non-convertible Debentures by Poonawalla Fincorp Limited ( the Company )
30-Jan-2024 19:28:43,Change in Director(s),Poonawalla Fincorp Limited has informed the Exchange regarding Change in Director(s) of the company.
27-Jan-2024 22:58:14,Loss of Share Certificates,Poonawalla Fincorp Limited has informed the Exchange about Loss of Share Certificates
25-Jan-2024 22:33:01,Analysts/Institutional Investor Meet/Con. Call Updates,Poonawalla Fincorp Limited has informed the Exchange about Transcript
22-Jan-2024 23:36:44,ESOP/ESOS/ESPS,Poonawalla Fincorp Limited has informed the Exchange regarding Allotment of 56924  Shares.
21-Jan-2024 18:24:07,Copy of Newspaper Publication,Poonawalla Fincorp Limited has informed the Exchange about Copy of Newspaper Publication
20-Jan-2024 17:15:51,Shareholders meeting,Poonawalla Fincorp Limited has informed the Exchange regarding Notice of Postal Ballot
20-Jan-2024 12:58:47,Updates,Poonawalla Fincorp Limited has informed the Exchange regarding 'Communication sent to shareholders regarding Tax Deduction at Source (TDS) on dividend income'.
20-Jan-2024 01:29:14,Copy of Newspaper Publication,Poonawalla Fincorp Limited has informed the Exchange about Copy of Newspaper Publication
18-Jan-2024 23:57:05,Analysts/Institutional Investor Meet/Con. Call Updates,Poonawalla Fincorp Limited has informed the Exchange about
18-Jan-2024 15:56:42,Investor Presentation,Poonawalla Fincorp Limited has informed the Exchange about Investor Presentation
18-Jan-2024 15:55:02,Press Release,"Poonawalla Fincorp Limited has informed the Exchange regarding a press release dated January 18, 2024, titled ""press release on the Unaudited Financial Results and Performance ofthe Company for the qu"
18-Jan-2024 15:52:14,Record Date,Poonawalla Fincorp Limited has informed the Exchange that Record date for the purpose of Dividend  is 31-Jan-2024.
18-Jan-2024 15:49:07,Updates,"Poonawalla Fincorp Limited has informed the Exchange regarding 'the introduction and implementation of the ""Employee Stock Option Plan   2024""'."
18-Jan-2024 15:40:44,Dividend,"Poonawalla Fincorp Limited has informed the Exchange that Board of Directors at its meeting held on January 18, 2024, declared Interim Dividend of Rs. 2 per equity share."
18-Jan-2024 15:35:24,Outcome of Board Meeting,"Poonawalla Fincorp Limited has informed the Exchange regarding Outcome of Board Meeting held on January 18, 2024."
18-Jan-2024 15:32:51,Financial Result Updates,"Poonawalla Fincorp Limited has submitted to the Exchange, the financial results for the period ended December 31, 2023."
16-Jan-2024 23:39:22,ESOP/ESOS/ESPS,Poonawalla Fincorp Limited has informed the Exchange regarding Grant of 50000  Options.
15-Jan-2024 00:44:47,Shareholders meeting,Poonawalla Fincorp Limited has informed the Exchange about Shareholders meeting
12-Jan-2024 20:53:02,Analysts/Institutional Investor Meet/Con. Call Updates,Poonawalla Fincorp Limited has informed the Exchange about Schedule of meet
11-Jan-2024 00:36:40,Credit Rating,Poonawalla Fincorp Limited has informed the Exchange about Credit Rating
09-Jan-2024 17:30:16,"Certificate under SEBI (Depositories and Participants) Regulations, 2018","Poonawalla Fincorp Limited has informed the Exchange about Certificate under SEBI (Depositories and Participants) Regulations, 2018"
07-Jan-2024 13:36:49,ESOP/ESOS/ESPS,Poonawalla Fincorp Limited has informed the Exchange regarding Allotment of 112650  Shares.
05-Jan-2024 18:53:32,Updates,"Poonawalla Fincorp Limited has informed the Exchange regarding 'Intimation under Regulation 6(1) & 7(1) of the SEBI (Listing Obligations and Disclosure Requirements), Regulations, 2015'."
04-Jan-2024 08:00:00,Updates,"Poonawalla Fincorp Limited has informed the Exchange regarding 'Information under Regulation 30 of SEBI (Listing Obligations and Disclosure Requirements) Regulation, 2015 r/w Schedule A of Reg. 8 of S"
01-Jan-2024 14:03:18,Updates,"Poonawalla Fincorp Limited has informed the Exchange regarding 'Regulation 30 of the Securities and Exchange Board of India (Listing Obligations and Disclosure Requirements) Regulations, 2015 (""SEBI L"
28-Dec-2023 13:48:13,Trading Window,"Poonawalla Fincorp Limited has informed the Exchange regarding the Trading Window closure pursuant to SEBI (Prohibition of Insider Trading) Regulations, 2015"
22-Dec-2023 23:22:13,ESOP/ESOS/ESPS,Poonawalla Fincorp Limited has informed the Exchange regarding Allotment of 49524   Shares.
18-Dec-2023 15:00:23,Loss of Share Certificates,Poonawalla Fincorp Limited has informed the Exchange about Loss of Share Certificates
16-Dec-2023 17:44:57,Copy of Newspaper Publication,Poonawalla Fincorp Limited has informed the Exchange about Copy of Newspaper Publication
15-Dec-2023 16:54:39,Shareholders meeting,Poonawalla Fincorp Limited has informed the Exchange about Shareholders meeting
13-Dec-2023 21:13:40,Loss of Share Certificates,Poonawalla Fincorp Limited has informed the Exchange about Loss of Share Certificates
05-Dec-2023 17:40:07,Updates,Poonawalla Fincorp Limited has informed the Exchange regarding 'Grant of stock options under Employee Stock Option Plan 2021'.
30-Nov-2023 23:46:10,Updates,"Poonawalla Fincorp Limited has informed the Exchange regarding 'Regulation 30 of the Securities and Exchange Board of India ( SEBI ) (Listing Obligations and Disclosure Requirements) Regulations, 2015"
20-Nov-2023 23:42:15,ESOP/ESOS/ESPS,Poonawalla Fincorp Limited has informed the Exchange regarding Allotment of 257344  Shares.
20-Nov-2023 23:38:56,ESOP/ESOS/ESPS,Poonawalla Fincorp Limited has informed the Exchange regarding Grant of 20000  Options.
17-Nov-2023 23:57:00,Updates,"Poonawalla Fincorp Limited has informed the Exchange regarding 'Regulation 30 of the Securities and Exchange Board of India (Listing Obligations and Disclosure Requirements) Regulations, 2015'."
17-Nov-2023 15:13:31,Updates,"Poonawalla Fincorp Limited has informed the Exchange regarding 'Clarification on RBI Circular dated November 16, 2023 w.r.t regulatory measures towards consumer credit and bank credit to NBFCs'."
16-Nov-2023 22:02:44,Analysts/Institutional Investor Meet/Con. Call Updates,Poonawalla Fincorp Limited has informed the Exchange about Schedule of meet
08-Nov-2023 23:23:36,ESOP/ESOS/ESPS,Poonawalla Fincorp Limited has informed the Exchange regarding Grant of 200000  Options.
08-Nov-2023 00:31:46,Updates,Poonawalla Fincorp Limited has informed the Exchange regarding 'Change in Senior Management Personnel'.
01-Nov-2023 18:36:06,Analysts/Institutional Investor Meet/Con. Call Updates,Poonawalla Fincorp Limited has informed the Exchange about Schedule of meet
30-Oct-2023 18:41:55,Analysts/Institutional Investor Meet/Con. Call Updates,Poonawalla Fincorp Limited has informed the Exchange about Transcript
21-Oct-2023 19:02:36,Analysts/Institutional Investor Meet/Con. Call Updates,Poonawalla Fincorp Limited has informed the Exchange about Link of Recording
21-Oct-2023 18:23:36,Copy of Newspaper Publication,Poonawalla Fincorp Limited has informed the Exchange about Copy of Newspaper Publication
20-Oct-2023 20:39:58,ESOP/ESOS/ESPS,Poonawalla Fincorp Limited has informed the Exchange regarding Grant of 1000000  Options.
20-Oct-2023 20:14:52,Financial Result Updates,"Poonawalla Fincorp Limited has submitted to the Exchange, the financial results for the period ended September 30, 2023."
20-Oct-2023 17:25:59,Investor Presentation,Poonawalla Fincorp Limited has informed the Exchange about Investor Presentation
20-Oct-2023 17:24:11,Press Release,"Poonawalla Fincorp Limited has informed the Exchange regarding a press release dated October 20, 2023, titled ""Press Release on the Unaudited Financial Results and Performance of the Company for the q"
20-Oct-2023 17:15:42,Press Release,"Poonawalla Fincorp Limited has informed the Exchange regarding a press release dated October 20, 2023, titled ""Press Release on the Unaudited Financial Results and Performance of the Company for thequ"
20-Oct-2023 17:03:57,Outcome of Board Meeting,"Poonawalla Fincorp Limited has informed the Exchange regarding Outcome of Board Meeting held on October 20, 2023."
19-Oct-2023 19:23:08,ESOP/ESOS/ESPS,Poonawalla Fincorp Limited has informed the Exchange regarding Allotment of 5533  Shares.
19-Oct-2023 19:20:08,ESOP/ESOS/ESPS,Poonawalla Fincorp Limited has informed the Exchange regarding Grant of 40000  Options.
17-Oct-2023 17:29:13,Analysts/Institutional Investor Meet/Con. Call Updates,Poonawalla Fincorp Limited has informed the Exchange about Schedule of meet
13-Oct-2023 23:56:15,Shareholders meeting,"Poonawalla Fincorp Limited has submitted the Exchange a copy Srutinizers report of  Postal Ballot. Further, the company has informed the Exchange regarding voting results along with copy of minutes."
12-Oct-2023 23:55:59,Updates,Poonawalla Fincorp Limited has informed the Exchange regarding 'Change in Senior Management Personnel'.
11-Oct-2023 08:44:25,"Certificate under SEBI (Depositories and Participants) Regulations, 2018","Poonawalla Fincorp Limited has informed the Exchange about Certificate under SEBI (Depositories and Participants) Regulations, 2018"
10-Oct-2023 20:25:01,Copy of Newspaper Publication,Poonawalla Fincorp Limited has informed the Exchange about Copy of Newspaper Publication
05-Oct-2023 07:59:54,Updates,"Poonawalla Fincorp Limited has informed the Exchange regarding 'Information under Regulation 30 of SEBI (Listing Obligations and Disclosure Requirements) Regulation, 2015 r/w Schedule A of Reg. 8 of S"
03-Oct-2023 22:03:22,Updates,"Poonawalla Fincorp Limited has informed the Exchange regarding 'Intimation under Regulation 6(1) & 7(1) of the SEBI (Listing Obligations and Disclosure Requirements), Regulations, 2015'."
28-Sep-2023 12:22:16,Trading Window,"Poonawalla Fincorp Limited has informed the Exchange regarding the Trading Window closure pursuant to SEBI (Prohibition of Insider Trading) Regulations, 2015"
26-Sep-2023 08:47:51,Press Release,"Poonawalla Fincorp Limited has informed the Exchange regarding a press release dated September 26, 2023, titled ""Poonawalla Fincorp partners with IndusInd Bank for co-branded credit card,gets RBI perm"
26-Sep-2023 08:38:53,Updates,Poonawalla Fincorp Limited has informed the Exchange regarding 'Approval granted by Reserve Bank of India for issuance of co-branded credit card in association with IndusInd Bank.'.
18-Sep-2023 23:20:50,ESOP/ESOS/ESPS,Poonawalla Fincorp Limited has informed the Exchange regarding Allotment of 112724  Shares.
14-Sep-2023 14:51:54,Copy of Newspaper Publication,Poonawalla Fincorp Limited has informed the Exchange about Copy of Newspaper Publication
13-Sep-2023 17:29:00,Shareholders meeting,Poonawalla Fincorp Limited has informed the Exchange regarding Notice of Postal Ballot
31-Aug-2023 16:55:51,Outcome of Board Meeting,"Poonawalla Fincorp Limited has informed the Exchange regarding Outcome of Board Meeting held on August 31, 2023."
31-Aug-2023 16:54:18,Appointment,"Poonawalla Fincorp Limited has informed the Exchange regarding Appointment of Mr Sunil Samdani as Executive Director of the company w.e.f. October 20, 2023."
28-Aug-2023 22:03:06,Loss of Share Certificates,Poonawalla Fincorp Limited has informed the Exchange about Loss of Share Certificates
28-Aug-2023 18:42:59,Trading Window,"Poonawalla Fincorp Limited has informed the Exchange regarding the Trading Window closure pursuant to SEBI (Prohibition of Insider Trading) Regulations, 2015"
26-Aug-2023 20:31:44,Resignation of Independent director,POONAWALLA FINCORP LIMITED has informed the Exchange about Resignation of Independent director.
26-Aug-2023 20:12:28,Resignation,"Poonawalla Fincorp Limited has informed the Exchange regarding Resignation of Mr G. Jaganmohan Rao as Independent Director of the company w.e.f. August 26, 2023."
22-Aug-2023 22:40:13,Updates,Poonawalla Fincorp Limited has informed the Exchange regarding 'Re-designation of Mr. Atul Kumar Gupta (DIN:01052730) from Non-Executive Non-Independent Director to an Independent Director of the Comp
22-Aug-2023 16:44:13,ESOP/ESOS/ESPS,Poonawalla Fincorp Limited has informed the Exchange regarding Allotment of 17120  Shares.
22-Aug-2023 16:41:27,ESOP/ESOS/ESPS,Poonawalla Fincorp Limited has informed the Exchange regarding Grant of 80000  Options.
16-Aug-2023 20:01:04,Analysts/Institutional Investor Meet/Con. Call Updates,Poonawalla Fincorp Limited has informed the Exchange about Schedule of meet
16-Aug-2023 19:59:15,Analysts/Institutional Investor Meet/Con. Call Updates,Poonawalla Fincorp Limited has informed the Exchange about Schedule of meet
14-Aug-2023 21:37:03,ESOP/ESOS/ESPS,Poonawalla Fincorp Limited has informed the Exchange regarding Grant of 200000  Options.
14-Aug-2023 17:48:22,Press Release,"Poonawalla Fincorp Limited has informed the Exchange regarding a press release dated August 14, 2023, titled ""Press Release on joining of Mr. Kumar Gaurav as Chief Marketing Officer""."
14-Aug-2023 17:46:58,Updates,Poonawalla Fincorp Limited has informed the Exchange regarding 'Change in Senior Management Personnel'.
04-Aug-2023 22:28:23,ESOP/ESOS/ESPS,Poonawalla Fincorp Limited has informed the Exchange regarding Allotment of 159266  Shares.
31-Jul-2023 21:49:02,Analysts/Institutional Investor Meet/Con. Call Updates,Poonawalla Fincorp Limited has informed the Exchange about Transcript
26-Jul-2023 17:14:49,Updates,"Poonawalla Fincorp Limited has informed the Exchange regarding 'Regulation 30 of SEBI (Listing Obligations and Disclosure Requirements) Regulations, 2015 ( SEBI Listing Regulations )'."
25-Jul-2023 23:45:15,Shareholders meeting,"Poonawalla Fincorp Limited has informed the Exchange regarding Proceedings of Annual General Meeting held on July 25, 2023. Further, the company has submitted the Exchange a copy of Srutinizers report"
25-Jul-2023 22:56:26,Copy of Newspaper Publication,Poonawalla Fincorp Limited has informed the Exchange about Copy of Newspaper Publication
25-Jul-2023 11:50:25,Updates,"Poonawalla Fincorp Limited has informed the Exchange regarding 'Outcome of Board Meeting held on July 24, 2023.'."
24-Jul-2023 20:01:09,Analysts/Institutional Investor Meet/Con. Call Updates,Poonawalla Fincorp Limited has informed the Exchange about Link of Recording
24-Jul-2023 13:53:30,Investor Presentation,Poonawalla Fincorp Limited has informed the Exchange about Investor Presentation
24-Jul-2023 13:50:36,Press Release,"Poonawalla Fincorp Limited has informed the Exchange regarding a press release dated July 24, 2023, titled ""Key Highlights   Q1FY24""."
24-Jul-2023 13:41:41,Financial Result Updates,"Poonawalla Fincorp Limited has submitted to the Exchange, the financial results for the period ended June 30, 2023."
24-Jul-2023 13:39:42,Outcome of Board Meeting,"Poonawalla Fincorp Limited has informed the Exchange regarding Outcome of Board Meeting held on July 24, 2023."
24-Jul-2023 13:38:50,Outcome of Board Meeting,"Poonawalla Fincorp Limited has informed the Exchange regarding  Board meeting held on July 24, 2023."
17-Jul-2023 17:31:42,Analysts/Institutional Investor Meet/Con. Call Updates,Poonawalla Fincorp Limited has informed the Exchange about Schedule of meet
13-Jul-2023 16:16:46,ESOP/ESOS/ESPS,Poonawalla Fincorp Limited has informed the Exchange regarding Grant of 640000  Options.
11-Jul-2023 16:00:28,"Certificate under SEBI (Depositories and Participants) Regulations, 2018","Poonawalla Fincorp Limited has informed the Exchange about Certificate under SEBI (Depositories and Participants) Regulations, 2018"
10-Jul-2023 15:38:07,Updates,"Poonawalla Fincorp Limited has informed the Exchange regarding 'Intimation under Regulation 6(1) & 7(1) of the SEBI (Listing Obligations and Disclosure Requirements), Regulations, 2015'."
07-Jul-2023 17:40:11,Copy of Newspaper Publication,Poonawalla Fincorp Limited has informed the Exchange about Copy of Newspaper Publication
05-Jul-2023 09:18:47,Updates,"Poonawalla Fincorp Limited has informed the Exchange regarding Information under Regulation 30 of SEBI (Listing Obligations and Disclosure Requirements) Regulation, 2015 r/w Schedule A of Reg. 8 of SE"
02-Jul-2023 16:11:34,Copy of Newspaper Publication,Poonawalla Fincorp Limited has informed the Exchange about Copy of Newspaper Publication
01-Jul-2023 22:23:36,Shareholders meeting,"Poonawalla Fincorp Limited has informed the Exchange regarding Notice of Annual General Meeting to be held on July 25, 2023"
29-Jun-2023 19:38:24,Trading Window,"Poonawalla Fincorp Limited has informed the Exchange regarding the Trading Window closure pursuant to SEBI (Prohibition of Insider Trading) Regulations, 2015"
27-Jun-2023 20:14:04,Copy of Newspaper Publication,Poonawalla Fincorp Limited has informed the Exchange about Copy of Newspaper Publication
26-Jun-2023 17:43:25,Disclosure under SEBI Takeover Regulations,Rising Sun Holdings Private Limited has Submitted to the Exchange a copy of Disclosure under Regulation 31(4) of the Securities and Exchange Board of India (Substantial Acquisition of Shares and Takeo
26-Jun-2023 17:02:12,Loss of Share Certificates,Poonawalla Fincorp Limited has informed the Exchange about Loss of Share Certificates and issue of duplicate share certificate(s)
21-Jun-2023 22:30:34,ESOP/ESOS/ESPS,Poonawalla Fincorp Limited has informed the Exchange regarding Grant of 300000  Options.
12-Jun-2023 18:53:34,Analysts/Institutional Investor Meet/Con. Call Updates,"Poonawalla Fincorp Limited has informed the Exchange about Schedule of meet at Investec Asia CXO Conference 2023 in Singapore and Hong Kong from June 13, 2023 to June 16, 2023"
07-Jun-2023 00:03:27,Allotment of Securities,"Poonawalla Fincorp Limited has informed the Exchange regarding allotment of 78002 securities pursuant to ESOP/ESPS at its meeting held on Jun 06, 2023"
06-Jun-2023 23:50:11,Credit Rating,Poonawalla Fincorp Limited has informed the Exchange about Credit Rating
01-Jun-2023 23:34:06,Copy of Newspaper Publication,Poonawalla Fincorp Limited has informed the Exchange about Copy of Newspaper Publication
30-May-2023 21:47:31,Updates,"Poonawalla Fincorp Limited has informed the Exchange regarding 'Intimation under Regulation 30 of SEBI (Listing Obligations and Disclosure Requirements) Regulations, 2015'."
26-May-2023 22:43:36,Annual Secretarial Compliance Report,"Annual Secretarial Compliance Report ( ASCR ) for the financial year ended March 31, 2023"
25-May-2023 22:18:47,Updates,Poonawalla Fincorp Limited has informed the Exchange regarding 'Communication to Shareholders - Intimation on Tax Deduction at source (TDS) on Dividend'.
25-May-2023 17:31:12,ESOP/ESOS/ESPS,Poonawalla Fincorp Limited has informed the Exchange regarding Grant of 330000  Options.
04-May-2023 21:44:10,Analysts/Institutional Investor Meet/Con. Call Updates,Poonawalla Fincorp Limited has informed the Exchange about Transcript
03-May-2023 21:49:10,ESOP/ESOS/ESPS,Poonawalla Fincorp Limited has informed the Exchange regarding Allotment of 113188  Shares.
27-Apr-2023 16:28:39,Copy of Newspaper Publication,Poonawalla Fincorp Limited has informed the Exchange about Copy of Newspaper Publication
26-Apr-2023 22:02:57,Book Closure,Poonawalla Fincorp Limited has informed the Exchange that Register of Members & Share Transfer Books of the Company will remain closed from 19-Jul-2023 to 25-Jul-2023 for the purpose of Dividend.
26-Apr-2023 21:57:09,Analysts/Institutional Investor Meet/Con. Call Updates,Poonawalla Fincorp Limited has informed the Exchange about Link of Recording
26-Apr-2023 18:22:21,Updates,Poonawalla Fincorp Limited has informed the Exchange regarding '43rd Annual General Meeting:'.
26-Apr-2023 14:23:54,Investor Presentation,Poonawalla Fincorp Limited has informed the Exchange about Investor Presentation
26-Apr-2023 14:19:05,Press Release,"Poonawalla Fincorp Limited has informed the Exchange regarding a press release dated April 26, 2023, titled ""Audited Financial Results and Performance of the Company for thequarter and year ended Marc"
26-Apr-2023 14:14:11,Related Party Transactions,Poonawalla Fincorp Limited has informed the Exchange about related Party Transactions
26-Apr-2023 14:04:46,Dividend,"Poonawalla Fincorp Limited has informed the Exchange that Board of Directors at its meeting held on April 26, 2023, recommended Final Dividend of 2 per equity share."
26-Apr-2023 14:03:02,Financial Result Updates,"Poonawalla Fincorp Limited has submitted to the Exchange, the financial results for the period ended March 31, 2023."
26-Apr-2023 14:00:16,Outcome of Board Meeting,"Poonawalla Fincorp Limited has informed the Exchange regarding  Board meeting held on April 26, 2023."
25-Apr-2023 21:16:57,ESOP/ESOS/ESPS,Poonawalla Fincorp Limited has informed the Exchange regarding Grant of 567500  Options.
24-Apr-2023 17:55:48,Press Release,"Poonawalla Fincorp Limited has informed the Exchange regarding a press release dated April 24, 2023, titled ""Poonawalla Fincorp s rating upgraded to CRISIL AAA""."
24-Apr-2023 17:32:14,Credit Rating,Poonawalla Fincorp Limited has informed the Exchange about Credit Rating
23-Apr-2023 22:38:18,Updates,"Poonawalla Fincorp Limited has informed the Exchange regarding 'Intimation pursuant to Regulation 29 (1), Regulation 50 (1) and other relevant provisions of Securities and Exchange Board of India (Lis"
20-Apr-2023 18:38:17,Analysts/Institutional Investor Meet/Con. Call Updates,Poonawalla Fincorp Limited has informed the Exchange about Schedule of meet
19-Apr-2023 15:53:24,Copy of Newspaper Publication,Poonawalla Fincorp Limited has informed the Exchange about Copy of Newspaper Publication
10-Apr-2023 15:39:55,"Certificate under SEBI (Depositories and Participants) Regulations, 2018","Poonawalla Fincorp Limited has informed the Exchange about Certificate under SEBI (Depositories and Participants) Regulations, 2018"
05-Apr-2023 07:34:01,Updates,"Poonawalla Fincorp Limited has informed the Exchange regarding 'Information under Regulation 30 of SEBI (Listing Obligations and Disclosure Requirements) Regulation, 2015 r/w Schedule A of Reg. 8 of S"
04-Apr-2023 22:17:25,Updates,Poonawalla Fincorp Limited has informed the Exchange regarding ''.
28-Mar-2023 20:59:05,ESOP/ESOS/ESPS,Poonawalla Fincorp Limited has informed the Exchange regarding Allotment of 13625  Shares.
28-Feb-2023 14:52:24,ESOP/ESOS/ESPS,Poonawalla Fincorp Limited has informed the Exchange regarding Allotment of 2508000  Shares.
27-Feb-2023 19:26:16,Updates,"Poonawalla Fincorp Limited has informed the Exchange regarding 'Disclosure under Regulation 30 of SEBI (Listing Obligations and DisclosureRequirements) Regulations, 2015 (""SEBI Listing Regulations )'."
15-Feb-2023 17:38:45,ESOP/ESOS/ESPS,Poonawalla Fincorp Limited has informed the Exchange regarding Allotment of 49975  Shares.
31-Jan-2023 15:19:15,Analysts/Institutional Investor Meet/Con. Call Updates,Poonawalla Fincorp Limited has informed the Exchange about Transcript
25-Jan-2023 22:41:24,Updates,"Poonawalla Fincorp Limited has informed the Exchange regarding 'Disclosure under Regulation 30 of SEBI (Listing Obligations and Disclosure Requirements) Regulations, 2015 (""SEBI Listing Regulations )'"
24-Jan-2023 18:39:17,Copy of Newspaper Publication,Poonawalla Fincorp Limited has informed the Exchange about Copy of Newspaper Publication
23-Jan-2023 19:21:24,Shareholders meeting,Poonawalla Fincorp Limited has informed the Exchange about Shareholders meeting
23-Jan-2023 19:16:50,Analysts/Institutional Investor Meet/Con. Call Updates,Poonawalla Fincorp Limited has informed the Exchange about Link of Recording
23-Jan-2023 16:08:13,Investor Presentation,Poonawalla Fincorp Limited has informed the Exchange about Investor Presentation
23-Jan-2023 16:07:16,Press Release,"Poonawalla Fincorp Limited has informed the Exchange regarding a press release dated January 23, 2023, titled ""Press release onthe Unaudited Financial Results and Performance of the Company for the qu"
23-Jan-2023 15:59:31,Outcome of Board Meeting,"Poonawalla Fincorp Limited has informed the Exchange regarding Outcome of Board Meeting held on January 23, 2023."
23-Jan-2023 15:58:22,Financial Result Updates,"Poonawalla Fincorp Limited has submitted to the Exchange, the financial results for the period ended December 31, 2022."
20-Jan-2023 18:12:46,ESOP/ESOS/ESPS,Poonawalla Fincorp Limited has informed the Exchange regarding Allotment of 257005  Shares.
20-Jan-2023 17:06:07,ESOP/ESOS/ESPS,Poonawalla Fincorp Limited has informed the Exchange regarding Grant of 412500  Options.
20-Jan-2023 16:58:44,ESOP/ESOS/ESPS,Poonawalla Fincorp Limited has informed the Exchange regarding Allotment of 412500  Shares.
17-Jan-2023 16:10:33,Updates,"Poonawalla Fincorp Limited has informed the Exchange regarding 'Intimation under Regulation 6(1) & 7(1) of the SEBI (Listing Obligations and Disclosure Requirements), Regulations, 2015'."
14-Jan-2023 00:37:34,"Certificate under SEBI (Depositories and Participants) Regulations, 2018","Poonawalla Fincorp Limited has informed the Exchange about Certificate under Regulation 74(5) of SEBI (Depositories and Participants) Regulations, 2018 for the period from October 01, 2022 to December"
13-Jan-2023 19:40:58,Registrar & Share Transfer Agent Update,Poonawalla Fincorp Limited has informed the Exchange about Registrar & Share Transfer Agent Update
13-Jan-2023 18:34:58,Analysts/Institutional Investor Meet/Con. Call Updates,Poonawalla Fincorp Limited has informed the Exchange about Schedule of meet
12-Jan-2023 15:12:37,Updates,"Poonawalla Fincorp Limited has informed the Exchange regarding 'Intimation under Regulation 29, 30 and 50 of SEBI (Listing Obligations and Disclosure Requirements) Regulations, 2015'."
05-Jan-2023 08:00:05,Updates,"Poonawalla Fincorp Limited has informed the Exchange regarding 'Information under Reg. 30 of SEBI (Listing Obligations and Disclosure Requirements) Regulation, 2015 r/w Schedule A of Reg. 8 of SEBI (P"
02-Jan-2023 23:38:59,Loss of Share Certificates,Poonawalla Fincorp Limited has informed the Exchange about Loss of Share Certificates and issuance of duplicate share certificate
24-Dec-2022 15:37:24,Copy of Newspaper Publication,Poonawalla Fincorp Limited has informed the Exchange about Copy of Newspaper Publication - Postal Ballot Notice
23-Dec-2022 17:41:38,Shareholders meeting,Poonawalla Fincorp Limited has informed the Exchange regarding Notice of Postal Ballot
16-Dec-2022 15:20:43,Communication to shareholders as per Reg 30,"Poonawalla Fincorp Limited has informed the Exchange about communication to shareholders as per Regulation 30 of SEBI (Listing Obligations and Disclosure Requirements) Regulations, 2015"
14-Dec-2022 19:44:36,Press Release,"Poonawalla Fincorp Limited has informed the Exchange about press release dated 14-Dec-2022 for sale of its housing subsidiary Poonawalla Housing Finance Limited to TPG (Perseus SG Pte. Ltd., an entity"
14-Dec-2022 19:41:27,Outcome of Board Meeting,Poonawalla Fincorp Limited  has informed the Exchange about Board Meeting held on 14-Dec-2022 to consider Other business matters - Disclosure under Regulation 30 of the Securities and Exchange Board o
11-Dec-2022 22:53:28,Closure of trading window,Poonawalla Fincorp Limited has informed the Exchange about Closure of trading window
09-Dec-2022 17:48:06,Newspaper Advertisements,"Poonawalla Fincorp Limited has informed the Exchange about Newspaper Advertisements informing the Shareholder, Debenture holders, Beneficial Owners and other concerned of Poonawalla Fincorp Limited re"
08-Dec-2022 18:56:12,General updates,"This is further to our intimation dated October 21, 2022, we would like to inform that the Electronic Connectivity of Depositories viz., National Securities Depository Ltd., (NSDL) and Central Deposit"
30-Nov-2022 16:33:48,Postal Ballot,"Poonawalla Fincorp Limited has informed the Exchange about Voting results,  Scrutinizer report,  Proceedings and  Minutes of Postal Ballot"
23-Nov-2022 18:04:12,News Verification,POONAWALLA : The Exchange has sought clarification from Poonawalla Fincorp Limited with respect to recent news item captioned Poonawalla Fincorp puts housing finance arm on the block.  The response fr
23-Nov-2022 15:24:03,News Verification,POONAWALLA : The Exchange has sought clarification from Poonawalla Fincorp Limited with respect to recent news item captioned Poonawalla Fincorp puts housing finance arm on the block.  The response fr
15-Nov-2022 17:46:09,Loss of share certificate,Poonawalla Fincorp Limited has informed the Exchange about Loss of share certificate and issuance of duplicate share certificate
04-Nov-2022 18:07:54,Related Party Transaction,Poonawalla Fincorp Limited has informed the Exchange about related party transaction for the period ended September 2022
31-Oct-2022 17:10:38,Transcript of Analysts/Institutional Investor Meet/Con. Call,Poonawalla Fincorp Limited has informed the Exchange about Transcript of Analysts/Institutional Investor Meet/Con. Call 
29-Oct-2022 23:24:03,Newspaper Advertisements,Poonawalla Fincorp Limited has informed the Exchange about Newspaper Advertisements
28-Oct-2022 21:21:18,Postal Ballot,Poonawalla Fincorp Limited has informed the Exchange about Notice of Postal Ballot
23-Oct-2022 23:34:12,Newspaper Advertisements,Poonawalla Fincorp Limited has informed the Exchange about Newspaper Advertisements
23-Oct-2022 23:32:48,Newspaper Advertisements,Poonawalla Fincorp Limited has informed the Exchange about Newspaper Advertisements
21-Oct-2022 20:36:42,Recording of Analysts/Institutional Investor Meet/Con. Call,Poonawalla Fincorp Limited has informed the Exchange about Recording of Analysts/Institutional Investor Meet/Con. Call
21-Oct-2022 15:02:21,Investor Presentation,Poonawalla Fincorp Limited has informed the Exchange about presentation to be made to the Investors/Analysts on the Unaudited Financial Results of the Company for the quarter and half year ended 30 Se
21-Oct-2022 14:59:15,Investor Presentation,Poonawalla Fincorp Limited has informed the Exchange about Investor Presentation
21-Oct-2022 14:48:54,Press Release,Poonawalla Fincorp Limited has informed the Exchange about press release dated 21-Oct-2022 titled Press Release II Q2FY23 Key Highlights
21-Oct-2022 14:46:27,Appointment,Poonawalla Fincorp Limited  has informed the Exchange about Appointment of Link Intime India Private Limited as the new Registrar and Share Transfer Agent of the Company in place of Niche Technologies
21-Oct-2022 14:43:03,General updates,Poonawalla Fincorp Limited has informed the Exchange about Change of the Registered Office Change of the Registered Office of the Company within the local limits of the city and jurisdiction of the sa
21-Oct-2022 14:38:33,Re-appointment,Poonawalla Fincorp Limited  has informed the Exchange about re-appointment of Bontha Prasada Rao (DIN: 01705080) as Independent Director of the company
21-Oct-2022 14:37:45,Amendment to AOA/MOA,"Poonawalla Fincorp Limited has informed the Exchange about Alteration in the Memorandum of Association of the Company in line with business requirements and the existing Companies Act, 2013, as amende"
21-Oct-2022 14:24:27,Outcome of Board Meeting,Poonawalla Fincorp Limited  has informed the Exchange about Board Meeting held on 21-Oct-2022 to consider financial statements for the period ended September 2022
18-Oct-2022 21:06:24,General updates,Poonawalla Fincorp Limited has informed the Exchange about Grant of stock options under Employee Stock Option Plan 2021
18-Oct-2022 21:00:09,General updates,Poonawalla Fincorp Limited has informed the Exchange about allotment of shares under Employee Stock Option Plan 2007
14-Oct-2022 16:38:00,General updates,"Poonawalla Fincorp Limited has informed the Exchange about Certificate under Regulation 74(5) of SEBI (Depositories and Participants) Regulations, 2018 for the period from 01 July 2022 to 30 September"
05-Oct-2022 22:15:15,General updates,"Poonawalla Fincorp Limited has informed the Exchange about Information under Reg. 30 of SEBI (Listing Obligations and Disclosure Requirements) Regulation, 2015 r/w Schedule A of Reg. 8 of SEBI (Prohib"
30-Sep-2022 22:47:15,Press Release,Poonawalla Fincorp Limited has informed the Exchange about press release dated 30-Sep-2022 titled Credit Rating upgrade to AAA by CARE Ratings Limited.
30-Sep-2022 22:42:15,Credit Rating,Poonawalla Fincorp Limited has informed the Exchange about Upgrade of Credit Rating
30-Sep-2022 22:29:48,Credit Rating,Poonawalla Fincorp Limited has informed the Exchange about Upgrade of Credit Rating
30-Sep-2022 22:26:12,Schedule of Analysts/Institutional Investor Meet/Con. Call,Poonawalla Fincorp Limited has informed the Exchange about Schedule of Analysts/Institutional Investor Meet/Con. Call 
30-Sep-2022 22:05:12,Closure of trading window,Poonawalla Fincorp Limited has informed the Exchange about Closure of trading window
30-Sep-2022 22:03:33,General updates,"Poonawalla Fincorp Limited has informed the Exchange about Intimation under Regulation 30 of SEBI (Listing Obligations and Disclosure Requirements) Regulations, 2015."
24-Sep-2022 18:18:51,General updates,"Poonawalla Fincorp Limited has informed the Exchange about Disclosure under Regulation 30 of SEBI (Listing Obligations and Disclosure Requirements) Regulations, 2015 (""SEBI Listing Regulations���)"
24-Sep-2022 14:07:39,General updates,"Poonawalla Fincorp Limited has informed the Exchange about Disclosure under Regulation 30 of SEBI (Listing Obligations and Disclosure Requirements) Regulations, 2015 (""SEBI Listing Regulations���)"
13-Sep-2022 16:46:45,Postal Ballot,"Poonawalla Fincorp Limited has informed the Exchange about Voting results,  Scrutinizer report and  Minutes of Postal Ballot"
15-Aug-2022 15:08:36,Newspaper Advertisements,Poonawalla Fincorp Limited has informed the Exchange about Newspaper Advertisements
13-Aug-2022 18:30:00,Postal Ballot,Poonawalla Fincorp Limited has informed the Exchange about Notice of Postal Ballot
13-Aug-2022 14:20:36,Newspaper Advertisements,Poonawalla Fincorp Limited has informed the Exchange about Newspaper Advertisements
05-Aug-2022 09:21:03,Transcript of Analysts/Institutional Investor Meet/Con. Call,Poonawalla Fincorp Limited has informed the Exchange about Transcript of Analysts/Institutional Investor Meet/Con. Call 
01-Aug-2022 23:49:12,Credit Rating,Poonawalla Fincorp Limited has informed the Exchange about Assignment of Credit Rating
30-Jul-2022 00:44:33,Annual General Meeting,"Poonawalla Fincorp Limited has informed the Exchange about Voting results,  Scrutinizer report and  Proceedings of Annual General Meeting held on 29-Jul-2022"
29-Jul-2022 13:33:21,Recording of Analysts/Institutional Investor Meet/Con. Call,Poonawalla Fincorp Limited has informed the Exchange about Recording of Analysts/Institutional Investor Meet/Con. Call
29-Jul-2022 11:39:33,Newspaper Advertisements,Poonawalla Fincorp Limited has informed the Exchange about Newspaper Advertisements
27-Jul-2022 16:31:42,Investor Presentation,Poonawalla Fincorp Limited has informed the Exchange about Investor Presentation
27-Jul-2022 16:28:12,Press Release,Poonawalla Fincorp Limited has informed the Exchange about press release dated 27-Jul-2022 titled Press Release on the Unaudited Financial Results and Performance of the Company for the quarter ended 
27-Jul-2022 16:23:51,Outcome of Board Meeting,Poonawalla Fincorp Limited  has informed the Exchange about Board Meeting held on 27-Jul-2022 to consider financial statements for the period ended June 2022
26-Jul-2022 23:37:48,General updates,Poonawalla Fincorp Limited has informed the Exchange about allotment of Shares under Employee Stock Option Plan 2007 and Restricted Stock Option Plan 2014.
21-Jul-2022 23:10:12,General updates,Poonawalla Fincorp Limited has informed the Exchange about grant of stock options under Employee Stock Option Plan 2021
20-Jul-2022 15:53:39,General updates,"Poonawalla Fincorp Limited has informed the Exchange about Disclosure under Regulation 30 of SEBI (Listing Obligations and Disclosure Requirements) Regulations, 2015"
18-Jul-2022 16:58:48,General updates,Poonawalla Fincorp Limited has informed the Exchange about Press Release in respect of joining of Mr. Hiren Shah as Head of Investor Relations of the Company
15-Jul-2022 21:25:27,General updates,Poonawalla Fincorp Limited has informed the Exchange about Allotment of Shares under Employee Stock Option Plan -2007 and Restricted Stock Option Plan -2014
15-Jul-2022 21:22:09,General updates,Poonawalla Fincorp Limited has informed the Exchange about Grant of stock options under Employee Stock Option Plan 2021
14-Jul-2022 22:06:42,Schedule of Analysts/Institutional Investor Meet/Con. Call,Poonawalla Fincorp Limited has informed the Exchange about Schedule of Analysts/Institutional Investor Meet/Con. Call 
11-Jul-2022 13:12:27,Schedule of Analysts/Institutional Investor Meet/Con. Call,Poonawalla Fincorp Limited has informed the Exchange about Schedule of Analysts/Institutional Investor Meet/Con. Call 
08-Jul-2022 19:00:33,General updates,"Poonawalla Fincorp Limited has informed the Exchange about Certificate under Regulation 74(5) of SEBI (Depositories and Participants) Regulations, 2018 for the period from 01 April 2022 to 30 June 202"
07-Jul-2022 22:22:16,Schedule of Analysts/Institutional Investor Meet/Con. Call,Poonawalla Fincorp Limited has informed the Exchange about Schedule of Analysts/Institutional Investor Meet/Con. Call 
07-Jul-2022 09:16:27,Newspaper Advertisements,Poonawalla Fincorp Limited has informed the Exchange about Newspaper Advertisements
06-Jul-2022 19:19:45,Annual General Meeting,Poonawalla Fincorp Limited has informed the Exchange about Notice of Annual General Meeting to be held on 29-Jul-2022
06-Jul-2022 15:10:56,Schedule of Analysts/Institutional Investor Meet/Con. Call,Poonawalla Fincorp Limited has informed the Exchange about Schedule of Analysts/Institutional Investor Meet/Con. Call 
05-Jul-2022 12:52:06,General updates,"Poonawalla Fincorp Limited has informed the Exchange about Information under Regulation 30 of SEBI (Listing Obligations and Disclosure Requirements) Regulation, 2015 r/w Schedule A of Regulation 8 of "
29-Jun-2022 18:39:24,Closure of trading window,Poonawalla Fincorp Limited has informed the Exchange about Closure of trading window
27-Jun-2022 12:05:27,Newspaper Advertisements,Poonawalla Fincorp Limited has informed the Exchange about Newspaper Advertisements
25-Jun-2022 22:08:57,Schedule of Analysts/Institutional Investor Meet/Con. Call,Poonawalla Fincorp Limited has informed the Exchange about Schedule of Analysts/Institutional Investor Meet/Con. Call 
14-Jun-2022 14:13:26,Schedule of Analysts/Institutional Investor Meet/Con. Call,Poonawalla Fincorp Limited has informed the Exchange about Schedule of Analysts/Institutional Investor Meet/Con. Call 
10-Jun-2022 13:33:01,Disclosure of other UPSI/material event,Poonawalla Fincorp Limited has informed the Exchange about Disclosure of other UPSI/material event
08-Jun-2022 18:15:45,Newspaper Advertisements,Poonawalla Fincorp Limited has informed the Exchange about Newspaper Advertisements
07-Jun-2022 14:30:04,General updates,Poonawalla Fincorp Limited has informed the Exchange about Communication to Shareholders- Transfer of Equity Shares of the Company to the Investor Education and Protection Fund (IEPF) Demat Account 
03-Jun-2022 20:15:39,General updates,Poonawalla Fincorp Limited has informed the Exchange about Intimation under Regulation 30 (LODR)-Receipt Of Revocation Order
27-May-2022 22:43:20,General updates,Poonawalla Fincorp Limited has informed the Exchange about Communication to Shareholders- Intimation on Tax Deduction at source (TDS) on Dividend
26-May-2022 23:52:12,General updates,Poonawalla Fincorp Limited has informed the Exchange about Intimation to shareholders for unclaimed / unpaid as on 31st March 2022.
26-May-2022 23:44:17,Related Party Transaction,Poonawalla Fincorp Limited has informed the Exchange about related party transaction for the period ended March 2022
19-May-2022 21:54:34,Transcript of Analysts/Institutional Investor Meet/Con. Call,Poonawalla Fincorp Limited has informed the Exchange about Transcript of Analysts/Institutional Investor Meet/Con. Call 
17-May-2022 23:27:10,Newspaper Advertisements,Poonawalla Fincorp Limited has informed the Exchange about Newspaper Advertisements
13-May-2022 22:55:03,General updates,Poonawalla Fincorp Limited has informed the Exchange about Audio Transcript of the conference call for Financial Results held on 13 May 2022.
12-May-2022 19:30:41,General updates,"Poonawalla Fincorp Limited has informed the Exchange about Intimation of date of Annual General Meeting to be held July 29, 2022"
12-May-2022 19:11:29,Book Closure,Poonawalla Fincorp Limited has informed the Exchange that Register of Members & Share Transfer Books of the Company will remain closed from 23-Jul-2022 to 29-Jul-2022 for the purpose of Dividend.
12-May-2022 19:00:53,Outcome of Board Meeting,Poonawalla Fincorp Limited  has informed the Exchange about Board Meeting held on 12-May-2022 to consider financial statements for the period ended March 2022 and Dividend
12-May-2022 19:00:50,Dividend,"Poonawalla Fincorp Limited has informed the Exchange that Board of Directors at its meeting held on 12-May-2022, declared Dividend of Rs. 0.40 per equity share."
12-May-2022 18:57:24,Dividend,Poonawalla Fincorp Limited has informed the Exchange about Final dividend at the rate of 0.40 per share
12-May-2022 18:54:12,General updates,"Poonawalla Fincorp Limited has informed the Exchange about Regulation 30 of SEBI (Listing Obligations and Disclosure Requirements) Regulations, 2015 (���Listing Regulations���) - Corporate Announcemen"
12-May-2022 18:48:23,Press Release,Poonawalla Fincorp Limited has informed the Exchange about press release dated 12-May-2022 titled Poonawalla Fincorp Q4 FY22 Financial Results 
12-May-2022 18:47:19,Investor Presentation,Poonawalla Fincorp Limited has informed the Exchange about Investor Presentation
12-May-2022 18:43:59,Financial Result Updates,"Poonawalla Fincorp Limited has submitted to the Exchange, the financial results for the period ended March 31, 2022."
09-May-2022 17:16:31,Schedule of Analysts/Institutional Investor Meet/Con. Call,Poonawalla Fincorp Limited has informed the Exchange about Schedule of Analysts/Institutional Investor Meet/Con. Call 
09-May-2022 17:01:32,General updates,Allotment of Shares under Employee Stock Option Plan -2007 and Restricted Stock Option Plan -2014
09-May-2022 16:53:47,General updates,Grant of stock options under Employee Stock Option Plan 2021
19-Apr-2022 07:49:26,Press Release,Poonawalla Fincorp Limited has informed the Exchange about press release dated 19-Apr-2022 titled Press Release w.r.t ���Poonawalla Fincorp enters digital consumption loans space���.
18-Apr-2022 21:58:46,Newspaper Advertisements,Poonawalla Fincorp Limited has informed the Exchange about Newspaper Advertisements
15-Apr-2022 00:45:07,Extra Ordinary Meeting,"Poonawalla Fincorp Limited has informed the Exchange about Voting results,  Scrutinizer report and  Proceedings of Extra Ordinary General Meeting held on 14-Apr-2022"
14-Apr-2022 16:16:35,General updates,"Poonawalla Fincorp Limited has informed the Exchange about  Certificate under Regulation 74(5) of SEBI (Depositories and Participants) Regulations, 2018 for the period from 01 January 2022 to 31 March"
12-Apr-2022 18:41:18,Suspension of Trading,"Members of the Exchange are hereby informed that the trading in Non-Convertible Debentures (NCDs) of Poonawalla Fincorp Limited shall be suspended w.e.f. April 20, 2022 (ISIN: INE511C07656 & INE511C07"
05-Apr-2022 20:48:09,General updates,"Poonawalla Fincorp Limited has informed the Exchange about Information under Regulation 30 of SEBI (Listing Obligations and Disclosure Requirements) Regulation, 2015 r/w Schedule A of Regulation 8 of "
04-Apr-2022 16:54:26,Disclosure under SEBI Takeover Regulations,Promoter/Promoter Group of Poonawalla Fincorp Limited has submitted a disclosure under Regulation 31(4) of SEBI Takeover Regulations for the year ended 31-Mar-2022
01-Apr-2022 14:57:53,Schedule of Analysts/Institutional Investor Meet/Con. Call,Poonawalla Fincorp Limited has informed the Exchange about Schedule of Analysts/Institutional Investor Meet/Con. Call 
30-Mar-2022 17:59:56,Closure of trading window,Poonawalla Fincorp Limited has informed the Exchange about Closure of trading window
29-Mar-2022 20:41:33,General updates,"Poonawalla Fincorp Limited has informed the Exchange about intimation under Regulation 30 of the Securities and Exchange Board of India (Listing Obligations and Disclosure Requirements) Regulations, 2"
26-Mar-2022 17:43:58,General updates,"Poonawalla Fincorp Limited has informed the Exchange about update under Regulation 30 of the SEBI (Listing Obligations and Disclosure Requirements) Regulations, 2015"
26-Mar-2022 12:16:40,Newspaper Advertisements,Poonawalla Fincorp Limited has informed the Exchange about Newspaper Advertisements
24-Mar-2022 14:01:26,Schedule of Analysts/Institutional Investor Meet/Con. Call,Poonawalla Fincorp Limited has informed the Exchange about Schedule of Analysts/Institutional Investor Meet/Con. Call 
23-Mar-2022 22:49:32,Extra Ordinary Meeting,Poonawalla Fincorp Limited has informed the Exchange about Notice of Extra Ordinary General Meeting to be held on 14-Apr-2022
23-Mar-2022 15:11:21,General updates,Poonawalla Fincorp Limited has informed the Exchange about Extra-ordinary General Meeting 
17-Mar-2022 23:41:26,General updates,Poonawalla Fincorp Limited has informed the Exchange about Grant of stock options under Employee Stock Option Plan 2021
16-Mar-2022 18:27:50,General updates,Poonawalla Fincorp Limited has informed the Exchange about Intimation of approval received for re-classification of shareholders of Poonawalla Fincorp Limited (���the Company���) from the ���Promoter 
16-Mar-2022 17:58:21,Schedule of Analysts/Institutional Investor Meet/Con. Call,Poonawalla Fincorp Limited has informed the Exchange about Schedule of Analysts/Institutional Investor Meet/Con. Call 
15-Mar-2022 11:33:50,Schedule of Analysts/Institutional Investor Meet/Con. Call,Poonawalla Fincorp Limited has informed the Exchange about Schedule of Analysts/Institutional Investor Meet/Con. Call 
09-Mar-2022 13:17:01,Newspaper Advertisements,Poonawalla Fincorp Limited has informed the Exchange about Newspaper Advertisements
08-Mar-2022 18:55:10,Schedule of Analysts/Institutional Investor Meet/Con. Call,Poonawalla Fincorp Limited has informed the Exchange about Schedule of Analysts/Institutional Investor Meet/Con. Call 
07-Mar-2022 13:56:50,Schedule of Analysts/Institutional Investor Meet/Con. Call,Poonawalla Fincorp Limited has informed the Exchange about Schedule of Analysts/Institutional Investor Meet/Con. Call 
04-Mar-2022 20:18:57,Resignation,Poonawalla Fincorp Limited  has informed the Exchange about resignation of Vijay Deshwal as Chief Executive Officer of the company w.e.f. 04-Mar-2022
02-Mar-2022 14:06:14,General updates,Poonawalla Fincorp Limited has informed the Exchange about Shifting of Registered Office from the State of West Bengal to the State of Maharashtra
20-Feb-2022 17:41:25,ESOP/ESPS/SBEB Scheme,Poonawalla Fincorp Limited has informed the Exchange about ESOP/ESPS/SBEB Scheme
11-Feb-2022 18:27:12,Press Release,"Poonawalla Fincorp Limited has informed the Exchange regarding a press release dated February 11, 2022, titled ""Poonawalla Fincorp reinstates Abhay Bhutada as Managing Director""."
11-Feb-2022 18:25:06,Updates,Poonawalla Fincorp Limited has informed the Exchange regarding 'Change in Board composition.'.
10-Feb-2022 23:55:56,Updates,"Poonawalla Fincorp Limited has informed the Exchange regarding 'Intimation under Regulation 31A of SEBI (Listing Obligations and Disclosure Requirements) Regulations, 2015 ( Listing Regulations )'."
10-Feb-2022 17:53:39,Reply to Clarification Sought,"POONAWALLA: The Exchange had sought clarification from Poonawalla Fincorp Limited with respect to announcement dated 01-Feb-2022, regarding it outcome of Board Meeting held on February 01, 2022. On ba"
09-Feb-2022 21:17:15,Updates,Poonawalla Fincorp Limited has informed the Exchange regarding 'Code of Practices and Procedures for Fair Disclosure of the Company'.
09-Feb-2022 17:40:13,Shareholders meeting,"Poonawalla Fincorp Limited has informed the Exchange regarding Proceedings of Postal Ballot. Further, the company has informed the Exchange regarding voting results along with copy of scrutinizers rep"
08-Feb-2022 21:25:21,Analysts/Institutional Investor Meet/Con. Call Updates,"Poonawalla Fincorp Limited has informed the Exchange about Transcript conference call held on 02 February 2022 to discuss the Unaudited Financial Results for quarter and nine month ended December 31, "
08-Feb-2022 21:06:09,Trading Window,"Poonawalla Fincorp Limited has informed the Exchange regarding the Trading Window closure pursuant to SEBI (Prohibition of Insider Trading) Regulations, 2015"
04-Feb-2022 16:23:53,Copy of Newspaper Publication,Poonawalla Fincorp Limited has informed the Exchange about Copy of Newspaper Publication
04-Feb-2022 16:14:56,Updates,"Poonawalla Fincorp Limited has informed the Exchange regarding 'Regulation 30 of the SEBI (Listing Obligations and Disclosure Requirements) Regulations, 2015 ( Listing Regulations ).'."
04-Feb-2022 12:07:07,Clarification,"POONAWALLA: The Exchange has sought clarification from Poonawalla Fincorp Limited with respect to announcement dated 01-Feb-2022, regarding it outcome of Board Meeting held on February 01, 2022. On ba"
02-Feb-2022 22:11:33,Analysts/Institutional Investor Meet/Con. Call Updates,Poonawalla Fincorp Limited has informed the Exchange about Link of Recording
01-Feb-2022 20:45:34,Investor Presentation,Poonawalla Fincorp Limited has informed the Exchange about Investor Presentation
01-Feb-2022 20:28:52,Press Release,"Poonawalla Fincorp Limited has informed the Exchange regarding a press release dated February 01, 2022, titled ""Press Release in respect of Unaudited Financial Results for the quarter ended 31 Decembe"
01-Feb-2022 20:06:24,Outcome of Board Meeting,"Poonawalla Fincorp Limited has informed the Exchange regarding Outcome of Board Meeting held on February 01, 2022."
01-Feb-2022 19:57:05,ESOP/ESOS/ESPS,Poonawalla Fincorp Limited has informed the Exchange regarding Allotment of 291858  Shares.
01-Feb-2022 19:43:07,Financial Result Updates,"Poonawalla Fincorp Limited has submitted to the Exchange, the financial results for the period ended December 31, 2021."
01-Feb-2022 12:47:40,Credit Rating,Poonawalla Fincorp Limited has informed the Exchange about Credit Rating
31-Jan-2022 13:13:02,Analysts/Institutional Investor Meet/Con. Call Updates,Poonawalla Fincorp Limited has informed the Exchange about Schedule of meet
29-Jan-2022 20:46:26,Updates,Poonawalla Fincorp Limited has informed the Exchange regarding 'Communication to Security holders holding securities in physical form'.
29-Jan-2022 17:04:30,Analysts/Institutional Investor Meet/Con. Call Updates,Poonawalla Fincorp Limited has informed the Exchange about Schedule of meet
27-Jan-2022 20:48:00,Copy of Newspaper Publication,Poonawalla Fincorp Limited has informed the Exchange about Copy of Newspaper Publication
27-Jan-2022 18:06:28,Appointment,"Poonawalla Fincorp Limited has informed the Exchange regarding Appointment of Mr Atul Kumar Gupta as Non-Executive Non-Independent Director of the company w.e.f. January 27, 2022."
18-Jan-2022 20:01:35,Updates,Poonawalla Fincorp Limited has informed the Exchange regarding 'Intimation under Regulations 30 of the Securities and Exchange Board of India (Listing Obligations and Disclosure Requirements) Regulati
15-Jan-2022 20:32:32,Appointment,"Poonawalla Fincorp Limited has informed the Exchange regarding Appointment of Mr Mr. G.Jagan Mohan Rao as Non- Executive Independent Director of the company w.e.f. January 15, 2022."
15-Jan-2022 20:32:29,Appointment,"Poonawalla Fincorp Limited has informed the Exchange regarding Appointment of Mr Mr. Sanjay Kumar as Non- Executive Independent Director of the company w.e.f. January 15, 2022."
12-Jan-2022 22:29:55,Resignation,"Poonawalla Fincorp Limited has informed the Exchange regarding Resignation of Mrs Bhama Krishnamurthy as Independent Non-Executive Director of the company w.e.f. January 12, 2022."
12-Jan-2022 18:13:28,"Certificate under SEBI (Depositories and Participants) Regulations, 2018","Poonawalla Fincorp Limited has informed the Exchange about Certificate under SEBI (Depositories and Participants) Regulations, 2018 for quarter ended 31 December 2021."
09-Jan-2022 21:12:07,Copy of Newspaper Publication,Poonawalla Fincorp Limited has informed the Exchange about Copy of Newspaper Publication
08-Jan-2022 14:20:33,Shareholders meeting,Poonawalla Fincorp Limited has informed the Exchange regarding Notice of Postal Ballot
06-Jan-2022 23:00:10,Updates,Poonawalla Fincorp Limited has informed the Exchange regarding 'Alteration in the Article of Association of the Company and approval of Postal Ballot Notice'.
03-Jan-2022 13:53:36,Analysts/Institutional Investor Meet/Con. Call Updates,Poonawalla Fincorp Limited has informed the Exchange about Cancellation of investor Meet
03-Jan-2022 12:24:37,Analysts/Institutional Investor Meet/Con. Call Updates,Poonawalla Fincorp Limited has informed the Exchange about Schedule of meet
30-Dec-2021 22:01:05,Trading Window,"Poonawalla Fincorp Limited has informed the Exchange regarding the Trading Window closure pursuant to SEBI (Prohibition of Insider Trading) Regulations, 2015"
29-Dec-2021 18:43:59,Appointment,"Poonawalla Fincorp Limited has informed the Exchange regarding Appointment of Mrs Bhama Krishnamurthy as Independent Director of the company w.e.f. December 29, 2021."
24-Dec-2021 18:02:21,Updates,"Poonawalla Fincorp Limited has informed the Exchange regarding receipt of order from Regional Director (Eastern Region), Kolkata for shifting of Registered Office from Kolkata, West Bengal to Pune, Ma"
23-Dec-2021 21:51:51,Updates,Poonawalla Fincorp Limited has informed the Exchange regarding 'Sale of entire stake of equity shares of the Company held by International Finance Corporation'.
17-Dec-2021 18:23:27,Copy of Newspaper Publication,Poonawalla Fincorp Limited has informed the Exchange about Copy of Newspaper Publication
14-Dec-2021 16:44:22,Shareholders meeting,Poonawalla Fincorp Limited has informed the Exchange about Shareholders meeting
10-Dec-2021 14:13:09,Analysts/Institutional Investor Meet/Con. Call Updates,Poonawalla Fincorp Limited has informed the Exchange about Schedule of meet
08-Dec-2021 20:55:33,Updates,"Poonawalla Fincorp Limited has informed the Exchange regarding 'Regulation 30 of the Securities and Exchange Board of India (Listing Obligations and Disclosure Requirements) Regulations, 2015'."
01-Dec-2021 11:43:41,Analysts/Institutional Investor Meet/Con. Call Updates,Poonawalla Fincorp Limited has informed the Exchange about Schedule of meet
30-Nov-2021 23:05:00,ESOP/ESOS/ESPS,Poonawalla Fincorp Limited has informed the Exchange regarding Allotment of 30000 Equity Shares under Restricted Stock Options Plan-2014.
30-Nov-2021 23:04:59,ESOP/ESOS/ESPS,Poonawalla Fincorp Limited has informed the Exchange regarding Allotment of 67857 Equity Shares under Employee Stock Option Plan 2007.
29-Nov-2021 19:10:47,Updates,Poonawalla Fincorp Limited has informed the Exchange regarding Intimation under Regulation 30 of the Securities and Exchange Board of India (Listing Obligations and Disclosure Requirements) Regulation
29-Nov-2021 14:38:14,Analysts/Institutional Investor Meet/Con. Call Updates,Poonawalla Fincorp Limited has informed the Exchange about Schedule of meet
26-Nov-2021 21:40:17,Copy of Newspaper Publication,Poonawalla Fincorp Limited has informed the Exchange about Copy of Newspaper Publication
24-Nov-2021 11:38:13,Updates,"Poonawalla Fincorp Limited has informed the Exchange regarding 'Intimation pursuant to Regulation 31A of SEBI (Listing Obligations and DisclosureRequirements) Regulations, 2015'."
23-Nov-2021 19:42:20,Updates,"Poonawalla Fincorp Limited has informed the Exchange regarding 'Intimation pursuant to Regulation 31A of SEBI (Listing Obligations and DisclosureRequirements) Regulations, 2015'."
23-Nov-2021 19:40:21,Press Release,"Poonawalla Fincorp Limited has informed the Exchange regarding a press release dated November 23, 2021, titled ""Press Release in respect of update on Board Composition.""."
23-Nov-2021 19:38:29,Updates,Poonawalla Fincorp Limited has informed the Exchange regarding 'Outcome of the Board Meeting held on 23 November 2021'.
22-Nov-2021 12:24:08,Analysts/Institutional Investor Meet/Con. Call Updates,Poonawalla Fincorp Limited has informed the Exchange about Schedule of meet
19-Nov-2021 08:53:20,Analysts/Institutional Investor Meet/Con. Call Updates,Poonawalla Fincorp Limited has informed the Exchange about Schedule of meet
16-Nov-2021 17:45:56,Credit Rating,Poonawalla Fincorp Limited has informed the Exchange about Credit Rating
16-Nov-2021 14:03:25,Analysts/Institutional Investor Meet/Con. Call Updates,Poonawalla Fincorp Limited has informed the Exchange about Schedule of meet
15-Nov-2021 22:01:13,Copy of Newspaper Publication,Poonawalla Fincorp Limited has informed the Exchange about Copy of Newspaper Publication
13-Nov-2021 19:43:20,Shareholders meeting,Poonawalla Fincorp Limited has informed the Exchange regarding Notice of Postal Ballot
09-Nov-2021 12:46:54,Analysts/Institutional Investor Meet/Con. Call Updates,Poonawalla Fincorp Limited has informed the Exchange about Schedule of meet
08-Nov-2021 21:48:04,Analysts/Institutional Investor Meet/Con. Call Updates,Poonawalla Fincorp Limited has informed the Exchange about Schedule of meet
07-Nov-2021 16:36:38,Copy of Newspaper Publication,Poonawalla Fincorp Limited has informed the Exchange about Copy of Newspaper Publication
03-Nov-2021 22:49:54,Updates,Poonawalla Fincorp Limited has informed the Exchange regarding 'Transcript of Earnings/ quarterly conference call   Disclosure under regulation 30 of SEBI (Listing Obligation and Disclosure Requiremen
02-Nov-2021 18:54:43,Press Release,"Poonawalla Fincorp Limited has informed the Exchange regarding a press release dated November 02, 2021, titled ""Press Release in respect of Proposed divestment of stake in Magma HDI General Insurance "
02-Nov-2021 18:44:06,Updates,Poonawalla Fincorp Limited has informed the Exchange regarding 'Outcome of the Board Meeting held on 2 November 2021'.
31-Oct-2021 23:20:47,Trading Window,"Poonawalla Fincorp Limited has informed the Exchange regarding the Trading Window closure pursuant to SEBI (Prohibition of Insider Trading) Regulations, 2015"
29-Oct-2021 21:31:15,ESOP/ESOS/ESPS,Poonawalla Fincorp Limited has informed the Exchange regarding Grant of 4325750  Options.
29-Oct-2021 02:31:51,Analysts/Institutional Investor Meet/Con. Call Updates,Poonawalla Fincorp Limited has informed the Exchange about Link of Recording
28-Oct-2021 21:54:22,Copy of Newspaper Publication,Poonawalla Fincorp Limited has informed the Exchange about Copy of Newspaper Publication
27-Oct-2021 19:03:54,Investor Presentation,Poonawalla Fincorp Limited has informed the Exchange about Investor Presentation
27-Oct-2021 19:02:01,Press Release,"Poonawalla Fincorp Limited has informed the Exchange regarding a press release dated October 27, 2021, titled ""Press Release in respect of Unaudited Financial Results for the quarter and half yearende"
27-Oct-2021 17:56:28,ESOP/ESOS/ESPS,Poonawalla Fincorp Limited has informed the Exchange regarding Allotment of 6400  Shares.
27-Oct-2021 16:55:18,Financial Result Updates,"Poonawalla Fincorp Limited has submitted to the Exchange, the financial results for the period ended September 30, 2021."
24-Oct-2021 00:55:59,Analysts/Institutional Investor Meet/Con. Call Updates,Poonawalla Fincorp Limited has informed the Exchange about Schedule of meet
19-Oct-2021 17:13:37,Copy of Newspaper Publication,Poonawalla Fincorp Limited has informed the Exchange about Copy of Newspaper Publication
18-Oct-2021 18:10:08,Credit Rating,Poonawalla Fincorp Limited has informed the Exchange about Credit Rating
14-Oct-2021 22:23:25,"Certificate under SEBI (Depositories and Participants) Regulations, 2018","Poonawalla Fincorp Limited has informed the Exchange about Certificate under SEBI (Depositories and Participants) Regulations, 2018"
30-Sep-2021 19:57:53,Copy of Newspaper Publication,Poonawalla Fincorp Limited has informed the Exchange about Copy of Newspaper Publication
29-Sep-2021 22:05:16,Trading Window,"Poonawalla Fincorp Limited has informed the Exchange regarding the Trading Window closure pursuant to SEBI (Prohibition of Insider Trading) Regulations, 2015"
27-Sep-2021 16:14:12,Analysts/Institutional Investor Meet/Con. Call Updates,Poonawalla Fincorp Limited has informed the Exchange about Analysts/Institutional Investor Meet/Con. Call Updates
25-Sep-2021 15:17:54,Updates,Poonawalla Fincorp Limited has informed the Exchange regarding 'Transcript of the conference call'.
20-Sep-2021 17:55:29,Copy of Newspaper Publication,"Poonawalla Fincorp Limited has informed the Exchange about Copy of Newspaper Publication of Voting Results of Postal ballot Notice dated August 14, 2021"
20-Sep-2021 11:52:19,Reply to Clarification Sought,"POONAWALLA: The Exchange had sought clarification from Poonawalla Fincorp Limited with respect to announcement dated 15-Sep-2021, regarding clarification by Abhay Bhutada, Managing Director on SEBI In"
19-Sep-2021 15:40:34,Updates,Poonawalla Fincorp Limited has informed the Exchange regarding 'Audio recording of the conference call'.
18-Sep-2021 18:10:13,Analysts/Institutional Investor Meet/Con. Call Updates,Poonawalla Fincorp Limited has informed the Exchange about Analysts/Institutional Investor Meet/Con. Call Updates
18-Sep-2021 18:03:36,Analysts/Institutional Investor Meet/Con. Call Updates,Poonawalla Fincorp Limited has informed the Exchange about Analysts/Institutional Investor Meet/Con. Call Updates
18-Sep-2021 14:13:59,Analysts/Institutional Investor Meet/Con. Call Updates,Poonawalla Fincorp Limited has informed the Exchange about Analysts/Institutional Investor Meet/Con. Call Updates
17-Sep-2021 23:03:21,Shareholders meeting,"Disclosure of Voting Result of Postal Ballot through e-voting process in terms of Regulations 30 and 44 of SEBI (Listing Obligations and Disclosure Requirements) Regulations, 2015 ( SEBI LODR )"
17-Sep-2021 15:37:08,Clarification,"POONAWALLA: The Exchange has sought clarification from Poonawalla Fincorp Limited with respect to announcement dated 15-Sep-2021, regarding clarification by Abhay Bhutada, Managing Director on SEBI In"
16-Sep-2021 17:20:04,Resignation,"Poonawalla Fincorp Limited has informed the Exchange regarding Resignation of Mr Abhay Bhutada as Managing Director of the company w.e.f. September 16, 2021."
16-Sep-2021 11:07:36,Updates,Poonawalla Fincorp Limited has informed the Exchange regarding 'Intimation of change in Chief Risk Officer ( CRO ) of the Company.'.
15-Sep-2021 23:59:44,Updates,"Poonawalla Fincorp Limited has informed the Exchange regarding 'Clarification by Abhay Bhutada, Managing Director on SEBI Interim Ex Parte Order dated 15 September 2021'."
14-Sep-2021 16:18:18,Analysts/Institutional Investor Meet/Con. Call Updates,Poonawalla Fincorp Limited has informed the Exchange about Analysts/Institutional Investor Meet/Con. Call Updates
09-Sep-2021 19:00:09,Analysts/Institutional Investor Meet/Con. Call Updates,Poonawalla Fincorp Limited has informed the Exchange about Analysts/Institutional Investor Meet/Con. Call Updates
08-Sep-2021 15:00:03,Analysts/Institutional Investor Meet/Con. Call Updates,Poonawalla Fincorp Limited has informed the Exchange about Analysts/Institutional Investor Meet/Con. Call Updates
07-Sep-2021 13:38:01,Analysts/Institutional Investor Meet/Con. Call Updates,Poonawalla Fincorp Limited has informed the Exchange about Analysts/Institutional Investor Meet/Con. Call Updates
02-Sep-2021 22:52:44,Press Release,"Poonawalla Fincorp Limited has informed the Exchange regarding a press release dated September 02, 2021, titled ""Press Release on joining of Mr. Gaurav Sharma as Group Chief Technology Officer (Group "
02-Sep-2021 22:50:51,Analysts/Institutional Investor Meet/Con. Call Updates,Poonawalla Fincorp Limited has informed the Exchange about Analysts/Institutional Investor Meet/Con. Call Updates
31-Aug-2021 17:21:27,Analysts/Institutional Investor Meet/Con. Call Updates,Poonawalla Fincorp Limited has informed the Exchange about Analysts/Institutional Investor Meet/Con. Call Updates
28-Aug-2021 22:01:38,Shareholders meeting,"Poonawalla Fincorp Limited has informed the Exchange regarding Proceedings of Annual General Meeting held on August 28, 2021. Further, the company has submitted the Exchange a copy of Srutinizers repo"
26-Aug-2021 14:06:32,Credit Rating,Poonawalla Fincorp Limited has informed the Exchange about Credit Rating
25-Aug-2021 13:47:14,Press Release,"Poonawalla Fincorp Limited has informed the Exchange regarding a press release dated August 25, 2021, titled ""Press Release on Poonawalla Fincorp ( the Company ) signs MoU with Institute of Company Se"
23-Aug-2021 12:33:00,Updates,Poonawalla Fincorp Limited has informed the Exchange regarding 'General Intimation'.
20-Aug-2021 15:18:17,Updates,Poonawalla Fincorp Limited has informed the Exchange regarding 'Transcript of Earnings/quarterly conference Call for Q1 of FY 2021-22�� Disclosure under Regulation 30 of SEBI (Listing Obligation and D
20-Aug-2021 13:28:45,Updates,Poonawalla Fincorp Limited has informed the Exchange regarding 'Intimation under Regulation 30 of the Securities and Exchange Board of India (Listing Obligations and Disclosure Requirements) Regulatio
19-Aug-2021 17:05:04,Copy of Newspaper Publication,Poonawalla Fincorp Limited has informed the Exchange about Copy of Newspaper Publication
18-Aug-2021 22:25:17,Shareholders meeting,Poonawalla Fincorp Limited has informed the Exchange regarding Notice of Postal Ballot
16-Aug-2021 23:14:17,Analysts/Institutional Investor Meet/Con. Call Updates,Poonawalla Fincorp Limited has informed the Exchange about Analysts/Institutional Investor Meet/Con. Call Updates
16-Aug-2021 17:31:03,Copy of Newspaper Publication,Poonawalla Fincorp Limited has informed the Exchange about Copy of Newspaper Publication
14-Aug-2021 23:19:46,Analysts/Institutional Investor Meet/Con. Call Updates,Poonawalla Fincorp Limited has informed the Exchange about Analysts/Institutional Investor Meet/Con. Call Updates
14-Aug-2021 15:29:59,Press Release,"Poonawalla Fincorp Limited has informed the Exchange regarding a press release dated August 14, 2021, titled ""Press Release in respect of Unaudited Financial Results for the quarter ended 30 June 2021"
14-Aug-2021 15:28:46,Investor Presentation,Poonawalla Fincorp Limited has informed the Exchange about Investor Presentation
14-Aug-2021 15:27:49,Financial Result Updates,"Poonawalla Fincorp Limited has submitted to the Exchange, the financial results for the period ended June 30, 2021."
12-Aug-2021 18:38:26,Analysts/Institutional Investor Meet/Con. Call Updates,Poonawalla Fincorp Limited has informed the Exchange about Analysts/Institutional Investor Meet/Con. Call Updates
12-Aug-2021 15:36:36,Analysts/Institutional Investor Meet/Con. Call Updates,Poonawalla Fincorp Limited has informed the Exchange about Analysts/Institutional Investor Meet/Con. Call Updates
11-Aug-2021 23:42:27,ESOP/ESOS/ESPS,Poonawalla Fincorp Limited has informed the Exchange regarding Grant of 4200000  Options.
11-Aug-2021 23:41:01,ESOP/ESOS/ESPS,Poonawalla Fincorp Limited has informed the Exchange regarding Grant of   Options.
11-Aug-2021 23:37:10,ESOP/ESOS/ESPS,Poonawalla Fincorp Limited has informed the Exchange regarding Allotment of 186777 Shares.
07-Aug-2021 14:15:57,Copy of Newspaper Publication,Poonawalla Fincorp Limited has informed the Exchange about Copy of Newspaper Publication
02-Aug-2021 10:55:43,Copy of Newspaper Publication,Magma Fincorp Limited has informed the Exchange about Copy of Newspaper Publication
30-Jul-2021 22:21:18,Name and Symbol Change,"MAGMA: Members of the Exchange are hereby informed that the name of Magma Fincorp Limited shall be changed to Poonawalla Fincorp Limited and symbol be changed  to POONAWALLA w.e.f. August  05, 2021."
29-Jul-2021 21:10:00,Copy of Newspaper Publication,Magma Fincorp Limited has informed the Exchange about Copy of Newspaper Publication
29-Jul-2021 18:16:11,Analysts/Institutional Investor Meet/Con. Call Updates,Magma Fincorp Limited has informed the Exchange about Analysts/Institutional Investor Meet/Con. Call Updates
29-Jul-2021 12:41:26,Press Release,"Magma Fincorp Limited has informed the Exchange regarding a press release dated July 29, 2021, titled ""Press Release on Poonawalla Fincorp strengthens its leadership team with new appointments""."
27-Jul-2021 13:45:19,Copy of Newspaper Publication,Magma Fincorp Limited has informed the Exchange about Copy of Newspaper Publication
25-Jul-2021 17:54:49,Shareholders meeting,"Magma Fincorp Limited has informed the Exchange regarding Proceedings of Postal Ballot. Further, the company has informed the Exchange regarding voting results along with copy of scrutinizers report t"
22-Jul-2021 17:14:35,Press Release,"Magma Fincorp Limited has informed the Exchange regarding a press release dated July 22, 2021, titled ""Press Release on name change to Poonawalla Fincorp Limited""."
22-Jul-2021 17:11:22,Name Change,Magma Fincorp Limited has informed the Exchange that the name has been changed from Magma Fincorp Limited to Poonawalla Fincorp Limited
13-Jul-2021 15:44:08,Copy of Newspaper Publication,Magma Fincorp Limited has informed the Exchange about Copy of Newspaper Publication
13-Jul-2021 15:40:59,"Certificate under SEBI (Depositories and Participants) Regulations, 2018","Magma Fincorp Limited has informed the Exchange about Certificate under SEBI (Depositories and Participants) Regulations, 2018"
12-Jul-2021 16:39:45,Shareholders meeting,"Magma Fincorp Limited has informed the Exchange regarding Proceedings of Postal Ballot. Further, the company has informed the Exchange regarding voting results along with copy of scrutinizers report t"
02-Jul-2021 09:11:22,Updates,"Magma Fincorp Limited has informed the Exchange regarding 'proposal to enter into a co-branded credit card arrangement for issuance of co-branded credit card, subject to obtaining necessary approvals "
02-Jul-2021 09:07:37,Press Release,"Magma Fincorp Limited has informed the Exchange regarding a press release dated July 02, 2021, titled ""Press Release on joining of Mr. Sanjay Miranka as Group Chief Financial Officer. ""."
02-Jul-2021 09:05:18,Updates,Magma Fincorp Limited has informed the Exchange regarding 'Change in Group Chief Financial Officer and Key Managerial Personnel of the Company'.
30-Jun-2021 13:46:07,Analysts/Institutional Investor Meet/Con. Call Updates,Magma Fincorp Limited has informed the Exchange about Analysts/Institutional Investor Meet/Con. Call Updates
29-Jun-2021 23:48:53,Trading Window,"Magma Fincorp Limited has informed the Exchange regarding the Trading Window closure pursuant to SEBI (Prohibition of Insider Trading) Regulations, 2015"
29-Jun-2021 14:50:37,Analysts/Institutional Investor Meet/Con. Call Updates,Magma Fincorp Limited has informed the Exchange about Analysts/Institutional Investor Meet/Con. Call Updates
25-Jun-2021 14:15:35,Copy of Newspaper Publication,Magma Fincorp Limited has informed the Exchange about Copy of Newspaper Publication
24-Jun-2021 23:26:20,Shareholders meeting,Magma Fincorp Limited has informed the Exchange regarding Notice of Postal Ballot
24-Jun-2021 22:40:39,Copy of Newspaper Publication,Magma Fincorp Limited has informed the Exchange about Copy of Newspaper Publication
21-Jun-2021 08:52:34,Press Release,"Magma Fincorp Limited has informed the Exchange regarding a press release dated Jun 21, 2021, titled ""Press Release in respect of joining of Mr. Vijay Deshwal as the Group CEO of the Company""."
19-Jun-2021 17:49:03,Updates,Magma Fincorp Limited has informed the Exchange regarding 'Outcome of Board Meeting held on 19 June 2021'.
19-Jun-2021 17:46:46,ESOP/ESOS/ESPS,Magma Fincorp Limited has informed the Exchange regarding Grant of 900000  Options.
19-Jun-2021 17:45:16,ESOP/ESOS/ESPS,Magma Fincorp Limited has informed the Exchange regarding Grant of 2500000  Options.
18-Jun-2021 19:11:00,Analysts/Institutional Investor Meet/Con. Call Updates,Magma Fincorp Limited has informed the Exchange about Analysts/Institutional Investor Meet/Con. Call Updates
17-Jun-2021 14:54:41,Reply to Clarification- Financial results,The Exchange had sought clarification from Magma Fincorp Limited for the quarter ended 31-Mar-2021 with respect to Regulation 33 of the SEBI (Listing Obligations and Disclosure Requirements) Regulatio
16-Jun-2021 11:58:58,Analysts/Institutional Investor Meet/Con. Call Updates,Magma Fincorp Limited has informed the Exchange about Analysts/Institutional Investor Meet/Con. Call Updates
15-Jun-2021 09:40:55,Clarification - Financial Results,The Exchange has sought clarification from Magma Fincorp Limited for the quarter ended 31-Mar-2021 with respect to Regulation 33 of the SEBI (Listing Obligations and Disclosure Requirements) Regulatio
12-Jun-2021 23:12:30,Copy of Newspaper Publication,Magma Fincorp Limited has informed the Exchange about Copy of Newspaper Publication
11-Jun-2021 22:39:09,Shareholders meeting,Magma Fincorp Limited has informed the Exchange regarding Notice of Postal Ballot
11-Jun-2021 22:32:22,Updates,Magma Fincorp Limited has informed the Exchange regarding 'Postal Ballot Notice'.
10-Jun-2021 18:23:58,Copy of Newspaper Publication,Magma Fincorp Limited has informed the Exchange about Copy of Newspaper Publication
10-Jun-2021 17:13:47,Updates,Magma Fincorp Limited has informed the Exchange regarding 'Outcome of Board Meeting held on 10 June 2021'.
09-Jun-2021 12:45:48,Related Party Transactions,Magma Fincorp Limited has informed the Exchange about related Party Transactions
08-Jun-2021 18:03:24,Copy of Newspaper Publication,Magma Fincorp Limited has informed the Exchange about Copy of Newspaper Publication
07-Jun-2021 19:38:10,Resignation,"Magma Fincorp Limited has informed the Exchange regarding Resignation of Mr Mayank Poddar as Chairman Emeritus and Non- Executive Director of the company w.e.f. Jun 07, 2021."
04-Jun-2021 20:05:44,Analysts/Institutional Investor Meet/Con. Call Updates,Magma Fincorp Limited has informed the Exchange about Analysts/Institutional Investor Meet/Con. Call Updates
03-Jun-2021 21:19:15,Change in Director(s),Magma Fincorp Limited has informed the Exchange regarding Change in Director(s) of the company.
02-Jun-2021 20:05:14,Copy of Newspaper Publication,Magma Fincorp Limited has informed the Exchange about Copy of Newspaper Publication
01-Jun-2021 19:13:41,Analysts/Institutional Investor Meet/Con. Call Updates,Magma Fincorp Limited has informed the Exchange about Analysts/Institutional Investor Meet/Con. Call Updates
01-Jun-2021 16:40:44,Updates,Magma Fincorp Limited has informed the Exchange regarding 'Media Release'.
31-May-2021 22:48:24,Financial Result Updates,"Magma Fincorp Limited has submitted to the Exchange, the financial results for the period ended March 31, 2021."
31-May-2021 20:38:07,Analysts/Institutional Investor Meet/Con. Call Updates,Magma Fincorp Limited has informed the Exchange about Analysts/Institutional Investor Meet/Con. Call Updates
31-May-2021 17:34:53,Outcome of Board Meeting,"Magma Fincorp Limited has informed the Exchange regarding  Board meeting held on May 31, 2021."
31-May-2021 16:36:35,Press Release,"Magma Fincorp Limited has informed the Exchange regarding a press release dated May 31, 2021, titled ""In respect of Performance of the Company for the year ended 31 March 2021""."
31-May-2021 16:33:33,Investor Presentation,Magma Fincorp Limited has informed the Exchange about Investor Presentation
31-May-2021 16:32:06,Financial Results Updates,Audited Financial Result For the Financial Year ended 31st March 2021
31-May-2021 11:29:12,ESOP/ESOS/ESPS,Magma Fincorp Limited has informed the Exchange regarding Allotment of 1009649  Shares.
29-May-2021 20:11:45,Analysts/Institutional Investor Meet/Con. Call Updates,Magma Fincorp Limited has informed the Exchange about Analysts/Institutional Investor Meet/Con. Call Updates
29-May-2021 20:00:16,Analysts/Institutional Investor Meet/Con. Call Updates,Magma Fincorp Limited has informed the Exchange about Analysts/Institutional Investor Meet/Con. Call Updates
24-May-2021 18:54:18,Post Offer Public Announcement,Magma Fincorp Limited has informed the Exchange about Post Offer Public Announcement of
24-May-2021 08:36:07,Post Offer Public Announcement,"�� Axis Capital Ltd has submitted to the Exchange a copy of Post Offer Advertisement under Regulation 18(12) of the SEBI (Substantial Acquisition of Shares and Takeovers) Regulations, 2011, as amended"
22-May-2021 18:13:39,Updates,Magma Fincorp Limited has informed the Exchange regarding 'Update on Preferential Issue and open offer '.
20-May-2021 17:21:21,Copy of Newspaper Publication,Magma Fincorp Limited has informed the Exchange about Copy of Newspaper Publication
14-May-2021 12:05:41,Annual Disclosure,"Magma Fincorp Limited has submitted to the Exchange Annual Disclosure as per SEBI Circular dated November 26, 2018."
06-May-2021 23:02:53,Updates,Magma Fincorp Limited has informed the Exchange regarding 'Intimation under regulation 30'.
06-May-2021 15:22:21,Allotment of Securities,"Magma Fincorp Limited has informed the Exchange regarding allotment of 493714286 securities pursuant to Preferential Issue at its meeting held on May 06, 2021"
05-May-2021 17:24:12,Change in Director(s),Magma Fincorp Limited has informed the Exchange regarding Change in Director(s) of the company.
03-May-2021 15:56:25,Open Offer,��Axis Capital Ltd has submitted to Exchange a copy of Offer Opening Public Announcement under Regulation 18(7) of Securities and Exchange Board of India (Substantial Acquisition of Shares and Takeove
30-Apr-2021 21:24:20,Copy of Newspaper Publication,Magma Fincorp Limited has informed the Exchange about Copy of Newspaper Publication
28-Apr-2021 18:43:56,Open Offer,Axis Capital Limited has informed the Exchange regarding Letter of Offer pertaining to the open offer for acquisition of equity shares of Magma Fincorp Limited in pursuance to the Securities and Excha
27-Apr-2021 22:10:49,Updates,"Magma Fincorp Limited has informed the Exchange regarding 'Update on Preferential Issue of  49,37,14,286 Equity Shares of face value of Rs. 2 each '."
19-Apr-2021 09:33:37,Disclosure under SEBI Takeover Regulations,"��Promoter/Member of the Promoter Group of the Company has informed the Exchange regarding disclosure under Regulation 30 and Regulation 31(4) of SEBI SAST Regulations 2011��as at March 31, 2021.��"
17-Apr-2021 20:16:46,Updates,Magma Fincorp Limited has informed the Exchange regarding 'Intimation under regulation 30'.
13-Apr-2021 21:40:22,Updates,"Magma Fincorp Limited has informed the Exchange regarding 'Certificates under Regulation 74(5) of SEBI (Depositories and Participants) Regulations, 2018 for the period from 01st January 2021 to 31st M"
30-Mar-2021 20:44:14,Trading Window,"Magma Fincorp Limited has informed the Exchange regarding the Trading Window closure pursuant to SEBI (Prohibition of Insider Trading) Regulations, 2015"
17-Mar-2021 17:34:52,Analysts/Institutional Investor Meet/Con. Call Updates,Magma Fincorp Limited has informed the Exchange about Analysts/Institutional Investor Meet/Con. Call Updates
16-Mar-2021 19:51:40,Outcome of Board Meeting,"Magma Fincorp Limited has informed the Exchange regarding Outcome of Board Meeting held on March 16, 2021."
09-Mar-2021 20:36:00,Press Release,"Magma Fincorp Limited has informed the Exchange regarding a press release dated March 09, 2021, titled ""Press Release in respect of Extra Ordinary General Meeting held on 9 March 2021""."
09-Mar-2021 20:08:16,Shareholders meeting,"Magma Fincorp Limited has informed the Exchange regarding Proceedings of Extraordinary General Meeting held on March 09, 2021. Further, the company has submitted the Exchange a copy of Srutinizers rep"
03-Mar-2021 18:04:10,Copy of Newspaper Publication,Newspaper publication for Corrigendum of Notice of EOGM
27-Feb-2021 00:14:42,Updates,Magma Fincorp Limited has informed the Exchange regarding 'Evoting intimation for the upcoming EGM on 9/3/2021'.
23-Feb-2021 23:21:48,Copy of Newspaper Publication,Magma Fincorp Limited has informed the Exchange about Copy of Newspaper Publication
19-Feb-2021 20:49:49,Credit Rating,Magma Fincorp Limited has informed the Exchange about Credit Rating
19-Feb-2021 18:48:39,Credit Rating,Magma Fincorp Limited has informed the Exchange about Credit Rating
18-Feb-2021 19:14:37,Credit Rating,Magma Fincorp Limited has informed the Exchange about Credit Rating
17-Feb-2021 15:57:30,Credit Rating,Magma Fincorp Limited has informed the Exchange about Credit Rating
17-Feb-2021 12:11:55,Open Offer,Axis Capital Limited has informed the Exchange about detailed public statement regarding the open offer.
16-Feb-2021 22:27:24,Credit Rating,Magma Fincorp Limited has informed the Exchange about Credit Rating
14-Feb-2021 21:00:31,Updates,Magma Fincorp Limited has informed the Exchange regarding 'Intimation under regulation30'.
13-Feb-2021 14:16:06,Updates,Magma Fincorp Limited has informed the Exchange regarding 'Notice of EGM to be held on 09/03/2021'.
10-Feb-2021 21:18:11,Open Offer,"Axis Capital Ltd has submitted to Exchange a copy of Public Announcement under Regulations 3(1) and 4 read with Regulations 13(1), 14 and 15(1) of the Securities and Exchange Board of India (Substanti"
10-Feb-2021 20:16:25,Press Release,"Magma Fincorp Limited has informed the Exchange regarding a press release dated February 10, 2021, titled ""Media Release on preferential issue""."
10-Feb-2021 19:24:48,Press Release,"Magma Fincorp Limited has informed the Exchange regarding a press release dated February 10, 2021, titled ""Press Release in respect of Proposed acquisition of controlling stake in Magma Fincorp Limite"
10-Feb-2021 19:21:16,Outcome of Board Meeting,"Magma Fincorp Limited has informed the Exchange regarding  Board meeting held on February 10, 2021."
08-Feb-2021 22:12:02,Resignation,"Magma Fincorp Limited has informed the Exchange regarding Resignation of Mr V K Viswanathan as Non- Executive Independent Director of the company w.e.f. February 08, 2021."
08-Feb-2021 17:00:34,Updates,Magma Fincorp Limited has informed the Exchange regarding 'Newspaper advertisement for UFR Q3 FY 21'.
08-Feb-2021 16:31:44,Analysts/Institutional Investor Meet/Con. Call Updates,Magma Fincorp Limited has informed the Exchange about Analysts/Institutional Investor Meet/Con. Call Updates
07-Feb-2021 15:32:48,Updates,Magma Fincorp Limited has informed the Exchange regarding 'Closure of trading window'.
06-Feb-2021 21:10:15,Updates,Magma Fincorp Limited has informed the Exchange regarding 'Intimation w.r.t. re-appointment of Mr. Sanjay Chamria as Vice Chairman and Managing Director '.
06-Feb-2021 21:10:14,Investor Presentation,Magma Fincorp Limited has informed the Exchange about Investor Presentation
06-Feb-2021 21:10:13,Press Release,"Magma Fincorp Limited has informed the Exchange regarding a press release dated February 06, 2021, titled ""Magma Fincorp Press Release-Q3 FY21""."
06-Feb-2021 18:19:15,Updates,Magma Fincorp Limited has informed the Exchange regarding 'Revised Code of Practices and Procedures for Fair Disclosure drawn in accordance with SEBI (Prohibition of Insider Trading) (Amendment) Regul
06-Feb-2021 18:17:41,Outcome of Board Meeting,"Magma Fincorp Limited has informed the Exchange regarding  Board meeting held on February 06, 2021."
06-Feb-2021 18:10:21,Financial Result Updates,"Magma Fincorp Limited has submitted to the Exchange, the financial results for the period ended December 31, 2020."
04-Feb-2021 19:38:22,ESOP/ESOS/ESPS,Magma Fincorp Limited has informed the Exchange regarding Allotment of 25200  Shares.
30-Jan-2021 19:36:51,Analysts/Institutional Investor Meet/Con. Call Updates,Magma Fincorp Limited has informed the Exchange about Analysts/Institutional Investor Meet/Con. Call Updates
29-Jan-2021 23:30:44,Analysts/Institutional Investor Meet/Con. Call Updates,Magma Fincorp Limited has informed the Exchange about Analysts/Institutional Investor Meet/Con. Call Updates
29-Jan-2021 23:28:17,Updates,Magma Fincorp Limited has informed the Exchange regarding 'Intimation under Regulation 29 and 50 of the Securities and Exchange Board of India (Listing Obligations and Disclosure Requirements) Regulat
18-Jan-2021 23:52:26,Copy of Newspaper Publication,Magma Fincorp Limited has informed the Exchange about Copy of Newspaper Publication
14-Jan-2021 14:31:25,Updates,"Magma Fincorp Limited has informed the Exchange regarding 'Certificates under Regulation 74(5) of SEBI (Depositories and Participants)Regulations, 2018 for the period from 1 October 2020 to 31st Decem"
01-Jan-2021 22:45:58,Copy of Newspaper Publication,Magma Fincorp Limited has informed the Exchange about Copy of Newspaper Publication
30-Dec-2020 18:22:23,Trading Window,"Magma Fincorp Limited has informed the Exchange regarding the Trading Window closure pursuant to SEBI (Prohibition of Insider Trading) Regulations, 2015"
18-Dec-2020 12:04:26,Analysts/Institutional Investor Meet/Con. Call Updates,Magma Fincorp Limited has informed the Exchange about Analysts/Institutional Investor Meet/Con. Call Updates
08-Dec-2020 21:38:46,Credit Rating,Magma Fincorp Limited has informed the Exchange about Credit Rating
01-Dec-2020 17:43:09,Updates,Magma Fincorp Limited has informed the Exchange regarding 'Disclosure of Related Party Transactions pursuant to Regulation 23(9) of the Securities and Exchange Board of India (Listing Obligations and 
27-Nov-2020 11:00:15,Analysts/Institutional Investor Meet/Con. Call Updates,Magma Fincorp Limited has informed the Exchange about Analysts/Institutional Investor Meet/Con. Call Updates
23-Nov-2020 14:03:34,Analysts/Institutional Investor Meet/Con. Call Updates,Magma Fincorp Limited has informed the Exchange about Analysts/Institutional Investor Meet/Con. Call Updates
17-Nov-2020 22:26:12,ESOP/ESOS/ESPS,Magma Fincorp Limited has informed the Exchange regarding Grant of 92000  Options.
12-Nov-2020 21:11:25,Allotment of Securities,"Magma Fincorp Limited has informed the Exchange regarding allotment of 1000 securities pursuant to Non Convertible Securities at its meeting held on November 12, 2020"
12-Nov-2020 21:05:23,Copy of Newspaper Publication,Magma Fincorp Limited has informed the Exchange about Copy of Newspaper Publication
10-Nov-2020 12:01:07,Updates,Magma Fincorp Limited has informed the Exchange regarding ': Certificate received in compliance of Regulation 52(5) of Securities and Exchange Board of India (Listing Obligations and Disclosure Requir
08-Nov-2020 21:16:24,Analysts/Institutional Investor Meet/Con. Call Updates,Magma Fincorp Limited has informed the Exchange about Analysts/Institutional Investor Meet/Con. Call Updates
08-Nov-2020 15:57:27,Updates,Magma Fincorp Limited has informed the Exchange regarding 'Intimation for change in designation from whole time director to non-executive director'.
07-Nov-2020 21:02:55,Investor Presentation,Magma Fincorp Limited has informed the Exchange about Investor Presentation
07-Nov-2020 19:00:57,Updates,Magma Fincorp Limited has informed the Exchange regarding 'Grant of options under Magma Restricted Stock Option Plan 2014 (MRSOP 2014)'.
07-Nov-2020 18:40:16,Press Release,"Magma Fincorp Limited has informed the Exchange regarding a press release dated November 07, 2020, titled ""Magma Fincorp Q2 FY21 PAT up 29% YoY at Rs 38 Cr;Makes Covid Provision of Rs 238 Cr""."
07-Nov-2020 16:24:29,Financial Result Updates,"Magma Fincorp Limited has submitted to the Exchange, the financial results for the period ended September 30, 2020."
06-Nov-2020 22:34:15,Allotment of Securities,"Magma Fincorp Limited has informed the Exchange regarding allotment of 66600 securities pursuant to ESOP/ESPS at its meeting held on November 06, 2020"
30-Oct-2020 21:43:04,Analysts/Institutional Investor Meet/Con. Call Updates,Magma Fincorp Limited has informed the Exchange about Analysts/Institutional Investor Meet/Con. Call Updates
30-Oct-2020 13:42:05,Updates,Magma Fincorp Limited has informed the Exchange regarding 'Intimation w.r.t Appointment of Chief Risk Officer of the Company'.
28-Oct-2020 18:33:33,Copy of Newspaper Publication,Magma Fincorp Limited has informed the Exchange about Copy of Newspaper Publication
24-Oct-2020 20:34:00,Price movement,"Significant movement in price has been observed in Magma Fincorp Limited. The Exchange, in order to ensure that investors have latest relevant information about the company and to inform the market pl"
23-Oct-2020 18:00:00,Price movement,"Significant movement in price has been observed in Magma Fincorp Limited. The Exchange, in order to ensure that investors have latest relevant information about the company and to inform the market pl"
15-Oct-2020 16:59:45,"Certificate under SEBI (Depositories and Participants) Regulations, 2018","Magma Fincorp Limited has informed the Exchange about Certificate under SEBI (Depositories and Participants) Regulations, 2018"
05-Oct-2020 11:26:05,Analysts/Institutional Investor Meet/Con. Call Updates,Magma Fincorp Limited has informed the Exchange about Analysts/Institutional Investor Meet/Con. Call Updates
30-Sep-2020 19:57:48,Allotment of Securities,"Magma Fincorp Limited has informed the Exchange regarding allotment of 750 securities pursuant to Non Convertible Securities at its meeting held on September 30, 2020"
29-Sep-2020 21:13:03,Trading Window,"Magma Fincorp Limited has informed the Exchange regarding the Trading Window closure pursuant to SEBI (Prohibition of Insider Trading) Regulations, 2015"
05-Sep-2020 20:30:05,Analysts/Institutional Investor Meet/Con. Call Updates,Magma Fincorp Limited has informed the Exchange about Analysts/Institutional Investor Meet/Con. Call Updates
03-Sep-2020 11:43:46,Updates,Magma Fincorp Limited has informed the Exchange regarding 'Customer Survey Report by Magma Fincorp Limited'.
01-Sep-2020 19:33:39,Resignation,"Magma Fincorp Limited has informed the Exchange regarding Resignation of Mr Narayan K Seshadri as Non- Executive Independent Director of the company w.e.f. August 31, 2020."
01-Sep-2020 17:27:47,Shareholders meeting,"Magma Fincorp Limited has informed the Exchange regarding Proceedings of Annual General Meeting held on August 31, 2020. Further, the company has submitted the Exchange a copy of Srutinizers report al"
01-Sep-2020 09:30:13,Change in Director(s),Magma Fincorp Limited has informed the Exchange regarding Change in Director(s) of the company.
31-Aug-2020 17:30:10,Updates,Magma Fincorp Limited has informed the Exchange regarding 'Intimation w.r.t. Outcome of 40th Annual General Meeting held on 31 August 2020'.
27-Aug-2020 23:45:55,Updates,Magma Fincorp Limited has informed the Exchange regarding 'Outcome of the Board Meeting held on 27 August 2020 '.
25-Aug-2020 21:43:03,Trading Window,"Magma Fincorp Limited has informed the Exchange regarding the Trading Window closure pursuant to SEBI (Prohibition of Insider Trading) Regulations, 2015"
11-Aug-2020 15:10:37,Copy of Newspaper Publication,Magma Fincorp Limited has informed the Exchange about Copy of Newspaper Publication
10-Aug-2020 19:53:57,Updates,Magma Fincorp Limited has informed the Exchange regarding 'Intimation to Stock Exchange w.r.t. E-voting information for the 40th Annual General Meeting of the Company'.
09-Aug-2020 22:45:25,Investor Presentation,Magma Fincorp Limited has informed the Exchange about Investor Presentation
09-Aug-2020 22:39:43,Shareholders meeting,"Magma Fincorp Limited has informed the Exchange regarding Notice of Annual General Meeting to be held on August 31, 2020"
09-Aug-2020 19:53:17,Copy of Newspaper Publication,Magma Fincorp Limited has informed the Exchange about Copy of Newspaper Publication
09-Aug-2020 19:45:23,Investor Presentation,Magma Fincorp Limited has informed the Exchange about Investor Presentation
08-Aug-2020 21:06:50,Press Release,"Magma Fincorp Limited has informed the Exchange regarding a press release dated August 08, 2020, titled ""Press Release in respect of Unaudited Financial Results for the quarter ended 30 June 2020""."
08-Aug-2020 18:12:01,Updates,"Magma Fincorp Limited has informed the Exchange regarding 'Convening of the 40th Annual General Meeting of the Company on Monday, 31 August 2020'."
08-Aug-2020 17:28:44,Financial Result Updates,"Magma Fincorp Limited has submitted to the Exchange, the financial results for the period ended June 30, 2020."
07-Aug-2020 20:44:21,Allotment of Securities,"Magma Fincorp Limited has informed the Exchange regarding allotment of 4800 securities pursuant to ESOP/ESPS at its meeting held on August 07, 2020"
05-Aug-2020 21:06:03,Analysts/Institutional Investor Meet/Con. Call Updates,Magma Fincorp Limited has informed the Exchange about Analysts/Institutional Investor Meet/Con. Call Updates
31-Jul-2020 20:58:00,Copy of Newspaper Publication,Magma Fincorp Limited has informed the Exchange about Copy of Newspaper Publication
16-Jul-2020 21:43:00,Related Party Transactions,Intimation to Stock Exchange wrt Disclosure of related Party Transactions under Regulation 23(9) of SEBI (LODR) 2015
15-Jul-2020 20:50:00,Updates,"Magma Fincorp Limited has informed the Exchange regarding 'Certificates under Regulation 74(5) of SEBI (Depositories and Participants)Regulations, 2018 for the period from 01st April 2020 to 30th June"
10-Jul-2020 10:57:00,Updates,Magma Fincorp Limited has informed the Exchange regarding 'Credit Rating rationale'.
08-Jul-2020 22:40:00,Credit Rating,Magma Fincorp Limited has informed the Exchange about Credit Rating
08-Jul-2020 10:42:00,Updates,"Magma Fincorp Limited has informed the Exchange regarding 'Intimation under Regulation 30 of SEBI(LODR)Regulations, 2015 w.r.t. COVID-19'."
07-Jul-2020 15:49:00,Press Release,"Magma Fincorp Limited has informed the Exchange regarding a press release dated July 07, 2020, titled ""Magma Partners with Wadhwani Foundation to provide pro-bono BusinessConsulting to SME Customers""."
30-Jun-2020 13:10:00,Analysts/Institutional Investor Meet/Con. Call Updates,Magma Fincorp Limited has informed the Exchange about Analysts/Institutional Investor Meet/Con. Call Updates
29-Jun-2020 20:40:00,Trading Window,"Magma Fincorp Limited has informed the Exchange regarding the Trading Window closure pursuant to SEBI (Prohibition of Insider Trading) Regulations, 2015"
25-Jun-2020 22:22:00,Copy of Newspaper Publication,Magma Fincorp Limited has informed the Exchange about Copy of Newspaper Publication
23-Jun-2020 20:10:00,Updates,Magma Fincorp Limited has informed the Exchange regarding 'Investor Updates for the financial year ended 31 March 2020'.
19-Jun-2020 20:36:00,Copy of Newspaper Publication,Magma Fincorp Limited has informed the Exchange about Copy of Newspaper Publication
19-Jun-2020 13:09:00,Analysts/Institutional Investor Meet/Con. Call Updates,Magma Fincorp Limited has informed the Exchange about Analysts/Institutional Investor Meet/Con. Call Updates
18-Jun-2020 19:52:00,Updates,Magma Fincorp Limited has informed the Exchange regarding ' Certificate received in compliance of Regulation 52(5) of Securities and Exchange Board of India (ListingObligations and Disclosure Requirem
18-Jun-2020 18:31:00,Updates,Magma Fincorp Limited has informed the Exchange regarding 'Convening the 40th Annual General Meeting of the Company'.
18-Jun-2020 17:10:00,Press Release,"Magma Fincorp Limited has informed the Exchange regarding a press release dated Jun 18, 2020, titled ""Magma Fincorp FY20 AUM at Rs 16,134 Cr,PBT before Covid Provision at Rs 199 Cr""."
18-Jun-2020 17:02:00,Investor Presentation,Magma Fincorp Limited has informed the Exchange about Investor Presentation
18-Jun-2020 16:59:36,Financial Result Updates,"Magma Fincorp Limited has submitted to the Exchange, the financial results for the period ended March 31, 2020."
17-Jun-2020 19:42:00,Allotment of ESOP/ESPS,Magma Fincorp Limited has informed the Exchange regarding allotment of  4800 Equity Shares under ESOP
17-Jun-2020 15:49:00,Press Release,"Magma Fincorp Limited has informed the Exchange regarding a press release dated Jun 17, 2020, titled ""Fighting Covid 19 PandemicMagma Fincorp Contributes Rs 5 Cr to PM CARES Fund""."
17-Jun-2020 10:48:00,Analysts/Institutional Investor Meet/Con. Call Updates,Magma Fincorp Limited has informed the Exchange about Analysts/Institutional Investor Meet/Con. Call Updates
12-Jun-2020 20:43:00,Copy of Newspaper Publication,Magma Fincorp Limited has informed the Exchange about Copy of Newspaper Publication
25-May-2020 12:34:00,Updates,Magma Fincorp Limited has informed the Exchange regarding 'Newspaper Advertisement w.r.t Notice of transfer of Equity Shares of the Company to Investor Education and Protection Fund (IEPF) Demat Accou
08-May-2020 16:38:00,Updates,Magma Fincorp Limited has informed the Exchange regarding 'Announcement under Reg 30 of SEBI(LODR)Regulations 2015 for resuming of operations by the Company'.
08-May-2020 13:28:00,Updates,Magma Fincorp Limited has informed the Exchange regarding 'Submission of Continuous Disclosure to be made by an entity identified as a Large Corporate'.
04-May-2020 19:29:00,Credit Rating,Magma Fincorp Limited has informed the Exchange regarding Credit Rating
23-Apr-2020 11:12:00,Credit Rating,Magma Fincorp Limited has informed the Exchange regarding Credit Rating
20-Apr-2020 09:46:00,Disclosure under SEBI Takeover Regulations,"Promoter of Magma Fincorp Limited has informed the Exchange regarding Disclosure under Regulation 30(2) and 31(4) of the SEBI (Substantial Acquisition of Shares & Takeovers) Regulations, 2011"
16-Apr-2020 16:28:00,Disclosure under SEBI Takeover Regulations,Promoters of Magma Fincorp Limited has informed the Exchange regarding the disclosure pursuant to the provisions of Regulation 30 and 31(4)of the SEBI (Substantial Acquisition of Shares and Takeovers)
15-Apr-2020 18:44:00,Updates,"Magma Fincorp Limited has informed the Exchange regarding 'Certificates under Regulation 74(5) of SEBI (Depositories and Participants) Regulations, 2018 for the period from 01st January 2020 to 31st M"
30-Mar-2020 18:09:00,Trading Window,"Magma Fincorp Limited has informed the Exchange regarding the Trading Window closure pursuant to SEBI (Prohibition of Insider Trading) Regulations, 2015"
26-Mar-2020 12:46:00,Updates,Magma Fincorp Limited has informed the Exchange regarding 'Newspaper Advertisement w.r.t. Postal Ballot results'.
25-Mar-2020 14:39:00,Shareholders meeting,"Magma Fincorp Limited has informed the Exchange regarding Proceedings of Postal Ballot. Further, the company has informed the Exchange regarding voting results along with copy of scrutinizers report t"
24-Mar-2020 08:55:00,Updates,Magma Fincorp Limited has informed the Exchange regarding 'Announcement pursuant to COVID-19 outbreak'.
21-Mar-2020 14:50:00,Acquisition,Intimation of Subscription to Rights Issue in Wholly Owned Subsidiary
13-Mar-2020 16:29:00,Credit Rating,Magma Fincorp Limited has informed the Exchange regarding Credit Rating
24-Feb-2020 18:12:00,Updates,Magma Fincorp Limited has informed the Exchange regarding 'Newspaper advertisement wrt Postal Ballot'.
22-Feb-2020 19:53:00,Shareholders meeting,Magma Fincorp Limited has informed the Exchange regarding Notice of Postal Ballot
14-Feb-2020 18:07:00,Updates,Magma Fincorp Limited has informed the Exchange regarding 'Seeking approval of members through Postal ballot'.
07-Feb-2020 12:14:00,Record Date,"Magma Fincorp Limited has informed the Exchange that the Company has fixed Record Date as February 19, 2020 for the purpose of Payment of Interest."
06-Feb-2020 18:28:00,Analysts/Institutional Investor Meet/Con. Call Updates,Magma Fincorp Limited has informed the Exchange regarding Analysts/Institutional Investor Meet/Con. Call Updates
04-Feb-2020 16:36:00,Investor Presentation,Magma Fincorp Limited has informed the Exchange regarding Investor Presentation
03-Feb-2020 18:32:00,Updates,Magma Fincorp Limited has informed the Exchange regarding ' Newspaper Publication'.
31-Jan-2020 16:17:00,Press Release,"Magma Fincorp Limited has informed the Exchange regarding a press release dated January 31, 2020, titled ""Deepak Patkar Appointed as CEO ABF Business, Magma Fincorp Ltd""."
31-Jan-2020 15:50:00,Updates,Magma Fincorp Limited has informed the Exchange regarding 'Intimation w.r.t.Internal Role realignment of Chief Risk Officer'.
31-Jan-2020 15:42:00,Press Release,"Magma Fincorp Limited has informed the Exchange regarding a press release dated January 31, 2020, titled ""Magma Fincorp Q3FY20 AUM at Rs 16,574 Cr,Disbursements at Rs 2,014 Cr""."
31-Jan-2020 15:34:00,Updates,"Magma Fincorp Limited has informed the Exchange regarding 'Intimation w.r.t. Investment in Magma Housing Finance Limited, wholly owned subsidiary of the Company '."
31-Jan-2020 15:20:00,Investor Presentation,Magma Fincorp Limited has informed the Exchange regarding Investor Presentation
31-Jan-2020 14:56:00,Outcome of Board Meeting,"Magma Fincorp Limited has informed the Exchange regarding  Board meeting held on January 31, 2020."
31-Jan-2020 14:54:14,Financial Result Updates,"Magma Fincorp Limited has submitted to the Exchange, the financial results for the period ended December 31, 2019."
30-Jan-2020 21:04:00,Updates,Magma Fincorp Limited has informed the Exchange regarding 'Grant of Options under ESOP'.
30-Jan-2020 20:57:00,Allotment of ESOP/ESPS,Magma Fincorp Limited has informed the Exchange regarding allotment of  82746 Equity Shares under ESOP
28-Jan-2020 14:48:00,Updates,"Magma Fincorp Limited has informed the Exchange regarding 'In continuation of our letter dated 30 December 2019 and pursuant to the Regulation 29 and 50 of the SEBILODR, kindly note that the Board of "
24-Jan-2020 18:43:00,Analysts/Institutional Investor Meet/Con. Call Updates,Magma Fincorp Limited has informed the Exchange regarding Analysts/Institutional Investor Meet/Con. Call Updates
13-Jan-2020 08:56:00,Record Date,"Magma Fincorp Limited has informed the Exchange that the Company has fixed Record Date as January 21, 2020 for the purpose of Interest payment"
10-Jan-2020 18:04:00,Updates,Magma Fincorp Limited has informed the Exchange regarding 'Certificate under Reg. 74(5) of SEBI DP Regulations 2018 for the quarter ended 31st December 2019'.
10-Jan-2020 17:58:00,Analysts/Institutional Investor Meet/Con. Call Updates,Magma Fincorp Limited has informed the Exchange regarding Analysts/Institutional Investor Meet/Con. Call Updates
09-Jan-2020 17:59:00,Updates,Magma Fincorp Limited has informed the Exchange regarding 'Newspaper Publication w.r.t. Board Meeting to be held on 31.01.2020'.
08-Jan-2020 08:36:00,Updates,Magma Fincorp Limited has informed the Exchange regarding 'Certificate under Regulation 57(1) of SEBI (Listing Obligation and Disclosure Requirements) Regulations 2015'.
06-Jan-2020 10:15:00,Press Release,"Magma Fincorp Limited has informed the Exchange regarding a press release dated January 06, 2020, titled ""Company's Liquidity Position Update""."
30-Dec-2019 17:55:00,Trading Window,"Magma Fincorp Limited has informed the Exchange regarding the Trading Window closure pursuant to SEBI (Prohibition of Insider Trading) Regulations, 2015"
20-Dec-2019 12:19:00,Registrar & Share Transfer Agent Update,Magma Fincorp Limited has informed the Exchange regarding the Registrar & Share Transfer Agent Update
17-Dec-2019 10:00:00,Analysts/Institutional Investor Meet/Con. Call Updates,Magma Fincorp Limited has informed the Exchange regarding Analysts/Institutional Investor Meet/Con. Call Updates
16-Dec-2019 15:50:00,Credit Rating,Magma Fincorp Limited has informed the Exchange regarding Credit Rating
16-Dec-2019 10:25:00,Analysts/Institutional Investor Meet/Con. Call Updates,Magma Fincorp Limited has informed the Exchange regarding Analysts/Institutional Investor Meet/Con. Call Updates
13-Dec-2019 10:01:00,Press Release,"Magma Fincorp Limited has informed the Exchange regarding a press release dated December 13, 2019, titled ""Magma Fincorp raises INR 350 Crore from FMO- the Dutch Development Bank""."
11-Dec-2019 16:16:00,Allotment of Securities,"Magma Fincorp Limited has informed the Exchange regarding allotment of 3500 securities pursuant to Non Convertible Securities at its meeting held on December 10, 2019. Allotment of Secured Non-Convert"
10-Dec-2019 21:19:00,Appointment,"Magma Fincorp Limited has informed the Exchange regarding Appointment of Mr Bontha Prasad Rao and Mr  Sunil Chandiramani as Non- Executive Independent Director of the company w.e.f. December 10, 2019."
09-Dec-2019 19:27:00,Record Date,"Magma Fincorp Limited has informed the Exchange that the Company has fixed Record Date as December 21, 2019 for the purpose of Interest payment."
06-Dec-2019 18:30:00,Related Party Transactions,Magma Fincorp Limited has informed the Exchange regarding Disclosure of Related Party Transaction pursuant to Regulation 23(9) of the SEBI (LODR) Regulations 2015.
03-Dec-2019 17:45:00,Analysts/Institutional Investor Meet/Con. Call Updates,Magma Fincorp Limited has informed the Exchange regarding Analysts/Institutional Investor Meet/Con. Call Updates
25-Nov-2019 17:48:00,Analysts/Institutional Investor Meet/Con. Call Updates,Magma Fincorp Limited has informed the Exchange regarding Analysts/Institutional Investor Meet/Con. Call Updates
19-Nov-2019 15:02:00,ESOP/ESOS/ESPS,Magma Fincorp Limited has informed the Exchange regarding Grant of 1001711  Options.
18-Nov-2019 18:38:00,Analysts/Institutional Investor Meet/Con. Call Updates,Magma Fincorp Limited has informed the Exchange regarding Analysts/Institutional Investor Meet/Con. Call Updates
11-Nov-2019 15:33:00,Updates,Magma Fincorp Limited has informed the Exchange regarding 'Newspaper Publication for UFR Q2FY20'.
08-Nov-2019 18:03:00,Updates,Magma Fincorp Limited has informed the Exchange regarding 'Intimation under Reg 52(5) of SEBI(LODR)Regulations 2015 dated  08 November 2019'.
08-Nov-2019 15:24:00,Press Release,"Magma Fincorp Limited has informed the Exchange regarding a press release dated November 08, 2019, titled ""Magma Fincorp Q2FY20 AUM at Rs 16,463 Cr,PAT at Rs 29.5 Cr,GNPAs reduce 230 bps YoY""."
08-Nov-2019 15:21:00,Investor Presentation,Magma Fincorp Limited has informed the Exchange regarding Investor Presentation
08-Nov-2019 15:13:57,Financial Result Updates,"Magma Fincorp Limited has submitted to the Exchange, the financial results for the period ended September 30, 2019."
08-Nov-2019 08:33:00,Updates,"Magma Fincorp Limited has informed the Exchange regarding 'Certificate under Regulation 57(1) of SEBI (Listing Obligation and Disclosure Requirements)Regulations, 2015'."
07-Nov-2019 17:57:00,Allotment of ESOP/ESPS,Magma Fincorp Limited has informed the Exchange regarding allotment of  72600 Equity Shares under ESOP
07-Nov-2019 14:27:00,Record Date,"Magma Fincorp Limited has informed the Exchange that the Company has fixed Record Date as November 22, 2019 for the purpose of Interest payment"
30-Oct-2019 17:41:00,Analysts/Institutional Investor Meet/Con. Call Updates,Magma Fincorp Limited has informed the Exchange regarding Analysts/Institutional Investor Meet/Con. Call Updates
15-Oct-2019 18:40:00,Updates,Magma Fincorp Limited has informed the Exchange regarding 'Compliance Certificate under Reg 74(5) of SEBI(DP)Regulations 2018'.
11-Oct-2019 09:10:00,Record Date,"Magma Fincorp Limited has informed the Exchange that the Company has fixed Record Date as October 22, 2019 for the purpose of Interest payment"
09-Oct-2019 18:25:00,Analysts/Institutional Investor Meet/Con. Call Updates,Magma Fincorp Limited has informed the Exchange regarding Analysts/Institutional Investor Meet/Con. Call Updates
09-Oct-2019 18:17:00,Analysts/Institutional Investor Meet/Con. Call Updates,Magma Fincorp Limited has informed the Exchange regarding Analysts/Institutional Investor Meet/Con. Call Updates
03-Oct-2019 16:11:00,Press Release,"Magma Fincorp Limited has informed the Exchange regarding a press release dated October 03, 2019, titled ""Magma Fincorp��s Liquidity Position Update""."
01-Oct-2019 16:44:00,Updates,"Magma Fincorp Limited has informed the Exchange regarding 'Intimation under Regulation 30 of SEBI(LODR)Regulations, 2015 w.r.t. Newspaper Publication dated 01 October 2019'."
30-Sep-2019 11:01:00,Analysts/Institutional Investor Meet/Con. Call Updates,Magma Fincorp Limited has informed the Exchange regarding Analysts/Institutional Investor Meet/Con. Call Updates
27-Sep-2019 18:43:00,Trading Window,"Magma Fincorp Limited has informed the Exchange regarding the Trading Window closure pursuant to SEBI (Prohibition of Insider Trading) Regulations, 2015"
24-Sep-2019 19:05:00,Resignation,"Magma Fincorp Limited has informed the Exchange regarding Resignation of Mr Satya Brata Ganguly as Non- Executive Independent Director of the company w.e.f. September 24, 2019."
24-Sep-2019 18:24:00,Analysts/Institutional Investor Meet/Con. Call Updates,Magma Fincorp Limited has informed the Exchange regarding Analysts/Institutional Investor Meet/Con. Call Updates
17-Sep-2019 22:23:00,Updates,Magma Fincorp Limited has informed the Exchange regarding 'Intimation under regulation 30'.
15-Sep-2019 18:06:00,Investor Presentation,Magma Fincorp Limited has informed the Exchange regarding Investor Presentation
13-Sep-2019 16:33:00,Analysts/Institutional Investor Meet/Con. Call Updates,Magma Fincorp Limited has informed the Exchange regarding Analysts/Institutional Investor Meet/Con. Call Updates
11-Sep-2019 09:06:00,Record Date,"Magma Fincorp Limited has informed the Exchange that the Company has fixed Record Date as September 21, 2019 for the purpose of Payment of Interest (INE511C07672, INE511C07706)"
05-Sep-2019 11:37:00,Record Date,"Magma Fincorp Limited has informed the Exchange that the Company has fixed Record Date as September 21, 2019 for the purpose of Payment of Interest"
04-Sep-2019 18:20:00,Analysts/Institutional Investor Meet/Con. Call Updates,Magma Fincorp Limited has informed the Exchange regarding Analysts/Institutional Investor Meet/Con. Call Updates
29-Aug-2019 09:56:00,Analysts/Institutional Investor Meet/Con. Call Updates,Magma Fincorp Limited has informed the Exchange regarding Analysts/Institutional Investor Meet/Con. Call Updates
19-Aug-2019 12:08:00,Analysts/Institutional Investor Meet/Con. Call Updates,Magma Fincorp Limited has informed the Exchange regarding Analysts/Institutional Investor Meet/Con. Call Updates
07-Aug-2019 18:28:00,Analysts/Institutional Investor Meet/Con. Call Updates,Magma Fincorp Limited has informed the Exchange regarding Analysts/Institutional Investor Meet/Con. Call Updates
06-Aug-2019 13:15:00,Record Date,"Magma Fincorp Limited has informed the Exchange that the Company has fixed Record Date as August 22, 2019 for the purpose of interest payment"
05-Aug-2019 16:37:00,Investor Presentation,Magma Fincorp Limited has informed the Exchange regarding Investor Presentation
05-Aug-2019 16:04:00,Investor Presentation,Magma Fincorp Limited has informed the Exchange regarding Investor Presentation
04-Aug-2019 22:48:00,Analysts/Institutional Investor Meet/Con. Call Updates,Magma Fincorp Limited has informed the Exchange regarding Analysts/Institutional Investor Meet/Con. Call Updates
03-Aug-2019 19:42:00,Allotment of ESOP/ESPS,Magma Fincorp Limited has informed the Exchange regarding allotment of  18000 Equity Shares under ESOP
02-Aug-2019 18:27:00,Updates,Magma Fincorp Limited has informed the Exchange regarding 'Newspaper Publication of Financial Results of Q1 FY 20'.
02-Aug-2019 18:15:00,Shareholders meeting,"Magma Fincorp Limited has informed the Exchange regarding Proceedings of Annual General Meeting held on August 01, 2019. Further, the company has submitted the Exchange a copy of Srutinizers report al"
02-Aug-2019 11:41:00,Analysts/Institutional Investor Meet/Con. Call Updates,Magma Fincorp Limited has informed the Exchange regarding Analysts/Institutional Investor Meet/Con. Call Updates
01-Aug-2019 18:21:00,Updates,Magma Fincorp Limited has informed the Exchange regarding 'Outcome of the 39th AGM of the Company held on 01 August 2019'.
01-Aug-2019 12:58:00,Investor Presentation,Magma Fincorp Limited has informed the Exchange regarding Investor Presentation
01-Aug-2019 12:49:00,Press Release,"Magma Fincorp Limited has informed the Exchange regarding a press release dated August 01, 2019, titled ""Magma Fincorp Q1FY20 AUM up by 9% YoY, Disbursements Up 12% YoY,GNPAs reduce 370 bps YoY""."
01-Aug-2019 12:38:36,Financial Result Updates,"Magma Fincorp Limited has submitted to the Exchange, the financial results for the period ended June 30, 2019."
31-Jul-2019 21:12:00,Analysts/Institutional Investor Meet/Con. Call Updates,Magma Fincorp Limited has informed the Exchange regarding Analysts/Institutional Investor Meet/Con. Call Updates
26-Jul-2019 14:03:00,Analysts/Institutional Investor Meet/Con. Call Updates,Magma Fincorp Limited has informed the Exchange regarding Analysts/Institutional Investor Meet/Con. Call Updates
18-Jul-2019 13:20:00,Analysts/Institutional Investor Meet/Con. Call Updates,Magma Fincorp Limited has informed the Exchange regarding Analysts/Institutional Investor Meet/Con. Call Updates
17-Jul-2019 09:53:00,Analysts/Institutional Investor Meet/Con. Call Updates,Magma Fincorp Limited has informed the Exchange regarding Analysts/Institutional Investor Meet/Con. Call Updates
15-Jul-2019 19:22:00,Analysts/Institutional Investor Meet/Con. Call Updates,Magma Fincorp Limited has informed the Exchange regarding Analysts/Institutional Investor Meet/Con. Call Updates
15-Jul-2019 13:12:00,Press Release,"Magma Fincorp Limited has informed the Exchange regarding a press release dated July 15, 2019, titled ""Change in Management Teamin Magma Fincorp��s ABF Business""."
15-Jul-2019 11:49:00,Analysts/Institutional Investor Meet/Con. Call Updates,Magma Fincorp Limited has informed the Exchange regarding Analysts/Institutional Investor Meet/Con. Call Updates
13-Jul-2019 22:09:00,Analysts/Institutional Investor Meet/Con. Call Updates,Magma Fincorp Limited has informed the Exchange regarding Analysts/Institutional Investor Meet/Con. Call Updates
10-Jul-2019 17:35:00,Updates,Magma Fincorp Limited has informed the Exchange regarding 'Please find enclosed herewith newspaper advertisement w.r.t for convening of 39thAGM '.
10-Jul-2019 13:36:00,AGM/Book Closure,"Magma Fincorp Limited has informed the Exchange that the Register of Members and Share Transfer Books of the Company shall remain closed from July 26, 2019 to August 1, 2019(both days inclusive) for t"
09-Jul-2019 17:57:00,Updates,Magma Fincorp Limited has informed the Exchange regarding 'Intimation w.r.t. E-Voting Information for the 39th AGM of the Company '.
09-Jul-2019 17:21:00,Shareholders meeting,"Magma Fincorp Limited has informed the Exchange regarding Notice of Annual General Meeting to be held on August 01, 2019"
05-Jul-2019 16:11:00,Updates,"Magma Fincorp Limited has informed the Exchange regarding 'Certificate under Regulation 54(5) of the SEBI(Depositories and Participants)Regulations, 1996 for the quarter ended 30 June 2019'."
04-Jul-2019 10:13:00,Record Date,"Magma Fincorp Limited has informed the Exchange that the Company has fixed Record Date as July 22, 2019 for the purpose of Interest payment"
02-Jul-2019 14:46:00,Updates,"Magma Fincorp Limited has informed the Exchange regarding 'Intimation under Regulation 30 of SEBI(LODR)Regulations, 2015 w.r.t. Newspaper Publication dated 02 July 2019'."
28-Jun-2019 18:31:00,Trading Window,"Magma Fincorp Limited has informed the Exchange regarding the Trading Window closure pursuant to SEBI (Prohibition of Insider Trading) Regulations, 2015"
21-Jun-2019 09:40:00,Updates,Magma Fincorp Limited has informed the Exchange regarding 'Intimation to SEs w.r.t. Invester Newsletter circulated to the Investors of the Company dated 21 June 2019'.
20-Jun-2019 16:56:00,Press Release,"Magma Fincorp Limited has informed the Exchange regarding a press release dated Jun 18, 2019, titled ""Magma Wins �� Best NBFC of the Year�� at India Banking Summit & Awards 2019""."
13-Jun-2019 20:48:00,Updates,Magma Fincorp Limited has informed the Exchange regarding 'Disclosure of Related Party Transactions pursuant to Regulation 23(9) of the Securities and Exchange Board of India (Listing Obligations and 
07-Jun-2019 17:33:00,Updates,Magma Fincorp Limited has informed the Exchange regarding 'Intimation under Regulation 60 if SEBI(LODR) Regulations 2015 w.r.t. Record Date fior Interest Payment dated 07 June 2019'.
06-Jun-2019 18:16:00,Updates,Magma Fincorp Limited has informed the Exchange regarding 'Intimation under Regulation 57(1) of SEBI(LODR)Regulations 2015 w.r.t. Interest Payment dated 06 June 2019'.
27-May-2019 19:39:00,Analysts/Institutional Investor Meet/Con. Call Updates,Magma Fincorp Limited has informed the Exchange regarding Analysts/Institutional Investor Meet/Con. Call Updates
17-May-2019 14:33:00,Updates,Magma Fincorp Limited has informed the Exchange regarding 'Intimation under Reg 30 of SEBI(LODR)Regulations 2015 w.r.t. Newspaper Advertisment dated 17 May 2019'.
16-May-2019 17:58:00,Reappointment,Magma Fincorp Limited has informed the Exchange regarding Reappointment of Director of the company.
16-May-2019 17:10:00,Updates,Magma Fincorp Limited has informed the Exchange regarding 'Newspaper Publication w.r.t. Audited Financial Results for the quarter and year ended 31 March 2019'.
16-May-2019 16:55:00,Updates,Magma Fincorp Limited has informed the Exchange regarding 'Newspaper Advertisment w.r.t. Shifting of Registered Office of the Company 16.05.2019'.
16-May-2019 16:41:00,Resignation,"Magma Fincorp Limited has informed the Exchange regarding Resignation of Ms Madhumita DuttaSen as Non- Executive Director of the company w.e.f. May 15, 2019."
16-May-2019 12:46:00,Investor Presentation,Magma Fincorp Limited has informed the Exchange regarding Investor Presentation revised dated  16.05.2019
15-May-2019 22:27:00,Investor Presentation,Magma Fincorp Limited has informed the Exchange regarding Investor Presentation-Revised
15-May-2019 17:50:00,Updates,Magma Fincorp Limited has informed the Exchange regarding 'Certificate received in compliance of Regulation 52(5) of Securities and Exchange Board of India (ListingObligations and Disclosure Requireme
15-May-2019 16:43:00,Dividend,"Magma Fincorp Limited has informed the Exchange that the Board of Directors of the Company at its meeting held on May 15, 2019 have also proposed, subject to the approval of the Shareholders at the An"
15-May-2019 16:06:00,Investor Presentation,Magma Fincorp Limited has informed the Exchange regarding Investor Presentation for the quarter and year ended 31 March 2019
15-May-2019 16:01:00,Press Release,"Magma Fincorp Limited has informed the Exchange regarding a press release dated May 15, 2019, titled ""Press Release in respect of Audited Financial results for the quarter and year ended 31 March 2019"
15-May-2019 15:41:23,Financial Result Updates,"Magma Fincorp Limited has submitted to the Exchange, the financial results for the period ended March 31, 2019."
14-May-2019 20:32:00,Allotment of ESOP/ESPS,Magma Fincorp Limited has informed the Exchange regarding allotment of  18000 Equity Shares under ESOP
07-May-2019 13:53:00,Analysts/Institutional Investor Meet/Con. Call Updates,Magma Fincorp Limited has informed the Exchange regarding Analysts/Institutional Investor Meet/Con. Call Updates
06-May-2019 23:41:00,Updates,"Magma Fincorp Limited has informed the Exchange regarding 'Allotment of 2,014,145 NCDs to the respective applicants in various categories as per the basis of allocation approved in consultation with B"
29-Apr-2019 19:26:00,Updates,Magma Fincorp Limited has informed the Exchange regarding 'Newspaper advertisment for early closure of public issue of debt'.
26-Apr-2019 12:45:00,Updates,"Magma Fincorp Limited has informed the Exchange regarding 'Early closure of Public issue of Secured, Redeemable, Non-Convertible Debentures by Magma Fincorp Limited '."
25-Apr-2019 15:10:00,Disc. under Reg.30 of SEBI (SAST) Reg.2011,"��The Promoter along with PAC has submitted to the Exchange a copy of Annual Disclosure under Regulation 30(2) of SEBI (Substantial Acquisition of Shares and Takeovers), Regulations, 2011 as on March "
18-Apr-2019 12:44:00,Updates,"Magma Fincorp Limited has informed the Exchange regarding 'Please find enclosed herewith Certificate under Regulation 54(5) of SEBI(Depository and Participants) Regulations, 1996 for the quarter ended"
13-Apr-2019 12:25:00,Updates,Magma Fincorp Limited has informed the Exchange regarding 'Newspaper publication of board meeting of Company'.
12-Apr-2019 21:16:00,Address Change,Magma Fincorp Limited has informed the Exchange regarding change in Registered Office of the company.
03-Apr-2019 18:44:00,Updates,"Magma Fincorp Limited has informed the Exchange regarding 'Intimation under Reg 29 and 30 of SEBI(LODR)Regulations, 2015 w.r.t. Board Meeting of the Company to be held on 15 May 19 and Notice of closu"
03-Apr-2019 13:13:00,Updates,"Magma Fincorp Limited has informed the Exchange regarding 'Intimation under Regulation 30 of SEBI(LODR)Regulations, 2015 wrt Newspaper Cuttings regarding public issue of NCD'."
03-Apr-2019 10:34:00,Analysts/Institutional Investor Meet/Con. Call Updates,Magma Fincorp Limited has informed the Exchange regarding Analysts/Institutional Investor Meet/Con. Call Updates-Intimation  w.r.t. RoadshowofpublicissueofNCD
01-Apr-2019 23:37:00,Updates,Magma Fincorp Limited has informed the Exchange regarding 'Newspaper advertisement w.r.t. postal ballot'.
01-Apr-2019 23:19:00,Updates,Magma Fincorp Limited has informed the Exchange regarding 'Approval and adoption of Code of Practices and Procedures for Fair Disclosure drawn in accordance with SEBI (Prohibition of Insider Trading) 
28-Mar-2019 20:34:00,Shareholders meeting,"Magma Fincorp Limited has informed the Exchange regarding Proceedings of Postal Ballot. Further, the company has informed the Exchange regarding voting results along with copy of scrutinizers report t"
25-Mar-2019 12:35:00,Analysts/Institutional Investor Meet/Con. Call Updates,Magma Fincorp Limited has informed the Exchange regarding Analysts/Institutional Investor Meet/Con. Call Updates dated 25.03.2019
18-Mar-2019 18:04:00,Analysts/Institutional Investor Meet/Con. Call Updates,Magma Fincorp Limited has informed the Exchange regarding Analysts/Institutional Investor Meet/Con. Call Updates
13-Mar-2019 18:10:00,Analysts/Institutional Investor Meet/Con. Call Updates,Magma Fincorp Limited has informed the Exchange regarding Analysts/Institutional Investor Meet/Con. Call Updates
05-Mar-2019 18:44:00,Analysts/Institutional Investor Meet/Con. Call Updates,Magma Fincorp Limited has informed the Exchange regarding Analysts/Institutional Investor Meet/Con. Call Updates
01-Mar-2019 10:20:00,Analysts/Institutional Investor Meet/Con. Call Updates,Magma Fincorp Limited has informed the Exchange regarding Analysts/Institutional Investor Meet/Con. Call Updates
25-Feb-2019 16:50:00,Updates,Magma Fincorp Limited has informed the Exchange regarding 'Newspaper advertisement w.r.t. postal ballot'.
23-Feb-2019 19:47:00,Shareholders meeting,Magma Fincorp Limited has informed the Exchange regarding Notice of Postal Ballot
20-Feb-2019 18:58:00,Analysts/Institutional Investor Meet/Con. Call Updates,Magma Fincorp Limited has informed the Exchange regarding Analysts/Institutional Investor Meet/Con. Call Updates
15-Feb-2019 18:23:00,Updates,Magma Fincorp Limited has informed the Exchange regarding 'Seeking Approval of Members through Postal Ballot dated 15.02.2019'.
12-Feb-2019 15:47:00,Analysts/Institutional Investor Meet/Con. Call Updates,Magma Fincorp Limited has informed the Exchange regarding Analysts/Institutional Investor Meet/Con. Call Updates
12-Feb-2019 15:23:00,Analysts/Institutional Investor Meet/Con. Call Updates,Magma Fincorp Limited has informed the Exchange regarding Analysts/Institutional Investor Meet/Con. Call Updates
31-Jan-2019 12:27:00,Press Release (Revised),"Magma Fincorp Limited has informed the Exchange regarding a revised press release dated January 31, 2019, titled ""Unaudited Financial Results for the quarter ended 31 December 2018""."
31-Jan-2019 12:17:00,Appointment,"Magma Fincorp Limited has informed the Exchange regarding Appointment of Mrs Vijayalakshmi R Iyer as Non- Executive Independent Director of the company w.e.f. January 31, 2019."
31-Jan-2019 12:12:00,Outcome of Board Meeting,"Magma Fincorp Limited has informed the Exchange regarding  Board meeting held on January 31, 2019."
31-Jan-2019 12:06:00,Investor Presentation,Magma Fincorp Limited has informed the Exchange regarding Investor Presentation
31-Jan-2019 12:01:00,Press Release,"Magma Fincorp Limited has informed the Exchange regarding a press release dated January 31, 2019, titled ""Unaudited Financial Results for the quarter ended 31 December 2018""."
31-Jan-2019 11:50:05,Financial Result Updates,"Magma Fincorp Limited has submitted to the Exchange, the financial results for the period ended December 31, 2018."
30-Jan-2019 18:02:00,Allotment of ESOP/ESPS,Magma Fincorp Limited has informed the Exchange regarding allotment of  22500 Equity Shares under ESOP
24-Jan-2019 14:21:00,Analysts/Institutional Investor Meet/Con. Call Updates,Magma Fincorp Limited has informed the Exchange regarding Analysts/Institutional Investor Meet/Con. Call Updates
09-Jan-2019 18:40:00,Updates,"Magma Fincorp Limited has informed the Exchange regarding 'Certificate under Reg 54(5) of the SEBI(Depositories and Participants) Regulations, 1996 for the quarter ended 31 December 2018'."
08-Jan-2019 18:00:00,Updates,Magma Fincorp Limited has informed the Exchange regarding 'Intimation under Reg 30 of SEBI(LODR) Regulations 2015 w.r.t. Newspaper cuttings for Board Meeting of the Company to be held on 31.01.19'.
03-Jan-2019 17:38:00,Registrar & Share Transfer Agent Update,Magma Fincorp Limited has informed the Exchange regarding the Registrar & Share Transfer Agent Update wrt appointment of Karvy Fintech Private Limited for the purpose of public issue of NCD
07-Dec-2018 19:12:00,Demise,"Magma Fincorp Limited has informed the Exchange regarding Demise of Mr Nabankur Gupta , Independent Director of the company on December 07, 2018."
26-Nov-2018 18:20:00,Analysts/Institutional Investor Meet/Con. Call Updates,Magma Fincorp Limited has informed the Exchange regarding Analysts/Institutional Investor Meet/Con. Call Updates
21-Nov-2018 12:00:00,Registrar & Share Transfer Agent Update,Magma Fincorp Limited has informed the Exchange regarding the Registrar & Share Transfer Agent Update: Intimation for change in address & contact details of Registrar and Share Transfer Agent (RTA)
20-Nov-2018 18:35:00,Analysts/Institutional Investor Meet/Con. Call Updates,Magma Fincorp Limited has informed the Exchange regarding Analysts/Institutional Investor Meet/Con. Call Updates
08-Nov-2018 17:34:00,Updates,Magma Fincorp Limited has informed the Exchange regarding 'Please find enclosed herewith Intimation w.r.t. Allotment of shares to eligible employees under Magma Employee Stock Option Plan (MESOP)2007 
05-Nov-2018 18:19:00,Updates,Magma Fincorp Limited has informed the Exchange regarding 'Please find enclosed herewith Newspaper Cuttings w.r.t  Unaudited Financial Results of the Company for the quarter and half year ended 30.09.
02-Nov-2018 17:51:00,Updates,Magma Fincorp Limited has informed the Exchange regarding 'Please find enclosed herewith Certificate received in compliance with Regulation  52(5) of SEBI (LODR) Regulation 2015'.
02-Nov-2018 14:10:00,Press Release,"Magma Fincorp Limited has informed the Exchange regarding a press release dated November 02, 2018, titled ""Magma Fincorp Limited - Q2 FY19 Results Highlights""."
02-Nov-2018 13:59:00,Investor Presentation,Magma Fincorp Limited has informed the Exchange regarding Investor Presentation
02-Nov-2018 13:35:00,Outcome of Board Meeting,"Magma Fincorp Limited has informed the Exchange regarding  Board meeting held on November 02, 2018."
02-Nov-2018 13:23:45,Financial Result Updates,"Magma Fincorp Limited has submitted to the Exchange, the financial results for the period ended September 30, 2018."
30-Oct-2018 19:00:00,Analysts/Institutional Investor Meet/Con. Call Updates,Magma Fincorp Limited has informed the Exchange regarding Analysts/Institutional Investor Meet/Con. Call Updates
12-Oct-2018 18:01:00,Updates,"Magma Fincorp Limited has informed the Exchange regarding 'Please find enclosed herewith Certificate under Reg. 54(5) of SEBI (Depositories and Participants) Reg, 1996 for the quarter ended 30.09.2018"
08-Oct-2018 18:39:00,Updates,"Magma Fincorp Limited has informed the Exchange regarding 'Pursuant to Regulation 30 of SEBI (Listing Obligation and Disclosure Requirement) Regulation, 2015 please find attached herewith Newspaper Ad"
05-Oct-2018 20:48:00,Trading Window,"Magma Fincorp Limited has informed the Exchange regarding the Trading Window closure pursuant to SEBI (Prohibition of Insider Trading) Regulations, 2015"
24-Sep-2018 18:37:00,Analysts/Institutional Investor Meet/Con. Call Updates,Magma Fincorp Limited has informed the Exchange regarding Analysts/Institutional Investor Meet/Con. Call Updates
21-Sep-2018 18:32:00,Analysts/Institutional Investor Meet/Con. Call Updates,Magma Fincorp Limited has informed the Exchange regarding Analysts/Institutional Investor Meet/Con. Call Updates
21-Sep-2018 18:28:00,Analysts/Institutional Investor Meet/Con. Call Updates,Magma Fincorp Limited has informed the Exchange regarding Analysts/Institutional Investor Meet/Con. Call Updates
20-Sep-2018 18:25:00,ESOP/ESOS/ESPS,Magma Fincorp Limited has informed the Exchange regarding Grant of 453000  Options.under Magma Employee Stock Option Plan 2007 (MESOP 2007) and Magma Restricted Stock Option Plan 2014 (MRSOP 2014)
11-Sep-2018 18:31:00,Analysts/Institutional Investor Meet/Con. Call Updates,Magma Fincorp Limited has informed the Exchange regarding Analysts/Institutional Investor Meet/Con. Call Updates
07-Sep-2018 18:19:00,Analysts/Institutional Investor Meet/Con. Call Updates,Magma Fincorp Limited has informed the Exchange regarding Analysts/Institutional Investor Meet/Con. Call Updates
06-Sep-2018 18:06:00,Analysts/Institutional Investor Meet/Con. Call Updates,Magma Fincorp Limited has informed the Exchange regarding Analysts/Institutional Investor Meet/Con. Call Updates
05-Sep-2018 12:38:00,Analysts/Institutional Investor Meet/Con. Call Updates,Magma Fincorp Limited has informed the Exchange regarding Analysts/Institutional Investor Meet/Con. Call Updates
04-Sep-2018 19:31:00,Analysts/Institutional Investor Meet/Con. Call Updates,Magma Fincorp Limited has informed the Exchange regarding Analysts/Institutional Investor Meet/Con. Call Updates
29-Aug-2018 18:32:00,Analysts/Institutional Investor Meet/Con. Call Updates,Magma Fincorp Limited has informed the Exchange regarding Analysts/Institutional Investor Meet/Con. Call Updates
29-Aug-2018 12:44:00,Updates,Magma Fincorp Limited has informed the Exchange regarding 'Intimation under Regulation 39 (3) w.r.t request for issue of duplicate share certificate(s) pursuant to loss of Equity Share Certificate(s) 
23-Aug-2018 18:34:00,Analysts/Institutional Investor Meet/Con. Call Updates,Magma Fincorp Limited has informed the Exchange regarding Analysts/Institutional Investor Meet/Con. Call Updates
21-Aug-2018 18:50:00,Analysts/Institutional Investor Meet/Con. Call Updates,Magma Fincorp Limited has informed the Exchange regarding Analysts/Institutional Investor Meet/Con. Call Updates
21-Aug-2018 18:44:00,Updates,Magma Fincorp Limited has informed the Exchange regarding 'Please find enclosed herewith Intimation under Reg 30 of SEBI (LODR) for Newspaper Cuttings wrt Unaudited Financial Results for the Quarter e
20-Aug-2018 15:37:00,Investor Presentation,Magma Fincorp Limited has informed the Exchange regarding Investor Presentation
20-Aug-2018 15:10:00,Press Release,"Magma Fincorp Limited has informed the Exchange regarding a press release dated August 20, 2018, titled ""Magma Fincorp Ltd. �� Q1 FY19 highlights""."
20-Aug-2018 14:59:17,Financial Result Updates,"Magma Fincorp Limited has submitted to the Exchange, the financial results for the period ended June 30, 2018."
20-Aug-2018 10:41:00,Analysts/Institutional Investor Meet/Con. Call Updates,Magma Fincorp Limited has informed the Exchange regarding Analysts/Institutional Investor Meet/Con. Call Updates
16-Aug-2018 19:20:00,Analysts/Institutional Investor Meet/Con. Call Updates,Magma Fincorp Limited has informed the Exchange regarding Analysts/Institutional Investor Meet/Con. Call Updates
06-Aug-2018 18:12:00,Updates,Magma Fincorp Limited has informed the Exchange regarding 'Please find enclosed herewith Newspaper Advertisement wrt Board Meeting of the Company to be held on 20 August 2018 for approval of Unaudited
03-Aug-2018 20:11:00,Analysts/Institutional Investor Meet/Con. Call Updates,Magma Fincorp Limited has informed the Exchange regarding Analysts/Institutional Investor Meet/Con. Call Updates
03-Aug-2018 19:46:00,Shareholders meeting,"Magma Fincorp Limited has submitted the Exchange a copy Srutinizers report of  Annual General Meeting held on August 02, 2018. Further, the company has informed the Exchange regarding voting results."
03-Aug-2018 17:40:00,Trading Window,"Magma Fincorp Limited has informed the Exchange regarding the Trading Window closure pursuant to SEBI (Prohibition of Insider Trading) Regulations, 2015"
02-Aug-2018 18:21:00,Shareholders meeting,"Magma Fincorp Limited has informed the Exchange regarding Proceedings of Annual General Meeting held on August 02, 2018"
02-Aug-2018 18:17:00,Updates,Magma Fincorp Limited has informed the Exchange regarding 'Outcome of the 38th Annual General Meeting of the Company held on 02 August 2018'.
01-Aug-2018 19:39:00,ESOP/ESOS/ESPS,Magma Fincorp Limited has informed the Exchange regarding Grant of 104000  Options.
12-Jul-2018 18:43:00,Updates,"Magma Fincorp Limited has informed the Exchange regarding 'Submission of Certificate under Regulation 54(5) of the SEBI (Depositories and Participants) Regulations, 1996 for the Quarter ended 30 June "
11-Jul-2018 18:44:00,Updates,Magma Fincorp Limited has informed the Exchange regarding 'Newspaper Advertisement wrt AGM and Book Closure'.
09-Jul-2018 18:51:00,Analysts/Institutional Investor Meet/Con. Call Updates,Magma Fincorp Limited has informed the Exchange regarding Analysts/Institutional Investor Meet/Con. Call Updates
09-Jul-2018 17:52:00,Updates,Magma Fincorp Limited has informed the Exchange regarding 'Please find enclosed herewith the Annual Report of the Company for the FY ended 31.03.2018'.
09-Jul-2018 17:48:00,Shareholders meeting,"Magma Fincorp Limited has informed the Exchange regarding Notice of Annual General Meeting to be held on August 02, 2018"
06-Jul-2018 17:27:00,Book Closure,"Magma Fincorp Limited has informed the Exchange that the Register of Members & Share Transfer Books of the Company will remain closed July 27, 2018 to August 2, 2018 (both days inclusive) for the purp"
02-Jul-2018 17:35:00,Analysts/Institutional Investor Meet/Con. Call Updates,Magma Fincorp Limited has informed the Exchange regarding Analysts/Institutional Investor Meet/Con. Call Updates
27-Jun-2018 10:20:00,Analysts/Institutional Investor Meet/Con. Call Updates,Magma Fincorp Limited has informed the Exchange regarding Analysts/Institutional Investor Meet/Con. Call Updates
26-Jun-2018 18:01:00,Analysts/Institutional Investor Meet/Con. Call Updates,Magma Fincorp Limited has informed the Exchange regarding Analysts/Institutional Investor Meet/Con. Call Updates
25-Jun-2018 17:43:00,Analysts/Institutional Investor Meet/Con. Call Updates,Magma Fincorp Limited has informed the Exchange regarding Analysts/Institutional Investor Meet/Con. Call Updates
21-Jun-2018 18:01:00,Analysts/Institutional Investor Meet/Con. Call Updates,Magma Fincorp Limited has informed the Exchange regarding Analysts/Institutional Investor Meet/Con. Call Updates
18-Jun-2018 15:49:00,Analysts/Institutional Investor Meet/Con. Call Updates,Magma Fincorp Limited has informed the Exchange regarding Analysts/Institutional Investor Meet/Con. Call Updates
14-Jun-2018 18:47:00,Credit Rating,Magma Fincorp Limited has informed the Exchange regarding Credit Rating
13-Jun-2018 18:33:00,Analysts/Institutional Investor Meet/Con. Call Updates,Magma Fincorp Limited has informed the Exchange regarding Analysts/Institutional Investor Meet/Con. Call Updates
08-Jun-2018 19:36:00,Updates,"Magma Fincorp Limited has informed the Exchange regarding 'Regulation 30 of the Securities and Exchange Board of India ( Listing Obligations and Disclosure Requirements) Regulations, 2015.'."
08-Jun-2018 18:20:00,Analysts/Institutional Investor Meet/Con. Call Updates,Magma Fincorp Limited has informed the Exchange regarding Analysts/Institutional Investor Meet/Con. Call Updates
08-Jun-2018 17:59:00,Updates,Magma Fincorp Limited has informed the Exchange regarding 'Appointment of National Securities Depository Limited ( NSDL) as Designated Depository for the Purpose of System Driven Disclosure In Securit
06-Jun-2018 18:46:00,Analysts/Institutional Investor Meet/Con. Call Updates,Magma Fincorp Limited has informed the Exchange regarding Analysts/Institutional Investor Meet/Con. Call Updates
06-Jun-2018 18:42:00,Analysts/Institutional Investor Meet/Con. Call Updates,Magma Fincorp Limited has informed the Exchange regarding Analysts/Institutional Investor Meet/Con. Call Updates
04-Jun-2018 16:57:00,Analysts/Institutional Investor Meet/Con. Call Updates,Magma Fincorp Limited has informed the Exchange regarding Analysts/Institutional Investor Meet/Con. Call Updates
30-May-2018 17:09:00,Analysts/Institutional Investor Meet/Con. Call Updates,Magma Fincorp Limited has informed the Exchange regarding Analysts/Institutional Investor Meet/Con. Call Updates
30-May-2018 16:55:00,Analysts/Institutional Investor Meet/Con. Call Updates,Magma Fincorp Limited has informed the Exchange regarding Analysts/Institutional Investor Meet/Con. Call Updates
18-May-2018 18:38:00,Analysts/Institutional Investor Meet/Con. Call Updates,Magma Fincorp Limited has informed the Exchange regarding Analysts/Institutional Investor Meet/Con. Call Updates
10-May-2018 17:41:00,Others,"Magma Fincorp Limited has informed the Exchange that Pursuant to Regulation 30 of SEBI (Listing Obligations and Disclosure Requirements) Regulations, 2015 please find attached herewith Newspaper Adver"
09-May-2018 18:16:00,Updates,Magma Fincorp Limited has informed the Exchange regarding 'Statement of disclosure of Line Items and Certificate from Debenture Trustees.'.
09-May-2018 18:00:00,Investor Presentation,Magma Fincorp Limited has informed the Exchange regarding Investor Presentation
09-May-2018 17:34:00,Press Release,"Magma Fincorp Limited has informed the Exchange regarding a press release dated May 09, 2018, titled ""Magma Fincorp Ltd. �� Q4 FY 18 highlights""."
09-May-2018 16:10:00,Dividend,"Magma Fincorp Limited has informed the Exchange that the Board of Directors of the Company at its meeting held on May 09, 2018 have also proposed, subject to the approval of the Shareholders at the An"
09-May-2018 15:27:00,Outcome of Board Meeting,"Magma Fincorp Limited has informed the Exchange regarding  Board meeting held on May 09, 2018."
09-May-2018 15:23:49,Financial Result Updates,"Magma Fincorp Limited has submitted to the Exchange, the financial results for the period ended March 31, 2018."
08-May-2018 20:41:00,Amalgamation/Merger,Magma Fincorp Limited has informed the Exchange regarding Merger of Magma ITL Finance Limited ( MITL) with Magma Fincorp Limited.
08-May-2018 15:08:00,Analysts/Institutional Investor Meet/Con. Call Updates,Magma Fincorp Limited has informed the Exchange regarding Analysts/Institutional Investor Meet/Con. Call Updates
19-Apr-2018 17:59:00,Resignation,"Magma Fincorp Limited has informed the Exchange regarding Resignation of Mr Sanjay Nayar as Non- Executive Director of the company w.e.f. April 19, 2018."
18-Apr-2018 19:53:00,Press Release,"Magma Fincorp Limited has informed the Exchange regarding a press release dated April 18, 2018, titled ""Press Release wrt QIP""."
18-Apr-2018 18:10:00,Trading Window,"Magma Fincorp Limited has informed the Exchange regarding the Trading Window closure pursuant to SEBI (Prohibition of Insider Trading) Regulations, 2015"
18-Apr-2018 17:47:00,Credit Rating,Magma Fincorp Limited has informed the Exchange regarding Credit Rating
12-Apr-2018 17:53:00,Qualified Institutional Placement,"Magma Fincorp Limited has informed the Exchange regarding update on Qualified Institutions placement of equity shares of face value Rs. 2 each ( "" Equity Shares"") by Magma Fincorp Limited (""Company"") "
11-Apr-2018 20:12:00,Updates,Magma Fincorp Limited has informed the Exchange regarding 'Intimation under Regulation 30 and other applicable regulation of the Securities and Exchange Board of India ( Listing Obligations and Disclo
10-Apr-2018 20:24:00,Qualified Institutional Placement,"Magma Fincorp Limited has informed the Exchange regarding Qualified Institutions placement of equity shares of face value Rs. 2 each ( ""Equity Shares"") by Magma Fincorp Limited ("" Company"") under the "
10-Apr-2018 08:38:00,Disc. under Reg.30 of SEBI (SAST) Reg.2011,"Promoter of the Company has submitted to the Exchange a copy of disclosure under Regulation 30(1) and 30(2) of SEBI (Substantial Acquisition of Shares & Takeovers) Regulations, 2011. &#12288;"
09-Apr-2018 18:43:00,Disc. under Reg.30 of SEBI (SAST) Reg.2011,"Ashita Poddar, Columbine Decorative & Marketing Private Limited, Celica Developers Private Limited, Kalpana Poddar has submitted to the Exchange a copy of disclosure under Regulation 30(2) of SEBI (Su"
09-Apr-2018 18:23:00,Analysts/Institutional Investor Meet/Con. Call Updates,Magma Fincorp Limited has informed the Exchange regarding Analysts/Institutional Investor Meet/Con. Call Updates
05-Apr-2018 18:56:00,Committee Meeting Updates,"Magma Fincorp Limited has informed the Exchange regarding Committee Meeting to be held on April 10, 2018."
05-Apr-2018 18:37:00,Committee Meeting Updates,"Magma Fincorp Limited has informed the Exchange regarding Outcome of Committee Meeting held on April 05, 2018."
05-Apr-2018 08:48:00,Updates,Magma Fincorp Limited has informed the Exchange regarding 'enclosed herewith interim condensed financial statements (both standalone and consolidated) for the period ended 311217 as approved by the Bo
02-Apr-2018 19:08:00,ESOP/ESOS/ESPS,Magma Fincorp Limited has informed the Exchange regarding Grant of 1048083  Options.
02-Apr-2018 18:22:00,Analysts/Institutional Investor Meet/Con. Call Updates,Magma Fincorp Limited has informed the Exchange regarding Analysts/Institutional Investor Meet/Con. Call Updates
02-Apr-2018 13:02:00,Analysts/Institutional Investor Meet/Con. Call Updates,Magma Fincorp Limited has informed the Exchange regarding Analysts/Institutional Investor Meet/Con. Call Updates
30-Mar-2018 18:30:00,Shareholders meeting,"Magma Fincorp Limited has submitted the Exchange a copy Srutinizers report of  Postal Ballot. Further, the company has informed the Exchange regarding voting results along with copy of minutes."
26-Mar-2018 17:46:00,Analysts/Institutional Investor Meet/Con. Call Updates,Magma Fincorp Limited has informed the Exchange regarding Analysts/Institutional Investor Meet/Con. Call Updates
24-Mar-2018 15:57:00,Credit Rating,Magma Fincorp Limited has informed the Exchange regarding Credit Rating
21-Mar-2018 18:34:00,Analysts/Institutional Investor Meet/Con. Call Updates,Magma Fincorp Limited has informed the Exchange regarding Analysts/Institutional Investor Meet/Con. Call Updates
14-Mar-2018 13:39:00,Analysts/Institutional Investor Meet/Con. Call Updates,Magma Fincorp Limited has informed the Exchange regarding Analysts/Institutional Investor Meet/Con. Call Updates
10-Mar-2018 17:29:00,Analysts/Institutional Investor Meet/Con. Call Updates,Magma Fincorp Limited has informed the Exchange regarding Analysts/Institutional Investor Meet/Con. Call Updates
08-Mar-2018 11:59:00,Analysts/Institutional Investor Meet/Con. Call Updates,Magma Fincorp Limited has informed the Exchange regarding Analysts/Institutional Investor Meet/Con. Call Updates
27-Feb-2018 17:36:00,Shareholders meeting,Magma Fincorp Limited has informed the Exchange regarding Notice of Postal Ballot
23-Feb-2018 18:50:00,Updates,Magma Fincorp Limited has informed the Exchange regarding 'Seeking approval of Members through postal ballot'.
21-Feb-2018 19:36:00,Analysts/Institutional Investor Meet/Con. Call Updates,Magma Fincorp Limited has informed the Exchange regarding Analysts/Institutional Investor Meet/Con. Call Updates
20-Feb-2018 11:55:00,Analysts/Institutional Investor Meet/Con. Call Updates,Magma Fincorp Limited has informed the Exchange regarding Analysts/Institutional Investor Meet/Con. Call Updates
19-Feb-2018 18:14:00,Shareholders meeting,"Magma Fincorp Limited has submitted the Exchange a copy Srutinizers report of  Court Convened General Meeting held on February 17, 2018. Further, the company has informed the Exchange regarding voting"
19-Feb-2018 09:03:00,Shareholders meeting,"Magma Fincorp Limited has informed the Exchange regarding Proceedings of Court Convened General Meeting held on February 17, 2018"
13-Feb-2018 19:33:00,Analysts/Institutional Investor Meet/Con. Call Updates,Magma Fincorp Limited has informed the Exchange regarding Analysts/Institutional Investor Meet/Con. Call Updates
08-Feb-2018 19:12:00,Analysts/Institutional Investor Meet/Con. Call Updates,Magma Fincorp Limited has informed the Exchange regarding Analysts/Institutional Investor Meet/Con. Call Updates
05-Feb-2018 13:41:00,Financial Results Updates,Magma Fincorp Limited has informed the Exchange that Please find enclosed herewith a clear scanned copy of unaudited financial  results of the Company for the quarter ended  31 December 2017.
02-Feb-2018 12:19:00,Analysts/Institutional Investor Meet/Con. Call Updates,Magma Fincorp Limited has informed the Exchange regarding Analysts/Institutional Investor Meet/Con. Call Updates
01-Feb-2018 21:33:00,Investor Presentation,Magma Fincorp Limited has informed the Exchange regarding Investor Presentation
01-Feb-2018 18:07:00,Press Release,"Magma Fincorp Limited has informed the Exchange regarding a press release dated February 01, 2018, titled ""Magma Fincorp Ltd. �� Q3 FY 18 Highlights""."
01-Feb-2018 18:04:00,Press Release,"Magma Fincorp Limited has informed the Exchange regarding a press release dated February 01, 2018, titled ""Magma Fincorp Ltd. �� Q3 FY 18 Highlights""."
01-Feb-2018 14:39:00,Outcome of Board Meeting,"Magma Fincorp Limited has informed the Exchange regarding Outcome of Board Meeting held on February 01, 2018."
01-Feb-2018 14:39:00,Outcome of Board Meeting,"Magma Fincorp Limited has informed the Exchange regarding Outcome of Board Meeting held on 0 , ."
01-Feb-2018 14:32:20,Financial Result Updates,"Magma Fincorp Limited has submitted to the Exchange, the financial results for the period ended December 31, 2017."
31-Jan-2018 19:51:00,ESOP/ESOS/ESPS,Magma Fincorp Limited has informed the Exchange regarding Grant of 75000  Options.
31-Jan-2018 18:37:00,Allotment of ESOP/ESPS,Magma Fincorp Limited has informed the Exchange regarding allotment of  55000 Equity Shares under ESOP
29-Jan-2018 20:04:00,Analysts/Institutional Investor Meet/Con. Call Updates,Magma Fincorp Limited has informed the Exchange regarding Analysts/Institutional Investor Meet/Con. Call Updates
18-Jan-2018 20:07:00,Updates,Magma Fincorp Limited has informed the Exchange regarding 'Merger of Magma Advisory Services Limited ( MASL) with Magma Fincorp Limited.'.
17-Jan-2018 18:33:00,Updates,"Magma Fincorp Limited has informed the Exchange regarding 'Notice and advertisement of Notice of the Meeting of the Equity shareholders, secured creditors, unsecured Creditors and Debentures holders.'"
16-Jan-2018 18:58:00,Shareholders meeting,"Magma Fincorp Limited has informed the Exchange regarding Notice of Court Convened General Meeting to be held on February 17, 2018"
15-Jan-2018 10:41:00,Trading Window,"Magma Fincorp Limited has informed the Exchange regarding the Trading Window closure pursuant to SEBI (Prohibition of Insider Trading) Regulations, 2015"
22-Dec-2017 17:43:00,Shareholders meeting,"Magma Fincorp Limited has informed the Exchange regarding Proceedings of Postal Ballot. Further, the company has informed the Exchange regarding voting results along with copy of scrutinizers report t"
09-Dec-2017 16:18:00,Analysts/Institutional Investor Meet/Con. Call Updates,Magma Fincorp Limited has informed the Exchange regarding Analysts/Institutional Investor Meet/Con. Call Updates
08-Dec-2017 17:21:00,Analysts/Institutional Investor Meet/Con. Call Updates,Magma Fincorp Limited has informed the Exchange regarding Analysts/Institutional Investor Meet/Con. Call Updates
06-Dec-2017 16:57:00,Analysts/Institutional Investor Meet/Con. Call Updates,Magma Fincorp Limited has informed the Exchange regarding Analysts/Institutional Investor Meet/Con. Call Updates
28-Nov-2017 17:01:00,Updates,Magma Fincorp Limited has informed the Exchange regarding 'a copy of newspaper clippings on Transfer of Equity Shares of the Company to Investor Education and Protection Fund (IEPF) Demat Account'.
24-Nov-2017 18:41:00,Analysts/Institutional Investor Meet/Con. Call Updates,Magma Fincorp Limited has informed the Exchange regarding Analysts/Institutional Investor Meet/Con. Call Updates
24-Nov-2017 18:35:00,Analysts/Institutional Investor Meet/Con. Call Updates,Magma Fincorp Limited has informed the Exchange regarding Analysts/Institutional Investor Meet/Con. Call Updates
24-Nov-2017 17:22:00,Shareholders meeting,Magma Fincorp Limited has informed the Exchange regarding Notice of Postal Ballot
22-Nov-2017 17:17:00,Analysts/Institutional Investor Meet/Con. Call Updates,Magma Fincorp Limited has informed the Exchange regarding Analysts/Institutional Investor Meet/Con. Call Updates
21-Nov-2017 18:41:00,Updates,"Magma Fincorp Limited has informed the Exchange regarding 'Intimation under Regulation 30 of SEBI ( Listing Obligations and Disclosure Requirements) Regulations, 2015.'."
21-Nov-2017 18:02:00,Amalgamation/Merger,Magma Fincorp Limited has informed the Exchange regarding Scheme of merger for the proposed merger of Magma ITL Finance Limited (Wholly Owned Subsidiary Company) with the Company.
15-Nov-2017 18:44:00,Analysts/Institutional Investor Meet/Con. Call Updates,Magma Fincorp Limited has informed the Exchange regarding Analysts/Institutional Investor Meet/Con. Call Updates
14-Nov-2017 14:20:00,Press Release,"Magma Fincorp Limited has informed the Exchange regarding a press release dated November 14, 2017, titled ""Press Release""."
13-Nov-2017 18:40:00,Analysts/Institutional Investor Meet/Con. Call Updates,Magma Fincorp Limited has informed the Exchange regarding Analysts/Institutional Investor Meet/Con. Call Updates
13-Nov-2017 18:35:00,Postal Ballot Updates,"Magma Fincorp Limited has informed the Exchange that the Management Committee of the Board of Directors of the Company (which has been authorized in this regard) at its meeting held  on November  13,2"
09-Nov-2017 18:47:00,Investor Presentation,Magma Fincorp Limited has informed the Exchange regarding Investor Presentation
09-Nov-2017 17:46:00,Press Release,"Magma Fincorp Limited has informed the Exchange regarding a press release dated November 09, 2017, titled ""Magma Fincorp Ltd. �� Q2 FY 18 highlights""."
09-Nov-2017 16:45:00,Updates,Magma Fincorp Limited has informed the Exchange regarding 'certificate received in compliance with Regulations 52(5) of the Securities and Exchange Board of India (Listing Obligations and Disclosure R
09-Nov-2017 14:46:00,Outcome of Board Meeting,"Magma Fincorp Limited has informed the Exchange regarding Outcome of Board Meeting held on November 09, 2017."
09-Nov-2017 14:46:00,Outcome of Board Meeting,"Magma Fincorp Limited has informed the Exchange regarding Outcome of Board Meeting held on November 09, 2017."
09-Nov-2017 14:36:27,Financial Result Updates,"Magma Fincorp Limited has submitted to the Exchange, the financial results for the period ended September 30, 2017."
09-Nov-2017 08:39:00,ESOP/ESOS/ESPS,Magma Fincorp Limited has informed the Exchange regarding Grant of 90000 Options.
03-Nov-2017 18:58:00,Issue of Securities,"Magma Fincorp Limited has informed the Exchange that Please find enclosed herewith Intimation under Regulation 29 of SEBI (LODR) Regulations, 2015"
02-Nov-2017 14:52:00,Analysts/Institutional Investor Meet/Con. Call Updates,Magma Fincorp Limited has informed the Exchange regarding Analysts/Institutional Investor Meet/Con. Call Updates
11-Oct-2017 18:46:00,Trading Window,"Magma Fincorp Limited has informed the Exchange regarding the Trading Window closure pursuant to SEBI (Prohibition of Insider Trading) Regulations, 2015"
04-Oct-2017 18:25:00,Analysts/Institutional Investor Meet/Con. Call Updates,Magma Fincorp Limited has informed the Exchange regarding Analysts/Institutional Investor Meet/Con. Call Updates
18-Sep-2017 19:49:00,Analysts/Institutional Investor Meet/Con. Call Updates,Magma Fincorp Limited has informed the Exchange regarding Analysts/Institutional Investor Meet/Con. Call Updates
18-Sep-2017 19:49:00,Analysts/Institutional Investor Meet/Con. Call Updates,Magma Fincorp Limited has informed the Exchange regarding Analysts/Institutional Investor Meet/Con. Call Updates
18-Sep-2017 19:49:00,Analysts/Institutional Investor Meet/Con. Call Updates,Magma Fincorp Limited has informed the Exchange regarding Analysts/Institutional Investor Meet/Con. Call Updates
13-Sep-2017 17:43:00,Analysts/Institutional Investor Meet/Con. Call Updates,Magma Fincorp Limited has informed the Exchange regarding Analysts/Institutional Investor Meet/Con. Call Updates
05-Sep-2017 18:18:00,Analysts/Institutional Investor Meet/Con. Call Updates,Magma Fincorp Limited has informed the Exchange regarding Analysts/Institutional Investor Meet/Con. Call Updates
29-Aug-2017 17:11:00,Analysts/Institutional Investor Meet/Con. Call Updates,Magma Fincorp Limited has informed the Exchange regarding Analysts/Institutional Investor Meet/Con. Call Updates
29-Aug-2017 17:07:00,Appointment,"Magma Fincorp Limited has informed the Exchange regarding Appointment of Ms Madhumita Dutta Sen as Non- Executive Director of the company w.e.f. August 29, 2017."
28-Aug-2017 18:13:00,Updates,Magma Fincorp Limited has informed the Exchange regarding 'Corporate Announcement'.
22-Aug-2017 18:07:00,Analysts/Institutional Investor Meet/Con. Call Updates,Magma Fincorp Limited has informed the Exchange regarding Analysts/Institutional Investor Meet/Con. Call Updates
22-Aug-2017 17:48:00,Press Release,"Magma Fincorp Limited has informed the Exchange regarding a press release dated August 22, 2017, titled ""Magma Fincorp & PCRA train 1 lakh truck drivers to make theenvironment and highways a safer pla"
21-Aug-2017 19:09:00,Analysts/Institutional Investor Meet/Con. Call Updates,Magma Fincorp Limited has informed the Exchange regarding Analysts/Institutional Investor Meet/Con. Call Updates
21-Aug-2017 19:06:00,Analysts/Institutional Investor Meet/Con. Call Updates,Magma Fincorp Limited has informed the Exchange regarding Analysts/Institutional Investor Meet/Con. Call Updates
18-Aug-2017 16:35:00,Outcome of Board Meeting,"Magma Fincorp Limited has informed the Exchange regarding Outcome of Board Meeting held on August 18, 2017."
18-Aug-2017 16:34:00,Outcome of Board Meeting,"Magma Fincorp Limited has informed the Exchange regarding Outcome of Board Meeting held on August 18, 2017."
16-Aug-2017 11:34:00,Analysts/Institutional Investor Meet/Con. Call Updates,Magma Fincorp Limited has informed the Exchange regarding Analysts/Institutional Investor Meet/Con. Call Updates
07-Aug-2017 17:29:00,Updates,"Magma Fincorp Limited has informed the Exchange regarding Annual Report for the Financial Year ended March 31, 2017 in terms of Regulation 34 of SEBI (Listing Obligations and Disclosure Requirements) "
04-Aug-2017 11:12:00,Shareholders meeting,"Magma Fincorp Limited has submitted the Exchange a copy Srutinizers report of  Annual General Meeting held on August 02, 2017. Further, the company has informed the Exchange regarding voting results."
03-Aug-2017 18:25:00,Shareholders meeting,"Magma Fincorp Limited has informed the Exchange regarding Proceedings of Annual General Meeting held on August 02, 2017"
02-Aug-2017 17:37:00,Shareholders meeting,"Magma Fincorp Limited has informed the Exchange regarding Proceedings of Annual General Meeting held on August 02, 2017"
02-Aug-2017 14:45:00,Investor Presentation,Magma Fincorp Limited has informed the Exchange regarding Investor Presentation
02-Aug-2017 14:29:00,Amendment to AOA/MOA,Magma Fincorp Limited has informed the Exchange regarding the Amendment to AOA/MOA of the company.
02-Aug-2017 14:20:00,Press Release,"Magma Fincorp Limited has informed the Exchange regarding a press release dated August 02, 2017, titled ""Press Release Q1FY18""."
02-Aug-2017 14:02:06,Financial Result Updates,"Magma Fincorp Limited has submitted to the Exchange, the financial results for the period ended June 30, 2017."
29-Jul-2017 15:36:00,Scheme of Arrangement,"Magma Fincorp Limited has informed the Exchange that pursuant to the suggestions received from the Officical Liquidator, Kolkata, in the Scheme of Merger ( Scheme) of Magma Advisory Services Limited( "
24-Jul-2017 17:42:00,Analysts/Institutional Investor Meet/Con. Call Updates,Magma Fincorp Limited has informed the Exchange regarding Analysts/Institutional Investor Meet/Con. Call Updates
11-Jul-2017 13:09:00,Trading Window,"Magma Fincorp Limited has informed the Exchange regarding the Trading Window closure pursuant to SEBI (Prohibition of Insider Trading) Regulations, 2015"
10-Jul-2017 19:12:00,Updates,"Magma Fincorp Limited has informed the Exchange regarding Annual Report for the Financial Year ended March 31, 2017."
10-Jul-2017 18:14:00,Updates,Magma Fincorp Limited has informed the Exchange regarding transfer of equity shares of the Company to Investor education and protection Fund ( IEPF) Demat Account.
07-Jul-2017 14:26:00,Shareholders meeting,"Magma Fincorp Limited has informed the Exchange regarding Notice of Annual General Meeting to be held on August 02, 2017"
07-Jul-2017 13:47:00,AGM/Book Closure,"Magma Fincorp Limited has informed the Exchange that the Company has fixed Book Closure from July 27, 2017 to August 2, 2017 (both days inclusive) for the purpose of payment of dividend on Equity, if "
07-Jul-2017 13:45:00,Updates,"Magma Fincorp Limited has informed the Exchange regarding evoting date for the forthcoming AGM of the Company scheduled on August 02, 2017."
29-Jun-2017 17:05:00,Analysts/Institutional Investor Meet/Con. Call Updates,Magma Fincorp Limited has informed the Exchange regarding Analysts/Institutional Investor Meet/Con. Call Updates
29-Jun-2017 14:56:00,Press Release,"Magma Fincorp Limited has informed the Exchange regarding a press release dated Jun 29, 2017, titled ""Press Release pertaining to the joining of Mr. Manish Jaiswal as the new  MD & CEO of Magma Housin"
23-Jun-2017 18:35:00,Amalgamation/Merger,"Magma Fincorp Limited has submitted to the Exchange a copy of the Scheme of merger along with a report of Audit Committee dated June 20, 2017 on the proposed merger of Magma Advisory Services Limited "
21-Jun-2017 18:44:00,Analysts/Institutional Investor Meet/Con. Call Updates,Magma Fincorp Limited has informed the Exchange regarding Analysts/Institutional Investor Meet/Con. Call Updates
20-Jun-2017 15:40:00,Outcome of Board Meeting,"Magma Fincorp Limited has informed the Exchange regarding Outcome of Board Meeting held on Jun 20, 2017."
20-Jun-2017 15:40:00,Outcome of Board Meeting,"Magma Fincorp Limited has informed the Exchange regarding Outcome of Board Meeting held on Jun 20, 2017."
14-Jun-2017 16:22:00,Analysts/Institutional Investor Meet/Con. Call Updates,Magma Fincorp Limited has informed the Exchange regarding Analysts/Institutional Investor Meet/Con. Call Updates
14-Jun-2017 16:20:00,Analysts/Institutional Investor Meet/Con. Call Updates,Magma Fincorp Limited has informed the Exchange regarding Analysts/Institutional Investor Meet/Con. Call Updates
13-Jun-2017 20:51:00,Trading Window,"Magma Fincorp Limited has informed the Exchange regarding the Trading Window closure pursuant to SEBI (Prohibition of Insider Trading) Regulations, 2015"
08-Jun-2017 18:19:00,Analysts/Institutional Investor Meet/Con. Call Updates,Magma Fincorp Limited has informed the Exchange regarding Analysts/Institutional Investor Meet/Con. Call Updates
07-Jun-2017 17:10:00,Analysts/Institutional Investor Meet/Con. Call Updates,Magma Fincorp Limited has informed the Exchange regarding Analysts/Institutional Investor Meet/Con. Call Updates
03-Jun-2017 13:18:00,Analysts/Institutional Investor Meet/Con. Call Updates,Magma Fincorp Limited has informed the Exchange regarding Analysts/Institutional Investor Meet/Con. Call Updates
26-May-2017 18:14:00,Financial Results Updates,"Magma Fincorp Limited has informed the Exchange regarding revised Financial Results for the Quarter / year ended March 31, 2017."
24-May-2017 17:29:00,Analysts/Institutional Investor Meet/Con. Call Updates,Magma Fincorp Limited has informed the Exchange regarding Analysts/Institutional Investor Meet/Con. Call Updates
15-May-2017 17:59:00,Resignation,"Magma Fincorp Limited has informed the Exchange regarding Resignation of Ms Ritva Kaarina Laukkanen as Non- Executive Director of the company w.e.f. May 15, 2017."
11-May-2017 17:48:00,Investor Presentation,Magma Fincorp Limited has informed the Exchange regarding Investor Presentation
11-May-2017 16:44:00,Updates,Magma Fincorp Limited has informed the Exchange that Intimation under Regulations 52(4) and 52(5) of Securities and Exchange Board of India (Listing Obligations and Disclosure Requirements) Regulation
11-May-2017 15:24:00,Press Release,"Magma Fincorp Limited has informed the Exchange regarding a press release dated May 11, 2017, titled ""Press Release in respect of Audited Financial Results for the quarter and year ended 31 March2017"""
11-May-2017 15:12:00,Dividend,"Magma Fincorp Limited has informed the Exchange that the Board of Directors of the Company at their Meeting held on May 11, 2017 proposed, subject to the approval of the Shareholders at the Annual Gen"
11-May-2017 14:56:36,Financial Result Updates,"Magma Fincorp Limited has submitted to the Exchange, the financial results for the period ended March 31, 2017."
10-May-2017 18:25:00,ESOP/ESOS/ESPS,Magma Fincorp Limited has informed the Exchange regarding Grant of 525000  Options.
10-May-2017 18:20:00,ESOP/ESOS/ESPS,Magma Fincorp Limited has informed the Exchange regarding Exercise of 14000  Options.
09-May-2017 08:36:00,Updates,"Magma Fincorp Limited has submitted to the Exchange a copies of the newspaper advertisement issued to shareholders pursuant to Investor Education and Protection Fund Authority (Accounting, Audit, Tran"
03-May-2017 16:24:00,Analysts/Institutional Investor Meet/Con. Call Updates,Magma Fincorp Limited has informed the Exchange regarding Analysts/Institutional Investor Meet/Con. Call Updates
26-Apr-2017 18:58:00,ESOPs/ESOS/ESPS,Magma Fincorp Limited has informed the Exchange the Grant of Options under Magma Employee Stock Option Plan 2007
12-Apr-2017 19:29:00,Trading Window,"Magma Fincorp Limited has informed the Exchange that the Trading Window under the Company s Code of Conduct For Prohibition of Insider Trading (A Code of Internal Procedure and Conduct to Regulate, Mo"
08-Apr-2017 17:52:00,Disc. under Reg.30 of SEBI (SAST) Reg.2011,"Mansi Poddar has submitted to the Exchange a copy of disclosure under Regulation 30(1) and 30(2) of SEBI (Substantial Acquisition of Shares & Takeovers) Regulations, 2011."
08-Apr-2017 16:52:00,Disc. under Reg.30 of SEBI (SAST) Reg.2011,"Kalpana poddar has submitted to the Exchange a copy of disclosure under Regulation 30(1) and 30(2) of SEBI (Substantial Acquisition of Shares & Takeovers) Regulations, 2011."
07-Apr-2017 18:31:00,Analysts/Institutional Investor Meet/Con. Call Updates,Magma Fincorp Limited has informed the Exchange regarding Analysts/Institutional Investor Meet/Con. Call Updates
06-Apr-2017 12:08:00,Spurt in Volume,"Significant increase in volume has been observed in Magma Fincorp Limited. The Exchange, in order to ensure that investors have latest relevant information about the company and to inform the market p"
05-Apr-2017 19:15:00,Disc. under Reg.30 of SEBI (SAST) Reg.2011,"Celica Developers Private Limited has submitted to the Exchange vide letter dated April 01, 2017 a copy of disclosure under Regulation 30(1) and 30(2) of SEBI (Substantial Acquisition of Shares & Take"
05-Apr-2017 18:45:00,Spurt in Volume,"Significant increase in volume has been observed in Magma Fincorp Limited. The Exchange, in order to ensure that investors have latest relevant information about the company and to inform the market p"
05-Apr-2017 18:01:00,Disc. under Reg.30 of SEBI (SAST) Reg.2011,"Ashita Poddar,Microfirm Capital Private Limited ,Columbine Decorative & Marketing Pvt. Ltdand shaili Poddar has submitted to the Exchange vide letter dated April 03, 2017 a copy of disclosure under Re"
03-Apr-2017 16:07:00,Analysts/Institutional Investor Meet/Con. Call Updates,Magma Fincorp Limited has informed the Exchange regarding Analysts/Institutional Investor Meet/Con. Call Updates
03-Apr-2017 12:18:00,Analysts/Institutional Investor Meet/Con. Call Updates,Magma Fincorp Limited has informed the Exchange regarding Analysts/Institutional Investor Meet/Con. Call Updates
01-Apr-2017 18:32:00,Updates,Magma Fincorp Limited has informed the Exchange regarding Sale of Non-Performing Assets of the Company
25-Mar-2017 17:23:00,Shareholders meeting,"Magma Fincorp Limited has informed the Exchange regarding Proceedings of Postal Ballot. Further, the company has informed the Exchange regarding voting results along with copy of scrutinizers report t"
22-Mar-2017 14:42:00,Analysts/Institutional Investor Meet/Con. Call Updates,Magma Fincorp Limited has informed the Exchange regarding Analysts/Institutional Investor Meet/Con. Call Updates
01-Mar-2017 15:54:00,Analysts/Institutional Investor Meet/Con. Call Updates,Magma Fincorp Limited has informed the Exchange regarding Analysts/Institutional Investor Meet/Con. Call Updates
28-Feb-2017 16:49:00,Analysts/Institutional Investor Meet/Con. Call Updates,Magma Fincorp Limited has informed the Exchange regarding Analysts/Institutional Investor Meet/Con. Call Updates
27-Feb-2017 13:47:00,Updates,Magma Fincorp Limited has informed the Exchange regarding Sale of Non performing Assets of the Company.
21-Feb-2017 16:21:00,Shareholders meeting,"Magma Fincorp Limited has submitted to the Exchange a copy of Postal Ballot Notice along with Postal Ballot Form under Section 110 of the Companies Act, 2013 read with Rule 22 of Companies (Management"
15-Feb-2017 17:40:00,Shareholders meeting,"Magma Fincorp Limited has informed the Exchange that the Management Committee of the Board of Directors of the Company (which has been authorized in this regard) at its meeting held on February 15, 20"
13-Feb-2017 19:29:00,Analysts/Institutional Investor Meet/Con. Call Updates,Magma Fincorp Limited has informed the Exchange regarding Analysts/Institutional Investor Meet/Con. Call Updates
13-Feb-2017 19:26:00,Analysts/Institutional Investor Meet/Con. Call Updates,Magma Fincorp Limited has informed the Exchange regarding Analysts/Institutional Investor Meet/Con. Call Updates
09-Feb-2017 18:23:00,Analysts/Institutional Investor Meet/Con. Call Updates,Magma Fincorp Limited has informed the Exchange regarding Analysts/Institutional Investor Meet/Con. Call Updates
09-Feb-2017 18:16:00,Investor Presentation,Magma Fincorp Limited has informed the Exchange regarding Investor Presentation
09-Feb-2017 18:03:00,Press Release,"Magma Fincorp Limited has informed the Exchange regarding a press release dated February 09, 2017, titled ""Press Release Q3 FY 17""."
09-Feb-2017 17:59:00,Outcome of Board Meeting,"Magma Fincorp Limited has informed the Exchange regarding Outcome of Board Meeting of the Company held on February 09, 2017."
09-Feb-2017 17:47:11,Financial Result Updates,"Magma Fincorp Limited has submitted to the Exchange, the financial results for the period ended December 31, 2016."
08-Feb-2017 18:27:00,Allotment of ESOP/ESPS,Magma Fincorp Limited has informed the Exchange regarding allotment of  26000 Equity Shares under ESOP
31-Jan-2017 19:29:00,Analysts/Institutional Investor Meet/Con. Call Updates,Magma Fincorp Limited has informed the Exchange regarding Analysts/Institutional Investor Meet/Con. Call Updates
13-Jan-2017 16:29:00,Analysts/Institutional Investor Meet/Con. Call Updates,Magma Fincorp Limited has informed the Exchange regarding Analysts/Institutional Investor Meet/Con. Call Updates
12-Jan-2017 19:07:00,Trading Window,"Magma Fincorp Limited has informed the Exchange that the Trading Window under the Company s Code of Conduct For Prohibition of Insider Trading (A Code of Internal Procedure and Conduct to Regulate, Mo"
19-Dec-2016 15:12:00,Analysts/Institutional Investor Meet/Con. Call Updates,Magma Fincorp Limited has informed the Exchange regarding Analysts/Institutional Investor Meet/Con. Call Updates
15-Dec-2016 18:35:00,Analysts/Institutional Investor Meet/Con. Call Updates,Magma Fincorp Limited has informed the Exchange regarding Analysts/Institutional Investor Meet/Con. Call Updates
06-Dec-2016 16:57:00,Analysts/Institutional Investor Meet/Con. Call Updates,Magma Fincorp Limited has informed the Exchange regarding Analysts/Institutional Investor Meet/Con. Call Updates
02-Dec-2016 18:14:00,Analysts/Institutional Investor Meet/Con. Call Updates,Magma Fincorp Limited has informed the Exchange regarding Analysts/Institutional Investor Meet/Con. Call Updates
28-Nov-2016 16:41:00,Updates,"Magma Fincorp Limited has submitted to the Exchange a copy of Newspapers regarding intimation of transfer of shares to the Investor Education and Protection Fund (IEPF) Suspense Account, in terms of R"
28-Nov-2016 15:14:00,Analysts/Institutional Investor Meet/Con. Call Updates,Magma Fincorp Limited has informed the Exchange regarding Analysts/Institutional Investor Meet/Con. Call Updates
25-Nov-2016 17:33:00,Analysts/Institutional Investor Meet/Con. Call Updates,Magma Fincorp Limited has informed the Exchange regarding Analysts/Institutional Investor Meet/Con. Call Updates
22-Nov-2016 18:19:00,Analysts/Institutional Investor Meet/Con. Call Updates,Magma Fincorp Limited has informed the Exchange regarding Analysts/Institutional Investor Meet/Con. Call Updates
17-Nov-2016 17:53:00,Analysts/Institutional Investor Meet/Con. Call Updates,Magma Fincorp Limited has informed the Exchange regarding Analysts/Institutional Investor Meet/Con. Call Updates
15-Nov-2016 13:41:00,Analysts/Institutional Investor Meet/Con. Call Updates,Magma Fincorp Limited has informed the Exchange regarding Analysts/Institutional Investor Meet/Con. Call Updates
11-Nov-2016 17:23:00,Analysts/Institutional Investor Meet/Con. Call Updates,Magma Fincorp Limited has informed the Exchange regarding Analysts/Institutional Investor Meet/Con. Call Updates
03-Nov-2016 19:39:00,Results/Others,Magma Fincorp Limited has submitted the Exchange a copy of certificate received in compliance with reg 52(5) of the Listing regulations
03-Nov-2016 19:30:00,Investor Presentation,Magma Fincorp Limited has informed the Exchange regarding Investor Presentation
03-Nov-2016 18:24:00,Press Release,"Magma Fincorp Limited has informed the Exchange regarding a press release dated November 03, 2016, titled ""Press Release Q2FY17""."
03-Nov-2016 18:24:00,Outcome of Board Meeting,"Magma Fincorp Limited has informed the Exchange regarding the Outcome of Board Meeting of the Company held on November 03, 2016."
03-Nov-2016 18:15:40,Financial Result Updates,"Magma Fincorp Limited has submitted to the Exchange, the financial results for the period ended September 30, 2016."
27-Oct-2016 17:58:00,Analysts/Institutional Investor Meet/Con. Call Updates,"Magma Fincorp Limited has informed the Exchangeregarding Conference Call for Financial Results for the quarter and half year ended September 30, 2016."
26-Oct-2016 20:11:00,Trading Window,"Magma Fincorp Limited has informed the Exchange that the Trading Window under the Company s Code of Conduct For Prohibition of Insider Trading (A Code of Internal Procedure and Conduct to Regulate, Mo"
10-Oct-2016 08:20:00,Updates,Magma Fincorp Limited has informed the Exchange that the Company have received the attached letter from the promoters of the Company in the matter of a news item in a section of media.
01-Oct-2016 15:33:00,Analysts/Institutional Investor Meet/Con. Call Updates,Magma Fincorp Limited has informed the Exchange regarding Intimation of Branch visit by Analyst of the Company.
21-Sep-2016 16:26:00,"Regulation 44(3) of SEBI (LODR), Reg., 2015","Magma Fincorp Limited has submitted the Exchange a copy of the Voting Result of the Annual General Meeting of the company was held on September 19, 2016 along with Consolidated Scrutinizer's Report."
20-Sep-2016 16:47:00,Annual General Meeting Updates,"Magma Fincorp Limited has submitted to the Exchange a copy of the proceedings of the Annual General Meeting of the Company held on September 19, 2016."
19-Sep-2016 16:11:00,Annual General Meeting Updates,"Magma Fincorp Limited has informed the Exchange regarding the Outcome of the Annual General Meeting of the Members of the Company held on September 19, 2016."
15-Sep-2016 16:11:00,Analysts/Institutional Investor Meet/Con. Call Updates,"Magma Fincorp Limited has informed the Exchange that the Company are organizing a Nagpur branch visit for Investec Capital Services (India) Private Limited on September 19, 2016"
27-Aug-2016 19:00:00,Annual General Meeting Updates,"Magma Fincorp Limited has informed the Exchange regarding ""E-Voting Information"""
27-Aug-2016 18:58:00,Annual General Meeting Updates,"Magma Fincorp Limited has submitted the Exchange a Copy of Annual General Meeting to be held on September 19, 2016 along with Annual Report for the Financial ended March 31, 2016"
16-Aug-2016 08:29:00,Analysts/Institutional Investor Meet/Con. Call Updates,"Magma Fincorp Limited has submitted to the Exchange a Copy of presentation to be made to the Investors/Analysts on the Unaudited Financial Results of the Company for the quarter ended June 30, 2016."
16-Aug-2016 08:21:00,Press Release,"Magma Fincorp Limited has informed the Exchange regarding a press release dated August 15, 2016 with respect to the Unaudited Financial Results for the Quarter ended June 30, 2016."
16-Aug-2016 08:11:00,Outcome of Board Meeting,"Magma Fincorp Limited has informed the Exchange that Pursuant to Regulation 30 of the Securities and Exchange Board of India (Listing Obligations and Disclosure Requirements) Regulations, 2015, please"
13-Aug-2016 18:31:00,ESOPs/ESOS/ESPS,"Magma Fincorp Limited has informed the Exchange that the Nomination and Remuneration Committee of the Board of Directors of the Company which have been authorized in this regard has allotted 90,000 Eq"
13-Aug-2016 18:29:00,ESOPs/ESOS/ESPS,Magma Fincorp Limited has informed the Exchange regarding grant of options under Magma Employee Stock Option Plan 2007 (MESOP 2007).
13-Aug-2016 18:15:07,Financial Result Updates,"Magma Fincorp Limited has submitted to the Exchange the standalone & consolidated financial results along with the Limited Review Report for the period ended June 30, 2016."
08-Aug-2016 15:50:00,Analysts/Institutional Investor Meet/Con. Call Updates,"Magma Fincorp Limited has informed the Exchange regarding the Intimation of Conference Call for the Financial Results of the first quarter ended June 30, 2016."
05-Aug-2016 18:52:00,Meeting Updates,"Magma Fincorp Limited has informed the Exchange that the Trading Window under the Company s Code of Conduct For Prohibition of Insider Trading (A Code of Internal Procedure and Conduct to Regulate, Mo"
12-Jul-2016 08:49:00,Updates,"Magma Fincorp Limited has informed the Exchange that the Annual General Meeting (AGM) which was scheduled on August 04, 2016 has been rescheduled by the Board. The revised AGM date, time and venue wil"
28-Jun-2016 17:39:00,Analysts Meet,"Magma Fincorp Limited has informed the Exchange that the Company is Organising a Non Deal Corporate Road Show at Chennai on July 4, 2016."
28-Jun-2016 17:20:00,Analysts Meet,Magma Fincorp Limited has informed the Exchange the Schedule of Analyst Meet of the Company.
20-Jun-2016 17:51:00,Updates,"Magma Fincorp Limited has informed the Exchange that the Company is pleased to provide all itsmembers the facility to exercise their vote at the aforesaid AGM by electronic means, as an alternativeto "
20-Jun-2016 17:47:00,AGM/Book Closure,"Magma Fincorp Limited has informed the Exchange that the Register of Members and Share Transfer Books of the Company will remain closed from July 29, 2016 to August 4, 2016 (both days inclusive) for t"
20-Jun-2016 17:13:00,Analysts Meet,Magma Fincorp Limited has informed the Exchange regarding Analysts Meet.
30-May-2016 16:57:00,Analysts Meet,Magma Fincorp Limited has informed the Exchange regarding Schedule of Analyst meet.
26-May-2016 15:11:00,Analysts Meet,"Magma Fincorp Limited has informed the Exchange regarding the list of potential participants along with Schedule of Analyst meet for the Kotak's NBFC Conference to be held on May 27, 2016."
24-May-2016 18:16:00,Analysts Meet,"Magma Fincorp Limited has informed the Exchange that regarding the list of potential participants along with Schedule of Analyst meet for the ICICI Securities Conference to be held on May 25, 2016."
14-May-2016 17:00:00,Updates,Magma Fincorp Limited has informed the Exchange regarding Statement of disclosure of line items and Certificate from Debenture Trustee.
12-May-2016 19:04:00,Appointment of Director,"Magma Fincorp Limited has informed the Exchange that the Board of Directors at their meeting held on May 12, 2016, based on the recommendations of Nomination and Remuneration Committee of the Board of"
12-May-2016 18:55:00,Updates,Magma Fincorp Limited has informed the Exchange regarding Q4FY16 results update.
12-May-2016 17:59:00,ESOPs/ESOS/ESPS,"Magma Fincorp Limited has informed the Exchange that the Board of Directors and members of the Company at their meeting held on April 12, 2007 and June 5, 2007 had approved MESOP 2007. The in principl"
12-May-2016 17:59:00,Appointment of Auditors,"Magma Fincorp Limited has informed the Exchange that the Board of Directors at their meeting held on May 12, 2016, inter alia has approved the re-appointment of M/s. B S R & Co. LLP, Chartered Account"
12-May-2016 17:59:00,Appointment of Chairman,Magma Fincorp Limited has informed the Exchange that the Board of Directors at their meeting held today inter alia has approved the reappointment of Mr. Mayank Poddar as Executive Chairman of the Comp
12-May-2016 17:53:00,Press Release,"Magma Fincorp Limited has informed the Exchange regarding a press release dated May 12, 2016 titled ""PAT up 22% to Rs 66.0 crore, PBT up 45% to Rs 101.5 crore NIM up by 109 bps to 7.5%""."
12-May-2016 17:23:00,Outcome of Board Meeting,"Magma Fincorp Limited has informed the Exchange regarding the Outcome of Board Meeting of the Company held on May 12, 2016."
12-May-2016 17:21:11,Financial Result Updates,"Magma Fincorp Limited has submitted to the Exchange the standalone & consolidated financial results for the period ended March 31, 2016."
12-May-2016 17:20:00,Dividend,"Magma Fincorp Limited has informed the Exchange that The Board of Directors of the Company have proposed, subject to the approval of the Shareholders at the Annual General Meeting dividend as under: 1"
12-May-2016 17:12:28,Financial Result Updates,Magma Fincorp Limited has submitted to the Exchange the standalone and consolidated financial results along with the Auditors Report for the period ended 31-Mar-2016.
06-May-2016 19:36:00,Resignation of Director,"Magma Fincorp Limited has informed the Exchange that Mr. Neil Graeme Brown, Non-Executive Independent Director of the Company has relinquished his office as a Director from the Board of Directors of t"
04-May-2016 18:27:00,Analysts Meet,"Magma Fincorp Limited has informed the Exchange regarding the intimation of Conference Call for Financial Results of the fourth quarter ended March 31, 2016."
02-May-2016 18:19:00,Trading Window,"Magma Fincorp Limited has informed the Exchange that the Trading Window under the Company's ""Code of Conduct for Prohibition of Insider Trading (A Code of Internal Procedure and Conduct to Regulate, M"
26-Apr-2016 18:16:00,ESOPs/ESOS/ESPS,"Magma Fincorp Limited has informed the Exchange that the Nomination and Remuneration Committee of the Board of Directors of the Company which have been authorized in this regard has allotted 15,000 Eq"
06-Apr-2016 15:53:00,Disc. under Reg.30 of SEBI (SAST) Reg.2011,"Shaili Poddar has submitted to the Exchange vide letter dated April 01, 2016  a copy of disclosure under Regulation 30(2) of SEBI (Substantial Acquisition of Shares & Takeovers) Regulations, 2011."
06-Apr-2016 15:50:00,Disc. under Reg.30 of SEBI (SAST) Reg.2011,"Microfirm Capital Private Limited has submitted to the Exchange vide letter dated April 01, 2016  a copy of disclosure under Regulation 30(2) of SEBI (Substantial Acquisition of Shares & Takeovers) Re"
06-Apr-2016 15:48:00,Disc. under Reg.30 of SEBI (SAST) Reg.2011,"Mansi Poddar has submitted to the Exchange vide letter dated April 01, 2016  a copy of disclosure under Regulation 30(2) of SEBI (Substantial Acquisition of Shares & Takeovers) Regulations, 2011."
06-Apr-2016 15:45:00,Disc. under Reg.30 of SEBI (SAST) Reg.2011,"Kalpana Poddar has submitted to the Exchange vide letter dated April 01, 2016  a copy of disclosure under Regulation 30(2) of SEBI (Substantial Acquisition of Shares & Takeovers) Regulations, 2011."
06-Apr-2016 15:41:00,Disc. under Reg.30 of SEBI (SAST) Reg.2011,"Celica Developers Private Limited has submitted to the Exchange vide letter dated April 1, 2016  a copy of disclosure under Regulation 30(2) of SEBI (Substantial Acquisition of Shares & Takeovers) Reg"
06-Apr-2016 14:24:00,Disc. under Reg.30 of SEBI (SAST) Reg.2011,"Ashita Poddar has submitted to the Exchange vide letter dated April 1, 2016 a copy of disclosure under Regulation 30(2) of SEBI (Substantial Acquisition of Shares & Takeovers) Regulations, 2011."
04-Apr-2016 19:34:00,Analysts Meet,"Magma Fincorp Limited has informed the Exchange regarding the list of potential participants along with Schedule of Analyst meet to be held on April 05, 2016 and April 06, 2016."
31-Mar-2016 19:32:00,"Regulation 44(3) of SEBI (LODR), Reg., 2015","Magma Fincorp Limited has submitted ot the Exchange a copy of the result of the Postal Ballot which was announced today on March 31, 2016 at the Registered Office of the Company w.r.t the matters as s"
31-Mar-2016 19:30:00,Postal Ballot Updates,Magma Fincorp Limited has informed the Exchange regarding Disclosure of Voting Result of Postal Ballot in terms of Regulations 30 and 44 of SEBI( Listing Obligations and Disclosure Requirements) Regul
22-Mar-2016 16:00:00,Analysts Meet,"Magma Fincorp Limited has informed the Exchange that regarding the Schedule of Analyst meet to be held on March 23, 2016 ."
21-Mar-2016 14:25:00,Analysts Meet,"Magma Fincorp Limited has informed the Exchange regarding Schedule of Analyst meet to be held on March 21, 2016."
29-Feb-2016 17:31:00,Postal Ballot Updates,"Magma Fincorp Limited has submitted to the Exchange a copy of the Postal Ballot Notice, Pursuant to Section 110 of the Companies Act, 2013."
25-Feb-2016 16:03:00,Postal Ballot Updates,"Magma Fincorp Limited has informed the Exchange that the Management Committee of the Board of Directors of the Company (which has been authorized in this regard) at its meeting held on February 25, 20"
15-Feb-2016 10:56:00,Analysts Meet,"Magma Fincorp Limited has informed the Exchange regarding ""Analyst Meet of the Company""."
13-Feb-2016 12:47:00,Updates,Magma Fincorp Limited has informed the Exchange regarding Intimation of Analyst Meet of the Company.
10-Feb-2016 15:46:00,Analysts Meet,"Magma Fincorp Limited has informed the Exchange vide letter dated February 09, 2016""Analyst Meet of the Company""."
10-Feb-2016 08:43:00,Analysts Meet,"Magma Fincorp Limited has informed the Exchange regarding ""Investors/Analytst' Presentation."
09-Feb-2016 16:54:00,Press Release,"Magma Fincorp Limited has informed the Exchange regarding the press release dated February 09, 2016 titled ""Magma Fincorp Ltd- Q3 FY16 highlights""."
09-Feb-2016 16:09:00,Updates,"Magma Fincorp Limited has informed the Exchange that Pursuant to the approval granted by the Shareholders of the Company at the Extra Ordinary General meeting held on April 28, 2015 and in terms of th"
09-Feb-2016 16:08:00,Reappointment,"Magma Fincorp Limited has informed the Exchange that the Board of Directors at their meeting held February 09, 2016 inter alia has approved the reappointment of Mr. Sanjay Chamria as Vice Chairman and"
09-Feb-2016 15:53:00,Outcome of Board Meeting,"Magma Fincorp Limited has informed the Exchange regarding the Outcome of Board Meeting of the Company held on February 9, 2016."
09-Feb-2016 15:38:51,Financial Result Updates,"Magma Fincorp Limited has submitted to the Exchange the standalone & consolidated financial results along with the Limited Review Report for the period ended December 31, 2015."
08-Feb-2016 15:20:00,ESOPs/ESOS/ESPS,"Magma Fincorp Limited has informed the Exchange that the Nomination and Remuneration Committee of the Board of Directors of the Company which have been authorized in this regard has allotted 47,500 Eq"
03-Feb-2016 18:54:00,Updates,"Magma Fincorp Limited has informed the Exchange that the Board of Directors of the Company vide resolution by circulation on or after February 17, 2016 shall consider early redemption of 2250 Nos. of "
02-Feb-2016 18:04:00,Analysts Meet,"Magma Fincorp Limited has informed the Exchange vide letter dated February 02, 2016 regarding ""Conference Call for Financial Results of the Third Quarter ended December 31, 2015""."
30-Jan-2016 17:03:00,Trading Window,"Magma Fincorp Limited has informed the Exchange that the Trading Window under the Company's Code of Conduct For Prohibition of Insider Trading (A Code of Internal Procedure and Conduct to Regulate, Mo"
23-Dec-2015 19:21:00,Analysts Meet,Magma Fincorp Limited has informed the Exchange regarding list of participants along with Schedule of Analyst meet and the weblink to the presentations made by the Company to the analyst.
26-Nov-2015 13:47:00,Updates,Magma Fincorp Limited has informed the Exchange regarding the Policy on determination of Materiality of events or information pursuant to Regulation 30 of the SEBI (Listing Obligation and Disclosure R
04-Nov-2015 18:50:33,Financial Result Updates,Magma Fincorp Limited has submitted to the exchange the standalone & consolidated financial results along with the Limited Review Report for the period ended 30-Sep-2015.
04-Nov-2015 15:59:00,Press Release,"Magma Fincorp Limited has informed the Exchange regarding a press release dated November 04, 2015 titled ""Magma registers 52% increase in operating profits at Rs. 73 crs Revenue up 7%, NIM up 96 bps""."
26-Oct-2015 09:03:00,Trading Window,"Magma Fincorp Limited has informed the Exchange that the Trading Window under the Company's Code of Conduct For Prohibition of Insider Trading (A Code of Internal Procedure and Conduct to Regulate, Mo"
01-Oct-2015 19:07:00,Postal Ballot Updates,"Magma Fincorp Limited has informed the Exchange regarding the result of the postal ballot voting process, a copy of the Scrutinizer s Report alongwith certified copy of Minutes of the proceedings."
01-Oct-2015 18:32:00,Disclosure of Voting Pattern - Clause 35A,Magma Fincorp Limited has informed the Exchange regarding details of postal ballot results.
21-Sep-2015 08:21:00,Updates,"Magma Fincorp Limited has informed the Exchange that the Board of Directors of the Company vide resolution by circulation passed on September 19, 2015 had approved Early Redemption of 1000 Nos. Secure"
01-Sep-2015 18:21:00,Postal Ballot Updates,"Magma Fincorp Limited has submitted to the Exchange a copy of the newspaper cuttings published in the newspaper on September 1, 2015 in connection with the completion of dispatch of Postal Ballot Noti"
31-Aug-2015 17:45:00,Postal Ballot Updates,"Magma Fincorp Limited has submitted to the a copy of the Postal Ballot Notice dated August 21, 2015 along with Postal Ballot Form under Section 110 of the Companies Act, 2013 read with Rule 22 of Comp"
31-Aug-2015 09:55:00,Annual General Meeting Updates,"Magma Fincorp Limited has submitted to the Exchange a copy of minutes of the Annual General Meeting of the Company held on August 01, 2015."
24-Aug-2015 09:33:00,Outcome of Board Meeting,"Magma Fincorp Limited has informed the Exchange that the Management Committee of the Board of Directors of the Company (which has been authorized in this regard) at its meeting held on August 21, 2015"
04-Aug-2015 08:51:00,Disclosure of Voting Pattern - Clause 35A,Magma Fincorp Limited has informed the Exchange regarding details of the voting results pursuant to Clause 35A of the Listing Agreement.
04-Aug-2015 08:49:00,Disclosure of Voting Pattern - Clause 35A,"Magma Fincorp Limited has informed the Exchange regarding Results of Annual General Meeting of the Members of the Company held on August 01, 2015 pursuant to Clause 35A of the Listing Agreement along "
01-Aug-2015 17:59:00,Press Release,"Magma Fincorp Limited has informed the Exchange regarding a Press Release dated August 01, 2015 titled ''Magma Fincorp Ltd- Q1 FY 16 Highlights''"
01-Aug-2015 16:50:00,Annual General Meeting Updates,"Magma Fincorp Limited has informed the Exchange about the Outcome of the Annual General Meeting held on August 01, 2015."
01-Aug-2015 13:59:00,Appointment of Company Secretary/Compliance Officer,"Magma Fincorp Limited has informed the Exchange that the Board of Directors of the Company at their meeting held on August 01, 2015 has taken on record the relinquishment of the office of Company Secr"
01-Aug-2015 13:09:47,Financial Result Updates,Magma Fincorp Limited has submitted to the exchange the standalone & consolidated financial results along with the Limited Review Report for the period ended 30-Jun-2015.
31-Jul-2015 17:48:00,Allotment of Securities,"Magma Fincorp Limited has informed the Exchange that the Nomination and Remuneration Committee of the Board of Directors of the Company which has been authorised in this regard has allotted 29,000 Equ"
23-Jul-2015 20:12:00,Trading Window,"Magma Fincorp Limited has informed the Exchange that the Trading Window under the Company's Code of Conduct For Prohibition of Insider Trading (A Code of Internal Procedure and Conduct to Regulate, Mo"
08-Jul-2015 18:49:00,Annual General Meeting Updates,"Magma Fincorp Limited has submitted to the Exchange a copy of Newspaper advertisement w.r.t. Notice of Annual General Meeting of the Company to be held on August 01, 2015."
02-Jul-2015 10:41:00,Disclosure of Voting Pattern - Clause 35A,Magma Fincorp Limited has submitted to the Exchange a disclosure of voting result of Postal Ballot pursuant to clause 35A of the Listing Agreement. The Postal Ballot results are also being hosted on t
30-Jun-2015 08:46:00,Postal Ballot Updates,Magma Fincorp Limited has informed the Exchange regarding the result of Postal Ballot Voting Process along with Scrutinizer's Report also submitted a certified true copy of minutes of proceedings.
15-Jun-2015 13:16:00,AGM/Book Closure,"Magma Fincorp Limited has informed the Exchange that the Register of Members and Share Transfer Books of the Company shall remain closed from July 27, 2015 to August 1, 2015 (both days inclusive) for "
12-Jun-2015 19:08:00,Annual General Meeting Updates,"Magma Fincorp Limited has informed the Exchange that the Company is pleased to provide all its members the facility to exercise their vote at the aforesaid AGM by electronic means, as an alternative t"
29-May-2015 19:51:00,Disclosure under SEBI Takeover Regulations,"Sahjahan Ally Nauthoo has submitted to the Exchange vide letter dated May 29, 2015 a copy of disclosure under Regulation 29(2) of SEBI (Substantial Acquisition of Shares & Takeovers) Regulations, 2011"
29-May-2015 17:51:00,Disclosure under SEBI Takeover Regulations,"Indium V (Mauritius) Holdings Limited has submitted to the Exchange vide letter dated May 29, 2015 a copy of disclosure under Regulation 29(1) of SEBI (Substantial Acquisition of Shares & Takeovers) R"
29-May-2015 15:42:00,Postal Ballot Updates,"Magma Fincorp Limited has submitted to the Exchange copy of the Postal Ballot Notice dated  May 21, 2015 along with Postal Ballot Form under Section 110 of the Companies Act, 2013 read with Rule 22 of"
27-May-2015 19:17:00,Extraordinary General Meeting Updates,"Magma Fincorp Limited has submitted to the Exchange a copy of the minutes of the Extraordinary General Meeting of the Shareholders of the Company held on April 28, 2015."
22-May-2015 17:44:00,Credit Rating,Magma Fincorp Limited has informed the Exchange that Company ratings for the Long Term Secured Bonds and Bank Facilities have been revised by CARE AA to CARE AA-. The ratings for Long Term Preference 
22-May-2015 09:12:00,Disclosure under SEBI Takeover Regulations,"International Finance Corporation FDI AC has submitted to the Exchange vide letter dated May 21, 2015 a copy of disclosure under Regulation 29(2) of SEBI (Substantial Acquisition of Shares & Takeovers"
21-May-2015 17:49:00,Postal Ballot Updates,"Magma Fincorp Limited has informed the Exchange that the Management Committee of the Board of Directors of the Company (which has been authorized in this regard) at its meeting held on May 21, 2015 ha"
14-May-2015 20:10:00,"Code of Conduct under SEBI(PIT) Reg., 2015","Magma Fincorp Limited has informed the Exchange that as per Para 2 (ii) of SEBI Circular dated May 11, 2015, the Board at its meeting held on May 08, 2015 had approved the Code of Conduct for Prohibit"
12-May-2015 09:57:00,Disclosure under SEBI Takeover Regulations,"Zend Mauritius VC Investments, Ltd. has submitted to the Exchange vide letter dated May 11, 2015 a copy of disclosure under Regulation 29(2) of SEBI (Substantial Acquisition of Shares & Takeovers) Reg"
11-May-2015 10:08:00,Disclosure under SEBI Takeover Regulations,"Jean Claude Permal has submitted to the Exchange vide letter dated May 8, 2015 a copy of disclosure under Regulation 29(1) of SEBI (Substantial Acquisition of Shares & Takeovers) Regulations, 2011. "
09-May-2015 17:57:00,Others,"Magma Fincorp Limited has informed the Exchange that the Board at its meeting held on 8th May, 2015 had approved the Code of Practices and Procedures for Fair Disclosures of Unpublished Price Sensitiv"
08-May-2015 19:34:00,Press Release,"Magma Fincorp Limited has informed the Exchange regarding a press release dated May 08, 2015 titled ""Magma Fincorp Q4 FY 15""."
08-May-2015 15:37:00,Annual General Meeting Updates,"Magma Fincorp Limited has informed the Exchange that the Annual General Meeting of the Members of the Company will be held on August 1, 2015."
08-May-2015 15:13:00,Date of payment of dividend,"Magma Fincorp Limited has informed the Exchange that the dividend to be declared at the Annual General Meeting of the Company to be held on August 1, 2015, shall be paid/dispatched on or before August"
08-May-2015 14:43:02,Financial Result Updates,Magma Fincorp Limited has submitted to the exchange the standalone & consolidated financial results along with the Auditors Report for the period ended 31-Mar-2015.
08-May-2015 14:35:00,Dividend,"Magma Fincorp Limited has informed the Exchange that the Board of Directors of the Company at their Meeting held May 8, 2015 proposed, subject to the approval of the Shareholders at the Annual General"
08-May-2015 11:54:00,Outcome of Board Meeting,"Magma Fincorp Limited has informed the Exchange that the Board of Directors at their meeting held May 08, 2015 have approved allotment of4,62,96,297 equity shares of face value of Rs. 2/- each (the Eq"
07-May-2015 20:40:00,ESOPs/ESOS/ESPS,"Magma Fincorp Limited has informed the Exchange that the Nomination and Remuneration Committee of the Board of Directors of the Company at their meeting held on May 7, 2015 have approved grant of 250,"
30-Apr-2015 21:03:00,Disclosure of Voting Pattern - Clause 35A,Magma Fincorp Limited has informed the Exchange regarding Voting Results pursuant to Clause 35A of the Listing Agreement.
28-Apr-2015 19:49:00,Extraordinary General Meeting Updates,"Magma Fincorp Limited has informed the Exchange that the Extraordinary General Meeting of the Members of the Company held on April 28, 2015. The Members transacted the following business as provided b"
24-Apr-2015 20:59:00,ESOPs/ESOS/ESPS,"Magma Fincorp Limited has informed the Exchange that the Nomination and Remuneration Committee of the Board of Directors of the Company which has been authorised in this regard has allotted 30,000 Equ"
21-Apr-2015 20:10:00,Extraordinary General Meeting Updates,"Magma Fincorp Limited has submitted to the Exchange a copy of notice of the Corrigendum to Extra Ordinary General Meeting to be held on April 28, 2015."
11-Apr-2015 17:56:00,Trading Window,"Pursuant to the provisions of Clause 36 of the Listing Agreement with the Stock Exchanges and in view of the declaration of the Audited Financial Results and recommendation of Dividend, if any, for th"
10-Apr-2015 09:16:00,Disc. under Reg.30 of SEBI (SAST) Reg.2011,"Celica Developers Private Limited has submitted to the Exchange vide letter dated April 06, 2015 a copy of disclosure under Regulation 30(2) of SEBI (Substantial Acquisition of Shares & Takeovers) Reg"
10-Apr-2015 09:14:00,Disc. under Reg.30 of SEBI (SAST) Reg.2011,"Shaili Poddar has submitted to the Exchange vide letter dated April 06, 2015 a copy of disclosure under Regulation 30(2) of SEBI (Substantial Acquisition of Shares & Takeovers) Regulations, 2011."
10-Apr-2015 09:10:00,Disc. under Reg.30 of SEBI (SAST) Reg.2011,"Microfirm Capital Private Limited has submitted to the Exchange vide letter dated April 06, 2015 a copy of disclosure under Regulation 30(2) of SEBI (Substantial Acquisition of Shares & Takeovers) Reg"
10-Apr-2015 09:09:00,Disc. under Reg.30 of SEBI (SAST) Reg.2011,"Mansi Poddar has submitted to the Exchange vide letter dated April 06, 2015 a copy of disclosure under Regulation 30(2) of SEBI (Substantial Acquisition of Shares & Takeovers) Regulations, 2011."
10-Apr-2015 09:08:00,Disc. under Reg.30 of SEBI (SAST) Reg.2011,"Kalpana Poddar has submitted to the Exchange vide letter dated April 06, 2015 a copy of disclosure under Regulation 30(2) of SEBI (Substantial Acquisition of Shares & Takeovers) Regulations, 2011."
10-Apr-2015 09:06:00,Disc. under Reg.30 of SEBI (SAST) Reg.2011,"Ashita Poddar has submitted to the Exchange vide letter dated April 06, 2015 a copy of disclosure under Regulation 30(2) of SEBI (Substantial Acquisition of Shares & Takeovers) Regulations, 2011."
06-Apr-2015 20:31:00,Extraordinary General Meeting Updates,"Magma Fincorp Limited has submitted to the Exchange a copy of Notice of the Extra Ordinary General Meeting scheduled to be held on April 28, 2015. "
04-Apr-2015 17:38:00,Disclosure of Voting Pattern - Clause 35A,Magma Fincorp Limited has informed the Exchange regarding Disclosure of Voting Results of Postal Ballot pursuant to Clause 35A of the Listing Agreement.
01-Apr-2015 19:34:00,Postal Ballot Updates,Magma Fincorp Limited has informed the Exchange regarding the result of Postal Ballot Voting Process.
30-Mar-2015 19:10:00,Extraordinary General Meeting Updates,"Magma Fincorp Limited has informed the Exchange that the Management Committee of the Board of Directors of the Company (which has been authorized in this regard) at its meeting held on March 30, 2015 "
30-Mar-2015 12:23:00,Meeting Updates,"Magma Fincorp Limited has informed the Exchange that ""This is in continuation of our outcome of Board meeting given earlier today vide which we had intimated Issuance of Equity Shares on preferential "
30-Mar-2015 11:45:00,Press Release,"Magma Fincorp Limited has informed the Exchange regarding a press release dated March 30, 2015 titled ""KKR, Indium and LeapFrog to invest in Mangma Fincorp"". "
30-Mar-2015 09:45:00,Outcome of Board Meeting,"Magma Fincorp Limited has informed the Exchange regarding the Outcome of Board Meeting of the Company held on March 30, 2015."
30-Mar-2015 09:38:00,Trading Window,"Magma Fincorp Limited has informed the Exchange that the Trading Window under the Company's ""Code of Conduct for Prevention of lnsider Trading"" shall remain closed for dealing in shares of the Company"
13-Mar-2015 17:28:00,Updates,"Magma Fincorp Limited has informed the Exchange that the Board of Directors of the Company at their meeting held on March 13, 2015 have taken on record the stepping down of Mr. V Lakshmi Narasimhan as"
13-Mar-2015 16:55:00,Press Release,"Magma Fincorp Limited has informed the Exchange, vide letter dated March 13, 2015 regarding a press release titled ""Atul Bansal is the new CFO of Magma Fincorp""."
28-Feb-2015 13:30:00,Postal Ballot Updates,"Magma Fincorp Limited has submitted to the Exchange a copy of Notice of Postal ballot pursuant to Section 110 of the Companies Act, 2013."
27-Feb-2015 19:01:00,Postal Ballot Updates,"Magma Fincorp Limited has informed the Exchange that the Management Committee of the Board of Directors of the Company at its meeting held on February 27, 2015 has decided to seek approval of Members "
27-Feb-2015 18:45:00,Outcome of Board Meeting,"Magma Fincorp Limited has informed the Exchange that the Board of Directors at their meeting held on February 27, 2015 has authorized to issue and allot preference shares of the face value of Rs. 100/"
10-Feb-2015 19:21:00,News Clarification,"The Exchange had sought clarification from Magma Fincorp Limited with respect to a news item captioned ""Magma Fincorp exits gold loan business"". The Company has clarified that ""The Board of Directors "
09-Feb-2015 11:58:00,News Clarification,"The Exchange has sought clarification from Magma Fincorp Limited with respect to recent news item captioned ""Magma Fincorp exits gold loan business"". In this regard, Exchange have advised the Company "
04-Feb-2015 18:31:00,ESOPs/ESOS/ESPS,"Magma Fincorp Limited has informed the Exchange that the Nomination and Remuneration Committee of Board of Directors of the Company which has been authorised in this regard, at their meeting held on F"
04-Feb-2015 17:23:00,Press Release,"Magma Fincorp Limited has informed the Exchange regarding Press Release on the Performance of the Company for the quarter ended December 31, 2014. "
04-Feb-2015 15:47:02,Financial Result Updates,Magma Fincorp Limited has submitted to the exchange the standalone & consolidated financial results along with the Limited Review Report for the period ended 31-Dec-2014.
03-Feb-2015 18:41:00,ESOPs/ESOS/ESPS,"Magma Fincorp Limited has informed the Exchange that the Nomination and Remuneration Committee of the Board of Directors of the Company which has been authorised in this regard has allotted 6,000 Equi"
03-Feb-2015 18:27:00,ESOPs/ESOS/ESPS,"Magma Fincorp Limited has informed the Exchange that the Nomination and Remuneration Committee of the Board of Directors of the Company which has been authorised in this regard, at its meeting held on"
12-Jan-2015 12:12:00,Trading Window,Magma Fincorp Limited has informed the Exchange that pursuant to the provisions of Clause 36 of the Listing Agreement with the Stock Exchanges and in view of the declaration of the Unaudited Financial
