date,desc,text
10-Jul-2026 19:31:48,General Updates,"Tata Steel Limited has informed the Exchange about disclosure under Regulations 30 and 51 of the SEBI (Listing Obligations and Disclosure Requirements) Regulations, 2015"
08-Jul-2026 19:42:55,Press Release,"Tata Steel Limited has informed the Exchange regarding a press release dated July 08, 2026, titled ""Tata Steel: 1QFY2027 Production and Delivery Volumes (Provisional)""."
07-Jul-2026 17:10:36,"Certificate under SEBI (Depositories and Participants) Regulations, 2018","Tata Steel Limited has informed the Exchange about Certificate under Regulation 74(5) of the SEBI (Depositories and Participants) Regulations, 2018 for the quarter ended June 30, 2026"
02-Jul-2026 20:28:07,Updates,"Tata Steel Limited has informed the Exchange regarding 'Proceedings of Annual General Meeting held on July 02, 2026. Further, the Company has submitted the Exchange a copy of Srutinizer's report along"
02-Jul-2026 20:23:25,Shareholders meeting,"Tata Steel Limited has informed the Exchange regarding Proceedings of Annual General Meeting held on July 02, 2026. Further, the company has submitted the Exchange a copy of Srutinizers report along w"
02-Jul-2026 10:09:53,Investor Presentation,Tata Steel Limited has informed the Exchange about Investor Presentation
26-Jun-2026 21:11:57,Pendency of Litigation(s)/dispute(s) or the outcome impacting the Company,Tata Steel Limited has informed the Exchange about Pendency of Litigation(s)/dispute(s) or the outcome impacting the Company
24-Jun-2026 21:00:58,Acquisition,Tata Steel Limited has informed the Exchange about acquisition of equity stake in T Steel Holdings Pte. Ltd
23-Jun-2026 18:15:37,Trading Window,"Tata Steel Limited has informed the Exchange regarding the Trading Window closure pursuant to SEBI (Prohibition of Insider Trading) Regulations, 2015"
22-Jun-2026 19:00:20,Analysts/Institutional Investor Meet/Con. Call Updates,Tata Steel Limited has informed the Exchange about Schedule of meet
18-Jun-2026 22:06:01,Analysts/Institutional Investor Meet/Con. Call Updates,Tata Steel Limited has informed the Exchange about Schedule of meet
18-Jun-2026 21:57:22,Analysts/Institutional Investor Meet/Con. Call Updates,Tata Steel Limited has informed the Exchange about Schedule of meet
16-Jun-2026 18:43:46,Copy of Newspaper Publication,Tata Steel Limited has informed the Exchange about Copy of Newspaper Publication
09-Jun-2026 18:39:33,Copy of Newspaper Publication,Tata Steel Limited has informed the Exchange about Copy of Newspaper Publication
08-Jun-2026 15:34:18,General Updates,Tata Steel Limited has informed the Exchange about Intimation to the holders of physical shares to furnish KYC details.
05-Jun-2026 17:30:46,News Verification,The Exchange has sought clarification from Tata Steel Limited with respect to recent news item captioned Fire causes substantial damage at Tata Steel UKs plant in Wales.  The response from the Company
05-Jun-2026 15:19:49,News Verification,The Exchange has sought clarification from Tata Steel Limited with respect to recent news item captioned Fire causes substantial damage at Tata Steel UKs plant in Wales.  The response from the Company
04-Jun-2026 10:28:24,General Updates,Tata Steel Limited has informed the Exchange about physical letter to shareholders and debenture holders of Tata Steel Limited
03-Jun-2026 20:03:09,General Updates,Business Responsibility and Sustainability Report for FY 2025-26
03-Jun-2026 19:58:28,Shareholders meeting,"Tata Steel Limited has informed the Exchange regarding Notice of Annual General Meeting to be held on July 02, 2026"
03-Jun-2026 15:23:58,Analysts/Institutional Investor Meet/Con. Call Updates,Tata Steel Limited has informed the Exchange about Schedule of meet
01-Jun-2026 21:55:34,Updates,"Tata Steel Limited has informed the Exchange regarding 'Intimation in terms of SEBI Circular No. SEBI/HO/MIRSD/DOS3/CIR/P/2018/139 dated November 6, 2018 and SEBI Circular no. SEBI/HO/MIRSD/MIRSD-PoD/"
29-May-2026 18:56:39,Credit Rating,Tata Steel Limited has informed the Exchange about Credit Rating
28-May-2026 16:28:42,Copy of Newspaper Publication,Tata Steel Limited has informed the Exchange about Copy of Newspaper Publication
27-May-2026 21:41:12,Analysts/Institutional Investor Meet/Con. Call Updates,Tata Steel Limited has informed the Exchange about Schedule of meet
27-May-2026 21:36:40,Analysts/Institutional Investor Meet/Con. Call Updates,Tata Steel Limited has informed the Exchange about Schedule of meet
27-May-2026 21:31:35,Analysts/Institutional Investor Meet/Con. Call Updates,Tata Steel Limited has informed the Exchange about Schedule of meet
27-May-2026 18:28:28,Copy of Newspaper Publication,Tata Steel Limited has informed the Exchange about Copy of Newspaper Publication
26-May-2026 17:42:10,Analysts/Institutional Investor Meet/Con. Call Updates,Tata Steel Limited has informed the Exchange about Schedule of meet
22-May-2026 20:54:18,General Updates,Tata Steel Limited has informed the exchange regarding Communication to Shareholders - Intimation on Tax Deduction on Dividend
22-May-2026 19:25:47,Analysts/Institutional Investor Meet/Con. Call Updates,Tata Steel Limited has informed the Exchange about Schedule of meet
21-May-2026 20:27:24,Copy of Newspaper Publication,Tata Steel Limited has informed the Exchange about Copy of Newspaper Publication
21-May-2026 16:33:53,Pendency of Litigation(s)/dispute(s) or the outcome impacting the Company,Tata Steel Limited has informed the Exchange about Pendency of Litigation(s)/dispute(s) or the outcome impacting the Company
20-May-2026 21:28:47,Analysts/Institutional Investor Meet/Con. Call Updates,Tata Steel Limited has informed the Exchange about transcript of  Tata Steel 4QFY2026 and FY2026 Earnings Discussion
20-May-2026 19:29:24,Copy of Newspaper Publication,"Tata Steel Limited has informed the Exchange about advertisement published in newspapers in compliance with the Investor Education and Protection Fund Authority (Accounting, Audit, Transfer and Refund"
17-May-2026 15:11:47,Copy of Newspaper Publication,Tata Steel Limited has informed the Exchange about Copy of Newspaper Publication
17-May-2026 12:59:36,Analysts/Institutional Investor Meet/Con. Call Updates,Tata Steel Limited has informed the Exchange about audio-video recording of  Tata Steel 4QFY2026 Earnings Discussion and FY2026 Earnings Discussion
15-May-2026 18:15:57,Updates,Tata Steel Limited has informed the Exchange regarding 'Outcome of Board Meeting'.
15-May-2026 18:11:13,Acquisition,Tata Steel Limited has informed the Exchange about acquisition of equity stake in TM International Logistics Limited
15-May-2026 18:05:46,Record Date,Tata Steel Limited has informed the Exchange that Record date for the purpose of Dividend is 12-Jun-2026.
15-May-2026 17:55:21,Dividend,"Tata Steel Limited has informed the Exchange that Board of Directors at its meeting held on May 15, 2026, recommended Final Dividend of Rs. 4 per equity share."
15-May-2026 17:50:53,Investor Presentation,Tata Steel Limited has informed the Exchange about Investor Presentation
15-May-2026 17:48:36,Press Release,"Tata Steel Limited has informed the Exchange regarding a press release dated May 15, 2026, titled ""Submission of Press Release titled - Tata Steel reports Consolidated EBITDA of Rs 34,848 crores and P"
15-May-2026 17:44:51,Outcome of Board Meeting,"Tata Steel Limited has submitted to the Exchange, the financial results for the period ended March 31, 2026."
15-May-2026 16:56:28,Copy of Newspaper Publication,"Tata Steel Limited has informed the Exchange about advertisement published in newspapers in compliance with the Investor Education and Protection Fund Authority (Accounting, Audit, Transfer and Refund"
12-May-2026 22:14:26,Analysts/Institutional Investor Meet/Con. Call Updates,Tata Steel Limited has informed the Exchange about Schedule of Analyst / Institutional Investor Meeting under the Securities and Exchange Board of India (Listing Obligations and Disclosure Requirement
28-Apr-2026 09:13:35,Pendency of Litigation(s)/dispute(s) or the outcome impacting the Company,Tata Steel Limited has informed the Exchange about Pendency of Litigation(s)/dispute(s) or the outcome impacting the Company
24-Apr-2026 22:14:05,Pendency of Litigation(s)/dispute(s) or the outcome impacting the Company,"Tata Steel Limited has informed the Exchange about disclosure under Regulation 30 of the Securities and Exchange Board of India (Listing Obligations and Disclosure Requirements) Regulations, 2015"
21-Apr-2026 19:59:50,Acquisition,Tata Steel Limited has informed the Exchange about acquisition of 26% equity stake in TP Adarsh Limited
21-Apr-2026 12:04:41,Press Release,"Tata Steel Limited has informed the Exchange regarding a press release dated April 21, 2026, titled ""Tata Steel Partners SMS Group to Deploy World-First EASyMelt Decarbonisation Technology""."
15-Apr-2026 17:16:08,Copy of Newspaper Publication,Tata Steel Limited has informed the Exchange about Copy of Newspaper Publication
09-Apr-2026 18:42:58,Acquisition,Tata Steel Limited has informed the Exchange about acquisition of equity stake in Tata Steel Colors Private Limited (Formerly Tata BlueScope Steel Private Limited)
08-Apr-2026 17:59:24,"Certificate under SEBI (Depositories and Participants) Regulations, 2018","Tata Steel Limited has informed the Exchange about Certificate under SEBI (Depositories and Participants) Regulations, 2018"
07-Apr-2026 13:12:16,Press Release,"Tata Steel Limited has informed the Exchange regarding a press release dated April 07, 2026, titled ""Tata Steel: 4QFY2026 and FY2026 Production and Delivery Volumes (Provisional)""."
04-Apr-2026 13:19:10,Pendency of Litigation(s)/dispute(s) or the outcome impacting the Company,Tata Steel Limited has informed the Exchange about Pendency of Litigation(s)/dispute(s) or the outcome impacting the Company
01-Apr-2026 14:30:24,Change in Management,Tata Steel Limited has informed the Exchange about change(s) in Senior Management Personnel
30-Mar-2026 21:25:27,Acquisition,Tata Steel Limited has informed the Exchange about acquisition of entire stake in Medica TS Hospital Private Limited
28-Mar-2026 12:26:48,Pendency of Litigation(s)/dispute(s) or the outcome impacting the Company,"Tata Steel Limited has informed the Exchange about disclosure under Regulation 30 read with Regulation 51 of the SEBI (Listing Obligations and Disclosure Requirements) Regulations, 2015"
25-Mar-2026 19:40:25,Pendency of Litigation(s)/dispute(s) or the outcome impacting the Company,Tata Steel Limited has informed the Exchange about Pendency of Litigation(s)/dispute(s) or the outcome impacting the Company
25-Mar-2026 16:21:13,Copy of Newspaper Publication,Tata Steel Limited has informed the Exchange about Copy of Newspaper Publication
24-Mar-2026 19:00:34,Trading Window,"Tata Steel Limited has informed the Exchange regarding the Trading Window closure pursuant to SEBI (Prohibition of Insider Trading) Regulations, 2015"
24-Mar-2026 17:26:14,Acquisition,Tata Steel Limited has informed the Exchange about acquisition of equity stake in T Steel Holdings Pte. Ltd
24-Mar-2026 12:17:14,News Verification,The Exchange has sought clarification from Tata Steel Limited with respect to recent news item captioned Hindustan Zinc partners with Tata Steel to integrate low carbon zinc into sustainable steel man
23-Mar-2026 16:34:00,News Verification,The Exchange has sought clarification from Tata Steel Limited with respect to recent news item captioned Hindustan Zinc partners with Tata Steel to integrate low carbon zinc into sustainable steel man
20-Mar-2026 13:37:18,Press Release,"Tata Steel Limited has informed the Exchange regarding a press release dated March 20, 2026, titled ""Tata Steel Inaugurates its first Scrap-based Electric Arc Furnace in India""."
17-Mar-2026 22:41:54,Copy of Newspaper Publication,Tata Steel Limited has informed the Exchange about Copy of Newspaper Publication
17-Mar-2026 22:38:11,Copy of Newspaper Publication,Tata Steel Limited has informed the Exchange about Copy of Newspaper Publication
17-Mar-2026 18:51:05,Acquisition,"Tata Steel Limited has informed the Exchange about acquisition of stake in Medica TS Hospital Private Limited, subsidiary company of Tata Steel Limited"
17-Mar-2026 18:47:39,Acquisition,"Tata Steel Limited has informed the Exchange about investment through subscription to equity shares of T Steel Holdings Pte. Ltd., wholly owned subsidiary company of Tata Steel Limited"
17-Mar-2026 18:45:14,Amalgamation/Merger,Tata Steel Limited has informed the Exchange about Scheme of Amalgamation amongst Neelachal Ispat Nigam Limited and Tata Steel Limited and their respective shareholders
17-Mar-2026 18:41:56,Outcome of Board Meeting,"Outcome of Board meeting held on March 17, 2026"
12-Mar-2026 19:17:04,Pendency of Litigation(s)/dispute(s) or the outcome impacting the Company,Tata Steel Limited has informed the Exchange about Pendency of Litigation(s)/dispute(s) or the outcome impacting the Company
05-Mar-2026 21:37:50,Analysts/Institutional Investor Meet/Con. Call Updates,Tata Steel Limited has informed the Exchange about Schedule of meet
05-Mar-2026 21:34:43,Analysts/Institutional Investor Meet/Con. Call Updates,Tata Steel Limited has informed the Exchange about Schedule of meet
05-Mar-2026 09:58:52,News Verification,"The Exchange has sought clarification from Tata Steel Limited with respect to recent news item captioned Tata Steel to invest &#8377;11,000 crore in Jharkhand for developing advanced grade steel.  The"
04-Mar-2026 10:30:11,News Verification,"The Exchange has sought clarification from Tata Steel Limited with respect to recent news item captioned Tata Steel to invest &#8377;11,000 crore in Jharkhand for developing advanced grade steel.  The"
28-Feb-2026 19:10:01,Pendency of Litigation(s)/dispute(s) or the outcome impacting the Company,Tata Steel Limited has informed the Exchange about Pendency of Litigation(s)/dispute(s) or the outcome impacting the Company
28-Feb-2026 18:57:42,Pendency of Litigation(s)/dispute(s) or the outcome impacting the Company,Tata Steel Limited has informed the Exchange about Pendency of Litigation(s)/dispute(s) or the outcome impacting the Company
27-Feb-2026 19:11:15,General Updates,Tata Steel Limited has informed the Exchange about sale of Ferro Alloy Plant at Jajpur to Indian Metals & Ferro Alloys Ltd.
26-Feb-2026 20:59:21,Acquisition,Tata Steel Limited has informed the Exchange about acquisition of equity stake in T Steel Holdings Pte. Ltd
20-Feb-2026 18:56:34,Analysts/Institutional Investor Meet/Con. Call Updates,Tata Steel Limited has informed the Exchange about Schedule of meet
20-Feb-2026 18:48:09,Analysts/Institutional Investor Meet/Con. Call Updates,Tata Steel Limited has informed the Exchange about Schedule of meet
12-Feb-2026 23:39:23,Analysts/Institutional Investor Meet/Con. Call Updates,Tata Steel Limited has informed the Exchange about Transcript
08-Feb-2026 17:52:30,Copy of Newspaper Publication,Tata Steel Limited has informed the Exchange about Copy of Newspaper Publication
07-Feb-2026 16:48:34,Analysts/Institutional Investor Meet/Con. Call Updates,Tata Steel Limited has informed the Exchange about Link of recordings
06-Feb-2026 16:57:07,Press Release,"Tata Steel Limited has informed the Exchange regarding a press release dated February 06, 2026, titled ""Tata Steel reports ConsolidatedEBITDA of Rs 8,309 crores for the quarter and Rs 24,894 crores fo"
06-Feb-2026 16:53:39,Investor Presentation,Tata Steel Limited has informed the Exchange about Investor Presentation
06-Feb-2026 16:36:12,Outcome of Board Meeting,"Tata Steel Limited has submitted to the Exchange, the financial results for the period ended December 31, 2025."
04-Feb-2026 17:33:28,Pendency of Litigation(s)/dispute(s) or the outcome impacting the Company,"Tata Steel Limited has informed the Stock Exchange about Disclosure under Regulations 30 and 51 of Securities and Exchange Board of India (Listing Obligations and Disclosure Requirements) Regulations,"
03-Feb-2026 20:46:15,Analysts/Institutional Investor Meet/Con. Call Updates,Tata Steel Limited has informed the Exchange about Schedule of meet
02-Feb-2026 19:55:22,Analysts/Institutional Investor Meet/Con. Call Updates,Tata Steel Limited has informed the Exchange about Schedule of meet
02-Feb-2026 19:04:08,Acquisition,Tata Steel Limited has informed the Exchange about acquisition of equity stake in T Steel Holdings Pte. Ltd
30-Jan-2026 18:11:27,Acquisition,Tata Steel Limited has informed the Exchange about acquisition of equity stake in Thriveni Pellets Private Limited
29-Jan-2026 21:43:59,Pendency of Litigation(s)/dispute(s) or the outcome impacting the Company,"Tata Steel Limited has informed the Exchange about disclosure under Regulations 30 and 51 of Securities and Exchange Board of India (Listing Obligations and Disclosure Requirements) Regulations, 2015"
21-Jan-2026 18:17:16,Pendency of Litigation(s)/dispute(s) or the outcome impacting the Company,"Tata Steel Limited has informed the exchange about the Disclosure under Regulations 30 and 51 of Securities and Exchange Board of India (Listing Obligations and Disclosure Requirements) Regulations, 2"
12-Jan-2026 21:33:13,Pendency of Litigation(s)/dispute(s) or the outcome impacting the Company,"Tata Steel Limited has informed the exchange about the Disclosure under Regulations 30 and 51 of Securities and Exchange Board of India (Listing Obligations and Disclosure Requirements) Regulations, 2"
07-Jan-2026 19:42:30,"Certificate under SEBI (Depositories and Participants) Regulations, 2018","Tata Steel Limited has informed the Exchange about Certificate under Regulation 74(5) of the SEBI (Depositories and Participants) Regulations, 2018 for the quarter ended December 31, 2025"
07-Jan-2026 17:46:51,Press Release,"Tata Steel Limited has informed the Exchange regarding a press release dated January 07, 2026, titled  Tata Steel: 3QFY2026 Production and Delivery Volumes (Provisional) ."
07-Jan-2026 12:44:58,Updates,"Tata Steel Limited has informed the Exchange regarding 'Intimation in terms of SEBI Circular No. SEBI/HO/MIRSD/DOS3/CIR/P/2018/139 dated November 6, 2018 and SEBI Circular no. SEBI/HO/MIRSD/MIRSD-PoD/"
31-Dec-2025 19:28:15,Acquisition,Tata Steel Limited has informed the Exchange about Acquisition of equity stake in Tata BlueScope Steel Private Limited
28-Dec-2025 16:33:49,Pendency of Litigation(s)/dispute(s) or the outcome impacting the Company,Tata Steel Limited has informed the Exchange about Pendency of Litigation(s)/dispute(s) or the outcome impacting the Company
25-Dec-2025 23:02:05,Pendency of Litigation(s)/dispute(s) or the outcome impacting the Company,Tata Steel Limited has informed the Exchange about Pendency of Litigation(s)/dispute(s) or the outcome impacting the Company
24-Dec-2025 17:27:26,Credit Rating,Tata Steel Limited has informed the Exchange about Credit Rating
23-Dec-2025 19:20:48,Trading Window,"Tata Steel Limited has informed the Exchange regarding the Trading Window closure pursuant to SEBI (Prohibition of Insider Trading) Regulations, 2015"
23-Dec-2025 17:37:25,Pendency of Litigation(s)/dispute(s) or the outcome impacting the Company,Tata Steel Limited has informed the Exchange about Pendency of Litigation(s)/dispute(s) or the outcome impacting the Company
22-Dec-2025 23:34:21,Pendency of Litigation(s)/dispute(s) or the outcome impacting the Company,Tata Steel Limited has informed the Exchange about Pendency of Litigation(s)/dispute(s) or the outcome impacting the Company
19-Dec-2025 19:07:49,Pendency of Litigation(s)/dispute(s) or the outcome impacting the Company,Tata Steel Limited has informed the Exchange about Pendency of Litigation(s)/dispute(s) or the outcome impacting the Company
19-Dec-2025 17:55:14,Acquisition,Tata Steel Limited has informed the Exchange about Acquisition of equity stake in T Steel Holdings Pte. Ltd
12-Dec-2025 21:33:33,Pendency of Litigation(s)/dispute(s) or the outcome impacting the Company,Tata Steel Limited has informed the Exchange about Pendency of Litigation(s)/dispute(s) or the outcome impacting the Company
12-Dec-2025 19:49:30,Analysts/Institutional Investor Meet/Con. Call Updates,Tata Steel Limited has informed the Exchange about Schedule of meet
11-Dec-2025 13:35:33,News Verification,The Exchange has sought clarification from Tata Steel Limited with respect to recent news item captioned Tata Steel acquires majority stake in Thriveni Pellets to boost raw material supply chain.  The
10-Dec-2025 19:09:56,Press Release,"Tata Steel Limited has informed the Exchange regarding a press release dated December 10, 2025"
10-Dec-2025 19:06:05,Analysts/Institutional Investor Meet/Con. Call Updates,Tata Steel Limited has informed the Exchange about Schedule of meet
10-Dec-2025 18:46:50,Acquisition,Acquisition of 50.01% equity stake in Thriveni Pellets Private Limited from Thriveni Earthmovers Private Limited by Tata Steel Limited
10-Dec-2025 17:57:27,News Verification,The Exchange has sought clarification from Tata Steel Limited with respect to recent news item captioned Tata Steel acquires majority stake in Thriveni Pellets to boost raw material supply chain.  The
08-Dec-2025 22:08:40,Analysts/Institutional Investor Meet/Con. Call Updates,Tata Steel Limited has informed the Exchange about Schedule of meet
04-Dec-2025 20:41:32,Pendency of Litigation(s)/dispute(s) or the outcome impacting the Company,Tata Steel Limited has informed the Exchange about Pendency of Litigation(s)/dispute(s) or the outcome impacting the Company
28-Nov-2025 17:43:55,Copy of Newspaper Publication,Tata Steel Limited has informed the Exchange about Copy of Newspaper Publication
26-Nov-2025 12:17:08,Pendency of Litigation(s)/dispute(s) or the outcome impacting the Company,Tata Steel Limited has informed the Exchange about Material Litigation
22-Nov-2025 17:53:42,Pendency of Litigation(s)/dispute(s) or the outcome impacting the Company,Tata Steel Limited has informed the Exchange about Pendency of Litigation(s)/dispute(s) or the outcome impacting the Company
19-Nov-2025 19:54:22,Analysts/Institutional Investor Meet/Con. Call Updates,Tata Steel Limited has informed the Exchange about Transcript of Tata Steel Q2FY2026 Earnings Discussion
17-Nov-2025 19:04:55,Analysts/Institutional Investor Meet/Con. Call Updates,Tata Steel Limited has informed the Exchange about Schedule of meet
14-Nov-2025 22:30:55,Acquisition,Tata Steel Limited has informed the Exchange about Acquisition
14-Nov-2025 19:56:59,Copy of Newspaper Publication,Tata Steel Limited has informed the Exchange about Copy of Newspaper Publication
14-Nov-2025 15:06:37,Copy of Newspaper Publication,Tata Steel Limited has informed the Exchange about Copy of Newspaper Publication
14-Nov-2025 09:41:44,Analysts/Institutional Investor Meet/Con. Call Updates,Tata Steel Limited has informed the Exchange about Link of Recording
14-Nov-2025 09:30:43,Analysts/Institutional Investor Meet/Con. Call Updates,Tata Steel Limited has informed the Exchange about Link of Recording
13-Nov-2025 18:11:02,Analysts/Institutional Investor Meet/Con. Call Updates,Tata Steel Limited has informed the Exchange about Schedule of analyst meet
12-Nov-2025 18:36:36,General Updates,Tata Steel Limited has informed the Exchange about General Updates
12-Nov-2025 18:26:38,Acquisition,Tata Steel Limited has informed the Exchange about Acquisition
12-Nov-2025 18:21:38,Investor Presentation,Tata Steel Limited has informed the Exchange about Investor Presentation
12-Nov-2025 18:12:45,Press Release,"Tata Steel Limited has informed the Exchange regarding a press release dated November 12, 2025, titled ""Press Release""."
12-Nov-2025 18:01:54,Outcome of Board Meeting,"Tata Steel Limited has submitted to the Exchange, the financial results for the period ended September 30, 2025."
07-Nov-2025 17:41:08,Analysts/Institutional Investor Meet/Con. Call Updates,Tata Steel Limited has informed the Exchange about Schedule of meet
04-Nov-2025 18:03:05,Press Release,"Tata Steel Limited has informed the Exchange regarding a press release dated November 04, 2025, titled ""Tata Steel Limited signs an Asset Transfer Agreement with Indian Metals & Ferro Alloys Ltd. (IMF"
29-Oct-2025 20:10:03,Pendency of Litigation(s)/dispute(s) or the outcome impacting the Company,Tata Steel Limited has informed the Exchange about Pendency of Litigation(s)/dispute(s) or the outcome impacting the Company
29-Oct-2025 17:45:59,Acquisition,Tata Steel Limited has informed the Exchange about Acquisition
13-Oct-2025 19:12:17,Disclosure of material issue,Tata Steel Limited has informed regarding Disclosure of material issue
09-Oct-2025 13:43:01,"Certificate under SEBI (Depositories and Participants) Regulations, 2018","Tata Steel Limited has informed the Exchange about Certificate under Regulation 74(5) of the SEBI (Depositories and Participants) Regulations, 2018 for the quarter ended September 30, 2025"
09-Oct-2025 11:39:16,Press Release,"Tata Steel Limited has informed the Exchange regarding a press release dated October 09, 2025, titled ""Tata Steel: 2QFY2026 Production andDelivery Volumes (Provisional)""."
04-Oct-2025 19:31:27,General Updates,Tata Steel Limited has informed the Exchange about General Updates
30-Sep-2025 22:05:33,Updates,Tata Steel Limited has informed the Exchange regarding 'Update in contact details of Registrar and Transfer Agent of Tata Steel Limited'.
30-Sep-2025 18:14:37,Credit Rating,Tata Steel Limited has informed the Exchange about Credit Rating
30-Sep-2025 16:46:14,Copy of Newspaper Publication,Tata Steel Limited has informed the Exchange about Copy of Newspaper Publication
29-Sep-2025 21:19:53,Press Release,"Tata Steel Limited has informed the Exchange regarding a press release dated September 29, 2025, titled ""Tata Steel signs the non-binding Joint Letter of Intent with the Government of the Netherlands "
24-Sep-2025 18:23:10,Acquisition,Tata Steel Limited has informed the Exchange about Acquisition
22-Sep-2025 20:19:04,Trading Window,"Tata Steel Limited has informed the Exchange regarding the Trading Window closure pursuant to SEBI (Prohibition of Insider Trading) Regulations, 2015"
18-Sep-2025 17:51:31,Analysts/Institutional Investor Meet/Con. Call Updates,Tata Steel Limited has informed the Exchange about Schedule of meet
18-Sep-2025 13:08:13,Change in Management,Tata Steel Limited has informed the Exchange about change in Management
12-Sep-2025 17:23:29,Copy of Newspaper Publication,Tata Steel Limited has informed the Exchange about Copy of Newspaper Publication
05-Sep-2025 18:48:18,Pendency of Litigation(s)/dispute(s) or the outcome impacting the Company,Tata Steel Limited has informed the Exchange about Pendency of Litigation(s)/dispute(s) or the outcome impacting the Company
28-Aug-2025 19:22:31,Analysts/Institutional Investor Meet/Con. Call Updates,Tata Steel Limited has informed the Exchange about Schedule of meet
28-Aug-2025 19:22:31,Analysts/Institutional Investor Meet/Con. Call Updates,Tata Steel Limited has informed the Exchange about Schedule of meet
28-Aug-2025 19:22:31,Analysts/Institutional Investor Meet/Con. Call Updates,Tata Steel Limited has informed the Exchange about Schedule of meet
26-Aug-2025 22:01:50,Acquisition,Tata Steel Limited has informed the Exchange about Acquisition of equity stake in T Steel Holdings Pte. Ltd
19-Aug-2025 19:00:27,Pendency of Litigation(s)/dispute(s) or the outcome impacting the Company,Tata Steel Limited has informed the Exchange about Pendency of Litigation(s)/dispute(s) or the outcome impacting the Company
18-Aug-2025 20:06:34,Diversification/Disinvestment,"Divestment of entire stake held in Ceramat Private Limited by Tata SteelAdvanced Materials Limited, a wholly owned subsidiary of Tata Steel Limited"
17-Aug-2025 18:21:56,Pendency of Litigation(s)/dispute(s) or the outcome impacting the Company,Tata Steel Limited has informed the Exchange about Pendency of Litigation(s)/dispute(s) or the outcome impacting the Company
12-Aug-2025 22:56:45,General Updates,"Tata Steel Limited has informed the Exchange about Disclosure under Regulation 30 of the SEBI (Listing Obligations and Disclosure Requirements) Regulations, 2015 - ESG Rating"
08-Aug-2025 19:04:17,Pendency of Litigation(s)/dispute(s) or the outcome impacting the Company,Tata Steel Limited has informed the Exchange about Pendency of Litigation(s)/dispute(s) or the outcome impacting the Company
07-Aug-2025 15:36:23,Analysts/Institutional Investor Meet/Con. Call Updates,Tata Steel Limited has informed the Exchange about Schedule of meet
06-Aug-2025 18:04:11,Analysts/Institutional Investor Meet/Con. Call Updates,Tata Steel Limited has informed the Exchange about Transcript
06-Aug-2025 16:39:58,Acquisition,Tata Steel Limited has informed the Exchange about Acquisition of equity stake in TSN Wires Company Limited
01-Aug-2025 17:05:28,Copy of Newspaper Publication,Tata Steel Limited has informed the Exchange about Copy of Newspaper Publication
31-Jul-2025 22:17:55,Analysts/Institutional Investor Meet/Con. Call Updates,Tata Steel Limited has informed the Exchange about Link of Recording
31-Jul-2025 18:11:40,Acquisition,Tata Steel Limited has informed the Exchange about Acquisition of equity stake in TSN Wires Company Limited
30-Jul-2025 19:08:44,Investor Presentation,Tata Steel Limited has informed the Exchange about Investor Presentation
30-Jul-2025 18:12:48,Acquisition,Tata Steel Limited has informed the Exchange about Acquisition
30-Jul-2025 18:11:06,Press Release,"Tata Steel Limited has informed the Exchange regarding a press release dated July 30, 2025, titled ""Tata Steel reports Consolidated EBITDA of Rs 7,480 crores for the quarter ended June 30, 2025""."
30-Jul-2025 17:59:07,Outcome of Board Meeting,"Tata Steel Limited has submitted to the Exchange, the financial results for the period ended Jun 30, 2025."
28-Jul-2025 18:39:45,Copy of Newspaper Publication,Tata Steel Limited has informed the Exchange about Copy of Newspaper Publication
25-Jul-2025 19:14:10,Analysts/Institutional Investor Meet/Con. Call Updates,Tata Steel Limited has informed the Exchange about Schedule of meet
24-Jul-2025 21:06:08,General Updates,Tata Steel Limited has informed the Exchange about Completion of acquisition of 100% stake in Neelachal Ispat Nigam Limited
23-Jul-2025 11:51:52,Credit Rating,Tata Steel Limited has informed the Exchange about Credit Rating
14-Jul-2025 09:01:24,Press Release,"Tata Steel Limited has informed the Exchange regarding a press release dated July 14, 2025, titled ""Tata Group Chairman N. Chandrasekaran marks groundbreaking of new Electric Arc Furnace at Port Talbo"
10-Jul-2025 21:38:23,Acquisition,Tata Steel Limited has informed the Exchange about Acquisition
08-Jul-2025 17:29:41,Press Release,"Tata Steel Limited has informed the Exchange regarding a press release dated July 08, 2025, titled ""Tata Steel: 1QFY2026 Production and Delivery Volumes (Provisional)""."
08-Jul-2025 17:08:00,"Certificate under SEBI (Depositories and Participants) Regulations, 2018","Tata Steel Limited has informed the Exchange about Certificate under Regulation 74(5) of the SEBI (Depositories and Participants) Regulations, 2018 for the quarter ended June 30, 2025"
04-Jul-2025 17:02:32,General Updates,"Tata Steel Limited has informed the Exchange about Disclosure under Regulation 30 of the Securities and Exchange Board of India (Listing Obligations and Disclosure Requirements) Regulations, 2015"
02-Jul-2025 23:17:11,Updates,"Tata Steel Limited has informed the Exchange regarding 'Voting Results, Summary of the Proceedings and Scrutinizer s Report of the 118th Annual General Meeting of Tata Steel Limited'."
02-Jul-2025 23:09:49,Shareholders meeting,"Tata Steel Limited has informed the Exchange regarding Proceedings of Annual General Meeting held on July 02, 2025. Further, the company has submitted the Exchange a copy of Srutinizers report along w"
02-Jul-2025 14:36:42,Investor Presentation,Tata Steel Limited has informed the Exchange about Investor Presentation
29-Jun-2025 11:42:45,Pendency of Litigation(s)/dispute(s) or the outcome impacting the Company,Tata Steel Limited has informed the Exchange about Pendency of Litigation(s)/dispute(s) or the outcome impacting the Company
25-Jun-2025 21:36:12,Acquisition,Tata Steel Limited has informed the Exchange about Acquisition
25-Jun-2025 18:50:59,Pendency of Litigation(s)/dispute(s) or the outcome impacting the Company,Tata Steel Limited has informed the Exchange about Pendency of Litigation(s)/dispute(s) or the outcome impacting the Company
21-Jun-2025 21:07:12,Pendency of Litigation(s)/dispute(s) or the outcome impacting the Company,Tata Steel Limited has informed the Exchange about Pendency of Litigation(s)/dispute(s) or the outcome impacting the Company
20-Jun-2025 19:59:42,Trading Window,"Tata Steel Limited has informed the Exchange regarding the Trading Window closure pursuant to SEBI (Prohibition of Insider Trading) Regulations, 2015"
10-Jun-2025 22:37:10,General Updates,Tata Steel Limited has informed the Exchange about Intimation to the holders of physical shares to furnish KYC details
10-Jun-2025 16:04:17,Copy of Newspaper Publication,Tata Steel Limited has informed the Exchange about Copy of Newspaper Publication
06-Jun-2025 20:11:35,General Updates,Tata Steel Limited - Business Responsibility and Sustainability Report for FY2024-25
06-Jun-2025 20:05:28,Shareholders meeting,"Tata Steel Limited has informed the Exchange regarding Notice of Annual General Meeting to be held on July 02, 2025"
05-Jun-2025 21:18:43,Analysts/Institutional Investor Meet/Con. Call Updates,Tata Steel Limited has informed the Exchange about Schedule of meet
05-Jun-2025 21:18:43,Analysts/Institutional Investor Meet/Con. Call Updates,Tata Steel Limited has informed the Exchange about Schedule of meet
31-May-2025 20:58:43,Cessation,"Tata Steel Limited has informed the Exchange regarding Cessation of Mr Henrik Adam as Other of the company w.e.f. Jun 01, 2025."
30-May-2025 21:46:28,Analysts/Institutional Investor Meet/Con. Call Updates,Tata Steel Limited has informed the Exchange about Schedule of meet
30-May-2025 21:46:28,Analysts/Institutional Investor Meet/Con. Call Updates,Tata Steel Limited has informed the Exchange about Schedule of meet
29-May-2025 18:20:37,Copy of Newspaper Publication,Tata Steel Limited has informed the Exchange about Copy of Newspaper Publication
28-May-2025 15:54:36,Analysts/Institutional Investor Meet/Con. Call Updates,Tata Steel Limited has informed the Exchange about Schedule of meet
27-May-2025 15:35:09,Pendency of Litigation(s)/dispute(s) or the outcome impacting the Company,Tata Steel Limited has informed the Exchange about Pendency of Litigation(s)/dispute(s) or the outcome impacting the Company
26-May-2025 18:42:24,Analysts/Institutional Investor Meet/Con. Call Updates,Tata Steel Limited has informed the Exchange about the Schedule of the meet.
22-May-2025 16:30:44,Press Release,"Tata Steel Limited has informed the Exchange regarding a press release dated May 22, 2025, titled ""Press release titled: Tata Steel inaugurates Phase II expansion of Kalinganagar operations""."
20-May-2025 16:45:38,General Updates,Tata Steel Limited has informed the Exchange about Communication to Shareholders - Intimation on Tax Deduction on Dividend
19-May-2025 18:43:56,Copy of Newspaper Publication,Tata Steel Limited has informed the Exchange about Copy of Newspaper Publication
18-May-2025 12:10:38,Analysts/Institutional Investor Meet/Con. Call Updates,Tata Steel Limited has informed the Exchange about Transcript  Tata Steel 4QFY2025 and FY2025 Earnings Discussion
16-May-2025 12:24:56,Shareholders meeting,"Tata Steel Limited has submitted the Exchange a copy Srutinizers report of  Postal Ballot. Further, the company has informed the Exchange regarding voting results."
14-May-2025 18:07:41,Copy of Newspaper Publication,Tata Steel Limited has informed the Exchange about Copy of Newspaper Publication
13-May-2025 22:23:59,Analysts/Institutional Investor Meet/Con. Call Updates,Tata Steel Limited has informed the Exchange about Link of recordings
12-May-2025 20:45:36,Acquisition,"Tata Steel Limited has informed the Exchange about Investment in T Steel Holdings Pte. Ltd, wholly owned subsidiary company"
12-May-2025 19:38:07,General Updates,Tata Steel Limited has informed the Exchange about Change of Accounting Policy
12-May-2025 19:30:28,Investor Presentation,Tata Steel Limited has informed the Exchange about Investor Presentation
12-May-2025 19:28:30,Acquisition,Tata Steel Limited has informed the Exchange about Acquisition
12-May-2025 19:26:27,Press Release,"Tata Steel Limited has informed the Exchange regarding a press release dated May 12, 2025, titled ""Tata Steel reports Consolidated EBITDA of Rs 25,802 crores for FY2025""."
12-May-2025 19:24:22,General Updates,Tata Steel Limited has informed the Exchange about appointment of Secretarial Auditors
12-May-2025 19:21:03,Record Date,Tata Steel Limited has informed the Exchange that Record date for the purpose of Dividend  is 06-Jun-2025.
12-May-2025 19:20:17,Outcome of Board Meeting,"Tata Steel Limited has informed the Exchange regarding Outcome of Board Meeting held on May 12, 2025."
12-May-2025 19:11:49,Dividend,"Tata Steel Limited has informed the Exchange that Board of Directors at its meeting held on May 12, 2025, recommended Final Dividend of 3.60 per equity share."
12-May-2025 19:11:04,Dividend,"Tata Steel Limited has informed the Exchange that Board of Directors at its meeting held on May 12, 2025, recommended Final Dividend of Rs. 3.60 per equity share."
08-May-2025 16:20:25,Analysts/Institutional Investor Meet/Con. Call Updates,Tata Steel Limited has informed the Exchange about Intimation of Schedule of Analyst / Institutional Investor Meeting
07-May-2025 17:37:43,Copy of Newspaper Publication,Tata Steel Limited has informed the Exchange about Copy of Newspaper Publication
07-May-2025 17:24:21,Copy of Newspaper Publication,Tata Steel Limited has informed the Exchange about Copy of Newspaper Publication
25-Apr-2025 21:00:15,Change in Management,Tata Steel Limited has informed the Exchange about change in Management
22-Apr-2025 21:43:27,Updates,Tata Steel Limited has informed the Exchange regarding 'Update in contact details of Registrar and Transfer Agent of Tata Steel Limited'.
17-Apr-2025 12:54:51,Copy of Newspaper Publication,Tata Steel Limited has informed the Exchange about Copy of Newspaper Publication
15-Apr-2025 15:47:14,Shareholders meeting,Tata Steel Limited has informed the Exchange regarding Notice of Postal Ballot
09-Apr-2025 20:09:54,"Certificate under SEBI (Depositories and Participants) Regulations, 2018","Tata Steel Limited has informed the Exchange about Certificate under SEBI (Depositories and Participants) Regulations, 2018"
09-Apr-2025 15:30:48,Press Release,"Tata Steel Limited has informed the Exchange regarding a press release dated April 09, 2025, titled ""Tata Steel Nederland announces major transformation programme to enhance competitiveness for a sust"
07-Apr-2025 23:36:12,Analysts/Institutional Investor Meet/Con. Call Updates,Tata Steel Limited has informed the Exchange about Schedule of meet
07-Apr-2025 20:24:03,Analysts/Institutional Investor Meet/Con. Call Updates,Tata Steel Limited has informed the Exchange about Schedule of meet
07-Apr-2025 13:40:45,Press Release,"Tata Steel Limited has informed the Exchange regarding a press release dated April 07, 2025, titled ""Tata Steel: 4QFY2025 and FY2025 Production and Delivery Volumes (Provisional)""."
04-Apr-2025 17:50:07,Pendency of Litigation(s)/dispute(s) or the outcome impacting the Company,Tata Steel Limited has informed the Exchange about Pendency of Litigation(s)/dispute(s) or the outcome impacting the Company
01-Apr-2025 21:17:45,Acquisition,Tata Steel Limited has informed the Exchange about Acquisition of equity stake in Indian Foundation for Quality Management
20-Mar-2025 18:00:33,Trading Window,"Tata Steel Limited has informed the Exchange regarding the Trading Window closure pursuant to SEBI (Prohibition of Insider Trading) Regulations, 2015"
12-Mar-2025 18:41:43,Resignation,"Tata Steel Limited has informed the Exchange regarding Resignation of Mr Rajiv Kumar as Other of the company w.e.f. March 12, 2025."
28-Feb-2025 16:46:55,Analysts/Institutional Investor Meet/Con. Call Updates,Tata Steel Limited has informed the Exchange about Schedule of meet
25-Feb-2025 21:37:36,Acquisition,Tata Steel Limited has informed the Exchange about Acquisition of equity stake in T Steel Holdings Pte. Ltd.
25-Feb-2025 12:25:22,Investor Presentation,Tata Steel Limited has informed the Exchange about Investor Presentation
24-Feb-2025 22:03:59,Credit Rating,Tata Steel Limited has informed the Exchange about Credit Rating
21-Feb-2025 13:07:43,Allotment of Securities,"Tata Steel Limited has informed the Exchange regarding allotment of 300000 securities pursuant to Other at its meeting held on February 21, 2025"
20-Feb-2025 17:27:29,Acquisition,Tata Steel Limited has informed the Exchange about Acquisition of equity stake in T Steel Holdings Pte. Ltd
20-Feb-2025 13:27:44,Analysts/Institutional Investor Meet/Con. Call Updates,Tata Steel Limited has informed the Exchange about Schedule of meet
18-Feb-2025 21:11:23,Press Release,"TATASTEEL has informed the Exchange regarding a press release dated February 18, 2025, titled ""Neath Port Talbot Council approves plans for Electric Arc Furnace in Port Talbot""."
14-Feb-2025 14:45:27,Issue of Securities,Tata Steel Limited has informed the Exchange about issue of Securities
14-Feb-2025 14:42:38,Outcome of Board Meeting,"Tata Steel Limited has informed the Exchange regarding  the meeting of the Committee of Directors held on February 14, 2025."
12-Feb-2025 13:18:38,Analysts/Institutional Investor Meet/Con. Call Updates,Tata Steel Limited has informed the Exchange about Schedule of Analyst / Institutional Investors Meeting
11-Feb-2025 23:22:23,Credit Rating,Tata Steel Limited has informed the Exchange about Credit Rating
05-Feb-2025 18:53:26,Analysts/Institutional Investor Meet/Con. Call Updates,Tata Steel Limited has informed the Exchange about Schedule of meet
04-Feb-2025 20:22:49,Analysts/Institutional Investor Meet/Con. Call Updates,Tata Steel Limited has informed the Exchange about Transcript of Tata Steel 3QFY2025 Earnings Discussion
29-Jan-2025 16:31:56,Copy of Newspaper Publication,"Tata Steel Limited has informed the Exchange about newspaper advertisements of the Financial Results for the quarter and nine months ended December 31, 2024"
28-Jan-2025 20:57:04,Analysts/Institutional Investor Meet/Con. Call Updates,Tata Steel Limited has informed the Exchange about Link of Recording
27-Jan-2025 20:15:02,Integrated Filing- Financial,"Integrated Filing (Financial) for the quarter and nine months ended December 31, 2024"
27-Jan-2025 19:40:36,Investor Presentation,Tata Steel Limited has informed the Exchange about Investor Presentation
27-Jan-2025 19:33:31,Press Release,"Tata Steel Limited has informed the Exchange regarding a press release dated January 27, 2025, titled ""Tata Steel reports Consolidated EBITDA of Rs 19,040 crores for the nine months of the financial y"
27-Jan-2025 18:38:20,Outcome of Board Meeting,Outcome of Board Meeting
27-Jan-2025 18:32:38,Outcome of Board Meeting,"Tata Steel Limited has informed the Exchange regarding  Board meeting held on January 27, 2025."
27-Jan-2025 18:31:38,Financial Result Updates," Tata Steel Limited has submitted to the Exchange, the financial results for the period ended December 31, 2024."
23-Jan-2025 19:18:36,Analysts/Institutional Investor Meet/Con. Call Updates,Tata Steel Limited has informed the Exchange about Schedule of meet
17-Jan-2025 16:33:48,Pendency of Litigation(s)/dispute(s) or the outcome impacting the Company,Tata Steel Limited has informed the Exchange about Pendency of Litigation(s)/dispute(s) or the outcome impacting the Company
10-Jan-2025 17:59:46,Action(s) taken or orders passed,"Tata Steel Limited has informed the Exchange about Adjudication Order issued by the Collector of Stamps, Enforcement   I, Mumbai, Government of Maharashtra"
10-Jan-2025 17:31:48,"Certificate under SEBI (Depositories and Participants) Regulations, 2018","Tata Steel Limited has informed the Exchange about Certificate under SEBI (Depositories and Participants) Regulations, 2018"
07-Jan-2025 19:49:41,Press Release,"Tata Steel Limited has informed the Exchange regarding a press release dated January 07, 2025, titled ""Tata Steel: 3QFY2025 Production and Delivery Volumes (Provisional)""."
01-Jan-2025 17:08:42,General Updates,Tata Steel Limited has informed the Exchange about change of name of Company s Registrars and Transfer Agents from Link Intime India Private Limited to MUFG Intime India Private Limited
31-Dec-2024 22:11:50,Action(s) taken or orders passed,Tata Steel Limited has informed the Exchange about Action(s) taken or orders passed
26-Dec-2024 14:37:19,Shareholders meeting,Tata Steel Limited has submitted the Exchange a copy Srutinizers report of  Postal Ballot
20-Dec-2024 10:31:22,Trading Window,"Tata Steel Limited has informed the Exchange regarding the Trading Window closure pursuant to SEBI (Prohibition of Insider Trading) Regulations, 2015"
13-Dec-2024 15:47:11,Loss of Share Certificates,Tata Steel Limited has informed the Exchange about Loss of Share Certificates
12-Dec-2024 17:47:17,Issue of Duplicate Share Certificate,Tata Steel Limited has informed the Exchange about Issue of Duplicate Share Certificate
12-Dec-2024 17:47:17,Loss of Share Certificates,Tata Steel Limited has informed the Exchange about Loss of Share Certificates
11-Dec-2024 17:00:50,Loss of Share Certificates,Tata Steel Limited has informed the Exchange about Loss of Share Certificates
11-Dec-2024 17:00:50,Issue of Duplicate Share Certificate,Tata Steel Limited has informed the Exchange about Issue of Duplicate Share Certificate
10-Dec-2024 19:24:48,Cessation,"Tata Steel Limited has informed the Exchange regarding cessation of  Ms. Farida Khambata (DIN: 06954123) as Non-Executive Independent Director of the Company w.e.f. December 11, 2024."
10-Dec-2024 14:57:50,Loss of Share Certificates,Tata Steel Limited has informed the Exchange about Loss of Share Certificates
09-Dec-2024 13:17:36,Loss of Share Certificates,Tata Steel Limited has informed the Exchange about Loss of Share Certificates
06-Dec-2024 18:48:45,Loss of Share Certificates,Tata Steel Limited has informed the Exchange about Loss of Share Certificates
06-Dec-2024 18:48:45,Loss of Share Certificates,Tata Steel Limited has informed the Exchange about Loss of Share Certificates
05-Dec-2024 16:31:06,Loss of Share Certificates,Tata Steel Limited has informed the Exchange about Loss of Share Certificates
04-Dec-2024 15:40:38,Loss of Share Certificates,Tata Steel Limited has informed the Exchange about Loss of Share Certificates
03-Dec-2024 19:11:17,Action(s) taken or orders passed,"Tata Steel Limited has informed the Exchange about the order received from the Office of Commissioner of Customs (Appeals), Kolkata imposing penalty due to inadvertent short payment of IGST against im"
03-Dec-2024 15:34:37,Loss of Share Certificates,Tata Steel Limited has informed the Exchange about Loss of Share Certificates
02-Dec-2024 17:33:27,Loss of Share Certificates,Tata Steel Limited has informed the Exchange about Loss of Share Certificates
02-Dec-2024 17:33:26,Loss of Share Certificates,Tata Steel Limited has informed the Exchange about Loss of Share Certificates
29-Nov-2024 17:45:32,Loss of Share Certificates,Tata Steel Limited has informed the Exchange about Loss of Share Certificates
28-Nov-2024 17:32:05,Analysts/Institutional Investor Meet/Con. Call Updates,Tata Steel Limited has informed the Exchange about Schedule of  Analyst / Institutional Investor meeting
28-Nov-2024 13:11:33,Loss of Share Certificates,Tata Steel Limited has informed the Exchange about Loss of Share Certificates
26-Nov-2024 18:02:06,Loss of Share Certificates,Tata Steel Limited has informed the Exchange about Loss of Share Certificates
26-Nov-2024 18:02:06,Loss of Share Certificates,Tata Steel Limited has informed the Exchange about Loss of Share Certificates
26-Nov-2024 14:56:45,Copy of Newspaper Publication,Tata Steel Limited has informed the Exchange about Newspaper Advertisement of Postal Ballot Notice.
25-Nov-2024 17:51:08,Loss of Share Certificates,Tata Steel Limited has informed the Exchange about Loss of Share Certificates
25-Nov-2024 15:46:50,Shareholders meeting,"Tata Steel Limited has informed the Exchange regarding Notice of Postal Ballot dated November 24, 2024 seeking approval of the shareholders for Appointment of Mr. Pramod Agrawal (DIN: 00279727) as an "
22-Nov-2024 17:27:38,Loss of Share Certificates,Tata Steel Limited has informed the Exchange about Loss of Share Certificates
22-Nov-2024 17:27:38,Loss of Share Certificates,Tata Steel Limited has informed the Exchange about Loss of Share Certificates
21-Nov-2024 17:34:41,Loss of Share Certificates,Tata Steel Limited has informed the Exchange about Loss of Share Certificates
21-Nov-2024 17:34:41,Loss of Share Certificates,Tata Steel Limited has informed the Exchange about Loss of Share Certificates
19-Nov-2024 16:11:04,Loss of Share Certificates,Tata Steel Limited has informed the Exchange about Loss of Share Certificates
14-Nov-2024 15:09:56,Issue of Duplicate Share Certificate,Tata Steel Limited has informed the Exchange about Issue of Duplicate Share Certificate
14-Nov-2024 15:09:56,Loss of Share Certificates,Tata Steel Limited has informed the Exchange about Loss of Share Certificates
13-Nov-2024 15:50:35,Analysts/Institutional Investor Meet/Con. Call Updates,Tata Steel Limited has informed the Exchange about Transcript
12-Nov-2024 20:50:52,Analysts/Institutional Investor Meet/Con. Call Updates,Tata Steel Limited has informed the Exchange about Schedule of meet
12-Nov-2024 13:11:42,Loss of Share Certificates,Tata Steel Limited has informed the Exchange about Loss of Share Certificates
11-Nov-2024 11:18:19,Loss of Share Certificates,Tata Steel Limited has informed the Exchange about Loss of Share Certificates
08-Nov-2024 18:14:17,Loss of Share Certificates,Tata Steel Limited has informed the Exchange about Loss of Share Certificates
08-Nov-2024 17:20:05,Copy of Newspaper Publication,Tata Steel Limited has informed the Exchange about Copy of Newspaper Publication
07-Nov-2024 19:33:42,Analysts/Institutional Investor Meet/Con. Call Updates,Tata Steel Limited has informed the Exchange about Link of Recording
07-Nov-2024 15:09:13,Issue of Duplicate Share Certificate,Tata Steel Limited has informed the Exchange about Issue of Duplicate Share Certificate
07-Nov-2024 15:09:13,Loss of Share Certificates,Tata Steel Limited has informed the Exchange about Loss of Share Certificates
06-Nov-2024 19:55:23,Investor Presentation,Tata Steel Limited has informed the Exchange about Investor Presentation
06-Nov-2024 19:46:21,Press Release,"Tata Steel Limited has informed the Exchange regarding a press release dated November 06, 2024, titled ""Tata Steel reports Consolidated EBITDA of Rs 6,224 crores for the quarter and Rs 13,046 crores f"
06-Nov-2024 17:44:27,Outcome of Board Meeting,"Tata Steel Limited has informed the Exchange regarding Outcome of Board Meeting held on November 06, 2024."
06-Nov-2024 17:39:46,Appointment,"Tata Steel Limited has informed the Exchange regarding Appointment of Mr Pramod Agrawal as Independent Director of the company w.e.f. November 06, 2024."
06-Nov-2024 17:33:04,Outcome of Board Meeting,"Tata Steel Limited has informed the Exchange regarding  Board meeting held on November 06, 2024."
06-Nov-2024 17:30:38,Financial Result Updates," Tata Steel Limited has submitted to the Exchange, the financial results for the period ended September 30, 2024."
05-Nov-2024 19:19:52,Loss of Share Certificates,Tata Steel Limited has informed the Exchange about Loss of Share Certificates
04-Nov-2024 17:43:28,Loss of Share Certificates,Tata Steel Limited has informed the Exchange about Loss of Share Certificates
31-Oct-2024 15:02:59,Analysts/Institutional Investor Meet/Con. Call Updates,Tata Steel Limited has informed the Exchange about Schedule of meet
30-Oct-2024 15:01:23,Issue of Duplicate Share Certificate,Tata Steel Limited has informed the Exchange about Issue of Duplicate Share Certificate
29-Oct-2024 17:19:59,Loss of Share Certificates,Tata Steel Limited has informed the Exchange about Loss of Share Certificates
28-Oct-2024 16:00:21,Loss of Share Certificates,Tata Steel Limited has informed the Exchange about Loss of Share Certificates
23-Oct-2024 17:35:48,Loss of Share Certificates,Tata Steel Limited has informed the Exchange about Loss of Share Certificates
22-Oct-2024 13:49:14,Issue of Duplicate Share Certificate,Tata Steel Limited has informed the Exchange about Issue of Duplicate Share Certificate
22-Oct-2024 13:49:14,Loss of Share Certificates,Tata Steel Limited has informed the Exchange about Loss of Share Certificates
21-Oct-2024 15:46:51,Loss of Share Certificates,Tata Steel Limited has informed the Exchange about Loss of Share Certificates
18-Oct-2024 16:09:23,Loss of Share Certificates,Tata Steel Limited has informed the Exchange about Loss of Share Certificates
18-Oct-2024 16:09:23,Issue of Duplicate Share Certificate,Tata Steel Limited has informed the Exchange about Issue of Duplicate Share Certificate
17-Oct-2024 16:30:38,Loss of Share Certificates,Tata Steel Limited has informed the Exchange about Loss of Share Certificates
15-Oct-2024 17:42:58,Loss of Share Certificates,Tata Steel Limited has informed the Exchange about Loss of Share Certificates
14-Oct-2024 13:04:49,Loss of Share Certificates,Tata Steel Limited has informed the Exchange about Loss of Share Certificates
11-Oct-2024 16:02:37,Loss of Share Certificates,Tata Steel Limited has informed the Exchange about Loss of Share Certificates
10-Oct-2024 14:31:04,Loss of Share Certificates,Tata Steel Limited has informed the Exchange about Loss of Share Certificates
09-Oct-2024 15:07:00,Loss of Share Certificates,Tata Steel Limited has informed the Exchange about Loss of Share Certificates
09-Oct-2024 15:07:00,Issue of Duplicate Share Certificate,Tata Steel Limited has informed the Exchange about Issue of Duplicate Share Certificate
08-Oct-2024 16:40:10,Issue of Duplicate Share Certificate,Tata Steel Limited has informed the Exchange about Issue of Duplicate Share Certificate
08-Oct-2024 16:40:10,Loss of Share Certificates,Tata Steel Limited has informed the Exchange about Loss of Share Certificates
07-Oct-2024 18:39:34,"Certificate under SEBI (Depositories and Participants) Regulations, 2018","Tata Steel Limited has informed the Exchange about Certificate under SEBI (Depositories and Participants) Regulations, 2018"
06-Oct-2024 23:03:28,Press Release,"Tata Steel Limited has informed the Exchange regarding a press release dated October 06, 2024, titled ""Tata Steel 2QFY2025 Production and Delivery Volumes (Provisional)""."
04-Oct-2024 16:13:43,Loss of Share Certificates,Tata Steel Limited has informed the Exchange about Loss of Share Certificates
04-Oct-2024 16:13:43,Issue of Duplicate Share Certificate,Tata Steel Limited has informed the Exchange about Issue of Duplicate Share Certificate
03-Oct-2024 16:00:12,Loss of Share Certificates,Tata Steel Limited has informed the Exchange about Loss of Share Certificates
30-Sep-2024 20:57:33,Press Release,"Tata Steel Limited has informed the Exchange regarding a press release dated September 30, 2024, titled ""End of an era with closure of Blast Furnace 4 but green steel project will ensure next generati"
30-Sep-2024 17:26:16,Issue of Duplicate Share Certificate,Tata Steel Limited has informed the Exchange about Issue of Duplicate Share Certificate
30-Sep-2024 17:26:16,Loss of Share Certificates,Tata Steel Limited has informed the Exchange about Loss of Share Certificates
27-Sep-2024 16:26:03,Loss of Share Certificates,Tata Steel Limited has informed the Exchange about Loss of Share Certificates
27-Sep-2024 16:26:03,Loss of Share Certificates,Tata Steel Limited has informed the Exchange about Loss of Share Certificates
26-Sep-2024 16:58:16,Loss of Share Certificates,Tata Steel Limited has informed the Exchange about Loss of Share Certificates
25-Sep-2024 15:56:01,Loss of Share Certificates,Tata Steel Limited has informed the Exchange about Loss of Share Certificates
25-Sep-2024 15:56:01,Loss of Share Certificates,Tata Steel Limited has informed the Exchange about Loss of Share Certificates
25-Sep-2024 13:33:12,Action(s) taken or orders passed,"Tata Steel Limited has informed the Exchange about Order from the Office of the Assistant Commissioner of Central Tax, Haldia"
24-Sep-2024 17:51:01,Loss of Share Certificates,Tata Steel Limited has informed the Exchange about Loss of Share Certificates
23-Sep-2024 17:33:41,Loss of Share Certificates,Tata Steel Limited has informed the Exchange about Loss of Share Certificates
23-Sep-2024 17:33:41,Loss of Share Certificates,Tata Steel Limited has informed the Exchange about Loss of Share Certificates
20-Sep-2024 16:44:52,Loss of Share Certificates,Tata Steel Limited has informed the Exchange about Loss of Share Certificates
20-Sep-2024 16:44:52,Loss of Share Certificates,Tata Steel Limited has informed the Exchange about Loss of Share Certificates
20-Sep-2024 16:19:12,Press Release,"Tata Steel Limited has informed the Exchange regarding a press release dated September 20, 2024, titled ""Tata Steel commissions India s largest blast furnace at Kalinganagar""."
19-Sep-2024 16:11:14,Trading Window,"Tata Steel Limited has informed the Exchange regarding the Trading Window closure pursuant to SEBI (Prohibition of Insider Trading) Regulations, 2015"
19-Sep-2024 14:02:58,Loss of Share Certificates,Tata Steel Limited has informed the Exchange about Loss of Share Certificates
18-Sep-2024 17:32:05,Analysts/Institutional Investor Meet/Con. Call Updates,Tata Steel Limited has informed the Exchange about Schedule of meet
18-Sep-2024 16:38:16,Loss of Share Certificates,Tata Steel Limited has informed the Exchange about Loss of Share Certificates
18-Sep-2024 16:38:16,Loss of Share Certificates,Tata Steel Limited has informed the Exchange about Loss of Share Certificates
17-Sep-2024 12:52:06,Analysts/Institutional Investor Meet/Con. Call Updates,Tata Steel Limited has informed the Exchange about Schedule of meet
17-Sep-2024 12:43:34,Analysts/Institutional Investor Meet/Con. Call Updates,Tata Steel Limited has informed the Exchange about Schedule of meet
17-Sep-2024 12:36:12,Analysts/Institutional Investor Meet/Con. Call Updates,Tata Steel Limited has informed the Exchange about Schedule of meet
17-Sep-2024 12:29:14,Analysts/Institutional Investor Meet/Con. Call Updates,Tata Steel Limited has informed the Exchange about Schedule of meet
16-Sep-2024 16:27:04,Loss of Share Certificates,Tata Steel Limited has informed the Exchange about Loss of Share Certificates
13-Sep-2024 16:30:52,Loss of Share Certificates,Tata Steel Limited has informed the Exchange about Loss of Share Certificates
13-Sep-2024 16:30:52,Loss of Share Certificates,Tata Steel Limited has informed the Exchange about Loss of Share Certificates
12-Sep-2024 17:25:09,Loss of Share Certificates,Tata Steel Limited has informed the Exchange about Loss of Share Certificates
11-Sep-2024 18:55:20,Loss of Share Certificates,Tata Steel Limited has informed the Exchange about Loss of Share Certificates
11-Sep-2024 17:20:42,Press Release,"Tata Steel Limited has informed the Exchange regarding a press release dated September 11, 2024, titled ""Tata Steel signs #500 million Grant FundingAgreement with UK Government for #1.25 billion green"
09-Sep-2024 15:28:51,Loss of Share Certificates,Tata Steel Limited has informed the Exchange about Loss of Share Certificates
09-Sep-2024 15:28:51,Loss of Share Certificates,Tata Steel Limited has informed the Exchange about Loss of Share Certificates
06-Sep-2024 18:58:42,Loss of Share Certificates,Tata Steel Limited has informed the Exchange about Loss of Share Certificates
06-Sep-2024 14:22:59,Analysts/Institutional Investor Meet/Con. Call Updates,Tata Steel Limited has informed the Exchange about Schedule of meet
05-Sep-2024 18:13:29,Loss of Share Certificates,Tata Steel Limited has informed the Exchange about Loss of Share Certificates
05-Sep-2024 18:13:29,Loss of Share Certificates,Tata Steel Limited has informed the Exchange about Loss of Share Certificates
02-Sep-2024 15:24:05,Loss of Share Certificates,Tata Steel Limited has informed the Exchange about Loss of Share Certificates
01-Sep-2024 07:50:27,Scheme of Arrangement,Tata Steel Limited has informed the Exchange about  Effective Date  of the Scheme of Amalgamation amongst Tata Steel Limited and The Indian Steel & Wire Products Ltd and their respective shareholders
01-Sep-2024 07:44:01,Amalgamation/Merger,Tata Steel Limited has informed the Exchange about  Effective Date  of the Scheme of Amalgamation amongst Tata Steel Limited and The Indian Steel & Wire Products Ltd and their respective shareholders
30-Aug-2024 12:23:32,Loss of Share Certificates,Tata Steel Limited has informed the Exchange about Loss of Share Certificates
29-Aug-2024 18:35:20,Acquisition,Tata Steel Limited has informed the Exchange about Acquisition
29-Aug-2024 16:26:04,Loss of Share Certificates,Tata Steel Limited has informed the Exchange about Loss of Share Certificates
28-Aug-2024 22:45:14,Credit Rating,Tata Steel Limited has informed the Exchange about Credit Rating
28-Aug-2024 18:16:33,Acquisition,Tata Steel Limited has informed the Exchange about Acquisition of equity stake in T Steel Holdings Pte. Ltd
28-Aug-2024 15:49:28,Loss of Share Certificates,Tata Steel Limited has informed the Exchange about Loss of Share Certificates
28-Aug-2024 15:49:28,Loss of Share Certificates,Tata Steel Limited has informed the Exchange about Loss of Share Certificates
26-Aug-2024 16:54:34,Loss of Share Certificates,Tata Steel Limited has informed the Exchange about Loss of Share Certificates
24-Aug-2024 21:34:58,Scheme of Arrangement,Tata Steel Limited has informed the Exchange about Scheme of Arrangement
24-Aug-2024 21:30:44,Amalgamation/Merger,Tata Steel Limited has informed the Exchange about Amalgamation/Merger
23-Aug-2024 17:03:08,Loss of Share Certificates,Tata Steel Limited has informed the Exchange about Loss of Share Certificates
22-Aug-2024 15:57:21,Loss of Share Certificates,Tata Steel Limited has informed the Exchange about Loss of Share Certificates
21-Aug-2024 18:58:44,Credit Rating,Tata Steel Limited has informed the Exchange about Credit Rating
21-Aug-2024 16:44:08,Loss of Share Certificates,Tata Steel Limited has informed the Exchange about Loss of Share Certificates
19-Aug-2024 14:33:11,Loss of Share Certificates,Tata Steel Limited has informed the Exchange about Loss of Share Certificates
19-Aug-2024 13:23:19,Investor Presentation,Tata Steel Limited has informed the Exchange about Investor Presentation
14-Aug-2024 20:18:28,Updates,Tata Steel Limited has informed the Exchange regarding 'Disclosure pursuant to Regulation 30(4) of the Securities and Exchange Board of India (Listing Obligations and Disclosure Requirements) Regulati
14-Aug-2024 17:40:00,Loss of Share Certificates,Tata Steel Limited has informed the Exchange about Loss of Share Certificates
14-Aug-2024 16:50:57,Acquisition,Tata Steel Limited has informed the Exchange about Acquisition
13-Aug-2024 16:18:51,Loss of Share Certificates,Tata Steel Limited has informed the Exchange about Loss of Share Certificates
13-Aug-2024 16:18:51,Loss of Share Certificates,Tata Steel Limited has informed the Exchange about Loss of Share Certificates
12-Aug-2024 18:35:18,Analysts/Institutional Investor Meet/Con. Call Updates,Tata Steel Limited has informed the Exchange about Schedule of meet
12-Aug-2024 18:20:25,Loss of Share Certificates,Tata Steel Limited has informed the Exchange about Loss of Share Certificates
09-Aug-2024 15:24:58,Loss of Share Certificates,Tata Steel Limited has informed the Exchange about Loss of Share Certificates
07-Aug-2024 18:00:35,Scheme of Arrangement,Tata Steel Limited has informed the Exchange about Scheme of Arrangement
07-Aug-2024 17:58:10,Amalgamation/Merger,Tata Steel Limited has informed the Exchange about Amalgamation/Merger
07-Aug-2024 16:35:36,Loss of Share Certificates,Tata Steel Limited has informed the Exchange about Loss of Share Certificates
07-Aug-2024 16:35:36,Loss of Share Certificates,Tata Steel Limited has informed the Exchange about Loss of Share Certificates
07-Aug-2024 16:11:24,Analysts/Institutional Investor Meet/Con. Call Updates,Tata Steel Limited has informed the Exchange about Transcript
06-Aug-2024 20:50:30,Loss of Share Certificates,Tata Steel Limited has informed the Exchange about Loss of Share Certificates
06-Aug-2024 19:15:06,Scheme of Arrangement,Tata Steel Limited has informed the Exchange about Scheme of Arrangement
06-Aug-2024 19:11:22,Amalgamation/Merger,Tata Steel Limited has informed the Exchange about Amalgamation/Merger
05-Aug-2024 17:17:02,Loss of Share Certificates,Tata Steel Limited has informed the Exchange about Loss of Share Certificates
02-Aug-2024 18:36:38,Loss of Share Certificates,Tata Steel Limited has informed the Exchange about Loss of Share Certificates
02-Aug-2024 18:36:38,Loss of Share Certificates,Tata Steel Limited has informed the Exchange about Loss of Share Certificates
02-Aug-2024 14:31:09,Copy of Newspaper Publication,"Tata Steel Limited has informed the Exchange about Copy of Newspaper Publication for the financial results of Tata Steel Limited for the quarter ended June 30, 2024"
02-Aug-2024 12:20:59,Analysts/Institutional Investor Meet/Con. Call Updates,Tata Steel Limited has informed the Exchange about Link of Recording
01-Aug-2024 21:45:47,Analysts/Institutional Investor Meet/Con. Call Updates,Tata Steel Limited has informed the Exchange about Schedule of meet
01-Aug-2024 13:00:47,Amalgamation/Merger,Tata Steel Limited has informed the Exchange about Amalgamation/Merger
31-Jul-2024 19:37:16,Updates,Tata Steel Limited has informed the Exchange regarding 'Disclosure pursuant to Regulation 30(4) of the Securities and Exchange Board of India (Listing Obligations and Disclosure Requirements) Regulati
31-Jul-2024 19:20:10,Investor Presentation,Tata Steel Limited has informed the Exchange about Investor Presentation
31-Jul-2024 18:58:11,Press Release,"Tata Steel Limited has informed the Exchange regarding a press release dated July 31, 2024, titled ""Tata Steel reports Consolidated EBITDA of Rs 6,822 crores forthe quarter ended June 30, 2024""."
31-Jul-2024 18:22:56,Updates,"Tata Steel Limited has informed the Exchange regarding 'Outcome of Board Meeting held on July 31, 2024'."
31-Jul-2024 18:19:01,Amalgamation/Merger,Tata Steel Limited has informed the Exchange about Scheme of Amalgamation amongst Rujuvalika Investments Limited and Tata Steel Limited and their respective shareholders
31-Jul-2024 18:16:45,Acquisition,Tata Steel Limited has informed the Exchange about Acquisition of 26% equity stake in TP Parivart Ltd and Infusion of funds for subscription to equity shares of Neelachal Ispat Nigam Limited
31-Jul-2024 18:12:20,Outcome of Board Meeting,"Tata Steel Limited has informed the Exchange regarding  Board meeting held on July 31, 2024."
31-Jul-2024 18:10:55,Financial Result Updates," Tata Steel Limited has submitted to the Exchange, the financial results for the period ended June 30, 2024."
31-Jul-2024 17:25:21,Loss of Share Certificates,Tata Steel Limited has informed the Exchange about Loss of Share Certificates
30-Jul-2024 17:44:38,Loss of Share Certificates,Tata Steel Limited has informed the Exchange about Loss of Share Certificates
30-Jul-2024 17:44:38,Loss of Share Certificates,Tata Steel Limited has informed the Exchange about Loss of Share Certificates
29-Jul-2024 18:45:51,Acquisition,Tata Steel Limited has informed the Exchange about Acquisition
29-Jul-2024 17:50:28,Loss of Share Certificates,Tata Steel Limited has informed the Exchange about Loss of Share Certificates
26-Jul-2024 17:50:54,Loss of Share Certificates,Tata Steel Limited has informed the Exchange about Loss of Share Certificates
25-Jul-2024 16:45:12,Loss of Share Certificates,Tata Steel Limited has informed the Exchange about Loss of Share Certificates
24-Jul-2024 15:07:40,Analysts/Institutional Investor Meet/Con. Call Updates,"Tata Steel Limited has informed the Exchange about Schedule of Analyst / Institutional Investor Meeting under the SEBI (Listing Obligations and Disclosure Requirements) Regulations, 2015"
22-Jul-2024 17:23:05,Loss of Share Certificates,Tata Steel Limited has informed the Exchange about Loss of Share Certificates
20-Jul-2024 15:21:48,Amalgamation/Merger,Tata Steel Limited has informed the Exchange about Amalgamation/Merger of AngulEnergy Limited into and with Tata Steel Limited
20-Jul-2024 15:17:00,Scheme of Arrangement,Tata Steel Limited has informed the Exchange about Scheme of Arrangement of AngulEnergy Limited into and with Tata Steel Limited
18-Jul-2024 17:58:39,Loss of Share Certificates,Tata Steel Limited has informed the Exchange about Loss of Share Certificates
17-Jul-2024 20:08:59,Change in Management,Tata Steel Limited has informed the Exchange about change in Management
16-Jul-2024 17:51:51,Loss of Share Certificates,Tata Steel Limited has informed the Exchange about Loss of Share Certificates
16-Jul-2024 00:47:11,Updates,Tata Steel Limited has informed the Exchange regarding 'Voting Results and Summary of the Proceedings of the 117th Annual General Meeting of Tata Steel Limited'.
16-Jul-2024 00:45:09,Shareholders meeting,"Tata Steel Limited has informed the Exchange regarding Proceedings of Annual General Meeting held on July 15, 2024. Further, the company has informed the Exchange regarding voting results along with c"
15-Jul-2024 20:16:36,Loss of Share Certificates,Tata Steel Limited has informed the Exchange about Loss of Share Certificates
15-Jul-2024 15:01:03,Investor Presentation,Tata Steel Limited has informed the Exchange about Investor Presentation
12-Jul-2024 17:58:44,Loss of Share Certificates,Tata Steel Limited has informed the Exchange about Loss of Share Certificates
12-Jul-2024 17:58:44,Loss of Share Certificates,Tata Steel Limited has informed the Exchange about Loss of Share Certificates
10-Jul-2024 17:38:33,Loss of Share Certificates,Tata Steel Limited has informed the Exchange about Loss of Share Certificates
09-Jul-2024 17:57:33,Loss of Share Certificates,Tata Steel Limited has informed the Exchange about Loss of Share Certificates
06-Jul-2024 15:53:55,Press Release,"Tata Steel Limited has informed the Exchange regarding a press release dated July 06, 2024, titled ""Tata Steel: 1QFY2025 Production and Delivery Volumes (Provisional)""."
05-Jul-2024 17:21:54,Loss of Share Certificates,Tata Steel Limited has informed the Exchange about Loss of Share Certificates
04-Jul-2024 16:40:34,"Certificate under SEBI (Depositories and Participants) Regulations, 2018","Tata Steel Limited has informed the Exchange about Certificate under SEBI (Depositories and Participants) Regulations, 2018"
04-Jul-2024 14:44:36,Loss of Share Certificates,Tata Steel Limited has informed the Exchange about Loss of Share Certificates
03-Jul-2024 21:18:17,Amalgamation/Merger,Tata Steel Limited has informed the Exchange about Amalgamation/Merger
03-Jul-2024 21:16:37,Scheme of Arrangement,Tata Steel Limited has informed the Exchange about Scheme of Arrangement
02-Jul-2024 17:23:21,Loss of Share Certificates,Tata Steel Limited has informed the Exchange about Loss of Share Certificates
02-Jul-2024 08:44:13,Press Release,"Tata Steel Limited has informed the Exchange regarding a press release dated July 01, 2024, titled ""Tata Steel UK has received confirmation of suspension of proposed strike action from Unite Union"""
01-Jul-2024 18:14:53,Scheme of Arrangement,Tata Steel Limited has informed the Exchange about Scheme of Arrangement
01-Jul-2024 18:13:22,Amalgamation/Merger,Tata Steel Limited has informed the Exchange about Amalgamation/Merger
01-Jul-2024 17:18:02,Loss of Share Certificates,Tata Steel Limited has informed the Exchange about Loss of Share Certificates
28-Jun-2024 19:10:45,Acquisition,Tata Steel Limited has informed the Exchange about Acquisition
28-Jun-2024 17:28:30,Loss of Share Certificates,Tata Steel Limited has informed the Exchange about Loss of Share Certificates
27-Jun-2024 21:29:16,Updates,"Tata Steel Limited has informed the Exchange regarding 'Intimation to the holders of physical securities to furnish PAN, KYC details and Nomination as per SEBI Master Circular dated May 7, 2024'."
25-Jun-2024 21:43:25,Acquisition,Tata Steel Limited has informed the Exchange about Acquisition
25-Jun-2024 17:23:33,Loss of Share Certificates,Tata Steel Limited has informed the Exchange about Loss of Share Certificates
24-Jun-2024 17:40:45,Loss of Share Certificates,Tata Steel Limited has informed the Exchange about Loss of Share Certificates
24-Jun-2024 15:15:38,Copy of Newspaper Publication,Tata Steel Limited has informed the Exchange about Copy of Newspaper Publication
22-Jun-2024 19:33:21,Updates,Tata Steel Limited has informed the Exchange regarding 'Business Responsibility and Sustainability Report for FY 2023-24'.
22-Jun-2024 19:28:13,Shareholders meeting,"Tata Steel Limited has informed the Exchange regarding Notice of Annual General Meeting to be held on July 15, 2024"
21-Jun-2024 22:43:24,Amalgamation/Merger,Tata Steel Limited has informed the Exchange about Amalgamation/Merger
21-Jun-2024 22:41:47,Scheme of Arrangement,Tata Steel Limited has informed the Exchange about Scheme of Arrangement
21-Jun-2024 19:12:46,Loss of Share Certificates,Tata Steel Limited has informed the Exchange about Loss of Share Certificates
20-Jun-2024 18:44:17,Loss of Share Certificates,Tata Steel Limited has informed the Exchange about Loss of Share Certificates
20-Jun-2024 18:44:17,Loss of Share Certificates,Tata Steel Limited has informed the Exchange about Loss of Share Certificates
20-Jun-2024 18:23:54,Trading Window,"Tata Steel Limited has informed the Exchange regarding the Trading Window closure pursuant to SEBI (Prohibition of Insider Trading) Regulations, 2015"
20-Jun-2024 10:23:26,Analysts/Institutional Investor Meet/Con. Call Updates,Tata Steel Limited has informed the Exchange about Schedule of meet
20-Jun-2024 10:20:38,Analysts/Institutional Investor Meet/Con. Call Updates,Tata Steel Limited has informed the Exchange about Schedule of meet
19-Jun-2024 15:38:48,Loss of Share Certificates,Tata Steel Limited has informed the Exchange about Loss of Share Certificates
18-Jun-2024 17:34:56,Loss of Share Certificates,Tata Steel Limited has informed the Exchange about Loss of Share Certificates
18-Jun-2024 17:34:56,Loss of Share Certificates,Tata Steel Limited has informed the Exchange about Loss of Share Certificates
17-Jun-2024 19:15:24,Loss of Share Certificates,Tata Steel Limited has informed the Exchange about Loss of Share Certificates
14-Jun-2024 16:20:07,Loss of Share Certificates,Tata Steel Limited has informed the Exchange about Loss of Share Certificates
14-Jun-2024 15:09:21,Credit Rating,Tata Steel Limited has informed the Exchange about Credit Rating
13-Jun-2024 21:31:43,Copy of Newspaper Publication,Tata Steel Limited has informed the Exchange about Copy of Newspaper Publication
13-Jun-2024 18:42:14,Loss of Share Certificates,Tata Steel Limited has informed the Exchange about Loss of Share Certificates
12-Jun-2024 12:35:26,Investor Presentation,Tata Steel Limited has informed the Exchange about Investor Presentation
11-Jun-2024 09:57:58,Rumour Verification - Regulation 30(11),Tata Steel Limited submits rumour verification as enclosed.
10-Jun-2024 16:27:22,Loss of Share Certificates,Tata Steel Limited has informed the Exchange about Loss of Share Certificates
07-Jun-2024 22:19:35,Amalgamation/Merger,Tata Steel Limited has informed the Exchange about Amalgamation/Merger
07-Jun-2024 22:19:35,Scheme of Arrangement,Tata Steel Limited has informed the Exchange about Scheme of Arrangement
07-Jun-2024 17:54:37,Loss of Share Certificates,Tata Steel Limited has informed the Exchange about Loss of Share Certificates
07-Jun-2024 17:54:37,Loss of Share Certificates,Tata Steel Limited has informed the Exchange about Loss of Share Certificates
06-Jun-2024 21:18:49,Analysts/Institutional Investor Meet/Con. Call Updates,Tata Steel Limited has informed the Exchange about Schedule of meet
06-Jun-2024 18:04:12,Amalgamation/Merger,Tata Steel Limited has informed the Exchange about Amalgamation/Merger
06-Jun-2024 18:02:20,Scheme of Arrangement,Tata Steel Limited has informed the Exchange about Scheme of Arrangement
06-Jun-2024 12:13:43,Analysts/Institutional Investor Meet/Con. Call Updates,Tata Steel Limited has informed the Exchange about Transcript
06-Jun-2024 09:16:21,Rumour Verification - Regulation 30(11),News Clarification
05-Jun-2024 18:48:33,Loss of Share Certificates,Tata Steel Limited has informed the Exchange about Loss of Share Certificates
04-Jun-2024 17:54:52,Loss of Share Certificates,Tata Steel Limited has informed the Exchange about Loss of Share Certificates
04-Jun-2024 16:42:46,Copy of Newspaper Publication,Tata Steel Limited has informed the Exchange about Copy of Newspaper Publication
04-Jun-2024 12:36:22,Change in Management,Tata Steel Limited has informed the Exchange about change in Management
31-May-2024 21:14:36,Copy of Newspaper Publication,Tata Steel Limited has informed the Exchange about Copy of Newspaper Publication
31-May-2024 19:17:39,Updates,Tata Steel Limited has informed the Exchange regarding 'Communication to Shareholders - Intimation on Tax Deduction on Dividend'.
31-May-2024 15:56:45,Copy of Newspaper Publication,Tata Steel Limited has informed the Exchange about Copy of Newspaper Publication
30-May-2024 21:46:30,Analysts/Institutional Investor Meet/Con. Call Updates,Tata Steel Limited has informed the Exchange about Link of Recording
30-May-2024 18:02:27,Analysts/Institutional Investor Meet/Con. Call Updates,Tata Steel Limited has informed the Exchange about Schedule of meet
30-May-2024 17:48:54,Loss of Share Certificates,Tata Steel Limited has informed the Exchange about Loss of Share Certificates
30-May-2024 17:28:25,Copy of Newspaper Publication,Tata Steel Limited has informed the Exchange about Copy of Newspaper Publication
29-May-2024 19:25:41,Press Release,"Tata Steel Limited has informed the Exchange regarding a press release dated May 29, 2024, titled ""Tata Steel reports Consolidated EBITDA of Rs 23,402 crores for FY2024""."
29-May-2024 19:22:24,Investor Presentation,Tata Steel Limited has informed the Exchange about Investor Presentation
29-May-2024 19:06:43,Dividend Updates,Tata Steel Limited has informed the Exchange about Dividend Updates
29-May-2024 19:05:50,Updates,"Tata Steel Limited has informed the Exchange regarding 'Outcome of Board Meeting of Tata Steel held on May 29, 2024'."
29-May-2024 18:58:28,Issue of Securities,Tata Steel Limited has informed the Exchange about issue of Securities
29-May-2024 18:55:41,Acquisition,Tata Steel Limited has informed the Exchange about Acquisition - Investment in T Steel Holdings Pte. Ltd
29-May-2024 18:53:44,Record Date,Tata Steel Limited has informed the Exchange that Record date for the purpose of Dividend  is 21-Jun-2024.
29-May-2024 18:52:03,Dividend,"Tata Steel Limited has informed the Exchange that Board of Directors at its meeting held on May 29, 2024, recommended Final Dividend of Rs. 3.60 per equity share."
29-May-2024 18:49:08,Dividend,"Tata Steel Limited has informed the Exchange that Board of Directors at its meeting held on May 29, 2024, recommended Final Dividend of 3.60 per equity share."
29-May-2024 18:47:10,Financial Result Updates,"Tata Steel Limited has submitted to the Exchange, the financial results for the period ended March 31, 2024."
29-May-2024 15:19:01,Loss of Share Certificates,Tata Steel Limited has informed the Exchange about Loss of Share Certificates
28-May-2024 21:37:49,Copy of Newspaper Publication,Tata Steel Limited has informed the Exchange about Copy of Newspaper Publication
28-May-2024 17:37:09,Loss of Share Certificates,Tata Steel Limited has informed the Exchange about Loss of Share Certificates
27-May-2024 17:37:02,Loss of Share Certificates,Tata Steel Limited has informed the Exchange about Loss of Share Certificates
24-May-2024 20:03:58,Updates,"Tata Steel Limited has informed the Exchange regarding 'Disclosure under Regulation 30 of Securities and Exchange Board of India (Listing Obligations and Disclosure Requirements) Regulations, 2015'."
24-May-2024 19:28:30,Analysts/Institutional Investor Meet/Con. Call Updates,Tata Steel Limited has informed the Exchange about Schedule of meet and Invite and guidelines for participation
24-May-2024 18:38:39,Amalgamation/Merger,Tata Steel Limited has informed the Exchange about Amalgamation/Merger
24-May-2024 18:36:30,Scheme of Arrangement,Tata Steel Limited has informed the Exchange about Scheme of Arrangement
23-May-2024 19:23:24,Loss of Share Certificates,Tata Steel Limited has informed the Exchange about Loss of Share Certificates
22-May-2024 18:20:57,Copy of Newspaper Publication,Tata Steel Limited has informed the Exchange about Copy of Newspaper Publication
22-May-2024 17:13:57,Loss of Share Certificates,Tata Steel Limited has informed the Exchange about Loss of Share Certificates
21-May-2024 17:35:42,Loss of Share Certificates,Tata Steel Limited has informed the Exchange about Loss of Share Certificates
17-May-2024 17:55:55,Loss of Share Certificates,Tata Steel Limited has informed the Exchange about Loss of Share Certificates
16-May-2024 18:20:03,Loss of Share Certificates,Tata Steel Limited has informed the Exchange about Loss of Share Certificates
16-May-2024 18:20:03,Loss of Share Certificates,Tata Steel Limited has informed the Exchange about Loss of Share Certificates
15-May-2024 17:43:31,Loss of Share Certificates,Tata Steel Limited has informed the Exchange about Loss of Share Certificates
14-May-2024 17:35:30,Loss of Share Certificates,Tata Steel Limited has informed the Exchange about Loss of Share Certificates
13-May-2024 17:19:42,Loss of Share Certificates,Tata Steel Limited has informed the Exchange about Loss of Share Certificates
13-May-2024 17:19:42,Loss of Share Certificates,Tata Steel Limited has informed the Exchange about Loss of Share Certificates
10-May-2024 18:12:44,Loss of Share Certificates,Tata Steel Limited has informed the Exchange about Loss of Share Certificates
10-May-2024 18:12:44,Loss of Share Certificates,Tata Steel Limited has informed the Exchange about Loss of Share Certificates
09-May-2024 18:08:38,Acquisition,Tata Steel Limited has informed the Exchange about Acquisition
09-May-2024 16:42:09,Loss of Share Certificates,Tata Steel Limited has informed the Exchange about Loss of Share Certificates
08-May-2024 17:32:49,Loss of Share Certificates,Tata Steel Limited has informed the Exchange about Loss of Share Certificates
06-May-2024 18:12:16,Loss of Share Certificates,Tata Steel Limited has informed the Exchange about Loss of Share Certificates
03-May-2024 18:02:54,Copy of Newspaper Publication,Newspaper Advertisement - Notice of Hearing of Company Scheme Petition
02-May-2024 17:11:32,Loss of Share Certificates,Tata Steel Limited has informed the Exchange about Loss of Share Certificates
30-Apr-2024 17:18:37,Loss of Share Certificates,Tata Steel Limited has informed the Exchange about Loss of Share Certificates
29-Apr-2024 19:16:49,Loss of Share Certificates,Tata Steel Limited has informed the Exchange about Loss of Share Certificates
29-Apr-2024 19:16:49,Loss of Share Certificates,Tata Steel Limited has informed the Exchange about Loss of Share Certificates
29-Apr-2024 19:01:38,Shareholders meeting,"Tata Steel Limited has informed the Exchange regarding Proceedings of Postal Ballot. Further, the company has submitted the Exchange a copy of Srutinizers report along with voting results."
25-Apr-2024 20:59:15,Press Release,"Tata Steel Limited has informed the Exchange regarding a press release dated April 25, 2024, titled ""Following 7 months of formal and informal national level discussions with the UK trade unions, Tata"
25-Apr-2024 17:36:51,Loss of Share Certificates,Tata Steel Limited has informed the Exchange about Loss of Share Certificates
23-Apr-2024 18:10:37,Loss of Share Certificates,Tata Steel Limited has informed the Exchange about Loss of Share Certificates
19-Apr-2024 17:23:52,Loss of Share Certificates,Tata Steel Limited has informed the Exchange about Loss of Share Certificates
19-Apr-2024 16:07:10,Scheme of Arrangement,Tata Steel Limited has informed the Exchange about Scheme of Arrangement
19-Apr-2024 16:04:59,Amalgamation/Merger,Tata Steel Limited has informed the Exchange about Amalgamation/Merger
19-Apr-2024 13:16:20,Loss of Share Certificates,Tata Steel Limited has informed the Exchange about Loss of Share Certificates
18-Apr-2024 17:07:38,Loss of Share Certificates,Tata Steel Limited has informed the Exchange about Loss of Share Certificates
17-Apr-2024 22:53:01,Loss of Share Certificates,Tata Steel Limited has informed the Exchange about Loss of Share Certificates
16-Apr-2024 19:27:28,Loss of Share Certificates,Tata Steel Limited has informed the Exchange about Loss of Share Certificates
15-Apr-2024 18:26:01,Loss of Share Certificates,Tata Steel Limited has informed the Exchange about Loss of Share Certificates
13-Apr-2024 15:23:11,Updates,"Tata Steel Limited has informed the Exchange regarding 'Order from Regional Director, Eastern Region, Ministry of Corporate Affairs, in the matter of Compounding of Offences under the Companies Act, 2"
12-Apr-2024 18:16:49,Loss of Share Certificates,Tata Steel Limited has informed the Exchange about Loss of Share Certificates
11-Apr-2024 17:24:38,Loss of Share Certificates,Tata Steel Limited has informed the Exchange about Loss of Share Certificates
10-Apr-2024 18:52:43,Registrar & Share Transfer Agent Update,Tata Steel Limited has informed the Exchange about Registrar & Share Transfer Agent Update
10-Apr-2024 17:30:32,Loss of Share Certificates,Tata Steel Limited has informed the Exchange about Loss of Share Certificates
08-Apr-2024 20:44:31,"Certificate under SEBI (Depositories and Participants) Regulations, 2018","Tata Steel Limited has informed the Exchange about Certificate under SEBI (Depositories and Participants) Regulations, 2018"
08-Apr-2024 17:03:38,Loss of Share Certificates,Tata Steel Limited has informed the Exchange about Loss of Share Certificates
05-Apr-2024 22:36:29,Press Release,"Tata Steel Limited has informed the Exchange regarding a press release dated April 05, 2024, titled ""Tata Steel: 4QFY2024 and FY2024 Production and Delivery Volumes (Provisional)""."
04-Apr-2024 17:29:33,Loss of Share Certificates,Tata Steel Limited has informed the Exchange about Loss of Share Certificates
03-Apr-2024 17:59:27,Loss of Share Certificates,Tata Steel Limited has informed the Exchange about Loss of Share Certificates
02-Apr-2024 23:21:42,Updates,"Tata Steel Limited has informed the Exchange regarding 'Disclosure under Regulation 30 of Securities and Exchange Board of India (Listing Obligations and Disclosure Requirements) Regulations, 2015'."
01-Apr-2024 19:59:04,Loss of Share Certificates,Tata Steel Limited has informed the Exchange about Loss of Share Certificates
01-Apr-2024 19:59:04,Loss of Share Certificates,Tata Steel Limited has informed the Exchange about Loss of Share Certificates
30-Mar-2024 14:19:22,Copy of Newspaper Publication,Tata Steel Limited has informed the Exchange about Copy of Newspaper Publication
28-Mar-2024 19:59:36,Loss of Share Certificates,Tata Steel Limited has informed the Exchange about Loss of Share Certificates
28-Mar-2024 16:24:54,Shareholders meeting,Tata Steel Limited has informed the Exchange regarding Notice of Postal Ballot
28-Mar-2024 12:23:36,Loss of Share Certificates,Tata Steel Limited has informed the Exchange about Loss of Share Certificates
27-Mar-2024 18:16:19,Loss of Share Certificates,Tata Steel Limited has informed the Exchange about Loss of Share Certificates
27-Mar-2024 12:15:22,Allotment of Securities,Tata Steel Limited has informed the Exchange regarding allotment of 270000 securities.
26-Mar-2024 16:46:00,Loss of Share Certificates,Tata Steel Limited has informed the Exchange about Loss of Share Certificates
22-Mar-2024 18:09:52,Loss of Share Certificates,Tata Steel Limited has informed the Exchange about Loss of Share Certificates
22-Mar-2024 17:03:10,Trading Window,"Tata Steel Limited has informed the Exchange regarding the Trading Window closure pursuant to SEBI (Prohibition of Insider Trading) Regulations, 2015"
20-Mar-2024 17:31:18,Loss of Share Certificates,Tata Steel Limited has informed the Exchange about Loss of Share Certificates
19-Mar-2024 14:21:10,Issue of Securities,Tata Steel Limited has informed the Exchange about issue of Securities
19-Mar-2024 14:19:47,Outcome of Board Meeting,"Tata Steel Limited has informed the Exchange regarding  Board meeting held on March 19, 2024."
18-Mar-2024 20:59:47,Loss of Share Certificates,Tata Steel Limited has informed the Exchange about Loss of Share Certificates
18-Mar-2024 19:23:06,Press Release,"Tata Steel Limited has informed the Exchange regarding a press release dated March 18, 2024, titled ""Submission of Press Release - Update on Tata Steel UK""."
15-Mar-2024 18:30:27,Loss of Share Certificates,Tata Steel Limited has informed the Exchange about Loss of Share Certificates
14-Mar-2024 18:00:27,Loss of Share Certificates,Tata Steel Limited has informed the Exchange about Loss of Share Certificates
12-Mar-2024 19:06:51,Loss of Share Certificates,Tata Steel Limited has informed the Exchange about Loss of Share Certificates
11-Mar-2024 17:55:29,Loss of Share Certificates,Tata Steel Limited has informed the Exchange about Loss of Share Certificates
06-Mar-2024 20:47:57,Analysts/Institutional Investor Meet/Con. Call Updates,Tata Steel Limited has informed the Exchange about Schedule of meet
06-Mar-2024 19:14:18,Loss of Share Certificates,Tata Steel Limited has informed the Exchange about Loss of Share Certificates
06-Mar-2024 19:14:18,Loss of Share Certificates,Tata Steel Limited has informed the Exchange about Loss of Share Certificates
05-Mar-2024 17:57:03,Loss of Share Certificates,Tata Steel Limited has informed the Exchange about Loss of Share Certificates
04-Mar-2024 20:13:05,Loss of Share Certificates,Tata Steel Limited has informed the Exchange about Loss of Share Certificates
04-Mar-2024 19:38:33,Shareholders meeting,Tata Steel Limited has informed the Exchange about outcome of Postal Ballot including scrutinizer's report
01-Mar-2024 15:40:00,Loss of Share Certificates,Tata Steel Limited has informed the Exchange about Loss of Share Certificates
29-Feb-2024 17:51:03,Loss of Share Certificates,Tata Steel Limited has informed the Exchange about Loss of Share Certificates
28-Feb-2024 17:33:14,Loss of Share Certificates,Tata Steel Limited has informed the Exchange about Loss of Share Certificates
27-Feb-2024 17:32:54,Loss of Share Certificates,Tata Steel Limited has informed the Exchange about Loss of Share Certificates
26-Feb-2024 17:56:18,Loss of Share Certificates,Tata Steel Limited has informed the Exchange about Loss of Share Certificates
23-Feb-2024 17:28:44,Loss of Share Certificates,Tata Steel Limited has informed the Exchange about Loss of Share Certificates
23-Feb-2024 17:28:44,Loss of Share Certificates,Tata Steel Limited has informed the Exchange about Loss of Share Certificates
21-Feb-2024 17:22:04,Loss of Share Certificates,Tata Steel Limited has informed the Exchange about Loss of Share Certificates
20-Feb-2024 17:56:53,Amalgamation/Merger,Tata Steel Limited has informed the Exchange about Amalgamation/Merger
20-Feb-2024 17:54:58,Scheme of Arrangement,Tata Steel Limited has informed the Exchange about Scheme of Arrangement
20-Feb-2024 17:38:37,Loss of Share Certificates,Tata Steel Limited has informed the Exchange about Loss of Share Certificates
19-Feb-2024 17:39:58,Loss of Share Certificates,Tata Steel Limited has informed the Exchange about Loss of Share Certificates
16-Feb-2024 15:06:25,Analysts/Institutional Investor Meet/Con. Call Updates,Tata Steel Limited has informed the Exchange about Schedule of meet
14-Feb-2024 17:24:13,Loss of Share Certificates,Tata Steel Limited has informed the Exchange about Loss of Share Certificates
13-Feb-2024 17:35:51,Analysts/Institutional Investor Meet/Con. Call Updates,Tata Steel Limited has informed the Exchange about Schedule of meet
12-Feb-2024 17:41:53,Loss of Share Certificates,Tata Steel Limited has informed the Exchange about Loss of Share Certificates
09-Feb-2024 22:49:41,Shareholders meeting,"Tata Steel Limited has informed the Exchange regarding Proceedings of Court Convened General Meeting held on February 09, 2024. Further, the company has submitted the Exchange a copy of Srutinizers re"
09-Feb-2024 16:38:49,Loss of Share Certificates,Tata Steel Limited has informed the Exchange about Loss of Share Certificates
08-Feb-2024 21:12:46,Loss of Share Certificates,Tata Steel Limited has informed the Exchange about Loss of Share Certificates
08-Feb-2024 17:02:24,Amalgamation/Merger,Tata Steel Limited has informed the Exchange about Amalgamation/Merger
08-Feb-2024 17:01:12,Scheme of Arrangement,Tata Steel Limited has informed the Exchange about Scheme of Arrangement
08-Feb-2024 16:59:46,Allotment of Securities,"Tata Steel Limited has informed the Exchange regarding allotment of 99701239 securities pursuant to Scheme of Arrangement/Amalgamation at its meeting held on February 08, 2024"
07-Feb-2024 19:28:41,Analysts/Institutional Investor Meet/Con. Call Updates,Tata Steel Limited has informed the Exchange about Schedule of meet
07-Feb-2024 19:26:15,Analysts/Institutional Investor Meet/Con. Call Updates,Tata Steel Limited has informed the Exchange about Schedule of meet
07-Feb-2024 18:34:05,Loss of Share Certificates,Tata Steel Limited has informed the Exchange about Loss of Share Certificates
07-Feb-2024 10:12:33,Press Release,"Tata Steel Limited has informed the Exchange regarding a press release dated February 07, 2024, titled ""Update on the Amalgamation of strategic businesses into Tata Steel""."
07-Feb-2024 10:04:49,Scheme of Arrangement,Tata Steel Limited has informed the Exchange about Scheme of Arrangement
07-Feb-2024 10:04:49,Amalgamation/Merger,Tata Steel Limited has informed the Exchange about Amalgamation/Merger
06-Feb-2024 16:28:13,Loss of Share Certificates,Tata Steel Limited has informed the Exchange about Loss of Share Certificates
03-Feb-2024 16:22:12,Copy of Newspaper Publication,Tata Steel Limited has informed the Exchange about Copy of Newspaper Publication
02-Feb-2024 18:46:54,Analysts/Institutional Investor Meet/Con. Call Updates,Tata Steel Limited has informed the Exchange about Transcript
02-Feb-2024 17:25:27,Loss of Share Certificates,Tata Steel Limited has informed the Exchange about Loss of Share Certificates
01-Feb-2024 18:18:40,Loss of Share Certificates,Tata Steel Limited has informed the Exchange about Loss of Share Certificates
01-Feb-2024 17:11:25,Shareholders meeting,Tata Steel Limited has informed the Exchange regarding Notice of Postal Ballot
01-Feb-2024 15:40:40,Loss of Share Certificates,Tata Steel Limited has informed the Exchange about Loss of Share Certificates
01-Feb-2024 01:32:44,Amalgamation/Merger,Effective Date of the Scheme of Amalgamation amongst Tata Steel Limited and Tata Metaliks Limited and their respective shareholders
01-Feb-2024 01:28:06,Scheme of Arrangement,Effective Date of the Scheme of Amalgamation amongst Tata Steel Limited and Tata Metaliks Limited and their respective shareholders
31-Jan-2024 18:08:10,Loss of Share Certificates,Tata Steel Limited has informed the Exchange about Loss of Share Certificates
30-Jan-2024 18:11:56,Loss of Share Certificates,Tata Steel Limited has informed the Exchange about Loss of Share Certificates
29-Jan-2024 19:05:38,Loss of Share Certificates,Tata Steel Limited has informed the Exchange about Loss of Share Certificates
29-Jan-2024 11:35:52,Updates,"Tata Steel Limited has informed the Exchange regarding 'Notice seeking representations, if any, on the Scheme of Amalgamation amongst Tata Steel Limited and Angul Energy Limited and their respective s"
27-Jan-2024 11:26:33,Copy of Newspaper Publication,Tata Steel Limited has informed the Exchange about Copy of Newspaper Publication
25-Jan-2024 19:16:44,Analysts/Institutional Investor Meet/Con. Call Updates,Tata Steel Limited has informed the Exchange about Link of Recording
25-Jan-2024 17:58:09,Shareholders meeting,"Summary of Proceedings and Voting Results of the Meeting of the Equity Shareholders of Tata Steel Limited  convened pursuant to the directions of the Hon ble National Company Law Tribunal, Mumbai Benc"
25-Jan-2024 17:15:21,Loss of Share Certificates,Tata Steel Limited has informed the Exchange about Loss of Share Certificates
24-Jan-2024 23:24:41,Loss of Share Certificates,Tata Steel Limited has informed the Exchange about Loss of Share Certificates
24-Jan-2024 23:24:41,Loss of Share Certificates,Tata Steel Limited has informed the Exchange about Loss of Share Certificates
24-Jan-2024 19:25:12,Investor Presentation,Tata Steel Limited has informed the Exchange about Investor Presentation
24-Jan-2024 19:22:32,Press Release,"Tata Steel Limited has informed the Exchange regarding a press release dated January 24, 2024, titled ""Tata Steel reports ConsolidatedEBITDA of Rs 16,771 crores for the first nine months of the financ"
24-Jan-2024 19:02:41,Updates,Tata Steel Limited has informed the Exchange regarding ' Outcome of Board Meeting of Tata Steel Limited'.
24-Jan-2024 19:00:07,Amalgamation/Merger,Tata Steel Limited has informed the Exchange about Amalgamation/Merger
24-Jan-2024 18:58:10,Scheme of Arrangement,Tata Steel Limited has informed the Exchange about Scheme of Arrangement
24-Jan-2024 18:56:09,Outcome of Board Meeting,"Tata Steel Limited has informed the Exchange regarding  Board meeting held on January 24, 2024."
24-Jan-2024 18:53:28,Issue of Securities,Tata Steel Limited has informed the Exchange about issue of Securities
24-Jan-2024 18:51:48,Outcome of Board Meeting,"Tata Steel Limited has informed the Exchange regarding Outcome of Board Meeting held on January 24, 2024."
24-Jan-2024 18:49:19,Financial Result Updates,"Tata Steel Limited has submitted to the Exchange, the financial results for the period ended December 31, 2023."
22-Jan-2024 22:36:25,Analysts/Institutional Investor Meet/Con. Call Updates,"Tata Steel Limited has informed the Exchange about revised details of the  Tata Steel 3QFY2024 Earnings Discussion  scheduled to be held on Thursday, January 25, 2024"
21-Jan-2024 14:22:58,Amalgamation/Merger,Tata Steel Limited has informed the Exchange about Amalgamation/Merger
21-Jan-2024 14:20:42,Scheme of Arrangement,Tata Steel Limited has informed the Exchange about Scheme of Arrangement
21-Jan-2024 14:17:58,Allotment of Securities,"Tata Steel Limited has informed the Exchange regarding allotment of 86492993 securities pursuant to Scheme of Arrangement/Amalgamation at its meeting held on 0 ,"
19-Jan-2024 18:02:00,Press Release,"Tata Steel Limited has informed the Exchange regarding a press release dated January 19, 2024, titled ""Tata Steel announces next steps towards its ambitious transformation from blast furnaces to green"
19-Jan-2024 17:25:57,Loss of Share Certificates,Tata Steel Limited has informed the Exchange about Loss of Share Certificates
17-Jan-2024 20:02:54,Analysts/Institutional Investor Meet/Con. Call Updates,Tata Steel Limited has informed the Exchange about Schedule of meet and Details for joining the call
16-Jan-2024 21:16:45,Amalgamation/Merger,Tata Steel Limited has informed the Exchange about Amalgamation/Merger
16-Jan-2024 21:14:31,Scheme of Arrangement,Tata Steel Limited has informed the Exchange about Scheme of Arrangement
15-Jan-2024 17:59:32,Loss of Share Certificates,Tata Steel Limited has informed the Exchange about Loss of Share Certificates
15-Jan-2024 01:45:58,Scheme of Arrangement,Effective Date  of the Scheme of Amalgamation amongst Tata Steel Limitedand The Tinplate Company of India Limited and their respective shareholders
15-Jan-2024 01:44:26,Amalgamation/Merger,Tata Steel Limited has informed the Exchange about  Effective Date  of the Scheme of Amalgamation amongst Tata Steel Limited
12-Jan-2024 18:01:59,Loss of Share Certificates,Tata Steel Limited has informed the Exchange about Loss of Share Certificates
11-Jan-2024 19:10:00,Loss of Share Certificates,Tata Steel Limited has informed the Exchange about Loss of Share Certificates
11-Jan-2024 18:40:33,Amalgamation/Merger,Tata Steel Limited has informed the Exchange about Amalgamation/Merger
11-Jan-2024 18:38:48,Scheme of Arrangement,Tata Steel Limited has informed the Exchange about Scheme of Arrangement
10-Jan-2024 22:06:41,Updates,"Tata Steel Limited has informed the Exchange regarding 'Notice seeking representations, if any, on the Scheme of Amalgamation amongst Tata Steel Limited and The Indian Steel & Wire Products Limited an"
08-Jan-2024 18:31:19,Loss of Share Certificates,Tata Steel Limited has informed the Exchange about Loss of Share Certificates
08-Jan-2024 17:32:52,Loss of Share Certificates,Tata Steel Limited has informed the Exchange about Loss of Share Certificates
08-Jan-2024 10:53:43,Amalgamation/Merger,Tata Steel Limited has informed the Exchange about Amalgamation/Merger
08-Jan-2024 10:52:22,Scheme of Arrangement,Tata Steel Limited has informed the Exchange about Scheme of Arrangement
06-Jan-2024 16:25:00,Copy of Newspaper Publication,Tata Steel Limited has informed the Exchange about Copy of Newspaper Publication
05-Jan-2024 20:28:30,Press Release,"Tata Steel Limited has informed the Exchange regarding a press release dated January 05, 2024, titled ""Tata Steel: 3QFY2024 Production and Delivery Volumes (Provisional)""."
05-Jan-2024 19:15:12,Shareholders meeting,"Tata Steel Limited has informed the Exchange regarding Notice of Court Covened General Meeting to be held on February 09, 2024"
05-Jan-2024 18:08:31,Loss of Share Certificates,Tata Steel Limited has informed the Exchange about Loss of Share Certificates
04-Jan-2024 19:31:23,Copy of Newspaper Publication,Tata Steel Limited has informed the Exchange about Copy of Newspaper Publication
04-Jan-2024 19:23:09,"Certificate under SEBI (Depositories and Participants) Regulations, 2018","Tata Steel Limited has informed the Exchange about Certificate under SEBI (Depositories and Participants) Regulations, 2018"
03-Jan-2024 19:40:19,Loss of Share Certificates,Tata Steel Limited has informed the Exchange about Loss of Share Certificates
03-Jan-2024 19:40:19,Loss of Share Certificates,Tata Steel Limited has informed the Exchange about Loss of Share Certificates
02-Jan-2024 18:40:08,Loss of Share Certificates,Tata Steel Limited has informed the Exchange about Loss of Share Certificates
02-Jan-2024 17:46:35,Loss of Share Certificates,Tata Steel Limited has informed the Exchange about Loss of Share Certificates
01-Jan-2024 20:54:27,Amalgamation/Merger,"Pronouncement of Order by the Hon ble National Company Law Tribunal, KolkataBench sanctioning the Scheme of Amalgamation amongst Tata Steel Limited and TheTinplate Company of India Limited and their r"
01-Jan-2024 20:51:49,Scheme of Arrangement,"Pronouncement of Order by the Hon ble National Company Law Tribunal, KolkataBench sanctioning the Scheme of Amalgamation amongst Tata Steel Limited and TheTinplate Company of India Limited and their r"
31-Dec-2023 16:58:18,Updates,Intimation of merger of TSR Consultants Private Limited (Registrar and Transfer Agentsof the Company) with Link Intime India Private Limited
29-Dec-2023 17:15:15,Loss of Share Certificates,Tata Steel Limited has informed the Exchange about Loss of Share Certificates
28-Dec-2023 18:14:24,Updates,"Tata Steel Limited has informed the Exchange regarding 'Communication dated December 15, 2023, received from Uttar Pradesh StatePollution Control Board'."
28-Dec-2023 17:17:40,Loss of Share Certificates,Tata Steel Limited has informed the Exchange about Loss of Share Certificates
27-Dec-2023 21:08:13,Updates,"Tata Steel Limited has informed the Exchange regarding 'Order from the Office of Superintendent, CGST & Central Excise, Guwahati'."
27-Dec-2023 16:55:18,Loss of Share Certificates,Tata Steel Limited has informed the Exchange about Loss of Share Certificates
23-Dec-2023 17:02:00,Copy of Newspaper Publication,Tata Steel Limited has informed the Exchange about Copy of Newspaper Publication of the Notice convening the Meeting of Equity Shareholders of Tata Steel Limited
22-Dec-2023 17:12:29,Shareholders meeting,"Tata Steel Limited has informed the Exchange regarding Notice of Court Convened General Meeting to be held on Thursday, January 25, 2024 at 11.00 a.m. (IST) through VC/OAVM mode"
22-Dec-2023 16:26:44,Loss of Share Certificates,Tata Steel Limited has informed the Exchange about Loss of Share Certificates
21-Dec-2023 18:42:03,Copy of Newspaper Publication,Tata Steel Limited has informed the Exchange about Copy of Newspaper Publication
20-Dec-2023 17:45:08,Loss of Share Certificates,Tata Steel Limited has informed the Exchange about Loss of Share Certificates
19-Dec-2023 17:35:14,Loss of Share Certificates,Tata Steel Limited has informed the Exchange about Loss of Share Certificates
19-Dec-2023 17:03:09,Trading Window,"Tata Steel Limited has informed the Exchange regarding the Trading Window closure pursuant to SEBI (Prohibition of Insider Trading) Regulations, 2015"
18-Dec-2023 18:21:46,Loss of Share Certificates,Tata Steel Limited has informed the Exchange about Loss of Share Certificates
12-Dec-2023 17:45:31,Loss of Share Certificates,Tata Steel Limited has informed the Exchange about Loss of Share Certificates
11-Dec-2023 18:40:11,Analysts/Institutional Investor Meet/Con. Call Updates,Tata Steel Limited has informed the Exchange about Schedule of meet
11-Dec-2023 17:44:14,Loss of Share Certificates,Tata Steel Limited has informed the Exchange about Loss of Share Certificates
08-Dec-2023 18:03:09,Loss of Share Certificates,Tata Steel Limited has informed the Exchange about Loss of Share Certificates
07-Dec-2023 17:33:13,Loss of Share Certificates,Tata Steel Limited has informed the Exchange about Loss of Share Certificates
06-Dec-2023 18:16:26,Loss of Share Certificates,Tata Steel Limited has informed the Exchange about Loss of Share Certificates
05-Dec-2023 17:31:16,Loss of Share Certificates,Tata Steel Limited has informed the Exchange about Loss of Share Certificates
01-Dec-2023 17:56:34,Amalgamation/Merger,Tata Steel Limited has informed the Exchange about Amalgamation/Merger
01-Dec-2023 17:54:54,Scheme of Arrangement,Tata Steel Limited has informed the Exchange about Scheme of Arrangement
01-Dec-2023 15:26:41,Analysts/Institutional Investor Meet/Con. Call Updates,Tata Steel Limited has informed the Exchange about Schedule of meet
30-Nov-2023 17:18:45,Loss of Share Certificates,Tata Steel Limited has informed the Exchange about Loss of Share Certificates
30-Nov-2023 17:18:45,Loss of Share Certificates,Tata Steel Limited has informed the Exchange about Loss of Share Certificates
29-Nov-2023 17:39:08,Loss of Share Certificates,Tata Steel Limited has informed the Exchange about Loss of Share Certificates
29-Nov-2023 10:58:50,Loss of Share Certificates,Tata Steel Limited has informed the Exchange about Loss of Share Certificates
28-Nov-2023 19:18:03,Analysts/Institutional Investor Meet/Con. Call Updates,Tata Steel Limited has informed the Exchange about Schedule of meet
28-Nov-2023 19:15:11,Analysts/Institutional Investor Meet/Con. Call Updates,Tata Steel Limited has informed the Exchange about Schedule of meet
27-Nov-2023 10:44:47,Change in Management,Tata Steel Limited has informed the Exchange about change in Management
24-Nov-2023 17:32:07,Loss of Share Certificates,Tata Steel Limited has informed the Exchange about Loss of Share Certificates
23-Nov-2023 18:53:01,Analysts/Institutional Investor Meet/Con. Call Updates,Tata Steel Limited has informed the Exchange about Schedule of meet
23-Nov-2023 18:12:36,Loss of Share Certificates,Tata Steel Limited has informed the Exchange about Loss of Share Certificates
23-Nov-2023 10:12:21,Allotment of Securities,"Tata Steel Limited has informed the Exchange regarding allotment of 7,58,00,309 securities pursuant to Scheme of Arrangement/Amalgamation at its meeting held on November 22, 2023"
22-Nov-2023 19:49:42,Amalgamation/Merger,Tata Steel Limited has informed the Exchange about Amalgamation/Merger
22-Nov-2023 19:48:08,Scheme of Arrangement,Tata Steel Limited has informed the Exchange about Scheme of Arrangement
22-Nov-2023 18:47:53,Amalgamation/Merger,Tata Steel Limited has informed the Exchange about Amalgamation/Merger
22-Nov-2023 18:46:14,Scheme of Arrangement,Tata Steel Limited has informed the Exchange about Scheme of Arrangement
22-Nov-2023 18:41:29,Loss of Share Certificates,Tata Steel Limited has informed the Exchange about Loss of Share Certificates
22-Nov-2023 18:41:29,Loss of Share Certificates,Tata Steel Limited has informed the Exchange about Loss of Share Certificates
21-Nov-2023 17:37:45,Loss of Share Certificates,Tata Steel Limited has informed the Exchange about Loss of Share Certificates
20-Nov-2023 17:11:37,Loss of Share Certificates,Tata Steel Limited has informed the Exchange about Loss of Share Certificates
17-Nov-2023 15:45:22,Loss of Share Certificates,Tata Steel Limited has informed the Exchange about Loss of Share Certificates
16-Nov-2023 19:07:56,Analysts/Institutional Investor Meet/Con. Call Updates,Tata Steel Limited has informed the Exchange about Schedule of meet
16-Nov-2023 17:54:51,Loss of Share Certificates,Tata Steel Limited has informed the Exchange about Loss of Share Certificates
15-Nov-2023 14:23:40,Loss of Share Certificates,Tata Steel Limited has informed the Exchange about Loss of Share Certificates
15-Nov-2023 04:39:16,Change in Management,Tata Steel Limited has informed the Exchange about change in Management
15-Nov-2023 04:30:40,Amalgamation/Merger,Effective Date  of the Scheme of Amalgamation amongst Tata Steel Limited and Tata Steel Long Products Limited and their respective shareholders
15-Nov-2023 04:27:27,Scheme of Arrangement,Effective Date  of the Scheme of Amalgamation amongst Tata Steel Limited and Tata Steel Long Products Limited and their respective shareholders
10-Nov-2023 20:28:07,Amalgamation/Merger,Tata Steel Limited has informed the Exchange about Amalgamation/Merger
10-Nov-2023 20:26:39,Scheme of Arrangement,Tata Steel Limited has informed the Exchange about Scheme of Arrangement
10-Nov-2023 17:19:38,Loss of Share Certificates,Tata Steel Limited has informed the Exchange about Loss of Share Certificates
09-Nov-2023 15:32:12,Loss of Share Certificates,Tata Steel Limited has informed the Exchange about Loss of Share Certificates
09-Nov-2023 15:32:12,Loss of Share Certificates,Tata Steel Limited has informed the Exchange about Loss of Share Certificates
09-Nov-2023 10:06:21,Analysts/Institutional Investor Meet/Con. Call Updates,Tata Steel Limited has informed the Exchange about Transcript
08-Nov-2023 17:49:49,Loss of Share Certificates,Tata Steel Limited has informed the Exchange about Loss of Share Certificates
07-Nov-2023 17:58:33,Loss of Share Certificates,Tata Steel Limited has informed the Exchange about Loss of Share Certificates
06-Nov-2023 21:56:34,Analysts/Institutional Investor Meet/Con. Call Updates,Tata Steel Limited has informed the Exchange about Schedule of meet
06-Nov-2023 19:41:06,Loss of Share Certificates,Tata Steel Limited has informed the Exchange about Loss of Share Certificates
06-Nov-2023 18:50:50,Acquisition,Acquisition of 26% equity stake in TP Vardhaman Surya Ltd.
03-Nov-2023 18:42:12,Copy of Newspaper Publication,Tata Steel Limited has informed the Exchange about Copy of Newspaper Publication
03-Nov-2023 18:04:46,Amalgamation/Merger,Tata Steel Limited has informed the Exchange about Amalgamation/Merger
03-Nov-2023 18:03:17,Scheme of Arrangement,Tata Steel Limited has informed the Exchange about Scheme of Arrangement
03-Nov-2023 17:37:34,Loss of Share Certificates,Tata Steel Limited has informed the Exchange about Loss of Share Certificates
02-Nov-2023 23:17:40,Analysts/Institutional Investor Meet/Con. Call Updates,Tata Steel Limited has informed the Exchange about Schedule of meet
02-Nov-2023 22:43:31,Loss of Share Certificates,Tata Steel Limited has informed the Exchange about Loss of Share Certificates
02-Nov-2023 22:36:54,Analysts/Institutional Investor Meet/Con. Call Updates,Tata Steel Limited has informed the Exchange about Link of Recording
01-Nov-2023 22:18:19,Loss of Share Certificates,Tata Steel Limited has informed the Exchange about Loss of Share Certificates
01-Nov-2023 22:18:19,Loss of Share Certificates,Tata Steel Limited has informed the Exchange about Loss of Share Certificates
01-Nov-2023 21:54:25,Amalgamation/Merger,"Order from the Hon ble National Company Law Tribunal, Mumbai Bench in thematter of Scheme of Amalgamation amongst Tata Steel Limited and The Tinplate Company of India Limited and their respective shar"
01-Nov-2023 20:23:41,Investor Presentation,Tata Steel Limited has informed the Exchange about Investor Presentation
01-Nov-2023 20:22:40,Press Release,"Tata Steel Limited has informed the Exchange regarding a press release dated November 01, 2023, titled ""Tata Steel reports Consolidated EBITDA of Rs 4,315 crores for the quarter""."
01-Nov-2023 20:09:21,Updates,Tata Steel Limited has informed the Exchange regarding ' Outcome of Board Meeting of Tata Steel Limited'.
01-Nov-2023 20:07:38,Issue of Securities,Tata Steel Limited has informed the Exchange about issue of Securities
01-Nov-2023 20:05:33,Amalgamation/Merger,Tata Steel Limited has informed the Exchange about Amalgamation/Merger
01-Nov-2023 20:04:24,Outcome of Board Meeting,"Tata Steel Limited has informed the Exchange regarding Outcome of Board Meeting held on November 01, 2023."
01-Nov-2023 20:02:35,Outcome of Board Meeting,"Tata Steel Limited has informed the Exchange regarding  Board meeting held on November 01, 2023."
01-Nov-2023 20:00:42,Financial Result Updates,"Tata Steel Limited has submitted to the Exchange, the financial results for the period ended September 30, 2023."
31-Oct-2023 19:09:29,Loss of Share Certificates,Tata Steel Limited has informed the Exchange about Loss of Share Certificates
31-Oct-2023 18:59:50,Loss of Share Certificates,Tata Steel Limited has informed the Exchange about Loss of Share Certificates
30-Oct-2023 17:47:14,Loss of Share Certificates,Tata Steel Limited has informed the Exchange about Loss of Share Certificates
27-Oct-2023 14:48:37,Amalgamation/Merger,Tata Steel Limited has informed the Exchange about Amalgamation/Merger
27-Oct-2023 14:46:04,Scheme of Arrangement,Tata Steel Limited has informed the Exchange about Scheme of Arrangement
26-Oct-2023 18:27:52,Loss of Share Certificates,Tata Steel Limited has informed the Exchange about Loss of Share Certificates
26-Oct-2023 18:08:22,Analysts/Institutional Investor Meet/Con. Call Updates,Tata Steel Limited has informed the Exchange about Schedule of meet and Invite and guidelines for participation
25-Oct-2023 17:23:56,Loss of Share Certificates,Tata Steel Limited has informed the Exchange about Loss of Share Certificates
23-Oct-2023 18:07:34,Loss of Share Certificates,Tata Steel Limited has informed the Exchange about Loss of Share Certificates
20-Oct-2023 20:19:22,Amalgamation/Merger,Tata Steel Limited has informed the Exchange about Amalgamation/Merger
20-Oct-2023 20:18:15,Scheme of Arrangement,Tata Steel Limited has informed the Exchange about Scheme of Arrangement
20-Oct-2023 20:16:43,Amalgamation/Merger,Tata Steel Limited has informed the Exchange about Amalgamation/Merger
20-Oct-2023 20:15:46,Scheme of Arrangement,Tata Steel Limited has informed the Exchange about Scheme of Arrangement
20-Oct-2023 17:53:46,Loss of Share Certificates,Tata Steel Limited has informed the Exchange about Loss of Share Certificates
19-Oct-2023 18:45:44,Loss of Share Certificates,Tata Steel Limited has informed the Exchange about Loss of Share Certificates
19-Oct-2023 17:05:01,Press Release,"Tata Steel Limited has informed the Exchange regarding a press release dated October 19, 2023, titled ""Tata Steel Limited to enter into agreement with Tata Power Renewable Energy Ltd. (TPREL)to source"
19-Oct-2023 16:58:39,Acquisition,Tata Steel Limited has informed the Exchange about Acquisition
18-Oct-2023 18:56:34,Copy of Newspaper Publication,Tata Steel Limited has informed the Exchange about Copy of Newspaper Publication
18-Oct-2023 17:58:01,Loss of Share Certificates,Tata Steel Limited has informed the Exchange about Loss of Share Certificates
16-Oct-2023 17:41:53,Loss of Share Certificates,Tata Steel Limited has informed the Exchange about Loss of Share Certificates
13-Oct-2023 18:18:11,Loss of Share Certificates,Tata Steel Limited has informed the Exchange about Loss of Share Certificates
12-Oct-2023 18:15:36,Loss of Share Certificates,Tata Steel Limited has informed the Exchange about Loss of Share Certificates
12-Oct-2023 18:15:36,Loss of Share Certificates,Tata Steel Limited has informed the Exchange about Loss of Share Certificates
11-Oct-2023 17:29:41,Loss of Share Certificates,Tata Steel Limited has informed the Exchange about Loss of Share Certificates
10-Oct-2023 18:31:50,Loss of Share Certificates,Tata Steel Limited has informed the Exchange about Loss of Share Certificates
09-Oct-2023 18:15:41,Loss of Share Certificates,Tata Steel Limited has informed the Exchange about Loss of Share Certificates
09-Oct-2023 18:13:14,Loss of Share Certificates,Tata Steel Limited has informed the Exchange about Loss of Share Certificates
09-Oct-2023 16:55:17,"Certificate under SEBI (Depositories and Participants) Regulations, 2018","Tata Steel Limited has informed the Exchange about Certificate under SEBI (Depositories and Participants) Regulations, 2018"
07-Oct-2023 15:08:23,Press Release,"Tata Steel Limited has informed the Exchange regarding a press release dated October 07, 2023, titled ""Tata Steel: 2QFY2024 Production and Delivery Volumes (Provisional)""."
06-Oct-2023 20:23:44,Loss of Share Certificates,Tata Steel Limited has informed the Exchange about Loss of Share Certificates
05-Oct-2023 18:41:53,Loss of Share Certificates,Tata Steel Limited has informed the Exchange about Loss of Share Certificates
05-Oct-2023 18:10:12,Updates,"Tata Steel Limited has informed the Exchange regarding 'Disclosure Under Regulation 30 Of The Securities And Exchange Board Of India (Listing Obligations And Disclosure Requirements) Regulations, 2015"
04-Oct-2023 17:16:46,Loss of Share Certificates,Tata Steel Limited has informed the Exchange about Loss of Share Certificates
04-Oct-2023 17:16:46,Loss of Share Certificates,Tata Steel Limited has informed the Exchange about Loss of Share Certificates
03-Oct-2023 18:30:35,Loss of Share Certificates,Tata Steel Limited has informed the Exchange about Loss of Share Certificates
29-Sep-2023 18:38:09,Analysts/Institutional Investor Meet/Con. Call Updates,Tata Steel Limited has informed the Exchange about Schedule of meet
28-Sep-2023 21:28:30,Updates,"Tata Steel Limited has informed the Exchange regarding 'Intimation of Adjudication Order from Registrar of Companies, Cuttack received by Neelachal Ispat Nigam Limited, indirect subsidiary company'."
28-Sep-2023 17:49:42,Loss of Share Certificates,Tata Steel Limited has informed the Exchange about Loss of Share Certificates
28-Sep-2023 17:49:42,Loss of Share Certificates,Tata Steel Limited has informed the Exchange about Loss of Share Certificates
27-Sep-2023 18:40:06,Loss of Share Certificates,Tata Steel Limited has informed the Exchange about Loss of Share Certificates
27-Sep-2023 18:38:00,Loss of Share Certificates,Tata Steel Limited has informed the Exchange about Loss of Share Certificates
26-Sep-2023 19:10:39,Loss of Share Certificates,Tata Steel Limited has informed the Exchange about Loss of Share Certificates
26-Sep-2023 19:07:54,Loss of Share Certificates,Tata Steel Limited has informed the Exchange about Loss of Share Certificates
26-Sep-2023 12:38:01,Loss of Share Certificates,Tata Steel Limited has informed the Exchange about Loss of Share Certificates
25-Sep-2023 18:33:48,Credit Rating,Tata Steel Limited has informed the Exchange about Credit Rating
22-Sep-2023 14:01:41,Trading Window,"Tata Steel Limited has informed the Exchange regarding the Trading Window closure pursuant to SEBI (Prohibition of Insider Trading) Regulations, 2015"
20-Sep-2023 18:23:56,Loss of Share Certificates,Tata Steel Limited has informed the Exchange about Loss of Share Certificates
20-Sep-2023 12:02:42,Analysts/Institutional Investor Meet/Con. Call Updates,Tata Steel Limited has informed the Exchange about Schedule of meet
18-Sep-2023 20:29:41,Shareholders meeting,"Tata Steel Limited has informed the Exchange regarding Proceedings of Court Convened General Meeting of the Equity Shareholders of Tata Steel Limited held on September 18, 2023. Further, the company h"
18-Sep-2023 13:55:15,Loss of Share Certificates,Tata Steel Limited has informed the Exchange about Loss of Share Certificates
18-Sep-2023 13:55:15,Loss of Share Certificates,Tata Steel Limited has informed the Exchange about Loss of Share Certificates
15-Sep-2023 22:38:41,Analysts/Institutional Investor Meet/Con. Call Updates,Tata Steel Limited has informed the Exchange about Link of Recording
15-Sep-2023 17:56:30,Loss of Share Certificates,Tata Steel Limited has informed the Exchange about Loss of Share Certificates
15-Sep-2023 16:12:06,Analysts/Institutional Investor Meet/Con. Call Updates,Tata Steel Limited has informed the Exchange about Schedule of meet and Details for joining the call
15-Sep-2023 16:05:52,Press Release,"Tata Steel Limited has informed the Exchange regarding a press release dated September 15, 2023, titled ""Tata Steel and the UK Government jointly agree on a proposal for the largest investment in the "
15-Sep-2023 11:28:42,Loss of Share Certificates,Tata Steel Limited has informed the Exchange about Loss of Share Certificates
15-Sep-2023 11:28:42,Loss of Share Certificates,Tata Steel Limited has informed the Exchange about Loss of Share Certificates
12-Sep-2023 19:25:59,Loss of Share Certificates,Tata Steel Limited has informed the Exchange about Loss of Share Certificates
11-Sep-2023 19:44:32,Shareholders meeting,"Tata Steel Limited has submitted the Exchange a copy Srutinizers report of  Postal Ballot. Further, the company has informed the Exchange regarding voting results."
08-Sep-2023 22:12:04,Acquisition,"Acquisition of equity stake in The Indian Steel & Wire Products Limited, subsidiary of Tata Steel Limited, on preferential basis"
08-Sep-2023 18:40:51,Loss of Share Certificates,Tata Steel Limited has informed the Exchange about Loss of Share Certificates
06-Sep-2023 18:04:38,Loss of Share Certificates,Tata Steel Limited has informed the Exchange about Loss of Share Certificates
05-Sep-2023 18:54:19,Loss of Share Certificates,Tata Steel Limited has informed the Exchange about Loss of Share Certificates
05-Sep-2023 14:42:16,News Verification,The Exchange has sought clarification from Tata Steel Limited with respect to recent news item captioned Tata Steel gains over 3.5% amid reports to secure funds for UK plant.  The response from the Co
04-Sep-2023 17:14:14,Loss of Share Certificates,Tata Steel Limited has informed the Exchange about Loss of Share Certificates
04-Sep-2023 12:33:11,News Verification,The Exchange has sought clarification from Tata Steel Limited with respect to recent news item captioned Tata Steel gains over 3.5% amid reports to secure funds for UK plant.  The response from the Co
01-Sep-2023 16:23:54,Updates,"Tata Steel Limited has informed the Exchange regarding 'Notice seeking representations, if any, on the Scheme of Amalgamation amongst Tata Steel Limited and TRF Limited and their respective shareholde"
01-Sep-2023 14:46:18,Updates,Tata Steel Limited has informed the Exchange regarding ' Effective Date  of the Scheme of Amalgamation of Tata Steel Mining Limited into and with Tata Steel Limited'.
01-Sep-2023 14:23:56,Loss of Share Certificates,Tata Steel Limited has informed the Exchange about Loss of Share Certificates
01-Sep-2023 14:23:56,Loss of Share Certificates,Tata Steel Limited has informed the Exchange about Loss of Share Certificates
30-Aug-2023 18:19:14,Copy of Newspaper Publication,Tata Steel Limited has informed the Exchange about Copy of Newspaper Publication
30-Aug-2023 17:18:31,Loss of Share Certificates,Tata Steel Limited has informed the Exchange about Loss of Share Certificates
30-Aug-2023 17:06:12,Copy of Newspaper Publication,Tata Steel Limited has informed the Exchange about Copy of Newspaper Publication
29-Aug-2023 16:11:01,Loss of Share Certificates,Tata Steel Limited has informed the Exchange about Loss of Share Certificates
28-Aug-2023 18:28:41,Loss of Share Certificates,Tata Steel Limited has informed the Exchange about Loss of Share Certificates
25-Aug-2023 17:11:49,Loss of Share Certificates,Tata Steel Limited has informed the Exchange about Loss of Share Certificates
24-Aug-2023 17:35:03,Loss of Share Certificates,Tata Steel Limited has informed the Exchange about Loss of Share Certificates
23-Aug-2023 18:18:18,Loss of Share Certificates,Tata Steel Limited has informed the Exchange about Loss of Share Certificates
23-Aug-2023 14:46:06,Analysts/Institutional Investor Meet/Con. Call Updates,Tata Steel Limited has informed the Exchange about Schedule of meet
22-Aug-2023 21:30:17,Investor Presentation,Tata Steel Limited has informed the Exchange about Investor Presentation
22-Aug-2023 11:22:56,Loss of Share Certificates,Tata Steel Limited has informed the Exchange about Loss of Share Certificates
22-Aug-2023 11:22:56,Loss of Share Certificates,Tata Steel Limited has informed the Exchange about Loss of Share Certificates
18-Aug-2023 12:26:06,Copy of Newspaper Publication,: Newspaper Advertisement of the Notice convening the Meeting of Equity Shareholders of Tata Steel Limited
17-Aug-2023 18:32:05,Analysts/Institutional Investor Meet/Con. Call Updates,Tata Steel Limited has informed the Exchange about Schedule of meet
17-Aug-2023 18:16:48,Shareholders meeting,"Tata Steel Limited has informed the Exchange regarding Notice of Court Convened Meeting of Equity Shareholders to be held on September 18, 2023"
17-Aug-2023 17:53:13,Loss of Share Certificates,Tata Steel Limited has informed the Exchange about Loss of Share Certificates
17-Aug-2023 17:53:13,Loss of Share Certificates,Tata Steel Limited has informed the Exchange about Loss of Share Certificates
17-Aug-2023 13:37:51,Copy of Newspaper Publication,Tata Steel Limited has informed the Exchange about Copy of Newspaper Publication
14-Aug-2023 23:28:37,Updates,"Tata Steel Limited has informed the Exchange regarding 'Disclosure of continuing event or information under Regulation 30(4) of the SEBI (Listing Obligations and Disclosure Requirements) Regulations, "
14-Aug-2023 20:46:19,Scheme of Arrangement,"Tata Steel Limited has informed the Exchange about Scheme of Arrangement - Receipt of certified true copy of the Order from the Hon ble National Company Law Tribunal, Cuttack Bench in the matter of th"
14-Aug-2023 20:41:50,Amalgamation/Merger,"Tata Steel Limited has informed the Exchange about Amalgamation/Merger - Receipt of certified true copy of the Order from the Hon ble National Company Law Tribunal, Cuttack Bench in the matter of the "
14-Aug-2023 18:25:10,Loss of Share Certificates,Tata Steel Limited has informed the Exchange about Loss of Share Certificates
14-Aug-2023 18:25:10,Loss of Share Certificates,Tata Steel Limited has informed the Exchange about Loss of Share Certificates
14-Aug-2023 18:17:50,Analysts/Institutional Investor Meet/Con. Call Updates,Tata Steel Limited has informed the Exchange about Schedule of meet
10-Aug-2023 18:53:58,Shareholders meeting,Tata Steel Limited has informed the Exchange about Shareholders meeting
10-Aug-2023 16:15:24,Loss of Share Certificates,Tata Steel Limited has informed the Exchange about Loss of Share Certificates
10-Aug-2023 16:14:09,Loss of Share Certificates,Tata Steel Limited has informed the Exchange about Loss of Share Certificates
09-Aug-2023 18:07:06,Amalgamation/Merger,Tata Steel Limited has informed the Exchange about Amalgamation/Merger
09-Aug-2023 18:04:45,Scheme of Arrangement,Tata Steel Limited has informed the Exchange about Scheme of Arrangement
07-Aug-2023 17:09:35,Loss of Share Certificates,Tata Steel Limited has informed the Exchange about Loss of Share Certificates
04-Aug-2023 17:23:34,Loss of Share Certificates,Tata Steel Limited has informed the Exchange about Loss of Share Certificates
03-Aug-2023 18:05:34,Loss of Share Certificates,Tata Steel Limited has informed the Exchange about Loss of Share Certificates
02-Aug-2023 17:52:57,Loss of Share Certificates,Tata Steel Limited has informed the Exchange about Loss of Share Certificates
01-Aug-2023 19:08:32,Analysts/Institutional Investor Meet/Con. Call Updates,Tata Steel Limited has informed the Exchange about Schedule of meet
01-Aug-2023 18:41:16,Analysts/Institutional Investor Meet/Con. Call Updates,Tata Steel Limited has informed the Exchange about Transcript
01-Aug-2023 18:29:26,Loss of Share Certificates,Tata Steel Limited has informed the Exchange about Loss of Share Certificates
31-Jul-2023 22:23:31,Loss of Share Certificates,Tata Steel Limited has informed the Exchange about Loss of Share Certificates
28-Jul-2023 17:58:12,Loss of Share Certificates,Tata Steel Limited has informed the Exchange about Loss of Share Certificates
28-Jul-2023 16:00:14,Updates,"Tata Steel Limited has informed the Exchange regarding 'Notice seeking representations, if any, on the Scheme of Amalgamationamongst Tata Steel Limited and Tata Metaliks Limited and their respectivesh"
27-Jul-2023 22:02:51,Acquisition,"Tata Steel Limited has informed the Exchange about Acquisition of equity stake in Tata Steel Advanced Materials Limited, a wholly-owned subsidiary company"
27-Jul-2023 18:34:27,Loss of Share Certificates,Tata Steel Limited has informed the Exchange about Loss of Share Certificates
27-Jul-2023 18:22:47,Copy of Newspaper Publication,Tata Steel Limited has informed the Exchange about Copy of Newspaper Publication
26-Jul-2023 17:18:33,Loss of Share Certificates,Tata Steel Limited has informed the Exchange about Loss of Share Certificates
26-Jul-2023 11:58:35,Analysts/Institutional Investor Meet/Con. Call Updates,Tata Steel Limited has informed the Exchange about Link of Recording
25-Jul-2023 17:49:50,Loss of Share Certificates,Tata Steel Limited has informed the Exchange about Loss of Share Certificates
24-Jul-2023 18:15:04,Investor Presentation,Tata Steel Limited has informed the Exchange about Investor Presentation
24-Jul-2023 18:12:20,Press Release,"Tata Steel Limited has informed the Exchange regarding a press release dated July 24, 2023, titled ""Tata Steel reports Consolidated EBITDA of Rs 6,122 crores for the quarter ended June 30, 2023""."
24-Jul-2023 18:11:02,Change in Director(s),Tata Steel Limited has informed the Exchange regarding Change in Director(s) of the company.
24-Jul-2023 18:08:58,Outcome of Board Meeting,"Tata Steel Limited has informed the Exchange regarding Outcome of Board Meeting held on July 24, 2023."
24-Jul-2023 18:02:20,Outcome of Board Meeting,"Tata Steel Limited has informed the Exchange regarding  Board meeting held on July 24, 2023."
24-Jul-2023 18:00:07,Financial Result Updates,"Tata Steel Limited has submitted to the Exchange, the financial results for the period ended June 30, 2023."
24-Jul-2023 17:08:26,Loss of Share Certificates,Tata Steel Limited has informed the Exchange about Loss of Share Certificates
21-Jul-2023 16:46:22,Loss of Share Certificates,Tata Steel Limited has informed the Exchange about Loss of Share Certificates
20-Jul-2023 12:51:15,Loss of Share Certificates,Tata Steel Limited has informed the Exchange about Loss of Share Certificates
20-Jul-2023 12:51:15,Loss of Share Certificates,Tata Steel Limited has informed the Exchange about Loss of Share Certificates
18-Jul-2023 17:17:59,Loss of Share Certificates,Tata Steel Limited has informed the Exchange about Loss of Share Certificates
17-Jul-2023 19:33:50,Analysts/Institutional Investor Meet/Con. Call Updates,Tata Steel Limited has informed the Exchange about Schedule of meet and Call Invite and Instructions
17-Jul-2023 17:43:39,Loss of Share Certificates,Tata Steel Limited has informed the Exchange about Loss of Share Certificates
14-Jul-2023 17:43:01,Loss of Share Certificates,Tata Steel Limited has informed the Exchange about Loss of Share Certificates
12-Jul-2023 17:24:03,Loss of Share Certificates,Tata Steel Limited has informed the Exchange about Loss of Share Certificates
10-Jul-2023 18:21:25,Copy of Newspaper Publication,Tata Steel Limited has informed the Exchange about Copy of Newspaper Publication
10-Jul-2023 17:48:23,Loss of Share Certificates,Tata Steel Limited has informed the Exchange about Loss of Share Certificates
07-Jul-2023 19:32:04,Shareholders meeting,"Tata Steel Limited has informed the Exchange regarding Notice of Court Convened General Meeting to be held on August 10, 2023"
07-Jul-2023 18:31:56,Loss of Share Certificates,Tata Steel Limited has informed the Exchange about Loss of Share Certificates
07-Jul-2023 11:33:59,"Certificate under SEBI (Depositories and Participants) Regulations, 2018","Tata Steel Limited has informed the Exchange about Certificate under SEBI (Depositories and Participants) Regulations, 2018"
06-Jul-2023 20:50:56,Copy of Newspaper Publication,Tata Steel Limited has informed the Exchange about Copy of Newspaper Publication
06-Jul-2023 20:13:57,Press Release,"Tata Steel Limited has informed the Exchange regarding a press release dated July 06, 2023, titled "" Tata Steel:1QFY2024 Production anddelivery volumes (Provisional) .""."
06-Jul-2023 17:44:32,Loss of Share Certificates,Tata Steel Limited has informed the Exchange about Loss of Share Certificates
06-Jul-2023 10:41:45,Updates,"Tata Steel Limited has informed the Exchange regarding 'Outcome of Annual General Meeting held on July 5, 2023'."
06-Jul-2023 10:40:32,Shareholders meeting,"Tata Steel Limited has informed the Exchange regarding Proceedings of Annual General Meeting held on July 05, 2023. Further, the company has submitted the Exchange a copy of Srutinizers report along w"
05-Jul-2023 15:01:05,Investor Presentation,Tata Steel Limited has informed the Exchange about Investor Presentation
04-Jul-2023 18:29:03,Loss of Share Certificates,Tata Steel Limited has informed the Exchange about Loss of Share Certificates
03-Jul-2023 18:59:20,Loss of Share Certificates,Tata Steel Limited has informed the Exchange about Loss of Share Certificates
30-Jun-2023 19:10:47,Loss of Share Certificates,Tata Steel Limited has informed the Exchange about Loss of Share Certificates
29-Jun-2023 17:40:41,Loss of Share Certificates,Tata Steel Limited has informed the Exchange about Loss of Share Certificates
28-Jun-2023 22:02:33,Loss of Share Certificates,Tata Steel Limited has informed the Exchange about Loss of Share Certificates
28-Jun-2023 20:57:18,Updates,Tata Steel Limited has informed the Exchange regarding 'Outcome of Court Convened Meeting'.
28-Jun-2023 20:37:13,Shareholders meeting,"Tata Steel Limited has informed the Exchange regarding Proceedings of NCLT Convened Meeting of the Equity Shareholders held on Jun 28, 2023. Further, the Company has submitted the Exchange a copy of S"
27-Jun-2023 18:58:00,Analysts/Institutional Investor Meet/Con. Call Updates,Tata Steel Limited has informed the Exchange about Schedule of meet
27-Jun-2023 18:26:46,Shareholders meeting,"Tata Steel Limited has informed the Exchange regarding Proceedings of the NCLT convened Meeting of Equity Shareholders held on Jun 27, 2023. Further, the Company has submitted the Exchange a copy of S"
27-Jun-2023 17:34:21,Loss of Share Certificates,Tata Steel Limited has informed the Exchange about Loss of Share Certificates
26-Jun-2023 18:41:05,Analysts/Institutional Investor Meet/Con. Call Updates,Tata Steel Limited has informed the Exchange about Schedule of meet
26-Jun-2023 17:41:01,Loss of Share Certificates,Tata Steel Limited has informed the Exchange about Loss of Share Certificates
23-Jun-2023 18:27:12,Loss of Share Certificates,Tata Steel Limited has informed the Exchange about Loss of Share Certificates
22-Jun-2023 18:09:52,Loss of Share Certificates,Tata Steel Limited has informed the Exchange about Loss of Share Certificates
22-Jun-2023 18:09:52,Loss of Share Certificates,Tata Steel Limited has informed the Exchange about Loss of Share Certificates
21-Jun-2023 17:53:38,Loss of Share Certificates,Tata Steel Limited has informed the Exchange about Loss of Share Certificates
21-Jun-2023 11:50:12,Trading Window,"Tata Steel Limited has informed the Exchange regarding the Trading Window closure pursuant to SEBI (Prohibition of Insider Trading) Regulations, 2015"
20-Jun-2023 20:31:37,Loss of Share Certificates,Tata Steel Limited has informed the Exchange about Loss of Share Certificates
20-Jun-2023 13:08:11,Updates,"Tata Steel Limited has informed the Exchange regarding 'Notice seeking representations, if any, on the Scheme of Amalgamationamongst Tata Steel Limited and The Tinplate Company of India Limited and th"
20-Jun-2023 12:55:24,Updates,"Tata Steel Limited has informed the Exchange regarding 'Notice seeking representations, if any, on the Scheme of Amalgamationamongst Tata Steel Limited and Tata Steel Long Products Limited and their r"
19-Jun-2023 17:29:02,Loss of Share Certificates,Tata Steel Limited has informed the Exchange about Loss of Share Certificates
19-Jun-2023 17:20:01,Analysts/Institutional Investor Meet/Con. Call Updates,Tata Steel Limited has informed the Exchange about Schedule of meet
16-Jun-2023 18:23:18,Loss of Share Certificates,Tata Steel Limited has informed the Exchange about Loss of Share Certificates
16-Jun-2023 18:23:18,Loss of Share Certificates,Tata Steel Limited has informed the Exchange about Loss of Share Certificates
14-Jun-2023 15:14:47,Copy of Newspaper Publication,Tata Steel Limited has informed the Exchange about Copy of Newspaper Publication
12-Jun-2023 23:55:11,Updates,Tata Steel Limited has informed the Exchange regarding 'Business Responsibility and Sustainability Report for FY 2022-23'.
12-Jun-2023 23:51:39,Shareholders meeting,"Tata Steel Limited has informed the Exchange regarding Notice of Annual General Meeting to be held on July 05, 2023"
12-Jun-2023 20:49:33,Loss of Share Certificates,Tata Steel Limited has informed the Exchange about Loss of Share Certificates
09-Jun-2023 20:13:47,Cessation,"Tata Steel Limited has informed the Exchange regarding Cessation of Mr O. P. Bhatt as Non- Executive Independent Director of the company w.e.f. Jun 09, 2023."
09-Jun-2023 18:14:49,Loss of Share Certificates,Tata Steel Limited has informed the Exchange about Loss of Share Certificates
08-Jun-2023 17:51:38,Loss of Share Certificates,Tata Steel Limited has informed the Exchange about Loss of Share Certificates
08-Jun-2023 17:32:18,Analysts/Institutional Investor Meet/Con. Call Updates,Tata Steel Limited has informed the Exchange about Schedule of meet
08-Jun-2023 14:39:24,Copy of Newspaper Publication,Tata Steel Limited has informed the Exchange about Copy of Newspaper Publication
08-Jun-2023 13:54:28,Copy of Newspaper Publication,Tata Steel Limited has informed the Exchange about Copy of Newspaper Publication
06-Jun-2023 20:33:56,Loss of Share Certificates,Tata Steel Limited has informed the Exchange about Loss of Share Certificates
06-Jun-2023 16:57:29,Analysts/Institutional Investor Meet/Con. Call Updates,Tata Steel Limited has informed the Exchange about Schedule of meet
05-Jun-2023 17:31:32,Loss of Share Certificates,Tata Steel Limited has informed the Exchange about Loss of Share Certificates
02-Jun-2023 18:11:23,Loss of Share Certificates,Tata Steel Limited has informed the Exchange about Loss of Share Certificates
01-Jun-2023 18:28:14,Loss of Share Certificates,Tata Steel Limited has informed the Exchange about Loss of Share Certificates
31-May-2023 19:11:22,Analysts/Institutional Investor Meet/Con. Call Updates,Tata Steel Limited has informed the Exchange about Schedule of meet
31-May-2023 18:09:01,Loss of Share Certificates,Tata Steel Limited has informed the Exchange about Loss of Share Certificates
31-May-2023 18:09:01,Loss of Share Certificates,Tata Steel Limited has informed the Exchange about Loss of Share Certificates
31-May-2023 17:57:51,Updates,"Tata Steel Limited has informed the Exchange regarding 'Intimation to the holders of physical securities to furnish PAN, shareholders KYC details and Nomination as per SEBI Circular No. Circular No. S"
31-May-2023 15:08:23,Loss of Share Certificates,Tata Steel Limited has informed the Exchange about Loss of Share Certificates
30-May-2023 18:51:30,Shareholders meeting,"Tata Steel Limited has informed the Exchange regarding Proceedings of Postal Ballot. Further, the company has submitted the Exchange a copy of Srutinizers report along with voting results."
29-May-2023 18:02:45,Loss of Share Certificates,Tata Steel Limited has informed the Exchange about Loss of Share Certificates
29-May-2023 15:34:38,Copy of Newspaper Publication,Tata Steel Limited has informed the Exchange about Copy of Newspaper Publication
29-May-2023 14:27:38,Analysts/Institutional Investor Meet/Con. Call Updates,Tata Steel Limited has informed the Exchange about Schedule of meet
27-May-2023 17:15:44,Appointment,"Tata Steel Limited has informed the Exchange regarding Appointment of Mr Shekhar C. Mande as Non- Executive Independent Director of the company w.e.f. Jun 01, 2023."
27-May-2023 16:56:45,Copy of Newspaper Publication,Tata Steel Limited has informed the Exchange about Copy of Newspaper Publication
26-May-2023 19:42:18,Loss of Share Certificates,Tata Steel Limited has informed the Exchange about Loss of Share Certificates
26-May-2023 15:46:49,Shareholders meeting,"Tata Steel Limited has informed the Exchange regarding Notice of Court Convened General Meeting to be held on Jun 28, 2023"
26-May-2023 12:22:58,Copy of Newspaper Publication,Tata Steel Limited has informed the Exchange about Copy of Newspaper Publication
25-May-2023 22:14:20,Shareholders meeting,"Tata Steel Limited has informed the Exchange regarding Notice of Court Convened General Meeting to be held on Jun 27, 2023"
25-May-2023 20:59:02,Loss of Share Certificates,Tata Steel Limited has informed the Exchange about Loss of Share Certificates
25-May-2023 20:22:21,Copy of Newspaper Publication,Tata Steel Limited has informed the Exchange about Copy of Newspaper Publication
24-May-2023 20:47:42,Analysts/Institutional Investor Meet/Con. Call Updates,Tata Steel Limited has informed the Exchange about Schedule of meet
22-May-2023 19:00:09,Loss of Share Certificates,Tata Steel Limited has informed the Exchange about Loss of Share Certificates
19-May-2023 18:09:06,Loss of Share Certificates,Tata Steel Limited has informed the Exchange about Loss of Share Certificates
18-May-2023 13:53:13,Related Party Transactions,Tata Steel Limited has informed the Exchange about related Party Transactions
17-May-2023 22:36:44,Loss of Share Certificates,Tata Steel Limited has informed the Exchange about Loss of Share Certificates
16-May-2023 12:46:11,Annual Secretarial Compliance Report,"Annual Secretarial Compliance Report for the year ended March 31, 2023"
12-May-2023 19:23:10,Loss of Share Certificates,Tata Steel Limited has informed the Exchange about Loss of Share Certificates
11-May-2023 18:08:07,Updates,Tata Steel Limited has informed the Exchange regarding 'Communication to Shareholders - Intimation on Tax Deduction on Dividend'.
10-May-2023 21:45:29,Analysts/Institutional Investor Meet/Con. Call Updates,Tata Steel Limited has informed the Exchange about Transcript
10-May-2023 18:34:50,Loss of Share Certificates,Tata Steel Limited has informed the Exchange about Loss of Share Certificates
09-May-2023 19:12:47,Loss of Share Certificates,Tata Steel Limited has informed the Exchange about Loss of Share Certificates
08-May-2023 17:56:39,Loss of Share Certificates,Tata Steel Limited has informed the Exchange about Loss of Share Certificates
05-May-2023 13:16:48,Copy of Newspaper Publication,Tata Steel Limited has informed the Exchange about Copy of Newspaper Publication
03-May-2023 21:45:11,Analysts/Institutional Investor Meet/Con. Call Updates,Tata Steel Limited has informed the Exchange about Link of Recording
02-May-2023 22:50:49,Related Party Transactions,Tata Steel Limited has informed the Exchange about related Party Transactions
02-May-2023 19:58:32,Loss of Share Certificates,Tata Steel Limited has informed the Exchange about Loss of Share Certificates
02-May-2023 19:58:32,Loss of Share Certificates,Tata Steel Limited has informed the Exchange about Loss of Share Certificates
02-May-2023 19:29:24,Statement of deviation(s) or variation(s) under Reg. 32,Tata Steel Limited has informed the Exchange about statement of deviation(s) or variation(s) under Reg. 32
02-May-2023 18:54:13,Investor Presentation,Tata Steel Limited has informed the Exchange about Investor Presentation
02-May-2023 18:50:56,Press Release,"Tata Steel Limited has informed the Exchange regarding a press release dated May 02, 2023, titled ""Tata Steel reports ConsolidatedEBITDA of Rs 32,698 crores for FY2023; Net debt stands at Rs 67,810 cr"
02-May-2023 18:44:17,Updates,"Tata Steel Limited has informed the Exchange regarding 'Annual General Meeting to be held on July 5, 2023'."
02-May-2023 18:39:48,Book Closure,Tata Steel Limited has informed the Exchange that Register of Members & Share Transfer Books of the Company will remain closed from 23-Jun-2023 to 05-Jul-2023 for the purpose of Dividend & Meeting.
02-May-2023 18:33:06,Dividend,"Tata Steel Limited has informed the Exchange that Board of Directors at its meeting held on May 02, 2023, recommended Final Dividend of 3.60 per equity share."
02-May-2023 18:30:39,Financial Result Updates,"Tata Steel Limited has submitted to the Exchange, the financial results for the period ended March 31, 2023."
01-May-2023 11:56:57,Copy of Newspaper Publication,Tata Steel Limited has informed the Exchange about Copy of Newspaper Publication
28-Apr-2023 19:35:59,Loss of Share Certificates,Tata Steel Limited has informed the Exchange about Loss of Share Certificates
28-Apr-2023 19:35:59,Loss of Share Certificates,Tata Steel Limited has informed the Exchange about Loss of Share Certificates
28-Apr-2023 12:41:32,Shareholders meeting,Tata Steel Limited has informed the Exchange regarding Notice of Postal Ballot
27-Apr-2023 17:51:44,Loss of Share Certificates,Tata Steel Limited has informed the Exchange about Loss of Share Certificates
26-Apr-2023 19:27:49,Copy of Newspaper Publication,Tata Steel Limited has informed the Exchange about Copy of Newspaper Publication
26-Apr-2023 19:23:13,Loss of Share Certificates,Tata Steel Limited has informed the Exchange about Loss of Share Certificates
25-Apr-2023 18:25:44,Loss of Share Certificates,Tata Steel Limited has informed the Exchange about Loss of Share Certificates
25-Apr-2023 14:09:31,Disclosure under SEBI Takeover Regulations,Tata Sons Pvt Ltd��has Submitted to the Exchange a copy of Disclosure under Regulation 31(4) of the Securities and Exchange Board of India��(Substantial Acquisition of Shares and Takeovers) Regulation
24-Apr-2023 19:41:31,Loss of Share Certificates,Tata Steel Limited has informed the Exchange about Loss of Share Certificates
24-Apr-2023 17:51:03,Loss of Share Certificates,Tata Steel Limited has informed the Exchange about Loss of Share Certificates
21-Apr-2023 19:21:30,Loss of Share Certificates,Tata Steel Limited has informed the Exchange about Loss of Share Certificates
20-Apr-2023 10:43:44,Analysts/Institutional Investor Meet/Con. Call Updates,Tata Steel Limited has informed the Exchange about Schedule of meet and Invite and guidelines for participation
17-Apr-2023 18:45:32,Loss of Share Certificates,Tata Steel Limited has informed the Exchange about Loss of Share Certificates
13-Apr-2023 19:47:34,"Certificate under SEBI (Depositories and Participants) Regulations, 2018","Tata Steel Limited has informed the Exchange about Certificate under SEBI (Depositories and Participants) Regulations, 2018"
11-Apr-2023 18:46:48,Loss of Share Certificates,Tata Steel Limited has informed the Exchange about Loss of Share Certificates
10-Apr-2023 17:34:58,Loss of Share Certificates,Tata Steel Limited has informed the Exchange about Loss of Share Certificates
05-Apr-2023 20:21:18,Press Release,"Tata Steel Limited has informed the Exchange regarding a press release dated April 05, 2023, titled ""4QFY2023 and FY2023 Production anddelivery volumes (Provisional)""."
05-Apr-2023 18:30:09,Loss of Share Certificates,Tata Steel Limited has informed the Exchange about Loss of Share Certificates
04-Apr-2023 18:17:54,Loss of Share Certificates,Tata Steel Limited has informed the Exchange about Loss of Share Certificates
04-Apr-2023 15:22:11,Registrar & Share Transfer Agent Update,Tata Steel Limited has informed the Exchange about Registrar & Share Transfer Agent Update
28-Mar-2023 18:19:18,Loss of Share Certificates,Tata Steel Limited has informed the Exchange about Loss of Share Certificates
28-Mar-2023 14:10:58,Analysts/Institutional Investor Meet/Con. Call Updates,Tata Steel Limited has informed the Exchange about Schedule of meet
27-Mar-2023 18:14:57,Outcome of Board Meeting,"Tata Steel Limited has informed the Exchange regarding Outcome of Board Meeting held on March 27, 2023."
27-Mar-2023 17:48:26,Loss of Share Certificates,Tata Steel Limited has informed the Exchange about Loss of Share Certificates
24-Mar-2023 18:02:57,Acquisition,Tata Steel Limited has informed the Exchange about Acquisition
23-Mar-2023 19:21:55,Acquisition,Tata Steel Limited has informed the Exchange about Acquisition
23-Mar-2023 18:36:55,Loss of Share Certificates,Tata Steel Limited has informed the Exchange about Loss of Share Certificates
23-Mar-2023 15:51:38,Analysts/Institutional Investor Meet/Con. Call Updates,Tata Steel Limited has informed the Exchange about Schedule of meet
23-Mar-2023 14:34:36,Trading Window,"Tata Steel Limited has informed the Exchange regarding the Trading Window closure pursuant to SEBI (Prohibition of Insider Trading) Regulations, 2015"
21-Mar-2023 17:42:03,Loss of Share Certificates,Tata Steel Limited has informed the Exchange about Loss of Share Certificates
20-Mar-2023 18:42:48,Analysts/Institutional Investor Meet/Con. Call Updates,Tata Steel Limited has informed the Exchange about Schedule of meet
20-Mar-2023 18:30:51,Loss of Share Certificates,Tata Steel Limited has informed the Exchange about Loss of Share Certificates
18-Mar-2023 10:52:59,Conversion,Tata Steel Limited has informed the Exchange about Conversion
17-Mar-2023 18:08:23,Acquisition,Tata Steel Limited has informed the Exchange about Acquisition
17-Mar-2023 17:52:31,Loss of Share Certificates,Tata Steel Limited has informed the Exchange about Loss of Share Certificates
16-Mar-2023 17:57:19,Loss of Share Certificates,Tata Steel Limited has informed the Exchange about Loss of Share Certificates
15-Mar-2023 18:10:52,Loss of Share Certificates,Tata Steel Limited has informed the Exchange about Loss of Share Certificates
13-Mar-2023 19:25:31,Loss of Share Certificates,Tata Steel Limited has informed the Exchange about Loss of Share Certificates
13-Mar-2023 18:24:27,Analysts/Institutional Investor Meet/Con. Call Updates,Tata Steel Limited has informed the Exchange about Schedule of meet
08-Mar-2023 18:17:24,Loss of Share Certificates,Tata Steel Limited has informed the Exchange about Loss of Share Certificates
06-Mar-2023 22:04:23,Loss of Share Certificates,Tata Steel Limited has informed the Exchange about Loss of Share Certificates
03-Mar-2023 18:23:18,Loss of Share Certificates,Tata Steel Limited has informed the Exchange about Loss of Share Certificates
01-Mar-2023 21:03:48,Acquisition,Tata Steel Limited has informed the Exchange about Acquisition
01-Mar-2023 19:49:17,Loss of Share Certificates,Tata Steel Limited has informed the Exchange about Loss of Share Certificates
27-Feb-2023 19:11:24,Loss of Share Certificates,Tata Steel Limited has informed the Exchange about Loss of Share Certificates
27-Feb-2023 18:05:30,Allotment of Securities,"Tata Steel Limited has informed the Exchange regarding allotment of 215000 securities pursuant to Non Convertible Securities at its meeting held on February 27, 2023"
24-Feb-2023 20:16:19,Loss of Share Certificates,Tata Steel Limited has informed the Exchange about Loss of Share Certificates
22-Feb-2023 21:34:18,Acquisition,Tata Steel Limited has informed the Exchange about Acquisition
22-Feb-2023 18:33:52,Loss of Share Certificates,Tata Steel Limited has informed the Exchange about Loss of Share Certificates
21-Feb-2023 18:36:02,Loss of Share Certificates,Tata Steel Limited has informed the Exchange about Loss of Share Certificates
21-Feb-2023 18:27:27,Analysts/Institutional Investor Meet/Con. Call Updates,Tata Steel Limited has informed the Exchange about Schedule of meet
20-Feb-2023 22:49:14,Outcome of Board Meeting,"Tata Steel Limited has informed the Exchange regarding  Board meeting held on February 20, 2023."
20-Feb-2023 18:27:33,Loss of Share Certificates,Tata Steel Limited has informed the Exchange about Loss of Share Certificates
17-Feb-2023 18:18:24,Loss of Share Certificates,Tata Steel Limited has informed the Exchange about Loss of Share Certificates
16-Feb-2023 18:04:38,Loss of Share Certificates,Tata Steel Limited has informed the Exchange about Loss of Share Certificates
14-Feb-2023 23:45:57,Analysts/Institutional Investor Meet/Con. Call Updates,Tata Steel Limited has informed the Exchange about Transcript
14-Feb-2023 18:36:07,Loss of Share Certificates,Tata Steel Limited has informed the Exchange about Loss of Share Certificates
13-Feb-2023 18:23:20,Loss of Share Certificates,Tata Steel Limited has informed the Exchange about Loss of Share Certificates
13-Feb-2023 18:23:19,Loss of Share Certificates,Tata Steel Limited has informed the Exchange about Loss of Share Certificates
13-Feb-2023 17:38:07,Analysts/Institutional Investor Meet/Con. Call Updates,Tata Steel Limited has informed the Exchange about Schedule of meet
09-Feb-2023 16:33:10,Copy of Newspaper Publication,Tata Steel Limited has informed the Exchange about Copy of Newspaper Publication
08-Feb-2023 22:30:25,Updates,Tata Steel Limited has informed the Exchange regarding 'Last and Final Reminder-cum-Forfeiture Notice # 3 (ISIN: IN9081A01010)'.
08-Feb-2023 10:23:35,Analysts/Institutional Investor Meet/Con. Call Updates,Tata Steel Limited has informed the Exchange about Link of Recording
07-Feb-2023 18:25:39,Analysts/Institutional Investor Meet/Con. Call Updates,Tata Steel Limited has informed the Exchange about Schedule of meet
06-Feb-2023 19:21:22,Loss of Share Certificates,Tata Steel Limited has informed the Exchange about Loss of Share Certificates
06-Feb-2023 18:54:21,Investor Presentation,Tata Steel Limited has informed the Exchange about Investor Presentation
06-Feb-2023 18:34:19,Amalgamation/Merger,Tata Steel Limited has informed the Exchange about Amalgamation/Merger
06-Feb-2023 18:31:19,Press Release,"Tata Steel Limited has informed the Exchange regarding a press release dated February 06, 2023, titled ""Tata Steel Consolidated EBITDA of Rs 25,472 crores for the first nine monthsof the financial yea"
06-Feb-2023 18:26:03,Outcome of Board Meeting,"Tata Steel Limited has informed the Exchange regarding  Board meeting held on February 06, 2023."
06-Feb-2023 18:22:33,Financial Result Updates,"Tata Steel Limited has submitted to the Exchange, the financial results for the period ended December 31, 2022."
03-Feb-2023 19:28:25,Loss of Share Certificates,Tata Steel Limited has informed the Exchange about Loss of Share Certificates
02-Feb-2023 19:48:13,Loss of Share Certificates,Tata Steel Limited has informed the Exchange about Loss of Share Certificates
02-Feb-2023 18:40:58,Shareholders meeting,"Tata Steel Limited has submitted the Exchange a copy Srutinizers report of  Postal Ballot. Further, the company has informed the Exchange regarding voting results."
01-Feb-2023 20:28:43,Acquisition,Tata Steel Limited has informed the Exchange about Acquisition
31-Jan-2023 18:21:57,Loss of Share Certificates,Tata Steel Limited has informed the Exchange about Loss of Share Certificates
30-Jan-2023 18:45:17,Loss of Share Certificates,Tata Steel Limited has informed the Exchange about Loss of Share Certificates
27-Jan-2023 18:27:00,Loss of Share Certificates,Tata Steel Limited has informed the Exchange about Loss of Share Certificates
24-Jan-2023 16:32:40,Analysts/Institutional Investor Meet/Con. Call Updates,Tata Steel Limited has informed the Exchange about Schedule of meet and Invite and guidelines for participation
23-Jan-2023 17:41:00,Loss of Share Certificates,Tata Steel Limited has informed the Exchange about Loss of Share Certificates
20-Jan-2023 17:55:43,Loss of Share Certificates,Tata Steel Limited has informed the Exchange about Loss of Share Certificates
19-Jan-2023 17:35:57,Loss of Share Certificates,Tata Steel Limited has informed the Exchange about Loss of Share Certificates
18-Jan-2023 17:35:15,Loss of Share Certificates,Tata Steel Limited has informed the Exchange about Loss of Share Certificates
17-Jan-2023 18:46:41,Loss of Share Certificates,Tata Steel Limited has informed the Exchange about Loss of Share Certificates
16-Jan-2023 18:29:16,Loss of Share Certificates,Tata Steel Limited has informed the Exchange about Loss of Share Certificates
13-Jan-2023 19:28:11,Loss of Share Certificates,Tata Steel Limited has informed the Exchange about Loss of Share Certificates
13-Jan-2023 17:13:11,Press Release,"Tata Steel Limited has informed the Exchange regarding a press release dated January 13, 2023, titled ""The British Steel Pension Scheme withTata Steel UK as Sponsor has completed a substantial part of"
12-Jan-2023 17:53:20,Loss of Share Certificates,Tata Steel Limited has informed the Exchange about Loss of Share Certificates
11-Jan-2023 17:37:35,Loss of Share Certificates,Tata Steel Limited has informed the Exchange about Loss of Share Certificates
10-Jan-2023 18:58:32,Analysts/Institutional Investor Meet/Con. Call Updates,Tata Steel Limited has informed the Exchange about Schedule of meet
10-Jan-2023 18:06:24,Loss of Share Certificates,Tata Steel Limited has informed the Exchange about Loss of Share Certificates
10-Jan-2023 11:14:36,Analysts/Institutional Investor Meet/Con. Call Updates,Tata Steel Limited has informed the Exchange about Schedule of meet
09-Jan-2023 18:11:00,Loss of Share Certificates,Tata Steel Limited has informed the Exchange about Loss of Share Certificates
09-Jan-2023 17:37:49,Analysts/Institutional Investor Meet/Con. Call Updates,Tata Steel Limited has informed the Exchange about Schedule of meet
06-Jan-2023 22:11:31,Press Release,"Tata Steel Limited has informed the Exchange regarding a press release dated January 06, 2023, titled ""3QFY23 Production and delivery volumes(Provisional)""."
06-Jan-2023 19:45:04,Analysts/Institutional Investor Meet/Con. Call Updates,Tata Steel Limited has informed the Exchange about Schedule of meet
04-Jan-2023 18:56:44,Loss of Share Certificates,Tata Steel Limited has informed the Exchange about Loss of Share Certificates
03-Jan-2023 18:16:07,Loss of Share Certificates,Tata Steel Limited has informed the Exchange about Loss of Share Certificates
03-Jan-2023 14:16:41,"Certificate under SEBI (Depositories and Participants) Regulations, 2018","Tata Steel Limited has informed the Exchange about Certificate under SEBI (Depositories and Participants) Regulations, 2018"
02-Jan-2023 17:52:00,Loss of Share Certificates,Tata Steel Limited has informed the Exchange about Loss of Share Certificates
30-Dec-2022 16:06:41,Copy of Newspaper Publication,Tata Steel Limited has informed the Exchange about Copy of Newspaper Publication
28-Dec-2022 19:04:12,Acquisition,Tata Steel Limited has informed the Exchange about Acquisition
28-Dec-2022 18:10:45,Loss of Share Certificates,Tata Steel Limited has informed the Exchange about Loss of Share Certificates
27-Dec-2022 19:04:09,Loss of Share Certificates,Tata Steel Limited has informed the Exchange about Loss of Share Certificates
27-Dec-2022 12:41:14,Shareholders meeting,Tata Steel Limited has informed the Exchange regarding Notice of Postal Ballot
23-Dec-2022 17:56:36,Loss of Share Certificates,Tata Steel Limited has informed the Exchange about Loss of Share Certificates
22-Dec-2022 18:19:00,Loss of Share Certificates,Tata Steel Limited has informed the Exchange about Loss of Share Certificates
22-Dec-2022 14:47:49,Trading Window,"Tata Steel Limited has informed the Exchange regarding the Trading Window closure pursuant to SEBI (Prohibition of Insider Trading) Regulations, 2015"
20-Dec-2022 18:04:35,Loss of Share Certificates,Tata Steel Limited has informed the Exchange about Loss of Share Certificates
20-Dec-2022 18:04:34,Loss of Share Certificates,Tata Steel Limited has informed the Exchange about Loss of Share Certificates
16-Dec-2022 18:21:54,Loss of share certificate,Tata Steel Limited has informed the Exchange about Loss of share certificate
14-Dec-2022 21:05:30,Schedule of Analysts/Institutional Investor Meet/Con. Call,Tata Steel Limited has informed the Exchange about Schedule of Analysts/Institutional Investor Meet/Con. Call 
14-Dec-2022 17:58:36,Loss of share certificate,Tata Steel Limited has informed the Exchange about Loss of share certificate
13-Dec-2022 22:03:54,Schedule of Analysts/Institutional Investor Meet/Con. Call,Tata Steel Limited has informed the Exchange about Schedule of Analysts/Institutional Investor Meet/Con. Call 
12-Dec-2022 17:37:12,Loss of share certificate,Tata Steel Limited has informed the Exchange about Loss of share certificate
07-Dec-2022 11:18:09,Loss of share certificate,Tata Steel Limited has informed the Exchange about Loss of share certificate
06-Dec-2022 19:10:42,Schedule of Analysts/Institutional Investor Meet/Con. Call,Tata Steel Limited has informed the Exchange about Schedule of Analysts/Institutional Investor Meet/Con. Call 
01-Dec-2022 20:37:03,Schedule of Analysts/Institutional Investor Meet/Con. Call,Tata Steel Limited has informed the Exchange about Schedule of Analysts/Institutional Investor Meet/Con. Call 
29-Nov-2022 20:02:51,Schedule of Analysts/Institutional Investor Meet/Con. Call,Tata Steel Limited has informed the Exchange about Schedule of Analysts/Institutional Investor Meet/Con. Call 
29-Nov-2022 19:52:54,Loss of share certificate,Tata Steel Limited has informed the Exchange about Loss of share certificate
28-Nov-2022 10:37:27,Schedule of Analysts/Institutional Investor Meet/Con. Call,Tata Steel Limited has informed the Exchange about Schedule of Analysts/Institutional Investor Meet/Con. Call 
25-Nov-2022 18:54:42,Loss of share certificate,Tata Steel Limited has informed the Exchange about Loss of share certificate
23-Nov-2022 17:45:30,Loss of share certificate,Tata Steel Limited has informed the Exchange about Loss of share certificate
23-Nov-2022 17:25:45,Appointment,Tata Steel Limited  has informed the Exchange about appointment of Bharti Gupta Ramola as Independent Director of the company w.e.f. 25-Nov-2022
22-Nov-2022 21:11:54,Related Party Transaction,Tata Steel Limited has informed the Exchange about related party transaction for the period ended September 2022
22-Nov-2022 18:35:57,Loss of share certificate,Tata Steel Limited has informed the Exchange about Loss of share certificate
21-Nov-2022 18:16:27,Loss of share certificate,Tata Steel Limited has informed the Exchange about Loss of share certificate
17-Nov-2022 17:46:30,Loss of share certificate,Tata Steel Limited has informed the Exchange about Loss of share certificate
14-Nov-2022 18:13:33,Loss of share certificate,Tata Steel Limited has informed the Exchange about Loss of share certificate
14-Nov-2022 13:04:24,Schedule of Analysts/Institutional Investor Meet/Con. Call,Tata Steel Limited has informed the Exchange about Schedule of Analysts/Institutional Investor Meet/Con. Call 
11-Nov-2022 18:33:09,Loss of share certificate,Tata Steel Limited has informed the Exchange about Loss of share certificate
09-Nov-2022 18:15:42,Loss of share certificate,Tata Steel Limited has informed the Exchange about Loss of share certificate
09-Nov-2022 10:23:27,Transcript of Analysts/Institutional Investor Meet/Con. Call,Tata Steel Limited has informed the Exchange about Transcript of Analysts/Institutional Investor Meet/Con. Call 
07-Nov-2022 10:39:48,Schedule of Analysts/Institutional Investor Meet/Con. Call,Tata Steel Limited has informed the Exchange about Schedule of Analysts/Institutional Investor Meet/Con. Call 
03-Nov-2022 17:41:06,Loss of share certificate,Tata Steel Limited has informed the Exchange about Loss of share certificate
02-Nov-2022 20:41:09,Newspaper Advertisements,Tata Steel Limited has informed the Exchange about Newspaper Advertisements
02-Nov-2022 20:28:48,Related Party Transaction,Tata Steel Limited has informed the Exchange about related party transaction for the half year ended September 2022
02-Nov-2022 11:54:57,Recording of Analysts/Institutional Investor Meet/Con. Call,Tata Steel Limited has informed the Exchange about Recording of Analysts/Institutional Investor Meet/Con. Call
01-Nov-2022 16:00:03,News Verification,TATASTEEL : The Exchange has sought clarification from Tata Steel Limited with respect to recent news item captioned Tata Steel Nederland signs MoU to sell green steel to Ford.  The response from the 
31-Oct-2022 17:31:06,Investor Presentation,Tata Steel Limited has informed the Exchange about Investor Presentation
31-Oct-2022 17:28:52,Re-appointment,Tata Steel Limited  has informed the Exchange about re-appointment of Mr. Koushik Chatterjee (DIN: 00004989) as theWhole-time Director (���WTD���) designated as Executive Director and Chief Financial 
31-Oct-2022 17:25:04,Press Release,"Tata Steel Limited has informed the Exchange about press release dated 31-Oct-2022 titled Tata Steel reports consolidated EBITDA at Rs 6,271 crores; Maintains Investment grade credit metrics"
31-Oct-2022 17:22:13,Outcome of Board Meeting,"Outcome of Board Meeting held on October 31, 2022"
29-Oct-2022 21:32:57,Acquisition,"Tata Steel Limited has informed the Exchange about Acquisition of equity stake in Tata Steel Advanced Materials Limited, a wholly owned subsidiary of Tata Steel Limited, on preferential basis."
27-Oct-2022 16:26:03,News Verification,TATASTEEL : The Exchange has sought clarification from Tata Steel Limited with respect to recent news item captioned Tata Steel Nederland signs MoU to sell green steel to Ford.  The response from the 
26-Oct-2022 19:02:09,Schedule of Analysts/Institutional Investor Meet/Con. Call,Tata Steel Limited has informed the Exchange about Schedule of Analysts/Institutional Investor Meet/Con. Call 
21-Oct-2022 20:57:51,Loss of share certificate,Tata Steel Limited has informed the Exchange about Loss of share certificate
10-Oct-2022 18:02:48,Loss of share certificate,Tata Steel Limited has informed the Exchange about Loss of share certificate
07-Oct-2022 17:25:18,General updates,"Tata Steel Limited has informed the Exchange about Certificate under Regulation 74 of SEBI (Depositories and Participants) Regulations, 2018 for the quarter ended September 30, 2022"
07-Oct-2022 14:37:54,Press Release,Tata Steel Limited has informed the Exchange about press release dated 07-Oct-2022 titled 2QFY23 Production and delivery volumes (Provisional)
04-Oct-2022 17:59:45,Sale or disposal of unit/ division/subsidiary,"Tata Steel Limited has informed the Exchange about divestment of partial stake in AI Rimal Mining LLC, Oman,an indirect wholly-owned subsidiary of Tata Steel Limited"
29-Sep-2022 20:34:03,Loss of share certificate,Tata Steel Limited has informed the Exchange about Loss of share certificate
28-Sep-2022 10:32:30,Loss of share certificate,Tata Steel Limited has informed the Exchange about Loss of share certificate
23-Sep-2022 01:13:42,Amalgamation/Merger,"Intimation of the schemes of amalgamation involving Tata Steel Limited (���Company���/ ���TSL���), the identified transferor companies and their respective shareholders"
20-Sep-2022 18:50:45,Closure of trading window,Tata Steel Limited has informed the Exchange about Closure of trading window
20-Sep-2022 17:02:00,Debentures,Tata Steel Limited has informed the Exchange about Allotment of Non-Convertible Debentures on Private Placement basis
16-Sep-2022 18:24:57,Schedule of Analysts/Institutional Investor Meet/Con. Call,Tata Steel Limited has informed the Exchange about Schedule of Analysts/Institutional Investor Meet/Con. Call 
14-Sep-2022 21:56:21,Postal Ballot,Tata Steel Limited has informed the Exchange about Voting results and  Scrutinizer report of Postal Ballot
14-Sep-2022 19:18:45,Debentures,"Tata Steel Limited has informed the Exchange about Outcome of the Meeting of Committee of Directors - Issue of Fixed rate, Unsecured, Redeemable, Listed, Rated Non-Convertible Debentures aggregating t"
09-Sep-2022 20:29:42,Schedule of Analysts/Institutional Investor Meet/Con. Call,Tata Steel Limited has informed the Exchange about Schedule of Analysts/Institutional Investor Meet/Con. Call 
09-Sep-2022 18:50:09,Schedule of Analysts/Institutional Investor Meet/Con. Call,Tata Steel Limited has informed the Exchange about Schedule of Analysts/Institutional Investor Meet/Con. Call 
08-Sep-2022 13:32:45,Schedule of Analysts/Institutional Investor Meet/Con. Call,Tata Steel Limited has informed the Exchange about Schedule of Analysts/Institutional Investor Meet/Con. Call 
02-Sep-2022 14:35:15,News Verification,TATASTEEL : The Exchange has sought clarification from Tata Steel Limited with respect to recent news item captioned Tata Steel to invest over 65 million euros for hydrogen-based steel manufacturing i
01-Sep-2022 17:25:12,News Verification,TATASTEEL : The Exchange has sought clarification from Tata Steel Limited with respect to recent news item captioned Tata Steel to invest over 65 million euros for hydrogen-based steel manufacturing i
30-Aug-2022 20:19:24,Schedule of Analysts/Institutional Investor Meet/Con. Call,Tata Steel Limited has informed the Exchange about Schedule of Analysts/Institutional Investor Meet/Con. Call 
30-Aug-2022 18:17:00,Acquisition,Tata Steel Limited has informed the Exchange about Acquisition
29-Aug-2022 19:17:06,Resignation,Tata Steel Limited  has informed the Exchange about resignation of David W Crane as Independent Director of the company w.e.f. 05-Sep-2022
29-Aug-2022 10:01:48,Schedule of Analysts/Institutional Investor Meet/Con. Call,Tata Steel Limited has informed the Exchange about Schedule of Analysts/Institutional Investor Meet/Con. Call 
28-Aug-2022 12:37:03,Press Release,Tata Steel Limited has informed the Exchange about press release dated 28-Aug-2022 titled Tata Steel signs MoU with Punjab Government to set up a steel scrap based electric arc furnace steel plant
24-Aug-2022 12:29:09,Schedule of Analysts/Institutional Investor Meet/Con. Call,Tata Steel Limited has informed the Exchange about Schedule of Analysts/Institutional Investor Meet/Con. Call 
23-Aug-2022 12:53:12,Newspaper Advertisements,Tata Steel Limited has informed the Exchange about Newspaper Advertisements
18-Aug-2022 19:31:12,Schedule of Analysts/Institutional Investor Meet/Con. Call,Tata Steel Limited has informed the Exchange about Schedule of Analysts/Institutional Investor Meet/Con. Call 
11-Aug-2022 17:43:57,Postal Ballot,Tata Steel Limited has informed the Exchange about Notice of Postal Ballot
03-Aug-2022 19:58:48,Schedule of Analysts/Institutional Investor Meet/Con. Call,Tata Steel Limited has informed the Exchange about Schedule of Analysts/Institutional Investor Meet/Con. Call 
02-Aug-2022 18:53:12,Transcript of Analysts/Institutional Investor Meet/Con. Call,Tata Steel Limited has informed the Exchange about Transcript of Analysts/Institutional Investor Meet/Con. Call 
29-Jul-2022 18:07:34,Loss of share certificate,Tata Steel Limited has informed the Exchange about Loss of share certificate
28-Jul-2022 18:31:06,Loss of share certificate,Tata Steel Limited has informed the Exchange about Loss of share certificate
27-Jul-2022 18:17:33,Loss of share certificate,Tata Steel Limited has informed the Exchange about Loss of share certificate
27-Jul-2022 17:08:15,Newspaper Advertisements,Tata Steel Limited has informed the Exchange about Newspaper Advertisements
26-Jul-2022 22:15:36,Schedule of Analysts/Institutional Investor Meet/Con. Call,Tata Steel Limited has informed the Exchange about Schedule of Analysts/Institutional Investor Meet/Con. Call 
26-Jul-2022 22:06:57,Recording of Analysts/Institutional Investor Meet/Con. Call,Tata Steel Limited has informed the Exchange about Recording of Analysts/Institutional Investor Meet/Con. Call
26-Jul-2022 18:58:24,Loss of share certificate,Tata Steel Limited has informed the Exchange about Loss of share certificate
26-Jul-2022 18:55:36,Acquisition,Tata Steel Limited has informed the Exchange about update on acquisition of itemized assets from Stork Ferro and Mineral Industries Private Limited
26-Jul-2022 11:37:48,Investor Presentation,Tata Steel Limited has informed the Exchange about submission of revised Investor Presentation to be made to Analysts/Investors
25-Jul-2022 19:35:27,Loss of share certificate,Tata Steel Limited has informed the Exchange about Loss of share certificate
25-Jul-2022 18:13:24,Investor Presentation,Tata Steel Limited has informed the Exchange about Investor Presentation
25-Jul-2022 18:10:12,Press Release,"Tata Steel Limited has informed the Exchange about press release dated 25-Jul-2022 titled Tata Steel reports consolidated EBITDA at Rs 15,047 crores; Net debt to EBITDA <1.0x"
25-Jul-2022 18:08:27,Outcome of Board Meeting,Tata Steel Limited  has informed the Exchange about Board Meeting held on 25-Jul-2022 to consider financial statements for the period ended June 2022 and Other business matters
22-Jul-2022 19:21:33,Loss of share certificate,Tata Steel Limited has informed the Exchange about Loss of share certificate
21-Jul-2022 18:02:45,Loss of share certificate,Tata Steel Limited has informed the Exchange about Loss of share certificate
20-Jul-2022 18:01:09,Loss of share certificate,Tata Steel Limited has informed the Exchange about Loss of share certificate
19-Jul-2022 17:31:03,Loss of share certificate,Tata Steel Limited has informed the Exchange about loss of share certificates and issue of duplicate share certificates to the shareholders of Tata Steel Limited
19-Jul-2022 13:03:42,Schedule of Analysts/Institutional Investor Meet/Con. Call,Tata Steel Limited has informed the Exchange about Schedule of Analysts/Institutional Investor Meet/Con. Call 
18-Jul-2022 19:29:12,Loss of share certificate,Tata Steel Limited has informed the Exchange about Loss of share certificate
15-Jul-2022 18:59:36,Loss of share certificate,Tata Steel Limited has informed the Exchange about Loss of share certificate
14-Jul-2022 18:14:51,Loss of share certificate,Tata Steel Limited has informed the Exchange about Loss of share certificate
13-Jul-2022 18:50:48,Loss of share certificate,Tata Steel Limited has informed the Exchange about Loss of share certificate
13-Jul-2022 15:41:21,General updates,"Tata Steel Limited has informed the Exchange about Certificate under Regulation 74 of SEBI (Depositories and Participants) Regulations, 2018 for the quarter ended June 30, 2022"
12-Jul-2022 23:01:57,Newspaper Advertisements,Tata Steel Limited has informed the Exchange about Newspaper Advertisements for Fixation of Record Date for Sub-division/Split of shares of the Company
12-Jul-2022 17:48:00,Loss of share certificate,Tata Steel Limited has informed the Exchange about loss of share certificates and issue of duplicate share certificates to the shareholders of Tata Steel Limited.
11-Jul-2022 17:55:54,Loss of share certificate,Tata Steel Limited has informed the Exchange about Loss of share certificate
08-Jul-2022 18:59:39,Loss of share certificate,Tata Steel Limited has informed the Exchange about Loss of share certificate
08-Jul-2022 17:03:30,Record Date,Tata Steel Limited has informed the Exchange that Record date for the purpose of Split/Subdivision  is 29-Jul-2022.
07-Jul-2022 20:06:57,Loss of share certificate,Tata Steel Limited has informed the Exchange about Loss of share certificate
06-Jul-2022 18:11:30,Loss of share certificate,Tata Steel Limited has informed the Exchange about Loss of share certificate
05-Jul-2022 15:17:00,Press Release,Tata Steel Limited has informed the Exchange about press release dated 05-Jul-2022 titled 1QFY23 Production and delivery volumes (Provisional)
04-Jul-2022 21:15:03,Loss of share certificate,Tata Steel Limited has informed the Exchange about Loss of share certificate
04-Jul-2022 16:56:24,Press Release,"Tata Steel Limited has informed the Exchange about press release dated 04-Jul-2022 titled Acquisition of stake in Neelachal Ispat Nigam Limited through Tata Steel Long Products Limited, subsidiary of "
01-Jul-2022 18:48:39,Loss of share certificate,Tata Steel Limited has informed the Exchange about Loss of share certificate
29-Jun-2022 18:57:54,Loss of share certificate,Tata Steel Limited has informed the Exchange about Loss of share certificate
29-Jun-2022 00:57:00,Annual General Meeting,"Tata Steel Limited has informed the Exchange about Voting results,  Scrutinizer report and  Proceedings of Annual General Meeting held on 28-Jun-2022"
28-Jun-2022 14:58:15,Investor Presentation,Tata Steel Limited has informed the Exchange about Investor Presentation
27-Jun-2022 18:51:24,Loss of share certificate,Tata Steel Limited has informed the Exchange about Loss of share certificate
27-Jun-2022 18:39:30,Schedule of Analysts/Institutional Investor Meet/Con. Call,Tata Steel Limited has informed the Exchange about Schedule of Analysts/Institutional Investor Meet/Con. Call 
24-Jun-2022 18:18:12,Loss of share certificate,Tata Steel Limited has informed the Exchange about Loss of share certificate
23-Jun-2022 20:49:49,Acquisition,Tata Steel Limited has informed the Exchange about Acquisition
23-Jun-2022 18:53:19,Loss of share certificate,Tata Steel Limited has informed the Exchange about Loss of share certificate
22-Jun-2022 19:03:50,Closure of trading window,Tata Steel Limited has informed the Exchange about Closure of trading window
22-Jun-2022 18:36:21,Loss of share certificate,Tata Steel Limited has informed the Exchange about Loss of share certificate
22-Jun-2022 10:14:46,Schedule of Analysts/Institutional Investor Meet/Con. Call,Tata Steel Limited has informed the Exchange about Schedule of Analysts/Institutional Investor Meet/Con. Call 
21-Jun-2022 20:27:46,Loss of share certificate,Tata Steel Limited has informed the Exchange about Loss of share certificate
20-Jun-2022 18:16:48,Loss of share certificate,Tata Steel Limited has informed the Exchange about Loss of share certificate
17-Jun-2022 19:35:57,Loss of share certificate,Tata Steel Limited has informed the Exchange about Loss of share certificate
16-Jun-2022 18:45:42,Loss of share certificate,Tata Steel Limited has informed the Exchange about Loss of share certificate
15-Jun-2022 19:27:09,Acquisition,"Tata Steel Limited has informed the Exchange about Acquisition of equity stake in Tata Steel Mining Limited, wholly-owned subsidiary of Tata Steel Limited, on rights basis"
15-Jun-2022 19:20:01,Acquisition,"Tata Steel Limited has informed the Exchange about Acquisition of equity stake in Rohit Ferro-Tech Limited by Tata Steel Mining Limited, a wholly-owned subsidiary of Tata Steel Limited"
15-Jun-2022 18:06:41,Loss of share certificate,Tata Steel Limited has informed the Exchange about Loss of share certificate
14-Jun-2022 19:18:45,Loss of share certificate,Tata Steel Limited has informed the Exchange about Loss of share certificate
14-Jun-2022 13:28:51,Newspaper Advertisements,Advertisement published in newspapers under Investor Education and Protection Fund (IEPF) Rules
13-Jun-2022 18:36:50,Loss of share certificate,Tata Steel Limited has informed the Exchange about Loss of share certificate
11-Jun-2022 11:41:40,Postal Ballot,Tata Steel Limited has informed the Exchange about Voting results and  Scrutinizer report of Postal Ballot
09-Jun-2022 20:17:18,Loss of share certificate,Tata Steel Limited has informed the Exchange about Loss of share certificate
08-Jun-2022 20:11:47,Acquisition,Tata Steel Limited has informed the Exchange about Acquisition
08-Jun-2022 11:09:33,Schedule of Analysts/Institutional Investor Meet/Con. Call,Tata Steel Limited has informed the Exchange about Schedule of Analysts/Institutional Investor Meet/Con. Call 
07-Jun-2022 18:50:02,Loss of share certificate,Tata Steel Limited has informed the Exchange about Loss of share certificate
07-Jun-2022 13:34:47,Newspaper Advertisements,Tata Steel Limited has informed the Exchange about Newspaper Advertisements
06-Jun-2022 18:39:01,Loss of share certificate,Tata Steel Limited has informed the Exchange about Loss of share certificate
06-Jun-2022 17:59:46,Schedule of Analysts/Institutional Investor Meet/Con. Call,Tata Steel Limited has informed the Exchange about Schedule of Analysts/Institutional Investor Meet/Con. Call 
04-Jun-2022 22:03:42,Annual General Meeting,Tata Steel Limited has informed the Exchange about Notice of Annual General Meeting to be held on 28-Jun-2022
03-Jun-2022 19:20:19,Newspaper Advertisements,Tata Steel Limited has informed the Exchange about Newspaper Advertisements
03-Jun-2022 16:41:26,Loss of share certificate,Tata Steel Limited has informed the Exchange about Loss of share certificate
01-Jun-2022 18:44:52,Loss of share certificate,Tata Steel Limited has informed the Exchange about Loss of share certificate
31-May-2022 09:51:54,Schedule of Analysts/Institutional Investor Meet/Con. Call,Tata Steel Limited has informed the Exchange about Schedule of Analysts/Institutional Investor Meet/Con. Call 
30-May-2022 19:03:24,Loss of share certificate,Tata Steel Limited has informed the Exchange about Loss of share certificate
26-May-2022 17:52:49,Loss of share certificate,Tata Steel Limited has informed the Exchange about Loss of share certificate
25-May-2022 20:23:02,Acquisition,Tata Steel Limited has informed the Exchange about Acquisition
25-May-2022 18:52:29,Loss of share certificate,Tata Steel Limited has informed the Exchange about Loss of share certificate
24-May-2022 23:01:27,Schedule of Analysts/Institutional Investor Meet/Con. Call,Tata Steel Limited has informed the Exchange about Schedule of Analysts/Institutional Investor Meet/Con. Call 
24-May-2022 19:16:13,Loss of share certificate,Tata Steel Limited has informed the Exchange about Loss of share certificate
23-May-2022 18:33:50,Loss of share certificate,Tata Steel Limited has informed the Exchange about Loss of share certificate
20-May-2022 19:40:24,Cessation,Tata Steel Limited  has informed the Exchange about cessation of Mallika Srinivasan as Independent Director of the company w.e.f. 20-May-2022
19-May-2022 17:38:56,Loss of share certificate,Tata Steel Limited has informed the Exchange about Loss of share certificate
18-May-2022 18:48:26,Related Party Transaction,Tata Steel Limited has informed the Exchange about related party transaction for the period ended March 2022
18-May-2022 17:46:09,Loss of share certificate,Tata Steel Limited has informed the Exchange about Loss of share certificate
18-May-2022 12:56:15,Schedule of Analysts/Institutional Investor Meet/Con. Call,Tata Steel Limited has informed the Exchange about Schedule of Analysts/Institutional Investor Meet/Con. Call 
17-May-2022 17:44:21,Loss of share certificate,Tata Steel Limited has informed the Exchange about Loss of share certificate
16-May-2022 17:33:59,Loss of share certificate,Tata Steel Limited has informed the Exchange about Loss of share certificate
14-May-2022 19:07:28,Acquisition,Tata Steel Limited has informed the Exchange about Acquisition
13-May-2022 18:03:22,Loss of share certificate,Tata Steel Limited has informed the Exchange about Loss of share certificate
13-May-2022 12:32:23,Schedule of Analysts/Institutional Investor Meet/Con. Call,Tata Steel Limited has informed the Exchange about Schedule of Analysts/Institutional Investor Meet/Con. Call 
12-May-2022 20:07:16,General updates,Communication to Shareholders - Intimation on Tax Deduction on Dividend
12-May-2022 19:07:41,Newspaper Advertisements,Tata Steel Limited has informed the Exchange about Newspaper Advertisements
12-May-2022 18:50:24,Loss of share certificate,Tata Steel Limited has informed the Exchange about Loss of share certificate
11-May-2022 17:26:44,Loss of share certificate,Tata Steel Limited has informed the Exchange about Loss of share certificate
10-May-2022 22:56:30,Transcript of Analysts/Institutional Investor Meet/Con. Call,Tata Steel Limited has informed the Exchange about Transcript of Analysts/Institutional Investor Meet/Con. Call 
10-May-2022 17:41:05,Postal Ballot,Tata Steel Limited has informed the Exchange about Notice of Postal Ballot
10-May-2022 16:27:44,Loss of share certificate,Tata Steel Limited has informed the Exchange about loss of share certificates and issue of duplicate share certificates to shareholders.
09-May-2022 20:09:40,Loss of share certificate,Tata Steel Limited has informed the Exchange about Loss of share certificate
09-May-2022 20:02:30,General updates,"Tata Steel Limited has informed the Exchange about Financial Results - March 31, 2022"
08-May-2022 18:20:38,Acquisition,"Acquisition of 1,20,00,000 (One crore twenty lakh), 11.25% Optionally Convertible Redeemable Preference Shares of TRF Limited, aggregating to ���12 crore"
06-May-2022 18:12:39,Loss of share certificate,Tata Steel Limited has informed the Exchange about Loss of share certificate
05-May-2022 20:05:44,Loss of share certificate,Tata Steel Limited has informed the Exchange about Loss of share certificate
05-May-2022 19:57:52,Newspaper Advertisements,Tata Steel Limited has informed the Exchange about Newspaper Advertisements
05-May-2022 12:26:05,Schedule of Analysts/Institutional Investor Meet/Con. Call,Tata Steel Limited has informed the Exchange about Schedule of Analysts/Institutional Investor Meet/Con. Call 
04-May-2022 23:09:16,Recording of Analysts/Institutional Investor Meet/Con. Call,Tata Steel Limited has informed the Exchange about Recording of Analysts/Institutional Investor Meet/Con. Call
04-May-2022 19:52:35,Loss of share certificate,Tata Steel Limited has informed the Exchange about Loss of share certificate
03-May-2022 20:46:22,Loss of share certificate,Tata Steel Limited has informed the Exchange about Loss of share certificate
03-May-2022 20:16:47,Split of shares,Tata Steel Limited has informed the Exchange about Split of shares
03-May-2022 19:37:27,General updates,"Tata Steel Limited has informed the Exchange about 115th Annual General Meeting of the Company scheduled to be held on Tuesday, June 28, 2022"
03-May-2022 19:35:44,Book Closure,Tata Steel Limited has informed the Exchange that Register of Members & Share Transfer Books of the Company will remain closed from 17-Jun-2022 to 28-Jun-2022 for the purpose of Dividend.
03-May-2022 19:31:13,Re-appointment,Tata Steel Limited  has informed the Exchange about re-appointment of Price Waterhouse & Co Chartered Accountants LLP as Statutory Auditor of the company
03-May-2022 19:29:31,Investor Presentation,Tata Steel Limited has informed the Exchange about Investor Presentation
03-May-2022 19:27:26,Press Release,"Tata Steel Limited has informed the Exchange about press release dated 03-May-2022 titled Tata Steel reports highest ever consolidated EBITDA at Rs 63,830 crores; Net debt to EBITDA improves to 0.8x"
03-May-2022 19:24:42,Financial Result Updates,"Tata Steel Limited has submitted to the Exchange, the financial results for the period ended March 31, 2022."
03-May-2022 19:23:42,Dividend,Tata Steel Limited has informed the Exchange about Final dividend at the rate of 51 per share
03-May-2022 19:17:32,Dividend,"Tata Steel Limited has informed the Exchange that Board of Directors at its meeting held on 03-May-2022, declared Dividend of Rs. 51 per equity share."
03-May-2022 19:17:30,Outcome of Board Meeting,"Tata Steel Limited  has informed the Exchange about Board Meeting held on 03-May-2022 to consider financial statements for the period ended March 2022, Dividend, Split of shares and Other business mat"
02-May-2022 17:13:55,Loss of share certificate,Tata Steel Limited has informed the Exchange about Loss of share certificate
29-Apr-2022 23:04:23,Loss of share certificate,Tata Steel Limited has informed the Exchange about Loss of share certificate
28-Apr-2022 20:35:04,Loss of share certificate,Tata Steel Limited has informed the Exchange about Loss of share certificate
28-Apr-2022 11:30:58,Schedule of Analysts/Institutional Investor Meet/Con. Call,Tata Steel Limited has informed the Exchange about Schedule of Analysts/Institutional Investor Meet/Con. Call 
26-Apr-2022 19:14:03,Loss of share certificate,Tata Steel Limited has informed the Exchange about Loss of share certificate
25-Apr-2022 19:08:57,General updates,Tata Steel Limited has informed the Exchange about Intimation of change of name of the Registrar and Transfer Agent of the Company
25-Apr-2022 19:04:13,Loss of share certificate,Tata Steel Limited has informed the Exchange about Loss of share certificate
22-Apr-2022 19:44:51,Loss of share certificate,Tata Steel Limited has informed the Exchange about Loss of share certificate
21-Apr-2022 19:08:53,Loss of share certificate,Tata Steel Limited has informed the Exchange about loss of share certificates and issue of duplicate share certificates to the shareholders
20-Apr-2022 18:08:17,Loss of share certificate,Tata Steel Limited has informed the Exchange about Loss of share certificate
19-Apr-2022 18:10:38,Loss of share certificate,Tata Steel Limited has informed the Exchange about Issue of Duplicate Share Certificates share certificate
18-Apr-2022 18:43:08,Loss of share certificate,Tata Steel Limited has informed the Exchange about Loss of share certificate
14-Apr-2022 18:32:45,Loss of share certificate,Tata Steel Limited has informed the Exchange about Loss of share certificate
13-Apr-2022 17:50:57,Loss of share certificate,Tata Steel Limited has informed the Exchange about Loss of share certificate
12-Apr-2022 20:57:53,Acquisition,Tata Steel Limited has informed the Exchange about Acquisition
12-Apr-2022 17:50:53,Loss of share certificate,Tata Steel Limited has informed the Exchange about Loss of share certificate
12-Apr-2022 15:49:23,Acquisition,Tata Steel Limited has informed the Exchange about Acquisition of entire stake held by Steel Authority of India Limited in S&T MiningCompany Limited
11-Apr-2022 18:13:25,Loss of share certificate,Tata Steel Limited has informed the Exchange about Loss of share certificate
11-Apr-2022 10:55:58,Acquisition,"Tata Steel Limited has informed the Exchange about Acquisition of equity stake in Tata Steel Mining Limited, wholly-owned subsidiary ofTata Steel Limited, on preferential basis"
08-Apr-2022 19:56:34,General updates,"Tata Steel Limited has informed the Exchange about Receipt of Order of the Hon���ble National Company Law Tribunal, Kolkata Bench, approving the Resolution Plan submitted by Tata Steel Mining Limited,"
08-Apr-2022 18:25:40,Loss of share certificate,Tata Steel Limited has informed the Exchange about Loss of share certificate
07-Apr-2022 18:53:49,Loss of share certificate,Tata Steel Limited has informed the Exchange about Loss of share certificate
07-Apr-2022 11:41:53,General updates,"Tata Steel Limited has informed the Exchange about Pronouncement of Order by the Hon���ble National Company Law Tribunal, Kolkata bench, approving the Resolution Plan submitted by Tata Steel Mining Li"
06-Apr-2022 22:26:56,Acquisition,Tata Steel Limited has informed the Exchange about Acquisition - Execution of Share Purchase Agreement for acquisition of entire stake held by SteelAuthority of India Limited in S&T Mining Company Lim
06-Apr-2022 19:37:08,Loss of share certificate,Tata Steel Limited has informed the Exchange about Loss of share certificate
06-Apr-2022 15:36:39,Schedule of Analysts/Institutional Investor Meet/Con. Call,Tata Steel Limited has informed the Exchange about Schedule of Analysts/Institutional Investor Meet/Con. Call 
06-Apr-2022 10:04:59,Press Release,Tata Steel Limited has informed the Exchange about press release dated 05-Apr-2022 titled Tata Steel: 4QFY22 and FY22 Production and delivery volumes (Provisional)
04-Apr-2022 18:59:47,General updates,"Tata Steel Limited has informed the Exchange about Certificate under Regulation 74 of SEBI (Depositories and Participants) Regulations, 2018 for the quarter ended March 31, 2022"
04-Apr-2022 13:22:21,Schedule of Analysts/Institutional Investor Meet/Con. Call,Tata Steel Limited has informed the Exchange about Schedule of Analysts/Institutional Investor Meet/Con. Call 
01-Apr-2022 19:11:57,Loss of share certificate,Tata Steel Limited has informed the Exchange about Loss of share certificate
31-Mar-2022 14:53:46,Schedule of Analysts/Institutional Investor Meet/Con. Call,Tata Steel Limited has informed the Exchange about Schedule of Analysts/Institutional Investor Meet/Con. Call 
30-Mar-2022 19:40:11,Acquisition,"Tata Steel Limited has informed the Exchange about Acquisition - : Acquisition of 117,00,00,000 ��� 0.01% Non-Convertible Redeemable PreferenceShares of Tata Steel Long Products Limited, aggregating t"
30-Mar-2022 18:39:14,Corp Restructuring - others,Tata Steel Limited has informed the Exchange about Corp Restructuring - others - Transfer of equity stake held by Tata Steel Limited in Tata Steel Special Economic Zone Limited to Tata Steel Utilities
30-Mar-2022 18:36:19,Acquisition,Tata Steel Limited has informed the Exchange about Acquisition - Signing of Asset Transfer agreement for the acquisition of itemized assets fromStork Ferro and Mineral Industries Private Limited
29-Mar-2022 19:26:19,Loss of share certificate,Tata Steel Limited has informed the Exchange about Loss of share certificate
29-Mar-2022 10:07:50,Schedule of Analysts/Institutional Investor Meet/Con. Call,Tata Steel Limited has informed the Exchange about Schedule of Analysts/Institutional Investor Meet/Con. Call 
28-Mar-2022 19:53:56,Loss of share certificate,Tata Steel Limited has informed the Exchange about Loss of share certificate
28-Mar-2022 19:42:41,Appointment,Tata Steel Limited  has informed the Exchange about appointment of Vijay Kumar Sharma as Independent Director of the company w.e.f. 28-Mar-2022
28-Mar-2022 19:41:51,Resignation,Tata Steel Limited  has informed the Exchange about resignation of Vijay Kumar Sharma as Non Executive - Non Independent Director of the company w.e.f. 28-Mar-2022
28-Mar-2022 19:40:29,Appointment,Tata Steel Limited  has informed the Exchange about appointment of Noel Naval Tata as Non Executive - Non Independent Director of the company w.e.f. 28-Mar-2022
25-Mar-2022 21:38:03,General updates,Tata Steel Limited has informed the Exchange about Appointment/Re-appointment of Independent Director(s)
25-Mar-2022 21:28:35,Postal Ballot,Tata Steel Limited has informed the Exchange about Voting results and  Scrutinizer report of Postal Ballot
25-Mar-2022 18:25:05,Loss of share certificate,Tata Steel Limited has informed the Exchange about Loss of share certificate
24-Mar-2022 19:20:12,Loss of share certificate,Tata Steel Limited has informed the Exchange about Loss of share certificate
24-Mar-2022 16:07:46,Schedule of Analysts/Institutional Investor Meet/Con. Call,Tata Steel Limited has informed the Exchange about Schedule of Analysts/Institutional Investor Meet/Con. Call 
23-Mar-2022 18:11:16,Loss of share certificate,Tata Steel Limited has informed the Exchange about Loss of share certificate
23-Mar-2022 16:13:52,Closure of trading window,Tata Steel Limited has informed the Exchange about Closure of trading window
22-Mar-2022 18:36:05,Loss of share certificate,Tata Steel Limited has informed the Exchange about Loss of share certificate
21-Mar-2022 21:54:46,Loss of share certificate,Tata Steel Limited has informed the Exchange about Loss of share certificate
17-Mar-2022 22:11:00,Acquisition,"Tata Steel Limited has informed the Exchange about Acquisition of 10,00,00,000 ��� 0.01% Non-Convertible Redeemable Preference Shares of Tata Steel Long Products Limited, aggregating to ���1,000 crore"
17-Mar-2022 18:08:00,Loss of share certificate,Tata Steel Limited has informed the Exchange about Loss of share certificate
16-Mar-2022 22:19:36,General updates,Tata Steel Limited has informed the Exchange about Acquisition of 90% equity shares in Ceramat Private Limited through step-down subsidiary Tata Steel Advanced Materials Limited
16-Mar-2022 18:16:21,Loss of share certificate,Tata Steel Limited has informed the Exchange about Loss of share certificate
16-Mar-2022 11:45:51,Schedule of Analysts/Institutional Investor Meet/Con. Call,Tata Steel Limited has informed the Exchange about Schedule of Analysts/Institutional Investor Meet/Con. Call 
15-Mar-2022 19:55:35,Loss of share certificate,Tata Steel Limited has informed the Exchange about Loss of share certificate
14-Mar-2022 18:14:01,Loss of share certificate,Tata Steel Limited has informed the Exchange about Loss of share certificate
14-Mar-2022 17:27:46,Conversion,Tata Steel Limited has informed the Exchange about Conversion of partly paid-up equity shares to fully paid-up equity shares
11-Mar-2022 18:39:15,Loss of share certificate,Tata Steel Limited has informed the Exchange about Loss of share certificate
10-Mar-2022 22:09:13,Acquisition,Tata Steel Limited has informed the Exchange about Acquisition
10-Mar-2022 18:20:06,Loss of share certificate,Tata Steel Limited has informed the Exchange about Loss of share certificate
09-Mar-2022 17:44:30,Loss of share certificate,Tata Steel Limited has informed the Exchange about Loss of share certificate
08-Mar-2022 19:54:55,General updates,"Tata Steel Limited has informed the Exchange about Intimation in terms of SEBI Circular No. SEBI/HO/MIRSD/DOS3/CIR/P/2018/139 dated November 6, 2018 pertaining to transfer of securities in physical mo"
08-Mar-2022 18:18:52,Loss of share certificate,Tata Steel Limited has informed the Exchange about Loss of share certificate
07-Mar-2022 18:24:20,Loss of share certificate,Tata Steel Limited has informed the Exchange about Loss of share certificate
04-Mar-2022 17:58:52,Loss of share certificate,Tata Steel Limited has informed the Exchange about Loss of share certificate
03-Mar-2022 19:29:11,Loss of share certificate,Tata Steel Limited has informed the Exchange about Loss of share certificate
02-Mar-2022 23:00:44,Loss of share certificate,Tata Steel Limited has informed the Exchange about Loss of share certificate
01-Mar-2022 19:21:10,Loss of share certificate,Tata Steel Limited has informed the Exchange about Loss of share certificate
01-Mar-2022 09:48:21,Acquisition,Execution of definitive agreement for acquisition of 90% equity stake in Ceramat Private Limited by Tata Steel Advanced Materials Limited 
28-Feb-2022 20:44:56,Loss of share certificate,Tata Steel Limited has informed the Exchange about Loss of share certificate
23-Feb-2022 18:55:03,Newspaper Advertisements,Tata Steel Limited has informed the Exchange about Newspaper Advertisements
23-Feb-2022 18:27:10,Loss of share certificate,Tata Steel Limited has informed the Exchange about Loss of share certificate
22-Feb-2022 18:48:40,Loss of share certificate,Tata Steel Limited has informed the Exchange about Loss of share certificate
21-Feb-2022 19:28:32,Loss of share certificate,Tata Steel Limited has informed the Exchange about Loss of share certificate
21-Feb-2022 18:44:30,Postal Ballot,Tata Steel Limited has informed the Exchange about Notice of Postal Ballot
18-Feb-2022 19:00:33,Loss of Share Certificates,Tata Steel Limited has informed the Exchange about Loss of Share Certificates
15-Feb-2022 19:21:57,Loss of Share Certificates,Tata Steel Limited has informed the Exchange about Loss of Share Certificates
14-Feb-2022 19:29:01,Loss of Share Certificates,Tata Steel Limited has informed the Exchange about Loss of Share Certificates
14-Feb-2022 11:56:00,Analysts/Institutional Investor Meet/Con. Call Updates,Tata Steel Limited has informed the Exchange about Schedule of meet and Presentation
11-Feb-2022 19:45:01,Loss of Share Certificates,Tata Steel Limited has informed the Exchange about Loss of Share Certificates
10-Feb-2022 18:58:23,Loss of Share Certificates,Tata Steel Limited has informed the Exchange about Loss of Share Certificates
09-Feb-2022 19:35:05,Updates,"Tata Steel Limited has informed the Exchange regarding 'Tata Steel Long Products Limited, subsidiary of Tata Steel Limited, accepts the Letter of Award for acquisition of Neelachal Ispat Nigam Limited"
09-Feb-2022 18:28:48,Loss of Share Certificates,Tata Steel Limited has informed the Exchange about Loss of Share Certificates
08-Feb-2022 19:39:03,Loss of Share Certificates,Tata Steel Limited has informed the Exchange about Loss of Share Certificates
07-Feb-2022 21:26:57,Copy of Newspaper Publication,Tata Steel Limited has informed the Exchange about Copy of Newspaper Publication
07-Feb-2022 21:07:10,Loss of Share Certificates,Tata Steel Limited has informed the Exchange about Loss of Share Certificates
04-Feb-2022 20:41:38,Analysts/Institutional Investor Meet/Con. Call Updates,Tata Steel Limited has informed the Exchange about details for participation in the  Tata Steel - 3QFY2022 Earnings Discussion
04-Feb-2022 19:28:47,Statement of deviation(s) or variation(s) under Reg. 32,Tata Steel Limited has informed the Exchange about statement of deviation(s) or variation(s) under Reg. 32
04-Feb-2022 19:19:51,Investor Presentation,Tata Steel Limited has informed the Exchange about Investor Presentation
04-Feb-2022 19:13:50,Press Release,"Tata Steel Limited has informed the Exchange regarding a press release dated February 04, 2022, titled ""Strong free cash flow generation and debt repayment of Rs 17,376 crores in the first ninemonths "
04-Feb-2022 19:03:57,Financial Result Updates,"Tata Steel Limited has submitted to the Exchange, the financial results for the period ended December 31, 2021."
04-Feb-2022 19:00:19,Outcome of Board Meeting,"Tata Steel Limited has informed the Exchange regarding  Board meeting held on February 04, 2022."
04-Feb-2022 16:07:21,Loss of Share Certificates,Tata Steel Limited has informed the Exchange about Loss of Share Certificates
04-Feb-2022 09:36:54,Analysts/Institutional Investor Meet/Con. Call Updates,"Tata Steel Limited has informed the Exchange about Schedule of meet,Link of Recording and webex view and youtube view."
03-Feb-2022 18:10:54,Loss of Share Certificates,Tata Steel Limited has informed the Exchange about Loss of Share Certificates
02-Feb-2022 20:33:11,Loss of Share Certificates,Tata Steel Limited has informed the Exchange about Loss of Share Certificates
01-Feb-2022 18:57:49,Loss of Share Certificates,Tata Steel Limited has informed the Exchange about Loss of Share Certificates
31-Jan-2022 18:26:59,Loss of Share Certificates,Tata Steel Limited has informed the Exchange about Loss of Share Certificates
31-Jan-2022 18:26:51,Loss of Share Certificates,Tata Steel Limited has informed the Exchange about Loss of Share Certificates
31-Jan-2022 17:19:46,Press Release,"Tata Steel Limited has informed the Exchange regarding a press release dated January 31, 2022, titled ""Tata Steel Long Products declaredthe winning bidder for Neelachal Ispat Nigam Limited""."
28-Jan-2022 19:19:14,Loss of Share Certificates,Tata Steel Limited has informed the Exchange about Loss of Share Certificates
27-Jan-2022 19:52:49,Loss of Share Certificates,Tata Steel Limited has informed the Exchange about Loss of Share Certificates
25-Jan-2022 18:11:01,Loss of Share Certificates,Tata Steel Limited has informed the Exchange about Loss of Share Certificates
25-Jan-2022 18:10:54,Loss of Share Certificates,Tata Steel Limited has informed the Exchange about Loss of Share Certificates
24-Jan-2022 19:47:30,Loss of Share Certificates,Tata Steel Limited has informed the Exchange about Loss of Share Certificates
24-Jan-2022 19:47:26,Loss of Share Certificates,Tata Steel Limited has informed the Exchange about Loss of Share Certificates
21-Jan-2022 16:18:58,Updates,Tata Steel Limited has informed the Exchange regarding 'Last and Final Reminder-Cum-Forfeiture Notice # 2 (ISIN: IN9081A01010)'.
20-Jan-2022 21:09:20,Loss of Share Certificates,Tata Steel Limited has informed the Exchange about Loss of Share Certificates
20-Jan-2022 21:09:16,Loss of Share Certificates,Tata Steel Limited has informed the Exchange about Loss of Share Certificates
19-Jan-2022 20:12:35,Loss of Share Certificates,Tata Steel Limited has informed the Exchange about Loss of Share Certificates
18-Jan-2022 18:38:05,Loss of Share Certificates,Tata Steel Limited has informed the Exchange about Loss of Share Certificates
17-Jan-2022 19:48:39,Loss of Share Certificates,Tata Steel Limited has informed the Exchange about Loss of Share Certificates
14-Jan-2022 17:41:42,Loss of Share Certificates,Tata Steel Limited has informed the Exchange about Loss of Share Certificates
13-Jan-2022 19:06:05,Loss of Share Certificates,Tata Steel Limited has informed the Exchange about Loss of Share Certificates
11-Jan-2022 18:59:08,Loss of Share Certificates,Tata Steel Limited has informed the Exchange about Loss of Share Certificates
10-Jan-2022 19:10:39,Loss of Share Certificates,Tata Steel Limited has informed the Exchange about Loss of Share Certificates
10-Jan-2022 19:10:38,Loss of Share Certificates,Tata Steel Limited has informed the Exchange about Loss of Share Certificates
08-Jan-2022 20:04:29,Acquisition,Tata Steel Limited has informed the Exchange about Acquisition
07-Jan-2022 19:25:14,Loss of Share Certificates,Tata Steel Limited has informed the Exchange about Loss of Share Certificates
07-Jan-2022 17:24:24,Press Release,"Tata Steel Limited has informed the Exchange regarding a press release dated January 07, 2022, titled ""Tata Steel: 3QFY22 Production and delivery volumes (Provisional)""."
06-Jan-2022 19:02:21,Loss of Share Certificates,Tata Steel Limited has informed the Exchange about Loss of Share Certificates
05-Jan-2022 22:09:18,Loss of Share Certificates,Tata Steel Limited has informed the Exchange about Loss of Share Certificates
05-Jan-2022 22:09:17,Loss of Share Certificates,Tata Steel Limited has informed the Exchange about Loss of Share Certificates
04-Jan-2022 19:13:13,Loss of Share Certificates,Tata Steel Limited has informed the Exchange about Loss of Share Certificates
04-Jan-2022 17:42:10,"Certificate under SEBI (Depositories and Participants) Regulations, 2018","Tata Steel Limited has informed the Exchange about Certificate under SEBI (Depositories and Participants) Regulations, 2018"
03-Jan-2022 20:08:12,Loss of Share Certificates,Tata Steel Limited has informed the Exchange about Loss of Share Certificates
31-Dec-2021 17:40:50,Loss of Share Certificates,Tata Steel Limited has informed the Exchange about Loss of Share Certificates
29-Dec-2021 18:39:06,Loss of Share Certificates,Tata Steel Limited has informed the Exchange about Loss of Share Certificates
28-Dec-2021 18:38:38,Loss of Share Certificates,Tata Steel Limited has informed the Exchange about Loss of Share Certificates
28-Dec-2021 18:38:35,Loss of Share Certificates,Tata Steel Limited has informed the Exchange about Loss of Share Certificates
27-Dec-2021 18:51:34,Loss of Share Certificates,Tata Steel Limited has informed the Exchange about Loss of Share Certificates
27-Dec-2021 18:51:32,Loss of Share Certificates,Tata Steel Limited has informed the Exchange about Loss of Share Certificates
27-Dec-2021 16:49:45,Conversion,Tata Steel Limited has informed the Exchange about Conversion
22-Dec-2021 17:45:39,Loss of Share Certificates,Tata Steel Limited has informed the Exchange about Loss of Share Certificates
22-Dec-2021 17:45:36,Loss of Share Certificates,Tata Steel Limited has informed the Exchange about Loss of Share Certificates
21-Dec-2021 12:09:55,Trading Window,"Tata Steel Limited has informed the Exchange regarding the Trading Window closure pursuant to SEBI (Prohibition of Insider Trading) Regulations, 2015"
20-Dec-2021 18:38:34,Loss of Share Certificates,Tata Steel Limited has informed the Exchange about Loss of Share Certificates
17-Dec-2021 18:51:22,Loss of Share Certificates,Tata Steel Limited has informed the Exchange about Loss of Share Certificates
16-Dec-2021 19:53:51,Loss of Share Certificates,Tata Steel Limited has informed the Exchange about Loss of Share Certificates
16-Dec-2021 13:18:19,Acquisition,Tata Steel Limited has informed the Exchange about Acquisition of Redeemable Preference Shares of Angul Sukinda Railway Limited
16-Dec-2021 11:45:02,Credit Rating,Tata Steel Limited has informed the Exchange about Credit Rating
15-Dec-2021 19:02:16,Loss of Share Certificates,Tata Steel Limited has informed the Exchange about Loss of Share Certificates
14-Dec-2021 19:46:58,Loss of Share Certificates,Tata Steel Limited has informed the Exchange about Loss of Share Certificates
10-Dec-2021 18:10:36,Loss of Share Certificates,Tata Steel Limited has informed the Exchange about Loss of Share Certificates
09-Dec-2021 20:05:57,Loss of Share Certificates,Tata Steel Limited has informed the Exchange about Loss of Share Certificates
08-Dec-2021 18:04:47,Loss of Share Certificates,Tata Steel Limited has informed the Exchange about Loss of Share Certificates
07-Dec-2021 17:22:00,Loss of Share Certificates,Tata Steel Limited has informed the Exchange about Loss of Share Certificates
07-Dec-2021 17:21:58,Loss of Share Certificates,Tata Steel Limited has informed the Exchange about Loss of Share Certificates
06-Dec-2021 19:18:48,Loss of Share Certificates,Tata Steel Limited has informed the Exchange about Loss of Share Certificates
06-Dec-2021 14:59:16,Analysts/Institutional Investor Meet/Con. Call Updates,Tata Steel Limited has informed the Exchange about Schedule of meet and Presentation
30-Nov-2021 18:44:13,Loss of Share Certificates,Tata Steel Limited has informed the Exchange about Loss of Share Certificates
30-Nov-2021 18:44:12,Loss of Share Certificates,Tata Steel Limited has informed the Exchange about Loss of Share Certificates
26-Nov-2021 18:41:39,Loss of Share Certificates,Tata Steel Limited has informed the Exchange about Loss of Share Certificates
24-Nov-2021 18:41:39,Loss of Share Certificates,Tata Steel Limited has informed the Exchange about Loss of Share Certificates
24-Nov-2021 18:41:37,Loss of Share Certificates,Tata Steel Limited has informed the Exchange about Loss of Share Certificates
23-Nov-2021 20:14:29,Loss of Share Certificates,Tata Steel Limited has informed the Exchange about Loss of Share Certificates
23-Nov-2021 12:18:49,Updates,Tata Steel Limited has informed the Exchange regarding 'Last and Final Reminer-cum-Forfeiture Notice (ISIN: IN9081A'.
23-Nov-2021 11:10:52,Allotment of Securities,"Tata Steel Limited has informed the Exchange regarding allotment of 18223805 securities pursuant to Scheme of Arrangement/Amalgamation at its meeting held on November 23, 2021"
22-Nov-2021 18:53:04,Loss of Share Certificates,Tata Steel Limited has informed the Exchange about Loss of Share Certificates
19-Nov-2021 17:52:57,Loss of Share Certificates,Tata Steel Limited has informed the Exchange about Loss of Share Certificates
18-Nov-2021 18:41:22,Loss of Share Certificates,Tata Steel Limited has informed the Exchange about Loss of Share Certificates
16-Nov-2021 20:09:56,Loss of Share Certificates,Tata Steel Limited has informed the Exchange about Loss of Share Certificates
16-Nov-2021 20:09:54,Loss of Share Certificates,Tata Steel Limited has informed the Exchange about Loss of Share Certificates
15-Nov-2021 20:11:21,Analysts/Institutional Investor Meet/Con. Call Updates,Tata Steel Limited has informed the Exchange about Schedule of meet and Presentation
15-Nov-2021 20:07:10,Loss of Share Certificates,Tata Steel Limited has informed the Exchange about Loss of Share Certificates
14-Nov-2021 13:07:15,Copy of Newspaper Publication,Tata Steel Limited has informed the Exchange about Copy of Newspaper Publication
12-Nov-2021 20:14:05,Analysts/Institutional Investor Meet/Con. Call Updates,Tata Steel Limited has informed the Exchange about Schedule of meet and Presentation
12-Nov-2021 20:14:03,Analysts/Institutional Investor Meet/Con. Call Updates,Tata Steel Limited has informed the Exchange about Schedule of meet and Presentation
11-Nov-2021 22:42:10,Updates,Tata Steel Limited has informed the Exchange regarding ' Effective Date  of the Composite Scheme of Amalgamation of Bamnipal Steel Limited and Tata Steel BSL Limited (formerly Bhushan Steel Limited) i
11-Nov-2021 20:03:05,Loss of Share Certificates,Tata Steel Limited has informed the Exchange about Loss of Share Certificates
11-Nov-2021 19:18:01,Statement of deviation(s) or variation(s) under Reg. 32,Tata Steel Limited has informed the Exchange about statement of deviation(s) or variation(s) under Reg. 32
11-Nov-2021 18:56:40,Press Release,"Tata Steel Limited has informed the Exchange regarding a press release dated November 11, 2021, titled ""Tata Steel reports highest ever quarterly consolidated EBITDA; achieves investment grade metrics"
11-Nov-2021 18:53:42,Investor Presentation,Tata Steel Limited has informed the Exchange about Investor Presentation
11-Nov-2021 18:53:01,Financial Result Updates,"Tata Steel Limited has submitted to the Exchange, the financial results for the period ended September 30, 2021."
11-Nov-2021 18:48:03,Outcome of Board Meeting,"Tata Steel Limited has informed the Exchange regarding  Board meeting held on November 11, 2021."
10-Nov-2021 18:26:19,Loss of Share Certificates,Tata Steel Limited has informed the Exchange about Loss of Share Certificates
10-Nov-2021 13:05:53,Analysts/Institutional Investor Meet/Con. Call Updates,Tata Steel Limited has informed the Exchange about Schedule of meet and Link of Recording
09-Nov-2021 22:29:32,Loss of Share Certificates,Tata Steel Limited has informed the Exchange about Loss of Share Certificates
08-Nov-2021 20:32:55,Loss of Share Certificates,Tata Steel Limited has informed the Exchange about Loss of Share Certificates
08-Nov-2021 20:32:54,Loss of Share Certificates,Tata Steel Limited has informed the Exchange about Loss of Share Certificates
03-Nov-2021 18:45:14,Loss of Share Certificates,Tata Steel Limited has informed the Exchange about Loss of Share Certificates
02-Nov-2021 19:59:20,Scheme of Arrangement,Tata Steel Limited has informed the Exchange about Scheme of Arrangement
02-Nov-2021 19:43:22,Amalgamation/Merger,Tata Steel Limited has informed the Exchange about Amalgamation/Merger
02-Nov-2021 18:47:06,Loss of Share Certificates,Tata Steel Limited has informed the Exchange about Loss of Share Certificates
02-Nov-2021 18:47:04,Loss of Share Certificates,Tata Steel Limited has informed the Exchange about Loss of Share Certificates
01-Nov-2021 20:49:20,Loss of Share Certificates,Tata Steel Limited has informed the Exchange about Loss of Share Certificates
30-Oct-2021 18:50:22,Conversion,Tata Steel Limited has informed the Exchange about Conversion
29-Oct-2021 22:33:14,Amalgamation/Merger,Tata Steel Limited has informed the Exchange about Amalgamation/Merger
29-Oct-2021 22:32:24,Scheme of Arrangement,Tata Steel Limited has informed the Exchange about Scheme of Arrangement
27-Oct-2021 19:57:26,Loss of Share Certificates,Tata Steel Limited has informed the Exchange about Loss of Share Certificates
26-Oct-2021 19:05:58,Loss of Share Certificates,Tata Steel Limited has informed the Exchange about Loss of Share Certificates
22-Oct-2021 19:09:34,Loss of Share Certificates,Tata Steel Limited has informed the Exchange about Loss of Share Certificates
21-Oct-2021 20:01:41,Loss of Share Certificates,Tata Steel Limited has informed the Exchange about Loss of Share Certificates
21-Oct-2021 13:17:05,Credit Rating,Tata Steel Limited has informed the Exchange about Credit Rating
20-Oct-2021 19:46:06,Loss of Share Certificates,Tata Steel Limited has informed the Exchange about Loss of Share Certificates
20-Oct-2021 19:46:04,Loss of Share Certificates,Tata Steel Limited has informed the Exchange about Loss of Share Certificates
19-Oct-2021 20:32:17,Loss of Share Certificates,Tata Steel Limited has informed the Exchange about Loss of Share Certificates
18-Oct-2021 20:01:38,Loss of Share Certificates,Tata Steel Limited has informed the Exchange about Loss of Share Certificates
13-Oct-2021 19:04:44,Loss of Share Certificates,Tata Steel Limited has informed the Exchange about Loss of Share Certificates
13-Oct-2021 19:04:42,Loss of Share Certificates,Tata Steel Limited has informed the Exchange about Loss of Share Certificates
11-Oct-2021 21:09:14,Appointment,"Tata Steel Limited has informed the Exchange regarding Appointment of Mr David W Crane as Non- Executive Independent Director of the company w.e.f. October 11, 2021."
11-Oct-2021 19:45:38,Loss of Share Certificates,Tata Steel Limited has informed the Exchange about Loss of Share Certificates
06-Oct-2021 13:42:04,Press Release,"Tata Steel Limited has informed the Exchange regarding a press release dated October 06, 2021, titled ""Tata Steel: 2QFY22 Production and deliveryvolumes (Provisional)""."
04-Oct-2021 19:12:49,Loss of Share Certificates,Tata Steel Limited has informed the Exchange about Loss of Share Certificates
04-Oct-2021 19:09:23,"Certificate under SEBI (Depositories and Participants) Regulations, 2018","Tata Steel Limited has informed the Exchange about Certificate under SEBI (Depositories and Participants) Regulations, 2018"
01-Oct-2021 20:31:08,Diversification/Disinvestment,Tata Steel Limited has informed the Exchange about Diversification/Disinvestment
30-Sep-2021 19:27:53,Loss of Share Certificates,Tata Steel Limited has informed the Exchange about Loss of Share Certificates
30-Sep-2021 12:46:39,Press Release,"Tata Steel Limited has informed the Exchange regarding a press release dated September 30, 2021, titled "" Tata Steel divests its entire stake in NatSteel HoldingsPte. Ltd. Singapore for an equity valu"
30-Sep-2021 12:43:30,Diversification/Disinvestment,Tata Steel Limited has informed the Exchange about Diversification/Disinvestment
29-Sep-2021 20:00:48,Loss of Share Certificates,Tata Steel Limited has informed the Exchange about Loss of Share Certificates
28-Sep-2021 19:08:59,Loss of Share Certificates,Tata Steel Limited has informed the Exchange about Loss of Share Certificates
27-Sep-2021 20:06:44,Loss of Share Certificates,Tata Steel Limited has informed the Exchange about Loss of Share Certificates
24-Sep-2021 18:59:36,Loss of Share Certificates,Tata Steel Limited has informed the Exchange about Loss of Share Certificates
23-Sep-2021 19:49:56,Loss of Share Certificates,Tata Steel Limited has informed the Exchange about Loss of Share Certificates
22-Sep-2021 19:25:34,Loss of Share Certificates,Tata Steel Limited has informed the Exchange about Loss of Share Certificates
21-Sep-2021 19:07:23,Loss of Share Certificates,Tata Steel Limited has informed the Exchange about Loss of Share Certificates
21-Sep-2021 17:58:43,Analysts/Institutional Investor Meet/Con. Call Updates,Tata Steel Limited has informed the Exchange about Analysts/Institutional Investor Meet/Con. Call Updates
21-Sep-2021 17:56:07,Trading Window,"Tata Steel Limited has informed the Exchange regarding the Trading Window closure pursuant to SEBI (Prohibition of Insider Trading) Regulations, 2015"
20-Sep-2021 19:47:02,Updates,"Tata Steel Limited has informed the Exchange regarding 'Intimation in terms of SEBI Circular No. SEBI/HO/MIRSD/DOS3/CIR/P/2018/139 dated November 6, 2018 pertaining to transfer of securities in physic"
20-Sep-2021 19:36:20,Loss of Share Certificates,Tata Steel Limited has informed the Exchange about Loss of Share Certificates
17-Sep-2021 20:26:41,Loss of Share Certificates,Tata Steel Limited has informed the Exchange about Loss of Share Certificates
17-Sep-2021 19:38:25,Loss of Share Certificates,Tata Steel Limited has informed the Exchange about Loss of Share Certificates
17-Sep-2021 19:13:23,Copy of Newspaper Publication,Tata Steel Limited has informed the Exchange about Copy of Newspaper Publication
17-Sep-2021 15:53:08,Analysts/Institutional Investor Meet/Con. Call Updates,Tata Steel Limited has informed the Exchange about Analysts/Institutional Investor Meet/Con. Call Updates
15-Sep-2021 19:02:24,Loss of Share Certificates,Tata Steel Limited has informed the Exchange about Loss of Share Certificates
14-Sep-2021 22:17:41,Credit Rating,Tata Steel Limited has informed the Exchange about Credit Rating
13-Sep-2021 21:32:14,Loss of Share Certificates,Tata Steel Limited has informed the Exchange about Loss of Share Certificates
13-Sep-2021 21:32:11,Loss of Share Certificates,Tata Steel Limited has informed the Exchange about Loss of Share Certificates
13-Sep-2021 15:32:56,Updates,Tata Steel Limited has informed the Exchange regarding 'Final Reminder-Cum-Forfeiture Notice (ISIN: IN9081A01010)'.
09-Sep-2021 19:43:35,Loss of Share Certificates,Tata Steel Limited has informed the Exchange about Loss of Share Certificates
07-Sep-2021 18:43:02,Loss of Share Certificates,Tata Steel Limited has informed the Exchange about Loss of Share Certificates
06-Sep-2021 20:06:50,Loss of Share Certificates,Tata Steel Limited has informed the Exchange about Loss of Share Certificates
06-Sep-2021 20:06:49,Loss of Share Certificates,Tata Steel Limited has informed the Exchange about Loss of Share Certificates
06-Sep-2021 16:10:23,Investor Presentation,Tata Steel Limited has informed the Exchange about Investor Presentation
06-Sep-2021 12:57:18,Analysts/Institutional Investor Meet/Con. Call Updates,Tata Steel Limited has informed the Exchange about Analysts/Institutional Investor Meet/Con. Call Updates
01-Sep-2021 19:13:21,Loss of Share Certificates,Tata Steel Limited has informed the Exchange about Loss of Share Certificates
31-Aug-2021 22:04:39,Loss of Share Certificates,Tata Steel Limited has informed the Exchange about Loss of Share Certificates
31-Aug-2021 22:04:38,Loss of Share Certificates,Tata Steel Limited has informed the Exchange about Loss of Share Certificates
31-Aug-2021 19:28:51,Retirement,Tata Steel Limited has informed the Exchange about Retirement
26-Aug-2021 20:41:45,Loss of Share Certificates,Tata Steel Limited has informed the Exchange about Loss of Share Certificates
25-Aug-2021 18:42:28,Loss of Share Certificates,Tata Steel Limited has informed the Exchange about Loss of Share Certificates
24-Aug-2021 20:25:28,Loss of Share Certificates,Tata Steel Limited has informed the Exchange about Loss of Share Certificates
24-Aug-2021 17:03:24,Credit Rating,Tata Steel Limited has informed the Exchange about Credit Rating
23-Aug-2021 19:10:58,Loss of Share Certificates,Tata Steel Limited has informed the Exchange about Loss of Share Certificates
23-Aug-2021 19:10:56,Loss of Share Certificates,Tata Steel Limited has informed the Exchange about Loss of Share Certificates
20-Aug-2021 19:36:16,Loss of Share Certificates,Tata Steel Limited has informed the Exchange about Loss of Share Certificates
18-Aug-2021 13:19:50,Press Release,"Tata Steel Limited has informed the Exchange regarding a press release dated August 18, 2021, titled ""Tata Steel commissions its first SteelRecycling Plant in Rohtak, Haryana""."
17-Aug-2021 21:17:04,Loss of Share Certificates,Tata Steel Limited has informed the Exchange about Loss of Share Certificates
14-Aug-2021 22:36:50,Copy of Newspaper Publication,Tata Steel Limited has informed the Exchange about Copy of Newspaper Publication
13-Aug-2021 12:59:33,Analysts/Institutional Investor Meet/Con. Call Updates,Tata Steel Limited has informed the Exchange about Analysts/Institutional Investor Meet/Con. Call Updates
12-Aug-2021 18:38:51,Statement of deviation(s) or variation(s) under Reg. 32,Tata Steel Limited has informed the Exchange about statement of deviation(s) or variation(s) under Reg. 32
12-Aug-2021 18:34:36,Monitoring Agency Report,"Monitoring Agency Report for the quarter ended June 30, 2021"
12-Aug-2021 17:53:35,Investor Presentation,Tata Steel Limited has informed the Exchange about Investor Presentation
12-Aug-2021 17:50:50,Press Release,"Tata Steel Limited has informed the Exchange regarding a press release dated August 12, 2021, titled ""Tata Steel reports highest ever quarterly consolidated EBITDA; Net debt to EBITDA improves to 1.59"
12-Aug-2021 17:48:04,Appointment,"Tata Steel Limited has informed the Exchange regarding Appointment of Mrs Farida Khambata as Non- Executive Independent Director of the company w.e.f. August 12, 2021."
12-Aug-2021 17:45:22,Outcome of Board Meeting,"Tata Steel Limited has informed the Exchange regarding  Board meeting held on August 12, 2021."
12-Aug-2021 17:43:11,Financial Result Updates,"Tata Steel Limited has submitted to the Exchange, the financial results for the period ended June 30, 2021."
11-Aug-2021 20:37:28,Loss of Share Certificates,Tata Steel Limited has informed the Exchange about Loss of Share Certificates
10-Aug-2021 20:43:31,Loss of Share Certificates,Tata Steel Limited has informed the Exchange about Loss of Share Certificates
10-Aug-2021 15:57:31,Analysts/Institutional Investor Meet/Con. Call Updates,Tata Steel Limited has informed the Exchange about Analysts/Institutional Investor Meet/Con. Call Updates
09-Aug-2021 19:47:18,Loss of Share Certificates,Tata Steel Limited has informed the Exchange about Loss of Share Certificates
07-Aug-2021 12:52:10,Copy of Newspaper Publication,Tata Steel Limited has informed the Exchange about Copy of Newspaper Publication
05-Aug-2021 19:36:21,Loss of Share Certificates,Tata Steel Limited has informed the Exchange about Loss of Share Certificates
04-Aug-2021 20:12:36,Loss of Share Certificates,Tata Steel Limited has informed the Exchange about Loss of Share Certificates
03-Aug-2021 22:40:01,Credit Rating,Tata Steel Limited has informed the Exchange about Credit Rating
03-Aug-2021 19:51:47,Loss of Share Certificates,Tata Steel Limited has informed the Exchange about Loss of Share Certificates
02-Aug-2021 20:07:36,Loss of Share Certificates,Tata Steel Limited has informed the Exchange about Loss of Share Certificates
02-Aug-2021 12:01:27,Conversion,Tata Steel Limited has informed the Exchange about Conversion
30-Jul-2021 20:05:15,Loss of Share Certificates,Tata Steel Limited has informed the Exchange about Loss of Share Certificates
29-Jul-2021 20:36:06,Loss of Share Certificates,Tata Steel Limited has informed the Exchange about Loss of Share Certificates
29-Jul-2021 20:36:04,Loss of Share Certificates,Tata Steel Limited has informed the Exchange about Loss of Share Certificates
29-Jul-2021 20:29:49,Copy of Newspaper Publication,Tata Steel Limited has informed the Exchange about Copy of Newspaper Publication
28-Jul-2021 21:03:22,Loss of Share Certificates,Tata Steel Limited has informed the Exchange about Loss of Share Certificates
27-Jul-2021 20:17:21,Loss of Share Certificates,Tata Steel Limited has informed the Exchange about Loss of Share Certificates
26-Jul-2021 20:20:24,Loss of Share Certificates,Tata Steel Limited has informed the Exchange about Loss of Share Certificates
23-Jul-2021 19:18:17,Loss of Share Certificates,Tata Steel Limited has informed the Exchange about Loss of Share Certificates
22-Jul-2021 21:21:45,Loss of Share Certificates,Tata Steel Limited has informed the Exchange about Loss of Share Certificates
21-Jul-2021 20:47:47,Loss of Share Certificates,Tata Steel Limited has informed the Exchange about Loss of Share Certificates
20-Jul-2021 20:21:21,Loss of Share Certificates,Tata Steel Limited has informed the Exchange about Loss of Share Certificates
20-Jul-2021 20:16:01,Loss of Share Certificates,Tata Steel Limited has informed the Exchange about Loss of Share Certificates
15-Jul-2021 21:16:57,Loss of Share Certificates,Tata Steel Limited has informed the Exchange about Loss of Share Certificates
14-Jul-2021 19:57:57,Loss of Share Certificates,Tata Steel Limited has informed the Exchange about Loss of Share Certificates
13-Jul-2021 21:02:07,Loss of Share Certificates,Tata Steel Limited has informed the Exchange about Loss of Share Certificates
12-Jul-2021 20:19:29,Loss of Share Certificates,Tata Steel Limited has informed the Exchange about Loss of Share Certificates
09-Jul-2021 20:52:44,Loss of Share Certificates,Tata Steel Limited has informed the Exchange about Loss of Share Certificates
08-Jul-2021 20:18:51,Loss of Share Certificates,Tata Steel Limited has informed the Exchange about Loss of Share Certificates
08-Jul-2021 20:04:15,Credit Rating,Tata Steel Limited has informed the Exchange about Credit Rating
07-Jul-2021 21:01:33,Resignation,"Tata Steel Limited has informed the Exchange regarding Resignation of Mr Peter Blauwhoff as Independent Director of the company w.e.f. July 13, 2021."
07-Jul-2021 20:29:06,Loss of Share Certificates,Tata Steel Limited has informed the Exchange about Loss of Share Certificates
07-Jul-2021 15:04:32,Analysts/Institutional Investor Meet/Con. Call Updates,Tata Steel Limited has informed the Exchange about Analysts/Institutional Investor Meet/Con. Call Updates
06-Jul-2021 19:49:57,Loss of Share Certificates,Tata Steel Limited has informed the Exchange about Loss of Share Certificates
06-Jul-2021 14:01:54,Investor Presentation,Tata Steel Limited has informed the Exchange about Investor Presentation
05-Jul-2021 23:03:54,Analysts/Institutional Investor Meet/Con. Call Updates,Tata Steel Limited has informed the Exchange about Analysts/Institutional Investor Meet/Con. Call Updates
05-Jul-2021 22:43:47,Resignation,"Tata Steel Limited has informed the Exchange regarding Resignation of Mr Peter Blauwhoff as Independent Director of the company w.e.f. July 13, 2021."
05-Jul-2021 22:40:52,Loss of Share Certificates,Tata Steel Limited has informed the Exchange about Loss of Share Certificates
04-Jul-2021 16:26:41,Press Release,"Tata Steel Limited has informed the Exchange regarding a press release dated July 04, 2021, titled ""Tata Steel: 1QFY22 Production and delivery volumes (Provisional)""."
02-Jul-2021 21:06:18,"Certificate under SEBI (Depositories and Participants) Regulations, 2018","Tata Steel Limited has informed the Exchange about Certificate under SEBI (Depositories and Participants) Regulations, 2018"
02-Jul-2021 21:03:28,Loss of Share Certificates,Tata Steel Limited has informed the Exchange about Loss of Share Certificates
02-Jul-2021 20:51:08,Diversification/Disinvestment,Tata Steel Limited has informed the Exchange about Diversification/Disinvestment
01-Jul-2021 00:53:02,Shareholders meeting,"Tata Steel Limited has informed the Exchange regarding Proceedings of Annual General Meeting held on Jun 30, 2021. Further, the company has submitted the Exchange a copy of Srutinizers report along wi"
30-Jun-2021 21:48:01,Loss of Share Certificates,Tata Steel Limited has informed the Exchange about Loss of Share Certificates
30-Jun-2021 14:50:23,Investor Presentation,Tata Steel Limited has informed the Exchange about Investor Presentation
29-Jun-2021 18:12:31,Loss of Share Certificates,Tata Steel Limited has informed the Exchange about Loss of Share Certificates
28-Jun-2021 22:47:50,Loss of Share Certificates,Tata Steel Limited has informed the Exchange about Loss of Share Certificates
28-Jun-2021 22:47:47,Loss of Share Certificates,Tata Steel Limited has informed the Exchange about Loss of Share Certificates
25-Jun-2021 20:21:00,Loss of Share Certificates,Tata Steel Limited has informed the Exchange about Loss of Share Certificates
23-Jun-2021 20:34:32,Loss of Share Certificates,Tata Steel Limited has informed the Exchange about Loss of Share Certificates
22-Jun-2021 21:25:59,Loss of Share Certificates,Tata Steel Limited has informed the Exchange about Loss of Share Certificates
22-Jun-2021 16:05:47,Trading Window,"Tata Steel Limited has informed the Exchange regarding the Trading Window closure pursuant to SEBI (Prohibition of Insider Trading) Regulations, 2015"
21-Jun-2021 21:39:34,Loss of Share Certificates,Tata Steel Limited has informed the Exchange about Loss of Share Certificates
21-Jun-2021 19:49:07,Updates,Tata Steel Limited has informed the Exchange regarding 'Second Reminder-Cum-Forfeiture Notice (ISIN: IN9081A01010)'.
18-Jun-2021 21:16:55,Loss of Share Certificates,Tata Steel Limited has informed the Exchange about Loss of Share Certificates
18-Jun-2021 21:14:13,Loss of Share Certificates,Tata Steel Limited has informed the Exchange about Loss of Share Certificates
16-Jun-2021 19:48:41,Loss of Share Certificates,Tata Steel Limited has informed the Exchange about Loss of Share Certificates
14-Jun-2021 19:44:43,Loss of Share Certificates,Tata Steel Limited has informed the Exchange about Loss of Share Certificates
10-Jun-2021 19:19:09,Loss of Share Certificates,Tata Steel Limited has informed the Exchange about Loss of Share Certificates
09-Jun-2021 20:01:21,Loss of Share Certificates,Tata Steel Limited has informed the Exchange about Loss of Share Certificates
09-Jun-2021 13:25:07,Analysts/Institutional Investor Meet/Con. Call Updates,Tata Steel Limited has informed the Exchange about Analysts/Institutional Investor Meet/Con. Call Updates
08-Jun-2021 20:16:24,Copy of Newspaper Publication,Tata Steel Limited has informed the Exchange about Copy of Newspaper Publication
07-Jun-2021 21:09:04,Shareholders meeting,"Tata Steel Limited has informed the Exchange regarding Notice of Annual General Meeting to be held on Jun 30, 2021"
07-Jun-2021 17:10:05,Loss of Share Certificates,Tata Steel Limited has informed the Exchange about Loss of Share Certificates
06-Jun-2021 21:04:20,Updates,Tata Steel Limited has informed the Exchange regarding 'Tata Steel Mining Limited identified as the successfulresolution applicant for acquisition of Rohit Ferro-Tech Limited'.
04-Jun-2021 20:31:25,Loss of Share Certificates,Tata Steel Limited has informed the Exchange about Loss of Share Certificates
02-Jun-2021 22:06:53,Copy of Newspaper Publication,Tata Steel Limited has informed the Exchange about Copy of Newspaper Publication
02-Jun-2021 20:13:37,Loss of Share Certificates,Tata Steel Limited has informed the Exchange about Loss of Share Certificates
01-Jun-2021 22:51:02,Copy of Newspaper Publication,Tata Steel Limited has informed the Exchange about Copy of Newspaper Publication
01-Jun-2021 21:41:31,Copy of Newspaper Publication,Tata Steel Limited has informed the Exchange about Copy of Newspaper Publication
01-Jun-2021 21:38:56,Loss of Share Certificates,Tata Steel Limited has informed the Exchange about Loss of Share Certificates
31-May-2021 23:25:08,Loss of Share Certificates,Tata Steel Limited has informed the Exchange about Loss of Share Certificates
31-May-2021 23:25:02,Loss of Share Certificates,Tata Steel Limited has informed the Exchange about Loss of Share Certificates
27-May-2021 21:21:34,Loss of Share Certificates,Tata Steel Limited has informed the Exchange about Loss of Share Certificates
27-May-2021 21:12:25,Loss of Share Certificates,Tata Steel Limited has informed the Exchange about Loss of Share Certificates
26-May-2021 20:00:13,Analysts/Institutional Investor Meet/Con. Call Updates,Tata Steel Limited has informed the Exchange about Analysts/Institutional Investor Meet/Con. Call Updates
26-May-2021 19:58:04,Loss of Share Certificates,Tata Steel Limited has informed the Exchange about Loss of Share Certificates
25-May-2021 19:35:10,Analysts/Institutional Investor Meet/Con. Call Updates,Tata Steel Limited has informed the Exchange about Analysts/Institutional Investor Meet/Con. Call Updates
24-May-2021 20:23:45,Loss of Share Certificates,Tata Steel Limited has informed the Exchange about Loss of Share Certificates
20-May-2021 20:53:55,Loss of Share Certificates,Tata Steel Limited has informed the Exchange about Loss of Share Certificates
19-May-2021 22:02:57,Related Party Transactions,Tata Steel Limited has informed the Exchange about related Party Transactions
19-May-2021 19:37:56,Loss of Share Certificates,Tata Steel Limited has informed the Exchange about Loss of Share Certificates
19-May-2021 13:04:52,Updates,Tata Steel Limited has informed the Exchange regarding 'Communication to Shareholders - Intimation on Tax Deduction on Dividend'.
18-May-2021 21:27:26,Analysts/Institutional Investor Meet/Con. Call Updates,Tata Steel Limited has informed the Exchange about Analysts/Institutional Investor Meet/Con. Call Updates
18-May-2021 17:29:32,Loss of Share Certificates,Tata Steel Limited has informed the Exchange about Loss of Share Certificates
17-May-2021 18:15:30,Loss of Share Certificates,Tata Steel Limited has informed the Exchange about Loss of Share Certificates
15-May-2021 12:46:03,Conversion,Tata Steel Limited has informed the Exchange about Conversion
13-May-2021 00:31:00,Loss of Share Certificates,Tata Steel Limited has informed the Exchange about Loss of Share Certificates
10-May-2021 17:43:17,Monitoring Agency Report,"Monitoring Agency Report for the quarter ended March 31, 2021"
07-May-2021 23:51:54,Loss of Share Certificates,Tata Steel Limited has informed the Exchange about Loss of Share Certificates
07-May-2021 23:46:36,Copy of Newspaper Publication,Tata Steel Limited has informed the Exchange about Copy of Newspaper Publication
07-May-2021 11:13:42,Analysts/Institutional Investor Meet/Con. Call Updates,Tata Steel Limited has informed the Exchange about Analysts/Institutional Investor Meet/Con. Call Updates
06-May-2021 22:00:40,Loss of Share Certificates,Tata Steel Limited has informed the Exchange about Loss of Share Certificates
06-May-2021 22:00:34,Loss of Share Certificates,Tata Steel Limited has informed the Exchange about Loss of Share Certificates
05-May-2021 23:25:07,Updates,"Tata Steel Limited has informed the Exchange regarding 'Annual General Meeting to be held on June 30, 2021'."
05-May-2021 20:25:09,Updates,Tata Steel Limited has informed the Exchange regarding 'Outcome of Board Meeting'.
05-May-2021 19:59:47,Book Closure,Tata Steel Limited has informed the Exchange that Register of Members & Share Transfer Books of the Company will remain closed from 19-Jun-2021 to 30-Jun-2021 for the purpose of Dividend.
05-May-2021 19:50:42,Dividend Updates,Tata Steel Limited has informed the Exchange about Dividend Updates
05-May-2021 19:47:35,Dividend,"Tata Steel Limited has informed the Exchange that Board of Directors at its meeting held on May 05, 2021, recommended Final Dividend of Rs. 25 per equity share."
05-May-2021 19:36:53,Investor Presentation,Tata Steel Limited has informed the Exchange about Investor Presentation
05-May-2021 19:25:57,Press Release,"Tata Steel Limited has informed the Exchange regarding a press release dated May 05, 2021, titled ""Tata Steel reports highest ever consolidatedquarterly EBITDA; Net Debt declines by >28% in FY21""."
05-May-2021 19:23:37,Financial Result Updates,"Tata Steel Limited has submitted to the Exchange, the financial results for the period ended March 31, 2021."
05-May-2021 19:21:53,Dividend,"Tata Steel Limited has informed the Exchange that Board of Directors at its meeting held on May 05, 2021, recommended Final Dividend of 25 per equity share."
05-May-2021 09:05:50,Annual Disclosure,"Tata Steel Limited has submitted to the Exchange Annual Disclosure as per SEBI Circular dated November 26, 2018."
04-May-2021 13:02:25,Analysts/Institutional Investor Meet/Con. Call Updates,Tata Steel Limited has informed the Exchange about Analysts/Institutional Investor Meet/Con. Call Updates
01-May-2021 00:03:40,Loss of Share Certificates,Tata Steel Limited has informed the Exchange about Loss of Share Certificates
30-Apr-2021 23:53:33,Copy of Newspaper Publication,Tata Steel Limited has informed the Exchange about Copy of Newspaper Publication
30-Apr-2021 01:33:16,Loss of Share Certificates,Tata Steel Limited has informed the Exchange about Loss of Share Certificates
29-Apr-2021 14:23:15,Updates,Tata Steel Limited has informed the Exchange regarding 'Undertaking pursuant to Regulation 57(2) of the Securities and Exchange Boardof India (Listing Obligations and Disclosure Requirements) Regulati
24-Apr-2021 10:02:34,Conversion,Tata Steel Limited has informed the Exchange about Conversion
21-Apr-2021 22:45:40,Loss of Share Certificates,Tata Steel Limited has informed the Exchange about Loss of Share Certificates
20-Apr-2021 22:26:20,Loss of Share Certificates,Tata Steel Limited has informed the Exchange about Loss of Share Certificates
19-Apr-2021 19:05:18,Loss of Share Certificates,Tata Steel Limited has informed the Exchange about Loss of Share Certificates
19-Apr-2021 09:05:59,Disclosure under SEBI Takeover Regulations,"��Promoter/Member of the Promoter Group of the Company has informed the Exchange regarding disclosure under Regulation 30 and Regulation 31(4) of SEBI SAST Regulations 2011��as at March 31, 2021."
15-Apr-2021 19:34:00,Loss of Share Certificates,Tata Steel Limited has informed the Exchange about Loss of Share Certificates
15-Apr-2021 13:24:04,Analysts/Institutional Investor Meet/Con. Call Updates,Tata Steel Limited has informed the Exchange about Analysts/Institutional Investor Meet/Con. Call Updates
14-Apr-2021 19:59:01,Loss of Share Certificates,Tata Steel Limited has informed the Exchange about Loss of Share Certificates
14-Apr-2021 16:05:50,Updates,Tata Steel Limited has informed the Exchange regarding 'Reminder-Cum-Forfeiture Notice (ISIN: IN9081A01010)'.
12-Apr-2021 18:26:52,Loss of Share Certificates,Tata Steel Limited has informed the Exchange about Loss of Share Certificates
09-Apr-2021 18:39:00,Loss of Share Certificates,Tata Steel Limited has informed the Exchange about Loss of Share Certificates
08-Apr-2021 23:08:16,Loss of Share Certificates,Tata Steel Limited has informed the Exchange about Loss of Share Certificates
06-Apr-2021 19:48:08,Updates,"Tata Steel Limited has informed the Exchange regarding 'Certificate under Regulation 74 of SEBI (Depositories and Participants)Regulations, 2018 for the quarter ended March 31, 2021'."
06-Apr-2021 18:48:26,Loss of Share Certificates,Tata Steel Limited has informed the Exchange about Loss of Share Certificates
06-Apr-2021 16:56:35,Credit Rating,Tata Steel Limited has informed the Exchange about Credit Rating
06-Apr-2021 16:48:10,Press Release,"Tata Steel Limited has informed the Exchange regarding a press release dated April 06, 2021, titled ""Tata Steel: 4QFY21 Production and delivery volumes (Provisional)""."
05-Apr-2021 22:52:07,Loss of Share Certificates,Tata Steel Limited has informed the Exchange about Loss of Share Certificates
05-Apr-2021 22:52:06,Loss of Share Certificates,Tata Steel Limited has informed the Exchange about Loss of Share Certificates
03-Apr-2021 22:00:18,Diversification/Disinvestment,Tata Steel Limited has informed the Exchange about Diversification/Disinvestment
31-Mar-2021 23:45:03,Loss of Share Certificates,Tata Steel Limited has informed the Exchange about Loss of Share Certificates
30-Mar-2021 22:15:11,Loss of Share Certificates,Tata Steel Limited has informed the Exchange about Loss of Share Certificates
30-Mar-2021 22:15:10,Loss of Share Certificates,Tata Steel Limited has informed the Exchange about Loss of Share Certificates
26-Mar-2021 21:53:02,Loss of Share Certificates,Tata Steel Limited has informed the Exchange about Loss of Share Certificates
26-Mar-2021 18:51:18,Shareholders meeting,"Tata Steel Limited has informed the Exchange regarding Proceedings of Postal Ballot. Further, the company has submitted the Exchange a copy of Srutinizers report along with voting results."
26-Mar-2021 18:48:51,Shareholders meeting,"Tata Steel Limited has informed the Exchange regarding Proceedings of Court Convened General Meeting held on March 26, 2021. Further, the company has submitted the Exchange a copy of Srutinizers repor"
25-Mar-2021 19:11:50,Loss of Share Certificates,Tata Steel Limited has informed the Exchange about Loss of Share Certificates
25-Mar-2021 19:11:50,Loss of Share Certificates,Tata Steel Limited has informed the Exchange about Loss of Share Certificates
25-Mar-2021 15:54:28,Analysts/Institutional Investor Meet/Con. Call Updates,Tata Steel Limited has informed the Exchange about Analysts/Institutional Investor Meet/Con. Call Updates
24-Mar-2021 22:49:38,Loss of Share Certificates,Tata Steel Limited has informed the Exchange about Loss of Share Certificates
24-Mar-2021 19:31:21,Conversion,Tata Steel Limited has informed the Exchange about Conversion
23-Mar-2021 19:31:01,Trading Window,"Tata Steel Limited has informed the Exchange regarding the Trading Window closure pursuant to SEBI (Prohibition of Insider Trading) Regulations, 2015"
22-Mar-2021 17:49:49,Loss of Share Certificates,Tata Steel Limited has informed the Exchange about Loss of Share Certificates
19-Mar-2021 16:58:11,Loss of Share Certificates,Tata Steel Limited has informed the Exchange about Loss of Share Certificates
18-Mar-2021 17:20:40,Analysts/Institutional Investor Meet/Con. Call Updates,Tata Steel Limited has informed the Exchange about Analysts/Institutional Investor Meet/Con. Call Updates
18-Mar-2021 14:47:07,Loss of Share Certificates,Tata Steel Limited has informed the Exchange about Loss of Share Certificates
18-Mar-2021 14:47:06,Loss of Share Certificates,Tata Steel Limited has informed the Exchange about Loss of Share Certificates
16-Mar-2021 20:06:37,Loss of Share Certificates,Tata Steel Limited has informed the Exchange about Loss of Share Certificates
15-Mar-2021 12:06:36,Analysts/Institutional Investor Meet/Con. Call Updates,Tata Steel Limited has informed the Exchange about Analysts/Institutional Investor Meet/Con. Call Updates
12-Mar-2021 21:28:16,Copy of Newspaper Publication,Tata Steel Limited has informed the Exchange about Copy of Newspaper Publication
12-Mar-2021 19:31:56,Analysts/Institutional Investor Meet/Con. Call Updates,Tata Steel Limited has informed the Exchange about Analysts/Institutional Investor Meet/Con. Call Updates
11-Mar-2021 19:57:14,Loss of Share Certificates,Tata Steel Limited has informed the Exchange about Loss of Share Certificates
10-Mar-2021 21:05:42,Loss of Share Certificates,Tata Steel Limited has informed the Exchange about Loss of Share Certificates
09-Mar-2021 20:21:58,Loss of Share Certificates,Tata Steel Limited has informed the Exchange about Loss of Share Certificates
09-Mar-2021 20:21:57,Loss of Share Certificates,Tata Steel Limited has informed the Exchange about Loss of Share Certificates
08-Mar-2021 18:54:07,Loss of Share Certificates,Tata Steel Limited has informed the Exchange about Loss of Share Certificates
04-Mar-2021 18:18:13,Loss of Share Certificates,Tata Steel Limited has informed the Exchange about Loss of Share Certificates
04-Mar-2021 18:18:12,Loss of Share Certificates,Tata Steel Limited has informed the Exchange about Loss of Share Certificates
03-Mar-2021 20:39:49,Analysts/Institutional Investor Meet/Con. Call Updates,Tata Steel Limited has informed the Exchange about Analysts/Institutional Investor Meet/Con. Call Updates
03-Mar-2021 17:16:52,Loss of Share Certificates,Tata Steel Limited has informed the Exchange about Loss of Share Certificates
02-Mar-2021 19:00:56,Loss of Share Certificates,Tata Steel Limited has informed the Exchange about Loss of Share Certificates
01-Mar-2021 21:12:17,Loss of Share Certificates,Tata Steel Limited has informed the Exchange about Loss of Share Certificates
01-Mar-2021 21:12:17,Loss of Share Certificates,Tata Steel Limited has informed the Exchange about Loss of Share Certificates
26-Feb-2021 22:59:43,Registrar & Share Transfer Agent Update,Tata Steel Limited has informed the Exchange about Registrar & Share Transfer Agent Update
26-Feb-2021 14:03:48,Copy of Newspaper Publication,Tata Steel Limited has informed the Exchange about Copy of Newspaper Publication
26-Feb-2021 14:02:26,Updates,Tata Steel Limited has informed the Exchange regarding 'First and Final Call Money Notice (ISIN: IN9081A01010)  Dispatch Completion and Newspaper Advertisement'.
25-Feb-2021 23:05:19,Loss of Share Certificates,Tata Steel Limited has informed the Exchange about Loss of Share Certificates
24-Feb-2021 21:49:11,Loss of Share Certificates,Tata Steel Limited has informed the Exchange about Loss of Share Certificates
23-Feb-2021 21:46:14,Copy of Newspaper Publication,Tata Steel Limited has informed the Exchange about Copy of Newspaper Publication
23-Feb-2021 12:12:45,Updates,Tata Steel Limited has informed the Exchange regarding 'First and Final Call Money Notice (ISIN: IN9081A01010)'.
22-Feb-2021 19:18:35,Loss of Share Certificates,Tata Steel Limited has informed the Exchange about Loss of Share Certificates
22-Feb-2021 19:13:03,Analysts/Institutional Investor Meet/Con. Call Updates,Tata Steel Limited has informed the Exchange about Analysts/Institutional Investor Meet/Con. Call Updates
19-Feb-2021 21:31:41,Updates,"Tata Steel Limited has informed the Exchange regarding 'Notice to (i) secured creditors, (ii) unsecured creditors and (iii) unsecured debenture holders of Tata Steel Limited pursuant to the directions"
19-Feb-2021 18:52:31,Shareholders meeting,Tata Steel Limited has informed the Exchange regarding Notice of Postal Ballot
19-Feb-2021 18:38:24,Shareholders meeting,"Tata Steel Limited has informed the Exchange regarding Notice of Court Convened General Meeting to be held on March 26, 2021"
19-Feb-2021 15:19:49,Copy of Newspaper Publication,Tata Steel Limited has informed the Exchange about Copy of Newspaper Publication
17-Feb-2021 22:37:23,Loss of Share Certificates,Tata Steel Limited has informed the Exchange about Loss of Share Certificates
17-Feb-2021 19:31:32,Updates,"Tata Steel Limited has informed the Exchange regarding 'Convening of a Meeting of the equity shareholders of Tata Steel Limited on Friday, March 26, 2021 at 11:00 a.m. (IST) pursuant to the directions"
12-Feb-2021 18:36:24,Analysts/Institutional Investor Meet/Con. Call Updates,Tata Steel Limited has informed the Exchange about Analysts/Institutional Investor Meet/Con. Call Updates
11-Feb-2021 21:50:22,Copy of Newspaper Publication,Tata Steel Limited has informed the Exchange about Copy of Newspaper Publication
11-Feb-2021 19:55:59,Copy of Newspaper Publication,Tata Steel Limited has informed the Exchange about Copy of Newspaper Publication
11-Feb-2021 19:47:54,Loss of Share Certificates,Tata Steel Limited has informed the Exchange about Loss of Share Certificates
11-Feb-2021 19:46:34,Loss of Share Certificates,Tata Steel Limited has informed the Exchange about Loss of Share Certificates
11-Feb-2021 17:10:10,Suspension of Trading,"TATASTEEL: Members of the Exchange are hereby informed that trading in the partly paid-up equity shares (Series E1, ISIN - IN9081A01010) of Tata Steel Limited shall be suspended w.e.f. February 17, 20"
10-Feb-2021 19:22:44,Loss of Share Certificates,Tata Steel Limited has informed the Exchange about Loss of Share Certificates
10-Feb-2021 17:29:50,Updates,"Tata Steel Limited has informed the Exchange regarding 'Intimation in terms of SEBI Circular No. SEBI/HO/MIRSD/DOS3/CIR/P/2018/139 dated November 6, 2018 pertaining to transfer of securities in physic"
10-Feb-2021 14:12:16,Investor Presentation,Submission of Revised Presentation for Analysts/Investors
09-Feb-2021 22:24:02,Loss of Share Certificates,Tata Steel Limited has informed the Exchange about Loss of Share Certificates
09-Feb-2021 19:39:53,Record Date,Intimation of Record Date for first and final Call on Partly Paid-up Equity Shares of Tata Steel Limited
09-Feb-2021 19:25:52,Investor Presentation,Tata Steel Limited has informed the Exchange about Investor Presentation
09-Feb-2021 19:16:12,Press Release,"Tata Steel Limited has informed the Exchange regarding a press release dated February 09, 2021, titled ""Tata Steel reports the highest ever consolidated quarterly EBITDA; Balance Sheet de-leverage con"
09-Feb-2021 19:03:00,Updates,Tata Steel Limited has informed the Exchange regarding 'Outcome of Board Meeting'.
09-Feb-2021 19:01:05,Financial Result Updates,"Tata Steel Limited has submitted to the Exchange, the financial results for the period ended December 31, 2020."
09-Feb-2021 18:59:17,Outcome of Board Meeting,"Tata Steel Limited has informed the Exchange regarding  Board meeting held on February 09, 2021."
08-Feb-2021 19:28:35,Loss of Share Certificates,Tata Steel Limited has informed the Exchange about Loss of Share Certificates
08-Feb-2021 19:26:35,Loss of Share Certificates,Tata Steel Limited has informed the Exchange about Loss of Share Certificates
08-Feb-2021 17:59:00,Analysts/Institutional Investor Meet/Con. Call Updates,Tata Steel Limited has informed the Exchange about Analysts/Institutional Investor Meet/Con. Call Updates
04-Feb-2021 23:12:24,Copy of Newspaper Publication,Tata Steel Limited has informed the Exchange about Copy of Newspaper Publication
04-Feb-2021 19:10:58,Loss of Share Certificates,Tata Steel Limited has informed the Exchange about Loss of Share Certificates
03-Feb-2021 18:55:19,Loss of Share Certificates,Tata Steel Limited has informed the Exchange about Loss of Share Certificates
03-Feb-2021 18:54:11,Loss of Share Certificates,Tata Steel Limited has informed the Exchange about Loss of Share Certificates
02-Feb-2021 20:11:39,Loss of Share Certificates,Tata Steel Limited has informed the Exchange about Loss of Share Certificates
01-Feb-2021 20:02:45,Loss of Share Certificates,Tata Steel Limited has informed the Exchange about Loss of Share Certificates
01-Feb-2021 20:00:42,Loss of Share Certificates,Tata Steel Limited has informed the Exchange about Loss of Share Certificates
29-Jan-2021 14:58:02,Press Release,"Tata Steel Limited has informed the Exchange regarding a press release dated January 29, 2021, titled ""Tata Steel is committed to finding a sustainable solution for its European portfolio""."
28-Jan-2021 21:59:58,Loss of Share Certificates,Tata Steel Limited has informed the Exchange about Loss of Share Certificates
27-Jan-2021 18:37:56,Loss of Share Certificates,Tata Steel Limited has informed the Exchange about Loss of Share Certificates
25-Jan-2021 21:05:02,Loss of Share Certificates,Tata Steel Limited has informed the Exchange about Loss of Share Certificates
25-Jan-2021 21:00:27,Loss of Share Certificates,Tata Steel Limited has informed the Exchange about Loss of Share Certificates
21-Jan-2021 20:32:35,Loss of Share Certificates,Tata Steel Limited has informed the Exchange about Loss of Share Certificates
20-Jan-2021 19:51:22,Loss of Share Certificates,Tata Steel Limited has informed the Exchange about Loss of Share Certificates
20-Jan-2021 19:49:56,Loss of Share Certificates,Tata Steel Limited has informed the Exchange about Loss of Share Certificates
19-Jan-2021 19:52:08,Loss of Share Certificates,Tata Steel Limited has informed the Exchange about Loss of Share Certificates
18-Jan-2021 20:41:20,Loss of Share Certificates,Tata Steel Limited has informed the Exchange about Loss of Share Certificates
14-Jan-2021 20:26:47,Loss of Share Certificates,Tata Steel Limited has informed the Exchange about Loss of Share Certificates
13-Jan-2021 22:47:56,Loss of Share Certificates,Tata Steel Limited has informed the Exchange about Loss of Share Certificates
12-Jan-2021 19:12:27,Loss of Share Certificates,Tata Steel Limited has informed the Exchange about Loss of Share Certificates
12-Jan-2021 19:07:51,Loss of Share Certificates,Tata Steel Limited has informed the Exchange about Loss of Share Certificates
11-Jan-2021 22:14:47,Loss of Share Certificates,Tata Steel Limited has informed the Exchange about Loss of Share Certificates
11-Jan-2021 22:10:52,Loss of Share Certificates,Tata Steel Limited has informed the Exchange about Loss of Share Certificates
08-Jan-2021 17:49:26,Press Release,"Tata Steel Limited has informed the Exchange regarding a press release dated January 08, 2021, titled ""Tata Steel: 3QFY21 Production and delivery volumes (Provisional) - Tata Steel reports strong quar"
07-Jan-2021 23:35:04,Loss of Share Certificates,Tata Steel Limited has informed the Exchange about Loss of Share Certificates
06-Jan-2021 23:46:53,Updates,"Tata Steel Limited has informed the Exchange regarding 'Certificate under Reg. 74(5) of SEBI (DP) Regulations, 2018'."
05-Jan-2021 21:56:16,Loss of Share Certificates,Tata Steel Limited has informed the Exchange about Loss of Share Certificates
05-Jan-2021 21:50:08,Loss of Share Certificates,Tata Steel Limited has informed the Exchange about Loss of Share Certificates
04-Jan-2021 19:47:24,Loss of Share Certificates,Tata Steel Limited has informed the Exchange about Loss of Share Certificates
04-Jan-2021 19:20:50,Analysts/Institutional Investor Meet/Con. Call Updates,Tata Steel Limited has informed the Exchange about Analysts/Institutional Investor Meet/Con. Call Updates
01-Jan-2021 18:07:00,Diversification/Disinvestment,Transfer of stake held by Tata Steel Limited (TSL/Company) in Jamshedpur Continuous Annealing and Processing Company Private Limited (JCAPCPL) and Tata BlueScope Steel Private Limited (TBSPL) to Tata 
30-Dec-2020 18:32:49,Loss of Share Certificates,Tata Steel Limited has informed the Exchange about Loss of Share Certificates
29-Dec-2020 19:20:19,Analysts/Institutional Investor Meet/Con. Call Updates,Tata Steel Limited has informed the Exchange about Analysts/Institutional Investor Meet/Con. Call Updates
29-Dec-2020 17:30:23,Loss of Share Certificates,Tata Steel Limited has informed the Exchange about Loss of Share Certificates
29-Dec-2020 13:10:03,Analysts/Institutional Investor Meet/Con. Call Updates,Tata Steel Limited has informed the Exchange about Analysts/Institutional Investor Meet/Con. Call Updates
28-Dec-2020 17:39:30,Loss of Share Certificates,Tata Steel Limited has informed the Exchange about Loss of Share Certificates
24-Dec-2020 17:42:57,Loss of Share Certificates,Tata Steel Limited has informed the Exchange about Loss of Share Certificates
23-Dec-2020 21:09:51,Loss of Share Certificates,Tata Steel Limited has informed the Exchange about Loss of Share Certificates
23-Dec-2020 21:06:19,Copy of Newspaper Publication,Tata Steel Limited has informed the Exchange about Copy of Newspaper Publication
22-Dec-2020 19:56:38,Loss of Share Certificates,Tata Steel Limited has informed the Exchange about Loss of Share Certificates
22-Dec-2020 17:14:02,Analysts/Institutional Investor Meet/Con. Call Updates,Tata Steel Limited has informed the Exchange about Analysts/Institutional Investor Meet/Con. Call Updates
21-Dec-2020 19:59:06,Loss of Share Certificates,Tata Steel Limited has informed the Exchange about Loss of Share Certificates
18-Dec-2020 19:55:47,Trading Window,"Tata Steel Limited has informed the Exchange regarding the Trading Window closure pursuant to SEBI (Prohibition of Insider Trading) Regulations, 2015"
17-Dec-2020 17:14:52,Loss of Share Certificates,Tata Steel Limited has informed the Exchange about Loss of Share Certificates
17-Dec-2020 17:12:14,Loss of Share Certificates,Tata Steel Limited has informed the Exchange about Loss of Share Certificates
17-Dec-2020 17:02:31,Analysts/Institutional Investor Meet/Con. Call Updates,Tata Steel Limited has informed the Exchange about Analysts/Institutional Investor Meet/Con. Call Updates
16-Dec-2020 19:02:42,Loss of Share Certificates,Tata Steel Limited has informed the Exchange about Loss of Share Certificates
16-Dec-2020 18:59:20,Loss of Share Certificates,Tata Steel Limited has informed the Exchange about Loss of Share Certificates
15-Dec-2020 18:41:32,Loss of Share Certificates,Tata Steel Limited has informed the Exchange about Loss of Share Certificates
14-Dec-2020 20:39:06,Acquisition,Tata Steel Limited has informed the Exchange about Acquisition of additional equity stake of 4.32% in Tata Steel Minerals Canada Ltd.
14-Dec-2020 20:08:24,Analysts/Institutional Investor Meet/Con. Call Updates,Tata Steel Limited has informed the Exchange about Analysts/Institutional Investor Meet/Con. Call Updates
14-Dec-2020 15:53:31,Loss of Share Certificates,Tata Steel Limited has informed the Exchange about Loss of Share Certificates
10-Dec-2020 16:41:19,Loss of Share Certificates,Tata Steel Limited has informed the Exchange about Loss of Share Certificates
09-Dec-2020 19:30:34,Loss of Share Certificates,Tata Steel Limited has informed the Exchange about Loss of Share Certificates
08-Dec-2020 18:17:50,Loss of Share Certificates,Tata Steel Limited has informed the Exchange about Loss of Share Certificates
07-Dec-2020 18:43:29,Loss of Share Certificates,Tata Steel Limited has informed the Exchange about Loss of Share Certificates
07-Dec-2020 16:37:15,Analysts/Institutional Investor Meet/Con. Call Updates,Tata Steel Limited has informed the Exchange about Analysts/Institutional Investor Meet/Con. Call Updates
07-Dec-2020 12:37:19,Analysts/Institutional Investor Meet/Con. Call Updates,Tata Steel Limited has informed the Exchange about Analysts/Institutional Investor Meet/Con. Call Updates
04-Dec-2020 16:08:24,Loss of Share Certificates,Tata Steel Limited has informed the Exchange about Loss of Share Certificates
03-Dec-2020 16:30:20,Loss of Share Certificates,Tata Steel Limited has informed the Exchange about Loss of Share Certificates
03-Dec-2020 13:05:54,Analysts/Institutional Investor Meet/Con. Call Updates,Tata Steel Limited has informed the Exchange about Analysts/Institutional Investor Meet/Con. Call Updates
02-Dec-2020 16:16:35,Loss of Share Certificates,Tata Steel Limited has informed the Exchange about Loss of Share Certificates
01-Dec-2020 19:09:21,Loss of Share Certificates,Tata Steel Limited has informed the Exchange about Loss of Share Certificates
30-Nov-2020 17:50:29,Loss of Share Certificates,Tata Steel Limited has informed the Exchange about Loss of Share Certificates
28-Nov-2020 10:40:52,Analysts/Institutional Investor Meet/Con. Call Updates,Tata Steel Limited has informed the Exchange about Analysts/Institutional Investor Meet/Con. Call Updates
26-Nov-2020 17:27:47,Loss of Share Certificates,Tata Steel Limited has informed the Exchange about Loss of Share Certificates
25-Nov-2020 19:38:26,Loss of Share Certificates,Tata Steel Limited has informed the Exchange about Loss of Share Certificates
24-Nov-2020 17:55:47,Loss of Share Certificates,Tata Steel Limited has informed the Exchange about Loss of Share Certificates
23-Nov-2020 17:58:42,Analysts/Institutional Investor Meet/Con. Call Updates,Tata Steel Limited has informed the Exchange about Analysts/Institutional Investor Meet/Con. Call Updates
23-Nov-2020 17:56:30,Loss of Share Certificates,Tata Steel Limited has informed the Exchange about Loss of Share Certificates
20-Nov-2020 15:44:06,Analysts/Institutional Investor Meet/Con. Call Updates,Tata Steel Limited has informed the Exchange about Analysts/Institutional Investor Meet/Con. Call Updates
19-Nov-2020 17:55:03,Loss of Share Certificates,Tata Steel Limited has informed the Exchange about Loss of Share Certificates
19-Nov-2020 17:53:33,Loss of Share Certificates,Tata Steel Limited has informed the Exchange about Loss of Share Certificates
19-Nov-2020 17:26:04,Disclosure under SEBI Takeover Regulations,Promoter of Tata Steel Limited has submitted to the Exchange a copy of Disclosure under Regulation 29(2) of SEBI (SAST) Regulations 2011.
18-Nov-2020 21:43:41,Related Party Transactions,Tata Steel Limited has informed the Exchange about related Party Transactions
18-Nov-2020 16:47:47,Loss of Share Certificates,Tata Steel Limited has informed the Exchange about Loss of Share Certificates
18-Nov-2020 12:05:53,Analysts/Institutional Investor Meet/Con. Call Updates,Tata Steel Limited has informed the Exchange about Analysts/Institutional Investor Meet/Con. Call Updates
17-Nov-2020 19:31:30,Copy of Newspaper Publication,Tata Steel Limited has informed the Exchange about Copy of Newspaper Publication
13-Nov-2020 19:50:51,Press Release,"Tata Steel Limited has informed the Exchange regarding a press release dated November 13, 2020, titled ""Tata Steel reports one of the best quarterly financial results in recent times; De-leveraging on"
13-Nov-2020 19:33:07,Investor Presentation,Tata Steel Limited has informed the Exchange about Investor Presentation
13-Nov-2020 19:28:43,Financial Result Updates,"Tata Steel Limited has submitted to the Exchange, the financial results for the period ended September 30, 2020."
13-Nov-2020 19:24:02,Outcome of Board Meeting,"Tata Steel Limited has informed the Exchange regarding  Board meeting held on November 13, 2020."
12-Nov-2020 18:32:33,Analysts/Institutional Investor Meet/Con. Call Updates,Tata Steel Limited has informed the Exchange about Analysts/Institutional Investor Meet/Con. Call Updates
12-Nov-2020 16:11:52,Loss of Share Certificates,Tata Steel Limited has informed the Exchange about Loss of Share Certificates
12-Nov-2020 12:42:25,Analysts/Institutional Investor Meet/Con. Call Updates,Tata Steel Limited has informed the Exchange about Analysts/Institutional Investor Meet/Con. Call Updates
11-Nov-2020 20:47:00,News Verification,The Exchange has sought clarification from Tata Steel Limited with respect to recent news item captioned They are about to close sale of European business by this weekend. Sweden company showing inter
11-Nov-2020 20:19:17,Loss of Share Certificates,Tata Steel Limited has informed the Exchange about Loss of Share Certificates
11-Nov-2020 13:24:00,News Verification,The Exchange has sought clarification from Tata Steel Limited with respect to recent news item captioned They are about to close sale of European business by this weekend. Sweden company showing inter
10-Nov-2020 18:50:08,Loss of Share Certificates,Tata Steel Limited has informed the Exchange about Loss of Share Certificates
09-Nov-2020 18:46:16,Copy of Newspaper Publication,Tata Steel Limited has informed the Exchange about Copy of Newspaper Publication
09-Nov-2020 18:33:47,Loss of Share Certificates,Tata Steel Limited has informed the Exchange about Loss of Share Certificates
09-Nov-2020 18:30:27,Loss of Share Certificates,Tata Steel Limited has informed the Exchange about Loss of Share Certificates
05-Nov-2020 19:03:57,Loss of Share Certificates,Tata Steel Limited has informed the Exchange about Loss of Share Certificates
04-Nov-2020 19:27:40,Loss of Share Certificates,Tata Steel Limited has informed the Exchange about Loss of Share Certificates
03-Nov-2020 18:23:07,Loss of Share Certificates,Tata Steel Limited has informed the Exchange about Loss of Share Certificates
02-Nov-2020 19:16:28,Loss of Share Certificates,Tata Steel Limited has informed the Exchange about Loss of Share Certificates
30-Oct-2020 10:50:53,Analysts/Institutional Investor Meet/Con. Call Updates,Tata Steel Limited has informed the Exchange about Analysts/Institutional Investor Meet/Con. Call Updates
29-Oct-2020 20:16:59,Loss of Share Certificates,Tata Steel Limited has informed the Exchange about Loss of Share Certificates
29-Oct-2020 20:13:45,Loss of Share Certificates,Tata Steel Limited has informed the Exchange about Loss of Share Certificates
28-Oct-2020 18:21:37,Loss of Share Certificates,Tata Steel Limited has informed the Exchange about Loss of Share Certificates
27-Oct-2020 20:45:05,Loss of Share Certificates,Tata Steel Limited has informed the Exchange about Loss of Share Certificates
22-Oct-2020 20:43:28,Loss of Share Certificates,Tata Steel Limited has informed the Exchange about Loss of Share Certificates
21-Oct-2020 19:45:14,Loss of Share Certificates,Tata Steel Limited has informed the Exchange about Loss of Share Certificates
20-Oct-2020 11:48:48,Analysts/Institutional Investor Meet/Con. Call Updates,Tata Steel Limited has informed the Exchange about Analysts/Institutional Investor Meet/Con. Call Updates
19-Oct-2020 23:05:07,Loss of Share Certificates,Tata Steel Limited has informed the Exchange about Loss of Share Certificates
17-Oct-2020 13:11:57,Analysts/Institutional Investor Meet/Con. Call Updates,Tata Steel Limited has informed the Exchange about Analysts/Institutional Investor Meet/Con. Call Updates
16-Oct-2020 19:40:13,Loss of Share Certificates,Tata Steel Limited has informed the Exchange about Loss of Share Certificates
14-Oct-2020 19:11:33,Loss of Share Certificates,Tata Steel Limited has informed the Exchange about Loss of Share Certificates
13-Oct-2020 19:50:03,Loss of Share Certificates,Tata Steel Limited has informed the Exchange about Loss of Share Certificates
12-Oct-2020 20:25:23,Loss of Share Certificates,Tata Steel Limited has informed the Exchange about Loss of Share Certificates
09-Oct-2020 09:40:38,Press Release,"Tata Steel Limited has informed the Exchange regarding a press release dated October 09, 2020, titled ""Tata Steel: 2QFY21 Key Production and delivery volumes (Provisional) Tata Steel achieves the high"
08-Oct-2020 19:56:37,Loss of Share Certificates,Tata Steel Limited has informed the Exchange about Loss of Share Certificates
07-Oct-2020 20:29:05,Loss of Share Certificates,Tata Steel Limited has informed the Exchange about Loss of Share Certificates
05-Oct-2020 18:41:03,Loss of Share Certificates,Tata Steel Limited has informed the Exchange about Loss of Share Certificates
05-Oct-2020 18:39:13,Updates,"Tata Steel Limited has informed the Exchange regarding 'Certificate under Reg. 74(5) of SEBI (DP) Regulations, 2018'."
01-Oct-2020 20:52:33,Loss of Share Certificates,Tata Steel Limited has informed the Exchange about Loss of Share Certificates
01-Oct-2020 20:49:52,Loss of Share Certificates,Tata Steel Limited has informed the Exchange about Loss of Share Certificates
30-Sep-2020 18:50:30,Loss of Share Certificates,Tata Steel Limited has informed the Exchange about Loss of Share Certificates
29-Sep-2020 18:09:56,Loss of Share Certificates,Tata Steel Limited has informed the Exchange about Loss of Share Certificates
29-Sep-2020 14:24:06,Analysts/Institutional Investor Meet/Con. Call Updates,Tata Steel Limited has informed the Exchange about Analysts/Institutional Investor Meet/Con. Call Updates
28-Sep-2020 18:45:21,Loss of Share Certificates,Tata Steel Limited has informed the Exchange about Loss of Share Certificates
26-Sep-2020 12:34:38,Acquisition,Tata Steel Limited has informed the Exchange about Acquisition of Equity Shares pursuant to conversion of convertible warrants of Tata Metaliks Limited
25-Sep-2020 17:16:17,Analysts/Institutional Investor Meet/Con. Call Updates,Tata Steel Limited has informed the Exchange about Analysts/Institutional Investor Meet/Con. Call Updates
24-Sep-2020 17:47:47,Loss of Share Certificates,Tata Steel Limited has informed the Exchange about Loss of Share Certificates
22-Sep-2020 17:13:02,Loss of Share Certificates,Tata Steel Limited has informed the Exchange about Loss of Share Certificates
22-Sep-2020 13:54:39,Trading Window,"Tata Steel Limited has informed the Exchange regarding the Trading Window closure pursuant to SEBI (Prohibition of Insider Trading) Regulations, 2015"
21-Sep-2020 17:52:40,Analysts/Institutional Investor Meet/Con. Call Updates,Tata Steel Limited has informed the Exchange about Analysts/Institutional Investor Meet/Con. Call Updates
21-Sep-2020 17:50:49,Loss of Share Certificates,Tata Steel Limited has informed the Exchange about Loss of Share Certificates
18-Sep-2020 18:59:37,Loss of Share Certificates,Tata Steel Limited has informed the Exchange about Loss of Share Certificates
18-Sep-2020 12:42:34,Analysts/Institutional Investor Meet/Con. Call Updates,Tata Steel Limited has informed the Exchange about Analysts/Institutional Investor Meet/Con. Call Updates
17-Sep-2020 19:13:06,Loss of Share Certificates,Tata Steel Limited has informed the Exchange about Loss of Share Certificates
14-Sep-2020 17:39:55,Loss of Share Certificates,Tata Steel Limited has informed the Exchange about Loss of Share Certificates
14-Sep-2020 17:36:26,Loss of Share Certificates,Tata Steel Limited has informed the Exchange about Loss of Share Certificates
14-Sep-2020 17:05:45,Analysts/Institutional Investor Meet/Con. Call Updates,Tata Steel Limited has informed the Exchange about Analysts/Institutional Investor Meet/Con. Call Updates
10-Sep-2020 19:23:30,Loss of Share Certificates,Tata Steel Limited has informed the Exchange about Loss of Share Certificates
10-Sep-2020 18:55:58,Analysts/Institutional Investor Meet/Con. Call Updates,Tata Steel Limited has informed the Exchange about Analysts/Institutional Investor Meet/Con. Call Updates
08-Sep-2020 17:59:57,Loss of Share Certificates,Tata Steel Limited has informed the Exchange about Loss of Share Certificates
07-Sep-2020 17:13:37,Analysts/Institutional Investor Meet/Con. Call Updates,Tata Steel Limited has informed the Exchange about Analysts/Institutional Investor Meet/Con. Call Updates
03-Sep-2020 20:07:42,Loss of Share Certificates,Tata Steel Limited has informed the Exchange about Loss of Share Certificates
03-Sep-2020 19:50:26,Copy of Newspaper Publication,"Tata Steel Limited has informed the Exchange about Copy of Newspaper Publication - Record Date for  11.80% Perpetual Hybrid Securities   Rs.1,500 Crore, ISIN INE081A08165"
01-Sep-2020 23:25:22,Loss of Share Certificates,Tata Steel Limited has informed the Exchange about Loss of Share Certificates
01-Sep-2020 23:23:46,Loss of Share Certificates,Tata Steel Limited has informed the Exchange about Loss of Share Certificates
01-Sep-2020 21:52:54,Updates,"Tata Steel Limited has informed the Exchange regarding 'Record Date for distribution payment on 11.80% Perpetual Hybrid Securities of &#8377;1,500 Crore ISIN: INE081A08165   WDM Segment.'."
31-Aug-2020 19:45:29,Loss of Share Certificates,Tata Steel Limited has informed the Exchange about Loss of Share Certificates
26-Aug-2020 12:53:31,Analysts/Institutional Investor Meet/Con. Call Updates,Tata Steel Limited has informed the Exchange about Analysts/Institutional Investor Meet/Con. Call Updates
25-Aug-2020 20:37:22,Loss of Share Certificates,Tata Steel Limited has informed the Exchange about Loss of Share Certificates
24-Aug-2020 19:46:53,Analysts/Institutional Investor Meet/Con. Call Updates,Tata Steel Limited has informed the Exchange about Analysts/Institutional Investor Meet/Con. Call Updates
20-Aug-2020 23:58:30,Shareholders meeting,"Tata Steel Limited has informed the Exchange regarding Proceedings of Annual General Meeting held on August 20, 2020. Further, the company has submitted the Exchange a copy of Srutinizers report along"
20-Aug-2020 21:32:02,Loss of Share Certificates,Tata Steel Limited has informed the Exchange about Loss of Share Certificates
20-Aug-2020 21:29:58,Loss of Share Certificates,Tata Steel Limited has informed the Exchange about Loss of Share Certificates
18-Aug-2020 23:26:45,Analysts/Institutional Investor Meet/Con. Call Updates,Tata Steel Limited has informed the Exchange about Analysts/Institutional Investor Meet/Con. Call Updates
18-Aug-2020 18:24:24,Copy of Newspaper Publication,"Tata Steel Limited has informed the Exchange about Copy of Newspaper Publication - Results for the quarter ended June 30, 2020"
17-Aug-2020 18:17:23,Updates,Tata Steel Limited has informed the Exchange regarding 'Record Date for Commercial Paper - ISIN: INE081A14AU3'.
14-Aug-2020 20:22:22,Analysts/Institutional Investor Meet/Con. Call Updates,Tata Steel Limited has informed the Exchange about Analysts/Institutional Investor Meet/Con. Call Updates
13-Aug-2020 21:23:48,Press Release (Revised),"Tata Steel Limited has informed the Exchange regarding a revised press release dated August 13, 2020, titled ""Tata Steel reports positive free cash flows in a challenging quarter, recovers to almost p"
13-Aug-2020 20:39:54,Investor Presentation,Tata Steel Limited has informed the Exchange about Investor Presentation
13-Aug-2020 20:17:58,Press Release,"Tata Steel Limited has informed the Exchange regarding a press release dated August 13, 2020, titled ""Tata Steel reports positive free cash flows in a challenging quarter, recovers to almostpre-COVID "
13-Aug-2020 20:14:18,Outcome of Board Meeting,"Tata Steel Limited has informed the Exchange regarding  Board meeting held on August 13, 2020."
13-Aug-2020 20:10:33,Financial Result Updates,"Tata Steel Limited has submitted to the Exchange, the financial results for the period ended June 30, 2020."
12-Aug-2020 13:45:56,Analysts/Institutional Investor Meet/Con. Call Updates,Tata Steel Limited has informed the Exchange about Analysts/Institutional Investor Meet/Con. Call Updates
11-Aug-2020 21:51:05,Updates,Tata Steel Limited has informed the Exchange regarding 'Record Date for Commercial Paper - ISIN: INE081A14AT5'.
10-Aug-2020 20:11:04,Copy of Newspaper Publication,Tata Steel Limited has informed the Exchange about Copy of Newspaper Publication
10-Aug-2020 20:04:34,Loss of Share Certificates,Tata Steel Limited has informed the Exchange about Loss of Share Certificates
07-Aug-2020 22:08:02,Loss of Share Certificates,Tata Steel Limited has informed the Exchange about Issue of Duplicate Share Certificates
06-Aug-2020 22:12:27,Loss of Share Certificates,Tata Steel Limited has informed the Exchange about Loss of Share Certificates
05-Aug-2020 18:42:27,Loss of Share Certificates,Tata Steel Limited has informed the Exchange about Loss of Share Certificates
31-Jul-2020 20:19:00,Copy of Newspaper Publication,Tata Steel Limited has informed the Exchange about Copy of Newspaper Publication
29-Jul-2020 19:44:00,Shareholders meeting,"Tata Steel Limited has informed the Exchange regarding Notice of Annual General Meeting to be held on August 20, 2020"
29-Jul-2020 17:42:00,Loss of Share Certificates,Tata Steel Limited has informed the Exchange about Loss of Share Certificates
28-Jul-2020 14:37:00,Press Release,"Tata Steel Limited has informed the Exchange regarding a press release dated July 28, 2020, titled ""Tata Steel flags-off the 1st Raw Material Consignment of Ferrous Scrap at its Steel Recycling Plant "
27-Jul-2020 17:32:00,Loss of Share Certificates,Tata Steel Limited has informed the Exchange about Loss of Share Certificates
27-Jul-2020 17:27:00,Analysts/Institutional Investor Meet/Con. Call Updates,Tata Steel Limited has informed the Exchange about Analysts/Institutional Investor Meet/Con. Call Updates
25-Jul-2020 20:01:00,Copy of Newspaper Publication,"Tata Steel Limited has informed the Exchange about Copy of Newspaper Publication for giving Notice of the 113th Annual General Meeting of the Company to be held on Thursday, August 20, 2020, at 3.00 p"
23-Jul-2020 19:12:00,Analysts/Institutional Investor Meet/Con. Call Updates,Tata Steel Limited has informed the Exchange about Analysts/Institutional Investor Meet/Con. Call Updates
22-Jul-2020 19:49:00,Loss of Share Certificates,Tata Steel Limited has informed the Exchange about Loss of Share Certificates
21-Jul-2020 20:34:00,Loss of Share Certificates,Tata Steel Limited has informed the Exchange about Loss of Share Certificates
17-Jul-2020 17:07:00,Analysts/Institutional Investor Meet/Con. Call Updates,Tata Steel Limited has informed the Exchange about Analysts/Institutional Investor Meet/Con. Call Updates
14-Jul-2020 20:12:00,Loss of Share Certificates,Tata Steel Limited has informed the Exchange about Loss of Share Certificates
14-Jul-2020 11:34:00,Analysts/Institutional Investor Meet/Con. Call Updates,Tata Steel Limited has informed the Exchange about Analysts/Institutional Investor Meet/Con. Call Updates
09-Jul-2020 22:11:00,Updates,Tata Steel Limited has informed the Exchange regarding 'Communication to Shareholders - Intimation on Tax Deduction on Dividend'.
09-Jul-2020 12:32:00,Related Party Transactions,Tata Steel Limited has informed the Exchange about related Party Transactions
09-Jul-2020 09:52:00,Press Release,"Tata Steel Limited has informed the Exchange regarding a press release dated July 09, 2020, titled ""Tata Steel: 1QFY21 Key Production and Sales Figure (Provisional)""."
07-Jul-2020 12:31:00,Analysts/Institutional Investor Meet/Con. Call Updates,Tata Steel Limited has informed the Exchange about Analysts/Institutional Investor Meet/Con. Call Updates
06-Jul-2020 22:23:00,Date of payment of dividend,Tata Steel Limited has informed the Exchange about Date of payment of dividend
06-Jul-2020 22:14:00,Book Closure,Tata Steel Limited has informed the Exchange that Register of Members & Share Transfer Books of the Company will remain closed from 08-Aug-2020 to 20-Aug-2020 for the purpose of Dividend.
06-Jul-2020 22:09:00,Updates,Tata Steel Limited has informed the Exchange regarding 'Intimation of date of the Annual General Meeting and Book Closure'.
03-Jul-2020 19:52:00,Updates,"Tata Steel Limited has informed the Exchange regarding 'Certificate under Reg. 74 (5) of SEBI (DP) Regulations, 2018'."
30-Jun-2020 14:19:00,Investor Presentation,Tata Steel Limited has informed the Exchange about Investor Presentation
29-Jun-2020 20:00:00,Updates,Tata Steel Limited has informed the Exchange regarding 'Statement of Deviation or Variation in the use of proceeds of issue of listed non-convertible debt securities'.
29-Jun-2020 19:58:00,Updates,"Tata Steel Limited has informed the Exchange regarding 'Details of Non-Convertible Debentures of Tata Steel Limited ( the Company ) for the half year ended March 31, 2020. This disclosure is being mad"
29-Jun-2020 19:54:00,Updates,Tata Steel Limited has informed the Exchange regarding 'Undertaking pursuant to Regulation 57(2) of the Securities and Exchange Board of India (Listing Obligations and Disclosure Requirements) Regulat
29-Jun-2020 19:03:00,Press Release,"Tata Steel Limited has informed the Exchange regarding a press release dated Jun 29, 2020, titled ""Tata Steel reports consolidated financial results for the quarter and full year ended March 31, 2020"""
29-Jun-2020 18:45:00,Dividend Updates,Tata Steel Limited has informed the Exchange about Dividend Updates
29-Jun-2020 18:40:00,Updates,"Tata Steel Limited has informed the Exchange regarding 'Outcome of Board Meeting held on June 29, 2020'."
29-Jun-2020 18:11:00,Dividend,"Tata Steel Limited has informed the Exchange that Board of Directors at its meeting held on Jun 29, 2020, recommended Final Dividend of Rs. 10/- per Ordinary Share of Rs. 10/- each and Rs. 2.504 per p"
29-Jun-2020 17:59:45,Financial Result Updates,"Tata Steel Limited has submitted to the Exchange, the financial results for the period ended March 31, 2020."
29-Jun-2020 08:06:00,Annual Disclosure,"Tata Steel Limited has submitted to the Exchange Annual Disclosure as per SEBI Circular dated November 26, 2018."
28-Jun-2020 23:37:00,Updates,Tata Steel Limited has informed the Exchange regarding 'Newspaper advertisement - Notice of Board Meeting'.
28-Jun-2020 14:52:00,Analysts/Institutional Investor Meet/Con. Call Updates,Tata Steel Limited has informed the Exchange about Analysts/Institutional Investor Meet/Con. Call Updates
23-Jun-2020 18:11:00,Trading Window,"Tata Steel Limited has informed the Exchange regarding the Trading Window closure pursuant to SEBI (Prohibition of Insider Trading) Regulations, 2015"
12-Jun-2020 20:59:00,Updates,Tata Steel Limited has informed the Exchange regarding 'Advertisement published in newspapers under Investor Education and Protection Fund Rules'.
05-Jun-2020 18:47:00,Record Date,Tata Steel Limited has informed the Exchange regarding it Record Date for Commercial Paper - ISIN: INE081A14AS7 for the purpose of redemption
03-Jun-2020 12:24:00,Updates,"Tata Steel Limited has informed the Exchange regarding 'Allotment of 4,000   8.08% p.a Unsecured, Rated, Listed, Redeemable, Floating Coupon, Non-Convertible Debentures'."
03-Jun-2020 12:17:00,Disclosure under SEBI Takeover Regulations,Promoters of Tata Steel Limited has informed the Exchange regarding the disclosure pursuant to the provisions of Regulation 30 & 31(4) of the SEBI (Substantial Acquisition of Shares and Takeovers) Reg
03-Jun-2020 12:17:00,Allotment of Securities,"Tata Steel Limited has informed the Exchange regarding allotment of 4000 securities pursuant to Non Convertible Securities at its meeting held on Jun 03, 2020"
02-Jun-2020 13:48:00,Analysts/Institutional Investor Meet/Con. Call Updates,Tata Steel Limited has informed the Exchange regarding Analysts/Institutional Investor Meet/Con. Call Updates
27-May-2020 11:04:00,News Verification,"The Exchange has sought clarification from Tata Steel Limited with respect to recent news item captioned Fitch downgrades JSW Steel, Tata Steel to BB- from BB; outlook negative.  The response from the"
26-May-2020 17:49:00,News Verification,"The Exchange has sought clarification from Tata Steel Limited with respect to recent news item captioned Fitch downgrades JSW Steel, Tata Steel to BB- from BB; outlook negative.  The response from the"
26-May-2020 10:45:00,Record Date,Tata Steel Limited has informed the Exchange that Record Date for Commercial Paper - ISIN: INE081A14AR9
20-May-2020 11:44:00,Updates,Tata Steel Limited has informed the Exchange regarding 'Allotment of Non-Convertible Debentures on Private Placement basis'.
20-May-2020 11:38:00,Allotment of Securities,"Tata Steel Limited has informed the Exchange regarding allotment of 10000 securities pursuant to Non Convertible Securities at its meeting held on May 20, 2020 - Allotment of Non-Convertible Debenture"
15-May-2020 15:52:00,Record Date,Tata Steel Limited has informed the Exchange the Record Date for Commercial Paper - ISIN: INE081A14AQ1
11-May-2020 19:28:00,Updates,Tata Steel Limited has informed the Exchange regarding 'Payment of interest at the rate of 11.50% on Perpetual Hybrid Securities of Rs 775 crore ISIN INE081A08173'.
06-May-2020 19:25:00,Analysts/Institutional Investor Meet/Con. Call Updates,Tata Steel Limited has informed the Exchange regarding Analysts/Institutional Investor Meet/Con. Call Updates
30-Apr-2020 11:16:00,Updates,Tata Steel Limited has informed the Exchange regarding 'Allotment of Non-Convertible Debentures (NCDs) on Private Placement basis'.
30-Apr-2020 11:10:00,Allotment of Securities,"Tata Steel Limited has informed the Exchange regarding allotment of 10000 securities pursuant to Non Convertible Securities at its meeting held on April 30, 2020"
27-Apr-2020 14:09:00,Analysts/Institutional Investor Meet/Con. Call Updates,Tata Steel Limited has informed the Exchange regarding Analysts/Institutional Investor Meet/Con. Call Updates
27-Apr-2020 12:10:00,Updates,"Tata Steel Limited has informed the Exchange regarding 'Allotment of 10,000   7.70% Unsecured, Rated, Listed, Redeemable, Floating Coupon Non-Convertible Debentures'."
27-Apr-2020 12:04:00,Allotment of Securities,"Tata Steel Limited has informed the Exchange regarding allotment of 10000 securities pursuant to Non Convertible Securities at its meeting held on April 27, 2020"
24-Apr-2020 19:20:00,Outcome of Board Meeting,"Tata Steel Limited has informed the Exchange regarding  Board meeting held on April 24, 2020."
23-Apr-2020 16:44:00,Updates,Tata Steel Limited has informed the Exchange regarding 'Newspaper advertisement for Record date of 11.50% Perpetual Hybrid Securities'.
23-Apr-2020 16:22:00,Updates,Tata Steel Limited has informed the Exchange regarding 'Intimation for payment of interest on 2% Non-Convertible Debentures of Rs 1500 Crore ISIN INE081A08181'.
22-Apr-2020 17:46:00,Analysts/Institutional Investor Meet/Con. Call Updates,Tata Steel Limited has informed the Exchange regarding Analysts/Institutional Investor Meet/Con. Call Updates
22-Apr-2020 12:30:00,Updates,Tata Steel Limited has informed the Exchange regarding 11.50% Perpetual Hybrid Securities Rs 775 crore ISIN INE081A08173.
22-Apr-2020 12:26:00,Updates,Tata Steel Limited has informed the Exchange regarding 'Allotment of Non-Convertible Debentures on Private Placement basis'.
22-Apr-2020 12:23:00,Allotment of Securities,"Tata Steel Limited has informed the Exchange regarding allotment of 5100 securities pursuant to Non Convertible Securities at its meeting held on April 22, 2020"
22-Apr-2020 10:27:00,Press Release,"Tata Steel Limited has informed the Exchange regarding a press release dated April 22, 2020, titled ""Tata Steel: 4QFY20 & FY20 Key Production and Sales Figure (Provisional)""."
17-Apr-2020 16:04:00,Analysts/Institutional Investor Meet/Con. Call Updates,Tata Steel Limited has informed the Exchange regarding Analysts/Institutional Investor Meet/Con. Call Updates
17-Apr-2020 12:59:00,Updates,Tata Steel Limited has informed the Exchange regarding 'Allotment of Non-Convertible Debentures on Private Placement basis'.
17-Apr-2020 12:55:00,Allotment of Securities,"Tata Steel Limited has informed the Exchange regarding allotment of 10250 securities pursuant to Non Convertible Securities at its meeting held on April 17, 2020"
16-Apr-2020 09:09:00,Credit Rating,"Tata Steel Limited has informed the Exchange regarding Credit Rating - Intimation of Revision in Ratings under the SEBI (Listing Obligations andDisclosure Requirements), Regulations, 2015."
15-Apr-2020 20:52:00,Credit Rating,"Tata Steel Limited has informed the Exchange regarding Credit Rating Intimation of Revision in Ratings under the SEBI (Listing Obligations and Disclosure Requirements), Regulations, 2015"
15-Apr-2020 13:08:00,Analysts/Institutional Investor Meet/Con. Call Updates,Tata Steel Limited has informed the Exchange regarding Analysts/Institutional Investor Meet/Con. Call Updates
13-Apr-2020 13:54:00,Outcome of Board Meeting,"Tata Steel Limited has informed the Exchange regarding  Board meeting held on April 13, 2020 - Outcome of the Meeting - Issue of Unsecured, Redeemable, Listed, RatedNon-Convertible Debentures aggregat"
09-Apr-2020 17:22:00,Analysts/Institutional Investor Meet/Con. Call Updates,Tata Steel Limited has informed the Exchange regarding Analysts/Institutional Investor Meet/Con. Call Updates
07-Apr-2020 19:12:00,Analysts/Institutional Investor Meet/Con. Call Updates,Tata Steel Limited has informed the Exchange regarding Analysts/Institutional Investor Meet/Con. Call Updates
03-Apr-2020 20:36:00,Analysts/Institutional Investor Meet/Con. Call Updates,Tata Steel Limited has informed the Exchange regarding Analysts/Institutional Investor Meet/Con. Call Updates
03-Apr-2020 20:14:00,Updates,"Tata Steel Limited has informed the Exchange regarding 'Certificate under Regulation 74 of SEBI (Depositories and Participants) Regulations, 2018 for the quarter ended March 31, 2020'."
03-Apr-2020 18:03:00,Updates,Tata Steel Limited has informed the Exchange regarding 'Newspaper advertisement for the record date intimation for 2% Non Convertible Debentures Rs 1500 Crore ISIN INE081A08181 '.
01-Apr-2020 17:16:00,Analysts/Institutional Investor Meet/Con. Call Updates,Tata Steel Limited has informed the Exchange regarding Analysts/Institutional Investor Meet/Con. Call Updates
01-Apr-2020 13:53:00,Press Release,"Tata Steel Limited has informed the Exchange regarding a press release dated April 01, 2020, titled ""Please find enclosed the press release titled  COVID-19 Tata Steel Update .""."
31-Mar-2020 19:06:00,Analysts/Institutional Investor Meet/Con. Call Updates,Tata Steel Limited has informed the Exchange regarding Analysts/Institutional Investor Meet/Con. Call Updates
31-Mar-2020 17:57:00,Updates,Tata Steel Limited has informed the Exchange regarding 'Record date for 2% Non-Convertible Debentures of Rs 1500 crore ISIN INE081A08181'.
25-Mar-2020 10:36:00,Analysts/Institutional Investor Meet/Con. Call Updates,Tata Steel Limited has informed the Exchange regarding Analysts/Institutional Investor Meet/Con. Call Updates
23-Mar-2020 18:43:00,Trading Window,"Tata Steel Limited has informed the Exchange regarding the Trading Window closure pursuant to SEBI (Prohibition of Insider Trading) Regulations, 2015"
23-Mar-2020 14:05:00,Updates,Tata Steel Limited has informed the Exchange regarding '.
23-Mar-2020 12:29:00,Analysts/Institutional Investor Meet/Con. Call Updates,Tata Steel Limited has informed the Exchange regarding Analysts/Institutional Investor Meet/Con. Call Updates
20-Mar-2020 18:46:00,Updates,TATASTEEL: Tata Steel Limited has informed the Exchange regarding record date for Commercial Paper of Tata Steel Limited - ISIN: INE081A14AP3.
19-Mar-2020 19:02:00,Updates,Tata Steel Limited has informed the Exchange that Record date for redemption of Commercial Paper of Tata Steel Limited.
18-Mar-2020 21:03:00,Updates,Tata Steel Limited has informed the Exchange regarding 'Interest payment of 11.80% Perpetual Hybrid Securities of Rs. 1500 Crore ISIN INE081A08165 '.
18-Mar-2020 19:11:00,Disclosure under SEBI (PIT) Reg 2015,"Tata Steel Limited has informed the Exchange that We are enclosing herewith disclosure received from Mr. N. Chandrasekaran, Chairman (Non-Executive & Non-Independent) in Form C under Regulation 7(2) r"
18-Mar-2020 14:06:00,Analysts/Institutional Investor Meet/Con. Call Updates,Tata Steel Limited has informed the Exchange regarding Analysts/Institutional Investor Meet/Con. Call Updates
18-Mar-2020 10:56:00,Disclosure under SEBI (PIT) Reg 2015,"Tata Steel Limited has submitted to the Exchange a copy of Disclosure under Reg 7(2) of SEBI PIT Regulations, 2015."
17-Mar-2020 11:26:00,Updates,Tata Steel Limited has informed the Exchange regarding Record Date for Commercial Paper of Tata Steel Limited - ISIN: INE081A14AN8.
13-Mar-2020 11:01:00,Allotment of Securities,"Tata Steel Limited has informed the Exchange regarding allotment of 6700 securities pursuant to Non Convertible Securities at its meeting held on March 13, 2020"
09-Mar-2020 19:27:00,Updates,Tata Steel Limited has informed the Exchange regarding�� Record Date for Commercial Paper of Tata Steel Limited��
09-Mar-2020 13:20:00,Issue of Securities,"Tata Steel Limited has informed the Exchange regarding Outcome of the Meeting - Issue of Unsecured, Redeemable, Listed, Rated Non-Convertible Debentures aggregating Rs. 670 crore"
09-Mar-2020 13:11:00,Outcome of Board Meeting,"Tata Steel Limited has informed the Exchange regarding  Board meeting held on March 09, 2020 for issue of Issue of Unsecured, Redeemable, Listed, Rated Non-Convertible Debentures aggregating Rs. 670 c"
03-Mar-2020 18:28:00,Analysts/Institutional Investor Meet/Con. Call Updates,Tata Steel Limited has informed the Exchange regarding Analysts/Institutional Investor Meet/Con. Call Updates
27-Feb-2020 18:38:00,Updates,Tata Steel Limited has informed the Exchange regarding 'Newspaper advertisement for the record date intimation for 11.80% Perpetual Hybrid Securities Rs 1500 Crore ISIN INE081A08165'.
27-Feb-2020 18:09:00,Analysts/Institutional Investor Meet/Con. Call Updates,Tata Steel Limited has informed the Exchange regarding Analysts/Institutional Investor Meet/Con. Call Updates
25-Feb-2020 19:33:00,Updates,"Tata Steel Limited has informed the Exchange that the company��had issued 11.80% PHS in the form of Non-Convertible Debentures (""Securities"") of the aggregate value of Rs. 1,500 crore."
25-Feb-2020 18:42:00,Analysts/Institutional Investor Meet/Con. Call Updates,Tata Steel Limited has informed the Exchange regarding Analysts/Institutional Investor Meet/Con. Call Updates
18-Feb-2020 16:55:00,Updates,Tata Steel Limited has informed the Exchange regarding�� Record Date for maturity of Commercial Paper of Tata Steel Limited'.
14-Feb-2020 18:57:00,Analysts/Institutional Investor Meet/Con. Call Updates,Tata Steel Limited has informed the Exchange regarding Analysts/Institutional Investor Meet/Con. Call Updates
13-Feb-2020 13:56:00,Analysts/Institutional Investor Meet/Con. Call Updates,Tata Steel Limited has informed the Exchange regarding Analysts/Institutional Investor Meet/Con. Call Updates
11-Feb-2020 18:46:00,Analysts/Institutional Investor Meet/Con. Call Updates,Tata Steel Limited has informed the Exchange regarding Analysts/Institutional Investor Meet/Con. Call Updates
10-Feb-2020 18:43:00,Analysts/Institutional Investor Meet/Con. Call Updates,Tata Steel Limited has informed the Exchange regarding Analysts/Institutional Investor Meet/Con. Call Updates
10-Feb-2020 16:12:00,Updates,"Tata Steel Limited has informed the Exchange regarding 'Newspaper Advertisement- Results for the quarter and nine months endedDecember 31, 2019'."
07-Feb-2020 18:57:38,Financial Result Updates,"Tata Steel Limited has submitted to the Exchange, the financial results for the period ended December 31, 2019."
07-Feb-2020 18:52:00,Investor Presentation,Tata Steel Limited has informed the Exchange regarding Investor Presentation
07-Feb-2020 18:49:00,Press Release,"Tata Steel Limited has informed the Exchange regarding a press release dated February 07, 2020, titled ""Q3FY20 Financials Results and Press Release""."
07-Feb-2020 18:32:00,Outcome of Board Meeting,"Tata Steel Limited has informed the Exchange regarding  Board meeting held on February 07, 2020."
07-Feb-2020 18:02:00,Analysts/Institutional Investor Meet/Con. Call Updates,Tata Steel Limited has informed the Exchange regarding Analysts/Institutional Investor Meet/Con. Call Updates
06-Feb-2020 18:27:00,Analysts/Institutional Investor Meet/Con. Call Updates,Tata Steel Limited has informed the Exchange regarding Analysts/Institutional Investor Meet/Con. Call Updates
03-Feb-2020 18:26:00,Updates,Tata Steel Limited has informed the Exchange regarding 'Newspaper advertisement- Notice of Board Meeting'.
24-Jan-2020 18:59:00,Updates,Tata Steel Limited has informed the Exchange regarding 'Interest payment for 9.15% Non Convertible Debentures of Rs 500 Crore ISIN INE081A08207'.
20-Jan-2020 10:31:00,Analysts/Institutional Investor Meet/Con. Call Updates,Tata Steel Limited has informed the Exchange regarding Analysts/Institutional Investor Meet/Con. Call Updates
14-Jan-2020 19:52:00,Analysts/Institutional Investor Meet/Con. Call Updates,Tata Steel Limited has informed the Exchange regarding Analysts/Institutional Investor Meet/Con. Call Updates
10-Jan-2020 20:48:00,Press Release,"Tata Steel Limited has informed the Exchange regarding a press release dated January 10, 2020, titled ""Tata Steel announces successful refinancing of EUR 1.75 bn of European debt""."
10-Jan-2020 08:43:00,Press Release,"Tata Steel Limited has informed the Exchange regarding a press release dated January 10, 2020, titled ""Tata Steel: 3QFY20 & 9MFY20 KeyProduction and Sales Figure (Provisional)""."
09-Jan-2020 18:24:00,Analysts/Institutional Investor Meet/Con. Call Updates,Tata Steel Limited has informed the Exchange regarding Analysts/Institutional Investor Meet/Con. Call Updates
09-Jan-2020 16:18:00,Updates,Tata Steel Limited has informed the Exchange regarding 'newspaper advertisement for the record date intimation for Non-convertible Debentures - ISIN - INE081A08207'.
08-Jan-2020 17:23:00,Updates,Tata Steel Limited has informed the Exchange regarding '9.15 % Non-Convertible  Debentures (NCDs) -Rs. 500 Crore'.
07-Jan-2020 18:59:00,Updates,"Tata Steel Limited has informed the Exchange regarding 'Issue of Letter of Intent to T S Alloys Limited, a wholly-owned subsidiary of Tata Steel Limited, for grant of mining lease for Saruabil block f"
07-Jan-2020 18:09:00,Analysts/Institutional Investor Meet/Con. Call Updates,Tata Steel Limited has informed the Exchange regarding Analysts/Institutional Investor Meet/Con. Call Updates
07-Jan-2020 15:31:00,Analysts/Institutional Investor Meet/Con. Call Updates,Tata Steel Limited has informed the Exchange regarding Analysts/Institutional Investor Meet/Con. Call Updates
06-Jan-2020 15:57:00,Updates,"Tata Steel Limited has informed the Exchange regarding 'Payment of interest on 10.25% Non-Convertible Debentures (NCDs) Rs. 2,500 Crore ISIN: INE081A08157'."
03-Jan-2020 18:50:00,Updates,"Tata Steel Limited has informed the Exchange regarding 'Certificate under Regulation 74 of SEBI (Depositories and Participants)Regulations, 2018 for the quarter ended December 31, 2019'."
23-Dec-2019 17:41:00,Updates,Tata Steel Limited has informed the Exchange regarding 'Interest Payment - 10.25% Non-Convertible Debentures (NCDs) - Rs. 500 Crore ISIN INE081A08140'.
23-Dec-2019 10:41:00,Trading Window,"Tata Steel Limited has informed the Exchange regarding the Trading Window closure pursuant to SEBI (Prohibition of Insider Trading) Regulations, 2015"
19-Dec-2019 20:00:00,Updates,"Tata Steel Limited has informed the Exchange regarding 'Intimation in terms of SEBI Circular No. SEBI/HO/MIRSDIDOS3/CIR/P/2018/139 dated November 6, 2018 pertaining to transfer of securities in physic"
19-Dec-2019 19:28:00,Updates,Tata Steel Limited has informed the Exchange regarding 'Newspaper advertisement for record date for 10.25% Non Convertible Debentures Rs 2500 Crore ISIN INE081A08157'.
17-Dec-2019 18:40:00,Analysts/Institutional Investor Meet/Con. Call Updates,Tata Steel Limited has informed the Exchange regarding Analysts/Institutional Investor Meet/Con. Call Updates
16-Dec-2019 19:20:00,Analysts/Institutional Investor Meet/Con. Call Updates,Tata Steel Limited has informed the Exchange regarding Analysts/Institutional Investor Meet/Con. Call Updates
11-Dec-2019 18:30:00,Analysts/Institutional Investor Meet/Con. Call Updates,Tata Steel Limited has informed the Exchange regarding Analysts/Institutional Investor Meet/Con. Call Updates
09-Dec-2019 17:58:00,Analysts/Institutional Investor Meet/Con. Call Updates,Tata Steel Limited has informed the Exchange regarding Analysts/Institutional Investor Meet/Con. Call Updates
06-Dec-2019 18:32:00,Updates,Tata Steel Limited has informed the Exchange regarding 'Newspaper advertisement for record date for 10.25% Non-Convertible Debentures Rs. 500 Crore ISIN INE081A08140'.
06-Dec-2019 17:56:00,Analysts/Institutional Investor Meet/Con. Call Updates,Tata Steel Limited has informed the Exchange regarding Analysts/Institutional Investor Meet/Con. Call Updates
05-Dec-2019 16:58:00,Analysts/Institutional Investor Meet/Con. Call Updates,Tata Steel Limited has informed the Exchange regarding Analysts/Institutional Investor Meet/Con. Call Updates
05-Dec-2019 11:47:00,Updates,Tata Steel Limited has informed the Exchange regarding 'Record Date for interest payment on 10.25% Non-Convertible Debentures (NCDs) Rs. 500 Crore: ISIN INE081A08140'.
25-Nov-2019 15:35:00,Analysts/Institutional Investor Meet/Con. Call Updates,Tata Steel Limited has informed the Exchange regarding Analysts/Institutional Investor Meet/Con. Call Updates
22-Nov-2019 15:22:00,Analysts/Institutional Investor Meet/Con. Call Updates,Tata Steel Limited has informed the Exchange regarding Analysts/Institutional Investor Meet/Con. Call Updates
19-Nov-2019 18:11:00,Related Party Transactions,"Tata Steel Limited has informed the Exchange regarding Disclosure on Related Party Transactions of Tata Steel Limited on a consolidated basis and balances for the half year ended September 30, 2019."
18-Nov-2019 23:30:00,Press Release,"Tata Steel Limited has informed the Exchange regarding a press release dated November 18, 2019, titled ""Tata Steel outlines proposals for transformation programme to build a stronger and more sustaina"
15-Nov-2019 18:28:00,Updates,Tata Steel Limited has informed the Exchange regarding 'Completion of sale of equity shares in NatSteel Vina Co. Ltd. '.
13-Nov-2019 17:21:00,Analysts/Institutional Investor Meet/Con. Call Updates,Tata Steel Limited has informed the Exchange regarding Analysts/Institutional Investor Meet/Con. Call Updates
11-Nov-2019 16:30:00,Updates,Tata Steel Limited has informed the Exchange regarding 'Payment of Interest - 11.50% Perpetual Hybrid Securities Rs. 775 crore.'.
08-Nov-2019 19:48:00,Updates,"Tata Steel Limited has informed the Exchange regarding 'Newspaper Advertisement - Results for the quarter and half year endedSeptember 30, 2019'."
08-Nov-2019 18:26:00,Analysts/Institutional Investor Meet/Con. Call Updates,Tata Steel Limited has informed the Exchange regarding Analysts/Institutional Investor Meet/Con. Call Updates
07-Nov-2019 16:20:00,Analysts/Institutional Investor Meet/Con. Call Updates,Tata Steel Limited has informed the Exchange regarding Analysts/Institutional Investor Meet/Con. Call Updates
07-Nov-2019 10:38:00,Analysts/Institutional Investor Meet/Con. Call Updates,Tata Steel Limited has informed the Exchange regarding Analysts/Institutional Investor Meet/Con. Call Updates
06-Nov-2019 20:22:00,Investor Presentation,Tata Steel Limited has informed the Exchange regarding Investor Presentation
06-Nov-2019 19:25:00,Analysts/Institutional Investor Meet/Con. Call Updates,Tata Steel Limited has informed the Exchange regarding Analysts/Institutional Investor Meet/Con. Call Updates
06-Nov-2019 18:38:00,Updates,Tata Steel Limited has informed the Exchange regarding 'Please find enclosed the disclosure in compliance with Regulation 52(4) and (5) of Listing Regulations'.
06-Nov-2019 18:00:00,Press Release,"Tata Steel Limited has informed the Exchange regarding a press release dated November 06, 2019, titled ""Tata Steel reports consolidated financial results for the quarter and half year ended September "
06-Nov-2019 17:46:12,Financial Result Updates,"Tata Steel Limited has submitted to the Exchange, the financial results for the period ended September 30, 2019."
06-Nov-2019 17:41:00,Outcome of Board Meeting,"Tata Steel Limited has informed the Exchange regarding  Board meeting held on November 06, 2019."
06-Nov-2019 13:52:00,Analysts/Institutional Investor Meet/Con. Call Updates,Tata Steel Limited has informed the Exchange regarding Analysts/Institutional Investor Meet/Con. Call Updates
05-Nov-2019 21:15:00,Analysts/Institutional Investor Meet/Con. Call Updates,Tata Steel Limited has informed the Exchange regarding Analysts/Institutional Investor Meet/Con. Call Updates
04-Nov-2019 21:00:00,Diversification/Disinvestment,Sale of equity shares in NatSteel Vina Co Ltd (NSV)
04-Nov-2019 17:00:00,Analysts/Institutional Investor Meet/Con. Call Updates,Tata Steel Limited has informed the Exchange regarding Analysts/Institutional Investor Meet/Con. Call Updates
29-Oct-2019 18:33:00,Updates,Tata Steel Limited has informed the Exchange regarding 'Newspaper advertisement   Notice of Board Meeting'.
25-Oct-2019 00:00:00,News Verification,The Exchange has sought clarification from Tata Steel Limited with respect to recent news item captioned Tata Steel subsidiary bags second chrome mine after Misrilall in e-auction in Odisha.  The resp
24-Oct-2019 16:44:00,News Verification,The Exchange has sought clarification from Tata Steel Limited with respect to recent news item captioned Tata Steel subsidiary bags second chrome mine after Misrilall in e-auction in Odisha.  The resp
23-Oct-2019 16:17:00,News Verification,The Exchange has sought clarification from Tata Steel Limited with respect to recent news item captioned Tata Steel cuts Tarapur unit production by 15% on auto slump. The response from the Company is 
22-Oct-2019 21:43:00,News Verification,"News about Tata Steel Limited.   The media had reports that Tata Steel cuts Tarapur unit production by 15% on auto slump.   The Exchange, in order to verify the accuracy or otherwise of the informatio"
11-Oct-2019 15:54:00,Analysts/Institutional Investor Meet/Con. Call Updates,Tata Steel Limited has informed the Exchange regarding Analysts/Institutional Investor Meet/Con. Call Updates
10-Oct-2019 19:22:00,Press Release,"Tata Steel Limited has informed the Exchange regarding a press release dated October 10, 2019, titled ""Tata Steel: Update on 2QFY20 volumes""."
10-Oct-2019 18:36:00,Updates,"Tata Steel Limited has informed the Exchange regarding 'Disclosure under SEBI Circular CIR/IMD/DF-1/67/2017 datedJune 30, 2017 with respect to Specifications related to ISINs for debt securities issue"
07-Oct-2019 14:45:00,Updates,"Tata Steel Limited has informed the Exchange regarding 'Certificate under Regulation 74 of SEBI (Depositories and Participants)Regulations, 2018 for the quarter ended September 30, 2019'."
01-Oct-2019 14:43:00,Analysts/Institutional Investor Meet/Con. Call Updates,Tata Steel Limited has informed the Exchange regarding Analysts/Institutional Investor Meet/Con. Call Updates
30-Sep-2019 23:22:00,Analysts/Institutional Investor Meet/Con. Call Updates,Tata Steel Limited has informed the Exchange regarding Analysts/Institutional Investor Meet/Con. Call Updates
26-Sep-2019 18:16:00,Analysts/Institutional Investor Meet/Con. Call Updates,Tata Steel Limited has informed the Exchange regarding Analysts/Institutional Investor Meet/Con. Call Updates
20-Sep-2019 17:42:00,Analysts/Institutional Investor Meet/Con. Call Updates,Tata Steel Limited has informed the Exchange regarding Analysts/Institutional Investor Meet/Con. Call Updates
19-Sep-2019 17:02:00,Trading Window,"Tata Steel Limited has informed the Exchange regarding the Trading Window closure pursuant to SEBI (Prohibition of Insider Trading) Regulations, 2015"
19-Sep-2019 11:36:00,Analysts/Institutional Investor Meet/Con. Call Updates,Tata Steel Limited has informed the Exchange regarding Analysts/Institutional Investor Meet/Con. Call Updates
18-Sep-2019 19:17:00,Updates,Tata Steel Limited has informed the Exchange regarding 'Interest Payment on 11.80% Perpetual Hybrid Securities (PHS)'.
13-Sep-2019 17:20:00,Analysts/Institutional Investor Meet/Con. Call Updates,Tata Steel Limited has informed the Exchange regarding Analysts/Institutional Investor Meet/Con. Call Updates
05-Sep-2019 15:05:00,Analysts/Institutional Investor Meet/Con. Call Updates,Tata Steel Limited has informed the Exchange regarding Analysts/Institutional Investor Meet/Con. Call Updates
02-Sep-2019 16:00:00,Press Release,"Tata Steel Limited has informed the Exchange regarding a press release dated September 02, 2019, titled ""Tata Steel Europe announces outcome of sales process for non-core businesses""."
29-Aug-2019 12:44:00,Analysts/Institutional Investor Meet/Con. Call Updates,Tata Steel Limited has informed the Exchange regarding Analysts/Institutional Investor Meet/Con. Call Updates
19-Aug-2019 10:45:00,Analysts/Institutional Investor Meet/Con. Call Updates,Tata Steel Limited has informed the Exchange regarding Analysts/Institutional Investor Meet/Con. Call Updates
08-Aug-2019 17:17:00,Analysts/Institutional Investor Meet/Con. Call Updates,Tata Steel Limited has informed the Exchange regarding Analysts/Institutional Investor Meet/Con. Call Updates
07-Aug-2019 19:30:00,Outcome of Board Meeting,"Tata Steel Limited has informed the Exchange regarding  Board meeting held on August 07, 2019."
07-Aug-2019 18:45:00,Investor Presentation,Tata Steel Limited has informed the Exchange regarding Investor Presentation
07-Aug-2019 18:43:00,Press Release,"Tata Steel Limited has informed the Exchange regarding a press release dated August 07, 2019, titled ""Tata Steel reports consolidated financial results for the quarter ended June 30, 2019""."
07-Aug-2019 18:39:00,Outcome of Board Meeting,"Tata Steel Limited has informed the Exchange regarding Outcome of Board Meeting held on August 07, 2019."
07-Aug-2019 18:35:00,Outcome of Board Meeting,"Tata Steel Limited has informed the Exchange regarding  Board meeting held on August 07, 2019 to approve and adopt Audited Standalone and Unaudited Consolidated Financial Results for the quarter ended"
07-Aug-2019 18:30:35,Financial Result Updates,"Tata Steel Limited has submitted to the Exchange, the financial results for the period ended June 30, 2019."
06-Aug-2019 17:52:00,Analysts/Institutional Investor Meet/Con. Call Updates,Tata Steel Limited has informed the Exchange regarding Analysts/Institutional Investor Meet/Con. Call Updates
06-Aug-2019 17:05:00,Press Release,"Tata Steel Limited has informed the Exchange regarding a press release dated August 06, 2019, titled ""Termination of definitive agreements executed with HBIS Group to divest majority stake in its Sout"
25-Jul-2019 19:41:00,Acquisition,"Tata Steel Limited has informed the Exchange about Acquisition of  2,58,43,967 equity shares of Tata Sponge Iron Limited (the ""Rights Equity Shares"") at an issue price of Rs.500/- per Rights Equity Sh"
19-Jul-2019 22:35:00,Change in Director(s),Tata Steel Limited has informed the Exchange regarding Change in Director(s) of the company.
19-Jul-2019 22:34:00,Reappointment,Tata Steel Limited has informed the Exchange regarding Reappointment of Director of the company.
19-Jul-2019 22:25:00,Shareholders meeting,"Tata Steel Limited has informed the Exchange regarding Proceedings of Annual General Meeting held on July 19, 2019. Further, the company has submitted the Exchange a copy of Srutinizers report along w"
14-Jul-2019 17:13:00,Press Release,"Tata Steel Limited has informed the Exchange regarding a press release dated July 14, 2019, titled ""Tata Steel: Update on 1QFY20 volumes""."
12-Jul-2019 19:14:00,Analysts/Institutional Investor Meet/Con. Call Updates,Tata Steel Limited has informed the Exchange regarding Analysts/Institutional Investor Meet/Con. Call Updates
10-Jul-2019 09:57:00,Analysts/Institutional Investor Meet/Con. Call Updates,Tata Steel Limited has informed the Exchange regarding Analysts/Institutional Investor Meet/Con. Call Updates
04-Jul-2019 19:17:00,Updates,"Tata Steel Limited has informed the Exchange regarding 'Certificate under Regulation 74 of SEBI (Depositories and Participants)Regulations, 2018 for the quarter ended June 30, 2019'."
28-Jun-2019 16:57:00,Updates,Tata Steel Limited has informed the Exchange regarding 'Advertisement published in newspapers - Notice of the Annual GeneralMeeting ('AGM') of Tata Steel Limited ('the Company')'.
28-Jun-2019 16:35:00,Analysts/Institutional Investor Meet/Con. Call Updates,Tata Steel Limited has informed the Exchange regarding Analysts/Institutional Investor Meet/Con. Call Updates
27-Jun-2019 18:06:00,Updates,Tata Steel Limited has informed the Exchange regarding 'Leadership changes in Tata Steel Europe'.
25-Jun-2019 18:50:00,Analysts/Institutional Investor Meet/Con. Call Updates,Tata Steel Limited has informed the Exchange regarding Analysts/Institutional Investor Meet/Con. Call Updates
25-Jun-2019 13:07:00,AGM/Book Closure,"Tata Steel Limited has informed the Exchange that the Register of Members and Share Transfer Books of the Company shall remain closed from July 6, 2019 to July 19, 2019(both days inclusive) for the pu"
23-Jun-2019 00:10:00,Shareholders meeting,"Tata Steel Limited has informed the Exchange regarding Notice of Annual General Meeting to be held on July 19, 2019"
21-Jun-2019 21:19:00,Trading Window,"Tata Steel Limited has informed the Exchange regarding the Trading Window closure pursuant to SEBI (Prohibition of Insider Trading) Regulations, 2015"
19-Jun-2019 14:53:00,Analysts/Institutional Investor Meet/Con. Call Updates,Tata Steel Limited has informed the Exchange regarding Analysts/Institutional Investor Meet/Con. Call Updates
13-Jun-2019 20:01:00,Analysts/Institutional Investor Meet/Con. Call Updates,Tata Steel Limited has informed the Exchange regarding Analysts/Institutional Investor Meet/Con. Call Updates
12-Jun-2019 01:01:00,Updates,"Tata Steel Limited has informed the Exchange regarding 'This is further to our press release dated May 10, 2019, titled ��Feedback from European Commission on the proposed steel joint venture between "
11-Jun-2019 19:08:00,Analysts/Institutional Investor Meet/Con. Call Updates,Tata Steel Limited has informed the Exchange regarding Analysts/Institutional Investor Meet/Con. Call Updates
07-Jun-2019 18:11:00,Analysts/Institutional Investor Meet/Con. Call Updates,Tata Steel Limited has informed the Exchange regarding Analysts/Institutional Investor Meet/Con. Call Updates
03-Jun-2019 08:55:00,News Clarification,"TATASTEEL: The Exchange had sought clarification from the Company with respect to news item captioned - titled ""Tata Steel s Rs 805 crore bid for Bhushan Energy gets nod"". In this regard, it was advis"
01-Jun-2019 17:46:00,Updates,"Tata Steel Limited has informed the Exchange regarding 'Disclosure under regulation 30 of the SEBI (Listing Obligations and Disclosure Requirements) Regulations, 2015 with regards to execution of agre"
31-May-2019 20:06:00,Updates,"Tata Steel Limited has informed the Exchange regarding 'Approval of Resolution Plan submitted by Tata Steel Limited for Acquisition of Bhushan Energy Limited by National Company Law Tribunal, New Delh"
31-May-2019 17:03:00,News Clarification,"The Exchange has sought clarification from the Company with respect to news item captioned- titled ""Tata Steel s Rs 805 crore bid for Bhushan Energy gets nod"". In this regard, you are advised to provi"
30-May-2019 18:23:00,Updates,Tata Steel Limited has informed the Exchange regarding 'Transfer of Registry Business of Company's Registrars and Transfer Agents from TSR Darashaw Ltd to TSR Darashaw Consultants Private Ltd.'.
30-May-2019 10:25:00,Updates,Tata Steel Limited has informed the Exchange regarding 'Advertisement published in newspapers under Investor Education and Protection Fund Rules'.
29-May-2019 16:17:00,Analysts/Institutional Investor Meet/Con. Call Updates,Tata Steel Limited has informed the Exchange regarding Analysts/Institutional Investor Meet/Con. Call Updates
29-May-2019 13:42:00,Analysts/Institutional Investor Meet/Con. Call Updates,Tata Steel Limited has informed the Exchange regarding Analysts/Institutional Investor Meet/Con. Call Updates
27-May-2019 18:29:00,Analysts/Institutional Investor Meet/Con. Call Updates,Tata Steel Limited has informed the Exchange regarding Analysts/Institutional Investor Meet/Con. Call Updates
24-May-2019 15:12:00,Analysts/Institutional Investor Meet/Con. Call Updates,Tata Steel Limited has informed the Exchange regarding Analysts/Institutional Investor Meet/Con. Call Updates
23-May-2019 16:38:00,Related Party Transactions,"Tata Steel Limited has submitted to the Exchange a Copy of Disclosure of Related Party Transactions on consolidated basis for the half year ended March 31, 2019"
21-May-2019 10:34:00,Analysts/Institutional Investor Meet/Con. Call Updates,Tata Steel Limited has informed the Exchange regarding Analysts/Institutional Investor Meet/Con. Call Updates
17-May-2019 14:28:00,Updates,"Tata Steel Limited has informed the Exchange regarding 'Interest and Redemption amount payable on 11% Unsecured Redeemable Non-Convertible Debentures (NCDs) - Rs.1,500 croreISIN INE081A08132 �� WDM Se"
15-May-2019 19:01:00,Updates,"Tata Steel Limited has informed the Exchange regarding 'Interest and Redemption amount payable on 10.40% Unsecured Redeemable Non-Convertible Debentures (""NCDs"") - Rs.650.9 croreISIN INE081A08124 �� W"
13-May-2019 19:30:00,Updates,"Tata Steel Limited has informed the Exchange regarding 'Interest payment intimation of 11.50% Perpetual Hybrid Securities (""PHS"") �� Rs. 775 croreISIN INE081A08173 �� WDM Segment'."
10-May-2019 17:51:00,News Verification,"The Exchange has sought clarification from Tata Steel Limited with respect to recent news item captioned ThyssenKrupp expects its joint venture with Tata Steel to fail. The Exchange, in order to verif"
10-May-2019 16:18:00,Analysts/Institutional Investor Meet/Con. Call Updates,Tata Steel Limited has informed the Exchange regarding Analysts/Institutional Investor Meet/Con. Call Updates
10-May-2019 16:10:00,Press Release,"Tata Steel Limited has informed the Exchange regarding a press release dated May 10, 2019, titled ""Feedback from European Commission on the proposed steel joint venture between thyssenkrupp and Tata S"
10-May-2019 16:03:00,News Verification,"The Exchange has sought clarification from Tata Steel Limited with respect to recent news item captioned ""ThyssenKrupp expects its joint venture with Tata Steel to fail."" In this regard, Exchange have"
09-May-2019 18:32:00,Analysts/Institutional Investor Meet/Con. Call Updates,Tata Steel Limited has informed the Exchange regarding Analysts/Institutional Investor Meet/Con. Call Updates
09-May-2019 15:04:00,Diversification/Disinvestment,"Divestment of partial stake in Al Rimal Mining LLC, Oman, an indirect subsidiary of Tata Steel Limited"
07-May-2019 15:48:00,Analysts/Institutional Investor Meet/Con. Call Updates,Tata Steel Limited has informed the Exchange regarding Analysts/Institutional Investor Meet/Con. Call Updates
02-May-2019 16:34:00,AGM/Book Closure,"Tata Steel Limited has informed the Exchange that the Company has fixed Book Closure from July 6, 2019 to July 19, 2019 for the purpose of for the purposeof AGM and payment of Dividend."
26-Apr-2019 18:13:00,Updates,Tata Steel Limited has informed the Exchange regarding 'Incident at Tata Steel UK Port Talbot site'.
26-Apr-2019 15:09:00,Updates,"Tata Steel Limited has informed the Exchange regarding 'Details of Non-convertible Debentures ('NCDs') of tata Steel Limited for the half year ended March 31, 2019.'."
26-Apr-2019 15:09:00,Updates,"Tata Steel Limited has informed the Exchange regarding 'Undertaking Pursuant to Regulation 57(2) of the SEBI ( LODR) Regulations, 2015 (Listing Regulations)'."
25-Apr-2019 21:26:00,Investor Presentation,Tata Steel Limited has informed the Exchange regarding Investor Presentation
25-Apr-2019 21:01:00,Dividend,"Tata Steel Limited has informed the Exchange that The Board of Directors at the meeting held�� i.e. April 25, 2019, has��Recommended a dividend of Rs. 13/- per Ordinary Share of Rs. 10/- each and Rs. "
25-Apr-2019 20:17:00,Outcome of Board Meeting,"Tata Steel Limited has informed the Exchange regarding Outcome of Board Meeting held on April 25, 2019."
25-Apr-2019 20:05:00,Updates,Tata Steel Limited has informed the Exchange regarding 'Undertaking pursuant to Regulation 57(2) of the Securities and Exchange Board of India (Listing Obligations and Disclosure Requirements) Regulat
25-Apr-2019 20:00:00,Updates,"Tata Steel Limited has informed the Exchange regarding 'Details of Non-Convertible Debentures (��NCDs��) of Tata Steel Limited (��the Company��) for the half year ended March 31, 2019'."
25-Apr-2019 19:45:00,AGM/Book Closure,"Tata Steel Limited has informed the Exchange that the Register of Members and Share Transfer Books of the Company shall remain closed from July 6, 2019 to July 19, 2019(both days inclusive) for the pu"
25-Apr-2019 19:35:00,Analysts/Institutional Investor Meet/Con. Call Updates,Tata Steel Limited has informed the Exchange regarding Analysts/Institutional Investor Meet/Con. Call Updates
25-Apr-2019 19:29:00,Amalgamation/Merger,Intimation of Composite Scheme of Amalgamation of Bamnipal Steel Limited ('Transferor Company 1') and Tata Steel BSL Limited [formerly known asBhushan Steel Limited] ('Transferor Company 2') into and 
25-Apr-2019 19:18:00,Dividend,"The Board of Directors at the meeting held today, i.e. April 25, 2019, inter alia, approved the audited standalone and consolidated financial results for the financial year ended March 31, 2019, appro"
25-Apr-2019 19:15:25,Financial Result Updates,"Tata Steel Limited has submitted to the Exchange, the financial results for the period ended March 31, 2019."
25-Apr-2019 07:12:00,Analysts/Institutional Investor Meet/Con. Call Updates,Tata Steel Limited has informed the Exchange regarding Analysts/Institutional Investor Meet/Con. Call Updates
25-Apr-2019 06:33:00,Disc. under Reg.30 of SEBI (SAST) Reg.2011,"The Promoter along with PAC has submitted to the Exchange a copy of Annual Disclosure under Regulation 30(1) and 30(2) of SEBI (Substantial Acquisition of Shares and Takeovers), Regulations, 2011 as o"
24-Apr-2019 20:42:00,Analysts/Institutional Investor Meet/Con. Call Updates,Tata Steel Limited has informed the Exchange regarding Analysts/Institutional Investor Meet/Con. Call Updates
24-Apr-2019 12:57:00,Analysts/Institutional Investor Meet/Con. Call Updates,Tata Steel Limited has informed the Exchange regarding Analysts/Institutional Investor Meet/Con. Call Updates
24-Apr-2019 08:55:00,Analysts/Institutional Investor Meet/Con. Call Updates,Tata Steel Limited has informed the Exchange regarding Analysts/Institutional Investor Meet/Con. Call Updates
23-Apr-2019 19:39:00,Updates,"Tata Steel Limited has informed the Exchange regarding 'Interest payment intimation for 2% Non-Convertible Debentures (NCDs) of Rs. 1,500 CroreISIN No INE081A08181 �� WDM Segment'."
15-Apr-2019 21:19:00,"Code of Conduct under SEBI(PIT) Reg., 2015","Tata Steel Limited has informed the Exchange regarding the Code of Conduct under SEBI(PIT) Reg., 2015"
09-Apr-2019 20:32:00,Updates,"Tata Steel Limited has informed the Exchange regarding 'Disclosure under SEBI Circular CIR/IMD/DF-1/67/2017 datedJune 30, 2017 with respect to Specifications related to ISINs for debt securities issue"
06-Apr-2019 14:02:00,Press Release,"Tata Steel Limited has informed the Exchange regarding a press release dated April 06, 2019, titled ""Tata Steel��s 4QFY19 and FY19 �� Key Production and Sales Figure (Provisional)""."
04-Apr-2019 13:06:00,Updates,"Tata Steel Limited has informed the Exchange regarding 'Certificate under Regulation 74 of SEBI (Depositories and Participants)Regulations, 2018 for the quarter ended March 31, 2019.'."
28-Mar-2019 21:21:00,Acquisition,"Acquisition of 27,97,000 equity shares of face value &#8377; 10 each aggregating to &#8377;179,56,74,000, and 34,92,500 convertible warrants, aggregating to &#8377;224,21,85,000 by Tata Steel Limited "
26-Mar-2019 08:43:00,Acquisition,"Tata Steel Limited has informed the Exchange regarding Acquisition of 230,00,00,000 �� 8.89% Optionally Convertible Redeemable Preference Shares of Tata Steel BSL Limited on private placement basis ag"
25-Mar-2019 12:22:00,Analysts/Institutional Investor Meet/Con. Call Updates,Tata Steel Limited has informed the Exchange regarding Analysts/Institutional Investor Meet/Con. Call Updates
25-Mar-2019 08:35:00,Acquisition,"Tata Steel Limited has informed the Exchange regarding "" Acquisition of 670,00,00,000 �� 8.89% Optionally Convertible Redeemable Preference Shares of Tata Steel BSL Limited on private placement basis "
25-Mar-2019 08:34:00,Acquisition,"Tata Steel Limited has informed the Exchange regarding ""Acquisition of 25,00,00,000, 12.5% Non-Convertible Redeemable Preference Shares of TRF Limited on private placement basis aggregating to Rs. 250"
23-Mar-2019 15:04:00,Acquisition,"Tata Steel Limited has informed the Exchange regarding Acquisition of 670,00,00,000-8.89% Optionally Convertible Redeemable Preference Shares of tata Steel BSL Limited on Private Placement basis aggre"
22-Mar-2019 21:17:00,Trading Window,"Tata Steel Limited has informed the Exchange regarding the Trading Window closure pursuant to SEBI (Prohibition of Insider Trading) Regulations, 2015"
22-Mar-2019 14:35:00,Analysts/Institutional Investor Meet/Con. Call Updates,Tata Steel Limited has informed the Exchange regarding Analysts/Institutional Investor Meet/Con. Call Updates
22-Mar-2019 08:39:00,Acquisition,"Tata Steel Limited has informed the Exchange regarding ""Acquisition of 1070,00,00,000 �� 11.09% Non-Convertible Redeemable Preference Shares of Tata Steel BSL Limited aggregating to Rs 10,700 crore""."
19-Mar-2019 17:39:00,Analysts/Institutional Investor Meet/Con. Call Updates,Tata Steel Limited has informed the Exchange regarding Analysts/Institutional Investor Meet/Con. Call Updates
18-Mar-2019 19:59:00,Updates,"Tata Steel Limited has informed the Exchange regarding 'Distribution payment on 11.80% Perpetual Hybrid Securities (""Securities"") of Rs. 1,500 Crore. ISIN No INE081A08165 �� WDM Segment'."
14-Mar-2019 16:39:00,Updates,Tata Steel Limited has informed the Exchange regarding 'Update on First and Final Call on partly paid shares of Tata Steel Limited'.
07-Mar-2019 17:51:00,Analysts/Institutional Investor Meet/Con. Call Updates,Tata Steel Limited has informed the Exchange regarding Analysts/Institutional Investor Meet/Con. Call Updates
01-Mar-2019 18:56:00,Analysts/Institutional Investor Meet/Con. Call Updates,Tata Steel Limited has informed the Exchange regarding Analysts/Institutional Investor Meet/Con. Call Updates
01-Mar-2019 16:41:00,Allotment of Securities,"Tata Steel Limited has informed the Exchange regarding allotment of 43150 securities pursuant to Non Convertible Securities at its meeting held on March 01, 2019"
26-Feb-2019 16:02:00,Issue of Securities,"Tata Steel Limited has informed the Exchange regarding Issue of Unsecured, Redeemable, Listed Rated Non-Convertible Debentures aggregating Rs. 4,000 crore plus a green shoe option of up to Rs. 1,000 c"
26-Feb-2019 15:48:00,Outcome of Board Meeting,"The Committee of Directors (constituted by the Board), at their meeting held today i.e. February 26, 2019 between 3:00 p.m. (IST) and 3:30 p.m. (IST) approved the issue of debt securities as per the t"
21-Feb-2019 10:38:00,Analysts/Institutional Investor Meet/Con. Call Updates,Tata Steel Limited has informed the Exchange regarding Analysts/Institutional Investor Meet/Con. Call Updates
20-Feb-2019 18:16:00,Credit Rating,Tata Steel Limited has informed the Exchange regarding Credit Rating
18-Feb-2019 19:28:00,Updates,"Tata Steel Limited has informed the Exchange regarding 'This has reference to our earlier disclosure dated October 19, 2018 with respect to T S Global Minerals Holdings Pte Ltd (an indirect wholly own"
15-Feb-2019 14:27:00,Analysts/Institutional Investor Meet/Con. Call Updates,Tata Steel Limited has informed the Exchange regarding Analysts/Institutional Investor Meet/Con. Call Updates
11-Feb-2019 16:47:00,Analysts/Institutional Investor Meet/Con. Call Updates,Tata Steel Limited has informed the Exchange regarding Analysts/Institutional Investor Meet/Con. Call Updates
08-Feb-2019 19:35:00,Analysts/Institutional Investor Meet/Con. Call Updates,Tata Steel Limited has informed the Exchange regarding Analysts/Institutional Investor Meet/Con. Call Updates
08-Feb-2019 16:31:00,Investor Presentation,Tata Steel Limited has informed the Exchange regarding Investor Presentation
08-Feb-2019 16:22:00,Press Release,"Tata Steel Limited has informed the Exchange regarding a press release dated February 08, 2019, titled ""Tata Steel reports consolidated financial results for the quarter and nine month endedDecember 3"
08-Feb-2019 16:17:29,Financial Result Updates,"Tata Steel Limited has submitted to the Exchange, the financial results for the period ended December 31, 2018."
08-Feb-2019 16:13:00,Outcome of Board Meeting,"Tata Steel Limited has informed the Exchange regarding  Board meeting held on February 08, 2019."
06-Feb-2019 15:22:00,Analysts/Institutional Investor Meet/Con. Call Updates,Tata Steel Limited has informed the Exchange regarding Analysts/Institutional Investor Meet/Con. Call Updates
28-Jan-2019 11:35:00,Diversification/Disinvestment,"Tata Steel Limited has informed the Exchange regarding ""Sale of shares in NatSteel Holdings Pte. Ltd. (NSH) and Tata Steel (Thailand) Public Company Ltd. (TSTH)"". Further the Company has submitted a c"
28-Jan-2019 11:10:00,Press Release,"Tata Steel Limited has informed the Exchange regarding a press release dated January 28, 2019, titled ""T S Global Holdings Pte. Ltd. (a wholly owned subsidiary of Tata Steel) signs definitive agreemen"
24-Jan-2019 19:50:00,Updates,"Tata Steel Limited has informed the Exchange regarding 'This has reference to our letter dated January 7, 2019, intimating the record date for payment of Interest payable on the above mentioned NCDs.I"
24-Jan-2019 19:45:00,Updates,"Tata Steel Limited has informed the Exchange regarding 'This has reference to our letter dated January 7, 2019, intimating the record date for payment of Interest and Redemption amount payable on the "
22-Jan-2019 19:35:00,Analysts/Institutional Investor Meet/Con. Call Updates,Tata Steel Limited has informed the Exchange regarding Analysts/Institutional Investor Meet/Con. Call Updates
18-Jan-2019 11:35:00,Analysts/Institutional Investor Meet/Con. Call Updates,Tata Steel Limited has informed the Exchange regarding Analysts/Institutional Investor Meet/Con. Call Updates
11-Jan-2019 17:13:00,Analysts/Institutional Investor Meet/Con. Call Updates,Tata Steel Limited has informed the Exchange regarding Analysts/Institutional Investor Meet/Con. Call Updates
08-Jan-2019 17:24:00,Press Release,"Tata Steel Limited has informed the Exchange regarding a press release dated January 08, 2019, titled ""��Tata Steel��s 3QFY19 and 9MFY19 Key Production and Sales Figure (Provisional)��.""."
07-Jan-2019 15:42:00,Updates,"Tata Steel Limited has informed the Exchange regarding 'Confirmation of Payment for 10.25% Non-Convertible Debentures (NCDs) - Rs.2,500 CroreISIN No.INE081A08157'."
24-Dec-2018 15:48:00,Trading Window,"Tata Steel Limited has informed the Exchange regarding the Trading Window closure pursuant to SEBI (Prohibition of Insider Trading) Regulations, 2015"
24-Dec-2018 15:40:00,Updates,Tata Steel Limited has informed the Exchange regarding 'Confirmation for payment of Interest - 10.25% Non-Convertible Debentures (NCDs) - of 500 Crore - ISIN: INE081A08140'.
18-Dec-2018 10:35:00,Analysts/Institutional Investor Meet/Con. Call Updates,Tata Steel Limited has informed the Exchange regarding Analysts/Institutional Investor Meet/Con. Call Updates
17-Dec-2018 17:07:00,Press Release,"Tata Steel Limited has informed the Exchange regarding a press release dated December 17, 2018, titled ""thyssenkrupp and Tata Steel announce executive leadership for the planned Joint Venture""."
12-Dec-2018 16:10:00,Analysts/Institutional Investor Meet/Con. Call Updates,Tata Steel Limited has informed the Exchange regarding Analysts/Institutional Investor Meet/Con. Call Updates
12-Dec-2018 14:49:00,Analysts/Institutional Investor Meet/Con. Call Updates,Tata Steel Limited has informed the Exchange regarding Analysts/Institutional Investor Meet/Con. Call Updates
04-Dec-2018 17:17:00,Analysts/Institutional Investor Meet/Con. Call Updates,Tata Steel Limited has informed the Exchange regarding Analysts/Institutional Investor Meet/Con. Call Updates
29-Nov-2018 16:15:00,Investor Presentation,Tata Steel Limited has informed the Exchange regarding Investor Presentation
27-Nov-2018 21:52:00,Analysts/Institutional Investor Meet/Con. Call Updates,Tata Steel Limited has informed the Exchange regarding Analysts/Institutional Investor Meet/Con. Call Updates
26-Nov-2018 17:04:00,Analysts/Institutional Investor Meet/Con. Call Updates,Tata Steel Limited has informed the Exchange regarding Analysts/Institutional Investor Meet/Con. Call Updates
21-Nov-2018 16:57:00,Analysts/Institutional Investor Meet/Con. Call Updates,Tata Steel Limited has informed the Exchange regarding Analysts/Institutional Investor Meet/Con. Call Updates
20-Nov-2018 16:03:00,Analysts/Institutional Investor Meet/Con. Call Updates,Tata Steel Limited has informed the Exchange regarding Analysts/Institutional Investor Meet/Con. Call Updates
14-Nov-2018 12:25:00,Analysts/Institutional Investor Meet/Con. Call Updates,Tata Steel Limited has informed the Exchange regarding Analysts/Institutional Investor Meet/Con. Call Updates
13-Nov-2018 19:44:00,Outcome of Board Meeting,"Tata Steel Limited has informed the Exchange regarding  Board meeting held on November 13, 2018."
13-Nov-2018 19:32:00,Investor Presentation,Tata Steel Limited has informed the Exchange regarding Investor Presentation
13-Nov-2018 19:06:00,Updates,"Tata Steel Limited has informed the Exchange regarding 'Details of Non-Convertible Debentures for the half year ended September 30, 2018'."
13-Nov-2018 18:55:00,Press Release,"Tata Steel Limited has informed the Exchange regarding a press release dated November 13, 2018, titled ""Tata Steel reports consolidated financial results for the quarter and half year endedSeptember 3"
13-Nov-2018 18:38:41,Financial Result Updates,"Tata Steel Limited has submitted to the Exchange, the financial results for the period ended September 30, 2018."
12-Nov-2018 20:41:00,Updates,Tata Steel Limited has informed the Exchange regarding 'Confirmation of payment of interest on 11.50% PHS'.
12-Nov-2018 18:37:00,Analysts/Institutional Investor Meet/Con. Call Updates,Tata Steel Limited has informed the Exchange regarding Analysts/Institutional Investor Meet/Con. Call Updates
31-Oct-2018 13:40:00,Press Release,"Tata Steel Limited has informed the Exchange regarding a press release dated October 31, 2018, titled ""Tata Steel to continue discussions with theEuropean Commission on proposed Joint Venture with Thy"
25-Oct-2018 12:35:00,Analysts/Institutional Investor Meet/Con. Call Updates,Tata Steel Limited has informed the Exchange regarding Analysts/Institutional Investor Meet/Con. Call Updates
24-Oct-2018 21:00:00,Updates,Tata Steel Limited has informed the Exchange regarding 'Tata Steel announces support for Tata Sponge's entry into steel business and identifies it as the strategic vehicle for acquisition of steel bus
23-Oct-2018 15:07:00,Analysts/Institutional Investor Meet/Con. Call Updates,Tata Steel Limited has informed the Exchange regarding Analysts/Institutional Investor Meet/Con. Call Updates
22-Oct-2018 08:34:00,Updates,"Tata Steel Limited has informed the Exchange regarding 'Sale of Indirect Subsidiary, Black Ginger 461 Pty Ltd '."
16-Oct-2018 14:53:00,Analysts/Institutional Investor Meet/Con. Call Updates,Tata Steel Limited has informed the Exchange regarding Analysts/Institutional Investor Meet/Con. Call Updates
11-Oct-2018 13:53:00,Analysts/Institutional Investor Meet/Con. Call Updates,Tata Steel Limited has informed the Exchange regarding Analysts/Institutional Investor Meet/Con. Call Updates
09-Oct-2018 09:59:00,Analysts/Institutional Investor Meet/Con. Call Updates,Tata Steel Limited has informed the Exchange regarding Analysts/Institutional Investor Meet/Con. Call Updates
08-Oct-2018 15:25:00,Press Release,"Tata Steel Limited has informed the Exchange regarding a press release dated October 08, 2018, titled ""Tata Steel��s Q2FY19 & H1FY19 Key Production and Sales Figure (Provisional)""."
08-Oct-2018 14:49:00,Analysts/Institutional Investor Meet/Con. Call Updates,Tata Steel Limited has informed the Exchange regarding Analysts/Institutional Investor Meet/Con. Call Updates
04-Oct-2018 18:49:00,Analysts/Institutional Investor Meet/Con. Call Updates,Tata Steel Limited has informed the Exchange regarding Analysts/Institutional Investor Meet/Con. Call Updates
01-Oct-2018 19:33:00,Analysts/Institutional Investor Meet/Con. Call Updates,Tata Steel Limited has informed the Exchange regarding Analysts/Institutional Investor Meet/Con. Call Updates
22-Sep-2018 17:52:00,Press Release,"Tata Steel Limited has informed the Exchange regarding a press release dated September 22, 2018, titled ""Signing of Definitive Agreements for acquisition of steel business of Usha Martin Limited by Ta"
21-Sep-2018 17:21:00,Trading Window,"Tata Steel Limited has informed the Exchange regarding the Trading Window closure pursuant to SEBI (Prohibition of Insider Trading) Regulations, 2015"
21-Sep-2018 13:31:00,Analysts/Institutional Investor Meet/Con. Call Updates,Tata Steel Limited has informed the Exchange regarding Analysts/Institutional Investor Meet/Con. Call Updates
19-Sep-2018 16:25:00,Updates,"Tata Steel Limited has informed the Exchange regarding 'Confirmation of payment of Distribution for 11.80% Perpetual Hybrid Securities of Rs. 1,500 crore, (ISIN-INE081A08165)'."
18-Sep-2018 19:25:00,Updates,Tata Steel Limited has informed the Exchange regarding 'Tata Steel Limited completes the acquisition of 51% equity stake in Creative Port Development Private Limited '.
17-Sep-2018 15:47:00,Analysts/Institutional Investor Meet/Con. Call Updates,Tata Steel Limited has informed the Exchange regarding Analysts/Institutional Investor Meet/Con. Call Updates
14-Sep-2018 18:48:00,Press Release,"Tata Steel Limited has informed the Exchange regarding a press release dated September 14, 2018, titled ""Tata Steel ranked world��s #1 steel company in Dow Jones Sustainability Index""."
05-Sep-2018 11:29:00,Analysts/Institutional Investor Meet/Con. Call Updates,Tata Steel Limited has informed the Exchange regarding Analysts/Institutional Investor Meet/Con. Call Updates
04-Sep-2018 10:03:00,Analysts/Institutional Investor Meet/Con. Call Updates,Tata Steel Limited has informed the Exchange regarding Analysts/Institutional Investor Meet/Con. Call Updates
24-Aug-2018 19:42:00,Appointment,"Tata Steel Limited has informed the Exchange regarding Appointment of Mr V K Sharma as Non- Executive Director of the company w.e.f. August 24, 2018."
24-Aug-2018 17:45:00,Analysts/Institutional Investor Meet/Con. Call Updates,Tata Steel Limited has informed the Exchange regarding Analysts/Institutional Investor Meet/Con. Call Updates
21-Aug-2018 18:08:00,Analysts/Institutional Investor Meet/Con. Call Updates,Tata Steel Limited has informed the Exchange regarding Analysts/Institutional Investor Meet/Con. Call Updates
13-Aug-2018 19:09:00,Investor Presentation,Tata Steel Limited has informed the Exchange regarding Investor Presentation
13-Aug-2018 19:00:00,Financial Result Updates,"Tata Steel Limited has submitted to the Exchange, the financial results for the period ended June 30, 2018."
13-Aug-2018 18:56:00,Outcome of Board Meeting,"Tata Steel Limited has informed the Exchange regarding  Board meeting held on August 13, 2018."
13-Aug-2018 18:54:00,Outcome of Board Meeting,"Tata Steel Limited has informed the Exchange regarding Outcome of Board Meeting held on August 13, 2018."
11-Aug-2018 09:48:00,Analysts/Institutional Investor Meet/Con. Call Updates,Tata Steel Limited has informed the Exchange regarding Analysts/Institutional Investor Meet/Con. Call Updates
30-Jul-2018 18:51:00,Analysts/Institutional Investor Meet/Con. Call Updates,Tata Steel Limited has informed the Exchange regarding Analysts/Institutional Investor Meet/Con. Call Updates
26-Jul-2018 12:50:00,Analysts/Institutional Investor Meet/Con. Call Updates,Tata Steel Limited has informed the Exchange regarding Analysts/Institutional Investor Meet/Con. Call Updates
23-Jul-2018 18:32:00,Analysts/Institutional Investor Meet/Con. Call Updates,Tata Steel Limited has informed the Exchange regarding Analysts/Institutional Investor Meet/Con. Call Updates
20-Jul-2018 23:27:00,Shareholders meeting,"Tata Steel Limited has informed the Exchange regarding Proceedings of Annual General Meeting held on July 20, 2018. Further, the company has submitted the Exchange a copy of Srutinizers report along w"
20-Jul-2018 12:32:00,Updates,Tata Steel Limited has informed the Exchange regarding 'Intimation for Voluntary webcast of 111th Annual General Meeting of Tata Steel Limited (��Company��)'.
13-Jul-2018 20:07:00,Analysts/Institutional Investor Meet/Con. Call Updates,Tata Steel Limited has informed the Exchange regarding Analysts/Institutional Investor Meet/Con. Call Updates
10-Jul-2018 12:47:00,Analysts/Institutional Investor Meet/Con. Call Updates,Tata Steel Limited has informed the Exchange regarding Analysts/Institutional Investor Meet/Con. Call Updates
06-Jul-2018 16:19:00,Press Release,"Tata Steel Limited has informed the Exchange regarding a press release dated July 06, 2018, titled ""Tata Steel's Q1 FY19 Key Production and Sales Figure (Provisional)""."
04-Jul-2018 18:17:00,Analysts/Institutional Investor Meet/Con. Call Updates,"Tata Steel Limited has informed the Exchange regarding Intimation of Schedule of Analyst/Institutional Investor Meetings under the SEBI ( Listing Obligations and Disclosure Requirements) regulations, "
04-Jul-2018 16:13:00,Analysts/Institutional Investor Meet/Con. Call Updates,Tata Steel Limited has informed the Exchange regarding Analysts/Institutional Investor Meet/Con. Call Updates
02-Jul-2018 08:19:00,Updates,Tata Steel Limited has informed the Exchange regarding the Board of Tata Steel has approved the terms to create a 50:50 joint venture which will combine the European steel businesses of Tata Steel and
30-Jun-2018 15:19:00,Investor Presentation,Tata Steel Limited has informed the Exchange regarding Investor Presentation
30-Jun-2018 14:03:00,Updates,Tata Steel Limited has informed the Exchange regarding 'Disclosure on Tata Steel and thyssenkrupp sign definitive Joint Venture agreements to create new steel champion in Europe'.
30-Jun-2018 12:47:00,Analysts/Institutional Investor Meet/Con. Call Updates,Tata Steel Limited has informed the Exchange regarding Analysts/Institutional Investor Meet/Con. Call Updates
30-Jun-2018 12:21:00,Updates,Tata Steel Limited has informed the Exchange regarding 'Tata Steel and thyssenkrupp sign definitive Joint Venture agreements to create new steel champion in Europe'.
30-Jun-2018 12:14:00,Press Release,"Tata Steel Limited has informed the Exchange regarding a press release dated Jun 30, 2018, titled ""Tata Steel and thyssenkrupp sign definitive Joint Venture agreements to create new steel champion in "
30-Jun-2018 09:57:00,Updates,Tata Steel Limited has informed the Exchange regarding 'the Board of Tata Steel has approved the terms to create a 50:50 joint venture which will combine the European steel businesses of Tata Steel an
25-Jun-2018 12:55:00,AGM/Book Closure,"Tata Steel Limited has informed the Exchange that the Register of Members and Share Transfer Books of the Company shall remain closed from July 7, 2018 to July 20, 2018  (both days inclusive) for the "
25-Jun-2018 10:44:00,Trading Window,"Tata Steel Limited has informed the Exchange regarding the Trading Window closure pursuant to SEBI (Prohibition of Insider Trading) Regulations, 2015"
25-Jun-2018 09:03:00,Shareholders meeting,"Tata Steel Limited has informed the Exchange regarding Notice of Annual General Meeting to be held on July 20, 2018"
25-Jun-2018 09:02:00,Updates,Tata Steel Limited has informed the Exchange regarding '3rd Integrated Report and Annual Accounts of the Company for the Financial Year 2017-18'.
22-Jun-2018 19:40:00,Analysts/Institutional Investor Meet/Con. Call Updates,"Tata Steel Limited has informed the Exchange regarding Intimation of Schedule of Analyst/Institutional Investor Meeting under the SEBI ( Listing obligations and Disclosure Requirements) Regulations, 2"
22-Jun-2018 18:58:00,Analysts/Institutional Investor Meet/Con. Call Updates,Tata Steel Limited has informed the Exchange regarding Analysts/Institutional Investor Meet/Con. Call Updates
21-Jun-2018 20:42:00,Option to submit Standalone/Consolidated Financial Results,"Tata Steel Limited has informed the Exchange regarding compliance with regulation 33(3)(b)(i) of Securities and Exchange Board Of India (Listing Obligations and Disclosure Requirements) Regulations, 2"
20-Jun-2018 19:20:00,Analysts/Institutional Investor Meet/Con. Call Updates,"Tata Steel Limited has informed the Exchange regarding Intimation of Schedule of Analyst/Institutional Investor Meetings under the SEBI ( Listing Obligations and Disclosure Requirements) Regulations, "
20-Jun-2018 18:45:00,Analysts/Institutional Investor Meet/Con. Call Updates,Tata Steel Limited has informed the Exchange regarding Analysts/Institutional Investor Meet/Con. Call Updates
18-Jun-2018 19:17:00,Analysts/Institutional Investor Meet/Con. Call Updates,"Tata Steel Limited has informed the Exchange regarding Intimation of Schedule of Analyst/Institutional Investor Meeting under the SEBI ( Listing obligations and Disclosure Requirements) Regulations, 2"
18-Jun-2018 19:03:00,Analysts/Institutional Investor Meet/Con. Call Updates,Tata Steel Limited has informed the Exchange regarding Analysts/Institutional Investor Meet/Con. Call Updates
13-Jun-2018 12:43:00,Analysts/Institutional Investor Meet/Con. Call Updates,Tata Steel Limited has informed the Exchange regarding Analysts/Institutional Investor Meet/Con. Call Updates
11-Jun-2018 19:56:00,Analysts/Institutional Investor Meet/Con. Call Updates,Tata Steel Limited has informed the Exchange regarding Analysts/Institutional Investor Meet/Con. Call Updates
08-Jun-2018 15:00:00,News Verification,"The Exchange has sought clarification from Tata Steel Limited with respect to recent news item captioned ""With Rs.6000-cr bid Tata Steel leads race to buy Usha Martin"". The Exchange, in order to verif"
08-Jun-2018 11:18:00,News Verification,"The Exchange has sought clarification from Tata Steel Limited with respect to recent news item captioned ""With Rs.6000-cr bid Tata Steel leads race to buy Usha Martin"". In this regard, Exchange have a"
07-Jun-2018 19:17:00,Analysts/Institutional Investor Meet/Con. Call Updates,Tata Steel Limited has informed the Exchange regarding Analysts/Institutional Investor Meet/Con. Call Updates
06-Jun-2018 18:26:00,Updates,Tata Steel Limited has informed the Exchange regarding 'Advertisement published in newspapers under Investor Education and Protection Fund Rules'
04-Jun-2018 19:28:00,Analysts/Institutional Investor Meet/Con. Call Updates,"Tata Steel Limited has informed the Exchange regarding Intimation of Schedule of Analyst/Institutional Investor Meeting under the SEBI ( Listing Obligations and Disclosure Requirements) regulations, 2"
04-Jun-2018 19:07:00,Analysts/Institutional Investor Meet/Con. Call Updates,Tata Steel Limited has informed the Exchange regarding Analysts/Institutional Investor Meet/Con. Call Updates
04-Jun-2018 09:38:00,Analysts/Institutional Investor Meet/Con. Call Updates,Tata Steel Limited has informed the Exchange regarding Analysts/Institutional Investor Meet/Con. Call Updates
30-May-2018 20:20:00,Analysts/Institutional Investor Meet/Con. Call Updates,Tata Steel Limited has informed the Exchange regarding Analysts/Institutional Investor Meet/Con. Call Updates
24-May-2018 19:33:00,Analysts/Institutional Investor Meet/Con. Call Updates,Tata Steel Limited has informed the Exchange regarding Analysts/Institutional Investor Meet/Con. Call Updates
23-May-2018 18:26:00,Analysts/Institutional Investor Meet/Con. Call Updates,Tata Steel Limited has informed the Exchange regarding Analysts/Institutional Investor Meet/Con. Call Updates
22-May-2018 19:19:00,Analysts/Institutional Investor Meet/Con. Call Updates,Tata Steel Limited has informed the Exchange regarding Analysts/Institutional Investor Meet/Con. Call Updates
21-May-2018 17:35:00,Analysts/Institutional Investor Meet/Con. Call Updates,Tata Steel Limited has informed the Exchange regarding Analysts/Institutional Investor Meet/Con. Call Updates
21-May-2018 17:33:00,Analysts/Institutional Investor Meet/Con. Call Updates,Tata Steel Limited has informed the Exchange regarding Analysts/Institutional Investor Meet/Con. Call Updates
18-May-2018 17:17:00,Acquisition,Tata Steel Limited has informed the Exchange regarding acquisition of Bhushan Steel Limited.
18-May-2018 17:07:00,Press Release,"Tata Steel Limited has informed the Exchange regarding a press release dated May 18, 2018, titled ""Acquisition of Bhushan Steel Limited""."
18-May-2018 14:41:00,Updates,"Tata Steel Limited has informed the Exchange regarding 'Disclosures under regulation 30 of the SEBI (Listing Obligations and Disclosure Requirements) Regulations, 2015'."
17-May-2018 16:21:00,News Clarification,"The Exchange had sought clarification from the Company with respect to news item captioned- ""Bhushan Steel owner moves NCLAT on bid"" . The response from the Company is attached."
17-May-2018 13:00:00,News Clarification,"The Exchange has sought clarification from the Company with respect to news item captioned- ""Bhushan Steel owner moves NCLAT on bid"" In this regard, Exchange has advised the Company to provide clarifi"
17-May-2018 08:12:00,Analysts/Institutional Investor Meet/Con. Call Updates,Tata Steel Limited has informed the Exchange regarding Analysts/Institutional Investor Meet/Con. Call Updates
16-May-2018 20:27:00,Cessation,"Tata Steel Limited has informed the Exchange regarding Cessation of Mr Dinesh Kumar Mehrotra as Non- Executive Director of the company w.e.f. May 16, 2018."
16-May-2018 20:15:00,Updates,"Tata Steel Limited has informed the Exchange regarding 'Details of Non-Convertible Debentures ( ""NCDs"") of Tata Steel Limited ( ""the Company"") for the half year ended March 31, 2018.'."
16-May-2018 19:59:00,Updates,Tata Steel Limited has informed the Exchange regarding 'Undertaking pursuant to Regulation 57(2) of the Securities and Exchange Board of India ( Listing Obligations and Disclosure Requirements) Regula
16-May-2018 19:53:00,AGM/Book Closure,"Tata Steel Limited has informed the Exchange that the Register of Members and Share Transfer Books of the Company shall remain closed from July 7, 2018 to July 20, 2018 (both days inclusive) for the p"
16-May-2018 19:51:00,Dividend,"Tata Steel Limited has informed the Exchange that Board of Directors at its meeting held on May 16, 2018 has recommended a dividend of Rs. 10/-per Ordinary share of Rs. 10 each and Rs. 2.504 per partl"
16-May-2018 19:50:00,Analysts/Institutional Investor Meet/Con. Call Updates,Tata Steel Limited has informed the Exchange regarding Analysts/Institutional Investor Meet/Con. Call Updates
16-May-2018 18:25:43,Financial Result Updates,"Tata Steel Limited has submitted to the Exchange, the financial results for the period ended March 31, 2018."
16-May-2018 18:24:00,Outcome of Board Meeting,"Tata Steel Limited has informed the Exchange regarding  Board meeting held on May 16, 2018. Please find enclosed the business transacted at the Board Meeting."
16-May-2018 18:18:00,Outcome of Board Meeting,"Tata Steel Limited has informed the Exchange regarding Outcome of Board Meeting held on May 16, 2018.This has reference to our letter dated May 8, 2018.The Board of Directors at the meeting held today"
15-May-2018 21:19:00,Press Release,"Tata Steel Limited has informed the Exchange regarding a press release dated May 15, 2018, titled ""Approval of Resolution Plan submitted by Tata Steel Limited for acquisition of Bhushan Steel Limited "
14-May-2018 12:22:00,Analysts/Institutional Investor Meet/Con. Call Updates,Tata Steel Limited has informed the Exchange regarding Analysts/Institutional Investor Meet/Con. Call Updates
08-May-2018 18:41:00,Press Release,"Tata Steel Limited has informed the Exchange regarding a press release dated May 08, 2018, titled ""Tata Steel Europe explores potential sale of non-core businesses""."
24-Apr-2018 18:55:00,Analysts/Institutional Investor Meet/Con. Call Updates,Tata Steel Limited has informed the Exchange regarding Analysts/Institutional Investor Meet/Con. Call Updates
13-Apr-2018 15:09:00,Press Release,"Tata Steel Limited has informed the Exchange regarding a press release dated April 13, 2018, titled ""Tata Steel��s Q4 & FY18 Key Production and Sales Figure (Provisional)""."
11-Apr-2018 08:40:00,Updates,Tata Steel Limited has informed the Exchange regarding 'Tata Steel Limited enters into definitive agreements to subscribe to additional equity shares in Subarnarekha Port Private Limited (��SPPL��) to
10-Apr-2018 12:27:00,Disc. under Reg.30 of SEBI (SAST) Reg.2011,"Promoter of the Company has submitted to the Exchange a copy of disclosure under Regulation 30(1) and 30(2) of SEBI (Substantial Acquisition of Shares & Takeovers) Regulations, 2011."
06-Apr-2018 18:57:00,Analysts/Institutional Investor Meet/Con. Call Updates,Tata Steel Limited has informed the Exchange regarding Analysts/Institutional Investor Meet/Con. Call Updates
03-Apr-2018 21:58:00,Analysts/Institutional Investor Meet/Con. Call Updates,Tata Steel Limited has informed the Exchange regarding Analysts/Institutional Investor Meet/Con. Call Updates
03-Apr-2018 21:49:00,Outcome of Board Meeting,"Tata Steel Limited has informed the Exchange regarding  Board meeting held on April 03, 2018."
01-Apr-2018 13:34:00,Press Release,"Tata Steel Limited has informed the Exchange regarding a press release dated April 01, 2018, titled ""Tata Steel��s Q4 & FY18 Key Production and Sales Figure (Provisional)""."
28-Mar-2018 17:12:00,Analysts/Institutional Investor Meet/Con. Call Updates,Tata Steel Limited has informed the Exchange regarding Analysts/Institutional Investor Meet/Con. Call Updates
26-Mar-2018 11:57:00,Analysts/Institutional Investor Meet/Con. Call Updates,Tata Steel Limited has informed the Exchange regarding Analysts/Institutional Investor Meet/Con. Call Updates
23-Mar-2018 16:20:00,Trading Window,"Tata Steel Limited has informed the Exchange regarding the Trading Window closure pursuant to SEBI (Prohibition of Insider Trading) Regulations, 2015"
23-Mar-2018 08:51:00,Press Release,"Tata Steel Limited has informed the Exchange regarding a press release dated March 23, 2018, titled ""Tata Steel Limited identified as the successful Resolution Applicant for acquisition of Bhushan Ste"
22-Mar-2018 15:00:00,Analysts/Institutional Investor Meet/Con. Call Updates,Tata Steel Limited has informed the Exchange regarding Analysts/Institutional Investor Meet/Con. Call Updates
20-Mar-2018 17:47:00,Analysts/Institutional Investor Meet/Con. Call Updates,Tata Steel Limited has informed the Exchange regarding Analysts/Institutional Investor Meet/Con. Call Updates
19-Mar-2018 13:39:00,Analysts/Institutional Investor Meet/Con. Call Updates,Tata Steel Limited has informed the Exchange regarding Analysts/Institutional Investor Meet/Con. Call Updates
19-Mar-2018 13:34:00,Updates,Tata Steel Limited has informed the Exchange regarding 'Tata Steel Limited Rights Issue Post Issue Advertisement'.
19-Mar-2018 08:46:00,Disclosure under SEBI Takeover Regulations,"Tata Sons Limited has submitted to the Exchange, vide letter dated March 16, 2018 a copy of disclosure under Regulation 10(6) in respect of acquisition under Regulation 10 of SEBI (Substantial Acquisi"
14-Mar-2018 23:49:00,Allotment of Securities,"Tata Steel Limited has informed the Exchange regarding allotment of 77634625 securities pursuant to Rights Issue at its meeting held on March 14, 2018 for partly paid-up shares"
14-Mar-2018 23:45:00,Allotment of Securities,"Tata Steel Limited has informed the Exchange regarding allotment of 155268926 securities pursuant to Rights Issue at its meeting held on March 14, 2018 as fully paid-up shares."
13-Mar-2018 13:13:00,Analysts/Institutional Investor Meet/Con. Call Updates,Tata Steel Limited has informed the Exchange regarding Analysts/Institutional Investor Meet/Con. Call Updates
09-Mar-2018 15:57:00,Analysts/Institutional Investor Meet/Con. Call Updates,Tata Steel Limited has informed the Exchange regarding Analysts/Institutional Investor Meet/Con. Call Updates
07-Mar-2018 18:11:00,Press Release,"Tata Steel Limited has informed the Exchange regarding a press release dated March 07, 2018, titled ""Tata Steel Limited identified as the highest evaluated compliant resolution applicant for acquisiti"
05-Mar-2018 17:21:00,Analysts/Institutional Investor Meet/Con. Call Updates,Tata Steel Limited has informed the Exchange regarding Analysts/Institutional Investor Meet/Con. Call Updates
27-Feb-2018 18:36:00,Analysts/Institutional Investor Meet/Con. Call Updates,Tata Steel Limited has informed the Exchange regarding Analysts/Institutional Investor Meet/Con. Call Updates
26-Feb-2018 18:05:00,Analysts/Institutional Investor Meet/Con. Call Updates,Tata Steel Limited has informed the Exchange regarding Analysts/Institutional Investor Meet/Con. Call Updates
20-Feb-2018 19:54:00,Analysts/Institutional Investor Meet/Con. Call Updates,Tata Steel Limited has informed the Exchange regarding Analysts/Institutional Investor Meet/Con. Call Updates
20-Feb-2018 10:18:00,Analysts/Institutional Investor Meet/Con. Call Updates,Tata Steel Limited has informed the Exchange regarding Analysts/Institutional Investor Meet/Con. Call Updates
17-Feb-2018 19:41:00,Analysts/Institutional Investor Meet/Con. Call Updates,Tata Steel Limited has informed the Exchange regarding Analysts/Institutional Investor Meet/Con. Call Updates
16-Feb-2018 18:21:00,Analysts/Institutional Investor Meet/Con. Call Updates,Tata Steel Limited has informed the Exchange regarding Analysts/Institutional Investor Meet/Con. Call Updates
13-Feb-2018 16:08:00,Analysts/Institutional Investor Meet/Con. Call Updates,Tata Steel Limited has informed the Exchange regarding Analysts/Institutional Investor Meet/Con. Call Updates
13-Feb-2018 11:49:00,Updates,Tata Steel Limited has informed the Exchange regarding 'Tata Steel Limited Rights Issue - Pre Issue Advertisement'.
13-Feb-2018 11:35:00,Analysts/Institutional Investor Meet/Con. Call Updates,Tata Steel Limited has informed the Exchange regarding Analysts/Institutional Investor Meet/Con. Call Updates
10-Feb-2018 18:48:00,Analysts/Institutional Investor Meet/Con. Call Updates,Tata Steel Limited has informed the Exchange regarding Analysts/Institutional Investor Meet/Con. Call Updates
09-Feb-2018 20:35:00,Analysts/Institutional Investor Meet/Con. Call Updates,Tata Steel Limited has informed the Exchange regarding Analysts/Institutional Investor Meet/Con. Call Updates
09-Feb-2018 17:28:00,Analysts/Institutional Investor Meet/Con. Call Updates,Tata Steel Limited has informed the Exchange regarding Analysts/Institutional Investor Meet/Con. Call Updates
09-Feb-2018 16:15:00,Press Release,"Tata Steel Limited has informed the Exchange regarding a press release dated February 09, 2018, titled ""Tata Steel Limited today reported its results for the quarter ended December 31, 2017 and nine m"
09-Feb-2018 15:44:00,Outcome of Board Meeting,"Tata Steel Limited has informed the Exchange regarding Outcome of Board Meeting held on February 09, 2018."
09-Feb-2018 15:37:18,Financial Result Updates,"Tata Steel Limited has submitted to the Exchange, the financial results for the period ended December 31, 2017."
08-Feb-2018 13:46:00,Analysts/Institutional Investor Meet/Con. Call Updates,Tata Steel Limited has informed the Exchange regarding Analysts/Institutional Investor Meet/Con. Call Updates
08-Feb-2018 13:28:00,Analysts/Institutional Investor Meet/Con. Call Updates,Tata Steel Limited has informed the Exchange regarding Analysts/Institutional Investor Meet/Con. Call Updates
02-Feb-2018 15:37:00,Updates,Tata Steel Limited has informed the Exchange regarding 'Update on acquisition of 74% Equity shares of Bhubaneshwar Power Private Limited by Tata Steel Limited'.
23-Jan-2018 11:36:00,Record Date,"Tata Steel Limited has informed the Exchange that the Company has fixed Record Date as February 1, 2018 for the purpose of Right Issue."
20-Jan-2018 13:14:00,Rights Issue,"Tata Steel Limited has informed the Exchange that the meeting of the Board of Directors of the Company held on December 18 & 19, 2017 approving the issuance of equity and equity linked instruments inc"
19-Jan-2018 08:43:00,Press Release,"Tata Steel Limited has informed the Exchange regarding a press release dated January 19, 2018, titled ""Tata Steel announces successful dual tranche USD bond offering of US$ 1.3 billion""."
15-Jan-2018 09:02:00,Analysts/Institutional Investor Meet/Con. Call Updates,Tata Steel Limited has informed the Exchange regarding Analysts/Institutional Investor Meet/Con. Call Updates
12-Jan-2018 12:17:00,Press Release,"Tata Steel Limited has informed the Exchange regarding a press release dated January 12, 2018, titled ""Tata Steel��s Q3 FY18 Key Production and Sales Figure (Final)""."
09-Jan-2018 17:41:00,Analysts/Institutional Investor Meet/Con. Call Updates,Tata Steel Limited has informed the Exchange regarding Analysts/Institutional Investor Meet/Con. Call Updates
08-Jan-2018 17:15:00,Analysts/Institutional Investor Meet/Con. Call Updates,Tata Steel Limited has informed the Exchange regarding Analysts/Institutional Investor Meet/Con. Call Updates
05-Jan-2018 17:55:00,Press Release,"Tata Steel Limited has informed the Exchange regarding a press release dated January 05, 2018, titled ""Tata Steel��s Q3 FY18 Key Production and Sales Figure (Provisional)""."
05-Jan-2018 12:03:00,Trading Window,"Tata Steel Limited has informed the Exchange regarding the Trading Window closure pursuant to SEBI (Prohibition of Insider Trading) Regulations, 2015"
19-Dec-2017 16:01:00,Outcome of Board Meeting,"Tata Steel Limited has informed the Exchange regarding Outcome of Board Meeting held on December 19, 2017."
05-Dec-2017 17:59:00,Analysts/Institutional Investor Meet/Con. Call Updates,Tata Steel Limited has informed the Exchange regarding Analysts/Institutional Investor Meet/Con. Call Updates
01-Dec-2017 16:15:00,Acquisition,Tata Steel Limited has informed the Exchange regarding Share Purchase Agreement for acquisition of 74% Equity shares of Bhubaneshwar Power Private Limited.
01-Dec-2017 15:02:00,Analysts/Institutional Investor Meet/Con. Call Updates,Tata Steel Limited has informed the Exchange regarding Analysts/Institutional Investor Meet/Con. Call Updates
28-Nov-2017 18:04:00,Analysts/Institutional Investor Meet/Con. Call Updates,Tata Steel Limited has informed the Exchange regarding Analysts/Institutional Investor Meet/Con. Call Updates
22-Nov-2017 16:35:00,Analysts/Institutional Investor Meet/Con. Call Updates,Tata Steel Limited has informed the Exchange regarding Analysts/Institutional Investor Meet/Con. Call Updates
21-Nov-2017 13:19:00,Analysts/Institutional Investor Meet/Con. Call Updates,Tata Steel Limited has informed the Exchange regarding Analysts/Institutional Investor Meet/Con. Call Updates
15-Nov-2017 12:46:00,Analysts/Institutional Investor Meet/Con. Call Updates,Tata Steel Limited has informed the Exchange regarding Analysts/Institutional Investor Meet/Con. Call Updates
10-Nov-2017 15:05:00,Analysts/Institutional Investor Meet/Con. Call Updates,Tata Steel Limited has informed the Exchange regarding Analysts/Institutional Investor Meet/Con. Call Updates
03-Nov-2017 22:43:00,Analysts/Institutional Investor Meet/Con. Call Updates,Tata Steel Limited has informed the Exchange regarding Analysts/Institutional Investor Meet/Con. Call Updates
31-Oct-2017 13:56:00,Press Release,"Tata Steel Limited has informed the Exchange regarding a press release dated October 31, 2017, titled ""Tata Steel elevates Mr. T V Narendran as CEO & Managing Director""."
30-Oct-2017 20:46:00,Analysts/Institutional Investor Meet/Con. Call Updates,Tata Steel Limited has informed the Exchange regarding Analysts/Institutional Investor Meet/Con. Call Updates
30-Oct-2017 19:44:00,Updates,"Tata Steel Limited has informed the Exchange regarding 'Details of Non-Convertible Debentures for the half year ended September 30, 2017.'."
30-Oct-2017 19:09:00,Analysts/Institutional Investor Meet/Con. Call Updates,Tata Steel Limited has informed the Exchange regarding Analysts/Institutional Investor Meet/Con. Call Updates
30-Oct-2017 18:40:00,Outcome of Board Meeting,"Tata Steel Limited has informed the Exchange regarding Outcome of Board Meeting held on October 30, 2017."
30-Oct-2017 18:37:00,Outcome of Board Meeting,"Tata Steel Limited has informed the Exchange regarding Outcome of Board Meeting held on October 30, 2017."
30-Oct-2017 18:28:34,Financial Result Updates,"Tata Steel Limited has submitted to the Exchange, the financial results for the period ended September 30, 2017."
28-Oct-2017 17:10:00,Analysts/Institutional Investor Meet/Con. Call Updates,Tata Steel Limited has informed the Exchange regarding Analysts/Institutional Investor Meet/Con. Call Updates
12-Oct-2017 12:03:00,Analysts/Institutional Investor Meet/Con. Call Updates,Tata Steel Limited has informed the Exchange regarding Analysts/Institutional Investor Meet/Con. Call Updates
11-Oct-2017 18:22:00,Updates,Tata Steel Limited has informed the Exchange regarding 'Expiry of share purchase agreement with amtc for acquisition of brahmani river pellets limited.'.
11-Oct-2017 16:57:00,Press Release,"Tata Steel Limited has informed the Exchange regarding a press release dated October 11, 2017, titled ""Tata Steel strengthens position in low-carbon future technology""."
11-Oct-2017 11:52:00,Analysts/Institutional Investor Meet/Con. Call Updates,Tata Steel Limited has informed the Exchange regarding Analysts/Institutional Investor Meet/Con. Call Updates
05-Oct-2017 16:51:00,Press Release,"Tata Steel Limited has informed the Exchange regarding a press release dated October 05, 2017, titled ""Tata Steel��s Q2 & H1 FY18 Key Production and Sales Figure (Provisional)""."
30-Sep-2017 09:30:00,Analysts/Institutional Investor Meet/Con. Call Updates,Tata Steel Limited has informed the Exchange regarding Analysts/Institutional Investor Meet/Con. Call Updates
22-Sep-2017 17:39:00,Analysts/Institutional Investor Meet/Con. Call Updates,Tata Steel Limited has informed the Exchange regarding Analysts/Institutional Investor Meet/Con. Call Updates
22-Sep-2017 16:51:00,Trading Window,"Tata Steel Limited has informed the Exchange regarding the Trading Window closure pursuant to SEBI (Prohibition of Insider Trading) Regulations, 2015"
20-Sep-2017 15:23:00,Analysts/Institutional Investor Meet/Con. Call Updates,Tata Steel Limited has informed the Exchange regarding Analysts/Institutional Investor Meet/Con. Call Updates
20-Sep-2017 10:58:00,Analysts/Institutional Investor Meet/Con. Call Updates,Tata Steel Limited has informed the Exchange regarding Analysts/Institutional Investor Meet/Con. Call Updates
20-Sep-2017 09:53:00,Press Release,"Tata Steel Limited has informed the Exchange regarding a press release dated September 20, 2017, titled ""Tata Steel and thyssenkrupp sign Memorandum of Understanding to create a leading European steel"
18-Sep-2017 13:10:00,Analysts/Institutional Investor Meet/Con. Call Updates,Tata Steel Limited has informed the Exchange regarding Analysts/Institutional Investor Meet/Con. Call Updates
11-Sep-2017 17:25:00,Press Release,"Tata Steel Limited has informed the Exchange regarding a press release dated September 11, 2017, titled ""Tata Steel statement on completion of RAA announcement""."
08-Sep-2017 17:18:00,Appointment of Company Secretary,Tata Steel Limited has informed the Exchange regarding Appointment of Interim Company Secretary.
01-Sep-2017 20:28:00,Analysts/Institutional Investor Meet/Con. Call Updates,Tata Steel Limited has informed the Exchange regarding Analysts/Institutional Investor Meet/Con. Call Updates
01-Sep-2017 20:20:00,Change in Director(s),Tata Steel Limited has informed the Exchange regarding Change in Director(s) of the company.
21-Aug-2017 15:37:00,Analysts/Institutional Investor Meet/Con. Call Updates,Tata Steel Limited has informed the Exchange regarding Analysts/Institutional Investor Meet/Con. Call Updates
16-Aug-2017 18:26:00,Analysts/Institutional Investor Meet/Con. Call Updates,Tata Steel Limited has informed the Exchange regarding Analysts/Institutional Investor Meet/Con. Call Updates
11-Aug-2017 16:54:00,Press Release,"Tata Steel Limited has informed the Exchange regarding a press release dated August 11, 2017, titled ""Tata Steel UK Limited signs documentation for a Regulated Apportionment Arrangement in relation to"
09-Aug-2017 00:22:00,Shareholders meeting,"Tata Steel Limited has informed the Exchange regarding Proceedings of Annual General Meeting held on August 08, 2017. Further, the company has submitted the Exchange a copy of Srutinizers report along"
07-Aug-2017 19:16:00,Analysts/Institutional Investor Meet/Con. Call Updates,Tata Steel Limited has informed the Exchange regarding Analysts/Institutional Investor Meet/Con. Call Updates
07-Aug-2017 17:51:00,Appointment,"Tata Steel Limited has informed the Exchange regarding Appointment of Mr Saurabh Agrawal as Non- Executive Director of the company w.e.f. August 10, 2017."
07-Aug-2017 17:41:00,Outcome of Board Meeting,"Tata Steel Limited has informed the Exchange regarding Outcome of Board Meeting held on August 07, 2017."
07-Aug-2017 17:29:18,Financial Result Updates,"Tata Steel Limited has submitted to the Exchange, the financial results for the period ended June 30, 2017."
04-Aug-2017 12:36:00,Analysts/Institutional Investor Meet/Con. Call Updates,Tata Steel Limited has informed the Exchange regarding Analysts/Institutional Investor Meet/Con. Call Updates
01-Aug-2017 15:12:00,Press Release,"Tata Steel Limited has informed the Exchange regarding a press release dated August 01, 2017, titled ""Tata Steel completes the sale of its Hartlepool SAW pipe mills""."
14-Jul-2017 08:16:00,Updates,Tata Steel Limited has submitted to the Exchange a copy of  Integrated Report and Annual Accounts.
14-Jul-2017 08:13:00,Shareholders meeting,"Tata Steel Limited has informed the Exchange regarding Notice of Annual General Meeting to be held on August 08, 2017"
12-Jul-2017 07:36:00,Diversification/Disinvestment,"Tata Steel Limited has informed the Exchange regarding Sale of 50% joint venture interest, Tata Elastron S.A."
11-Jul-2017 15:27:00,Analysts/Institutional Investor Meet/Con. Call Updates,Tata Steel Limited has informed the Exchange regarding Analysts/Institutional Investor Meet/Con. Call Updates
11-Jul-2017 14:40:00,Press Release,"Tata Steel Limited has informed the Exchange regarding a press release dated July 11, 2017, titled ""Tata Steel signs definitive agreement with Liberty House Group for the sale of its Hartlepool SAW pi"
05-Jul-2017 16:16:00,Analysts/Institutional Investor Meet/Con. Call Updates,Tata Steel Limited has informed the Exchange regarding Analysts/Institutional Investor Meet/Con. Call Updates
01-Jul-2017 18:38:00,Press Release,"Tata Steel Limited has informed the Exchange regarding a press release dated July 01, 2017, titled ""Tata Steel s Q1 FY18 Key Production and Sales Figure (Provisional)""."
23-Jun-2017 17:45:00,Updates,Tata Steel Limited has informed the Exchange regarding Sale of equity shares of the Tata Motors Limited.
23-Jun-2017 14:48:00,Trading Window,"Tata Steel Limited has informed the Exchange regarding the Trading Window closure pursuant to SEBI (Prohibition of Insider Trading) Regulations, 2015"
21-Jun-2017 18:30:00,Financial Results Updates,Tata Steel Limited has informed the Exchange regarding Quarterly Results 2017-18.
19-Jun-2017 17:17:00,Updates,Tata Steel Limited has submitted to the Exchange a copy of  advertisement for Transfer of Equity Shares of the Company to Investor Education and Protection Fund ( IEPF).
19-Jun-2017 08:15:00,Updates,"Tata Steel Limited has informed the Exchange that the Company proposes to sell 8,36,37,697 Equity Shares of face value of Rs. 2/- each of Tata Motors Limited to Tata Sons Limited. The transaction is e"
12-Jun-2017 16:52:00,Analysts/Institutional Investor Meet/Con. Call Updates,Tata Steel Limited has informed the Exchange regarding Analysts/Institutional Investor Meet/Con. Call Updates
09-Jun-2017 15:18:00,Analysts/Institutional Investor Meet/Con. Call Updates,Tata Steel Limited has informed the Exchange regarding Analysts/Institutional Investor Meet/Con. Call Updates
08-Jun-2017 16:28:00,Analysts/Institutional Investor Meet/Con. Call Updates,Tata Steel Limited has informed the Exchange regarding Analysts/Institutional Investor Meet/Con. Call Updates
31-May-2017 16:55:00,Analysts/Institutional Investor Meet/Con. Call Updates,Tata Steel Limited has informed the Exchange regarding Analysts/Institutional Investor Meet/Con. Call Updates
29-May-2017 15:53:00,Analysts/Institutional Investor Meet/Con. Call Updates,Tata Steel Limited has informed the Exchange regarding Analysts/Institutional Investor Meet/Con. Call Updates
22-May-2017 16:39:00,Analysts/Institutional Investor Meet/Con. Call Updates,Tata Steel Limited has informed the Exchange regarding Analysts/Institutional Investor Meet/Con. Call Updates
16-May-2017 19:27:00,AGM/Book Closure,"Tata Steel Limited has informed the Exchange that the Register of Members and Share Transfer Books of the Company shall remain closed from July 22, 2017 to August 8, 2017 (both days inclusive) for the"
16-May-2017 18:35:00,Analysts/Institutional Investor Meet/Con. Call Updates,Tata Steel Limited has informed the Exchange regarding Analysts/Institutional Investor Meet/Con. Call Updates
16-May-2017 18:21:00,Outcome of Board Meeting,"Tata Steel Limited has informed the Exchange regarding Outcome of Board Meeting held on May 16, 2017."
16-May-2017 18:10:00,Outcome of Board Meeting,"Tata Steel Limited has informed the Exchange regarding Outcome of Board Meeting held on May 16, 2017."
16-May-2017 18:02:48,Financial Result Updates,"Tata Steel Limited has submitted to the Exchange, the financial results for the period ended March 31, 2017."
16-May-2017 17:56:00,Dividend,"Tata Steel Limited has informed the Exchange that Board of Directors at its meeting held on May 16, 2017, recommended Final Dividend of Rs. 10 per equity share."
15-May-2017 16:09:00,Analysts/Institutional Investor Meet/Con. Call Updates,Tata Steel Limited has informed the Exchange regarding Analysts/Institutional Investor Meet/Con. Call Updates
02-May-2017 14:42:00,Press Release,"Tata Steel Limited has informed the Exchange regarding a press release dated May 02, 2017, titled ""Sale of Speciality Steel UK Limited""."
21-Apr-2017 08:52:00,Outcome of Board Meeting,"Tata Steel Limited has informed the Exchange that the Board of Directors at the meeting held April 20, 2017 has reviewed the performance, capital structure and financing plan of the Company. Based on "
12-Apr-2017 18:17:00,Analysts/Institutional Investor Meet/Con. Call Updates,Tata Steel Limited has informed the Exchange regarding Analysts/Institutional Investor Meet/Con. Call Updates
11-Apr-2017 19:11:00,Updates,Tata Steel Limited has informed the Exchange regarding Advertisement published in newspaper Education and protection Funds rules.
10-Apr-2017 18:43:00,Disc. under Reg.30 of SEBI (SAST) Reg.2011,"Tata Sons Limited has submitted to the Exchange the discosure under regulation 30(1) and 30(2) of SEBI(SAST)regulations, 2011"
07-Apr-2017 21:10:00,Analysts/Institutional Investor Meet/Con. Call Updates,Tata Steel Limited has informed the Exchange regarding Analysts/Institutional Investor Meet/Con. Call Updates
03-Apr-2017 18:50:00,Analysts/Institutional Investor Meet/Con. Call Updates,Tata Steel Limited has informed the Exchange regarding Analysts/Institutional Investor Meet/Con. Call Updates
01-Apr-2017 13:31:00,Press Release,"Tata Steel Limited has informed the Exchange regarding a press release dated April 01, 2017, titled ""Tata Steel s Q4 & consolidated FY17 Key Production and Sales Figure (Provisional)""."
31-Mar-2017 12:04:00,Updates,"Tata Steel Limited has informed the Exchange regarding Sale of Indirect Subsidiary, Kalzip Guangzhou Limited."
30-Mar-2017 08:47:00,Change in Director(s),"Tata Steel Limited has informed the Exchange regarding ""Changes to the Board of Directors of the Company""."
29-Mar-2017 17:09:00,Analysts/Institutional Investor Meet/Con. Call Updates,Tata Steel Limited has informed the Exchange regarding Analysts/Institutional Investor Meet/Con. Call Updates
24-Mar-2017 17:10:00,Trading Window,"Tata Steel Limited has informed the Exchange that Pursuant to the Company's Code for Prevention of Insider Trading, the Trading Window for dealing in the Company's securities will remain closed betwee"
17-Mar-2017 17:51:00,Analysts/Institutional Investor Meet/Con. Call Updates,Tata Steel Limited has informed the Exchange regarding Analysts/Institutional Investor Meet/Con. Call Updates
14-Mar-2017 15:48:00,Analysts/Institutional Investor Meet/Con. Call Updates,Tata Steel Limited has informed the Exchange regarding Analysts/Institutional Investor Meet/Con. Call Updates
07-Mar-2017 20:55:00,Press Release,"Tata Steel Limited has informed the Exchange regarding a press release dated March 07, 2017, titled ""Completion of pension consultation process and closure of defined benefit scheme to future accrual"""
06-Mar-2017 15:08:00,Clarification,Tata Steel Limited has informed the Exchange regarding News Clarification.
28-Feb-2017 11:39:00,Press Release,"Tata Steel Limited has informed the Exchange regarding a press release dated February 28, 2017, titled ""Tata Steel s First Greenfield Ferro-Chrome Plant in India at Gopalpur Starts Production""."
24-Feb-2017 12:02:00,Analysts/Institutional Investor Meet/Con. Call Updates,Tata Steel Limited has informed the Exchange regarding Analysts/Institutional Investor Meet/Con. Call Updates
16-Feb-2017 08:31:00,Updates,"Tata Steel Limited has informed the Exchange that the National Trade Union Steel Coordinating Committee (Steel Committee) in the UK has announced with its statement dated February 15, 2017 that its me"
15-Feb-2017 17:51:00,Analysts/Institutional Investor Meet/Con. Call Updates,Tata Steel Limited has informed the Exchange regarding Analysts/Institutional Investor Meet/Con. Call Updates
10-Feb-2017 14:40:00,Analysts/Institutional Investor Meet/Con. Call Updates,Tata Steel Limited has informed the Exchange regarding Analysts/Institutional Investor Meet/Con. Call Updates
09-Feb-2017 17:35:00,Press Release,"Tata Steel Limited has informed the Exchange regarding a press release dated February 09, 2017, titled ""Tata Steel signs definitive agreement with Liberty House Group for the sale of its Speciality St"
07-Feb-2017 19:19:00,Analysts/Institutional Investor Meet/Con. Call Updates,Tata Steel Limited has informed the Exchange regarding Analysts/Institutional Investor Meet/Con. Call Updates
07-Feb-2017 17:12:00,Outcome of Board Meeting,"Tata Steel Limited has informed the Exchange regarding Outcome of Board Meeting of the Company held on February 07, 2017."
07-Feb-2017 17:07:47,Financial Result Updates,"Tata Steel Limited has submitted to the Exchange, the financial results for the period ended December 31, 2016."
05-Feb-2017 18:58:00,Analysts/Institutional Investor Meet/Con. Call Updates,Tata Steel Limited has informed the Exchange regarding Analysts/Institutional Investor Meet/Con. Call Updates
25-Jan-2017 14:50:00,Press Release,"Tata Steel Limited has informed the Exchange regarding a press release dated January 25, 2017, titled ""Tata Steel executes definitive agreements to acquire majority stake in a port company""."
25-Jan-2017 13:20:00,Acquisition,"Tata Steel Limited has informed the Exchange regarding Definitive agreement for development of Subarnarekha Port and acquisition of 51% equity shares of Creative Port Development Private Limited (""CPD"
19-Jan-2017 15:24:00,Credit Rating,Tata Steel Limited has informed the Exchange regarding Credit Rating revision
16-Jan-2017 10:09:00,Analysts/Institutional Investor Meet/Con. Call Updates,Tata Steel Limited has informed the Exchange regarding Analysts/Institutional Investor Meet/Con. Call Updates
13-Jan-2017 19:57:00,Appointment of Director,Tata Steel Limited has informed the Exchange regarding Appointment of Mr. N. Chandrasekaran as Additional Director of the Company.
09-Jan-2017 11:56:00,Press Release,"Tata Steel Limited has informed the Exchange regarding a press release dated January 09, 2017, titled ""Tata Steel s Q3 FY17 Key Production and Sales Figure ""."
09-Jan-2017 11:08:00,Press Release,"Tata Steel Limited has informed the Exchange regarding a press release dated January 06, 2017, titled ""Tata Steel inaugurates Cold Rolling Mill Complex BARA Phase II""."
03-Jan-2017 19:48:00,Analysts/Institutional Investor Meet/Con. Call Updates,Tata Steel Limited has informed the Exchange regarding Analysts/Institutional Investor Meet/Con. Call Updates
03-Jan-2017 13:32:00,Analysts/Institutional Investor Meet/Con. Call Updates,Tata Steel Limited has informed the Exchange regarding Analysts/Institutional Investor Meet/Con. Call Updates
23-Dec-2016 17:35:00,Trading Window,"Tata Steel Limited has informed the Exchange that Pursuant to the Company s Code for Prevention of Insider Trading, the Trading Window for dealing in the Company s securities will remain closed betwee"
23-Dec-2016 13:50:00,Acquisition,"Tata Steel Limited has informed the Exchange that the Company on December 23, 23, 2016 executed definitive agreements to acquire 100% equity shares of Brahmani River Pellets Limited (SRPL) from Aryan "
23-Dec-2016 13:44:00,Press Release,"Tata Steel Limited has informed the Exchange regarding a press release dated December 23, 2016, titled ""Tata Steel Limited executes definitive agreement to acquire 100% equity of Odisha based Brahmani"
23-Dec-2016 10:26:00,Analysts/Institutional Investor Meet/Con. Call Updates,Tata Steel Limited has informed the Exchange regarding Analysts/Institutional Investor Meet/Con. Call Updates
22-Dec-2016 03:32:00,Shareholders meeting,"Tata Steel Limited has informed the Exchange regarding Proceedings of Extraordinary General Meeting held on December 21, 2016. Further, the company has submitted the Exchange a copy of Srutinizers rep"
19-Dec-2016 20:05:00,Cessation,"Tata Steel Limited has informed the Exchange that Mr. Cyrus P. Mistry, Member of the Board of Directors (Board) of Tata Steel Limited has stepped down from the Board with immediate effect."
19-Dec-2016 08:06:00,Updates,"Tata Steel Limited has informed the Exchange vide letter dated December 17, 2016 ""This has reference to our disclosure dated December 15, 2016 informing the exchange of the Company being served with a"
16-Dec-2016 10:46:00,News Clarification,The Exchange had sought clarification from the Company with respect to recent news item captioned Minority Shareholders move Bombay HC against Nusli Wadia s removal. The response from the Company is a
15-Dec-2016 14:33:00,Updates,"Tata Steel Limited has informed the Exchange that the Company has on December 15, 2016 been served with a copy of the plaint in Suit No (L) 1119 of 2016 filed by Mr. Janak Mathuradas & Ors against Uni"
15-Dec-2016 11:21:00,News Clarification,"The Exchange has sought clarification from the Company with respect to recent news item captioned Minority Shareholders move Bombay HC against Nusli Wadia s removal. In this regard, Exchange has advis"
14-Dec-2016 23:46:00,Analysts/Institutional Investor Meet/Con. Call Updates,Tata Steel Limited has informed the Exchange regarding Analysts/Institutional Investor Meet/Con. Call Updates
14-Dec-2016 21:49:00,Analysts/Institutional Investor Meet/Con. Call Updates,Tata Steel Limited has informed the Exchange regarding Analysts/Institutional Investor Meet/Con. Call Updates
13-Dec-2016 20:26:00,Analysts/Institutional Investor Meet/Con. Call Updates,Tata Steel Limited has informed the Exchange regarding Analysts/Institutional Investor Meet/Con. Call Updates
13-Dec-2016 11:37:00,Updates,"Tata Steel Limited has informed the Exchange vide letter dated December 13, 2016 regarding Representation of Mr. Nusli N. Wadia."
12-Dec-2016 09:51:00,Analysts/Institutional Investor Meet/Con. Call Updates,Tata Steel Limited has informed the Exchange regarding Analysts/Institutional Investor Meet/Con. Call Updates
09-Dec-2016 10:13:00,Analysts/Institutional Investor Meet/Con. Call Updates,Tata Steel Limited has informed the Exchange regarding Analysts/Institutional Investor Meet/Con. Call Updates
07-Dec-2016 22:01:00,Press Release,"Tata Steel Limited has informed the Exchange regarding a press release dated December 07, 2016, titled ""Tata Steel UK reaches agreement with the trade unions to progress towards the closure of its def"
07-Dec-2016 18:33:00,Diversification/Disinvestment,"Tata Steel Limited has informed the Exchange regarding Sale of Indirect Subsidiary, TM Harbour Services Private Limited."
07-Dec-2016 18:07:00,Press Release,"Tata Steel Limited has informed the Exchange regarding a press release dated December 07, 2016, titled ""TMILL, a subsidiary of Tata Steel sells its tug business to Adani Ports""."
06-Dec-2016 12:47:00,Meeting Updates,"Tata Steel Limited has informed the Exchange ''This has reference to letter dated November 26, 2016 enclosing the Notice convening the Extraordinary General Meeting (EGM) of the Members of Tata Steel "
28-Nov-2016 16:01:00,Press Release,"Tata Steel Limited has informed the Exchange regarding a press release dated November 28, 2016, titled ""Letter of Intent signed for potential sale of Tata Steel UK s Speciality Steels business""."
26-Nov-2016 02:39:00,Shareholders meeting,"Tata Steel Limited has informed the Exchange regarding Notice of Extraordinary General Meeting to be held on December 21, 2016"
25-Nov-2016 19:20:00,Updates,"Tata Steel Limited has informed the Exchange that the Board of Directors of the Company at the meeting held on November 11, 2016 took note of the leadership changes at Tata Sons Limited as well as the"
25-Nov-2016 18:56:00,Outcome of Board Meeting,"Tata Steel Limited has informed the Exchange regarding the Outcome of Board Meeting of the Company held on November 25, 2016."
21-Nov-2016 12:02:00,Analysts/Institutional Investor Meet/Con. Call Updates,Tata Steel Limited has informed the Exchange regarding Analysts/Institutional Investor Meet/Con. Call Updates
14-Nov-2016 17:05:00,Analysts/Institutional Investor Meet/Con. Call Updates,Tata Steel Limited has informed the Exchange regarding Analysts/Institutional Investor Meet/Con. Call Updates
11-Nov-2016 21:24:00,Analysts/Institutional Investor Meet/Con. Call Updates,Tata Steel Limited has informed the Exchange regarding Analysts/Institutional Investor Meet/Con. Call Updates
11-Nov-2016 19:22:00,Press Release,"Tata Steel Limited has informed the Exchange regarding a press release dated November 11, 2016, titled ""Tata Steel reports financial results for the quarter ended September 30, 2016 (Q2FY17) and half "
11-Nov-2016 18:22:46,Financial Result Updates,"Tata Steel Limited has submitted to the Exchange, the financial results for the period ended September 30, 2016."
11-Nov-2016 17:26:00,Updates,"Tata Steel Limited has informed the Exchange that the Company November 11, 2016 received from Tata Sons Limited (Promoter and the principal shareholder) the following : (1). Requisition in terms of Se"
09-Nov-2016 13:23:00,Analysts/Institutional Investor Meet/Con. Call Updates,Tata Steel Limited has informed the Exchange regarding Analysts/Institutional Investor Meet/Con. Call Updates
01-Nov-2016 08:26:00,Credit Rating,"Tata Steel Limited has informed the Exchange regarding ""Intimation of Revision in Ratings""."
28-Oct-2016 08:17:00,Press Release,"Tata Steel Limited has informed the Exchange regarding a press release dated October 27, 2016 titled ""Tata Steel announces equity partnership for its Canadian Iron Ore Mines, significant milestone in "
27-Oct-2016 09:34:00,News Clarification,The Exchange had sought clarification from the Company with respect to recent news item captioned ''Ousted Tata Chief Says Group Faces $18 Billion in Writedowns''. The response from the Company is enc
27-Oct-2016 08:21:00,Analysts/Institutional Investor Meet/Con. Call Updates,Tata Steel Limited has informed the Exchange regarding Intimation of Schedule of Analyst / Institutional Investor Meetings.
26-Oct-2016 18:59:00,News Clarification,"The Exchange has sought clarification from the Company with respect to recent news item captioned ''Ousted Tata Chief Says Group Faces $18 Billion in Writedowns''. In this regard, Exchange has advised"
25-Oct-2016 10:41:00,Updates,"Tata Steel Limited has informed the Exchange that vide letter dated October 24, 2016, Tata Sons Limited has informed the Company that at its Board Meeting held on October 24, 2016, Mr. Cyrus P Mistry "
20-Oct-2016 16:39:00,Analysts/Institutional Investor Meet/Con. Call Updates,Tata Steel Limited has informed the Exchange regarding Schedule of Analyst / Institutional Investor Meetings
17-Oct-2016 11:17:00,Analysts/Institutional Investor Meet/Con. Call Updates,Tata Steel Limited has informed the Exchange regarding Schedule of Analyst / Institutional Investor Meetings
12-Oct-2016 17:58:00,Analysts/Institutional Investor Meet/Con. Call Updates,"Tata Steel Limited has informed the Exchange regarding Schedule of Analyst / Institutional Investor Meetings under the SEBI (Listing Obligations and Disclosure Requirements), Regulations, 2015"
06-Oct-2016 19:52:00,Press Release,"Tata Steel Limited has informed the Exchange regarding a press release dated October 06, 2016 titled ""Tata Steel's Q2 FY 17 Key Production and Sales Figures"" ."
04-Oct-2016 19:08:00,Allotment of Securities,"Tata Steel Limited has informed the Exchange that the Committee of Directors on October 04, 2016 allotted 8.15%, Unsecured, Redeemable Non-Convertible Debentures having a face value of INR 10,00,000 e"
29-Sep-2016 18:21:00,Issue of Securities,"Tata Steel Limited has informed the Exchange regarding the Outcome of Board Meeting of the Company held on September 29, 2016."
29-Sep-2016 18:17:00,Analysts/Institutional Investor Meet/Con. Call Updates,Tata Steel Limited has informed the Exchange regarding Schedule of Analyst / Institutional Investor Meetings.
28-Sep-2016 12:06:00,Trading Window,"Tata Steel Limited has informed the Exchange that Pursuant to the Company's Code for Prevention of Insider Trading, the Trading Window for dealing in the Company's securities will remain closed betwee"
26-Sep-2016 19:26:00,Analysts/Institutional Investor Meet/Con. Call Updates,Tata Steel Limited has informed the Exchange regarding Schedule of Analyst / Institutional Investor Meetings.
21-Sep-2016 18:31:00,Analysts/Institutional Investor Meet/Con. Call Updates,Tata Steel Limited has informed the Exchange regarding Schedule of Analyst / Institutional Investor Meetings.
19-Sep-2016 18:28:00,Analysts/Institutional Investor Meet/Con. Call Updates,"Tata Steel Limited has informed the Exchange regarding Schedule of Analyst / Institutional Investor Meetings to be held on September 20, 2016."
19-Sep-2016 12:30:00,Analysts/Institutional Investor Meet/Con. Call Updates,Tata Steel Limited has informed the Exchange regarding Schedule of Analyst / Institutional Investor Meetings.
14-Sep-2016 12:56:00,Analysts/Institutional Investor Meet/Con. Call Updates,Tata Steel Limited has informed the Exchange regarding Schedule of Analyst / Institutional Investor Meetings
12-Sep-2016 19:56:00,Analysts/Institutional Investor Meet/Con. Call Updates,"Tata Steel Limited has informed the Exchange regarding presentation made to analysts/investors on the Results for quarter ended June 30, 2016."
12-Sep-2016 15:54:26,Financial Result Updates,"Tata Steel Limited has submitted to the Exchange the consolidated financial results along with the Limited Review Report for the period ended June 30, 2016."
12-Sep-2016 15:48:59,Financial Result Updates,"Tata Steel Limited has submitted to the Exchange the standalone financial results along with the Auditors Report for the period ended June 30, 2016."
12-Sep-2016 15:47:00,Outcome of Board Meeting,"Tata Steel Limited has informed the Exchange regarding Outcome of Board Meeting of the Company held on September 12, 2016. Further submitted a copy of Press Release."
09-Sep-2016 13:34:00,Analysts/Institutional Investor Meet/Con. Call Updates,Tata Steel Limited has informed the Exchange regarding Schedule of Analyst / Institutional Investor Meetings.
13-Aug-2016 11:35:00,"Regulation 44(3) of SEBI (LODR), Reg., 2015","Tata Steel Limited has submitted to the Exchange a copy of the proceedings and voting results of the Annual General Meeting of the Company held on August 12, 2016."
02-Aug-2016 08:33:00,News Verification,"The Exchange has sought clarification from Tata Steel Limited with respect to recent news item captioned ""Sale of most of the UK business including its largest plant Port Talbot will be stalled"" . The"
01-Aug-2016 15:53:00,News Verification,"The Exchange has sought clarification from Tata Steel Limited with respect to recent news item captioned ""Sale of most of the UK business including its largest plant Port Talbot will be stalled"" . In "
27-Jul-2016 08:30:00,Press Release,"Tata Steel Limited has informed the Exchange regarding Press Release dated July 26, 2016 titled "" Que bec Supports the implementation of a Tata Steel Minerals Canada (TSMC) investment project in Schef"
26-Jul-2016 17:54:00,Press Release,"Tata Steel Limited has informed the Exchange regarding a press release dated July 26, 2016 titled ""Tata Steel's Q1 FY 17 Key Production and Sales Figures""."
21-Jul-2016 12:11:00,Analysts Meet,Tata Steel Limited has informed the Exchange regarding Schedule of Analyst / Institutional Investor Meetings.
18-Jul-2016 16:28:00,Annual General Meeting Updates,"Tata Steel Limited has submitted to the Exchange a copy of notice of Annual General Meeting of the members of the Company to be held on August 12, 2016."
18-Jul-2016 15:36:00,Updates,Tata Steel Limited has submitted to the Exchange a copy of the Integrated Report and Annual Accounts of the Company for Financial Year 2015-16.
14-Jul-2016 11:12:00,Analysts Meet,Tata Steel Limited has informed the Exchange regarding the Schedule of Analyst / Institutional Investor Meetings.
09-Jul-2016 12:36:00,Press Release,"Tata Steel Limited has informed the Exchange regarding Press Release dated July 08, 2016 titled ""Tata Steel announces developments regarding the strategy for its European businesses""."
04-Jul-2016 12:29:00,Press Release,"Tata Steel Limited has informed the Exchange regarding a press release dated July 04, 2016 titled ""Tata Steel's Q1 FY 17 Key Production Figures (Provisional)""."
28-Jun-2016 15:32:00,Analysts Meet,Tata Steel Limited has informed the Exchange regarding the Intimation of Schedule of Analyst / Institutional Investor Meetings.
23-Jun-2016 18:44:00,Trading Window,"Tata Steel Limited has informed the Exchange that Pursuant to the Company's Code for Prevention of Insider Trading, the Trading Window for dealing in the Company's securities will remain closed betwee"
22-Jun-2016 17:46:00,Analysts Meet,Tata Steel Limited has informed the Exchange regarding Schedule of Analyst / Institutional Investor Meetings.
16-Jun-2016 14:52:00,Analysts Meet,Tata Steel Limited has informed the Exchange regarding the Intimation of Schedule of Analyst / Institutional Investor Meetings.
15-Jun-2016 13:37:00,Analysts Meet,Tata Steel Limited has informed the Exchange regarding the Schedule of Analyst / Institutional Investor Meetings.
14-Jun-2016 14:34:00,Analysts Meet,Tata Steel Limited has informed the Exchange regarding Intimation of Schedule of Analyst / Institutional Investor Meetings.
13-Jun-2016 09:54:00,Analysts Meet,"Tata Steel Limited has informed the Exchange vide letter dated June 13, 2016 regarding ""Intimation of Schedule of Analyst / Institutional Investor Meetings""."
07-Jun-2016 13:28:00,Analysts Meet,Tata Steel Limited has informed the Exchange regarding Intimation of Schedule of Analyst / Institutional Investor Meetings.
01-Jun-2016 08:21:00,Press Release,"Tata Steel Limited has informed the Exchange vide letter dated June 01, 2016 regarding a press release dated May 31, 2016 titled ""Tata Steel UK completes sale of Long Products Europe business to Greyb"
31-May-2016 10:35:00,Analysts Meet,Tata Steel Limited has informed the Exchange regarding Schedule of Analyst / Institutional Investor Meetings.
30-May-2016 11:25:00,Analysts Meet,"Tata Steel Limited has informed the Exchange regarding Schedule of Analyst / Institutional Investor Meetings under the SEBI (Listing Obligations and Disclosure Requirements), Regulations, 2015."
27-May-2016 11:01:00,Analysts Meet,Tata Steel Limited has informed the Exchange regarding the Analyst / Institutional Investor Meetings.
26-May-2016 17:14:00,Analysts Meet,"Tata Steel Limited has submitted to the Exchange a copy of presentation made to analysts/investors on the Results for quarter and year ended March 31, 2016."
26-May-2016 09:38:00,AGM/Book Closure,"Tata Steel Limited has informed the Exchange that the Register of Members & Share Transfer Books of the Company will remain closed from  July 30, 2016 to August 12, 2016(both days inclusive) for the p"
25-May-2016 20:06:00,Analysts Meet,"Tata Steel Limited has informed the Exchange the presentation made to analysts/investors on the Results for quarter and year ended March 31, 2016."
25-May-2016 20:04:00,Press Release,"Tata Steel Limited has informed the Exchange regarding a press release dated May 25, 2016 titled "" Tata Steel reports Financial Results for the fourth quarter and full year ended March 31, 2016 and an"
25-May-2016 20:03:00,Dividend,"Tata Steel Limited has informed the Exchange that the Board of Directors of the company in its meeting held on May 25, 2016 has recommended a dividend of Rs. 8/- per Equity (Ordinary) share of Rs.10 e"
25-May-2016 19:55:12,Financial Result Updates,"Tata Steel Limited has submitted to the Exchange the standalone & consolidated financial results along with the Auditors Report for the period ended March 31, 2016."
24-May-2016 12:50:00,Analysts Meet,"Tata Steel Limited has submitted to the Exchange a copy of the details of the Tata Steel 4Q F16 Earnings call scheduled to be held on May 25, 2016."
17-May-2016 14:29:00,Press Release,"Tata Steel Limited has informed the Exchange regarding a press release dated May 17, 2016, titled ""Scheme of Amalgamation of Tata Metaliks Limited and Tata Metaliks DI Pipes Limited with Tata Steel Li"
09-May-2016 20:31:00,Press Release,"Tata Steel Limited has informed the Exchange regarding a press release dated May 09, 2016, titled ""Seven expressions of interest for Tata Steel's UK business through to the next stage""."
26-Apr-2016 18:08:00,Analysts Meet,Tata Steel Limited has informed the Exchange regarding the Intimation of Schedule of Analyst / Institutional Investor Meetings.
20-Apr-2016 19:52:00,Press Release,"Tata Steel Limited has informed the Exchange regarding a press release dated April 20, 2016 titled ""Press Coverage regarding a potential Management Buy Out Bid for Tata Steel UK""."
20-Apr-2016 12:58:00,Analysts Meet,"Tata Steel Limited has informed the Exchange regarding the ""Schedule of Analyst/Institutional Investor Meetings""."
18-Apr-2016 15:33:00,Press Release,"Tata Steel Limited has informed the Exchange regarding a press release dated April 18, 2016  titled ""Appointment of CEO for Tata Steel UK and further advisers for sale process of Tata Steel UK ""."
12-Apr-2016 11:39:00,Disc. under Reg.30 of SEBI (SAST) Reg.2011,"Tata Sons Limited has submitted to the Exchange vide letter dated April 6, 2016 a copy of disclosure under Regulation 30(1) and 30(2) of SEBI (Substantial Acquisition of Shares & Takeovers) Regulation"
11-Apr-2016 16:42:00,Updates,"Tata Steel Limited has informed the Exchange vide letter dated April 11, 2016 regarding ""Appointment of Advisers for Sale Process of Tata Steel UK""."
11-Apr-2016 16:24:00,Press Release,"Tata Steel Limited has informed the Exchange regarding the press release dated April 11, 2016 titled "" Tata Steel UK agrees Sale and Purchase Agreement for Long Products Europe business""."
09-Apr-2016 11:40:00,Updates,"Tata Steel Limited has informed the Exchange vide letter dated April 09, 2016 regarding Media Reports on the Serious Fraud Office Investigations."
08-Apr-2016 16:58:00,Press Release,"Tata Steel Limited has informed the Exchange regarding a press release dated April 08, 2016 titled ""Tata Steel registers increase in performance in FY '16""."
06-Apr-2016 19:11:00,News Verification,"The Exchange has sought clarification from Tata Steel Limited with respect to recent news item captioned ""Company is on the verge of announcing the sale of its Scunthorpe unit to Greybull Capital and "
06-Apr-2016 13:51:00,News Verification,"The Exchange has sought clarification from Tata Steel Limited with respect to recent news item captioned ""Company is on the verge of announcing the sale of its Scunthorpe unit to Greybull Capital and "
04-Apr-2016 08:04:00,Credit Rating,"Tata Steel Limited has informed the Exchange regarding Intimation of Revision in Ratings under SEBI (Listing Obligations and Disclosure Requirements) Regulations, 2015"
30-Mar-2016 08:18:00,Press Release,"Tata Steel Limited has informed the Exchange vide letter dated March 30, 2016 regarding a press release dated March 29, 2016, titled ""Review of European Portfolio of Tata Steel""."
26-Mar-2016 12:37:00,Trading Window,"Tata Steel Limited has informed the Exchange that Pursuant to the Company s Code for Prevention of Insider Trading, the Trading Window for dealing in the Company s securities will remain closed betwee"
23-Mar-2016 15:26:00,Analysts Meet,Tata Steel Limited has informed the Exchange regarding the schedule of Analyst / Institutional Investor Meetings.
16-Mar-2016 12:29:00,Analysts Meet,Tata Steel Limited has informed the Exchange regarding schedule of Analyst / Institutional Investor Meetings under Regulation 30 (6) of the SEBI (Listing Obligations and Disclosure Requirements) Regul
15-Mar-2016 12:22:00,Analysts Meet,"Tata Steel Limited has informed the Exchange regarding Revised  Schedule of Analyst / Institutional Investor Meetings under the SEBI (Listing Obligations and Disclosure Requirements), Regulations, 201"
14-Mar-2016 20:31:00,Analysts Meet,Tata Steel Limited has informed the Exchange regarding schedule of Analyst / Institutional Investor Meetings.
03-Mar-2016 15:11:00,News Verification,"The Exchange has sought clarification from Tata Steel Limited with respect to recent news item captioned ""Tata Steel gets green nod for Rs.1,877-cr expansion project"". The Exchange, in order to verify"
03-Mar-2016 11:30:00,News Verification,"The Exchange has sought clarification from Tata Steel Limited with respect to recent news item captioned ""Tata Steel gets green nod for Rs.1,877-cr expansion project"". In this regard, Exchange have ad"
01-Mar-2016 16:17:00,Analysts Meet,"Tata Steel Limited has informed the Exchange regarding Schedule of Analyst / Institutional Investor Meetings under regulation 30 (6) of the SEBI (Listing Obligations and Disclosure Requirements ), Reg"
26-Feb-2016 14:59:00,Analysts Meet,"Tata Steel Limited has informed the Exchange vide letter dated February 26, 2016 regarding ""Schedule of Analyst / Institutional Investor Meeting""."
24-Feb-2016 19:15:00,Cessation,"Tata Steel Limited has informed the Exchange regarding a press release dated February 24, 2016 titled ""Tata Steel announces leadership changes in Europe""."
22-Feb-2016 18:15:00,Updates,"Tata Steel Limited has informed the Exchange regarding Schedule of Analyst / Institutional Investor Meeting under regulation 30 (6) of the SEBI (Listing Obligations and Disclosure Requirements), Regul"
15-Feb-2016 16:22:00,News Verification,"The Exchange had sought clarification from Tata Steel Limited with respect to recent news item captioned ""Tata Steel SEZ to invest over Rs. 2,000 cr to develop infra"". The Exchange, in order to verify"
15-Feb-2016 11:50:00,News Verification,"The Exchange has sought clarification from Tata Steel Limited, with respect to recent news item captioned ""Tata Steel SEZ to invest over Rs. 2,000 cr to develop infra"". In this regard, the Exchange ha"
11-Feb-2016 16:18:00,Credit Rating,Tata Steel Limited has informed the Exchange regarding the revision in the ratings for Company and its subsidiary.
09-Feb-2016 17:15:00,Analysts Meet,"Tata Steel Limited has informed the Exchange vide letter dated February 09, 2016 regarding ""schedule of Analyst / Institutional Investor Meetings""."
04-Feb-2016 19:52:00,Updates,Tata Steel Limited has submitted to the Exchange a copy of the presentation made to analysts/investors on Audited Standalone and Unaudited Consolidated Financial Results of the Company for the quarter
04-Feb-2016 18:33:48,Financial Result Updates,"Tata Steel Limited has submitted to the Exchange the consolidated financial results along with the Limited Review Report for the period ended December 31, 2015."
04-Feb-2016 18:32:12,Financial Result Updates,"Tata Steel Limited has submitted to the Exchange the standalone financial results along with the Auditors Report for the period ended December 31, 2015."
04-Feb-2016 18:30:00,Press Release,"Tata Steel Limited has informed the Exchange that the Board of Directors at the meeting held on February 4, 2016, approved the Audited Standalone and Unaudited Consolidated Financial Results of the Co"
01-Feb-2016 19:42:00,Analysts Meet,"Tata Steel Limited has informed the Exchange regarding Intimation of Schedule of Analyst / Institutional Investor Meetings under SEBI (Listing Obligations and Disclosure Requirements) Regulations, 201"
20-Jan-2016 19:28:00,Press Release,"Tata Steel Limited has informed the Exchange regarding the press release dated January 20, 2016 titled, ""Quebec inks an agreement-in-principle with TS Global Minerals Holdings."""
18-Jan-2016 16:42:00,Press Release,"Tata Steel Limited has informed the Exchange regarding a press release dated January 18, 2016 titled ""Tata Steel UK Limited announces cost reductions at its UK businesses to improve competitiveness""."
14-Jan-2016 08:17:00,Credit Rating,"Tata Steel Limited has informed the Exchange that Intimation of Revision in Ratings under the SEBI (Listing Obligations and Disclosure Requirements), Regulations, 2015"
11-Jan-2016 13:15:00,Press Release,"Tata Steel Limited has informed the Exchange regarding a press release dated January 11, 2016 titled ""Tata Steel's Q3 FY 2016 Key Production & Sales Figure""."
06-Jan-2016 19:55:00,Analysts Meet,Tata Steel Limited has informed the Exchange regarding the Intimation of Schedule of Analyst / Institutional Investor Meetings.
31-Dec-2015 14:26:00,Updates,Tata Steel Limited has submitted to the Exchange a copy of details of scheduled meetings with Fund/Broking Firm(s).
24-Dec-2015 17:30:00,Trading Window,"Tata Steel Limited has informed the Exchange that the Trading Window for dealing in the Company's securities, as required under the Code for Prevention of Insider Trading will remain closed between De"
22-Dec-2015 16:28:00,Press Release,"Tata Steel Limited has informed the Exchange regarding a press release dated December 22, 2015, titled ""Tata Steel UK Limited signs Letter of Intent regarding Long Products Europe Business""."
11-Dec-2015 12:49:00,Updates,Tata Steel Limited has informed the Exchange regarding the Intimation of Schedule of Analyst / Institutional Investor Meetings.
09-Dec-2015 10:58:00,Updates,"Tata Steel Limited has informed the Exchange regarding the Authorization under Regulation 30(5) of the SEBI (Listing Obligations and Disclosure Requirements), 2015."
07-Dec-2015 15:01:00,News Verification,"The Exchange has sought clarification from Tata Steel Limited with respect to recent news item captioned ""Tata Steel nears deal to sell UK plant, says report"". The Exchange, in order to verify the acc"
07-Dec-2015 12:00:00,News Verification,"The Exchange has sought clarification from Tata Steel Limited, with respect to recent news item captioned ""Tata Steel nears deal to sell UK plant, says report"". In this regard, the Exchange has advise"
02-Dec-2015 10:54:00,Press Release,"Tata Steel Limited has informed the Exchange regarding a press release dated December 02, 2015, titled""Tata Steel's wholly owned Singapore incorporated subsidiary executes agreements worth US$1.5 bill"
18-Nov-2015 12:35:00,Press Release,"Tata Steel Limited has informed the Exchange regarding a press release dated November 18, 2015 titled ""Tata Steel dedicates its Kalinganager plant to the State of Odisha""."
05-Nov-2015 16:42:00,Press Release,"Tata Steel Limited has informed the Exchange regarding a press release dated November 5, 2015 titled ""Tata Steel reports Consolidated Financial Results for the quarter and half year ended September 30"
05-Nov-2015 16:41:16,Financial Result Updates,Tata Steel Limited has submitted to the exchange the standalone & consolidated financial results along with the Auditors Report for the period ended 30-Sep-2015.
20-Oct-2015 15:02:00,Press Release,"Tata Steel Limited has informed the Exchange regarding a press release dated October 20 , 2015  titled ""Restructuring announced at Tata Steel's Long Products Europe business""."
09-Oct-2015 19:39:00,Press Release,"Tata Steel Limited has informed the Exchange regarding a Press Release dated October 09, 2015 titled '' Tata Steel's Q2 & H1 FY16 Key Production & Sales Figure''."
07-Oct-2015 15:59:00,Updates,"Tata Steel Limited has informed the Exchange that the Trustee of the British Steel Pension Scheme (the Scheme) and Tata Steel UK Limited (TSUK), an indirect subsidiary of Tata Steel Limited have concl"
05-Oct-2015 19:00:00,Press Release,"Tata Steel Limited has informed the Exchange regarding the press releases issued by New  Millennium Iron Corp. an associate of Tata Steel Limited, titled, 1) New Millennium Iron Corp. announces settle"
24-Sep-2015 17:44:00,Trading Window,"Tata Steel Limited has informed the Exchange that the Trading Window for dealing in the Company's securities, as required under the Code for Prevention of Insider Trading will remain closed between Se"
18-Sep-2015 17:33:00,Updates,"Tata Steel Limited has informed the Exchange that the Company, as part of its portfolio restructuring has on September 18, 2015, sold through off-market transaction 3,78,78,787 Ordinary Shares of the "
18-Sep-2015 12:45:00,Scheme of Arrangement,"Tata Steel Limited has informed the Exchange that Bombay High Court vide its order dated August 21, 2015 approved the Scheme of amalgamation between the Company and Tata Metaliks Limited and Tata Meta"
18-Sep-2015 10:46:00,Updates,"Tata Steel Limited has informed the Exchange that the Company as part of its portfolio restructuring has on September 18, 2015 sold 3,85,20,801 shares of Tata Motors Limited to institutional investors"
18-Sep-2015 08:19:00,Updates,"Tata Steel Limited has informed the Exchange that the Company based on the review of its portfolio, is proposing to sell equity shares of face value of Rs. 2 each of Tata Motors Limited to institution"
27-Aug-2015 10:15:00,Press Release,"Tata Steel Limited has informed the Exchange vide letter dated August 27, 2015 regarding a press release dated August 26, 2015, titled ""Focusing Tata Steel's UK strip products business on higher-value"
13-Aug-2015 19:21:00,Disclosure of Voting Pattern - Clause 35A,"Tata Steel Limited has submitted to the Exchange the disclosure of voting results of the Annual General Meeting of the Company held on August 12, 2015 in terms of Clause 35A of the Equity Listing Agre"
11-Aug-2015 19:45:00,Updates,"Tata Steel Limited has informed the Exchange that the Company has on August 11, 2015 sold 1,93,87,920 shares (2.18%) of Titan Company Limited to Tata Sons Limited through a market sale for a net consi"
11-Aug-2015 16:48:00,Press Release,"Tata Steel Limited has informed the Exchange regarding a press release dated August 11, 2015 titled "" Tata Steel reports Consolidated Financial Results for the first quarter ended June 30, 2015 ""."
11-Aug-2015 15:32:37,Financial Result Updates,Tata Steel Limited has submitted to the exchange the standalone & consolidated financial results along with the Auditors Report for the period ended 30-Jun-2015.
05-Aug-2015 20:27:00,Updates,"Tata Steel Limited has informed the Exchange vide letter dated August 5, 2015 regarding ""Mining Operations of the Company""."
24-Jul-2015 20:26:00,Trading Window,"Tata Steel Limited has informed the Exchange that the Trading window for dealing in the Company's securities, as required under the Code for Prevention of Insider Trading will remain closed between Ju"
24-Jul-2015 19:48:00,"Code of Conduct under SEBI(PIT) Reg., 2015","Tata Steel Limited has informed the Exchange that in terms of Regulations 8 and 9 of the Securities and Exchange Board of India (Prohibition of Insider Trading) Regulations, 2015 (""the Regulations'') "
16-Jul-2015 18:27:00,Updates,"Tata Steel Limited had informed the Exchange regarding the disclosure of the Company on June 15, 2015 stating that Tata Steel UK Ltd approached ACAS in new initiative to resolve pension dispute.In thi"
16-Jul-2015 16:05:00,Press Release,"Tata Steel Limited has informed the Exchange regarding a press release dated July 16, 2015 titled ""Tata Steel Europe announces further refocusing of speciality and bar business on high-value markets""."
09-Jul-2015 19:59:00,Press Release,"Tata Steel Limited has informed the Exchange regarding a press release dated July 09, 2015 titled ""Tata Steel's Q1 FY16 Key Production and Sales Figure""."
26-Jun-2015 18:28:00,Date of payment of dividend,"Tata Steel Limited has informed the Exchange that dividend as recommended by the Board of Directors, if approved at the forthcoming AGM, will be paid on and from August 14, 2015."
15-Jun-2015 09:42:00,Press Release,"Tata Steel Limited has informed the Exchange vide its letter dated June 15, 2015 regarding a press release dated June 14, 2015 titled ""Tata Steel UK Ltd approaches ACAS in new initiative to resolve pe"
10-Jun-2015 18:03:00,Updates,"Tata Steel Limited has informed the Exchange vide letter dated June 10, 2015, regarding UK Unions Plan Strike at Tata Steel, UK on June 22, 2015."
09-Jun-2015 13:26:00,News Verification,"News Verification : The media had reports that  ""Tata Steel's UK unions call for June 22 strike."". The Exchange, in order to verify the accuracy or otherwise of the information reported in the media a"
09-Jun-2015 11:11:00,News Clarification,"The Exchange has sought clarification from Tata Steel Limited with respect to recent news item captioned ""Tata Steel s UK unions call for June 22 strike"". In this regard, the Exchange has advised the "
20-May-2015 19:15:00,AGM/Book Closure,"Tata Steel Limited has informed the Exchange that the Register of Members & Share Transfer Books of the Company will remain closed from July 25, 2015 to August 12, 2015 (both days inclusive) for the p"
20-May-2015 19:14:00,Dividend,"Tata Steel Limited has informed the Exchange that the Board of Directors of the Company at its meeting held on May 20, 2015, have recommended a dividend of Rs.8/- per Equity ( Ordinary ) Share of Rs.1"
20-May-2015 18:32:00,News Verification,"News Verification : The media had reports that  ""Tata Steel to buy Visa Steel ferro chrome unit. Deal valued at Rs 1000 crore."". The Exchange, in order to verify the accuracy or otherwise of the infor"
20-May-2015 18:08:00,Press Release,"Tata Steel Limited has informed the Exchange regarding a press release dated May 20, 2015 titled ""Tata Steel reports Consolidated Financial Results for the fourth quarter and full year ended March 31,"
20-May-2015 17:31:02,Financial Result Updates,Tata Steel Limited has submitted to the exchange the standalone & consolidated financial results for the period ended 31-Mar-2015.
19-May-2015 16:15:00,News Clarification,"The Exchange has sought clarification from Tata Steel Limited with respect to recent news item captioned ""Tata Steel to buy Visa Steel ferro chrome unit. Deal valued at Rs 1000 crore"". In this regard,"
14-May-2015 18:18:00,Press Release,"Tata Steel Limited has informed the Exchange regarding a press release dated May 14, 2015 titled ""Tata Steel - Review of Impairment for FY 2014-15""."
04-May-2015 14:10:00,Trading Window,"Tata Steel Limited has informed the Exchange that the Company's Insider Trading window will remain closed between May 12, 2015 through May, 21 2015 (both days inclusive). "
16-Apr-2015 12:25:00,Press Release,"Tata Steel Limited has informed the Exchange regarding the press released dated April 16, 2015 titled, ""Tata Steel's Q4 & FY 2015 Key Production and Sales figures."""
16-Apr-2015 12:09:00,Press Release,"Tata Steel Limited has informed the Exchange regarding a press release dated April 16, 2015, titled ""Tata Steel's Q4 & FY 2015 Key Production & Sales Figure""."
16-Apr-2015 09:39:00,News Clarification,"The Exchange had sought clarification from Tata Steel Limited with respect to recent news item captioned ""Tata Steel strike action in UK"". The Company has clarified that ""Tata Steel UK Limited, the Co"
15-Apr-2015 18:39:00,News Clarification,"The Exchange has sought clarification from Tata Steel Limited with respect to recent news item captioned ""Tata Steel strike action in UK"". In this regard, Exchange have advised the Company to provide "
09-Apr-2015 14:23:00,Disc. under Reg.30 of SEBI (SAST) Reg.2011,"Tata Sons Limited has submitted to the Exchange vide letter dated April 07, 2015 a copy of disclosure under Regulation 30(1) and 30(2) of SEBI (Substantial Acquisition of Shares & Takeovers) Regulatio"
04-Apr-2015 13:02:00,Press Release,"Tata Steel Limited has informed the Exchange regarding a press release dated April 02, 2015 titled ""Tata Steel Minerals Canada Limited acquires balance 49% participating interest in Howse Deposit""."
01-Apr-2015 08:13:00,Press Release,"Tata Steel Limited has informed the Exchange regarding press release dated March 31, 2015, titled ""Tata Steel divests its entire stake in Lanka Special Steels Limited""."
16-Feb-2015 18:50:00,News Clarification,"The Exchange had sought clarification from Tata Steel Limited with respect to recent news item captioned ""Tata Steel to cash out Mozambique asset: Narendran"". The Company has clarified that ""In this c"
16-Feb-2015 13:06:00,News Clarification,"The Exchange has sought clarification from Tata Steel Limited with respect to recent news item captioned ""Tata Steel to cash out of Mozambique asset: Narendran"". In this regard, Exchange have advised "
12-Feb-2015 15:56:00,Press Release,"Tata Steel Limited has informed the Exchange regarding a press release dated February 12, 2015 titled ""Tata Steel Europe to acquire Nordic strip products service centres ""."
06-Feb-2015 19:35:02,Financial Result Updates,Tata Steel Limited has submitted to the exchange the standalone & consolidated financial results along with the Auditors Report for the period ended 31-Dec-2014.
06-Feb-2015 19:31:00,Press Release,"Tata Steel Limited has informed the Exchange regarding a press release dated February 06, 2015 titled ""Tata Steel reports Consolidated Financial Results for the  quarter ended December 31, 2014""."
16-Jan-2015 18:34:00,Trading Window,"Tata Steel Limited has informed the Exchange that the Company's Insider Trading window will remain closed between January 29, 2015 through February 7, 2015 (both days inclusive)."
09-Jan-2015 18:09:00,Press Release,"Tata Steel Limited has informed the Exchange regarding a press release dated January 9, 2015 titled ""Tata Steel's Q3 FY' 15 Key Production and Sales Figure""."
09-Jan-2015 16:40:00,Appointment of Company Secretary/Compliance Officer,Tata Steel Limited has informed the Exchange that the Board of Directors of the Company has approved the appointment of Mr. Parvatheesam Kanchinadham as the Company Secretary and Key Managerial Person
