date,desc,text
10-Jul-2026 23:38:37,Shareholders meeting,Scrutinizer s Consolidated Report of the Remote e-voting and e-voting during the 24th Annual General Meeting of the Bank.
10-Jul-2026 23:22:03,Shareholders meeting,"Outcome of 24th Annual General Meeting of the Bank held on July 10, 2026, through VC/OAVM and proceedings of the meeting"
02-Jul-2026 21:00:55,General Updates,Union Bank of India has informed the Exchange about General Updates
02-Jul-2026 16:23:07,Change in Management,Union Bank of India has informed the Exchange about change in Senior Management
01-Jul-2026 16:34:45,Retirement,Union Bank of India has informed the Exchange about Retirement
01-Jul-2026 12:13:13,Cessation,"Union Bank of India has informed the Exchange regarding Cessation of Mr Sanjay Rudra as Executive Director of the company w.e.f. July 01, 2026, on completion of his  tenure on 30th June 2026."
25-Jun-2026 14:53:19,Trading Window,"Union Bank of India has informed the Exchange regarding the Trading Window closure pursuant to SEBI (Prohibition of Insider Trading) Regulations, 2015"
18-Jun-2026 20:39:10,General Updates,Union Bank of India has informed the Exchange about General Updates
18-Jun-2026 20:26:50,General Updates,Union Bank of India has informed the Exchange about Integrated Annual Report of the Bank for FY 2025-26.
18-Jun-2026 19:56:04,Copy of Newspaper Publication,Union Bank of India has informed the Exchange about Copy of Newspaper Publication
17-Jun-2026 22:36:06,General Updates,Union Bank of India has informed the Exchange about Notice of the 24th Annual General Meeting of the Bank.
15-Jun-2026 20:15:16,Copy of Newspaper Publication,Union Bank of India has informed the Exchange about Copy of Newspaper Publication
10-Jun-2026 17:24:30,General Updates,Union Bank of India has informed the Exchange about General Updates
27-May-2026 21:36:55,Updates,"Union Bank of India has informed the Exchange regarding-Convening of 24th Annual General Meeting (AGM) of the Shareholders of the Bank, Book Closure for the purpose of AGM and Payment of Dividend."
27-May-2026 21:08:22,Record Date,Union Bank of India has informed the Exchange that Record date for the purpose of Dividend & Meeting  is 03-Jul-2026.
26-May-2026 14:35:43,Outcome of Board Meeting,"Union Bank of India has informed the Exchange regarding Outcome of Board Meeting held on May 26, 2026."
26-May-2026 14:12:30,Outcome of Board Meeting,"Union Bank of India has informed the Exchange regarding Outcome of Board Meeting held on May 26, 2026."
26-May-2026 14:06:55,Outcome of Board Meeting,"Union Bank of India has informed the Exchange regarding Outcome of Board Meeting held on May 26, 2026."
18-May-2026 20:01:49,Change in Management,Union Bank of India has informed the Exchange about change in Management -Appointment of Chief Risk Officer (CRO) of the Bank.
14-May-2026 17:43:12,Appointment,"Union Bank of India has informed the Exchange regarding Appointment of Mr Debasish Prusty as Government Nominee Director of the Bank w.e.f. May 13, 2026."
12-May-2026 21:21:50,General Updates,Union Bank of India has informed the Exchange about General Updates - Disclosures pertaining to investment in ASREC (I) Ltd
12-May-2026 17:18:15,Analysts/Institutional Investor Meet/Con. Call Updates,Union Bank of India has informed the Exchange about OUTCOME
07-May-2026 19:38:13,Analysts/Institutional Investor Meet/Con. Call Updates,Union Bank of India has informed the Exchange about Schedule of meet
29-Apr-2026 23:50:38,General Updates,"Union Bank of India has informed the Exchange about disclosure under Regulation 30 of the SEBI (LODR) Regulations, 2015."
29-Apr-2026 19:43:40,Analysts/Institutional Investor Meet/Con. Call Updates,Union Bank of India has informed the Exchange about Transcript
23-Apr-2026 18:27:57,Analysts/Institutional Investor Meet/Con. Call Updates,Union Bank of India has informed the Exchange about Link of Recording
23-Apr-2026 13:32:16,Press Release (Revised),"Union Bank of India has informed the Exchange regarding a revised press release dated April 23, 2026, titled ""Press Release on the Financial Results of the Bank for the Quarter/Year ended on March 31,"
23-Apr-2026 13:25:34,Press Release,"Union Bank of India has informed the Exchange regarding a press release dated April 23, 2026, titled ""Press Release on the Financial Results of the Bank for the Quarter/Year ended on March 31, 2026""."
23-Apr-2026 13:15:22,Investor Presentation,Union Bank of India has informed the Exchange about Investor Presentation
23-Apr-2026 13:07:43,Dividend,"Union Bank of India has informed the Exchange that Board of Directors at its meeting held on April 23, 2026, recommended Final Dividend of Rs. 5 per equity share."
23-Apr-2026 12:49:55,Outcome of Board Meeting,"Union Bank of India has submitted to the Exchange Audited Financial Results (Standalone and Consolidated) of the Bank for the Quarter/Year ended March 31, 2026."
20-Apr-2026 19:32:52,Analysts/Institutional Investor Meet/Con. Call Updates,Union Bank of India has informed the Exchange about Schedule of meet
10-Apr-2026 19:55:42,Cessation,"Union Bank of India has informed the Exchange regarding Cessation of Mr Shri Suraj Srivastava as Non- Executive Independent Director of the company w.e.f. April 11, 2026."
06-Apr-2026 15:14:21,"Certificate under SEBI (Depositories and Participants) Regulations, 2018","Union Bank of India has informed the Exchange about Certificate under SEBI (Depositories and Participants) Regulations, 2018"
02-Apr-2026 21:48:36,General Updates,Union Bank of India has informed the Exchange about Provisional Business Figure for the period ended 31.03.2026.
02-Apr-2026 17:13:00,Updates,"Union Bank of India has informed the Exchange regarding 'Disclosure under Regulation 31(4) of SEBI (SAST) Regulations, 2011 as of March 31, 2026.'."
01-Apr-2026 16:27:52,Change in Management,Union Bank of India has informed the Exchange about change in Management
27-Mar-2026 18:02:26,General Updates,"Union Bank of India has informed the Exchange about Disclosure under Regulation 30 of the SEBI (LODR) Regulations, 2015, as amended."
25-Mar-2026 15:43:34,Trading Window,"Union Bank of India has informed the Exchange regarding the Trading Window closure pursuant to SEBI (Prohibition of Insider Trading) Regulations, 2015"
24-Mar-2026 19:21:01,Analysts/Institutional Investor Meet/Con. Call Updates,Union Bank of India has informed the Exchange about OUTCOME
24-Mar-2026 19:17:27,Analysts/Institutional Investor Meet/Con. Call Updates,Union Bank of India has informed the Exchange about OUTCOME
20-Mar-2026 19:24:02,General Updates,"Union Bank of India has informed the Exchange about Fund raising through issue of Long-Term Bonds for financing of infrastructure & affordable housing of &#8377;7,500 crore (Base issue size of &#8377;"
18-Mar-2026 17:25:17,Analysts/Institutional Investor Meet/Con. Call Updates,Union Bank of India has informed the Exchange about Schedule of meet
18-Mar-2026 17:25:17,Analysts/Institutional Investor Meet/Con. Call Updates,Union Bank of India has informed the Exchange about Schedule of meet
16-Mar-2026 10:35:33,Updates,"Union Bank of India has informed the Exchange regarding 'Outcome of the Meeting of the Committee of Directors for fund raising (Non-Capital) held on March 16, 2026'."
26-Feb-2026 18:41:12,Analysts/Institutional Investor Meet/Con. Call Updates,Union Bank of India has informed the Exchange about Outcome of meet
26-Feb-2026 18:38:47,Analysts/Institutional Investor Meet/Con. Call Updates,Union Bank of India has informed the Exchange about Outcome of meet
25-Feb-2026 19:28:14,Credit Rating- New,"Union Bank of India has informed the Exchange about Credit Rating- Reporting under Regulation 30 of SEBI (Listing Obligations and Disclosure Requirements) Regulations, 2015. - Fitch Rating ."
20-Feb-2026 19:41:16,General Updates,Union Bank of India has informed the Exchange about Disclosures pertaining to Analysts/Investors meet/Call   Outcome.
20-Feb-2026 19:14:31,General Updates,Union Bank of India has informed the Exchange Disclosures pertaining to Analysts/Investors meet/Call   Outcome
20-Feb-2026 19:05:33,General Updates,Union Bank of India has informed the Exchange disclosures pertaining to Analysts/Investors meet/Call   Outcome
17-Feb-2026 18:47:44,Credit Rating- New,Union Bank of India has informed the Exchange about ESG Rating as CareEdge   ESG 1+ assigned by Care ESG Ratings Limited.
17-Feb-2026 18:09:38,Analysts/Institutional Investor Meet/Con. Call Updates,Union Bank of India has informed the Exchange about Schedule of meet
17-Feb-2026 18:06:32,Analysts/Institutional Investor Meet/Con. Call Updates,Union Bank of India has informed the Exchange about Schedule of meet
17-Feb-2026 18:02:58,Analysts/Institutional Investor Meet/Con. Call Updates,Union Bank of India has informed the Exchange about OUTCOME
16-Feb-2026 19:09:20,Analysts/Institutional Investor Meet/Con. Call Updates,Union Bank of India has informed the Exchange about Schedule of meet
16-Feb-2026 19:00:10,Analysts/Institutional Investor Meet/Con. Call Updates,Union Bank of India has informed the Exchange about Schedule of meet
16-Feb-2026 18:56:42,Analysts/Institutional Investor Meet/Con. Call Updates,Union Bank of India has informed the Exchange about Schedule of meet
16-Feb-2026 18:53:13,Analysts/Institutional Investor Meet/Con. Call Updates,Union Bank of India has informed the Exchange about OUTCOME
13-Feb-2026 17:17:17,Analysts/Institutional Investor Meet/Con. Call Updates,Union Bank of India has informed the Exchange about Outcome
12-Feb-2026 18:02:19,Analysts/Institutional Investor Meet/Con. Call Updates,Union Bank of India has informed the Exchange about OUTCOME
11-Feb-2026 16:16:21,General Updates,"Union Bank of India has informed the Exchange about disclosure under Regulation 30 of the SEBI (LODR) Regulations, 2015."
11-Feb-2026 14:48:31,General Updates,"Union Bank of India has informed the Exchange about disclosure under Regulation 30 of the SEBI (LODR) Regulations, 2015."
10-Feb-2026 17:45:50,Analysts/Institutional Investor Meet/Con. Call Updates,Union Bank of India has informed the Exchange about Schedule of meet
10-Feb-2026 17:38:02,Analysts/Institutional Investor Meet/Con. Call Updates,Union Bank of India has informed the Exchange about Schedule of meet
10-Feb-2026 17:30:48,Analysts/Institutional Investor Meet/Con. Call Updates,Union Bank of India has informed the Exchange about OUTCOME
09-Feb-2026 21:36:52,Analysts/Institutional Investor Meet/Con. Call Updates,Union Bank of India has informed the Exchange about Outcome of meet
09-Feb-2026 18:38:17,Analysts/Institutional Investor Meet/Con. Call Updates,Union Bank of India has informed the Exchange about OUTCOME
09-Feb-2026 18:25:02,Analysts/Institutional Investor Meet/Con. Call Updates,Union Bank of India has informed the Exchange about OUTCOME
09-Feb-2026 18:06:45,Analysts/Institutional Investor Meet/Con. Call Updates,Union Bank of India has informed the Exchange about Schedule of meet
09-Feb-2026 18:04:41,Analysts/Institutional Investor Meet/Con. Call Updates,Union Bank of India has informed the Exchange about Schedule of meet
04-Feb-2026 16:25:54,Analysts/Institutional Investor Meet/Con. Call Updates,Union Bank of India has informed the Exchange about Schedule of meet
04-Feb-2026 16:23:48,Analysts/Institutional Investor Meet/Con. Call Updates,Union Bank of India has informed the Exchange about Schedule of meet
01-Feb-2026 12:38:57,General Updates,Union Bank of India has informed the Exchange about General Updates
28-Jan-2026 20:23:39,Cessation,"Union Bank of India has informed the Exchange regarding Cessation of Mr Avinash Vasant Prabhu as Chief Financial Officer of the company w.e.f. February 01, 2026."
28-Jan-2026 20:17:26,Change in Company Secretary/Compliance Officer,Union Bank of India has informed the Exchange about Change in Company Secretary/Compliance Officer
28-Jan-2026 20:15:40,Appointment,"Union Bank of India has informed the Exchange regarding Appointment of Mr Dhirendra Jain as Chief Financial Officer of the company w.e.f. February 01, 2026."
24-Jan-2026 17:07:49,General Updates,Union Bank of India has informed the Exchange about General Updates
20-Jan-2026 14:45:11,Analysts/Institutional Investor Meet/Con. Call Updates,Union Bank of India has informed the Exchange about Transcript
17-Jan-2026 17:00:00,Credit Rating,Union Bank of India has informed the Exchange about Credit Rating
14-Jan-2026 16:54:55,Analysts/Institutional Investor Meet/Con. Call Updates,Union Bank of India has informed the Exchange about Link of Recording
14-Jan-2026 13:06:15,Investor Presentation,Union Bank of India has informed the Exchange about Investor Presentation
14-Jan-2026 12:56:31,Press Release,"Union Bank of India has informed the Exchange regarding a press release dated January 14, 2026, titled ""Press Release on the Financial Results of the Bank for the Third Quarter/Nine Months ended on De"
14-Jan-2026 12:46:00,Outcome of Board Meeting,"Union Bank of India has submitted to the Exchange, the financial results for the period ended December 31, 2025."
12-Jan-2026 17:29:04,"Certificate under SEBI (Depositories and Participants) Regulations, 2018","Union Bank of India has informed the Exchange about Certificate under SEBI (Depositories and Participants) Regulations, 2018"
09-Jan-2026 18:11:35,Analysts/Institutional Investor Meet/Con. Call Updates,Union Bank of India has informed the Exchange about Schedule of meet
02-Jan-2026 18:03:26,General Updates,"Union Bank of India has informed the Exchange about Intimation under SEBI (Listing Obligations and Disclosure Requirements) Regulations, 2015."
02-Jan-2026 17:41:33,General Updates,"Union Bank of India has informed the Exchange about Intimation under SEBI (Listing Obligations and Disclosure Requirements) Regulations,2015."
24-Dec-2025 16:11:39,Trading Window,"Union Bank of India has informed the Exchange regarding the Trading Window closure pursuant to SEBI (Prohibition of Insider Trading) Regulations, 2015"
19-Dec-2025 21:09:12,General Updates,"Union Bank of India has informed the Exchange about Disclosure under Regulation 30 of the SEBI (Listing Obligations and Disclosure Requirements) Regulations, 2015"
12-Dec-2025 18:05:59,Credit Rating,Union Bank of India has informed the Exchange about Credit Rating
26-Nov-2025 17:19:40,General Updates,Union Bank of India has informed the Exchange about General Updates
25-Nov-2025 12:48:47,Appointment,"Union Bank of India has informed the Exchange regarding Appointment of Mr Amresh Prasad as Executive Director of the company w.e.f. November 24, 2025."
20-Nov-2025 17:23:00,General Updates,Union Bank of India has informed the Exchange about General Updates
19-Nov-2025 18:27:02,Analysts/Institutional Investor Meet/Con. Call Updates,Union Bank of India has informed the Exchange about OUTCOME
14-Nov-2025 15:38:47,Analysts/Institutional Investor Meet/Con. Call Updates,Union Bank of India has informed the Exchange about Schedule of meet
12-Nov-2025 18:43:39,Analysts/Institutional Investor Meet/Con. Call Updates,Union Bank of India has informed the Exchange about OUTCOME
07-Nov-2025 18:37:05,Analysts/Institutional Investor Meet/Con. Call Updates,Union Bank of India has informed the Exchange about Schedule of meet
07-Nov-2025 11:42:13,Cessation,"Union Bank of India has informed the Exchange regarding Cessation of Mr Srinivasan Varadarajan as Chairman of the company w.e.f. November 07, 2025."
06-Nov-2025 10:32:28,Analysts/Institutional Investor Meet/Con. Call Updates,Union Bank of India has informed the Exchange about Transcript
30-Oct-2025 18:44:25,Analysts/Institutional Investor Meet/Con. Call Updates,Union Bank of India has informed the Exchange about Link of Recording
30-Oct-2025 13:20:38,Investor Presentation,Union Bank of India has informed the Exchange about Investor Presentation
30-Oct-2025 13:03:22,Press Release,"Union Bank of India has informed the Exchange regarding a Press Release on the Financial Results of the Bank for the Quarter/Half Year ended on September 30, 2025."
30-Oct-2025 12:28:04,Outcome of Board Meeting,"Union Bank of India has submitted to the Exchange, the financial results for the period ended September 30, 2025."
27-Oct-2025 18:33:48,Analysts/Institutional Investor Meet/Con. Call Updates,"Union Bank of India has informed the Exchange about Schedule of Earnings Call for the quarter ended on September 30, 2025."
10-Oct-2025 16:53:35,General Updates,Union Bank of India has informed the Exchange about General Updates
09-Oct-2025 18:40:23,"Certificate under SEBI (Depositories and Participants) Regulations, 2018","Certificate under Regulation 74(5) of the SEBI (Depositories and Participants) Regulations, 2018 for the quarter ended on September 30, 2025."
03-Oct-2025 12:39:02,General Updates,"Union Bank of India has informed the Exchange about General Updates - Intimation under SEBI (Listing Obligations and Disclosure Requirements) Regulations,2015."
30-Sep-2025 18:44:58,Change in Director(s),Union Bank of India has informed the Exchange regarding Change in Director(s) of the company.
26-Sep-2025 17:58:20,Analysts/Institutional Investor Meet/Con. Call Updates,Union Bank of India has informed the Exchange about OUTCOME
26-Sep-2025 15:26:08,General Updates,Union Bank of India has informed the Exchange about General Updates
25-Sep-2025 17:46:41,Analysts/Institutional Investor Meet/Con. Call Updates,Union Bank of India has informed the Exchange about OUTCOME
25-Sep-2025 13:12:34,Trading Window,"Union Bank of India has informed the Exchange regarding the Trading Window closure pursuant to SEBI (Prohibition of Insider Trading) Regulations, 2015"
24-Sep-2025 16:31:15,Analysts/Institutional Investor Meet/Con. Call Updates,Union Bank of India has informed the Exchange about OUTCOME
23-Sep-2025 17:33:40,Analysts/Institutional Investor Meet/Con. Call Updates,Union Bank of India has informed the Exchange about OUTCOME
23-Sep-2025 17:29:35,Analysts/Institutional Investor Meet/Con. Call Updates,Union Bank of India has informed the Exchange about OUTCOME
23-Sep-2025 17:21:26,General Updates,Union Bank of India has informed the Exchange about General Updates
22-Sep-2025 17:41:56,Analysts/Institutional Investor Meet/Con. Call Updates,Union Bank of India has informed the Exchange about Schedule of meet
19-Sep-2025 17:51:14,Analysts/Institutional Investor Meet/Con. Call Updates,Union Bank of India has informed the Exchange about Schedule of meet
19-Sep-2025 17:46:14,Analysts/Institutional Investor Meet/Con. Call Updates,Union Bank of India has informed the Exchange about Schedule of meet
19-Sep-2025 17:38:21,Analysts/Institutional Investor Meet/Con. Call Updates,Union Bank of India has informed the Exchange about OUTCOME
18-Sep-2025 19:50:08,Credit Rating,Union Bank of India has informed the Exchange about Credit Rating
18-Sep-2025 17:22:09,General Updates,Union Bank of India has informed the Exchange about General Updates
18-Sep-2025 17:10:50,Analysts/Institutional Investor Meet/Con. Call Updates,Union Bank of India has informed the Exchange about Schedule of meet
18-Sep-2025 17:00:06,Analysts/Institutional Investor Meet/Con. Call Updates,Union Bank of India has informed the Exchange about Schedule of meet
17-Sep-2025 17:41:07,Credit Rating,Union Bank of India has informed the Exchange about Credit Rating
17-Sep-2025 17:37:32,Analysts/Institutional Investor Meet/Con. Call Updates,Union Bank of India has informed the Exchange about OUTCOME
16-Sep-2025 16:05:54,General Updates,Union Bank of India has informed the Exchange about Extension of Term of Shri Ramasubramanian S
16-Sep-2025 16:01:17,General Updates,"Union Bank of India has informed the Exchange about Extension of Term of Shri Nitesh Ranjan, Executive Director of the BanK"
16-Sep-2025 14:44:08,Analysts/Institutional Investor Meet/Con. Call Updates,Union Bank of India has informed the Exchange about Schedule of meet
10-Sep-2025 17:00:52,General Updates,Union Bank of India has informed the Exchange about General Updates
10-Sep-2025 16:26:09,Analysts/Institutional Investor Meet/Con. Call Updates,Union Bank of India has informed the Exchange about Schedule of meet
03-Sep-2025 18:36:16,Analysts/Institutional Investor Meet/Con. Call Updates,Union Bank of India has informed the Exchange about OUTCOME
28-Aug-2025 16:23:59,Analysts/Institutional Investor Meet/Con. Call Updates,Union Bank of India has informed the Exchange about Schedule of meet
26-Aug-2025 16:52:20,Analysts/Institutional Investor Meet/Con. Call Updates,Union Bank of India has informed the Exchange about OUTCOME
21-Aug-2025 18:10:49,Analysts/Institutional Investor Meet/Con. Call Updates,Union Bank of India has informed the Exchange about OUTCOME
21-Aug-2025 18:09:26,Analysts/Institutional Investor Meet/Con. Call Updates,Union Bank of India has informed the Exchange about OUTCOME
20-Aug-2025 18:19:17,Analysts/Institutional Investor Meet/Con. Call Updates,Union Bank of India has informed the Exchange about OUTCOME
19-Aug-2025 14:50:01,Analysts/Institutional Investor Meet/Con. Call Updates,Union Bank of India has informed the Exchange about Schedule of meet
18-Aug-2025 16:05:45,Analysts/Institutional Investor Meet/Con. Call Updates,Union Bank of India has informed the Exchange about Schedule of meet
18-Aug-2025 16:03:24,Analysts/Institutional Investor Meet/Con. Call Updates,Union Bank of India has informed the Exchange about Schedule of meet
16-Aug-2025 17:02:17,Credit Rating- Revision,Union Bank of India has informed the Exchange about - Revision in ratings by S and P Global Ratings.
16-Aug-2025 16:25:51,General Updates,Union Bank of India has informed the Exchange about General Updates
14-Aug-2025 18:34:27,Analysts/Institutional Investor Meet/Con. Call Updates,Union Bank of India has informed the Exchange about Schedule of meet
13-Aug-2025 18:28:45,Analysts/Institutional Investor Meet/Con. Call Updates,Union Bank of India has informed the Exchange about OUTCOME
13-Aug-2025 18:26:59,Analysts/Institutional Investor Meet/Con. Call Updates,Union Bank of India has informed the Exchange about OUTCOME
08-Aug-2025 11:24:39,Analysts/Institutional Investor Meet/Con. Call Updates,Union Bank of India has informed the Exchange about Schedule of meet
06-Aug-2025 12:30:52,Analysts/Institutional Investor Meet/Con. Call Updates,Union Bank of India has informed the Exchange about Schedule of meet
05-Aug-2025 18:38:23,General Updates,Union Bank of India has informed the Exchange about General Updates
01-Aug-2025 21:08:40,Shareholders meeting,"Union Bank of India has submitted the Exchange a copy of Srutinizers report of  Annual General Meeting held on August 01, 2025"
01-Aug-2025 20:42:27,Shareholders meeting,"Union Bank of India has informed the Exchange regarding Proceedings of Annual General Meeting held on August 01, 2025"
01-Aug-2025 16:30:47,Change in Management,Union Bank of India has informed the Exchange about change in Senior Management
31-Jul-2025 14:54:41,General Updates,Union Bank of India has informed the Exchange about General Updates
25-Jul-2025 19:12:38,Analysts/Institutional Investor Meet/Con. Call Updates,Union Bank of India has informed the Exchange about Transcript
25-Jul-2025 18:23:14,Appointment,"Union Bank of India has informed the Exchange regarding Appointment of Mr Rohan Chand Thakur as Non- Executive Director of the company w.e.f. July 25, 2025."
25-Jul-2025 18:18:59,Addendum,Union Bank of India has informed the Exchange about Addendum to the Notice of 23rd Annual General Meeting of the Bank
19-Jul-2025 18:13:07,Analysts/Institutional Investor Meet/Con. Call Updates,Union Bank of India has informed the Exchange about Link of Recording
19-Jul-2025 14:05:15,Investor Presentation,Union Bank of India has informed the Exchange about Investor Presentation
19-Jul-2025 13:56:23,Press Release,"Union Bank of India has informed the Exchange regarding a press release dated July 19, 2025, titled ""Press Release on the Financial Results of the Bank for the Quarter ended onJune 30, 2025.""."
19-Jul-2025 13:28:13,Outcome of Board Meeting,"Union Bank of India has submitted to the Exchange, the financial results for the period ended Jun 30, 2025."
16-Jul-2025 18:27:27,Analysts/Institutional Investor Meet/Con. Call Updates,Union Bank of India has informed the Exchange about Schedule of meet
10-Jul-2025 17:37:15,"Certificate under SEBI (Depositories and Participants) Regulations, 2018","Union Bank of India has informed the Exchange about Certificate under SEBI (Depositories and Participants) Regulations, 2018"
09-Jul-2025 18:37:48,Change in Management,Union Bank of India has informed the Exchange about change in Management
09-Jul-2025 02:15:22,Updates,Union Bank of India has informed the Exchange regarding 'Business Responsibility and Sustainability Report 2024-25 of the Bank'.
08-Jul-2025 22:33:20,General Updates,"Union Bank of India has informed the Exchange - Intimation Under SEBI (Listing Obligations And Disclosure Requirements) Regulations, 2015."
08-Jul-2025 19:36:37,General Updates,"Union Bank of India has informed the Exchange about - Intimation under SEBI (Listing Obligations and Disclosure requirements) Regulations, 2015"
01-Jul-2025 17:36:48,Record Date,Union Bank of India has informed the Exchange that Record date for the purpose of Dividend  is 25-Jul-2025.
29-Jun-2025 21:19:02,Disclosure under SEBI Takeover Regulations,Union Bank of India has Submitted to the Exchange a copy of Disclosure under Regulation 31(4) of the Securities and Exchange Board of India (Substantial Acquisition of Shares and Takeovers) Regulation
26-Jun-2025 14:27:37,Trading Window,"Union Bank of India has informed the Exchange regarding the Trading Window closure pursuant to SEBI (Prohibition of Insider Trading) Regulations, 2015"
25-Jun-2025 17:13:05,Record Date,Union Bank of India has informed the Exchange that Record date for the purpose of DI & MT  is 25-Jul-2025.
25-Jun-2025 16:57:15,General Updates,Union Bank of India has informed the Exchange about General Updates
25-Jun-2025 15:52:08,Outcome of Board Meeting,"Union Bank of India has informed the Exchange regarding Capital Plan of the Bank at its Board meeting held on June 25, 2025."
24-Jun-2025 19:50:04,Cessation,"Union Bank of India has informed the Exchange regarding Cessation of Mr Pankaj Dwivedi as Executive Director of the company w.e.f. Jun 24, 2025."
23-Jun-2025 14:43:19,Analysts/Institutional Investor Meet/Con. Call Updates,Union Bank of India has informed the Exchange about OUTCOME
18-Jun-2025 17:25:40,Analysts/Institutional Investor Meet/Con. Call Updates,Union Bank of India has informed the Exchange about OUTCOME
18-Jun-2025 17:22:28,Analysts/Institutional Investor Meet/Con. Call Updates,Union Bank of India has informed the Exchange about OUTCOME
17-Jun-2025 19:08:48,Analysts/Institutional Investor Meet/Con. Call Updates,Union Bank of India has informed the Exchange about OUTCOME
17-Jun-2025 17:54:28,Analysts/Institutional Investor Meet/Con. Call Updates,Union Bank of India has informed the Exchange about Outcome
17-Jun-2025 17:45:03,Analysts/Institutional Investor Meet/Con. Call Updates,Union Bank of India has informed the Exchange about Outcome
16-Jun-2025 18:43:55,Analysts/Institutional Investor Meet/Con. Call Updates,Union Bank of India has informed the Exchange about Out come
16-Jun-2025 18:41:40,Analysts/Institutional Investor Meet/Con. Call Updates,Union Bank of India has informed the Exchange about Outcome
16-Jun-2025 18:37:56,Analysts/Institutional Investor Meet/Con. Call Updates,Union Bank of India has informed the Exchange about Schedule of meet
13-Jun-2025 16:19:54,Analysts/Institutional Investor Meet/Con. Call Updates,Union Bank of India has informed the Exchange about Schedule of meet
12-Jun-2025 16:29:31,Analysts/Institutional Investor Meet/Con. Call Updates,Union Bank of India has informed the Exchange about Schedule of meet
12-Jun-2025 16:24:33,Analysts/Institutional Investor Meet/Con. Call Updates,Union Bank of India has informed the Exchange about Schedule of meet
12-Jun-2025 16:21:12,Analysts/Institutional Investor Meet/Con. Call Updates,Union Bank of India has informed the Exchange about Schedule of meet
11-Jun-2025 15:56:00,Analysts/Institutional Investor Meet/Con. Call Updates,Union Bank of India has informed the Exchange about Schedule of meet
11-Jun-2025 15:54:10,Analysts/Institutional Investor Meet/Con. Call Updates,Union Bank of India has informed the Exchange about OUTCOME
11-Jun-2025 11:33:59,Analysts/Institutional Investor Meet/Con. Call Updates,Union Bank of India has informed the Exchange about Schedule of meet
11-Jun-2025 11:32:26,Analysts/Institutional Investor Meet/Con. Call Updates,Union Bank of India has informed the Exchange about Schedule of meet
10-Jun-2025 16:07:38,Analysts/Institutional Investor Meet/Con. Call Updates,Union Bank of India has informed the Exchange about OUTCOME
06-Jun-2025 17:04:51,Analysts/Institutional Investor Meet/Con. Call Updates,Union Bank of India has informed the Exchange about Schedule of meet
06-Jun-2025 16:54:49,Analysts/Institutional Investor Meet/Con. Call Updates,Union Bank of India has informed the Exchange about Schedule of meet
05-Jun-2025 18:21:03,Analysts/Institutional Investor Meet/Con. Call Updates,Union Bank of India has informed the Exchange about Schedule of meet
05-Jun-2025 18:19:26,Analysts/Institutional Investor Meet/Con. Call Updates,Union Bank of India has informed the Exchange about Schedule of meet
05-Jun-2025 15:10:07,Analysts/Institutional Investor Meet/Con. Call Updates,Union Bank of India has informed the Exchange about OUTCOME
04-Jun-2025 17:05:51,Analysts/Institutional Investor Meet/Con. Call Updates,Union Bank of India has informed the Exchange about OUTCOME
03-Jun-2025 11:00:50,Cessation,"Union Bank of India has informed the Exchange regarding Cessation of Ms A Manimekhalai as Managing Director & CEO of the company w.e.f. Jun 03, 2025."
02-Jun-2025 15:53:45,Analysts/Institutional Investor Meet/Con. Call Updates,Union Bank of India has informed the Exchange about Schedule of meet
30-May-2025 18:44:02,Analysts/Institutional Investor Meet/Con. Call Updates,Union Bank of India has informed the Exchange about Schedule of meet
30-May-2025 15:21:40,Analysts/Institutional Investor Meet/Con. Call Updates,Union Bank of India has informed the Exchange about Schedule of meet
23-May-2025 18:07:43,General Updates,"Union Bank of India has informed the Exchange about Disclosure under Regulation 30 of the SEBI (LODR) Regulations, 2015, as amended"
23-May-2025 18:05:10,General Updates,"Union Bank of India has informed the Exchange about Disclosure under Regulation 30 of the SEBI (LODR) Regulations, 2015, as amended"
22-May-2025 18:06:19,Analysts/Institutional Investor Meet/Con. Call Updates,Union Bank of India has informed the Exchange about OUTCOME
17-May-2025 17:28:26,General Updates,"Union Bank of India has informed the Exchange about Disclosure under Regulation 30 of the SEBI (LODR) Regulations, 2015, as amended"
16-May-2025 18:01:04,Analysts/Institutional Investor Meet/Con. Call Updates,Union Bank of India has informed the Exchange about Schedule of meet
16-May-2025 12:31:15,Analysts/Institutional Investor Meet/Con. Call Updates,Union Bank of India has informed the Exchange about Transcript
09-May-2025 18:15:55,General Updates,Union Bank of India has informed the Exchange about General Updates
09-May-2025 16:01:12,Analysts/Institutional Investor Meet/Con. Call Updates,Union Bank of India has informed the Exchange about Link of Recording
08-May-2025 23:32:28,General Updates,"Union Bank of India has informed the Exchange about Security cover certificate of the Bank for the Quarter ended on March 31, 2025"
08-May-2025 22:26:38,Press Release,"Union Bank of India has informed the Exchange regarding a press release dated May 08, 2025, titled ""Press Release on the Financial Results of the Bank for the Quarter/year ended onMarch 31, 2025""."
08-May-2025 22:14:27,Investor Presentation,Union Bank of India has informed the Exchange about Investor Presentation
08-May-2025 20:53:05,Dividend,"Union Bank of India has informed the Exchange that Board of Directors at its meeting held on May 08, 2025, recommended Final Dividend of 4.75 per equity share."
08-May-2025 20:41:49,Outcome of Board Meeting,"Union Bank of India has informed the Exchange regarding Outcome of Board Meeting held on May 08, 2025."
07-May-2025 16:29:38,General Updates,"Union Bank of India has informed the Exchange about Disclosure under Regulation 30 of the SEBI (LODR) Regulations, 2015, as amended"
06-May-2025 17:31:31,Analysts/Institutional Investor Meet/Con. Call Updates,Union Bank of India has informed the Exchange about Schedule of meet
06-May-2025 16:43:54,News Verification,The Exchange has sought clarification from Union Bank of India with respect to recent news item captioned Union Bank faces heat over ?7.25 crore book purchase.  The response from the Company is attach
06-May-2025 14:27:19,News Verification,The Exchange has sought clarification from Union Bank of India with respect to recent news item captioned Union Bank faces heat over ?7.25 crore book purchase.  The response from the Company is awaite
30-Apr-2025 19:40:32,General Updates,"Union Bank of India has informed the Exchange about disclosure under Regulation 30 and 51 (1) of the SEBI (Listing Obligations and Disclosure Requirements) Regulations, 2015"
30-Apr-2025 19:01:36,Change in Management,Union Bank of India has informed the Exchange about change in Management
25-Apr-2025 23:39:08,General Updates,"Union Bank of India has informed the Exchange about Disclosure under Regulation 30 of SEBI (LODR) Regulations, 2015, as amended."
22-Apr-2025 16:55:12,General Updates,"Union Bank of India has informed the Exchange about disclosure under Regulation 30 of the SEBI (LODR) Regulations, 2015."
16-Apr-2025 12:04:38,General Updates,Union Bank of India has informed the Exchange about penalty levied by FIU-IND
15-Apr-2025 17:42:17,Appointment,"Union Bank of India has informed the Exchange regarding Appointment of Mr Anil Kuril as chief Information Security Officer of the Bank w.e.f. April 15, 2025."
11-Apr-2025 18:08:34,Appointment,"Union Bank of India has informed the Exchange regarding Appointment of Mr Suraj Srivastava as Non- Executive Independent Director of the company w.e.f. April 11, 2025."
09-Apr-2025 16:04:41,General Updates,"Union Bank of India has informed the Exchange about Amalgamation of Regional Rural Bank w.e.f. 1st May, 2025"
09-Apr-2025 15:56:06,"Certificate under SEBI (Depositories and Participants) Regulations, 2018","Union Bank of India has informed the Exchange about Certificate under SEBI (Depositories and Participants) Regulations, 2018"
04-Apr-2025 15:15:57,Updates,"Union Bank of India has informed the Exchange regarding 'Disclosure under Regulation 31(5) of SEBI (SAST) Regulation,2011 as of March 31,2025'."
04-Apr-2025 11:20:50,General Updates,"Union Bank of India has informed the Exchange about intimation under SEBI (Listing Obligations and Disclosure Requirements) Regulations, 2015."
01-Apr-2025 18:18:41,Change in Management,Union Bank of India has informed the Exchange about change in Management
27-Mar-2025 17:22:19,Analysts/Institutional Investor Meet/Con. Call Updates,Union Bank of India has informed the Exchange about OUTCOME
26-Mar-2025 17:30:22,Trading Window,"Union Bank of India has informed the Exchange regarding the Trading Window closure pursuant to SEBI (Prohibition of Insider Trading) Regulations, 2015"
24-Mar-2025 19:04:49,Analysts/Institutional Investor Meet/Con. Call Updates,Union Bank of India has informed the Exchange about Schedule of meet
21-Mar-2025 22:41:51,General Updates,"Union Bank of India has informed the Exchange about disclosure under Regulation 30 of the SEBI (LODR) Regulations, 2015."
21-Mar-2025 10:58:51,Cessation,"Union Bank of India has informed the Exchange regarding Cessation of Mr Laxman S Uppar as Non- Executive Independent Director of the company w.e.f. March 21, 2025."
20-Mar-2025 19:54:42,General Updates,Union Bank of India has informed the Exchange about disclosures pertaining to Analysts/Investors meet/Call   Schedule.
18-Mar-2025 18:47:44,Analysts/Institutional Investor Meet/Con. Call Updates,Union Bank of India has informed the Exchange about OUTCOME
12-Mar-2025 17:40:40,Analysts/Institutional Investor Meet/Con. Call Updates,Union Bank of India has informed the Exchange about Schedule of meet
12-Mar-2025 17:39:23,Analysts/Institutional Investor Meet/Con. Call Updates,Union Bank of India has informed the Exchange about out come of Analysts meet on 12.03.2025
11-Mar-2025 19:31:46,Credit Rating- Revision,Union Bank of India has informed the Exchange about Credit Rating- Fitch Rating
11-Mar-2025 18:19:11,Credit Rating- Revision,Union Bank of India has informed the Exchange about Credit Rating- Revision-FITCH RATINGS
07-Mar-2025 16:28:36,Analysts/Institutional Investor Meet/Con. Call Updates,Union Bank of India has informed the Exchange about Schedule of meet
25-Feb-2025 15:11:23,Analysts/Institutional Investor Meet/Con. Call Updates,Union Bank of India has informed the Exchange about OUTCOME
24-Feb-2025 17:55:38,Analysts/Institutional Investor Meet/Con. Call Updates,Union Bank of India has informed the Exchange about OUTCOME
20-Feb-2025 17:54:44,General Updates,"Union Bank of India has informed the Exchange about Disclosure under Regulation 30 of SEBI (LODR) Regulations, 2015, as amended."
20-Feb-2025 16:14:24,Analysts/Institutional Investor Meet/Con. Call Updates,Union Bank of India has informed the Exchange about OUTCOME
14-Feb-2025 16:12:38,Analysts/Institutional Investor Meet/Con. Call Updates,Union Bank of India has informed the Exchange about Schedule of meet
14-Feb-2025 16:10:28,Analysts/Institutional Investor Meet/Con. Call Updates,Union Bank of India has informed the Exchange about Schedule of meet
13-Feb-2025 12:40:41,Analysts/Institutional Investor Meet/Con. Call Updates,Union Bank of India has informed the Exchange about Schedule of meet
12-Feb-2025 17:28:55,Analysts/Institutional Investor Meet/Con. Call Updates,Union Bank of India has informed the Exchange about OUTCOME
11-Feb-2025 16:59:28,Analysts/Institutional Investor Meet/Con. Call Updates,Union Bank of India has informed the Exchange about OUTCOME
06-Feb-2025 12:55:33,Analysts/Institutional Investor Meet/Con. Call Updates,Union Bank of India has informed the Exchange about Schedule of meet
05-Feb-2025 12:33:00,Analysts/Institutional Investor Meet/Con. Call Updates,Union Bank of India has informed the Exchange about Schedule of meet
01-Feb-2025 16:25:40,Analysts/Institutional Investor Meet/Con. Call Updates,Union Bank of India has informed the Exchange about Transcript
29-Jan-2025 17:39:10,Outcome of Board Meeting,"Union Bank of India has informed the Exchange regarding Outcome of Board Meeting held on January 29, 2025."
28-Jan-2025 17:17:33,Analysts/Institutional Investor Meet/Con. Call Updates,Union Bank of India has informed the Exchange about Link of Recording
27-Jan-2025 21:03:02,Updates,"Union Bank of India has informed the Exchange regarding 'Presentation on Financial Results of the Bank for the Quarter and Nine Months ended on December 31, 2024.'"
27-Jan-2025 20:51:06,Updates,"Union Bank of India has informed the Exchange regarding 'Press Release on the Financial Results of the Bank for the Quarter and Nine Months ended on December 31, 2024.'."
27-Jan-2025 20:38:57,Integrated Filing- Financial,"Unaudited Reviewed Financial Results (Standalone and Consolidated) of the Bank for the Quarter and Nine Months ended on December 31, 2024."
27-Jan-2025 20:28:29,Financial Result Updates," Union Bank of India has submitted to the Exchange, the financial results for the period ended December 31, 2024."
24-Jan-2025 20:07:37,Updates,Union Bank of India has informed the Exchange regarding 'Raising of Long Term Bonds by the Bank'.
22-Jan-2025 18:07:06,Analysts/Institutional Investor Meet/Con. Call Updates,"Union Bank of India has informed the Exchange about Schedule of Earnings Call for the quarter ended on December 31, 2024."
18-Jan-2025 13:57:55,Credit Rating- Revision,Union Bank of India has informed the Exchange about Credit Rating- Revision
18-Jan-2025 13:00:24,Credit Rating- Revision,Union Bank of India has informed the Exchange about Credit Rating- Revision in Ratings -Upgradation of Ratings by India Ratings and Research PrivateLimited.
14-Jan-2025 17:54:19,"Certificate under SEBI (Depositories and Participants) Regulations, 2018","Certificate under Regulation 74 (5) of the SEBI (Depositories and Participants) Regulations, 2018 for the quarter ended on 31st December 2024"
04-Jan-2025 14:40:47,General Updates,Union Bank of India has informed the Exchange about General Updates
27-Dec-2024 15:31:43,Trading Window,"Union Bank of India has informed the Exchange regarding the Trading Window closure pursuant to SEBI (Prohibition of Insider Trading) Regulations, 2015"
24-Dec-2024 14:56:12,Analysts/Institutional Investor Meet/Con. Call Updates,Union Bank of India has informed the Exchange about OUTCOME
21-Dec-2024 15:15:18,Cessation,"Union Bank of India has informed the Exchange regarding Cessation of Mr Suraj Srivastava as Non- Executive Independent Director of the company w.e.f. December 21, 2024."
18-Dec-2024 16:34:52,Analysts/Institutional Investor Meet/Con. Call Updates,Union Bank of India has informed the Exchange about Schedule of meet
18-Dec-2024 16:30:08,Loss of Share Certificates,Union Bank of India has informed the Exchange about Loss of Share Certificates
17-Dec-2024 16:20:39,Loss of Share Certificates,Union Bank of India has informed the Exchange about Loss of Share Certificates
17-Dec-2024 15:38:10,Analysts/Institutional Investor Meet/Con. Call Updates,Union Bank of India has informed the Exchange about OUTCOME
16-Dec-2024 18:58:17,Loss of Share Certificates,Union Bank of India has informed the Exchange about Loss of Share Certificates
12-Dec-2024 17:27:36,Analysts/Institutional Investor Meet/Con. Call Updates,Union Bank of India has informed the Exchange about OUTCOME
11-Dec-2024 17:41:27,Appointment,Union Bank of India has informed the Exchange regarding change in Senior Management Personnel of the Bank.
11-Dec-2024 17:08:39,Analysts/Institutional Investor Meet/Con. Call Updates,Union Bank of India has informed the Exchange about Schedule of meet
10-Dec-2024 15:52:58,Loss of Share Certificates,Union Bank of India has informed the Exchange about Loss of Share Certificates
09-Dec-2024 18:49:57,Analysts/Institutional Investor Meet/Con. Call Updates,Union Bank of India has informed the Exchange about Schedule of meet
05-Dec-2024 16:38:23,Analysts/Institutional Investor Meet/Con. Call Updates,Union Bank of India has informed the Exchange about OUTCOME
04-Dec-2024 17:48:43,Analysts/Institutional Investor Meet/Con. Call Updates,Union Bank of India has informed the Exchange about OUTCOME
04-Dec-2024 15:45:41,Loss of Share Certificates,Union Bank of India has informed the Exchange about Loss of Share Certificates
03-Dec-2024 18:14:40,Analysts/Institutional Investor Meet/Con. Call Updates,Union Bank of India has informed the Exchange about OUTCOME
02-Dec-2024 14:40:35,Analysts/Institutional Investor Meet/Con. Call Updates,Union Bank of India has informed the Exchange about Schedule of meet
29-Nov-2024 16:52:02,Loss of Share Certificates,Union Bank of India has informed the Exchange about Loss of Share Certificates
28-Nov-2024 15:19:35,Analysts/Institutional Investor Meet/Con. Call Updates,Union Bank of India has informed the Exchange about Schedule of meet
28-Nov-2024 15:17:50,Analysts/Institutional Investor Meet/Con. Call Updates,Union Bank of India has informed the Exchange about Schedule of meet
27-Nov-2024 17:40:36,Loss of Share Certificates,Union Bank of India has informed the Exchange about Loss of Share Certificates
26-Nov-2024 17:37:11,Analysts/Institutional Investor Meet/Con. Call Updates,Union Bank of India has informed the Exchange about OUTCOME
26-Nov-2024 16:41:40,Loss of Share Certificates,Union Bank of India has informed the Exchange about Loss of Share Certificates
22-Nov-2024 19:20:32,General Updates,Union Bank of India has informed the Exchange about Change in Company Secretary and Compliance Officer
22-Nov-2024 18:06:33,Loss of Share Certificates,Union Bank of India has informed the Exchange about Loss of Share Certificates
21-Nov-2024 17:52:02,Loss of Share Certificates,Union Bank of India has informed the Exchange about Loss of Share Certificates
21-Nov-2024 11:30:42,Analysts/Institutional Investor Meet/Con. Call Updates,Union Bank of India has informed the Exchange about Schedule of meet
19-Nov-2024 17:52:05,Analysts/Institutional Investor Meet/Con. Call Updates,Union Bank of India has informed the Exchange about OUTCOME
18-Nov-2024 18:52:00,Analysts/Institutional Investor Meet/Con. Call Updates,Union Bank of India has informed the Exchange about OUTCOME
18-Nov-2024 18:37:42,Analysts/Institutional Investor Meet/Con. Call Updates,Union Bank of India has informed the Exchange about OUTCOME
18-Nov-2024 18:06:56,Loss of Share Certificates,Union Bank of India has informed the Exchange about Loss of Share Certificates
13-Nov-2024 15:41:30,Loss of Share Certificates,Union Bank of India has informed the Exchange about Loss of Share Certificates
12-Nov-2024 18:37:27,Analysts/Institutional Investor Meet/Con. Call Updates,Union Bank of India has informed the Exchange about Schedule of meet
12-Nov-2024 18:36:21,Analysts/Institutional Investor Meet/Con. Call Updates,Union Bank of India has informed the Exchange about Schedule of meet
12-Nov-2024 18:35:05,Analysts/Institutional Investor Meet/Con. Call Updates,Union Bank of India has informed the Exchange about Schedule of meet
12-Nov-2024 18:30:59,Loss of Share Certificates,Union Bank of India has informed the Exchange about Loss of Share Certificates
07-Nov-2024 22:07:56,General Updates,"Union Bank of India has informed the Exchange about Disclosure under Regulation 30 and 51(1) of SEBI Regulations, 2015 - Syndicated Term Loan of AUD 125 Mn."
05-Nov-2024 16:12:40,Analysts/Institutional Investor Meet/Con. Call Updates,Union Bank of India has informed the Exchange about Outcome
30-Oct-2024 17:10:12,Loss of Share Certificates,Union Bank of India has informed the Exchange about Loss of Share Certificates
29-Oct-2024 18:05:48,Loss of Share Certificates,Union Bank of India has informed the Exchange about Loss of Share Certificates
29-Oct-2024 18:02:59,Analysts/Institutional Investor Meet/Con. Call Updates,Union Bank of India has informed the Exchange about Schedule of meet
28-Oct-2024 17:56:15,Analysts/Institutional Investor Meet/Con. Call Updates,Union Bank of India has informed the Exchange about Transcript of Post Earnings Call
24-Oct-2024 18:17:41,Loss of Share Certificates,Union Bank of India has informed the Exchange about Loss of Share Certificates
23-Oct-2024 19:10:41,Copy of Newspaper Publication,Union Bank of India has informed the Exchange about Copy of Newspaper Publication
22-Oct-2024 17:33:04,Analysts/Institutional Investor Meet/Con. Call Updates,Union Bank of India has informed the Exchange about outcome
21-Oct-2024 20:26:53,Press Release,"Union Bank of India has informed the Exchange regarding a press release dated October 21, 2024, titled ""Press Release on Financial Results for the Quarter and Half Year ended on September 30, 2024.""."
21-Oct-2024 20:19:53,Investor Presentation,Union Bank of India has informed the Exchange about Investor Presentation
21-Oct-2024 20:08:29,Updates,Union Bank of India has informed the Exchange regarding 'Financial Results of the Bank for the Quarter ended 30 September 2024'.
21-Oct-2024 19:58:04,Financial Result Updates," Union Bank of India has submitted to the Exchange, the financial results for the period ended September 30, 2024."
21-Oct-2024 18:34:24,Loss of Share Certificates,Union Bank of India has informed the Exchange about Loss of Share Certificates
17-Oct-2024 11:54:14,Analysts/Institutional Investor Meet/Con. Call Updates,Union Bank of India has informed the Exchange about Schedule of meet
17-Oct-2024 11:33:14,Analysts/Institutional Investor Meet/Con. Call Updates,Union Bank of India has informed the Exchange about Schedule of meet
16-Oct-2024 17:39:20,Loss of Share Certificates,Union Bank of India has informed the Exchange about Loss of Share Certificates
15-Oct-2024 17:27:50,Loss of Share Certificates,Union Bank of India has informed the Exchange about Loss of Share Certificates
14-Oct-2024 18:32:55,"Certificate under SEBI (Depositories and Participants) Regulations, 2018","Union Bank of India has informed the Exchange about Certificate under SEBI (Depositories and Participants) Regulations, 2018"
11-Oct-2024 17:27:48,Fraud/Default/Arrest,Union Bank of India has informed the Exchange about Fraud/Default/Arrest
11-Oct-2024 17:19:16,Fraud/Default/Arrest,Union Bank of India has informed the Exchange about Fraud/Default/Arrest
10-Oct-2024 17:54:44,Loss of Share Certificates,Union Bank of India has informed the Exchange about Loss of Share Certificates
07-Oct-2024 16:48:10,Loss of Share Certificates,Union Bank of India has informed the Exchange about Loss of Share Certificates
05-Oct-2024 17:31:23,General Updates,"Union Bank of India has informed the Exchange about Intimation under SEBI (Listing Obligations and Disclosure Requirements) Regulations, 2015."
03-Oct-2024 19:48:54,Updates,"Union Bank of India has informed the Exchange regarding ''. Disclosure under Regulations 30 of SEBI (LODR) Regulations,2015, as amended"
01-Oct-2024 17:16:10,Appointment,"Union Bank of India has informed the Exchange regarding Appointment of Mr  as Other of the company w.e.f. September 30, 2024."
27-Sep-2024 17:42:17,Trading Window,"Union Bank of India has informed the Exchange regarding the Trading Window closure pursuant to SEBI (Prohibition of Insider Trading) Regulations, 2015"
26-Sep-2024 19:08:21,Strikes/Lockouts/Disturbances,Union Bank of India has informed the Exchange about strikes/lockouts/disturbances
25-Sep-2024 18:10:44,Loss of Share Certificates,Union Bank of India has informed the Exchange about Loss of Share Certificates
23-Sep-2024 11:20:39,General Updates,Union Bank of India has informed the Exchange about General Updates
19-Sep-2024 17:23:57,Analysts/Institutional Investor Meet/Con. Call Updates,Union Bank of India has informed the Exchange about outcome of Analyst/Investor  Meet held on 19.09.2024
19-Sep-2024 17:20:14,Loss of Share Certificates,Union Bank of India has informed the Exchange about Loss of Share Certificates
19-Sep-2024 11:22:27,Loss of Share Certificates,Union Bank of India has informed the Exchange about Loss of Share Certificates
17-Sep-2024 16:50:39,Analysts/Institutional Investor Meet/Con. Call Updates,Union Bank of India has informed the Exchange about Cancellation of Scheduled Analysts Meet on 18.09.2024
17-Sep-2024 16:43:12,Loss of Share Certificates,Union Bank of India has informed the Exchange about Loss of Share Certificates
13-Sep-2024 18:32:11,Analysts/Institutional Investor Meet/Con. Call Updates,Disclosures pertaining to Analysts/Investors meet/Call - Outcome - 13.09.2024
12-Sep-2024 18:21:37,Analysts/Institutional Investor Meet/Con. Call Updates,Union Bank of India has informed the Exchange about Schedule of meet on 18.09.2024
06-Sep-2024 17:29:13,Analysts/Institutional Investor Meet/Con. Call Updates,Union Bank of India has informed the Exchange about outcome 06.09.2024
06-Sep-2024 16:52:48,Loss of Share Certificates,Union Bank of India has informed the Exchange about Loss of Share Certificates
05-Sep-2024 17:20:59,Loss of Share Certificates,Union Bank of India has informed the Exchange about Loss of Share Certificates
03-Sep-2024 18:14:27,Loss of Share Certificates,Union Bank of India has informed the Exchange about Loss of Share Certificates
28-Aug-2024 18:30:09,Analysts/Institutional Investor Meet/Con. Call Updates,Union Bank of India has informed the Exchange about Schedule of meet
28-Aug-2024 18:27:28,Analysts/Institutional Investor Meet/Con. Call Updates,Union Bank of India has informed the Exchange about Schedule of meet
28-Aug-2024 18:25:14,Analysts/Institutional Investor Meet/Con. Call Updates,Union Bank of India has informed the Exchange about outcome
28-Aug-2024 16:55:48,Loss of Share Certificates,Union Bank of India has informed the Exchange about Loss of Share Certificates
28-Aug-2024 13:13:03,Analysts/Institutional Investor Meet/Con. Call Updates,Union Bank of India has informed the Exchange about Schedule of meet on 06.09.2024
26-Aug-2024 17:48:26,Loss of Share Certificates,Union Bank of India has informed the Exchange about Loss of Share Certificates
23-Aug-2024 19:53:38,Updates,"Union Bank of India has informed the Exchange regarding ' Union Bank of India has informed the Exchange regarding 'Disclosure under Regulation 30 of SEBI (LODR) Regulations, 2015'.'."
21-Aug-2024 19:06:13,Analysts/Institutional Investor Meet/Con. Call Updates,Union Bank of India has informed the Exchange about Schedule of meet
21-Aug-2024 19:03:11,Analysts/Institutional Investor Meet/Con. Call Updates,UNIONBANK: Union Bank of India has informed the Exchange about Disclosures pertaining to Analysts/investors meet/call on 21.08.2024
20-Aug-2024 15:51:03,Analysts/Institutional Investor Meet/Con. Call Updates,Union Bank of India has informed the Exchange about outcome of Analyst/Investor  Meet held on 20.08.2024
16-Aug-2024 16:34:42,Analysts/Institutional Investor Meet/Con. Call Updates,Union Bank of India has informed the Exchange about Schedule of Investor/Analyst meet.
14-Aug-2024 23:25:36,Analysts/Institutional Investor Meet/Con. Call Updates,Union Bank of India has informed the Exchange about Schedule of meet
14-Aug-2024 19:17:55,Change in Management,Union Bank of India has informed the Exchange about change in Senior Management of the Bank.
13-Aug-2024 17:04:11,Updates,"Union Bank of India has informed the Exchange regarding 'Disclosure under Regulation 30 of SEBI (LODR) Regulations, 2015'."
13-Aug-2024 00:41:55,Analysts/Institutional Investor Meet/Con. Call Updates,Union Bank of India has informed the Exchange about Disclosures pertaining to Analysts/Investors meet/Call   Outcome.
09-Aug-2024 17:37:09,Change in Management,Union Bank of India has informed the Exchange about change in Senior Management of the Bank.
07-Aug-2024 23:33:21,Analysts/Institutional Investor Meet/Con. Call Updates,Union Bank of India has informed the Exchange about Schedule of meet
06-Aug-2024 16:32:10,Loss of Share Certificates,Union Bank of India has informed the Exchange about Loss of Share Certificates
01-Aug-2024 17:41:00,Copy of Newspaper Publication,Union Bank of India has informed the Exchange about Submission of Newspaper Advertisement - Election of Two Shareholder Directors
29-Jul-2024 14:43:00,Change in Director(s),Union Bank of India has informed the Exchange regarding Change in Director(s) of the company.
29-Jul-2024 12:13:49,Cessation,"Union Bank of India has informed the Exchange regarding Cessation of Mrs. Priti Jay Rao as Non- Executive Independent Director of the Bank w.e.f. July 29, 2024."
27-Jul-2024 21:36:47,Change in Director(s),Union Bank of India has informed the Exchange regarding Change in Director(s) of the company.
26-Jul-2024 22:04:36,Shareholders meeting,"Union Bank of India has submitted the Exchange a copy Srutinizers report of  Annual General Meeting held on July 26, 2024"
26-Jul-2024 20:39:32,Shareholders meeting,"Union Bank of India has informed the Exchange regarding Proceedings of Annual General Meeting held on July 26, 2024"
25-Jul-2024 19:35:41,Updates,Union Bank of India has informed the Exchange regarding 'Transcript of Post Earnings Call'.
24-Jul-2024 19:46:45,Loss of Share Certificates,Union Bank of India has informed the Exchange about Loss of Share Certificates
23-Jul-2024 18:19:38,Loss of Share Certificates,Union Bank of India has informed the Exchange about Loss of Share Certificates
20-Jul-2024 17:48:51,Copy of Newspaper Publication,"Union Bank of India has informed the Exchange about Copy of Newspaper Publication - Unaudited Reviewed Financial Results for the Quarter Ended June 30, 2024,"
20-Jul-2024 17:30:42,Analysts/Institutional Investor Meet/Con. Call Updates,Union Bank of India has informed the Exchange about Audio Recording of Post Earnings Call
19-Jul-2024 20:01:12,Investor Presentation,Union Bank of India has informed the Exchange about Investor Presentation
19-Jul-2024 19:48:27,Press Release,"Union Bank of India has informed the Exchange regarding a press release dated July 19, 2024, titled ""Press Release on the Financial Results of the Bank for the Quarter ended onJune 30, 2024.""."
19-Jul-2024 19:30:00,Financial Result Updates,"Union Bank of India has submitted to the Exchange, the financial results for the period ended June 30, 2024."
16-Jul-2024 18:49:32,Copy of Newspaper Publication,Union Bank of India has informed the Exchange about Copy of Newspaper Publication
16-Jul-2024 11:34:52,Analysts/Institutional Investor Meet/Con. Call Updates,Union Bank of India has informed the Exchange about Schedule of meet
15-Jul-2024 18:49:08,Updates,Election of Shareholders Director scheduled to be held at AGM on July 26 2024
12-Jul-2024 16:10:17,Loss of Share Certificates,Union Bank of India has informed the Exchange about Loss of Share Certificates
11-Jul-2024 16:58:56,Updates,"Union Bank of India has informed the Exchange regarding ''.the meeting of the Board of Directors of the Bank is scheduled on 19/07/2024 ,inter alia, to consider and approve Unaudited Reviewed Financia"
11-Jul-2024 16:23:00,Loss of Share Certificates,Union Bank of India has informed the Exchange about Loss of Share Certificates
09-Jul-2024 17:25:42,Loss of Share Certificates,Union Bank of India has informed the Exchange about Loss of Share Certificates
06-Jul-2024 13:09:44,Updates,Union Bank of India has informed the Exchange regarding 'Disclosure Of Provisional Business Figures as of 30.06.2024'.
05-Jul-2024 15:56:51,"Certificate under SEBI (Depositories and Participants) Regulations, 2018","Union Bank of India has informed the Exchange about Certificate under SEBI (Depositories and Participants) Regulations, 2018"
03-Jul-2024 13:01:52,Credit Rating,Union Bank of India has informed the Exchange about Credit Rating
02-Jul-2024 17:44:14,Copy of Newspaper Publication,Union Bank of India has informed the Exchange about Copy of Newspaper Publication
02-Jul-2024 17:39:46,Loss of Share Certificates,Union Bank of India has informed the Exchange about Loss of Share Certificates
01-Jul-2024 10:30:05,Updates,Union Bank of India has informed the Exchange regarding 'Change in Senior Management of the Bank'.
28-Jun-2024 17:12:18,Loss of Share Certificates,Union Bank of India has informed the Exchange about Loss of Share Certificates
28-Jun-2024 16:13:11,Copy of Newspaper Publication,Union Bank of India has informed the Exchange about Copy of Newspaper Publication
28-Jun-2024 12:55:56,Change in Director(s),Union Bank of India has informed the Exchange regarding Change in Director(s) of the company.
27-Jun-2024 17:15:38,Updates,Union Bank of India has informed the Exchange regarding 'Business Responsibility and Sustainability Report of the Bank for the FY 2023-24'.
27-Jun-2024 16:54:08,Trading Window,"Union Bank of India has informed the Exchange regarding the Trading Window closure pursuant to SEBI (Prohibition of Insider Trading) Regulations, 2015"
27-Jun-2024 16:51:21,Loss of Share Certificates,Union Bank of India has informed the Exchange about Loss of Share Certificates
26-Jun-2024 18:12:55,Updates,Union Bank of India has informed the Exchange regarding 'Integrated Annual Report of the Bank for FY 2023-24.'.
21-Jun-2024 19:08:08,Analysts/Institutional Investor Meet/Con. Call Updates,Union Bank of India has informed the Exchange about Bank's participation in PhillipCapital s JEWELS OF BHARAT PSU Investor Conference 2.0 hosted by PhillipCapital (India) Pvt. Ltd. on 21st June 2024 a
21-Jun-2024 19:05:33,Loss of Share Certificates,Union Bank of India has informed the Exchange about Loss of Share Certificates
21-Jun-2024 11:15:39,Credit Rating,Union Bank of India has informed the Exchange about Credit Rating
21-Jun-2024 11:04:13,Credit Rating,Union Bank of India has informed the Exchange about Credit Rating
20-Jun-2024 17:11:34,Analysts/Institutional Investor Meet/Con. Call Updates,Union Bank of India has informed the Exchange about Bank's participation in BofA 2024 APAC Financial Real Estate Equity and Credit Conference hosted by Bank of America Securities India Limited on 20th
19-Jun-2024 17:25:10,Loss of Share Certificates,Union Bank of India has informed the Exchange about Loss of Share Certificates
18-Jun-2024 17:58:00,Loss of Share Certificates,Union Bank of India has informed the Exchange about Loss of Share Certificates
13-Jun-2024 18:22:53,Analysts/Institutional Investor Meet/Con. Call Updates,Union Bank of India has informed the Exchange about schedule of meet on 21.06.2024
13-Jun-2024 18:21:32,Analysts/Institutional Investor Meet/Con. Call Updates,Union Bank of India has informed the Exchange about schedule of meet on 20.06.2024
12-Jun-2024 19:11:15,Copy of Newspaper Publication,Union Bank of India has informed the Exchange about Copy of Newspaper Publication
12-Jun-2024 19:04:40,Loss of Share Certificates,Union Bank of India has informed the Exchange about Loss of Share Certificates
11-Jun-2024 16:20:49,Book Closure,Union Bank of India has informed the Exchange that Register of Members & Share Transfer Books of the Company will remain closed from 20-Jul-2024 to 26-Jul-2024 for the purpose of Dividend & Meeting.
11-Jun-2024 16:19:26,Updates,"Union Bank of India has informed the Exchange regarding 'Convening of 22nd Annual General Meeting (AGM) of the Shareholders of the Bank, Book Closure for the purpose of AGM, Payment of Dividend and fo"
11-Jun-2024 15:19:05,Outcome of Board Meeting,"Union Bank of India has informed the Exchange regarding Capital Plan of the Bank at its Board meeting held on Jun 11, 2024."
07-Jun-2024 15:57:42,Loss of Share Certificates,Union Bank of India has informed the Exchange about Loss of Share Certificates
07-Jun-2024 14:20:33,Loss of Share Certificates,Union Bank of India has informed the Exchange about Loss of Share Certificates
07-Jun-2024 10:50:47,Appointment,"Union Bank of India has informed the Exchange regarding Appointment of Mr Prafulla Kumar Samal as Chief Compliance Officer of the Bank w.e.f. Jun 07, 2024."
29-May-2024 18:17:51,Analysts/Institutional Investor Meet/Con. Call Updates,Union Bank of India has informed the Exchange about Bank's participation in the 14th Annual Investor Conference - Trinity India 2024 hosted by Batlivala & Karani Securities India Private Limited on 29
28-May-2024 17:28:33,Loss of Share Certificates,Union Bank of India has informed the Exchange about Loss of Share Certificates
27-May-2024 17:17:44,Analysts/Institutional Investor Meet/Con. Call Updates,Union Bank of India has informed the Exchange about Bank participation in BofA Banks Boardroom Series 2024 hosted by Bank of America Securities India Limited on 27th May 2024.
24-May-2024 17:56:20,Analysts/Institutional Investor Meet/Con. Call Updates,Union Bank of India has informed the Exchange about Schedule of meet
24-May-2024 17:22:53,Loss of Share Certificates,Union Bank of India has informed the Exchange about Loss of Share Certificates
22-May-2024 16:05:52,Resignation,"Union Bank of India has informed the Exchange regarding Resignation of Mr Srinivasan Balachander as Other of the company w.e.f. May 22, 2024."
18-May-2024 14:39:07,Analysts/Institutional Investor Meet/Con. Call Updates,Union Bank of India has informed the Exchange about schedule of meet with Investors/Analysts on 27.05.2024
17-May-2024 17:57:25,Updates,Union Bank of India has informed the Exchange regarding 'Transcript of Post Earnings Call'.
16-May-2024 17:22:52,Loss of Share Certificates,Union Bank of India has informed the Exchange about Loss of Share Certificates
14-May-2024 18:15:20,Analysts/Institutional Investor Meet/Con. Call Updates,Union Bank of India has informed the Exchange about outcome of Analyst/Investor  Meet held on 14.05.2024
13-May-2024 17:17:03,Copy of Newspaper Publication,Union Bank of India has informed the Exchange about Copy of Newspaper Publication
11-May-2024 22:35:51,Analysts/Institutional Investor Meet/Con. Call Updates,Union Bank of India has informed the Exchange about Link of Recording
10-May-2024 20:34:20,Loss of Share Certificates,Union Bank of India has informed the Exchange about Loss of Share Certificates
10-May-2024 20:30:22,Investor Presentation,Union Bank of India has informed the Exchange about Investor Presentation
10-May-2024 20:23:16,Press Release,"Union Bank of India has informed the Exchange regarding a press release dated May 10, 2024, titled ""Press Release on the Financial Results for the Quarter / Year ended on March 31, 2024""."
10-May-2024 20:10:39,Dividend Updates,Union Bank of India has informed the Exchange about recommendation of Dividend for FY 2023-24.
10-May-2024 19:57:19,Financial Result Updates,"Union Bank of India has submitted to the Exchange, the financial results for the period ended March 31, 2024."
08-May-2024 15:11:50,Analysts/Institutional Investor Meet/Con. Call Updates,Union Bank of India has informed the Exchange about Schedule of meet with Investors/Analysts on 14.05.2024.
07-May-2024 16:49:57,Loss of Share Certificates,Union Bank of India has informed the Exchange about Loss of Share Certificates
07-May-2024 16:46:32,Analysts/Institutional Investor Meet/Con. Call Updates,"Union Bank of India has informed the Exchange about Schedule of Earnings call for the year ended March 31,2024."
30-Apr-2024 16:38:35,Loss of Share Certificates,Union Bank of India has informed the Exchange about Loss of Share Certificates
23-Apr-2024 16:57:38,Loss of Share Certificates,Union Bank of India has informed the Exchange about Loss of Share Certificates
18-Apr-2024 17:03:07,Loss of Share Certificates,Union Bank of India has informed the Exchange about Loss of Share Certificates
15-Apr-2024 19:28:32,Analysts/Institutional Investor Meet/Con. Call Updates,Union Bank of India has informed the Exchange about Analysts/Investors meet/Call - Outcome.
10-Apr-2024 17:42:49,Loss of Share Certificates,Union Bank of India has informed the Exchange about Loss of Share Certificates
08-Apr-2024 19:47:47,Analysts/Institutional Investor Meet/Con. Call Updates,Union Bank of India has informed the Exchange about Schedule of meet with mostly potential foreign lenders (Banks) for Syndicated Term Loan.
06-Apr-2024 17:30:52,Updates,"Union Bank of India has informed the Exchange regarding 'Disclosure under Regulation 31(5) of SEBI (SAST) Regulation,2011 as of March 31,2024.'."
05-Apr-2024 18:15:24,Updates,Union Bank of India has informed the Exchange regarding 'Disclosure Of Provisional Business Figures as of 31.03.2024.'.
04-Apr-2024 17:16:55,"Certificate under SEBI (Depositories and Participants) Regulations, 2018","Union Bank of India has informed the Exchange about Certificate under SEBI (Depositories and Participants) Regulations, 2018"
03-Apr-2024 19:40:35,Updates,Union Bank of India has informed the Exchange regarding 'Disclosures under Regulation 30 and 51(1) of the SEBI (Listing Obligation'.
02-Apr-2024 19:55:19,Loss of Share Certificates,Union Bank of India has informed the Exchange about Loss of Share Certificates
01-Apr-2024 16:33:22,Loss of Share Certificates,Union Bank of India has informed the Exchange about Loss of Share Certificates
28-Mar-2024 17:27:57,Loss of Share Certificates,Union Bank of India has informed the Exchange about Loss of Share Certificates
28-Mar-2024 16:16:06,Trading Window,"Union Bank of India has informed the Exchange regarding the Trading Window closure pursuant to SEBI (Prohibition of Insider Trading) Regulations, 2015"
28-Mar-2024 16:06:36,Analysts/Institutional Investor Meet/Con. Call Updates,Union Bank of India has informed the Exchange about outcome of Analyst/Investor  Meet held on 28.03.2024
27-Mar-2024 23:50:15,Change in Director(s),Union Bank of India has informed the Exchange regarding Change in Director(s) of the company.
27-Mar-2024 18:50:29,Change in Director(s),Union Bank of India has informed the Exchange regarding Change in Director(s) of the company.
27-Mar-2024 17:14:17,Analysts/Institutional Investor Meet/Con. Call Updates,Union Bank of India has informed the Exchange about outcome of Analyst/Investor  Meet held on 27.03.2024
27-Mar-2024 17:12:23,Loss of Share Certificates,Union Bank of India has informed the Exchange about Loss of Share Certificates
22-Mar-2024 20:48:34,Resignation,"Union Bank of India has informed the Exchange regarding Resignation of Mr Rajnish Khare as Other of the company w.e.f. April 12, 2024."
22-Mar-2024 16:13:53,Analysts/Institutional Investor Meet/Con. Call Updates,Union Bank of India has informed the Exchange about schedule of meet with Investors/Analysts on 28.03.2024
22-Mar-2024 16:12:02,Loss of Share Certificates,Union Bank of India has informed the Exchange about Loss of Share Certificates
21-Mar-2024 18:14:07,Analysts/Institutional Investor Meet/Con. Call Updates,Union Bank of India has informed the Exchange about schedule of meet on 27.03.2024
20-Mar-2024 18:21:40,Loss of Share Certificates,Union Bank of India has informed the Exchange about Loss of Share Certificates
20-Mar-2024 18:20:35,Analysts/Institutional Investor Meet/Con. Call Updates,Union Bank of India has informed the Exchange about outcome of Analysts/Investor Meet/Call dated 20.03.2024
19-Mar-2024 18:00:13,Loss of Share Certificates,Union Bank of India has informed the Exchange about Loss of Share Certificates
15-Mar-2024 17:59:52,Analysts/Institutional Investor Meet/Con. Call Updates,Union Bank of India has informed the Exchange about Schedule of meet with Investors/Analysts on 20.03.2024.
15-Mar-2024 17:52:37,Analysts/Institutional Investor Meet/Con. Call Updates,Union Bank of India has informed the Exchange about outcome of Analysts Meet held on 15.03.2024
15-Mar-2024 17:47:46,Loss of Share Certificates,Union Bank of India has informed the Exchange about Loss of Share Certificates
14-Mar-2024 19:00:19,Analysts/Institutional Investor Meet/Con. Call Updates,Union Bank of India has informed the Exchange about outcome of Analysts/Investors meet/call dated 14.03.2024
13-Mar-2024 18:21:59,Loss of Share Certificates,Union Bank of India has informed the Exchange about Loss of Share Certificates
12-Mar-2024 18:36:58,Analysts/Institutional Investor Meet/Con. Call Updates,Union Bank of India has informed the Exchange about Schedule of meet on 15.03.2024
12-Mar-2024 17:51:10,Analysts/Institutional Investor Meet/Con. Call Updates,Union Bank of India has informed the Exchange about outcome of Analysts Meet held on 12.03.2024
06-Mar-2024 17:28:48,Analysts/Institutional Investor Meet/Con. Call Updates,Union Bank of India has informed the Exchange that Bank will be participating in Investor Meet on 14.02.2024.
06-Mar-2024 17:23:12,Loss of Share Certificates,Union Bank of India has informed the Exchange about Loss of Share Certificates
05-Mar-2024 17:22:09,Analysts/Institutional Investor Meet/Con. Call Updates,Union Bank of India has informed the Exchange that Bank will be participating in Investor Meet on 12.03.2024.
05-Mar-2024 17:17:45,Loss of Share Certificates,Union Bank of India has informed the Exchange about Loss of Share Certificates
01-Mar-2024 17:07:42,Change in Management,Union Bank of India has informed the Exchange about Change in Senior Management- Revised
01-Mar-2024 16:26:47,Change in Management,Union Bank of India has informed the Exchange about change in Management
28-Feb-2024 16:52:01,Loss of Share Certificates,Union Bank of India has informed the Exchange about Loss of Share Certificates
28-Feb-2024 12:00:49,Trading Window,"Union Bank of India has informed the Exchange regarding the Trading Window closure pursuant to SEBI (Prohibition of Insider Trading) Regulations, 2015"
26-Feb-2024 20:12:30,Qualified Institutional Placement,Union Bank of India has informed the Exchange about allotment of equity shares under Qualified Institutions Placement
23-Feb-2024 17:48:41,Qualified Institutional Placement,Union Bank of India has informed the Exchange about closure of issue of equity shares under Qualified Institutions Placement.
21-Feb-2024 19:43:52,Analysts/Institutional Investor Meet/Con. Call Updates,Disclosures pertaining to Non-deal Roadshows/Analyst/Institutional Investor Meet/Call dated 21.02.2024
21-Feb-2024 17:22:05,Loss of Share Certificates,Union Bank of India has informed the Exchange about Loss of Share Certificates
20-Feb-2024 19:18:14,Loss of Share Certificates,Union Bank of India has informed the Exchange about Loss of Share Certificates
20-Feb-2024 17:53:47,Trading Window,"Union Bank of India has informed the Exchange regarding the Trading Window closure pursuant to SEBI (Prohibition of Insider Trading) Regulations, 2015"
20-Feb-2024 17:46:42,Qualified Institutional Placement,Union Bank of India has informed the Exchange about qualified Institutional Placement - Prior intimation for determining Issue Price
20-Feb-2024 17:35:22,Qualified Institutional Placement,"Union Bank of India has informed the Exchange about qualified Institutional Placement - Opening of the Issue on February 20,2024"
20-Feb-2024 12:19:34,Analysts/Institutional Investor Meet/Con. Call Updates,Union Bank of India has informed the Exchange about
16-Feb-2024 20:44:37,Analysts/Institutional Investor Meet/Con. Call Updates,Union Bank of India has informed the Exchange about outcome
16-Feb-2024 18:33:35,Loss of Share Certificates,Union Bank of India has informed the Exchange about Loss of Share Certificates
15-Feb-2024 20:16:00,Analysts/Institutional Investor Meet/Con. Call Updates,Union Bank of India has informed the Exchange about outcome
14-Feb-2024 18:52:52,Analysts/Institutional Investor Meet/Con. Call Updates,Disclosures pertaining to Non-deal Roadshows/Analyst/Institutional Investor Meet/Call dated 14.02.2024
12-Feb-2024 16:34:46,Loss of Share Certificates,Intimation of Loss of Share Certificates
09-Feb-2024 20:06:18,Analysts/Institutional Investor Meet/Con. Call Updates,Union Bank of India has informed the Exchange about outcome
09-Feb-2024 20:03:57,Loss of Share Certificates,Union Bank of India has informed the Exchange about Loss of Share Certificates.
08-Feb-2024 19:32:57,Analysts/Institutional Investor Meet/Con. Call Updates,Union Bank of India has informed the Exchange about outcome
07-Feb-2024 19:08:37,Analysts/Institutional Investor Meet/Con. Call Updates,Union Bank of India has informed the Exchange regarding Disclosures pertaining to Non-deal Roadshows/Analyst/Institutional Investor Meet/Call.
06-Feb-2024 18:36:46,Analysts/Institutional Investor Meet/Con. Call Updates,Union Bank of India has informed the Exchange that representatives of the Bank held interaction with Investors/Analysts on 6th February 2024
06-Feb-2024 18:20:03,Loss of Share Certificates,Union Bank of India has informed the Exchange about Loss of Share Certificates
03-Feb-2024 19:38:34,Updates,'Brief profile of Statutory Central Auditors (SCA) of the Bank for the Financial Year 2023-24'.
02-Feb-2024 19:12:21,Analysts/Institutional Investor Meet/Con. Call Updates,Outcome of Analysts meet/call dated 02.02.2024
01-Feb-2024 18:14:33,Analysts/Institutional Investor Meet/Con. Call Updates,Union Bank of India has informed the Exchange that Top Management of the Bank participated in Investor/Analyst meet conducted by Bank of America on 01.02.2024 at Hong Kong.
01-Feb-2024 18:05:57,Loss of Share Certificates,Union Bank of India has informed the Exchange about Loss of Share Certificates
31-Jan-2024 20:23:23,Investor Presentation,Union Bank of India has informed the Exchange about Investor Presentation
31-Jan-2024 18:43:42,Change in Management,Union Bank of India has informed the Exchange about change in Senior Management of the Bank
30-Jan-2024 17:29:22,Loss of Share Certificates,Union Bank of India has informed the Exchange about Loss of Share Certificates
29-Jan-2024 17:16:33,Analysts/Institutional Investor Meet/Con. Call Updates,Union Bank of India has informed the Exchange about Schedule of meet of Analysts/Investors of the Bank to be held on 08.02.2024 at Mumbai.
25-Jan-2024 19:27:31,Updates,Union Bank of India has informed the Exchange regarding 'Transcript of Post Earnings Call'.
25-Jan-2024 18:21:33,Analysts/Institutional Investor Meet/Con. Call Updates,Union Bank of India has informed the Exchange that Bank will be participating in Investor/Analyst Meet conducted by Bank of America Securities on 1st and 2nd February 2024 at Hong Kong.
24-Jan-2024 17:50:22,Loss of Share Certificates,Union Bank of India has informed the Exchange about Loss of Share Certificates
23-Jan-2024 18:04:13,Loss of Share Certificates,Union Bank of India has informed the Exchange about Loss of Share Certificates
23-Jan-2024 17:56:50,Copy of Newspaper Publication,"submission of Newspaper Publication- Limited Reviewed Financial Results (Standalone and Consolidated) of the Bank for the Quarter and Nine Months ended on December 31,2023"
23-Jan-2024 12:44:19,Appointment,"Union Bank of India has informed the Exchange regarding Appointment of Ms Kanika Pasricha as Chief Economic Advisor  of the Bank w.e.f. January 23, 2024."
20-Jan-2024 18:46:48,Analysts/Institutional Investor Meet/Con. Call Updates,Union Bank of India has informed the Exchange about Audio Recording of Post Earnings Call held on 20th January 2024 for Limited Reviewed Financial Results (Standalone and Consolidated) for the Third Q
20-Jan-2024 14:53:49,Press Release,"Union Bank of India has informed the Exchange regarding a press release dated January 20, 2024, titled ""Union Bank of India has informed the Stock Exchanges regarding press release on the Limited Revi"
20-Jan-2024 14:48:03,Investor Presentation,Union Bank of India has informed the Exchange about Investor Presentation
20-Jan-2024 14:06:46,Financial Result Updates,"Union Bank of India has submitted to the Exchange, the financial results for the period ended December 31, 2023."
19-Jan-2024 18:23:33,Loss of Share Certificates,Union Bank of India has informed the Exchange about Loss of Share Certificates
18-Jan-2024 18:17:29,Loss of Share Certificates,Union Bank of India has informed the Exchange about Loss of Share Certificates
17-Jan-2024 17:31:31,Analysts/Institutional Investor Meet/Con. Call Updates,"Union Bank of India has informed the Exchange about Schedule of Earnings Call for the Quarter ended on December 31, 2023"
16-Jan-2024 17:51:59,Loss of Share Certificates,Union Bank of India has informed the Exchange about Loss of Share Certificates
11-Jan-2024 18:26:31,Loss of Share Certificates,Union Bank of India has informed the Exchange about Loss of Share Certificates
10-Jan-2024 18:06:47,Loss of Share Certificates,Union Bank of India has informed the Exchange about Loss of Share Certificates
08-Jan-2024 17:40:24,"Certificate under SEBI (Depositories and Participants) Regulations, 2018","Union Bank of India has informed the Exchange about Certificate under SEBI (Depositories and Participants) Regulations, 2018"
05-Jan-2024 18:35:01,Updates,Union Bank of India has informed the Exchange regarding 'Disclosure Of Provisional Business Figures as of 31.12.2023'.
05-Jan-2024 15:58:36,Loss of Share Certificates,Union Bank of India has informed the Exchange about Loss of Share Certificates
04-Jan-2024 18:37:41,Loss of Share Certificates,Union Bank of India has informed the Exchange about Loss of Share Certificates
03-Jan-2024 18:38:54,Loss of Share Certificates,Union Bank of India has informed the Exchange about Loss of Share Certificates
31-Dec-2023 21:54:36,Updates,Union Bank of India has informed the Exchange regarding 'Change in Senior Management of the Bank.'.
29-Dec-2023 18:00:01,Loss of Share Certificates,Union Bank of India has informed the Exchange about Loss of Share Certificates
28-Dec-2023 17:55:05,Trading Window,"Union Bank of India has informed the Exchange regarding the Trading Window closure pursuant to SEBI (Prohibition of Insider Trading) Regulations, 2015"
22-Dec-2023 17:46:37,Credit Rating,Union Bank of India has informed the Exchange about Credit Rating
21-Dec-2023 16:46:26,Loss of Share Certificates,Union Bank of India has informed the Exchange about Loss of Share Certificates
20-Dec-2023 18:27:35,Loss of Share Certificates,Union Bank of India has informed the Exchange about Loss of Share Certificates
19-Dec-2023 18:45:04,Loss of Share Certificates,Union Bank of India has informed the Exchange about Loss of Share Certificates
15-Dec-2023 17:22:19,Loss of Share Certificates,Union Bank of India has informed the Exchange about Loss of Share Certificates
12-Dec-2023 19:21:45,Analysts/Institutional Investor Meet/Con. Call Updates,Union Bank of India has informed the Exchange about outcome
12-Dec-2023 17:54:20,Loss of Share Certificates,Union Bank of India has informed the Exchange about Loss of Share Certificates
11-Dec-2023 17:45:43,Loss of Share Certificates,Union Bank of India has informed the Exchange about Loss of Share Certificates
08-Dec-2023 18:16:14,Analysts/Institutional Investor Meet/Con. Call Updates,Union Bank of India has informed the Exchange about outcome
07-Dec-2023 17:57:10,Analysts/Institutional Investor Meet/Con. Call Updates,Union Bank of India has informed the Exchange about outcome
05-Dec-2023 19:19:59,Analysts/Institutional Investor Meet/Con. Call Updates,Union Bank of India has informed the Exchange about Schedule of meet
04-Dec-2023 18:26:20,Loss of Share Certificates,Union Bank of India has informed the Exchange about Loss of Share Certificates
02-Dec-2023 18:20:34,Analysts/Institutional Investor Meet/Con. Call Updates,Union Bank of India has informed the Exchange about Schedule of meet
30-Nov-2023 18:19:35,Loss of Share Certificates,Union Bank of India has informed the Exchange about Loss of Share Certificates
29-Nov-2023 18:47:38,Loss of Share Certificates,Union Bank of India has informed the Exchange about Loss of Share Certificates
28-Nov-2023 20:09:27,Analysts/Institutional Investor Meet/Con. Call Updates,Union Bank of India has informed the Exchange about outcome of Analysts meet
23-Nov-2023 20:46:58,Analysts/Institutional Investor Meet/Con. Call Updates,Union Bank of India has informed the Exchange about outcome
23-Nov-2023 18:59:25,Credit Rating,Union Bank of India has informed the Exchange about Credit Rating
23-Nov-2023 18:36:05,Credit Rating,Union Bank of India has informed the Exchange about Credit Rating
23-Nov-2023 18:09:45,Loss of Share Certificates,Union Bank of India has informed the Exchange about Loss of Share Certificates
22-Nov-2023 17:32:53,Loss of Share Certificates,Union Bank of India has informed the Exchange about Loss of Share Certificates
20-Nov-2023 19:03:49,Analysts/Institutional Investor Meet/Con. Call Updates,Union Bank of India has informed the Exchange about Analysts meet/call
20-Nov-2023 10:57:17,Appointment,"Union Bank of India has informed the Exchange regarding Appointment of Mr AVINASH VASANT PRABHU as Chief Financial Officer of the company w.e.f. November 20, 2023."
18-Nov-2023 18:23:18,Analysts/Institutional Investor Meet/Con. Call Updates,Union Bank of India has informed the Exchange about the Scheduled Meet of the Investor/Analysts to be held on 28.11.2023 at Mumbai.
16-Nov-2023 17:31:53,Loss of Share Certificates,Union Bank of India has informed the Exchange about Loss of Share Certificates
13-Nov-2023 19:55:21,Loss of Share Certificates,Union Bank of India has informed the Exchange about Loss of Share Certificates
10-Nov-2023 17:40:49,Loss of Share Certificates,Union Bank of India has informed the Exchange about Loss of Share Certificates
09-Nov-2023 18:41:06,Loss of Share Certificates,Union Bank of India has informed the Exchange about Loss of Share Certificates
08-Nov-2023 18:58:01,Loss of Share Certificates,Union Bank of India has informed the Exchange about Loss of Share Certificates
07-Nov-2023 17:58:33,Loss of Share Certificates,Union Bank of India has informed the Exchange about Loss of Share Certificates
06-Nov-2023 20:23:09,Analysts/Institutional Investor Meet/Con. Call Updates,Union Bank of India has informed the Exchange about outcome
06-Nov-2023 18:31:44,Loss of Share Certificates,Union Bank of India has informed the Exchange about Loss of Share Certificates
04-Nov-2023 11:07:56,Loss of Share Certificates,Union Bank of India has informed the Exchange about Loss of Share Certificates
02-Nov-2023 17:55:55,Loss of Share Certificates,Union Bank of India has informed the Exchange about Loss of Share Certificates
01-Nov-2023 17:45:24,Loss of Share Certificates,Union Bank of India has informed the Exchange about Loss of Share Certificates
01-Nov-2023 16:41:59,Analysts/Institutional Investor Meet/Con. Call Updates,Union Bank of India has informed the Exchange about Transcript
01-Nov-2023 10:30:07,Change in Management,Union Bank of India has informed the Exchange about change in Chief Compliance Officer (CCO) of the Bank.
31-Oct-2023 18:14:25,Analysts/Institutional Investor Meet/Con. Call Updates,Union Bank of India has informed the Exchange that Bank will be participating in Summit hosted by Anand Rathi Institutional Equities to be held on 06.11.2023 at Mumbai
31-Oct-2023 17:36:58,Loss of Share Certificates,Union Bank of India has informed the Exchange about Loss of Share Certificates
30-Oct-2023 19:18:08,Copy of Newspaper Publication,"Union Bank of India has informed the Exchange about Copy of Newspaper Publication of Financial Results (Standalone and Consolidated) for Quarter and Half year ended on September 30,2023."
30-Oct-2023 18:46:33,Loss of Share Certificates,Union Bank of India has informed the Exchange about Loss of Share Certificates
28-Oct-2023 16:29:28,Updates,Union Bank of India has informed the Exchange regarding 'Audio Recording of Post Earning Call'.
28-Oct-2023 15:43:53,Analysts/Institutional Investor Meet/Con. Call Updates,Union Bank of India has informed the Exchange about Link of Recording
27-Oct-2023 19:37:18,Loss of Share Certificates,Union Bank of India has informed the Exchange about Loss of Share Certificates
27-Oct-2023 19:24:34,Press Release,"Union Bank of India has informed the Exchange regarding a press release dated October 27, 2023, titled ""Press Release on the Financial Results for the Quarter and Half Year ended on September 30, 2023"
27-Oct-2023 19:18:19,Investor Presentation,Union Bank of India has informed the Exchange about Investor Presentation
27-Oct-2023 19:06:22,Financial Result Updates,"Union Bank of India has submitted to the Exchange, the financial results for the period ended September 30, 2023."
27-Oct-2023 13:52:14,Credit Rating,Union Bank of India has informed the Exchange about Credit Rating
25-Oct-2023 16:09:09,Analysts/Institutional Investor Meet/Con. Call Updates,"Union Bank of India has informed the Exchange about Schedule of Earnings Call for the Quarter/Half Year ended on September 30, 2023"
23-Oct-2023 19:03:11,Loss of Share Certificates,Union Bank of India has informed the Exchange about Loss of Share Certificates
20-Oct-2023 18:05:36,Loss of Share Certificates,Union Bank of India has informed the Exchange about Loss of Share Certificates
19-Oct-2023 18:04:22,Loss of Share Certificates,Union Bank of India has informed the Exchange about Loss of Share Certificates
18-Oct-2023 16:30:48,Updates,"Union Bank of India has informed the Exchange regarding 'Unaudited Reviewed Financial Results (Standalone and Consolidated) of the Bank for the Quarter/Half Year ended on September 30, 2023. '."
13-Oct-2023 19:01:23,Updates,Union Bank of India has informed the Exchange regarding 'Disclosure under Regulation 30 of SEBI LODR'.
11-Oct-2023 19:01:41,Loss of Share Certificates,Union Bank of India has informed the Exchange about Loss of Share Certificates
10-Oct-2023 17:29:21,Loss of Share Certificates,Union Bank of India has informed the Exchange about Loss of Share Certificates
10-Oct-2023 17:20:42,Change in Management,Union Bank of India has informed the Exchange about change in Management
09-Oct-2023 19:02:35,Appointment,"Union Bank of India has informed the Exchange regarding Appointment of Mr SANJAY RUDRA as Executive Director of the company w.e.f. October 09, 2023."
09-Oct-2023 16:48:45,"Certificate under SEBI (Depositories and Participants) Regulations, 2018","Union Bank of India has informed the Exchange about Certificate under SEBI (Depositories and Participants) Regulations, 2018"
06-Oct-2023 18:01:43,Loss of Share Certificates,Union Bank of India has informed the Exchange about Loss of Share Certificates
05-Oct-2023 18:46:26,Loss of Share Certificates,Union Bank of India has informed the Exchange about Loss of Share Certificates
04-Oct-2023 17:52:25,Loss of Share Certificates,Union Bank of India has informed the Exchange about Loss of Share Certificates
30-Sep-2023 17:05:19,Loss of Share Certificates,Union Bank of India has informed the Exchange about Loss of Share Certificates
28-Sep-2023 14:31:45,Trading Window,"Union Bank of India has informed the Exchange regarding the Trading Window closure pursuant to SEBI (Prohibition of Insider Trading) Regulations, 2015"
27-Sep-2023 16:57:47,Change in Auditors,Union Bank of India has informed the Exchange regarding Change in Auditors of the company.
26-Sep-2023 18:11:48,Loss of Share Certificates,Union Bank of India has informed the Exchange about Loss of Share Certificates
25-Sep-2023 16:17:11,Analysts/Institutional Investor Meet/Con. Call Updates,Union Bank of India has informed the Exchange that Top Management of the Bank held interaction with Analysts/Investors.
20-Sep-2023 18:16:03,Analysts/Institutional Investor Meet/Con. Call Updates,Union Bank of India has informed the Exchange about Schedule of meet with Analysts/Investors.
20-Sep-2023 18:14:21,Loss of Share Certificates,Union Bank of India has informed the Exchange about Loss of Share Certificates
18-Sep-2023 18:34:04,Updates,"Union Bank of India has informed the Exchange regarding 'Extension of Term of Shri Nitesh Ranjan, Executive Director of the Bank'."
16-Sep-2023 10:40:54,Analysts/Institutional Investor Meet/Con. Call Updates,"Union Bank of India has informed the Exchange that Top Management of the Bank held interaction with Analysts/Investors on 15th September,2023 in Mumbai."
14-Sep-2023 18:23:33,Loss of Share Certificates,Union Bank of India has informed the Exchange about Loss of Share Certificates
13-Sep-2023 18:53:52,Loss of Share Certificates,Union Bank of India has informed the Exchange about Loss of Share Certificates
12-Sep-2023 17:52:44,Loss of Share Certificates,Union Bank of India has informed the Exchange about Loss of Share Certificates
12-Sep-2023 17:38:59,Analysts/Institutional Investor Meet/Con. Call Updates,Union Bank of India has informed the Exchange about Schedule of meet on 15.09.2023
07-Sep-2023 17:03:28,Loss of Share Certificates,Union Bank of India has informed the Exchange about Loss of Share Certificates
05-Sep-2023 18:23:59,Loss of Share Certificates,Union Bank of India has informed the Exchange about Loss of Share Certificates
31-Aug-2023 18:31:47,Credit Rating,Union Bank of India has informed the Exchange about Credit Rating
31-Aug-2023 17:15:03,Loss of Share Certificates,Union Bank of India has informed the Exchange about Loss of Share Certificates
29-Aug-2023 17:44:39,Loss of Share Certificates,Union Bank of India has informed the Exchange about Loss of Share Certificates
28-Aug-2023 17:57:56,Loss of Share Certificates,Union Bank of India has informed the Exchange about Loss of Share Certificates
25-Aug-2023 12:51:28,Qualified Institutional Placement,"Union Bank of India has informed the Exchange about allotment of 57,77,00,751 Equity Shares under Qualified Institutions Placement"
24-Aug-2023 20:30:56,Qualified Institutional Placement,Union Bank of India has informed the Exchange about closure of issue of equity shares under Qualified Institutions Placement
24-Aug-2023 18:07:13,Loss of Share Certificates,Union Bank of India has informed the Exchange about Loss of Share Certificates
22-Aug-2023 18:07:36,Loss of Share Certificates,Union Bank of India has informed the Exchange about Loss of Share Certificates
21-Aug-2023 17:52:27,Qualified Institutional Placement,Union Bank of India has informed the Exchange about qualified Institutional Placement - Prior intimation for determining Issue Price
21-Aug-2023 17:44:21,Qualified Institutional Placement,Union Bank of India has informed the Exchange about qualified Institutional Placement - Opening of the Issue
18-Aug-2023 18:33:12,Analysts/Institutional Investor Meet/Con. Call Updates,Union Bank of India has informed the Exchange about outcome
17-Aug-2023 18:56:33,Analysts/Institutional Investor Meet/Con. Call Updates,Union Bank of India has informed the Exchange about outcome
17-Aug-2023 18:35:22,Loss of Share Certificates,Union Bank of India has informed the Exchange about Loss of Share Certificates
14-Aug-2023 19:24:24,Analysts/Institutional Investor Meet/Con. Call Updates,Union Bank of India has informed the Exchange about outcome
10-Aug-2023 20:46:03,Credit Rating,Union Bank of India has informed the Exchange about Credit Rating
10-Aug-2023 19:44:12,Analysts/Institutional Investor Meet/Con. Call Updates,Union Bank of India has informed the Exchange about outcome of analysts meet
09-Aug-2023 19:09:02,Analysts/Institutional Investor Meet/Con. Call Updates,Union Bank of India has informed the Exchange about outcome of Analysts meet/call
09-Aug-2023 18:20:25,Loss of Share Certificates,Union Bank of India has informed the Exchange about Loss of Share Certificates
08-Aug-2023 18:16:42,Analysts/Institutional Investor Meet/Con. Call Updates,Union Bank of India has informed the Exchange about outcome of Analysts meet
07-Aug-2023 22:44:29,Analysts/Institutional Investor Meet/Con. Call Updates,Union Bank of India has informed the Exchange about Analyst Meet/Call
07-Aug-2023 16:28:37,Registrar & Share Transfer Agent Update,Union Bank of India has informed the Exchange about Registrar & Share Transfer Agent Update
05-Aug-2023 12:14:54,Shareholders meeting,"Union Bank of India has submitted the Exchange a copy Srutinizers report of  Annual General Meeting held on August 04, 2023. Further, the company has informed the Exchange regarding voting results."
04-Aug-2023 21:36:15,Shareholders meeting,"Union Bank of India has informed the Exchange regarding Proceedings of Annual General Meeting held on August 04, 2023"
04-Aug-2023 18:36:44,Analysts/Institutional Investor Meet/Con. Call Updates,Union Bank of India has informed the Exchange that representatives of the Bank held interaction with investors on 04.08.2023
04-Aug-2023 18:34:04,Loss of Share Certificates,Union Bank of India has informed the Exchange about Loss of Share Certificates
03-Aug-2023 19:22:48,Analysts/Institutional Investor Meet/Con. Call Updates,Union Bank of India has informed the Exchange that representatives of the Bank held interaction with Investors on 03.08.2023.
02-Aug-2023 18:45:17,Analysts/Institutional Investor Meet/Con. Call Updates,Union Bank of India has informed the Exchange that the representatives of the Bank held interaction with Investors on 02.08.2023.
01-Aug-2023 17:49:55,Analysts/Institutional Investor Meet/Con. Call Updates,Union Bank of India has informed the Exchange that the representatives of the Bank held interaction with Investors on  01.08.2023.
31-Jul-2023 17:46:49,Loss of Share Certificates,Union Bank of India has informed the Exchange about Loss of Share Certificates
31-Jul-2023 17:45:01,Investor Presentation,Union Bank of India has informed the Exchange about Investor Presentation
27-Jul-2023 17:03:20,Loss of Share Certificates,Union Bank of India has informed the Exchange about Loss of Share Certificates
27-Jul-2023 16:21:14,Analysts/Institutional Investor Meet/Con. Call Updates,"Union Bank of India has informed the Exchange about the Bank's participation in Non-Deal Roadshows from August 01,2023 onwards"
26-Jul-2023 18:37:49,Analysts/Institutional Investor Meet/Con. Call Updates,"Transcript of Post Earnings Call for quarter ended June 30,2023"
25-Jul-2023 17:01:24,Updates,"Union Bank of India has informed the Exchange regarding ''Strategic Partnership with IBM for Accelerating growth via Digital Transformation""."
24-Jul-2023 19:25:50,Copy of Newspaper Publication,"Copy of Newspaper Publication of Addendum to the Annual General Meeting to be held on August 04,2023."
24-Jul-2023 19:11:41,Copy of Newspaper Publication,"Copy of Newspaper Publication of Financial Results for the Quarter ended June 30,2023"
21-Jul-2023 17:11:53,Analysts/Institutional Investor Meet/Con. Call Updates,Union Bank of India has informed the Exchange about Link of Recording of Post Earnings Call
20-Jul-2023 23:39:47,Updates,Union Bank of India has informed the Exchange regarding 'Financial results for the quarter ended on 30th June 2023'.
20-Jul-2023 20:22:49,Investor Presentation,Union Bank of India has informed the Exchange about Investor Presentation
20-Jul-2023 20:14:12,Press Release,"Union Bank of India has informed the Exchange regarding a press release dated July 20, 2023, titled ""Reviewed (Standalone and Consolidated) Financial Results for the quarter ended June 30, 2023""."
20-Jul-2023 20:04:55,Updates,"Union Bank of India has informed the Exchange regarding 'Addendum to AGM Notice dated June 23, 2023'."
20-Jul-2023 19:56:04,Financial Result Updates,"Union Bank of India has submitted to the Exchange, the financial results for the period ended June 30, 2023."
20-Jul-2023 17:53:49,Loss of Share Certificates,Union Bank of India has informed the Exchange about Loss of Share Certificates
19-Jul-2023 16:56:58,Loss of Share Certificates,Union Bank of India has informed the Exchange about Loss of Share Certificates
17-Jul-2023 18:22:55,Loss of Share Certificates,Union Bank of India has informed the Exchange about Loss of Share Certificates
15-Jul-2023 14:41:21,Credit Rating,Union Bank of India has informed the Exchange about Credit Rating
14-Jul-2023 19:16:00,Change in Director(s),Union Bank of India has informed the Exchange regarding Change in Director(s) of the company.
14-Jul-2023 18:51:27,Analysts/Institutional Investor Meet/Con. Call Updates,"Union Bank of India has informed the Exchange about Schedule of Earnings Call for the Quarter ended on June 30, 2023 on July 21,2023."
14-Jul-2023 18:49:38,Loss of Share Certificates,Union Bank of India has informed the Exchange about Loss of Share Certificates
13-Jul-2023 17:40:41,"Certificate under SEBI (Depositories and Participants) Regulations, 2018","Union Bank of India has informed the Exchange about Certificate under SEBI (Depositories and Participants) Regulations, 2018"
13-Jul-2023 17:39:06,Loss of Share Certificates,Union Bank of India has informed the Exchange about Loss of Share Certificates
12-Jul-2023 17:52:33,Updates,UNION BANK OF INDIA has informed the Exchange about Board Meeting to be held on 20-Jul-2023 to inter-alia consider and approve the Reviewed Financial Results (Standalone and Consolidated) of the Bank 
11-Jul-2023 18:16:06,Loss of Share Certificates,Union Bank of India has informed the Exchange about Loss of Share Certificates
11-Jul-2023 16:32:23,Copy of Newspaper Publication,Submission of Newspaper Advertisement - Notice of 21 st Annual General Meeting of the Bank for the FY 2022-23.
10-Jul-2023 19:27:58,Updates,Union Bank of India has informed the Exchange regarding 'Business Responsibility and Sustainability Report for FY 2022-23'.
07-Jul-2023 18:05:05,Loss of Share Certificates,Union Bank of India has informed the Exchange about Loss of Share Certificates
06-Jul-2023 22:44:05,Updates,Union Bank of India has informed the Exchange regarding 'Integrated Annual Report (Hindi Version) for FY 2022-23'.
05-Jul-2023 17:31:02,Loss of Share Certificates,Union Bank of India has informed the Exchange about Loss of Share Certificates
30-Jun-2023 17:46:53,Analysts/Institutional Investor Meet/Con. Call Updates,"Union Bank of India has informed the Exchange that the Top Management of the Bank held interaction with Analysts/Investors on the 30th June,2023."
30-Jun-2023 14:38:47,Trading Window,"Union Bank of India has informed the Exchange regarding the Trading Window closure pursuant to SEBI (Prohibition of Insider Trading) Regulations, 2015"
28-Jun-2023 19:13:16,Analysts/Institutional Investor Meet/Con. Call Updates,Union Bank of India has informed the Exchange about Analysts/Investors meet/Call
28-Jun-2023 19:12:08,Loss of Share Certificates,Union Bank of India has informed the Exchange about Loss of Share Certificates
27-Jun-2023 17:45:43,Loss of Share Certificates,Union Bank of India has informed the Exchange about Loss of Share Certificates
27-Jun-2023 17:37:09,Credit Rating,Union Bank of India has informed the Exchange about Credit Rating
26-Jun-2023 17:42:52,Copy of Newspaper Publication,Union Bank of India has informed the Exchange about Copy of Newspaper Publication for Annual General Meeting.
20-Jun-2023 20:04:46,Loss of Share Certificates,Union Bank of India has informed the Exchange about Loss of Share Certificates
20-Jun-2023 20:02:13,Book Closure,Union Bank of India has informed the Exchange that Register of Members & Share Transfer Books of the Company will remain closed from 29-Jul-2023 to 04-Aug-2023 for the purpose of Dividend & Annual Gen
20-Jun-2023 19:59:31,Updates,Union Bank of India has informed the Exchange regarding 'AGM on 4th August 2023'.
17-Jun-2023 16:40:34,Loss of Share Certificates,Union Bank of India has informed the Exchange about Loss of Share Certificates
15-Jun-2023 16:20:34,Analysts/Institutional Investor Meet/Con. Call Updates,Union Bank of India has informed the Exchange that representatives of the Bank held interaction with Investors/Analysts on 14th May 2023.
13-Jun-2023 16:26:55,Analysts/Institutional Investor Meet/Con. Call Updates,Union Bank of India has informed the Exchange about Schedule of meet
12-Jun-2023 17:30:48,Loss of Share Certificates,Union Bank of India has informed the Exchange about Loss of Share Certificates
08-Jun-2023 17:30:29,Loss of Share Certificates,Union Bank of India has informed the Exchange about Loss of Share Certificates
07-Jun-2023 10:36:37,Analysts/Institutional Investor Meet/Con. Call Updates,Revised disclosures pertaining to Analysts meet
06-Jun-2023 19:40:04,Analysts/Institutional Investor Meet/Con. Call Updates,Union Bank of India has informed the Exchange about outcome
06-Jun-2023 19:29:16,Loss of Share Certificates,Union Bank of India has informed the Exchange about Loss of Share Certificates
03-Jun-2023 17:27:53,Loss of Share Certificates,Union Bank of India has informed the Exchange about Loss of Share Certificates
01-Jun-2023 17:38:37,Loss of Share Certificates,Union Bank of India has informed the Exchange about Loss of Share Certificates
31-May-2023 15:52:56,Loss of Share Certificates,Union Bank of India has informed the Exchange about Loss of Share Certificates
29-May-2023 18:57:19,Analysts/Institutional Investor Meet/Con. Call Updates,Union Bank of India has informed the Exchange that the representatives of the Bank participated in The Elara Financials Conference 4.0 on 29th May 2023.
29-May-2023 14:28:44,Analysts/Institutional Investor Meet/Con. Call Updates,Union Bank of India has informed the Exchange that the Bank will be participating in The Elara Financials Conference 4.0 at Mumbai on 29th May 2023.
26-May-2023 18:42:05,Analysts/Institutional Investor Meet/Con. Call Updates,Union Bank of India has informed the Exchange that the Top Management of the Bank held interaction with Analysts/Investor meet on the 26.05.2023 in Mumbai.
25-May-2023 18:27:19,Analysts/Institutional Investor Meet/Con. Call Updates,Union Bank of India has informed the Exchange that the Top Management of the Bank participated in the BFSI Forum on 25th May 2023 in Mumbai
24-May-2023 17:26:27,Analysts/Institutional Investor Meet/Con. Call Updates,Union Bank of India has informed the Exchange that Bank will be meeting with the investors of the Bank on 26th May 2023.
24-May-2023 17:20:10,Analysts/Institutional Investor Meet/Con. Call Updates,Union Bank of India has informed the Exchange that Bank will be participating in BFSI Forum 2023 at Mumbai on 25th May 2023.
22-May-2023 14:57:09,Updates,Union Bank of India has informed the Exchange regarding 'Appointment of Chief Risk Officer of the Bank'.
20-May-2023 11:55:23,Annual Secretarial Compliance Report,"Annual Secretarial Compliance Report of the Bank for the Financial Year ended on March 31, 2023"
19-May-2023 18:21:17,Copy of Newspaper Publication,Union Bank of India has informed the Exchange about Copy of Newspaper Publication of Change of RTA
19-May-2023 17:26:08,Analysts/Institutional Investor Meet/Con. Call Updates,Union Bank of India has informed the Exchange about outcome pertaining to Analysts meet/Call.
18-May-2023 17:33:51,Analysts/Institutional Investor Meet/Con. Call Updates,Union Bank of India has informed the Exchange about Schedule of meet on 19.05.2023
12-May-2023 23:02:12,Registrar & Share Transfer Agent Update,Union Bank of India has informed the Exchange about Registrar & Share Transfer Agent Update
11-May-2023 19:42:14,Analysts/Institutional Investor Meet/Con. Call Updates,Union Bank of India has informed the Exchange about Transcript
09-May-2023 17:36:06,Copy of Newspaper Publication,"Union Bank of India has informed the Exchange about Copy of Newspaper Publication of Financial Results for Quarter/Year ended March 31,2023"
06-May-2023 18:53:15,Analysts/Institutional Investor Meet/Con. Call Updates,Union Bank of India has informed the Exchange about Link of Recording
06-May-2023 18:35:28,Declaration for audit reports with unmodified opinion(s),Union Bank of India has informed the Exchange about Declaration for audit reports with unmodified opinion(s)
06-May-2023 15:12:47,Related Party Transactions,Union Bank of India has informed the Exchange about related Party Transactions
06-May-2023 13:58:09,Dividend,"Union Bank of India has informed the Exchange that Board of Directors at its meeting held on May 06, 2023, recommended Final Dividend of Rs. 3 per equity share."
06-May-2023 13:53:56,Press Release,"Union Bank of India has informed the Exchange regarding a press release dated May 06, 2023, titled ""Press release on Audited Financial Results (Standalone and Consolidated) for the Quarter/Year Ended "
06-May-2023 13:48:22,Investor Presentation,Union Bank of India has informed the Exchange about Investor Presentation
06-May-2023 13:42:55,Financial Result Updates,"Union Bank of India has submitted to the Exchange, the financial results for the period ended March 31, 2023."
03-May-2023 16:39:55,Analysts/Institutional Investor Meet/Con. Call Updates,Union Bank of India has informed the Exchange about Schedule of meet with Analysts and Investors on 06.05.2023.
29-Apr-2023 12:48:02,Cessation,"Union Bank of India has informed the Exchange regarding Cessation of Mr Rajneesh Karnatak as Executive Director of the company w.e.f. April 29, 2023."
28-Apr-2023 19:03:50,Credit Rating,Union Bank of India has informed the Exchange about Credit Rating
28-Apr-2023 17:10:08,Board Meeting Intimation,Union Bank of India has informed the Exchange about Board Meeting to be held on 06-May-2023 to consider and approve the Audited Financial Results (Standalone and Consolidated) of the Bank for the Quar
26-Apr-2023 17:47:29,Loss of Share Certificates,Union Bank of India has informed the Exchange about Loss of Share Certificates
26-Apr-2023 13:47:08,Outcome of Board Meeting,"Union Bank of India has informed the Exchange regarding Outcome of Board Meeting held on April 26, 2023."
24-Apr-2023 17:43:32,Loss of Share Certificates,Union Bank of India has informed the Exchange about Loss of Share Certificates
21-Apr-2023 17:08:02,Board Meeting Intimation,Prior intimation for Director's meeting to consider and approve Capital plan.
20-Apr-2023 17:58:09,Loss of Share Certificates,Union Bank of India has informed the Exchange about Loss of Share Certificates
19-Apr-2023 17:54:46,Loss of Share Certificates,Union Bank of India has informed the Exchange about Loss of Share Certificates
18-Apr-2023 18:02:47,Loss of Share Certificates,Union Bank of India has informed the Exchange about Loss of Share Certificates
13-Apr-2023 17:54:01,Loss of Share Certificates,Union Bank of India has informed the Exchange about Loss of Share Certificates
11-Apr-2023 18:01:57,Loss of Share Certificates,Union Bank of India has informed the Exchange about Loss of Share Certificates
06-Apr-2023 18:41:22,"Certificate under SEBI (Depositories and Participants) Regulations, 2018","Union Bank of India has informed the Exchange about Certificate under SEBI (Depositories and Participants) Regulations, 2018"
06-Apr-2023 18:28:20,Loss of Share Certificates,Union Bank of India has informed the Exchange about Loss of Share Certificates
05-Apr-2023 17:54:12,Loss of Share Certificates,Union Bank of India has informed the Exchange about Loss of Share Certificates
03-Apr-2023 18:10:34,Loss of Share Certificates,Union Bank of India has informed the Exchange about Loss of Share Certificates
29-Mar-2023 18:03:58,Loss of Share Certificates,Union Bank of India has informed the Exchange about Loss of Share Certificates
28-Mar-2023 18:16:40,Analysts/Institutional Investor Meet/Con. Call Updates,Union Bank of India has informed the Exchange about
28-Mar-2023 18:12:52,Trading Window,"Union Bank of India has informed the Exchange regarding the Trading Window closure pursuant to SEBI (Prohibition of Insider Trading) Regulations, 2015"
28-Mar-2023 17:59:16,Loss of Share Certificates,Union Bank of India has informed the Exchange about Loss of Share Certificates
24-Mar-2023 18:09:20,Loss of Share Certificates,Union Bank of India has informed the Exchange about Loss of Share Certificates
23-Mar-2023 17:58:41,Loss of Share Certificates,Union Bank of India has informed the Exchange about Loss of Share Certificates
21-Mar-2023 18:28:01,Loss of Share Certificates,Union Bank of India has informed the Exchange about Loss of Share Certificates.
21-Mar-2023 14:55:49,Analysts/Institutional Investor Meet/Con. Call Updates,Union Bank of India has informed the Exchange that the representatives of the Bank held interaction with the Investors on the 21.03.2023.
20-Mar-2023 18:35:18,Loss of Share Certificates,Union Bank of India has informed the Exchange about Loss of Share Certificates
18-Mar-2023 16:42:26,Loss of Share Certificates,Union Bank of India has informed the Exchange about Loss of Share Certificates
17-Mar-2023 17:54:35,Analysts/Institutional Investor Meet/Con. Call Updates,Union Bank of India has informed the Exchange about interaction held with the Investors on 17.03.2023.
16-Mar-2023 17:53:29,Loss of Share Certificates,Union Bank of India has informed the Exchange about Loss of Share Certificates
08-Mar-2023 17:50:22,Analysts/Institutional Investor Meet/Con. Call Updates,Union Bank of India has informed the Exchange about Schedule of meet
06-Mar-2023 16:28:31,Analysts/Institutional Investor Meet/Con. Call Updates,Union Bank of India has informed the Exchange that the representatives of the Bank held interaction with the Investors on the 06.03.2023.
03-Mar-2023 18:55:06,Analysts/Institutional Investor Meet/Con. Call Updates,Union Bank of India has informed the Exchange about Schedule of meet
02-Mar-2023 20:21:29,Analysts/Institutional Investor Meet/Con. Call Updates,Union Bank of India has informed the Exchange about Disclosures of Analysts/Investor Meet
02-Mar-2023 15:27:28,Loss of Share Certificates,Union Bank of India has informed the Exchange about Loss of Share Certificates
28-Feb-2023 16:54:29,Analysts/Institutional Investor Meet/Con. Call Updates,Union Bank of India has informed the Exchange that the representatives of the Bank held interaction pertaining to Investors on the 28.02.2023.
27-Feb-2023 18:28:08,Analysts/Institutional Investor Meet/Con. Call Updates,Union Bank of India has informed the Exchange that the representatives of the Bank held interaction pertaining to Investors on the 27.02.2023.
24-Feb-2023 17:52:07,Analysts/Institutional Investor Meet/Con. Call Updates,Union Bank of India has informed the Exchange that the representatives of the Bank held interaction pertaining to Investors on the 24.02.2023.
23-Feb-2023 19:23:39,Analysts/Institutional Investor Meet/Con. Call Updates,Union Bank of India has informed the Exchange about disclosure pertaining to analysts meet/call
22-Feb-2023 19:21:50,Analysts/Institutional Investor Meet/Con. Call Updates,Union Bank of India has informed the Exchange about Presentation
21-Feb-2023 18:43:49,Analysts/Institutional Investor Meet/Con. Call Updates,Union Bank of India has informed the Exchange about Analyst meet held on 21.02.2023.
20-Feb-2023 19:46:23,Analysts/Institutional Investor Meet/Con. Call Updates,Union Bank of India has informed the Exchange about Schedule of Non-deal Roadshows/ Analyst/ Institutional Investor Meet
16-Feb-2023 17:47:11,Loss of Share Certificates,Union Bank of India has informed the Exchange about Loss of Share Certificates
13-Feb-2023 15:25:50,Loss of Share Certificates,Union Bank of India has informed the Exchange about Loss of Share Certificates
09-Feb-2023 16:58:33,Loss of Share Certificates,Union Bank of India has informed the Exchange about Loss of Share Certificates
07-Feb-2023 17:17:31,Loss of Share Certificates,Union Bank of India has informed the Exchange about Loss of Share Certificates
31-Jan-2023 17:47:43,Loss of Share Certificates,Union Bank of India has informed the Exchange about Loss of Share Certificates
27-Jan-2023 20:05:03,Analysts/Institutional Investor Meet/Con. Call Updates,Union Bank of India has informed the Exchange about Transcript
21-Jan-2023 17:40:07,Copy of Newspaper Publication,Union Bank of India has informed the Exchange about Copy of Newspaper Publication- Reviewed Financial Results (Standalone and Consolidated) of the Bank for the Quarter/Nine months ended on December 31
21-Jan-2023 12:50:47,Updates,Union Bank of India has informed the Exchange regarding 'Disclosure under Regulation 30 of SEBI LODR '.
20-Jan-2023 18:42:48,Analysts/Institutional Investor Meet/Con. Call Updates,Union Bank of India has informed the Exchange about Link of Recording
20-Jan-2023 18:41:12,Loss of Share Certificates,Union Bank of India has informed the Exchange about Loss of Share Certificates
20-Jan-2023 14:07:17,Investor Presentation,Union Bank of India has informed the Exchange about Investor Presentation
20-Jan-2023 13:46:42,Press Release,"Union Bank of India has informed the Exchange regarding a press release dated January 20, 2023, titled ""Press release on the Financial Results of the Bank for the Quarter/  Nine Months ended December "
20-Jan-2023 13:21:48,Financial Result Updates,"Union Bank of India has submitted to the Exchange, the financial results for the period ended December 31, 2022."
16-Jan-2023 18:23:08,Analysts/Institutional Investor Meet/Con. Call Updates,Union Bank of India has informed the Exchange about Schedule of meet on 20.01.2023.
13-Jan-2023 17:39:07,Loss of Share Certificates,Union Bank of India has informed the Exchange about Loss of Share Certificates
12-Jan-2023 17:19:08,Loss of Share Certificates,Union Bank of India has informed the Exchange about Loss of Share Certificates
10-Jan-2023 17:59:09,Loss of Share Certificates,Union Bank of India has informed the Exchange about Loss of Share Certificates
09-Jan-2023 18:18:55,Loss of Share Certificates,Union Bank of India has informed the Exchange about Loss of Share Certificates
04-Jan-2023 16:15:43,Updates,Union Bank of India has informed the Exchange about Statement of Grievance Redressal Mechanism for quarter ended on 31.12.2022.
04-Jan-2023 15:36:54,"Certificate under SEBI (Depositories and Participants) Regulations, 2018","Union Bank of India has informed the Exchange about Certificate under SEBI (Depositories and Participants) Regulations, 2018"
28-Dec-2022 16:51:26,Loss of Share Certificates,Union Bank of India has informed the Exchange about Loss of Share Certificates
26-Dec-2022 13:13:40,Trading Window,"Union Bank of India has informed the Exchange regarding the Trading Window closure pursuant to SEBI (Prohibition of Insider Trading) Regulations, 2015"
23-Dec-2022 17:09:06,Analysts/Institutional Investor Meet/Con. Call Updates,Union Bank of India has informed the Exchange about outcome
22-Dec-2022 19:35:08,Analysts/Institutional Investor Meet/Con. Call Updates,Union Bank of India has informed the Exchange about Schedule of meet
20-Dec-2022 18:56:51,Updates,"Union Bank of India has informed the Exchange regarding subscription of 2,00,80,000 Equity Shares of Star Union Dai-Ichi Life Insurance Company Ltd. (SUD life) offered under rights issue by the Compan"
20-Dec-2022 17:50:33,Loss of Share Certificates,"Union Bank of India has informed the Exchange about Loss of Share Certificates from the shareholder(s) on December 20, 2022."
15-Dec-2022 16:16:21,Schedule of Analysts/Institutional Investor Meet/Con. Call,Union Bank of India has informed the Exchange about Schedule of Analysts/Institutional Investor Meet/Con. Call held on 14.12.2022.
13-Dec-2022 17:47:51,Schedule of Analysts/Institutional Investor Meet/Con. Call,Union Bank of India has informed the Exchange about Schedule of Analysts/Institutional Investor Meet/Con. Call to be held on 14.12.2022 in Mumbai.
06-Dec-2022 17:40:36,Loss of share certificate,"Union Bank of India has informed the Exchange about Loss of share certificate from the shareholder(s) on December 6, 2022."
29-Nov-2022 17:14:42,Loss of share certificate,Union Bank of India has informed the Exchange about Loss of share certificate
21-Nov-2022 19:41:06,Appointment,Union Bank of India  has informed the Exchange about appointment of Shri Ramasubramanian S. as Executive Director of Union Bank of India w.e.f. 21-Nov-2022.
21-Nov-2022 19:00:21,Schedule of Analysts/Institutional Investor Meet/Con. Call,Union Bank of India has informed the Exchange about Schedule of Analysts/Institutional Investor Meet/Con. Call on the 21.11.2022 in Mumbai.
21-Nov-2022 17:11:24,Loss of share certificate,"Union Bank of India has informed the Exchange about Loss of share certificate from the shareholder(s) on November 21st , 2022."
19-Nov-2022 17:04:33,Schedule of Analysts/Institutional Investor Meet/Con. Call,Union Bank of India has informed the Exchange about Schedule of Analysts/Investors Meet of the Bank to be held on 21.11.2022 in Mumbai.
18-Nov-2022 16:51:39,General updates,Union Bank of India has informed the Exchange about Notice of Proposed Strike on 19.11.2022 by AIBEA.
17-Nov-2022 19:14:12,Schedule of Analysts/Institutional Investor Meet/Con. Call,Union Bank of India has informed the Exchange about Outcome of Analysts/Institutional Investor Meet/Con. Call 
17-Nov-2022 16:04:00,Loss of share certificate,"Union Bank of India has informed the Exchange about Loss of share certificate from the  shareholder(s) on November 17th, 2022."
16-Nov-2022 15:54:45,Schedule of Analysts/Institutional Investor Meet/Con. Call,Union Bank of India has informed the Exchange about Schedule of Analysts/Institutional Investor Meet/Con. Call of the Bank to be held on 17.11.2022 in Mumbai.
16-Nov-2022 15:53:36,Loss of share certificate,"Union Bank of India has informed the Exchange about Loss of share certificate from the shareholder(s) on November 16th, 2022."
15-Nov-2022 13:16:54,Schedule of Analysts/Institutional Investor Meet/Con. Call,Union Bank of India has informed the Exchange about Schedule of Analysts/Institutional Investor Meet/Con. Call 
14-Nov-2022 16:52:47,Loss of share certificate,"Union Bank of India has informed the Exchange about Loss of share certificate from the shareholder(s) on November 14th, 2022."
10-Nov-2022 17:11:42,Loss of share certificate,"Union Bank of India has informed the Exchange about Loss of share certificate from the shareholder(s) on November 10th, 2022."
09-Nov-2022 19:40:30,Communication to shareholders as per Reg 30,Union Bank of India has informed the Exchange about re-appointment of Statutory Central Auditors for the FY 2022-23
07-Nov-2022 18:55:15,Appointment,Union Bank of India  has informed the Exchange about appointment of Shri Srinivasan Varadarajan as Part-time Non-Official Director as well as Non-Executive Chairman of the Bank w.e.f. 07-Nov-2022.
05-Nov-2022 12:28:15,General updates,Union Bank of India has informed the Exchange about Disclosures pertaining to Analysts meet/Call on the 04.11.2022 in Mumbai.
03-Nov-2022 16:00:45,Schedule of Analysts/Institutional Investor Meet/Con. Call,Union Bank of India has informed the Exchange about Schedule of Analysts/Institutional Investor Meet/Con. Call to be held on 04.11.2022 in Mumbai.
03-Nov-2022 15:58:00,Loss of share certificate,"Union Bank of India has informed the Exchange about Loss of share certificate from the shareholder(s) on November 3rd, 2022."
02-Nov-2022 17:38:26,Loss of share certificate,"Union Bank of India has informed the Exchange about Loss of share certificate from the shareholder(s) on November 2nd, 2022."
02-Nov-2022 14:36:33,Credit Rating,Union Bank of India has informed the Exchange about Reaffirmation of Credit Rating by India Ratings & Research Pvt Ltd
01-Nov-2022 16:33:45,Loss of share certificate,Union Bank of India has informed the Exchange about Loss of share certificate
28-Oct-2022 15:39:12,Transcript of Analysts/Institutional Investor Meet/Con. Call,"Union Bank of India has informed the Exchange about Transcript of Post Earnings Call held on October 20th, 2022."
28-Oct-2022 15:34:30,Loss of share certificate,Union Bank of India has informed the Exchange about Loss of share certificate.
21-Oct-2022 16:31:19,Newspaper Advertisements,"Union Bank of India has informed the Exchange about Newspaper Advertisements of Financial Result for quarter/half year ended  on  September 30,2022."
20-Oct-2022 18:59:39,Recording of Analysts/Institutional Investor Meet/Con. Call,Union Bank of India has informed the Exchange about Recording of Analysts/Institutional Investor Meet/Con. Call
20-Oct-2022 13:56:30,Investor Presentation,"Union Bank of India has informed the Exchange about Investor Presentation on Reviewed (Standalone and Consolidated) Financial Results of the Bank for the quarter and half year ended September 30, 2022"
20-Oct-2022 13:46:54,Press Release,Union Bank of India has informed the Exchange about press release dated 20-Oct-2022 titled Reviewed (Standalone and Consolidated) Financial Results of the Bank for the quarter and half year ended Sept
20-Oct-2022 13:34:48,Outcome of Board Meeting,"Reviewed (Standalone and Consolidated) Financial Results of the Bank for the quarter and half year ended September 30, 2022"
18-Oct-2022 17:28:00,Loss of share certificate,"Union Bank of India has informed the Exchange about Loss of share certificate from the shareholder(s) on October 18th, 2022."
15-Oct-2022 18:24:24,Schedule of Analysts/Institutional Investor Meet/Con. Call,Union Bank of India has informed the Exchange about Schedule of Analysts/Institutional Investor Meet/Con. Call 
15-Oct-2022 17:33:54,General updates,"Union Bank of India has informed the Exchange about Certificate under Regulation 74(5) of the SEBI (Depositories and Participants) Regulations, 2018 for the quarter ended on September 30, 2022"
13-Oct-2022 17:49:45,Loss of share certificate,"Union Bank of India has informed the Exchange about Loss of share certificate from the shareholder(s) on October 13th, 2022."
11-Oct-2022 17:26:30,Loss of share certificate,Union Bank of India has informed the Exchange about Loss of share certificates on 11th October 2022
04-Oct-2022 18:53:03,Credit Rating, Reaffirmation of Bank's Credit Rating by Fitch Ratings Ltd.
04-Oct-2022 18:37:15,General updates,Union Bank of India has informed the Exchange about Statement of Grievance Redressal Mechanism for quarter ended on 30.09.2022
04-Oct-2022 18:32:24,Loss of share certificate,"Union Bank of India has informed the Exchange about Loss of share certificate from the shareholder(s) on October 4th, 2022."
03-Oct-2022 17:56:42,Loss of share certificate,"Union Bank of India has informed the Exchange about Loss of share certificate from the shareholder(s) on October 3rd, 2022."
29-Sep-2022 18:59:36,Communication to shareholders as per Reg 30,Union Bank of India has informed the Exchange about  Appointment of Chief Risk Officer of the Bank
29-Sep-2022 17:27:39,Loss of share certificate,"Union Bank of India has informed the Exchange about Loss of share certificate from the shareholder(s) on September 29th, 2022."
29-Sep-2022 11:14:51,Closure of trading window,"Union Bank of India has informed the Exchange about Closure of trading window w.e.f. October 1st, 2022."
27-Sep-2022 18:06:51,Loss of share certificate,"Union Bank of India has informed the Exchange about Loss of share certificate from the  shareholder(s) on September 27th, 2022."
26-Sep-2022 17:55:48,Communication to shareholders as per Reg 30,"Union Bank of India has informed the Exchange about Thematic Investor Day on ""Asset Quality: held on 26.09.2022."
26-Sep-2022 17:38:24,Loss of share certificate,"Union Bank of India has informed the Exchange about Loss of share certificate from the shareholder(s) on September 26th, 2022."
23-Sep-2022 20:01:12,General updates,Union Bank of India has informed the Exchange about Elevation of Chief Financial Officer (CFO) from General Manager to Chief General Manager of the Bank
23-Sep-2022 18:47:57,Schedule of Analysts/Institutional Investor Meet/Con. Call,Union Bank of India has informed the Exchange about Schedule of Analysts/Institutional Investor Meet/Con. Call/Investor Day to be held on 26.09.2022
22-Sep-2022 19:25:00,Credit Rating,Union Bank of India has informed the Exchange about Assignment of Credit Rating by CARE Ratings Ltd.
22-Sep-2022 17:08:21,Loss of share certificate,Union Bank of India has informed the Exchange about Loss of share certificate
21-Sep-2022 11:33:24,Credit Rating,Union Bank of India has informed the Exchange about revised reporting of assignment/reaffirmation of Credit Rating by ICRA Ltd.
20-Sep-2022 19:11:57,Credit Rating,Union Bank of India has informed the Exchange about Affirmation of Credit Rating by ICRA ltd.
20-Sep-2022 17:41:27,Loss of share certificate,"Union Bank of India has informed the Exchange about Loss of share certificate from the  shareholder(s) on September 20th, 2022."
17-Sep-2022 20:09:15,Communication to shareholders as per Reg 30,Union Bank of India has informed the Exchange about cessation of Chief Risk Officer from the services of the Bank as per Regulation 30 of SEBI (Listing Obligations and Disclosure Requirements) Regulat
16-Sep-2022 18:02:39,Loss of share certificate,"Union Bank of India has informed the Exchange about Loss of share certificate the following shareholder(s) on September 16th, 2022."
16-Sep-2022 15:31:33,Communication to shareholders as per Reg 30,"Union Bank of India has informed the Exchange about disclosures pertaining to Analyst meet/call as per Regulation 30 of SEBI (Listing Obligations and Disclosure Requirements) Regulations, 2015."
14-Sep-2022 19:43:54,Schedule of Analysts/Institutional Investor Meet/Con. Call,Union Bank of India has informed the Exchange about Schedule of Analysts Meet on 16.09.2022
12-Sep-2022 17:31:55,Loss of share certificate,"Union Bank of India has informed the Exchange about Loss of share certificate from the shareholder(s) on September 12th, 2022."
06-Sep-2022 19:16:18,Communication to shareholders as per Reg 30,"Union Bank of India has informed the Exchange about disclosures pertaining to Analyst meet/call as per Regulation 30 of SEBI (Listing Obligations and Disclosure Requirements) Regulations, 2015"
05-Sep-2022 17:27:51,Schedule of Analysts/Institutional Investor Meet/Con. Call,Union Bank of India has informed the Exchange about Schedule of Analysts Meet/Con. Call on 06.09.2022.
02-Sep-2022 16:54:42,Loss of share certificate,"Union Bank of India has informed the Exchange about Loss of share certificate from the  shareholder(s) on September 2, 2022."
26-Aug-2022 18:35:03,Loss of share certificate,"Union Bank of India has informed the Exchange about Loss of share certificate on August 26,2022"
23-Aug-2022 19:39:15,Communication to shareholders as per Reg 30,Union Bank of India has informed the Exchange about outcome of Analyst / Investor Meet held on 23.08.2022
22-Aug-2022 19:15:06,Schedule of Analysts/Institutional Investor Meet/Con. Call,Union Bank of India has informed the Exchange about Schedule of Analysts/Investor Meet/Con. Call to be held on 23.08.2022
17-Aug-2022 17:57:12,Loss of share certificate,"Union Bank of India has informed the Exchange about Loss of share certificate from the shareholder(s) on August 17, 2022."
12-Aug-2022 16:26:09,Loss of share certificate,"Union Bank of India has informed the Exchange about Loss of share certificate from the shareholder(s) on August 12, 2022."
08-Aug-2022 18:21:54,Loss of share certificate,"Union Bank of India has informed the Exchange about Loss of share certificate e certificate(s) from the shareholder(s) on August 08, 2022."
05-Aug-2022 17:43:18,Loss of share certificate,"Union Bank of India has informed the Exchange about Loss of share  certificate(s) from the shareholder(s) on August 05, 2022."
03-Aug-2022 17:44:03,Loss of share certificate,"Union Bank of India has informed the Exchange about Loss of share certificate(s) from the  shareholder(s) on August 03, 2022."
02-Aug-2022 18:04:33,Loss of share certificate,"Union Bank of India has informed the Exchange about Loss of share certificate from the  shareholder(s) on August 02, 2022."
01-Aug-2022 17:27:48,Loss of share certificate,"Union Bank of India has informed the Exchange about Loss of share certificate in terms of Regulation 39(3) of the SEBI (Listing Obligations and Disclosure Requirements) Regulations, 2015."
30-Jul-2022 18:32:51,Transcript of Analysts/Institutional Investor Meet/Con. Call,Union Bank of India has informed the Exchange about Transcript of Analysts/Institutional Investor Meet/Con. Call 
27-Jul-2022 18:44:30,Newspaper Advertisements,Union Bank of India has informed the Exchange about Newspaper Advertisements
27-Jul-2022 18:25:03,General updates,"Union Bank of India has informed the Exchange about Submission of Newspaper Advertisement- Reviewed Financial Results (Standalone and Consolidated) of the Bank for the Quarter ended on June 30, 2022."
26-Jul-2022 19:21:15,Recording of Analysts/Institutional Investor Meet/Con. Call,Union Bank of India has informed the Exchange about Recording of Analysts/Institutional Investor Meet/Con. Call
26-Jul-2022 17:45:42,Loss of share certificate,"Pursuant to the Regulation 39(3) of the SEBI (Listing Obligations and Disclosure Requirements) Regulations, 2015, we hereby inform you that the Bank has received information of loss of share certifica"
26-Jul-2022 14:58:15,Investor Presentation,"Union Bank of India has informed the Exchange about Investor Presentation on Financial Results for the Quarter ended onJune 30, 2022"
26-Jul-2022 14:03:57,Press Release,"Union Bank of India has informed the Exchange about press release dated 26-Jul-2022 titled Reviewed (Standalone and Consolidated) Financial Results of the Bank for the quarter ended June 30, 2022"
26-Jul-2022 13:25:54,Outcome of Board Meeting,"Union Bank of India  has informed the Exchange about Reviewed (Standalone and Consolidated) Financial Results of the Bank for the quarter ended June 30, 2022"
25-Jul-2022 17:15:48,General updates,Union Bank of India has informed the Exchange about Allotment of AT-1 Bonds to the tune of Rs.1320 crore
25-Jul-2022 16:42:09,Loss of share certificate,"Pursuant to the Regulation 39(3) of the SEBI (Listing Obligations and Disclosure Requirements) Regulations, 2015, we hereby inform you that the Bank has received information of loss of share certifica"
22-Jul-2022 20:59:48,Schedule of Analysts/Institutional Investor Meet/Con. Call,Union Bank of India has informed the Exchange about  Schedule of Earnings Call for the first quarter ended on 30th June 2022.
22-Jul-2022 17:15:21,General updates,The Bank has considered the issuance of Basel III Compliant Debt Instrument in the nature of Debentures eligible for inclusion in Additional Tier-1 Capital (���Bonds���) Series XXXV with Base issue of
12-Jul-2022 12:06:57,Newspaper Advertisements,Union Bank of India has informed the Exchange about Newspaper Advertisements for Transfer of Unpaid/Unclaimed Dividend to IEPF
08-Jul-2022 17:01:54,Loss of share certificate,"Pursuant to the Regulation 39(3) of the SEBI (Listing Obligations and Disclosure Requirements) Regulations, 2015, we hereby inform you that the Bank has received information of loss of share certifica"
07-Jul-2022 17:13:12,Loss of share certificate,"Pursuant to the Regulation 39(3) of the SEBI (Listing Obligations and Disclosure Requirements) Regulations, 2015, we hereby inform you that the Bank has received information of loss of share certifica"
06-Jul-2022 18:43:18,General updates,"Union Bank of India has informed the Exchange about Certificate under Regulation 74(5) of the SEBI (Depositories and Participants) Regulations, 2018 for the quarter ended on June 30, 2022."
06-Jul-2022 18:11:33,Loss of share certificate,"Pursuant to the Regulation 39(3) of the SEBI (Listing Obligations and Disclosure Requirements) Regulations, 2015, we hereby inform you that the Bank has received information of loss of share certifica"
05-Jul-2022 18:08:06,General updates,"Pursuant to Regulation 13(3) of SEBI (Listing Obligations and Disclosure Requirements) Regulations, 2015, we give in Annexure, a statement showing the number of investor complaints pending, received, "
05-Jul-2022 17:44:51,Loss of share certificate,"Pursuant to the Regulation 39(3) of the SEBI (Listing Obligations and Disclosure Requirements) Regulations, 2015, we hereby inform you that the Bank has received information of loss of share certifica"
04-Jul-2022 18:03:51,Loss of share certificate,"Pursuant to the Regulation 39(3) of the SEBI (Listing Obligations and Disclosure Requirements) Regulations, 2015, we hereby inform you that the Bank has received information of loss of share certifica"
30-Jun-2022 20:03:48,Annual General Meeting,Union Bank of India has informed the Exchange about  Scrutinizer report of Annual General Meeting held on 30-Jun-2022
30-Jun-2022 19:36:24,Annual General Meeting,Union Bank of India has informed the Exchange about  Proceedings of Annual General Meeting held on 30-Jun-2022
28-Jun-2022 17:52:48,Loss of share certificate,"Pursuant to the Regulation 39(3) of the SEBI (Listing Obligations and Disclosure Requirements) Regulations, 2015, we hereby inform you that the Bank has received information of loss of share certifica"
24-Jun-2022 19:02:02,Closure of trading window,"Notice of Closure of Trading Window w.e.f. June 30, 2022"
24-Jun-2022 18:40:41,Loss of share certificate,"Pursuant to the Regulation 39(3) of the SEBI (Listing Obligations and Disclosure Requirements) Regulations, 2015, we hereby inform you that the Bank has received information of loss of share certifica"
23-Jun-2022 15:08:13,Loss of share certificate,"Pursuant to the Regulation 39(3) of the SEBI (Listing Obligations and Disclosure Requirements) Regulations, 2015, we hereby inform you that the Bank has received information of loss of share certifica"
22-Jun-2022 17:07:55,Loss of share certificate,"Pursuant to the Regulation 39(3) of the SEBI (Listing Obligations and Disclosure Requirements) Regulations, 2015, we hereby inform you that the Bank has received information of loss of share certifica"
21-Jun-2022 13:17:11,Loss of share certificate,"Pursuant to the Regulation 39(3) of the SEBI (Listing Obligations and Disclosure Requirements) Regulations, 2015, we hereby inform you that the Bank has received information of loss of share certifica"
21-Jun-2022 11:58:47,Loss of share certificate,"Pursuant to the Regulation 39(3) of the SEBI (Listing Obligations and Disclosure Requirements) Regulations, 2015, we hereby inform you that the Bank has received information of loss of share certifica"
15-Jun-2022 18:54:25,Credit Rating,Union Bank of India has informed the Exchange about Affirmation of Credit Rating
14-Jun-2022 18:20:12,Loss of share certificate,Union Bank of India has informed the Exchange about Loss of share certificate
10-Jun-2022 18:24:10,Loss of share certificate,Union Bank of India has informed the Exchange about Loss of share certificate
08-Jun-2022 19:43:01,Newspaper Advertisements,Union Bank of India has informed the Exchange about Newspaper Advertisements- Notice of 20th Annual General Meeting of the Bank for the FY 2021-22.
07-Jun-2022 23:12:42,Annual General Meeting,Union Bank of India has informed the Exchange about Notice of Annual General Meeting to be held on 30-Jun-2022 along with its Annual Report for FY 2021-22
07-Jun-2022 16:40:51,Loss of share certificate,Union Bank of India has informed the Exchange about Loss of share certificate
03-Jun-2022 16:13:24,Appointment,Union Bank of India  has informed the Exchange about appointment of Ms A Manimekhalai as Managing Director and Chief Executive Officer of the Bank w.e.f. 03-Jun-2022
02-Jun-2022 15:43:09,Loss of share certificate,Union Bank of India has informed the Exchange about Loss of share certificate
01-Jun-2022 11:47:19,Cessation,Union Bank of India  has informed the Exchange about cessation of Rajkiran Rai G as Managing Director of the company w.e.f. 01-Jun-2022 and consequently ceased to be Director of the Bank
31-May-2022 14:53:20,Newspaper Advertisements,Union Bank of India has informed the Exchange about Newspaper Advertisements- Notice of Annual General Meeting of the Bank to be held through VC/OAVM.
30-May-2022 18:58:20,Loss of share certificate,Union Bank of India has informed the Exchange about Loss of share certificate
27-May-2022 15:54:25,Communication to shareholders as per Reg 30,Union Bank of India has informed the Exchange about Extension of tenure of Chief Risk Officer
26-May-2022 18:56:30,Book Closure,Union Bank of India has informed the Exchange that Register of Members & Share Transfer Books of the Company will remain closed from 24-Jun-2022 to 30-Jun-2022 for the purpose of Dividend.
26-May-2022 18:45:32,General updates,"Union Bank of India has informed the Exchange about convening of Annual General Meeting on June 30, 2022"
26-May-2022 18:27:26,Communication to shareholders as per Reg 30,Union Bank of India has informed the Exchange about change in Company Secretary of the Bank
26-May-2022 16:28:37,Outcome of Board Meeting,Union Bank of India  has informed the Exchange about Board Meeting held on 26-May-2022 to consider Fund raising
25-May-2022 18:42:06,Loss of share certificate,"Pursuant to the Regulation 39(3) of the SEBI (Listing Obligations and Disclosure Requirements) Regulations, 2015, we hereby inform you that the Bank has received information of loss of share certifica"
24-May-2022 17:55:15,Loss of share certificate,"Pursuant to the Regulation 39(3) of the SEBI (Listing Obligations and Disclosure Requirements) Regulations, 2015, we hereby inform you that the Bank has received information of loss of share certifica"
24-May-2022 15:37:08,Loss of share certificate,"		Pursuant to the Regulation 39(3) of the SEBI (Listing Obligations and Disclosure Requirements) Regulations, 2015, we hereby inform you that the Bank has received information of loss of share certifi"
23-May-2022 17:05:30,General updates,Intimation of Record date for Payment of interest on Bank���s Bond- INE692A08144
20-May-2022 17:54:59,Loss of share certificate,"Pursuant to the Regulation 39(3) of the SEBI (Listing Obligations and Disclosure Requirements) Regulations, 2015, we hereby inform you that the Bank has received information of loss of share certifica"
19-May-2022 19:11:49,Communication to shareholders as per Reg 30,"Union Bank of India has informed the Exchange about communication to shareholders as per Regulation 30 of SEBI (Listing Obligations and Disclosure Requirements) Regulations, 2015"
18-May-2022 18:58:10,Transcript of Analysts/Institutional Investor Meet/Con. Call,Union Bank of India has informed the Exchange about Transcript of Analysts/Institutional Investor Meet/Con. Call 
18-May-2022 15:50:51,Loss of share certificate,"Pursuant to the Regulation 39(3) of the SEBI (Listing Obligations and Disclosure Requirements) Regulations, 2015, we hereby inform you that the Bank has received information of loss of share certifica"
18-May-2022 15:47:39,Newspaper Advertisements,"Pursuant to regulation 47(1)(d) of SEBI (Listing Obligations and Disclosures Requirements) Regulations, 2015, we hereby submit copies of the newspaper advertisement of Audited Financial Results (Stand"
13-May-2022 13:22:16,Investor Presentation,Union Bank of India has informed the Exchange about Investor Presentation on Audited Financial Results (Standalone and Consolidated) for the FY 2021-22
13-May-2022 13:07:00,Press Release,Union Bank of India has informed the Exchange about press release dated 13-May-2022 titled Press Release on Audited Financial Results (Standalone / Consolidated) for the Quarter / Year ended on March 
13-May-2022 13:02:47,Outcome of Board Meeting,Union Bank of India  has informed the Exchange about Board Meeting held on 13-May-2022 to consider financial statements for the period ended March 2022 and Dividend
13-May-2022 13:02:45,Dividend,"Union Bank of India has informed the Exchange that Board of Directors at its meeting held on 13-May-2022, declared Dividend of Rs. 1.90 per equity share."
09-May-2022 16:46:26,Schedule of Analysts/Institutional Investor Meet/Con. Call,"This is to inform you that a Earnings Call with Analysts and Investors on the Bank's Audited Financial Results for the Quarter / Year ended on March 31st, 2022 has been scheduled to be held on Friday,"
02-May-2022 18:08:25,Loss of share certificate,"		Pursuant to the Regulation 39(3) of the SEBI (Listing Obligations and Disclosure Requirements) Regulations, 2015, we hereby inform you that the Bank has received information of loss of share certifi"
01-May-2022 22:19:50,Cessation,Union Bank of India  has informed the Exchange about cessation of Manas Ranjan Biswal as Executive Director of the company w.e.f. 01-May-2022
29-Apr-2022 16:36:47,Loss of share certificate,"Pursuant to the Regulation 39(3) of the SEBI (Listing Obligations and Disclosure Requirements) Regulations, 2015, we hereby inform you that the Bank has received information of loss of share certifica"
18-Apr-2022 18:32:02,Loss of share certificate,Union Bank of India has informed the Exchange about Loss of share certificate
13-Apr-2022 19:57:00,Communication to shareholders as per Reg 30,"Union Bank of India has informed the Exchange about communication to shareholders as per Regulation 30 of SEBI (Listing Obligations and Disclosure Requirements) Regulations, 2015"
12-Apr-2022 15:35:52,Loss of share certificate,"		Pursuant to the Regulation 39(3) of the SEBI (Listing Obligations and Disclosure Requirements) Regulations, 2015, we hereby inform you that the Bank has received information of loss of share certifi"
07-Apr-2022 16:59:36,Loss of share certificate,"Pursuant to the Regulation 39(3) of the SEBI (Listing Obligations and Disclosure Requirements) Regulations, 2015, we hereby inform you that the Bank has received information of loss of share certifica"
07-Apr-2022 16:39:55,Communication to shareholders as per Reg 30,"Union Bank of India has informed the Exchange about communication to shareholders as per Regulation 30 of SEBI (Listing Obligations and Disclosure Requirements) Regulations, 2015"
06-Apr-2022 18:40:02,Communication to shareholders as per Reg 30,Union Bank of India has informed the Exchange about Agreement for Divestment of Stake in India SME Asset Reconstruction Company Limited
06-Apr-2022 17:49:00,Loss of share certificate,"		Pursuant to the Regulation 39(3) of the SEBI (Listing Obligations and Disclosure Requirements) Regulations, 2015, we hereby inform you that the Bank has received information of loss of share certifi"
06-Apr-2022 12:14:58,Disclosure under SEBI Takeover Regulations,Promoter/Promoter Group of Union Bank of India has submitted a disclosure under Regulation 31(4) of SEBI Takeover Regulations for the year ended 31-Mar-2022
06-Apr-2022 11:01:08,Loss of share certificate,"Pursuant to the Regulation 39(3) of the SEBI (Listing Obligations and Disclosure Requirements) Regulations, 2015, we hereby inform you that the Bank has received information of loss of share certifica"
05-Apr-2022 15:57:43,General updates,"This is to certify that the equity shares comprised in the share certificate(s) received for dematerialisation during the quarter ended on March 31, 2022 have been listed on the stock exchanges viz. B"
05-Apr-2022 15:18:41,General updates,Union Bank of India has informed the Exchange about Union Bank of India to conduct Digital Conclave at Mumbai
04-Apr-2022 16:21:52,General updates,"Pursuant to regulation 60(2) of SEBI (Listing Regulations and Disclosures Requirements) Regulations, 2015, we hereby give notice of the record date(s) for Redemption due to exercise of Call Option, su"
01-Apr-2022 21:44:09,Communication to shareholders as per Reg 30,"Union Bank of India has informed the Exchange about communication to shareholders as per Regulation 30 of SEBI (Listing Obligations and Disclosure Requirements) Regulations, 2015"
01-Apr-2022 19:07:44,Code of conduct under SEBI (PIT) Regulations,"Pursuant to Regulation 8(2) of the SEBI (Prohibition of Insider Trading) Regulations, 2015, as amended, we are submitting herewith Bank���s Code of Conduct for Fair Disclosure of Unpublished Price Sen"
01-Apr-2022 11:59:15,Communication to shareholders as per Reg 30,"Union Bank of India has informed the Exchange about Divestment of Stake in its Joint Venture, IndiaFirst Life Insurance Company Ltd."
31-Mar-2022 18:16:48,Communication to shareholders as per Reg 30,Union Bank of India has informed the Exchange about Preferential Allotment by IDRCL to the Bank on Private Placement basis.
31-Mar-2022 17:28:06,General updates,"Pursuant to Regulation 57(1) of SEBI (LODR) Regulations, 2015, we wish to inform you that the annual interest along with principal of the bond has been paid by exercising call option as per the mandat"
30-Mar-2022 17:33:36,General updates,"Pursuant to Regulation 57(1) of SEBI (LODR) Regulations, 2015, we wish to inform you that the annual interest along with principal of the bond has been paid by exercising call option as per the mandat"
29-Mar-2022 15:29:15,General updates,"Pursuant to Regulation 57(1) of SEBI (LODR) Regulations, 2015, we wish to inform you that the annual interest along with principal of the following bond has been paid by exercising call option as per "
28-Mar-2022 19:13:49,Schedule of Analysts/Institutional Investor Meet/Con. Call,Union Bank of India has informed the Exchange about Schedule of Analysts/Institutional Investor Meet/Con. Call 
25-Mar-2022 11:44:25,Closure of trading window,"Pursuant to SEBI (Prohibition of Insider Trading) Regulations, 2015 read with Bank���s Code of Conduct for Prohibition of Trading by Insiders, it has been decided that 'Trading Window' for dealing in "
24-Mar-2022 19:13:20,General updates,Preferential Allotment by NARCL on Private Placement basis
23-Mar-2022 16:01:57,Schedule of Analysts/Institutional Investor Meet/Con. Call,"In terms of Regulation 30 read with point 15 of Para A of Part A of Schedule III of SEBI (Listing Obligations and Disclosure Requirements) Regulations, 2015, we wish to inform that Bank has scheduled "
22-Mar-2022 16:34:45,Loss of share certificate,"Pursuant to the Regulation 39(3) of the SEBI (Listing Obligations and Disclosure Requirements) Regulations, 2015, we hereby inform you that the Bank has received information of loss of share certifica"
22-Mar-2022 16:33:23,Schedule of Analysts/Institutional Investor Meet/Con. Call,"In terms of Regulation 30 read with point 15 of Para A of Part A of Schedule III of SEBI (Listing Obligations and Disclosure Requirements) Regulations, 2015, please find  the schedule of analyst / ins"
21-Mar-2022 19:22:46,Appointment,Union Bank of India  has informed the Exchange about appointment of Laxman S Uppar as Independent Director of the Bank  by the Central Government w.e.f. 21-Mar-2022
21-Mar-2022 16:27:57,Loss of share certificate,"Pursuant to the Regulation 39(3) of the SEBI (Listing Obligations and Disclosure Requirements) Regulations, 2015, we hereby inform you that the Bank has received information of loss of share certifica"
16-Mar-2022 18:10:37,Schedule of Analysts/Institutional Investor Meet/Con. Call,"In terms of Regulation 30 read with point 15 of Para A of Part A of Schedule III of SEBI (Listing Obligations and Disclosure Requirements) Regulations, 2015, we wish to inform that Bank had a One on O"
15-Mar-2022 18:02:36,Loss of share certificate,Union Bank of India has informed the Exchange about Loss of share certificate
14-Mar-2022 17:33:30,Loss of share certificate,"Pursuant to the Regulation 39(3) of the SEBI (Listing Obligations and Disclosure Requirements) Regulations, 2015, we hereby inform you that the Bank has received information of loss of share certifica"
08-Mar-2022 17:40:11,Loss of share certificate,"Pursuant to the Regulation 39(3) of the SEBI (Listing Obligations and Disclosure Requirements) Regulations, 2015, we hereby inform you that the Bank has received information of loss of share certifica"
03-Mar-2022 18:08:30,Loss of share certificate,Union Bank of India has informed the Exchange about Loss of share certificate
28-Feb-2022 16:14:55,Loss of share certificate,Union Bank of India has informed the Exchange about Loss of share certificate
28-Feb-2022 15:20:12,General updates,Union Bank of India has informed the Exchange about Issuance of Basel III Compliant AT 1  Bonds of Rs. 1500 crore
25-Feb-2022 17:48:36,General updates,Union Bank of India has informed the Exchange about Extension of tenure of Chief Risk Officer of the Bank
25-Feb-2022 12:20:47,General updates,"Union Bank of India has informed the Exchange about Intimation of Record Date(s) for Redemption due to exercise of Call Option and Payment of Annual Interest on Bank���s Bonds- INE692A08052, INE692A08"
24-Feb-2022 00:09:03,Loss of share certificate,Union Bank of India has informed the Exchange about Issue of Duplicate Share certificate(s) .
22-Feb-2022 17:35:05,Loss of share certificate,Union Bank of India has informed the Exchange about Loss of share certificate
18-Feb-2022 17:40:31,Acquisition,Union Bank of India has informed the Exchange about Acquisition of 99000 Equity shares of Rs. 10 each in the Equity of India Debt Resolution Company Limited
11-Feb-2022 17:40:40,Diversification/Disinvestment,Union Bank of India has informed the Exchange about Diversification/Disinvestment
11-Feb-2022 17:23:31,Loss of Share Certificates,Union Bank of India has informed the Exchange about Loss of Share Certificates
10-Feb-2022 19:08:03,Credit Rating,Union Bank of India has informed the Exchange about Credit Rating
10-Feb-2022 19:06:48,Credit Rating,Union Bank of India has informed the Exchange about Credit Rating
10-Feb-2022 18:09:49,Updates,Union Bank of India has informed the Exchange regarding 'Submission of Newspaper Advertisement- Reviewed (Standalone and Consolidated) Financial Results of the Bank for the Quarter / Nine months ended
10-Feb-2022 14:05:57,Analysts/Institutional Investor Meet/Con. Call Updates,Union Bank of India has informed the Exchange about Transcript
09-Feb-2022 16:17:29,Loss of Share Certificates,Union Bank of India has informed the Exchange about Loss of Share Certificates
08-Feb-2022 15:19:23,Analysts/Institutional Investor Meet/Con. Call Updates,Union Bank of India has informed the Exchange about Link of Recording
07-Feb-2022 15:04:06,Press Release,"Union Bank of India has informed the Exchange regarding a press release dated February 07, 2022, titled ""Press Release on the Financial Results of the Bank for the Quarter / Nine months ended on Decem"
07-Feb-2022 14:52:23,Analysts/Institutional Investor Meet/Con. Call Updates,Union Bank of India has informed the Exchange about Presentation
07-Feb-2022 13:53:43,Financial Result Updates,"Union Bank of India has submitted to the Exchange, the financial results for the period ended December 31, 2021."
07-Feb-2022 12:35:33,Analysts/Institutional Investor Meet/Con. Call Updates,Union Bank of India has informed the Exchange about Schedule of meet and Preponement of timing of Analyst meet to be held on 07.02.2022
04-Feb-2022 15:31:08,Analysts/Institutional Investor Meet/Con. Call Updates,Union Bank of India has informed the Exchange about Schedule of meet
01-Feb-2022 18:01:02,Appointment,"Union Bank of India has informed the Exchange regarding Appointment of Mr Nidhu Saxena as Executive Director of the company w.e.f. February 01, 2022."
01-Feb-2022 10:53:32,Cessation,"Union Bank of India has informed the Exchange regarding Cessation of Mr Gopal Singh Gusain as Executive Director of the company w.e.f. February 01, 2022."
31-Jan-2022 16:49:01,Updates,Union Bank of India has informed the Exchange regarding 'Certificate for Timely Payment of Annual Interest on Bonds- INE692A08136'.
21-Jan-2022 15:34:34,Loss of Share Certificates,Union Bank of India has informed the Exchange about Loss of Share Certificates
19-Jan-2022 16:15:49,Loss of Share Certificates,Union Bank of India has informed the Exchange about Loss of Share Certificates
12-Jan-2022 16:41:27,Loss of Share Certificates,Union Bank of India has informed the Exchange about Loss of Share Certificates
11-Jan-2022 17:41:11,Updates,Union Bank of India has informed the Exchange regarding ' Certificate for Timely Payment of Annual Interest on Bonds - INE692A08128'.
04-Jan-2022 16:23:41,"Certificate under SEBI (Depositories and Participants) Regulations, 2018","Union Bank of India has informed the Exchange about Certificate under SEBI (Depositories and Participants) Regulations, 2018"
03-Jan-2022 17:26:34,Loss of Share Certificates,Union Bank of India has informed the Exchange about Loss of Share Certificates
30-Dec-2021 17:36:38,Loss of Share Certificates,Union Bank of India has informed the Exchange about Loss of Share Certificates
28-Dec-2021 16:34:22,Trading Window,"Union Bank of India has informed the Exchange regarding the Trading Window closure pursuant to SEBI (Prohibition of Insider Trading) Regulations, 2015"
28-Dec-2021 15:40:22,Loss of Share Certificates,Union Bank of India has informed the Exchange about Loss of Share Certificates
28-Dec-2021 15:28:10,Updates,Union Bank of India has informed the Exchange regarding ' Certificate for Timely Payment of Annual Interest on Bonds - INE692A09241'.
27-Dec-2021 11:15:54,Updates,Union Bank of India has informed the Exchange regarding 'Intimation of Record date for Payment of interest on Bank s Bond- ISIN INE692A08136'.
23-Dec-2021 18:26:32,Loss of Share Certificates,Union Bank of India has informed the Exchange about Loss of Share Certificates
23-Dec-2021 18:12:00,Loss of Share Certificates,Union Bank of India has informed the Exchange about Loss of Share Certificates
21-Dec-2021 18:57:44,Appointment,"Union Bank of India has informed the Exchange regarding Appointment of Mr Suraj Srivastava  as Part-time Non-Official Director  of the company w.e.f. December 21, 2021."
16-Dec-2021 18:51:48,Analysts/Institutional Investor Meet/Con. Call Updates,Union Bank of India has informed the Exchange about Schedule of meet
15-Dec-2021 15:38:30,Updates,Union Bank of India has informed the Exchange regarding 'Certificate for Timely Payment of Annual Interest on Bonds - Reporting under Regulation 57 of SEBI (Listing Obligations & Disclosure Requiremen
14-Dec-2021 19:08:33,Credit Rating,Union Bank of India has informed the Exchange about Credit Rating
14-Dec-2021 18:22:31,Updates,Union Bank of India has informed the Exchange regarding 'Intimation of Record date for Payment of interest on Bank s Bond- ISIN INE692A08128'.
14-Dec-2021 13:32:29,Strikes/Lockouts/Disturbances,Union Bank of India has informed the Exchange about strikes/lockouts/disturbances
13-Dec-2021 12:19:15,Credit Rating,Union Bank of India has informed the Exchange about Credit Rating
10-Dec-2021 15:37:37,Credit Rating,Union Bank of India has informed the Exchange about Credit Rating
06-Dec-2021 16:57:03,Loss of Share Certificates,Union Bank of India has informed the Exchange about Loss of Share Certificates
01-Dec-2021 15:41:35,Loss of Share Certificates,Union Bank of India has informed the Exchange about Loss of Share Certificates
29-Nov-2021 20:00:16,Updates,Union Bank of India has informed the Exchange regarding 'Disclosure under Reg 30 of SEBI LODR'.
26-Nov-2021 17:38:54,Updates,Union Bank of India has informed the Exchange regarding 'Certificate for Timely Payment of Annual Interest on Bonds - Reporting under Regulation 57 of SEBI (Listing Obligations & Disclosure Requiremen
25-Nov-2021 17:40:04,Updates,Union Bank of India has informed the Exchange regarding 'Intimation of Record date for Payment of interest on Bank s Bond- ISIN INE692A09241'.
25-Nov-2021 17:31:07,Updates,Union Bank of India has informed the Exchange regarding 'Extension of tenure of Chief Risk Officer of the Bank'.
25-Nov-2021 11:19:23,Credit Rating,Union Bank of India has informed the Exchange about Credit Rating
24-Nov-2021 15:42:32,Updates,Union Bank of India has informed the Exchange regarding 'Certificate for Timely Payment of Annual Interest on Bonds - Reporting under Regulation 57 of SEBI (Listing Obligations & Disclosure Requiremen
24-Nov-2021 15:31:16,Loss of Share Certificates,Union Bank of India has informed the Exchange about Loss of Share Certificates
22-Nov-2021 16:45:35,Updates,"Union Bank of India has informed the Exchange regarding 'Pursuant to Regulation 57 (1) of SEBI (LODR) Regulations, 2015, we wish to inform you that the annual interest of the  bond has been paid on No"
17-Nov-2021 17:19:43,Analysts/Institutional Investor Meet/Con. Call Updates,Union Bank of India has informed the Exchange about Schedule of meet
17-Nov-2021 15:41:45,Loss of Share Certificates,Union Bank of India has informed the Exchange about Loss of Share Certificates
16-Nov-2021 17:18:15,Updates,Union Bank of India has informed the Exchange regarding 'Intimation of Record date for Payment of interest on Bank s Bond'.
15-Nov-2021 17:21:04,Updates,Union Bank of India has informed the Exchange regarding 'Certificate for Timely Payment of Annual Interest on Bonds - Reporting under Regulation 57 of SEBI (Listing Obligations & Disclosure Requiremen
13-Nov-2021 22:45:28,Credit Rating,Union Bank of India has informed the Exchange about Credit Rating
12-Nov-2021 18:10:20,Loss of Share Certificates,Union Bank of India has informed the Exchange about Loss of Share Certificates
10-Nov-2021 23:28:36,Credit Rating,Union Bank of India has informed the Exchange about Credit Rating
10-Nov-2021 19:37:18,Credit Rating,Union Bank of India has informed the Exchange about Credit Rating
09-Nov-2021 18:21:34,Updates,"Union Bank of India has informed the Exchange regarding 'Transcript of Earnings Call for the quarter/half year ended September 30, 2021'."
09-Nov-2021 13:13:20,Appointment,"Union Bank of India has informed the Exchange regarding Appointment of Mr Sameer Shukla as Non- Executive Director of the company w.e.f. November 08, 2021."
09-Nov-2021 13:02:37,Cessation,"Union Bank of India has informed the Exchange regarding Cessation of Mr Madnesh Kumar Mishra as Non- Executive Director of the company w.e.f. November 08, 2021."
06-Nov-2021 19:33:53,Copy of Newspaper Publication,Union Bank of India has informed the Exchange about Copy of Newspaper Publication
03-Nov-2021 16:49:12,Updates,Union Bank of India has informed the Exchange regarding 'Certificate for Timely Payment of Principal and Annual Interest on Bonds '.
02-Nov-2021 17:22:49,Updates,"Union Bank of India has informed the Exchange regarding 'Asset Cover Disclosure for the quarter ended on September 30, 2021'."
02-Nov-2021 15:44:10,Related Party Transactions,Union Bank of India has informed the Exchange about related Party Transactions
02-Nov-2021 15:32:21,Investor Presentation,Union Bank of India has informed the Exchange about Investor Presentation
02-Nov-2021 15:19:41,Press Release,"Union Bank of India has informed the Exchange regarding a press release dated November 02, 2021, titled ""Press Release on the Financial Results of the Bank for the Quarter and Half Year ended on Septe"
02-Nov-2021 14:15:18,Financial Result Updates,"Union Bank of India has submitted to the Exchange, the financial results for the period ended September 30, 2021."
01-Nov-2021 17:54:20,Updates,Union Bank of India has informed the Exchange regarding 'Certificate for Timely Payment of Annual Interest on Bonds - Reporting under Regulation 57 of SEBI (Listing Obligations & Disclosure Requiremen
30-Oct-2021 12:06:12,Analysts/Institutional Investor Meet/Con. Call Updates,Union Bank of India has informed the Exchange about Schedule of meet
29-Oct-2021 18:01:20,Credit Rating,Union Bank of India has informed the Exchange about Credit Rating
25-Oct-2021 19:25:50,Updates,Union Bank of India has informed the Exchange regarding 'Certificate for Timely Payment of Annual Interest on Bonds '.
25-Oct-2021 15:00:49,Loss of Share Certificates,Union Bank of India has informed the Exchange about Loss of Share Certificates
25-Oct-2021 12:16:45,Updates,Union Bank of India has informed the Exchange regarding 'Intimation of Record date for Payment of interest on Bank s Bond'.
21-Oct-2021 21:05:43,Appointment,"Union Bank of India has informed the Exchange regarding Appointment of Mr Rajneesh Karnatak as Executive Director of the company w.e.f. October 21, 2021."
21-Oct-2021 18:54:39,Updates,Union Bank of India has informed the Exchange regarding 'Intimation of Record date for Payment of interest on Bank s Bond '.
20-Oct-2021 12:20:23,Loss of Share Certificates,Union Bank of India has informed the Exchange about Loss of Share Certificates
16-Oct-2021 12:17:12,Updates,Union Bank of India has informed the Exchange regarding 'Intimation of Record date for Payment of interest on Bank s Bond '.
08-Oct-2021 18:08:17,Loss of Share Certificates,Union Bank of India has informed the Exchange about Loss of Share Certificates
08-Oct-2021 17:58:14,Updates,Union Bank of India has informed the Exchange regarding 'Intimation of Record date for Payment of interest on Bank s Bond '.
07-Oct-2021 19:09:15,Credit Rating,Union Bank of India has informed the Exchange about Credit Rating
07-Oct-2021 17:03:49,Credit Rating,Union Bank of India has informed the Exchange about Credit Rating
07-Oct-2021 17:02:44,Updates,Union Bank of India has informed the Exchange regarding 'Record Date for redemption by Call Option and payment of interest of Basel III Compliant Perpetual Additional Tier-I Bond (ISIN INE692A08037)'.
05-Oct-2021 15:31:03,"Certificate under SEBI (Depositories and Participants) Regulations, 2018","Union Bank of India has informed the Exchange about Certificate under SEBI (Depositories and Participants) Regulations, 2018"
05-Oct-2021 11:40:30,Credit Rating,Union Bank of India has informed the Exchange about Credit Rating
04-Oct-2021 17:48:30,Updates,Union Bank of India has informed the Exchange regarding 'Record Date Intimation for Payment of Interest on Bank's Bond- INE434A08083'.
01-Oct-2021 19:28:34,Credit Rating,Union Bank of India has informed the Exchange about Credit Rating
01-Oct-2021 10:16:43,Cessation,"Union Bank of India has informed the Exchange regarding Cessation of Mr Dinesh Kumar Garg as Executive Director of the company w.e.f. October 01, 2021."
30-Sep-2021 20:37:27,Updates,"Union Bank of India has informed the Exchange regarding 'Subscription of 1,98,00,000 Equity Shares in NARCL'."
29-Sep-2021 13:31:22,Updates,Union Bank of India has informed the Exchange regarding 'Intimation of Record date for Payment of Interest on Bank's Bond- INE434A08075'.
27-Sep-2021 19:50:46,Credit Rating,Union Bank of India has informed the Exchange about Credit Rating
27-Sep-2021 18:02:54,Change in Auditors,Union Bank of India has informed the Exchange regarding Change in Auditors of the company.
27-Sep-2021 12:39:55,Trading Window,"Union Bank of India has informed the Exchange regarding the Trading Window closure pursuant to SEBI (Prohibition of Insider Trading) Regulations, 2015"
21-Sep-2021 18:23:48,Loss of Share Certificates,Union Bank of India has informed the Exchange about Loss of Share Certificates
16-Sep-2021 14:57:25,Loss of Share Certificates,Union Bank of India has informed the Exchange about Loss of Share Certificates
13-Sep-2021 17:55:21,Analysts/Institutional Investor Meet/Con. Call Updates,Union Bank of India has informed the Exchange about Analysts/Institutional Investor Meet/Con. Call Updates
27-Aug-2021 15:53:46,Analysts/Institutional Investor Meet/Con. Call Updates,Union Bank of India has informed the Exchange about Analysts/Institutional Investor Meet/Con. Call Updates
27-Aug-2021 11:32:31,Updates,"Union Bank of India has informed the Exchange regarding 'Extension of Term of Shri Manas Ranjan Biswal, Executive Director of the Bank'."
27-Aug-2021 11:23:43,Updates,"Union Bank of India has informed the Exchange regarding 'Extension of Term of Shri Gopal Singh Gusain, Executive Director of the Bank'."
26-Aug-2021 14:51:14,Loss of Share Certificates,Union Bank of India has informed the Exchange about Loss of Share Certificates
23-Aug-2021 16:12:42,Analysts/Institutional Investor Meet/Con. Call Updates,Union Bank of India has informed the Exchange about Analysts/Institutional Investor Meet/Con. Call Updates
10-Aug-2021 19:32:11,Shareholders meeting,"Union Bank of India has submitted the Exchange a copy Srutinizers report of  Annual General Meeting held on August 10, 2021. Further, the company has informed the Exchange regarding voting results."
10-Aug-2021 18:31:54,Shareholders meeting,"Union Bank of India has informed the Exchange regarding Proceedings of Annual General Meeting held on August 10, 2021"
29-Jul-2021 16:33:06,Copy of Newspaper Publication,Union Bank of India has informed the Exchange about Copy of Newspaper Publication
29-Jul-2021 16:16:45,Investor Presentation,Union Bank of India has informed the Exchange about Investor Presentation
29-Jul-2021 16:03:26,Press Release,"Union Bank of India has informed the Exchange regarding a press release dated July 29, 2021, titled ""Press Release on the Financial Results of the Bank for the Quarter ended on June 30, 2021""."
29-Jul-2021 15:22:14,Financial Result Updates,"Union Bank of India has submitted to the Exchange, the financial results for the period ended June 30, 2021."
29-Jul-2021 10:53:57,Appointment,"Union Bank of India has informed the Exchange regarding Appointment of Mrs PRITI JAY RAO as Shareholder Director (Independent) of the company w.e.f. July 29, 2021."
28-Jul-2021 16:50:40,Updates,Union Bank of India has informed the Exchange regarding 'Cancellation of Election of One Shareholder Director scheduled to be held on   Annual General Meeting (AGM) of the Shareholders of the Bank on 
27-Jul-2021 17:30:58,Analysts/Institutional Investor Meet/Con. Call Updates,Union Bank of India has informed the Exchange about Analysts/Institutional Investor Meet/Con. Call Updates
13-Jul-2021 11:41:12,Copy of Newspaper Publication,Union Bank of India has informed the Exchange about Copy of Newspaper Publication
09-Jul-2021 19:35:53,Shareholders meeting,"Union Bank of India has informed the Exchange regarding Notice of Annual General Meeting to be held on August 10, 2021"
09-Jul-2021 19:27:42,Allotment of Securities,"Union Bank of India has informed the Exchange regarding allotment of 1150 securities pursuant to Basel III Compliant Tier II Bonds  at its meeting held on July 09, 2021"
08-Jul-2021 21:52:30,Book Closure,Union Bank of India has informed the Exchange that Register of Members & Share Transfer Books of the Company will remain closed from 04-Aug-2021 to 10-Aug-2021 for the purpose of Meeting.
08-Jul-2021 18:08:55,Issue of Securities,Union Bank of India has informed the Exchange about issue of Securities
08-Jul-2021 10:55:01,"Certificate under SEBI (Depositories and Participants) Regulations, 2018","Union Bank of India has informed the Exchange about Certificate under SEBI (Depositories and Participants) Regulations, 2018"
06-Jul-2021 16:25:11,Copy of Newspaper Publication,Union Bank of India has informed the Exchange about Copy of Newspaper Publication
03-Jul-2021 17:12:24,Copy of Newspaper Publication,Union Bank of India has informed the Exchange about Copy of Newspaper Publication
30-Jun-2021 18:39:58,Updates,Union Bank of India has informed the Exchange regarding 'Convening of 19th AGM of Shareholders of the Bank'.
30-Jun-2021 18:18:44,Outcome of Board Meeting,"Union Bank of India has informed the Exchange regarding Outcome of Board Meeting held on Jun 30, 2021."
28-Jun-2021 15:29:08,Trading Window,"Union Bank of India has informed the Exchange regarding the Trading Window closure pursuant to SEBI (Prohibition of Insider Trading) Regulations, 2015"
28-Jun-2021 11:18:14,Appointment,"Union Bank of India has informed the Exchange regarding Appointment of Mr Jayadev Madugula as Shareholder Director (Independent) of the company w.e.f. Jun 28, 2021."
28-Jun-2021 11:12:08,Change in Director(s),Union Bank of India has informed the Exchange regarding Change in Director(s) of the company.
25-Jun-2021 16:51:42,Loss of Share Certificates,Union Bank of India has informed the Exchange about Loss of Share Certificates
23-Jun-2021 18:03:56,Updates,Union Bank of India has informed the Exchange regarding 'Extension of tenure of Chief Risk Officer of the Bank'.
15-Jun-2021 18:49:40,Copy of Newspaper Publication,Union Bank of India has informed the Exchange about Copy of Newspaper Publication
14-Jun-2021 17:06:34,Updates,"Union Bank of India has informed the Exchange regarding 'Cancellation of Extraordinary General Meeting (EGM) of the Shareholders of the Bank scheduled to be held on June 25, 2021'."
09-Jun-2021 17:01:51,Loss of Share Certificates,Union Bank of India has informed the Exchange about Loss of Share Certificates
09-Jun-2021 16:59:11,Related Party Transactions,Union Bank of India has informed the Exchange about related Party Transactions
08-Jun-2021 20:09:24,Investor Presentation,Union Bank of India has informed the Exchange about Investor Presentation
07-Jun-2021 16:49:50,Investor Presentation,Union Bank of India has informed the Exchange about Investor Presentation
07-Jun-2021 16:33:36,Press Release,"Union Bank of India has informed the Exchange regarding a press release dated Jun 07, 2021, titled ""Press Release on the Audited Financial Results (Standalone and Consolidated) of the Bank for the qua"
07-Jun-2021 15:50:05,Financial Result Updates,"Union Bank of India has submitted to the Exchange, the financial results for the period ended March 31, 2021."
06-Jun-2021 18:12:56,Analysts/Institutional Investor Meet/Con. Call Updates,Union Bank of India has informed the Exchange about Analysts/Institutional Investor Meet/Con. Call Updates
01-Jun-2021 19:35:07,Appointment,"Union Bank of India has informed the Exchange regarding Appointment of Mr A K VINOD as CHIEF COMPLIANCE OFFICER of the company w.e.f. Jun 01, 2021."
24-May-2021 20:00:05,Qualified Institutional Placement,Union Bank of India has informed the Exchange about qualified Institutional Placement
21-May-2021 20:07:18,Copy of Newspaper Publication,Union Bank of India has informed the Exchange about Copy of Newspaper Publication
21-May-2021 18:16:26,Qualified Institutional Placement,Union Bank of India has informed the Exchange about qualified Institutional Placement
20-May-2021 20:53:05,Outcome of Board Meeting,"Union Bank of India has informed the Exchange regarding Outcome of Board Meeting held on May 20, 2021."
18-May-2021 20:56:05,Shareholders meeting,"Union Bank of India has informed the Exchange regarding Notice of Extraordinary General Meeting to be held on Jun 25, 2021"
17-May-2021 19:49:13,Outcome of Board Meeting,"Union Bank of India has informed the Exchange regarding Outcome of Board Meeting held on May 17, 2021."
17-May-2021 16:10:05,Copy of Newspaper Publication,Union Bank of India has informed the Exchange about Copy of Newspaper Publication
14-May-2021 19:21:59,Outcome of Board Meeting,"Union Bank of India has informed the Exchange regarding Outcome of Board Meeting held on May 14, 2021."
12-May-2021 13:49:49,Loss of Share Certificates,Union Bank of India has informed the Exchange about Loss of Share Certificates
29-Apr-2021 17:39:15,Outcome of Board Meeting,"Union Bank of India has informed the Exchange regarding Outcome of Board Meeting held on April 29, 2021."
29-Apr-2021 16:48:27,Loss of Share Certificates,Union Bank of India has informed the Exchange about Loss of Share Certificates
09-Apr-2021 16:23:59,Updates,"Union Bank of India has informed the Exchange regarding 'Half-Yearly Statement of Debt Securities issued under the SEBI (Issue & Listing of Debt Securities) Regulations, 2008 as on March 31, 2021'."
09-Apr-2021 16:19:52,Loss of Share Certificates,Union Bank of India has informed the Exchange about Loss of Share Certificates
05-Apr-2021 18:44:36,Disclosure under SEBI Takeover Regulations,"Union Bank of India��has informed the Exchange regarding disclosure under Regulation 30 of SEBI SAST Regulations, 2011 as at March 31, 2021"
05-Apr-2021 18:43:46,Disclosure under SEBI Takeover Regulations,Union Bank of India��has informed the Exchange regarding disclosure under Regulation 31(4) of SEBI SAST Regulations 2011 for financial year ended March 2021
05-Apr-2021 18:05:48,"Certificate under SEBI (Depositories and Participants) Regulations, 2018","Union Bank of India has informed the Exchange about Certificate under SEBI (Depositories and Participants) Regulations, 2018"
01-Apr-2021 17:11:39,Loss of Share Certificates,Union Bank of India has informed the Exchange about Loss of Share Certificates
31-Mar-2021 18:11:34,"Code of Conduct under SEBI(PIT) Reg., 2015","Union Bank of India has informed the Exchange about Code of Conduct under SEBI(PIT) Reg., 2015"
31-Mar-2021 17:37:04,Loss of Share Certificates,Union Bank of India has informed the Exchange about Loss of Share Certificates
26-Mar-2021 11:50:06,Trading Window,"Union Bank of India has informed the Exchange regarding the Trading Window closure pursuant to SEBI (Prohibition of Insider Trading) Regulations, 2015"
10-Mar-2021 17:41:50,Analysts/Institutional Investor Meet/Con. Call Updates,Union Bank of India has informed the Exchange about Analysts/Institutional Investor Meet/Con. Call Updates
10-Mar-2021 17:37:22,Appointment,"Union Bank of India has informed the Exchange regarding Appointment of Mr NITESH RANJAN as Executive Director of the company w.e.f. March 10, 2021."
08-Mar-2021 18:17:11,Analysts/Institutional Investor Meet/Con. Call Updates,Union Bank of India has informed the Exchange about Analysts/Institutional Investor Meet/Con. Call Updates
05-Mar-2021 19:20:18,Analysts/Institutional Investor Meet/Con. Call Updates,Union Bank of India has informed the Exchange about Analysts/Institutional Investor Meet/Con. Call Updates
04-Mar-2021 17:55:50,Analysts/Institutional Investor Meet/Con. Call Updates,Union Bank of India has informed the Exchange about Analysts/Institutional Investor Meet/Con. Call Updates
03-Mar-2021 16:20:30,Credit Rating,Union Bank of India has informed the Exchange about Credit Rating
03-Mar-2021 13:11:54,Credit Rating,Union Bank of India has informed the Exchange about Credit Rating
02-Mar-2021 18:33:53,Analysts/Institutional Investor Meet/Con. Call Updates,Union Bank of India has informed the Exchange about Analysts/Institutional Investor Meet/Con. Call Updates
02-Mar-2021 09:26:25,Analysts/Institutional Investor Meet/Con. Call Updates,Union Bank of India has informed the Exchange about Analysts/Institutional Investor Meet/Con. Call Updates
02-Mar-2021 07:25:56,Analysts/Institutional Investor Meet/Con. Call Updates,Union Bank of India has informed the Exchange about Analysts/Institutional Investor Meet/Con. Call Updates
01-Mar-2021 17:18:12,Updates,Union Bank of India has informed the Exchange regarding 'Approval of Proforma Financial Statements'.
01-Mar-2021 15:57:34,Credit Rating,Union Bank of India has informed the Exchange about Credit Rating
24-Feb-2021 18:36:06,Loss of Share Certificates,Union Bank of India has informed the Exchange about Loss of Share Certificates
10-Feb-2021 18:00:33,Loss of Share Certificates,Union Bank of India has informed the Exchange about Loss of Share Certificates
06-Feb-2021 10:35:51,Cessation,"Union Bank of India has informed the Exchange regarding Cessation of Mr Rajiv Kumar Singh as Non- Executive Independent Director of the company w.e.f. February 05, 2021."
03-Feb-2021 15:44:57,Loss of Share Certificates,Union Bank of India has informed the Exchange about Loss of Share Certificates
01-Feb-2021 10:41:37,Cessation,"Union Bank of India has informed the Exchange regarding Cessation of Mr Birupaksha Mishra as Executive Director of the company w.e.f. January 31, 2021."
30-Jan-2021 13:54:02,Investor Presentation,Union Bank of India has informed the Exchange about Investor Presentation
29-Jan-2021 17:58:29,Allotment of Securities,"Union Bank of India has informed the Exchange regarding allotment of 205 securities pursuant to Non Convertible Securities at its meeting held on January 29, 2021"
29-Jan-2021 16:14:42,Press Release,"Union Bank of India has informed the Exchange regarding a press release dated January 29, 2021, titled ""Press Release on the Financial Results for the Quarter and Nine months ended on December 31, 202"
29-Jan-2021 16:08:18,Investor Presentation,Union Bank of India has informed the Exchange about Investor Presentation
29-Jan-2021 14:59:42,Financial Result Updates,"Union Bank of India has submitted to the Exchange, the financial results for the period ended December 31, 2020."
28-Jan-2021 17:05:54,Loss of Share Certificates,Union Bank of India has informed the Exchange about Loss of Share Certificates
27-Jan-2021 19:14:26,Issue of Securities,Union Bank of India has informed the Exchange about issue of Securities
25-Jan-2021 18:45:50,Analysts/Institutional Investor Meet/Con. Call Updates,Union Bank of India has informed the Exchange about Analysts/Institutional Investor Meet/Con. Call Updates
11-Jan-2021 19:14:49,Allotment of Securities,"Union Bank of India has informed the Exchange regarding allotment of 1000 securities pursuant to Non Convertible Securities at its meeting held on January 11, 2021"
08-Jan-2021 13:19:32,Issue of Securities,Union Bank of India has informed the Exchange about issue of Securities
05-Jan-2021 18:21:31,Loss of Share Certificates,Union Bank of India has informed the Exchange about Loss of Share Certificates
05-Jan-2021 18:15:28,Loss of Share Certificates,Union Bank of India has informed the Exchange about Loss of Share Certificates
04-Jan-2021 17:30:50,Loss of Share Certificates,Union Bank of India has informed the Exchange about Loss of Share Certificates
04-Jan-2021 17:28:15,"Certificate under SEBI (Depositories and Participants) Regulations, 2018","Union Bank of India has informed the Exchange about Certificate under SEBI (Depositories and Participants) Regulations, 2018"
31-Dec-2020 11:13:32,Loss of Share Certificates,Union Bank of India has informed the Exchange about Loss of Share Certificates
30-Dec-2020 20:27:39,Shareholders meeting,"Union Bank of India has submitted the Exchange a copy Srutinizers report of  Extraordinary General Meeting held on December 30, 2020"
30-Dec-2020 15:15:26,Shareholders meeting,"Union Bank of India has informed the Exchange regarding Proceedings of Extraordinary General Meeting held on December 30, 2020"
29-Dec-2020 19:33:54,Change in Auditors,Union Bank of India has informed the Exchange regarding Change in Auditors of the company.
29-Dec-2020 16:31:15,Trading Window,"Union Bank of India has informed the Exchange regarding the Trading Window closure pursuant to SEBI (Prohibition of Insider Trading) Regulations, 2015"
27-Dec-2020 21:17:10,Cessation,"Union Bank of India has informed the Exchange regarding Cessation of Ms Madhura Swaminathan as Part Time Non Official Director of the company w.e.f. December 26, 2020."
24-Dec-2020 17:24:01,Analysts/Institutional Investor Meet/Con. Call Updates,Union Bank of India has informed the Exchange about Analysts/Institutional Investor Meet/Con. Call Updates
21-Dec-2020 16:45:19,Loss of Share Certificates,Union Bank of India has informed the Exchange about Loss of Share Certificates
17-Dec-2020 16:51:24,Credit Rating,Union Bank of India has informed the Exchange about Credit Rating
15-Dec-2020 18:39:04,Analysts/Institutional Investor Meet/Con. Call Updates,Union Bank of India has informed the Exchange about Analysts/Institutional Investor Meet/Con. Call Updates
11-Dec-2020 19:17:49,Issue of Securities,Union Bank of India has informed the Exchange about issue of Securities
10-Dec-2020 13:45:25,Loss of Share Certificates,Union Bank of India has informed the Exchange about Loss of Share Certificates
09-Dec-2020 19:21:01,Loss of Share Certificates,Union Bank of India has informed the Exchange about Loss of Share Certificates
09-Dec-2020 18:17:31,Analysts/Institutional Investor Meet/Con. Call Updates,Union Bank of India has informed the Exchange about Analysts/Institutional Investor Meet/Con. Call Updates
08-Dec-2020 18:29:59,Loss of Share Certificates,Union Bank of India has informed the Exchange about Loss of Share Certificates
08-Dec-2020 18:26:59,Copy of Newspaper Publication,Union Bank of India has informed the Exchange about Copy of Newspaper Publication
03-Dec-2020 17:19:17,Shareholders meeting,"Union Bank of India has informed the Exchange regarding Notice of Extraordinary General Meeting to be held on December 30, 2020"
01-Dec-2020 16:17:51,Copy of Newspaper Publication,Union Bank of India has informed the Exchange about Copy of Newspaper Publication
25-Nov-2020 19:19:14,Outcome of Board Meeting,"Union Bank of India has informed the Exchange regarding  Board meeting held on November 25, 2020."
17-Nov-2020 17:37:25,Related Party Transactions,Union Bank of India has informed the Exchange about related Party Transactions
11-Nov-2020 15:35:15,Analysts/Institutional Investor Meet/Con. Call Updates,Union Bank of India has informed the Exchange about Analysts/Institutional Investor Meet/Con. Call Updates
06-Nov-2020 18:04:19,Investor Presentation,Union Bank of India has informed the Exchange about Investor Presentation
06-Nov-2020 17:52:44,Press Release,"Union Bank of India has informed the Exchange regarding a press release dated November 06, 2020, titled ""Press Release on the Financial Results for the Quarter and Half year ended on September 30, 202"
06-Nov-2020 17:45:34,Financial Result Updates,"Union Bank of India has submitted to the Exchange, the financial results for the period ended September 30, 2020."
05-Nov-2020 14:47:28,Analysts/Institutional Investor Meet/Con. Call Updates,Union Bank of India has informed the Exchange about Analysts/Institutional Investor Meet/Con. Call Updates
04-Nov-2020 19:55:20,Credit Rating,Union Bank of India has informed the Exchange about Credit Rating
03-Nov-2020 17:25:23,Credit Rating,Union Bank of India has informed the Exchange about Credit Rating
29-Oct-2020 18:18:00,Loss of Share Certificates,Union Bank of India has informed the Exchange about Loss of Share Certificates
29-Oct-2020 18:17:59,Loss of Share Certificates,Union Bank of India has informed the Exchange about Loss of Share Certificates
24-Oct-2020 17:17:12,Credit Rating,Union Bank of India has informed the Exchange about Credit Rating
16-Oct-2020 18:17:49,Credit Rating,Union Bank of India has informed the Exchange about Credit Rating
16-Oct-2020 17:26:41,Loss of Share Certificates,Union Bank of India has informed the Exchange about Loss of Share Certificates
14-Oct-2020 19:01:52,Credit Rating,Union Bank of India has informed the Exchange about Credit Rating
13-Oct-2020 16:50:52,"Certificate under SEBI (Depositories and Participants) Regulations, 2018","Union Bank of India has informed the Exchange about Certificate under SEBI (Depositories and Participants) Regulations, 2018"
09-Oct-2020 17:39:18,Loss of Share Certificates,Union Bank of India has informed the Exchange about Loss of Share Certificates
08-Oct-2020 18:57:46,Credit Rating,Union Bank of India has informed the Exchange about Credit Rating
30-Sep-2020 17:31:32,Loss of Share Certificates,Union Bank of India has informed the Exchange about Loss of Share Certificates
28-Sep-2020 17:35:29,Trading Window,"Union Bank of India has informed the Exchange regarding the Trading Window closure pursuant to SEBI (Prohibition of Insider Trading) Regulations, 2015"
25-Sep-2020 18:38:34,Analysts/Institutional Investor Meet/Con. Call Updates,Union Bank of India has informed the Exchange about Analysts/Institutional Investor Meet/Con. Call Updates
25-Sep-2020 17:11:57,Loss of Share Certificates,Union Bank of India has informed the Exchange about Loss of Share Certificates
16-Sep-2020 20:14:23,Allotment of Securities,"Union Bank of India has informed the Exchange regarding allotment of 10000 securities pursuant to Non Convertible Securities at its meeting held on September 16, 2020"
11-Sep-2020 21:50:06,Credit Rating,"In terms of Regulation 30 read with point 3 of Para A of Part A of Schedule III of SEBI (Listing Obligations & Disclosure Requirements) Regulations, 2015 and SEBI circular no. CIR/CFD/CMD/4/2015 dated"
11-Sep-2020 18:20:06,Analysts/Institutional Investor Meet/Con. Call Updates,Union Bank of India has informed the Exchange about Analysts/Institutional Investor Meet/Con. Call Updates
05-Sep-2020 18:14:15,Credit Rating,Moody s Investors Service has revised the Long-term local and foreign currency deposit rating and baseline credit assessment (BCA) of Union Bank of India. The details are given in the attachment.
21-Aug-2020 17:54:55,Investor Presentation,Union Bank of India has informed the Exchange about Investor Presentation
21-Aug-2020 17:53:47,Press Release,"Union Bank of India has informed the Exchange regarding a press release dated August 21, 2020, titled ""Press Release on the Financial Results of the Bank for the Quarter ended on June 30, 2020""."
21-Aug-2020 17:47:10,Financial Result Updates,"Union Bank of India has submitted to the Exchange, the financial results for the period ended June 30, 2020."
19-Aug-2020 18:19:41,Analysts/Institutional Investor Meet/Con. Call Updates,Union Bank of India has informed the Exchange about Analysts/Institutional Investor Meet/Con. Call Updates
04-Aug-2020 22:32:30,Shareholders meeting,"Union Bank of India has submitted the Exchange a copy Srutinizers report of  Annual General Meeting held on August 04, 2020"
04-Aug-2020 21:29:54,Shareholders meeting,"Union Bank of India has informed the Exchange regarding Proceedings of Annual General Meeting held on August 04, 2020"
29-Jul-2020 20:25:00,Outcome of Board Meeting,"Union Bank of India has informed the Exchange regarding  Board meeting held on July 29, 2020."
23-Jul-2020 17:39:00,Copy of Newspaper Publication,Union Bank of India has informed the Exchange about Copy of Newspaper Publication
18-Jul-2020 15:35:00,"Certificate under SEBI (Depositories and Participants) Regulations, 2018","Union Bank of India has informed the Exchange about Certificate under SEBI (Depositories and Participants) Regulations, 2018"
13-Jul-2020 13:32:00,Copy of Newspaper Publication,Union Bank of India has informed the Exchange about Copy of Newspaper Publication
11-Jul-2020 21:46:00,Shareholders meeting,"Union Bank of India has informed the Exchange regarding Notice of Annual General Meeting to be held on August 04, 2020"
06-Jul-2020 19:00:00,Cessation,"Union Bank of India has informed the Exchange regarding Cessation of Mr Kewal Handa as Non- Executive Independent Director of the company w.e.f. July 05, 2020."
03-Jul-2020 19:14:00,Updates,"Union Bank of India has informed the Exchange regarding 'Secretarial Audit Report of the Bank for the Financial Year ended March 31, 2020'."
02-Jul-2020 18:55:00,Related Party Transactions,Union Bank of India has informed the Exchange about related Party Transactions
02-Jul-2020 18:06:00,Copy of Newspaper Publication,Union Bank of India has informed the Exchange about Copy of Newspaper Publication
30-Jun-2020 21:41:00,Updates,Union Bank of India has informed the Exchange regarding 'Extension of Term of Managing Director & CEO of the Bank'.
29-Jun-2020 18:17:00,Book Closure,Union Bank of India has informed the Exchange that Register of Members & Share Transfer Books of the Company will remain closed from 29-Jul-2020 to 04-Aug-2020 for the purpose of Meeting.
29-Jun-2020 18:08:00,Trading Window,"Union Bank of India has informed the Exchange regarding the Trading Window closure pursuant to SEBI (Prohibition of Insider Trading) Regulations, 2015"
26-Jun-2020 18:48:00,Updates,Union Bank of India has informed the Exchange regarding 'Intimation of 18th Annual General Meeting (AGM) and Book Closure for the purpose of AGM'.
24-Jun-2020 20:06:00,Loss of Share Certificates,Union Bank of India has informed the Exchange about Loss of Share Certificates
23-Jun-2020 19:54:00,Press Release,"Union Bank of India has informed the Exchange regarding a press release dated Jun 23, 2020, titled ""Press Release on the Financial Results of the Bank for the 4th Quarter/Financial Year ended on March"
23-Jun-2020 19:51:00,Investor Presentation,Union Bank of India has informed the Exchange about Investor Presentation
23-Jun-2020 19:21:50,Financial Result Updates,"Union Bank of India has submitted to the Exchange, the financial results for the period ended March 31, 2020."
23-Jun-2020 17:07:00,Analysts/Institutional Investor Meet/Con. Call Updates,Union Bank of India has informed the Exchange about Analysts/Institutional Investor Meet/Con. Call Updates
17-Jun-2020 21:03:00,Updates,Union Bank of India has informed the Exchange regarding 'Disclosure of material impact of COVID-19 pandemic on the Bank'.
01-Jun-2020 18:46:00,Updates,"Union Bank of India has informed the Exchange regarding 'Change in Key Managerial Personnel - Reporting under Regulation 30(5) of SEBI (Listing Obligations & Disclosure Requirements) Regulations, 2015"
29-May-2020 19:37:00,Credit Rating,Union Bank of India has informed the Exchange regarding Credit Rating
28-May-2020 19:07:00,Updates,Union Bank of India has informed the Exchange regarding 'Contact details of Key Managerial Personnel authorized to determine materiality of an event or information '.
28-May-2020 18:19:00,Updates,Union Bank of India has informed the Exchange regarding 'Change in Portfolio-Chief Financial Officer (CFO) of the Bank'.
17-Apr-2020 17:35:00,Updates,"Union Bank of India has informed the Exchange regarding 'Certificate under Regulation 74(5) of the SEBI (Depositories and Participants) Regulations, 2018 for the quarter ended on March 31, 2020'."
16-Apr-2020 08:41:00,Disclosure under SEBI Takeover Regulations,"Government of India (i.e President of India), promoter of Union Bank of India has informed the Exchange regarding the disclosure pursuant to the provisions of Regulation 31(4) of the SEBI (Substantial"
13-Apr-2020 09:56:00,Disclosure under SEBI Takeover Regulations,"Union Bank of India has informed the Exchange regarding Disclosure under Reg. 30(2) of SEBI (SAST) Regulations, 2011"
01-Apr-2020 23:15:00,Updates,"Union Bank of India has informed the Exchange regarding 'Allotment of 2,98,40,25,503 Equity Shares to the shareholders of Andhra Bank and Corporation Bank pursuant to the amalgamation scheme '."
01-Apr-2020 16:35:00,Appointment,"Union Bank of India has informed the Exchange regarding Appointment of Mr Birupaksha Mishra as Executive Director of the company w.e.f. April 01, 2020."
01-Apr-2020 16:23:00,Cessation,"Union Bank of India has informed the Exchange regarding Cessation of Mr K Ramesha as Non- Executive Director of the company w.e.f. March 31, 2020."
30-Mar-2020 18:25:00,Trading Window,"Union Bank of India has informed the Exchange regarding the Trading Window closure pursuant to SEBI (Prohibition of Insider Trading) Regulations, 2015"
20-Mar-2020 16:01:00,Updates,"Union Bank of India has informed the Exchange regarding 'Disclosure under Regulation 30 of SEBI (LODR) Regulations, 2015'."
17-Mar-2020 17:34:00,Updates,Union Bank of India has informed the Exchange regarding 'Equity Share Exchange Ratio and Record Date for amalgamation of Andhra Bank and Corporation Bank ( Transferor Banks ) into Union Bank of India 
05-Mar-2020 17:23:00,Amalgamation/Merger,Union Bank of India has informed the Exchange about Amalgamation/Merger
02-Mar-2020 19:13:00,"Code of Conduct under SEBI(PIT) Reg., 2015","Union Bank of India has informed the Exchange regarding the Code of Conduct under SEBI(PIT) Reg., 2015"
28-Feb-2020 16:43:00,Analysts/Institutional Investor Meet/Con. Call Updates,Union Bank of India has informed the Exchange regarding Analysts/Institutional Investor Meet/Con. Call Updates
28-Feb-2020 13:18:00,Updates,"Union Bank of India has informed the Exchange regarding 'Disclosure under Regulation 30 of SEBI (LODR) Regulations, 2015'."
28-Feb-2020 13:13:00,Updates,"Union Bank of India has informed the Exchange regarding 'Disclosure under Regulation 30 of SEBI (LODR) Regulations, 2015'."
10-Feb-2020 16:21:00,Investor Presentation,Union Bank of India has informed the Exchange regarding Investor Presentation
10-Feb-2020 16:19:00,Press Release,"Union Bank of India has informed the Exchange regarding a press release dated February 10, 2020, titled ""Press Release on the Financial Results of the Bank for the Quarter/period ended on December 31,"
10-Feb-2020 15:23:23,Financial Result Updates,"Union Bank of India has submitted to the Exchange, the financial results for the period ended December 31, 2019."
07-Feb-2020 17:35:00,Analysts/Institutional Investor Meet/Con. Call Updates,Union Bank of India has informed the Exchange regarding Analysts/Institutional Investor Meet/Con. Call Updates
15-Jan-2020 20:35:00,Updates,"Union Bank of India has informed the Exchange regarding 'Disclosure under Regulation 30 of SEBI (LODR) Regulations, 2015'."
08-Jan-2020 17:53:00,Updates,"Union Bank of India has informed the Exchange regarding 'Certificate under Regulation 74(5) of the SEBI (Depositories and Participants) Regulations, 2018 for the quarter ended on December 31, 2019'."
30-Dec-2019 16:15:00,Trading Window,"Union Bank of India has informed the Exchange regarding the Trading Window closure pursuant to SEBI (Prohibition of Insider Trading) Regulations, 2015"
27-Dec-2019 17:48:00,Analysts/Institutional Investor Meet/Con. Call Updates,Union Bank of India has informed the Exchange regarding Analysts/Institutional Investor Meet/Con. Call Updates
18-Dec-2019 16:24:00,Change in Auditors,Union Bank of India has informed the Exchange regarding Change in Auditors of the company.
02-Dec-2019 11:56:00,Updates,"Union Bank of India has informed the Exchange regarding 'Disclosures under Regulation 29(1) & 29(2) of SEBI (SAST) Regulations, 2011'."
02-Dec-2019 08:25:00,Preferential issue,Union Bank of India has informed the Exchange regarding Allotment of Equity Shares to Government of India on preferential basis.
22-Nov-2019 14:08:00,Related Party Transactions,"Union Bank of India has submitted to the Exchange a copy of  Disclosure of Related Party Transactions pursuant to Regulation 23(9) of SEBI (Listing Obligations & Disclosures) Requirements, 2015"
20-Nov-2019 18:43:00,Updates,"Union Bank of India has informed the Exchange regarding 'Disclosure under Regulation 30 of SEBI (LODR) Regulations, 2015'."
18-Nov-2019 18:23:00,Updates,Union Bank of India has informed the Exchange regarding 'In-principle approval of Alternate Mechanism (AM) to proposed amalgamation of Andhra Bank and Corporation Bank into Union Bank of India'.
14-Nov-2019 16:49:00,Investor Presentation,Union Bank of India has informed the Exchange regarding Investor Presentation
14-Nov-2019 16:44:00,Press Release,"Union Bank of India has informed the Exchange regarding a press release dated November 14, 2019, titled ""Press Release on the Financial Results for the Quarter / Half year ended on September 30, 2019"""
14-Nov-2019 16:41:21,Financial Result Updates,"Union Bank of India has submitted to the Exchange, the financial results for the period ended September 30, 2019."
14-Nov-2019 16:14:00,Shareholders meeting,"Union Bank of India has submitted the Exchange a copy Srutinizers report of  Postal Ballot. Further, the company has informed the Exchange regarding voting results."
13-Nov-2019 19:08:00,Analysts/Institutional Investor Meet/Con. Call Updates,Union Bank of India has informed the Exchange regarding Analysts/Institutional Investor Meet/Con. Call Updates
07-Nov-2019 13:08:00,Updates,Union Bank of India has informed the Exchange regarding 'Corrigendum Published in Newspaper   Preferential Issue to GOI'.
01-Nov-2019 19:21:00,Updates,"Union Bank of India has informed the Exchange regarding 'Disclosure under Regulation 30 of SEBI (LODR) Regulations, 2015'."
22-Oct-2019 11:26:00,Change in Director(s),Union Bank of India has informed the Exchange regarding Change in Director(s) of the company.
16-Oct-2019 19:13:00,Updates,Union Bank of India has informed the Exchange regarding 'Addendum Published in Newspaper   Preferential Issue to GOI'.
14-Oct-2019 18:44:00,Outcome of Board Meeting,"In continuation to our letter no. ISD/19-20/248 dated October 9, 2019 regarding intimation of meeting of Committee of Directors for Raising of Capital Funds ( CDRCF ), we wish to inform that the CDRCF"
10-Oct-2019 15:32:00,Shareholders meeting,Union Bank of India has informed the Exchange regarding Notice of Postal Ballot
09-Oct-2019 18:38:00,Outcome of Board Meeting,"In continuation to our letter no. ISD/19-20/242 dated October 3, 2019 regarding intimation of meeting of Committee of Directors for Raising of Capital Funds, we wish to inform that the Committee of Di"
04-Oct-2019 16:49:00,Updates,"Union Bank of India has informed the Exchange regarding 'Certificate under Regulation 74(5) of the SEBI (Depositories and Participants) Regulations, 2018 for the quarter ended on September 30, 2019'."
03-Oct-2019 17:14:00,Statement of deviation(s) or variation(s) under Reg. 32,Union Bank of India has informed the Exchange regarding Statement of deviation(s) or variation(s) under Reg. 32 of SEBI (LODR) Regulations 2015
30-Sep-2019 18:45:00,Updates,Union Bank of India has informed the Exchange regarding 'Disclosure under Regulation 30 regarding Capital infusion by Government of India'.
30-Sep-2019 18:30:00,Analysts/Institutional Investor Meet/Con. Call Updates,Union Bank of India has informed the Exchange regarding Analysts/Institutional Investor Meet/Con. Call Updates
27-Sep-2019 19:10:00,Updates,Union Bank of India has informed the Exchange regarding 'Disclosure under Regulation 30 regarding Capital infusion by Government of India'.
23-Sep-2019 18:55:00,Trading Window,"Union Bank of India has informed the Exchange regarding the Trading Window closure pursuant to SEBI (Prohibition of Insider Trading) Regulations, 2015"
09-Sep-2019 13:55:00,Outcome of Board Meeting,"In continuation to our letter no. ISD/19-20/205 dated September 4, 2019 regarding intimation of meeting of Board of Directors of the Bank, we wish to inform you that the Board of Directors in its meet"
30-Aug-2019 20:16:00,Updates,"Union Bank of India has informed the Exchange regarding 'Receipt of a communication from Ministry of Finance, Government of India stating that the Alternative Mechanism (AM) after consultation with Re"
28-Aug-2019 18:10:00,Analysts/Institutional Investor Meet/Con. Call Updates,Union Bank of India has informed the Exchange regarding Analysts/Institutional Investor Meet/Con. Call Updates
02-Aug-2019 19:33:00,Updates,"Union Bank of India has informed the Exchange regarding 'Disclosure of Information under Regulation 30 of SEBI (LODR) Regulations, 2015'."
02-Aug-2019 17:38:00,Investor Presentation,Union Bank of India has informed the Exchange regarding Investor Presentation
02-Aug-2019 17:33:00,Press Release,"Union Bank of India has informed the Exchange regarding a press release dated August 02, 2019, titled ""Press Release on the Financial Results of the Bank for the Quarter ended on June 30, 2019""."
02-Aug-2019 17:17:49,Financial Result Updates,"Union Bank of India has submitted to the Exchange, the financial results for the period ended June 30, 2019."
01-Aug-2019 18:18:00,Updates,"Union Bank of India has informed the Exchange regarding 'Certificate under Regulation 74(5) of the SEBI (Depositories and Participants) Regulations, 2018 for the quarter ended on June 30, 2019'."
31-Jul-2019 17:34:00,Analysts/Institutional Investor Meet/Con. Call Updates,Union Bank of India has informed the Exchange regarding Analysts/Institutional Investor Meet/Con. Call Updates
16-Jul-2019 18:22:00,Updates,"Union Bank of India has informed the Exchange regarding 'Disclosure of Information under Regulation 30 of SEBI (LODR) Regulations, 2015'."
04-Jul-2019 17:51:00,Statement of deviation(s) or variation(s) under Reg. 32,Union Bank of India has informed the Exchange regarding Statement of deviation(s) or variation(s) under Reg. 32 of SEBI (LODR) Regulations 2015
04-Jul-2019 12:50:00,Updates,Union Bank of India has informed the Exchange regarding 'Chief Financial Officer (CFO) of the Bank'.
28-Jun-2019 19:04:00,Trading Window,"Union Bank of India has informed the Exchange regarding the Trading Window closure pursuant to SEBI (Prohibition of Insider Trading) Regulations, 2015"
28-Jun-2019 18:52:00,Shareholders meeting,"Union Bank of India has informed the Exchange regarding Proceedings of Annual General Meeting held on Jun 28, 2019. Further, the company has submitted the Exchange a copy of Srutinizers report along w"
19-Jun-2019 18:55:00,Updates,Union Bank of India has informed the Exchange regarding 'Chief Risk Officer (CRO) of the Bank'.
13-Jun-2019 20:51:00,Updates,"Union Bank of India has informed the Exchange regarding 'Execution of an agreement for sale of 10,00,000 equity shares of Rs.100/- per share of National Payments Corporation of India (NPCI) at Rs.740/"
12-Jun-2019 19:22:00,Related Party Transactions,"Union Bank of India has informed the Exchange regarding Disclosure of Regulation 23(9) of the SEBI (Listing Obligations & Disclosure Requirements) Regulations, 2015"
03-Jun-2019 17:39:00,AGM/Book Closure,"Union Bank of India has informed the Exchange that the Register of Member and Share Transfer Books of the Bank will remain closed from June 22, 2019 to June 28, 2019 ( both days inclusive) for the pur"
31-May-2019 18:22:00,Analysts/Institutional Investor Meet/Con. Call Updates,Union Bank of India has informed the Exchange regarding Analysts/Institutional Investor Meet/Con. Call Updates
21-May-2019 19:35:00,Analysts/Institutional Investor Meet/Con. Call Updates,Union Bank of India has informed the Exchange regarding Analysts/Institutional Investor Meet/Con. Call Updates
16-May-2019 19:23:00,Analysts/Institutional Investor Meet/Con. Call Updates,Union Bank of India has informed the Exchange regarding Analysts/Institutional Investor Meet/Con. Call Updates
15-May-2019 20:19:00,Raising of Funds,"Union Bank of India has informed the Exchange that the Board of Directors in its meeting held on Mary 15, 2019 has approve the capital plan of the bank for FY 2019-20 as under : 1) To raise total Capi"
15-May-2019 17:51:00,Outcome of Board Meeting,"Union Bank of India has informed the Exchange regarding  Board meeting held on May 15, 2019."
14-May-2019 17:25:00,Investor Presentation,Union Bank of India has informed the Exchange regarding Investor Presentation
14-May-2019 17:21:00,Press Release,"Union Bank of India has informed the Exchange regarding a press release dated May 14, 2019, titled ""Press Release on the Financial Results of the Bank for the 4th Quarter/Financial Year ended on March"
14-May-2019 17:06:31,Financial Result Updates,"Union Bank of India has submitted to the Exchange, the financial results for the period ended March 31, 2019."
09-May-2019 17:25:00,Analysts/Institutional Investor Meet/Con. Call Updates,Union Bank of India has informed the Exchange regarding Analysts/Institutional Investor Meet/Con. Call Updates
26-Apr-2019 20:19:00,Change in Director(s),Union Bank of India has informed the Exchange regarding Change in Director(s) of the company.
25-Apr-2019 11:30:00,Cessation,"Union Bank of India has informed the Exchange regarding Cessation of Mr K Ramesha as Part Time Non Official Director of the company w.e.f. April 24, 2019."
09-Apr-2019 18:02:00,Analysts/Institutional Investor Meet/Con. Call Updates,Union Bank of India has informed the Exchange regarding Analysts/Institutional Investor Meet/Con. Call Updates
02-Apr-2019 19:42:00,Disc. under Reg.30 of SEBI (SAST) Reg.2011,"Union Bank of India��has submitted to the Exchange a copy of disclosure under Regulation 30(1) and 30(2) of SEBI (Substantial Acquisition of Shares & Takeovers) Regulations, 2011."
02-Apr-2019 17:30:00,Statement of deviation(s) or variation(s) under Reg. 32,Union Bank of India has informed the Exchange regarding Statement of deviation(s) or variation(s) under Reg. 32 of SEBI (LODR) Regulations 2015
30-Mar-2019 17:11:00,"Code of Conduct under SEBI(PIT) Reg., 2015","Union Bank of India has informed the Exchange regarding the Code of Conduct under SEBI(PIT) Reg., 2015"
28-Mar-2019 20:01:00,Allotment of Securities,"Union Bank of India has informed the Exchange regarding allotment of 521562658 securities pursuant to Preferential Issue at its meeting held on March 28, 2019"
28-Mar-2019 14:17:00,Allotment of ESOP/ESPS,Union Bank of India has informed the Exchange regarding allotment of  72880275 Equity Shares under ESOP
27-Mar-2019 15:25:00,Trading Window,"Union Bank of India has informed the Exchange regarding the Trading Window closure pursuant to SEBI (Prohibition of Insider Trading) Regulations, 2015"
26-Mar-2019 17:30:00,Shareholders meeting,"Union Bank of India has informed the Exchange regarding Proceedings of Extraordinary General Meeting held on March 26, 2019. Further, the company has submitted the Exchange a copy of Srutinizers repor"
18-Mar-2019 18:27:00,Updates,Union Bank of India has informed the Exchange regarding 'Union Bank of India Employee Share Purchase Scheme - Issue closure'.
07-Mar-2019 20:58:00,Trading Window,"Union Bank of India has informed the Exchange regarding the Trading Window closure pursuant to SEBI (Prohibition of Insider Trading) Regulations, 2015"
02-Mar-2019 19:38:00,Updates,Union Bank of India has informed the Exchange regarding 'Imposition of a penalty of  Rs. 30 million on the Bank for delay in adherence to its directives on ��Time bound implementation and strengthenin
02-Mar-2019 13:13:00,Outcome of Board Meeting,"In continuation to our letter no. ISD/18-19/371 dated 25th February, 2019 regarding intimation of meeting of Stakeholders Relationship Committee (SRC) of the Bank (authorised as Compensation Committee"
01-Mar-2019 17:40:00,Appointment,"Union Bank of India has informed the Exchange regarding Appointment of Mr Manas Ranjan Biswal as Executive Director of the company w.e.f. March 01, 2019."
28-Feb-2019 18:52:00,Cessation,"Union Bank of India has informed the Exchange regarding Cessation of Mr Raj Kamal Verma as Executive Director of the company w.e.f. February 28, 2019."
26-Feb-2019 17:56:00,Shareholders meeting,"Union Bank of India has informed the Exchange regarding Notice of Extraordinary General Meeting to be held on March 26, 2019"
26-Feb-2019 15:42:00,Outcome of Board Meeting,"In continuation to our letter no. ISD/18-19/367 dated 21st February, 2019 regarding intimation of meeting of Board of Directors of the Bank, we wish to inform that the Board of Directors at its meetin"
16-Feb-2019 14:14:00,Shareholders meeting,"Union Bank of India has submitted the Exchange a copy Srutinizers report of  Postal Ballot. Further, the company has informed the Exchange regarding voting results."
11-Feb-2019 17:21:00,Analysts/Institutional Investor Meet/Con. Call Updates,Union Bank of India has informed the Exchange regarding Analysts/Institutional Investor Meet/Con. Call Updates
06-Feb-2019 19:25:00,Updates,"Union Bank of India has informed the Exchange regarding 'Disclosure of Information under Regulation 30 of SEBI (LODR) Regulations, 2015'."
21-Jan-2019 15:14:00,Press Release,"Union Bank of India has informed the Exchange regarding a press release dated January 21, 2019, titled ""Press Release on the Financial Results of the Bank for the Quarter/Nine Months ended on 31.12.20"
21-Jan-2019 15:08:00,Investor Presentation,Union Bank of India has informed the Exchange regarding Investor Presentation
21-Jan-2019 14:34:36,Financial Result Updates,"Union Bank of India has submitted to the Exchange, the financial results for the period ended December 31, 2018."
19-Jan-2019 12:31:00,Analysts/Institutional Investor Meet/Con. Call Updates,Union Bank of India has informed the Exchange regarding Analysts/Institutional Investor Meet/Con. Call Updates
05-Jan-2019 14:04:00,Shareholders meeting,Union Bank of India has informed the Exchange regarding Notice of Postal Ballot
03-Jan-2019 18:44:00,Analysts/Institutional Investor Meet/Con. Call Updates,Union Bank of India has informed the Exchange regarding Analysts/Institutional Investor Meet/Con. Call Updates
03-Jan-2019 17:07:00,Outcome of Board Meeting,"Union Bank of India has informed the Exchange regarding  Board meeting held on January 03, 2019."
02-Jan-2019 19:00:00,Analysts/Institutional Investor Meet/Con. Call Updates,Union Bank of India has informed the Exchange regarding Analysts/Institutional Investor Meet/Con. Call Updates
02-Jan-2019 18:37:00,Statement of deviation(s) or variation(s) under Reg. 32,Union Bank of India has informed the Exchange regarding Statement of deviation(s) or variation(s) under Reg. 32 of SEBI (LODR) Regulations 2015
01-Jan-2019 15:58:00,Trading Window,"Union Bank of India has informed the Exchange regarding the Trading Window closure pursuant to SEBI (Prohibition of Insider Trading) Regulations, 2015"
29-Dec-2018 18:34:00,Updates,"Union Bank of India has informed the Exchange regarding 'Disclosure of information under Regulation 30 of SEBI (LODR) Regulations, 2015'."
28-Dec-2018 19:55:00,Analysts/Institutional Investor Meet/Con. Call Updates,Union Bank of India has informed the Exchange regarding Analysts/Institutional Investor Meet/Con. Call Updates
27-Dec-2018 20:01:00,Change in Auditors,Union Bank of India has informed the Exchange regarding Change in Auditors of the company.
18-Dec-2018 17:57:00,Analysts/Institutional Investor Meet/Con. Call Updates,Union Bank of India has informed the Exchange regarding Analysts/Institutional Investor Meet/Con. Call Updates
07-Dec-2018 18:12:00,Analysts/Institutional Investor Meet/Con. Call Updates,Union Bank of India has informed the Exchange regarding Analysts/Institutional Investor Meet/Con. Call Updates
12-Nov-2018 18:59:00,Outcome of Board Meeting,"Union Bank of India has informed the Exchange regarding  Board meeting held on November 12, 2018."
02-Nov-2018 12:01:00,Appointment,"Union Bank of India has informed the Exchange regarding Appointment of Mr Dinesh Kumar Garg as Executive Director of the company w.e.f. November 02, 2018."
01-Nov-2018 18:57:00,Cessation,"Union Bank of India has informed the Exchange regarding Cessation of Mr Atul Kumar Goel as Executive Director of the company w.e.f. November 02, 2018."
29-Oct-2018 15:44:00,Press Release,"Union Bank of India has informed the Exchange regarding a press release dated October 29, 2018, titled ""Press Release on the Financial Results of the Bank for the Quarter/Half Year ended on 30.09.2018"
29-Oct-2018 15:41:00,Investor Presentation,Union Bank of India has informed the Exchange regarding Investor Presentation
29-Oct-2018 15:31:58,Financial Result Updates,"Union Bank of India has submitted to the Exchange, the financial results for the period ended September 30, 2018."
26-Oct-2018 15:15:00,Analysts/Institutional Investor Meet/Con. Call Updates,Union Bank of India has informed the Exchange regarding Analysts/Institutional Investor Meet/Con. Call Updates
08-Oct-2018 13:54:00,Trading Window,"Union Bank of India has informed the Exchange regarding the Trading Window closure pursuant to SEBI (Prohibition of Insider Trading) Regulations, 2015"
04-Oct-2018 15:00:00,Statement of deviation(s) or variation(s) under Reg. 32,Union Bank of India has informed the Exchange regarding Statement of deviation(s) or variation(s) under Reg. 32 of SEBI (LODR) Regulations 2015
21-Sep-2018 17:05:00,Change in Director(s),Union Bank of India has informed the Exchange regarding Change in Director(s) of the company.
07-Sep-2018 17:25:00,Analysts/Institutional Investor Meet/Con. Call Updates,Union Bank of India has informed the Exchange regarding Analysts/Institutional Investor Meet/Con. Call Updates
07-Sep-2018 12:47:00,Updates,"Union Bank of India has informed the Exchange regarding 'Disclosure of Information under Regulation 30 of SEBI (LODR) Regulations, 2015'."
05-Sep-2018 19:08:00,Analysts/Institutional Investor Meet/Con. Call Updates,Union Bank of India has informed the Exchange regarding Analysts/Institutional Investor Meet/Con. Call Updates
10-Aug-2018 16:02:00,Press Release,"Union Bank of India has informed the Exchange regarding a press release dated August 10, 2018, titled ""Press Release on the Financial Results of the Bank for the Quarter ended on 30.06.2018""."
10-Aug-2018 15:57:00,Investor Presentation,Union Bank of India has informed the Exchange regarding Investor Presentation
10-Aug-2018 15:45:49,Financial Result Updates,"Union Bank of India has submitted to the Exchange, the financial results for the period ended June 30, 2018."
09-Aug-2018 11:32:00,Analysts/Institutional Investor Meet/Con. Call Updates,Union Bank of India has informed the Exchange regarding Analysts/Institutional Investor Meet/Con. Call Updates
31-Jul-2018 16:23:00,Cessation,"Union Bank of India has informed the Exchange regarding Cessation of Mr Vinod Kathuria as Executive Director of the company w.e.f. July 31, 2018."
23-Jul-2018 16:55:00,Updates,Union Bank of India has informed the Exchange regarding 'Inter-Creditor Agreement for Resolution of Stressed Assets'.
19-Jul-2018 14:36:00,Trading Window,"Union Bank of India has informed the Exchange regarding the Trading Window closure pursuant to SEBI (Prohibition of Insider Trading) Regulations, 2015"
05-Jul-2018 17:58:00,Statement of deviation(s) or variation(s) under Reg. 32,Union Bank of India has informed the Exchange regarding Statement of deviation(s) or variation(s) under Reg. 32 of SEBI (LODR) Regulations 2015
27-Jun-2018 20:37:00,Change in Director(s),Union Bank of India has informed the Exchange regarding Change in Director(s) of the company.
27-Jun-2018 20:24:00,Shareholders meeting,"Union Bank of India has informed the Exchange regarding Proceedings of Annual General Meeting held on Jun 27, 2018. Further, the company has submitted the Exchange a copy of Srutinizers report along w"
26-Jun-2018 17:58:00,Change in Director(s),Union Bank of India has informed the Exchange regarding Change in Director(s) of the company.
15-Jun-2018 16:50:00,Updates,Union Bank of India has informed the Exchange regarding 'Election of Three Shareholder Directors'.
14-Jun-2018 19:34:00,Credit Rating,Union Bank of India has informed the Exchange regarding Credit Rating
11-Jun-2018 17:39:00,Analysts/Institutional Investor Meet/Con. Call Updates,Union Bank of India has informed the Exchange regarding Analysts/Institutional Investor Meet/Con. Call Updates
05-Jun-2018 18:33:00,Analysts/Institutional Investor Meet/Con. Call Updates,Union Bank of India has informed the Exchange regarding Analysts/Institutional Investor Meet/Con. Call Updates
29-May-2018 22:28:00,AGM/Book Closure,"Union Bank of India has informed the Exchange that the Register of Members and Share Transfer Books of the Company shall remain closed from June 21, 2018 to June 27, 2018 (both days inclusive) for the"
29-May-2018 19:37:00,Analysts/Institutional Investor Meet/Con. Call Updates,Union Bank of India has informed the Exchange regarding Analysts/Institutional Investor Meet/Con. Call Updates
29-May-2018 19:25:00,Shareholders meeting,"Union Bank of India has informed the Exchange regarding Notice of Annual General Meeting to be held on Jun 27, 2018"
25-May-2018 16:38:00,Analysts/Institutional Investor Meet/Con. Call Updates,Union Bank of India has informed the Exchange regarding Analysts/Institutional Investor Meet/Con. Call Updates
18-May-2018 18:53:00,Updates,"Union Bank of India has informed the Exchange regarding 'Investment of Dai-Ichi Life Holding Inc., Japan in Union Asset Management Company Private Ltd. (Union AMC) through Compulsorily Convertible Pre"
18-May-2018 18:49:00,Analysts/Institutional Investor Meet/Con. Call Updates,Union Bank of India has informed the Exchange regarding Analysts/Institutional Investor Meet/Con. Call Updates
18-May-2018 16:47:00,Outcome of Board Meeting,"Union Bank of India has informed the Exchange regarding  Board meeting held on May 18, 2018."
10-May-2018 18:58:00,Outcome of Board Meeting,"Union Bank of India has informed the Exchange regarding Outcome of Board Meeting held on May 10, 2018."
10-May-2018 17:26:00,Investor Presentation,Union Bank of India has informed the Exchange regarding Investor Presentation
10-May-2018 17:23:00,Press Release,"Union Bank of India has informed the Exchange regarding a press release dated May 10, 2018, titled ""Press Release on the Financial Results of the Bank for the Quarter / Financial Year ended on 31.03.2"
10-May-2018 17:18:54,Financial Result Updates,"Union Bank of India has submitted to the Exchange, the financial results for the period ended March 31, 2018."
09-May-2018 17:15:00,Analysts/Institutional Investor Meet/Con. Call Updates,Union Bank of India has informed the Exchange regarding Analysts/Institutional Investor Meet/Con. Call Updates
02-May-2018 17:17:00,Updates,Union Bank of India has informed the Exchange regarding 'Notice of Specified Date for Election of Shareholder Directors'.
13-Apr-2018 19:26:00,Statement of deviation(s) or variation(s) under Reg. 32,Union Bank of India has informed the Exchange regarding Statement of deviation(s) or variation(s) under Reg. 32 of SEBI (LODR) Regulations 2015
10-Apr-2018 15:12:00,Disc. under Reg.30 of SEBI (SAST) Reg.2011,"Promoter of the Company has submitted to the Exchange a copy of disclosure under Regulation 30(1) and 30(2) of SEBI (Substantial Acquisition of Shares & Takeovers) Regulations, 2011."
27-Mar-2018 19:06:00,Credit Rating,Union Bank of India has informed the Exchange regarding Credit Rating
27-Mar-2018 19:01:00,Allotment of Securities,"Union Bank of India has informed the Exchange regarding allotment of 312819803 securities pursuant to Preferential Issue at its meeting held on March 27, 2018"
23-Mar-2018 19:10:00,News Clarification,"The Exchange had sought clarification from the Company with respect to news item captioned ""CBI Files Rs. 1,394 crore Bank Fraud Case On Union Bank Of India Complaint "". The response from the Company "
23-Mar-2018 18:31:00,Analysts/Institutional Investor Meet/Con. Call Updates,Union Bank of India has informed the Exchange regarding Analysts/Institutional Investor Meet/Con. Call Updates
22-Mar-2018 20:03:00,News Clarification,"The Exchange has sought clarification from the Company with respect to news item captioned- ""CBI Files Rs. 1,394 crore Bank Fraud Case On Union Bank Of India Complaint"" In this regard, Exchange has ad"
16-Mar-2018 18:44:00,Shareholders meeting,"Union Bank of India has informed the Exchange regarding Proceedings of Extraordinary General Meeting held on March 16, 2018. Further, the company has submitted the Exchange a copy of Srutinizers repor"
09-Mar-2018 17:40:00,Analysts/Institutional Investor Meet/Con. Call Updates,Union Bank of India has informed the Exchange regarding Analysts/Institutional Investor Meet/Con. Call Updates
08-Mar-2018 15:39:00,Analysts/Institutional Investor Meet/Con. Call Updates,Union Bank of India has informed the Exchange regarding Analysts/Institutional Investor Meet/Con. Call Updates
20-Feb-2018 17:52:00,News Clarification,"The Exchange has sought clarification from the Company with respect to news item captioned ��������Rotomac promoter flees country after Rs.8 Billion default����. In this regard, Exchange has advised t"
19-Feb-2018 17:37:00,News Clarification,"The Exchange has sought clarification from the Company with respect to news item captioned ����Rotomac promoter flees country after Rs.8 Billion default��. In this regard, Exchange has advised the Com"
17-Feb-2018 16:02:00,Shareholders meeting,"Union Bank of India has informed the Exchange regarding Notice of Extraordinary General Meeting to be held on March 16, 2018"
16-Feb-2018 08:22:00,News Clarification,"The Exchange has sought clarification from the Company with respect to news item captioned ""PNB's banking bomb: How it happened and who all may get hit "". In this regard, Exchange has advised the Comp"
15-Feb-2018 16:43:00,News Clarification,"The Exchange has sought clarification from the Company with respect to news item captioned ����PNB's banking bomb: How it happened and who all may get hit ��. In this regard, Exchange has advised the "
08-Feb-2018 18:53:00,Analysts/Institutional Investor Meet/Con. Call Updates,Union Bank of India has informed the Exchange regarding Analysts/Institutional Investor Meet/Con. Call Updates
07-Feb-2018 20:35:00,Change in Director(s),Union Bank of India has informed the Exchange regarding Change in Director(s) of the company.
07-Feb-2018 19:33:00,Outcome of Board Meeting,"Union Bank of India has informed the Exchange regarding Outcome of Board Meeting held on February 07, 2018."
03-Feb-2018 14:50:00,Press Release,"Union Bank of India has informed the Exchange regarding a press release dated February 03, 2018, titled ""Financial Results of the Bank for the Quarter / Nine Months ended on 31.12.2017""."
03-Feb-2018 14:16:24,Financial Result Updates,"Union Bank of India has submitted to the Exchange, the financial results for the period ended December 31, 2017."
03-Feb-2018 14:09:00,Investor Presentation,Union Bank of India has informed the Exchange regarding Investor Presentation
02-Feb-2018 17:43:00,Outcome of Board Meeting,"Union Bank of India has informed the Exchange regarding Outcome of Board Meeting held on February 02, 2018. In continuation to our letter no. ISD/17-18/386 dated 30th January, 2018 regarding intimatio"
01-Feb-2018 19:37:00,Analysts/Institutional Investor Meet/Con. Call Updates,Union Bank of India has informed the Exchange regarding Analysts/Institutional Investor Meet/Con. Call Updates
31-Jan-2018 13:21:00,Updates,"Union Bank of India has informed the Exchange regarding 'In terms of Regulation 30 of SEBI (Listing Obligations & Disclosure Requirements) Regulations, 2015, we wish to inform that the Bank has sold i"
20-Jan-2018 18:14:00,Trading Window,"Union Bank of India has informed the Exchange regarding the Trading Window closure pursuant to SEBI (Prohibition of Insider Trading) Regulations, 2015"
10-Jan-2018 18:34:00,Statement of deviation(s) or variation(s) under Reg. 32,Union Bank of India has informed the Exchange regarding Statement of deviation(s) or variation(s) under Reg. 32 of SEBI (LODR) Regulations 2015
05-Jan-2018 18:56:00,Analysts/Institutional Investor Meet/Con. Call Updates,Union Bank of India has informed the Exchange regarding Analysts/Institutional Investor Meet/Con. Call Updates
04-Jan-2018 18:18:00,Analysts/Institutional Investor Meet/Con. Call Updates,Union Bank of India has informed the Exchange regarding Analysts/Institutional Investor Meet/Con. Call Updates
28-Dec-2017 17:42:00,Change in Director(s),Union Bank of India has informed the Exchange regarding Change in Director(s) of the company.
27-Dec-2017 20:20:00,Change in Auditors,Union Bank of India has informed the Exchange regarding Change in Auditors of the company.
26-Dec-2017 16:45:00,Trading Window,"Union Bank of India has informed the Exchange regarding the Trading Window closure pursuant to SEBI (Prohibition of Insider Trading) Regulations, 2015"
20-Dec-2017 18:13:00,Analysts/Institutional Investor Meet/Con. Call Updates,Union Bank of India has informed the Exchange regarding Analysts/Institutional Investor Meet/Con. Call Updates
14-Dec-2017 17:34:00,Press Release,"Union Bank of India has informed the Exchange regarding a press release dated December 14, 2017, titled ""12.93 Crore Union Bank shares allotment under Qualified Institutions Placement (QIP) aggregatin"
14-Dec-2017 17:31:00,Qualified Institutional Placement,"Union Bank of India has informed the Exchange that the Committee of Directors for Raising of Capital Funds of the Bank at its meeting held on December 14, 2017, approved the Issue and allotment of 12,"
14-Dec-2017 17:28:00,Committee Meeting Updates,"Union Bank of India has informed the Exchange regarding Outcome of Committee Meeting held on December 14, 2017."
13-Dec-2017 08:23:00,Qualified Institutional Placement,"Union Bank of India has informed the Exchange that Placement Document dated December 12, 2017, in connection with the Issue of equity shares to Qualified Institutional Buyers (QIBs)"
13-Dec-2017 08:23:00,Qualified Institutional Placement,"Union Bank of India has informed the Exchange regarding extracts of the resolution passed by the committee of directors for raising of capital funds (""Committee"") of Union Bank of India (the""BANK"") on"
12-Dec-2017 16:56:00,Qualified Institutional Placement,"Union Bank of India has informed the Exchange that Outcome of Meeting of the Committee of Directors for Raising of Capital Funds (""CDRCF"") of the Bank under Regulation 30 of the SEBI (Listing Obligati"
08-Dec-2017 08:39:00,Qualified Institutional Placement,"Union Bank of India has informed the Exchange that a meeting of the Committee of Directors for Raising of Capital Funds of the Bank shall be held on December 12, 2017 to determine the price of issue o"
07-Dec-2017 22:05:00,Committee Meeting Updates,"Union Bank of India has informed the Exchange regarding Committee Meeting to be held on December 12, 2017."
07-Dec-2017 18:31:00,Qualified Institutional Placement,Union Bank of India has informed the Exchange regarding Outcome of Meeting of the Committee of Directors for raising of Capital funds of the Bank under Regulation 30 of the SEBI ( Listing Obligations 
06-Dec-2017 21:38:00,Trading Window,"Union Bank of India has informed the Exchange regarding the Trading Window closure pursuant to SEBI (Prohibition of Insider Trading) Regulations, 2015"
04-Dec-2017 08:49:00,Updates,"Union Bank of India has informed the Exchange regarding 'Change in Key Managerial Personnel - Reporting under Regulation 30 of SEBI (Listing Obligations & Disclosure Requirements) Regulations, 2015 '."
28-Nov-2017 18:29:00,Analysts/Institutional Investor Meet/Con. Call Updates,Union Bank of India has informed the Exchange regarding Analysts/Institutional Investor Meet/Con. Call Updates
27-Nov-2017 18:54:00,Analysts/Institutional Investor Meet/Con. Call Updates,Union Bank of India has informed the Exchange regarding Analysts/Institutional Investor Meet/Con. Call Updates
24-Nov-2017 18:28:00,Analysts/Institutional Investor Meet/Con. Call Updates,Union Bank of India has informed the Exchange regarding Analysts/Institutional Investor Meet/Con. Call Updates
24-Nov-2017 18:20:00,Updates,Union Bank of India has informed the Exchange regarding 'Certificate for Timely Payment of Interest on Bonds - Reporting under Regulation 57 of SEBI (Listing Obligations & Disclosure Requirements) Reg
23-Nov-2017 15:46:00,Analysts/Institutional Investor Meet/Con. Call Updates,Union Bank of India has informed the Exchange regarding Analysts/Institutional Investor Meet/Con. Call Updates
23-Nov-2017 14:48:00,Updates,Union Bank of India has informed the Exchange regarding 'Certificate for Timely Payment of Interest on Bonds - Reporting under Regulation 57 of SEBI (Listing Obligations & Disclosure Requirements) Reg
22-Nov-2017 18:41:00,Analysts/Institutional Investor Meet/Con. Call Updates,Union Bank of India has informed the Exchange regarding Analysts/Institutional Investor Meet/Con. Call Updates
21-Nov-2017 18:30:00,Analysts/Institutional Investor Meet/Con. Call Updates,Union Bank of India has informed the Exchange regarding Analysts/Institutional Investor Meet/Con. Call Updates
20-Nov-2017 18:35:00,Analysts/Institutional Investor Meet/Con. Call Updates,Union Bank of India has informed the Exchange regarding Analysts/Institutional Investor Meet/Con. Call Updates
16-Nov-2017 19:10:00,Analysts/Institutional Investor Meet/Con. Call Updates,Union Bank of India has informed the Exchange regarding Analysts/Institutional Investor Meet/Con. Call Updates
15-Nov-2017 18:51:00,Analysts/Institutional Investor Meet/Con. Call Updates,Union Bank of India has informed the Exchange regarding Analysts/Institutional Investor Meet/Con. Call Updates
14-Nov-2017 16:18:00,Analysts/Institutional Investor Meet/Con. Call Updates,Union Bank of India has informed the Exchange regarding Analysts/Institutional Investor Meet/Con. Call Updates
13-Nov-2017 18:30:00,Analysts/Institutional Investor Meet/Con. Call Updates,Union Bank of India has informed the Exchange regarding Analysts/Institutional Investor Meet/Con. Call Updates
10-Nov-2017 16:21:00,Raising of Funds,"Union Bank of India has informed the Exchange that the Committee of Directors for Raising of Capital Funds at its meeting held on November 10, 2017 has resolved and approved raising of Additional Tier"
09-Nov-2017 16:50:00,Analysts/Institutional Investor Meet/Con. Call Updates,Union Bank of India has informed the Exchange regarding Analysts/Institutional Investor Meet/Con. Call Updates
07-Nov-2017 13:40:00,Committee Meeting Updates,"Union Bank of India has informed the Exchange regarding Committee Meeting to be held on November 10, 2017."
06-Nov-2017 17:39:00,Updates,Union Bank of India has informed the Exchange regarding 'Certificate for Timely Payment of Interest on Bonds - Reporting under Regulation 57 of SEBI (Listing Obligations & Disclosure Requirements) Reg
06-Nov-2017 17:31:00,Analysts/Institutional Investor Meet/Con. Call Updates,Union Bank of India has informed the Exchange regarding Analysts/Institutional Investor Meet/Con. Call Updates
06-Nov-2017 16:26:00,Investor Presentation,Union Bank of India has informed the Exchange regarding Investor Presentation
03-Nov-2017 17:46:00,Investor Presentation,Union Bank of India has informed the Exchange regarding Investor Presentation
03-Nov-2017 17:44:00,Press Release,"Union Bank of India has informed the Exchange regarding a press release dated November 03, 2017, titled ""Press Release on the Financial Results of the Bank for the Quarter/Half-year ended on 30.09.201"
03-Nov-2017 17:24:48,Financial Result Updates,"Union Bank of India has submitted to the Exchange, the financial results for the period ended September 30, 2017."
01-Nov-2017 16:47:00,Analysts/Institutional Investor Meet/Con. Call Updates,Union Bank of India has informed the Exchange regarding Analysts/Institutional Investor Meet/Con. Call Updates
18-Oct-2017 17:35:00,Updates,"Union Bank of India has informed the Exchange regarding 'Investment of Dai-Ichi Life Holding Inc., Japan in Union Asset Management Company Private Ltd. through Compulsorily Convertible Preference Shar"
16-Oct-2017 10:59:00,Trading Window,"Union Bank of India has informed the Exchange regarding the Trading Window closure pursuant to SEBI (Prohibition of Insider Trading) Regulations, 2015"
10-Oct-2017 17:17:00,Credit Rating,Union Bank of India has informed the Exchange regarding Credit Rating
04-Oct-2017 19:10:00,Statement of deviation(s) or variation(s) under Reg. 32,Union Bank of India has informed the Exchange regarding Statement of deviation(s) or variation(s) under Reg. 32 of SEBI (LODR) Regulations 2015
18-Sep-2017 18:12:00,Updates,Union Bank of India has informed the Exchange regarding 'Certificate for Timely Payment of Interest on Bonds - Reporting under Regulation 57 of SEBI (Listing Obligations & Disclosure Requirements) Reg
16-Sep-2017 16:43:00,Updates,Union Bank of India has informed the Exchange regarding 'Certificate for Timely Payment of Interest on Bonds - Reporting under Regulation 57 of SEBI (Listing Obligations & Disclosure Requirements) Reg
12-Sep-2017 12:44:00,Registrar & Share Transfer Agent Update,Union Bank of India has informed the Exchange regarding the Registrar & Share Transfer Agent Update
12-Sep-2017 12:21:00,Updates,Union Bank of India has informed the Exchange regarding 'Certificate for Timely Payment of Interest on Bonds - Reporting under Regulation 57 of SEBI (Listing Obligations & Disclosure Requirements) Reg
01-Sep-2017 16:40:00,Credit Rating,Union Bank of India has informed the Exchange regarding Credit Rating
22-Aug-2017 19:13:00,Others,Union Bank of India has informed the Exchange that Certificate for Timely Payment of Interest on Bonds- Reporting under Regulation 57 of SEBI (Listing Obligations & Disclosure Requirements) Regulation
21-Aug-2017 19:05:00,Analysts/Institutional Investor Meet/Con. Call Updates,Union Bank of India has informed the Exchange regarding Analysts/Institutional Investor Meet/Con. Call Updates
10-Aug-2017 18:50:00,Updates,"Union Bank of India has informed the Exchange regarding Disclosure Under Regulation 30 of SEBI ( LODR) regulations, 2015."
10-Aug-2017 17:28:00,Analysts/Institutional Investor Meet/Con. Call Updates,Union Bank of India has informed the Exchange regarding Analysts/Institutional Investor Meet/Con. Call Updates
10-Aug-2017 17:04:00,Press Release,"Union Bank of India has informed the Exchange regarding a press release dated August 10, 2017, titled ""Press Release on the Financial Results of the Bank for the Quarter ended on 30.06.2017""."
10-Aug-2017 16:55:00,Investor Presentation,Union Bank of India has informed the Exchange regarding Investor Presentation
10-Aug-2017 16:31:17,Financial Result Updates,"Union Bank of India has submitted to the Exchange, the financial results for the period ended June 30, 2017."
09-Aug-2017 16:51:00,Outcome of Board Meeting,"Union Bank of India has informed the Exchange regarding Outcome of Board Meeting held on August 09, 2017."
08-Aug-2017 18:19:00,Analysts/Institutional Investor Meet/Con. Call Updates,Union Bank of India has informed the Exchange regarding Analysts/Institutional Investor Meet/Con. Call Updates
05-Aug-2017 16:58:00,Allotment of Securities,"Union Bank of India has informed the Exchange regarding allotment of 38988181 securities pursuant to Preferential Issue at its meeting held on August 04, 2017"
05-Aug-2017 13:46:00,Updates,"Union Bank of India has informed the Exchange that the Approval of the Government vide letter dated August 04, 2017, has given its approval under Section 3(2-B)(c) of the Banking Companies ( Acquisiti"
01-Aug-2017 16:44:00,News Clarification,"The Exchange had sought clarification from the Bank with respect to news item captioned ""RBI Imposes Rs 1 cr penalty on Union Bank of India for KYC Non-Compliance"". The response from the Bank is enclo"
01-Aug-2017 10:42:00,Updates,Union Bank of India has informed the Exchange that Reserve Bank of India has imposed a penalty of Rs. 20 million on the Bank for non-compliance with the directions issued by RBI on Know Your Customer 
01-Aug-2017 10:32:00,Updates,Union Bank of India has informed the Exchange that Reserve Bank of India has imposed a penalty of Rs. 10 million on the Bank for non-compliance with the directions issued by RBI on Know Your Customer 
31-Jul-2017 20:07:00,News Clarification,"The Exchange has sought clarification from the Bank with respect to news item captioned ""RBI Imposes Rs 1 cr penalty on Union Bank of India for KYC Non-Compliance"". In this regard, Exchange has advise"
12-Jul-2017 07:32:00,Reply to Clarification Sought,"UNIONBANK: The Exchange had sought clarification from Union Bank of India with respect to announcement dated 06-Jul-2017, regarding "" Union Bank of India has informed the Exchange that the Central Gov"
07-Jul-2017 08:46:00,Clarification,"UNIONBANK:The Exchange has sought clarification from Union Bank of India with respect to announcement dated 06-Jul-2017, regarding "" Union Bank of India has informed the Exchange that the Central Gove"
06-Jul-2017 16:59:00,Change in Director(s),Union Bank of India has informed the Exchange that the Central Government in exercise of the powers conferred by clause (h) of sub-section (3) of Section 9 of the Banking Companies (Acquisition and Tr
05-Jul-2017 17:58:00,Statement of deviation(s) or variation(s) under Reg. 32,Union Bank of India has informed the Exchange regarding Statement of deviation(s) or variation(s) under Reg. 32 of SEBI (LODR) Regulations 2015
03-Jul-2017 08:14:00,Change in  Managing Director,Union Bank of India has informed the Exchange regarding Changes In Directors.
23-Jun-2017 20:30:00,Shareholders meeting,"Union Bank of India has informed the Exchange regarding Proceedings of Annual General Meeting held on Jun 23, 2017. Further, the company has submitted the Exchange a copy of Srutinizers report along w"
19-Jun-2017 17:09:00,Updates,"Union Bank of India has informed the Exchange that Pursuant to Regulation 57(1) of SEBI (Listing Obligations & Disclosure Requirements) Regulations, 2015, we hereby certify that the annual interest on"
19-Jun-2017 16:03:00,Analysts/Institutional Investor Meet/Con. Call Updates,Union Bank of India has informed the Exchange regarding Analysts/Institutional Investor Meet/Con. Call Updates
16-Jun-2017 11:14:00,Analysts/Institutional Investor Meet/Con. Call Updates,Union Bank of India has informed the Exchange regarding Analysts/Institutional Investor Meet/Con. Call Updates
06-Jun-2017 18:47:00,Analysts/Institutional Investor Meet/Con. Call Updates,Union Bank of India has informed the Exchange regarding Analysts/Institutional Investor Meet/Con. Call Updates
05-Jun-2017 17:41:00,Analysts/Institutional Investor Meet/Con. Call Updates,Union Bank of India has informed the Exchange regarding Analysts/Institutional Investor Meet/Con. Call Updates
05-Jun-2017 08:30:00,Updates,"Union Bank of India has informed the Exchange that the Bank hereby informs that Shri D C Chauhan , General Manager has been nominated as Chief Compliance Officer (CCO) of the Bank w.e.f June 02, 2017 "
01-Jun-2017 14:39:00,Analysts/Institutional Investor Meet/Con. Call Updates,Union Bank of India has informed the Exchange regarding Analysts/Institutional Investor Meet/Con. Call Updates
29-May-2017 17:19:00,AGM/Book Closure,"Union Bank of India has informed the Exchange that the Register of Members and Share Transfer Books of the Company shall remain closed from June 17, 2017 to June 23, 2017 (both days inclusive) for the"
29-May-2017 15:55:00,Shareholders meeting,"Union Bank of India has informed the Exchange regarding Notice of Annual General Meeting to be held on Jun 23, 2017"
19-May-2017 16:41:10,Financial Result Updates,"Union Bank of India has submitted to the Exchange, the financial results for the period ended March 31, 2017."
16-May-2017 17:39:00,Analysts/Institutional Investor Meet/Con. Call Updates,Union Bank of India has informed the Exchange regarding Analysts/Institutional Investor Meet/Con. Call Updates
15-May-2017 17:30:00,Analysts/Institutional Investor Meet/Con. Call Updates,Union Bank of India has informed the Exchange regarding Analysts/Institutional Investor Meet/Con. Call Updates
09-May-2017 09:59:00,Dividend Updates,"Union Bank of India has informed the Exchange that the Board of Directors of the Company at its meeting held on May 08, 2017 has decided not to declare dividend for the year 2016-17."
08-May-2017 19:04:00,Investor Presentation,Union Bank of India has informed the Exchange regarding Investor Presentation
08-May-2017 19:02:00,Press Release,"Union Bank of India has informed the Exchange regarding a press release dated May 08, 2017, titled ""Press Release on the Financial Results of the Bank for the    Quarter / Financial Year ended on 31.0"
08-May-2017 18:48:13,Financial Result Updates,"Union Bank of India has submitted to the Exchange, the financial results for the period ended March 31, 2017."
08-May-2017 16:05:00,Analysts/Institutional Investor Meet/Con. Call Updates,Union Bank of India has informed the Exchange regarding Analysts/Institutional Investor Meet/Con. Call Updates
06-May-2017 17:22:00,Appointment,"Union Bank of India has informed the Exchange regarding Appointment of Mr Rajkiran Rai G as Managing Director & CEO of the company w.e.f. July 01, 2017."
03-May-2017 17:26:00,Issue of Securities,"Union Bank of India has informed the Exchange that ""Further to our letter no. ISD/17-18/29 dated 28th April, 2017, wherein the information about approvals from Board of Directors regarding raising of "
28-Apr-2017 12:42:00,Outcome of Board Meeting,"Union Bank of India has informed the Exchange that the Board of Directors has given following approvals in its meeting held on April 28, 2017:- (a) Approval of Capital Plan F.Y. 2017-18. (b) To raise "
26-Apr-2017 19:18:00,Credit Rating,Union Bank of India has informed the Exchange regarding Credit Rating
26-Apr-2017 19:16:00,Credit Rating,Union Bank of India has informed the Exchange regarding Credit Rating
05-Apr-2017 18:43:00,Statement of deviation(s) or variation(s) under Reg. 32,Union Bank of India has informed the Exchange regarding Statement of deviation(s) or variation(s) under Reg. 32 of SEBI (LODR) Regulations 2015
05-Apr-2017 18:25:00,Updates,Union Bank of India has informed the Exchange the receipt of Capital funds from the Government of India.
03-Apr-2017 14:28:00,Disc. under Reg.30 of SEBI (SAST) Reg.2011,"Union Bank of India has submitted to the Exchange vide letter dated April 01, 2017 a copy of disclosure under Regulation 30(1) and 30(2) of SEBI (Substantial Acquisition of Shares & Takeovers) Regulat"
31-Mar-2017 18:38:00,Updates,Union Bank of India has informed the Exchange regarding Issuance of Additional Tier 1 Basel lII Compliant Bonds for Rs. 500 crore.
30-Mar-2017 19:22:00,Updates,Union Bank of India has informed the Exchange about the issuance of Additional Tier 1 Basel III Compliant Bonds for Rs. 750 crore.
30-Mar-2017 15:28:00,Analysts/Institutional Investor Meet/Con. Call Updates,Union Bank of India has informed the Exchange regarding Analysts/Institutional Investor Meet/Con. Call Updates
30-Mar-2017 08:46:00,Updates,Union Bank of India has informed the Exchange regarding Issuance of Additional Tier 1 Basel lII Compliant Bonds.
30-Mar-2017 08:38:00,Updates,"Union Bank of India has informed the Exchange that the Bank has closed issuance of 7,500 & 5,000 Non-Convertible, Unsecured Subordinated Basel III Compliant Perpetual Debt Instruments eligible for inc"
23-Mar-2017 18:12:00,Updates,Union Bank of India has informed the Exchange regarding the Sale of Entire Stake in TransUnion CIBIL Limited (TUCIBIL) to TransUnion International Inc (TUI) - Reporting under Regulation 30 of SEBI (Li
21-Mar-2017 19:29:00,Credit Rating,Union Bank of India has informed the Exchange regarding Credit Rating
21-Mar-2017 17:06:00,Analysts/Institutional Investor Meet/Con. Call Updates,Union Bank of India has informed the Exchange regarding Analysts/Institutional Investor Meet/Con. Call Updates
20-Mar-2017 17:33:00,Analysts/Institutional Investor Meet/Con. Call Updates,Union Bank of India has informed the Exchange regarding Analysts/Institutional Investor Meet/Con. Call Updates
20-Mar-2017 17:24:00,Credit Rating,Union Bank of India has informed the Exchange regarding Credit Rating
16-Mar-2017 19:21:00,Issue of Securities,"Union Bank of India has informed the Exchange that This has reference to our letter dated November 4, 2016, wherein the information about approvals from Board of Directors regarding raising of capital"
16-Mar-2017 19:19:00,Credit Rating,Union Bank of India has informed the Exchange regarding Credit Rating
23-Feb-2017 19:29:00,Meeting Updates,"Union Bank of India has submitted to the Exchange a copy of Submission of Proceedings & Voting Results of Extraordinary General Meeting of the Bank held on February 23, 2017 under SEBI (Listing Obliga"
22-Feb-2017 12:02:00,Analysts/Institutional Investor Meet/Con. Call Updates,Union Bank of India has informed the Exchange regarding Analysts/Institutional Investor Meet/Con. Call Updates
16-Feb-2017 11:04:00,Registrar & Share Transfer Agent Update,Union Bank of India has informed the Exchange regarding re-appointment of Registrar & Share Transfer Agent.
08-Feb-2017 17:15:00,Investor Presentation,Union Bank of India has informed the Exchange regarding Investor Presentation
08-Feb-2017 17:13:00,Press Release,"Union Bank of India has informed the Exchange regarding a press release dated February 08, 2017, titled ""Press Release on the Financial Results of the Bank for 3rd Quarter ended on 31.12.2016""."
08-Feb-2017 16:37:34,Financial Result Updates,"Union Bank of India has submitted to the Exchange, the financial results for the period ended December 31, 2016."
04-Feb-2017 12:03:00,Analysts/Institutional Investor Meet/Con. Call Updates,Union Bank of India has informed the Exchange regarding Analysts/Institutional Investor Meet/Con. Call Updates
30-Jan-2017 17:45:00,Shareholders meeting,"Union Bank of India has informed the Exchange regarding Notice of Extraordinary General Meeting to be held on February 23, 2017"
20-Jan-2017 15:56:00,Meeting Updates,Union Bank of India has informed the Exchange regarding outcome of the meeting of Committee of Directors for raising of capital funds.
16-Jan-2017 18:25:00,Meeting Updates,"Union Bank of India has informed the Exchange that  a meeting of Bank s Committee of Directors for raising of Capital Funds is scheduled to be held on  January 20, 2017 to consider, inter alia, raisin"
13-Jan-2017 16:01:00,Reply to Clarification Sought,"UNIONBANK:The Exchange has sought clarification from Union Bank of India with respect to announcement dated 12-Jan-2017, informing that Shri B. Sreeneivasa Rao, Deputy General Manager has been appoint"
12-Jan-2017 20:02:00,Clarification,"UNIONBANK:The Exchange has sought clarification from Union Bank of India with respect to announcement dated 12-Jan-2017, informing that Shri B. Sreeneivasa Rao, Deputy General Manager has been appoint"
12-Jan-2017 18:15:00,Appointment of Chief Financial Officer,"Union Bank of India has informed the Exchange that Shri B. Sreeneivasa Rao, Deputy General Manager has been appointed as Chief Financial Officer (CFO) of the Bank w.e.f January 12, 2017."
09-Jan-2017 08:37:00,Statement of deviation(s) or variation(s) under Reg. 32,"Union Bank of India has informed the Exchange regarding ""Statement of Deviation or Variation in Public Issue, Rights Issue and Preferential Issue etc. for the quarter ended on March 31, 2016""."
03-Jan-2017 10:46:00,Retirement,"Union Bank of India has informed the Exchange that Shri Vivekanand H. Kamath, Chief Financial Officer has superannuated on December 31, 2016."
02-Jan-2017 08:45:00,Change in Auditors,Union Bank of India has informed the Exchange regarding Appointment/Changes in Statutory Central Auditors (SCAs) of the Bank for the Financial Year 2016-17.
30-Dec-2016 16:21:00,Analysts/Institutional Investor Meet/Con. Call Updates,Union Bank of India has informed the Exchange regarding Analysts/Institutional Investor Meet/Con. Call Updates
29-Dec-2016 16:56:00,Analysts/Institutional Investor Meet/Con. Call Updates,Union Bank of India has informed the Exchange regarding Analysts/Institutional Investor Meet/Con. Call Updates
23-Dec-2016 19:48:00,Analysts/Institutional Investor Meet/Con. Call Updates,Union Bank of India has informed the Exchange regarding Analysts/Institutional Investor Meet/Con. Call Updates
23-Dec-2016 17:56:00,Analysts/Institutional Investor Meet/Con. Call Updates,Union Bank of India has informed the Exchange regarding Analysts/Institutional Investor Meet/Con. Call Updates
22-Dec-2016 17:17:00,Analysts/Institutional Investor Meet/Con. Call Updates,Union Bank of India has informed the Exchange regarding Analysts/Institutional Investor Meet/Con. Call Updates
20-Dec-2016 14:00:00,Analysts/Institutional Investor Meet/Con. Call Updates,Union Bank of India has informed the Exchange regarding Analysts/Institutional Investor Meet/Con. Call Updates
28-Nov-2016 17:25:00,Analysts/Institutional Investor Meet/Con. Call Updates,Union Bank of India has informed the Exchange regarding Analysts/Institutional Investor Meet/Con. Call Updates
24-Nov-2016 20:02:00,Issue of Securities,"Union Bank of India has informed the Exchange regarding Issue of Redeemable, Unsecured Subordinated Base III Compliant Tier II Bonds."
15-Nov-2016 13:47:00,Analysts/Institutional Investor Meet/Con. Call Updates,Union Bank of India has informed the Exchange regarding Analysts/Institutional Investor Meet/Con. Call Updates
10-Nov-2016 12:35:00,Analysts/Institutional Investor Meet/Con. Call Updates,Union Bank of India has informed the Exchange regarding Analysts/Institutional Investor Meet/Con. Call Updates
08-Nov-2016 15:26:00,Reply to Clarification Sought,"UNIONBANK:The Exchange has sought clarification from Union Bank of India with respect to announcement dated 04-Nov-2016, informing that the Union Bank of India has on November 4, 2016 issued 10,000 No"
07-Nov-2016 19:55:00,Clarification,"UNIONBANK:The Exchange has sought clarification from Union Bank of India with respect to announcement dated 04-Nov-2016, informing that the Union Bank of India has on November 4, 2016 issued 10,000 No"
07-Nov-2016 18:51:00,Analysts/Institutional Investor Meet/Con. Call Updates,Union Bank of India has informed the Exchange regarding Analysts/Institutional Investor Meet/Con. Call Updates
04-Nov-2016 18:17:00,Press Release,"Union Bank of India has informed the Exchange regarding a press release dated November 04, 2016, titled ""Financial Results for the quarter and half-year ended September 30, 2016""."
04-Nov-2016 18:08:00,Investor Presentation,Union Bank of India has informed the Exchange regarding Investor Presentation
04-Nov-2016 18:05:00,Updates,"Union Bank of India has informed the Exchange that the Union Bank of India has on November 4, 2016 issued 10,000 Non-Convertible, Unsecured Subordinated Basel III Compliant Perpetual Debt Instruments "
04-Nov-2016 17:40:00,Outcome of Board Meeting,"Union Bank of India has informed the Exchange regarding the Outcome of Board Meeting of the Company held on November 04, 2016."
04-Nov-2016 16:42:14,Financial Result Updates,"Union Bank of India has submitted to the Exchange, the financial results for the period ended September 30, 2016."
02-Nov-2016 16:33:00,Analysts/Institutional Investor Meet/Con. Call Updates,Union Bank of India has informed the Exchange regarding Analysts/Institutional Investor Meet/Con. Call Updates
26-Oct-2016 17:33:00,Outcome of Board Meeting,"Union Bank of India has informed the Exchange that the Banks Committee of Directors for raising of Capital Funds at its meeting held on October 26, 2016 discussed the capital position of the Bank and "
26-Oct-2016 13:31:00,Resignation of Director,"Union Bank of India has informed the Exchange that Ministry of Finance, Government of India vide letter dated October 26, 2016 has informed that resignation of Shri Jag Mohan Sharma, Chartered Account"
04-Oct-2016 17:50:00,Analysts/Institutional Investor Meet/Con. Call Updates,Union Bank of India has informed the Exchange regarding Schedule of the Analyst / Institutional Investor Meet.
04-Oct-2016 12:04:00,Statement of deviation(s) or variation(s) under Reg. 32,"Union Bank of India has informed the Exchange regarding Statement of Deviation or Variation in Public Issue, Rights Issue and Preferential Issue etc. for the quarter ended on September 30, 2016."
30-Sep-2016 18:53:00,Analysts/Institutional Investor Meet/Con. Call Updates,Union Bank of India has informed the Exchange regarding Schedule of the Analyst / Institutional Investor Meet.
29-Sep-2016 18:42:00,Analysts/Institutional Investor Meet/Con. Call Updates,Union Bank of India has informed the Exchange regarding Schedule of the Analyst / Institutional Investor Meeting.
28-Sep-2016 18:52:00,Analysts/Institutional Investor Meet/Con. Call Updates,"Union Bank of India has informed the Exchange regarding the schedule of analyst / institutional meet held on September 28, 2016 ."
26-Sep-2016 16:25:00,Analysts/Institutional Investor Meet/Con. Call Updates,Union Bank of India has informed the Exchange regarding Schedule of the Analyst / Institutional Investor Meet.
21-Sep-2016 15:52:00,Acquisition,"Union Bank of India has informed the Exchange regarding ""Acquisition of 49% shareholding of Union KBC Asset Management Company Private Limited and Union KBC Trustee Company Private Limited by Union Ba"
20-Sep-2016 16:07:00,Analysts/Institutional Investor Meet/Con. Call Updates,"Union Bank of India has informed the Exchange regarding the schedule of analyst / institutional meet held on September 20, 2016 ."
16-Sep-2016 12:53:00,Appointment of Director,Union Bank of India has informed the Exchange that the Central Government in exercise of the powers conferred by clause (a) of sub-section (3) of Section 9 of the Banking Companies (Acquisition and Tr
15-Sep-2016 17:33:00,Updates,"Union Bank of India has informed the Exchange that the Bank has on September 15, 2016 issued 10,000 Non-Convertible, Unsecured Subordinated Basel III Compliant Perpetual Debt Instruments eligible for "
31-Aug-2016 18:33:00,Updates,Union Bank of India has informed the Exchange that the Bank concludes issuance of Basel III Compliant Additional Tier 1 (AT1) Bonds for Rs.1000 crore.
29-Aug-2016 19:14:00,Analysts/Institutional Investor Meet/Con. Call Updates,Union Bank of India has informed the Exchange regarding Schedule of the Analyst/Institutional Investor Meet.
25-Aug-2016 15:20:00,Credit Rating,"Union Bank of India has informed the Exchange that the Bank intends to raise capital funds through issuance of Basel III compliant Tier 2 bonds. In this regard, Crisil Ratings has assigned Crisil AAA/"
22-Aug-2016 18:56:00,Updates,"Union Bank of India has informed the Exchange regarding Reporting under Regulation 30 of SEBI (Listing Obligations & Disclosure Requirements) Regulations, 2015"
12-Aug-2016 19:08:00,Updates,"Union Bank of India has informed the Exchange vide letter dated August 12, 2016 regarding "" Rating of Basel III Compliant Additional Tier 1 Bonds from India Ratings & Research and Rating update by S&P"
10-Aug-2016 13:27:00,Appointment of Director,Union Bank of India has informed the Exchange that the Central Government in exercise of the powers conferred by clause (a) of sub-section (3) of Section 9 of the Banking Companies (Acquisition and Tr
06-Aug-2016 13:43:00,Press Release,"Union Bank of India has informed the Exchange regarding a press release dated August 6, 2016 titled ""Financial Results for the quarter ended June 30, 2016""."
06-Aug-2016 13:34:00,Investor Presentation,"Union Bank of India has submitted to the Exchange a copy of the Presentation on Financial Results of the Bank for the Quarter ended on June 30, 2016."
06-Aug-2016 12:41:33,Financial Result Updates,"Union Bank of India has submitted to the Exchange the standalone financial results along with the Limited Review Report for the period ended June 30, 2016."
01-Aug-2016 12:00:00,Analysts/Institutional Investor Meet/Con. Call Updates,"Union Bank of India has informed the Exchange regarding the Schedule of the Analyst/Investor Meet on Bank Financial Results for quarter ended on June 30, 2016."
28-Jul-2016 15:14:00,Updates,Union Bank of India has informed the Exchange that Union Bank of India has been awarded the Best Bank Award for Use of Technology for Financial Inclusion among Large Banks by Institute for Development
22-Jul-2016 16:45:00,Updates,Union Bank of India has informed the Exchange that there was an attempted cyber incidence in USD Nostro Account of the Bank. The money trail was promptly traced and movement of funds was blocked. Resu
22-Jul-2016 16:22:00,Appointment of Director,Union Bank of India has informed the Exchange that that the Central Government in exercise of the powers conferred by clause (b) of sub-section (3) of Section 9 of the Banking Companies (Acquisition a
01-Jul-2016 19:01:00,Retirement,"Union Bank of India has informed the Exchange that Shri Rakesh Sethi, Executive Director has superannuated on June 30, 2016."
01-Jul-2016 18:51:00,Appointment of Company Secretary/Compliance Officer,"Union Bank of India has informed the Exchange that Shri Dipak D. Sanghavi, Dy. General Manager & Board Secretary has been appointed as Company Secretary and Compliance Officer of Union Bank of India u"
28-Jun-2016 18:41:00,"Regulation 44(3) of SEBI (LODR), Reg., 2015","Union Bank of India has submitted to the Exchange a copy of voting results of the 14th Annual General Meeting (AGM) of the Bank was held on June 27, 2016."
14-Jun-2016 18:00:00,Updates,"Union Bank of India has informed the Exchange that:- 1. The Bank intends to raise capital funds through issuance of Tier 2 bonds. In this regard, CRISIL Ratings has assigned 'CRISIL AAA rating with ne"
01-Jun-2016 19:59:00,Date of payment of dividend,"Union Bank of India has informed the Exchange that the dividend, if approved, shall be paid by July 5, 2016."
01-Jun-2016 19:59:00,AGM/Book Closure,"Union Bank of India has informed the Exchange that the Register of Members & Share Transfer Books of the Company will remain closed from June 21, 2016 to June 27, 2016 (both days inclusive) for the pu"
01-Jun-2016 19:50:00,Annual General Meeting Updates,"Union Bank of India has submitted to the Exchange a copy of notice of Annual General Meeting of the members of the Company to be held on June 27, 2016."
26-May-2016 16:49:49,Financial Result Updates,"Union Bank of India has submitted to the Exchange the consolidated financial results along with the Auditors Report for the period ended March 31, 2016."
20-May-2016 12:45:00,Trading Window,"Union Bank of India has informed the Exchange that in accordance with SEBI (Prohibition of Insider Trading) Regulations, 2015 read with Bank s Code of Conduct for Prohibition of Trading by Insiders, t"
17-May-2016 19:21:00,Updates,"Union Bank of India has submitted the Exchange revised Presentation on Audited Standalone Financial results of the Bank for the Quarter/Financial Year ended March 31, 2016."
13-May-2016 17:45:00,Updates,"Union Bank of India has submitted to the Exchange a copy of Presentation on Financial Results of the Bank for the Quarter/Financial Year ended March 31, 2016."
13-May-2016 17:19:00,Press Release,"Union Bank of India has informed the Exchange regarding a press release dated May 13, 2016 , titled ""Financial Results for the quarter and year ended March 31, 2016""."
13-May-2016 17:08:00,Dividend,"Union Bank of India has informed the Exchange that the Board of Directors of the Company at their meeting held on May 13, 2016, has recommended a dividend of 19.5% i.e. Rs 1.95 per equity share for th"
13-May-2016 16:42:19,Financial Result Updates,"Union Bank of India has submitted to the Exchange the standalone financial results along with the Auditors Report for the period ended March 31, 2016."
10-May-2016 20:13:00,Analysts Meet,"Union Bank of India has informed the Exchange regarding Schedule of the Analyst/Institutional Investor Meet on Bank's Financial Results for quarter/financial year ended on March 31, 2016."
09-May-2016 08:35:00,Appointment of Chief Financial Officer,"Union Bank of India has informed the Exchange that Shri Vivekanand H. Karnath, General Manager has been appointed as Chief Financial Officer (CFO) and Shri Pankaj Sharma, General Manager as Chief Comp"
06-May-2016 17:17:00,Trading Window,"Union Bank of India has informed the Exchange that in accordance with SEBI (Prohibition of Insider Trading) Regulations, 2015 read with Bank's Code of Conduct for Prohibition of Trading by Insiders,  "
06-May-2016 12:39:00,Change in Director(s),"Union Bank of India has informed the Exchange that the tenure of Sushri Anusuiya Sharma, Part Time Non Official Director of Union Bank of India has ended on May 5, 2016."
25-Apr-2016 19:25:00,Appointment of Director,"Union Bank of India has informed the Exchange regarding appointment of Dr. K. Ramesha as Part-time Non-official Director on the Board of Directors of Bank for a period of three years, from the date of"
20-Apr-2016 19:43:00,Disc. under Reg.30 of SEBI (SAST) Reg.2011,"Union Bank of India has submitted to the Exchange vide letter dated April 20, 2016 a copy of disclosure under Regulation 30(1) and 30(2) of SEBI (Substantial Acquisition of Shares & Takeovers) Regulat"
11-Apr-2016 17:40:00,Change in Director(s),Union Bank of India has informed the Exchange that In compliance with Regulation 30 read with entry no. 7 of Para A of Part A of Schedule III of SEBI (Listing Obligations & Disclosure Requirements) Re
01-Apr-2016 19:44:00,Updates,Union Bank of India has informed the Exchange that - Union Bank of India has adopted Marginal Cost of Funds-based Lending Rate (MCLR). The new rate setting structure is based on the Marginal Cost of F
29-Mar-2016 19:14:00,Issue of Securities,"Union Bank of India has informed the Exchange that Union Bank of India has issued 10,000 basel III compliant Tier II bonds of face value of Rs. 10,00,000/- each at par, with 10 year tenure, bearing 8."
18-Mar-2016 17:50:00,Analysts Meet,Union Bank of India has informed the Exchange regarding Schedule of the Analyst/Institutional Investor Meet pursuant to Regulation 30 of SEBI (Listing Obligations and Disclosure Requirements) Regulati
26-Feb-2016 15:18:00,News Clarification,"Union Bank of India has informed the Exchange about the Disclosure of Information under Regulation 30 of SEBI(LODR) Regulations, 2015- Clarification on News Item"
25-Feb-2016 11:01:00,Analysts Meet,"Union Bank of India has informed the Exchange vide letter dated February 24, 2016 regarding ""Schedule of the Analyst/Institutional Investor Meet""."
22-Feb-2016 18:13:00,Updates,Union Bank of India has informed the Exchange regarding Schedule of the Analyst/Institutional Investor Meet.
17-Feb-2016 18:24:00,Analysts Meet,Union Bank of India has informed the Exchange regarding Schedule of the Analyst/Institutional Investor Meet - Reporting under Regulation 30 of SEBI (Listing Obligations and Disclosure Requirements) Re
15-Feb-2016 19:39:00,Analysts Meet,"Union Bank of India has informed the Exchange regarding Schedule of Analyst/Institutional Investor Meet held on February 15, 2016 at Mumbai."
11-Feb-2016 13:52:00,Updates,"Union Bank of India has submitted to the Exchange a copy of Presentations on Financial Results for 3rd Quarter ended on December 31, 2015."
11-Feb-2016 12:32:00,Press Release,"Union Bank of India has informed the Exchange regarding Press Release dated February 11, 2016 on Financial Results for the quarter and nine months ended on December 31, 2015."
11-Feb-2016 12:22:06,Financial Result Updates,"Union Bank of India has submitted to the Exchange the standalone financial results along with the Limited Review Report for the period ended December 31, 2015."
10-Feb-2016 19:53:00,Updates,Union Bank of India has informed the Exchange that Chief Compliance Officer and Chief Financial Officer are jointly or severally authorised for the purpose of determining materiality of an event or in
04-Feb-2016 17:43:00,Analysts Meet,Union Bank of India has informed the Exchange regarding Schedule of Analyst or Institutional Investor Meet
02-Feb-2016 11:10:00,Trading Window,"Union Bank of India has informed the Exchange that the 'Trading Window' for dealing in the shares of the Bank shall remain closed for the Directors and Designated employees from February 3, 2016 to Fe"
25-Jan-2016 17:29:00,Retirement,"Union Bank of India has informed the Exchange that Shri Mayank Mehta, General Manager & Chief Financial Officer (CFO) of Union Bank of India ceased to be in service of the Bank upon his retirement w.e"
25-Jan-2016 13:33:00,Appointment of Director,"Union Bank of India has informed the Exchange regarding the appointment of Shri Vinod Kumar Kathuria, General Manager, Punjab National Bank as Executive Director of the Bank from the date of his takin"
31-Dec-2015 13:41:00,Resignation of Company Secretary/Compliance Officer,Union Bank of India has informed the Exchange that Mrs Neha Agrawal has resigned from the post of Company Secretary and services of the Bank. Her resignation has been accepted by the Competent Authori
30-Dec-2015 13:59:00,Change in Auditors,"Union Bank of India has informed the Exchange that in line with the guidelines issued by the Reserve Bank of India, the Bank has got the policy for appointment of SCAs for the year 2015-16 approved by"
06-Nov-2015 12:09:00,Press Release,"Union Bank of India has informed the Exchange regarding a press release dated November 6, 2015 titled ""Financial Results for the quarter and half year ended September 30, 2015"""
06-Nov-2015 12:00:32,Financial Result Updates,Union Bank of India has submitted to the exchange the standalone financial results along with the Limited Review Report for the period ended 30-Sep-2015.
05-Nov-2015 16:26:00,Disclosure of Media Agreement-Clause 53,"Union Bank of India has informed the Exchange that the Bank has extended the agreement of M/s. Lintas (India) Pvt. Ltd. as media agency for a period of 1 year i.e. from November 01, 2015 to October 31"
14-Oct-2015 13:11:00,Trading Window,"Union Bank of India has informed the Exchange that the Trading Window for dealing in the shares of the Bank will be closed from October 16, 2015 to November 08, 2015 (both days inclusive)."
05-Oct-2015 11:06:00,Updates,"Union Bank of India has informed the Exchange vide letter dated October 05, 2015 regarding Purchase of stake of KBC Participations Renta in Union KBC Asset Management Co. Pvt Ltd. and Union KBC truste"
01-Oct-2015 19:32:00,Allotment of Securities,"Union Bank of India has informed the Exchange vide letter dated October 01, 2015, regarding ""Allotment of 5,16,62,281 equity shares to Government of India on preferential basis on September 30, 2015""."
18-Sep-2015 16:36:00,Disclosure of Voting Pattern - Clause 35A,"Union Bank of India has submitted to the Exchange a copy of voting results of Extraordinary General Meeting of the Company held on September 18, 2015, pursuant to Clause 35A of the Listing Agreement."
18-Sep-2015 16:32:00,Extraordinary General Meeting Updates,"Union Bank of India has submitted to the Exchange a copy of the proceedings of the Extra-Ordinary General Meeting of the Company held on September 18, 2015."
10-Sep-2015 16:35:00,Extraordinary General Meeting Updates,"Union Bank of India has informed the Exchange vide letter dated September 10, 2015 regarding Corrigendum to Notice for Extraordinary General Meeting of the Bank Scheduled to be held on September 18, 2"
25-Aug-2015 11:31:00,Extraordinary General Meeting Updates,"Union Bank of India has informed the Exchange regarding the notice of Extraordinary General Meeting of the shareholders  of the Bank Scheduled on September 18, 2015."
21-Aug-2015 08:31:00,Updates,"Union Bank of India has informed the Exchange that the term of Shri Kishor Kharat, Executive Director of the Bank has ended on August 14, 2015 in terms of Ministry of Finance, Govt. of India letter da"
28-Jul-2015 12:22:00,Press Release,"Union Bank of India has informed the Exchange regarding a press release dated July 28, 2015 titled ""Financial Results for the quarter ended June 30, 2015 ""."
28-Jul-2015 12:06:57,Financial Result Updates,Union Bank of India has submitted to the exchange the standalone financial results along with the Limited Review Report for the period ended 30-Jun-2015.
14-Jul-2015 12:28:00,Trading Window,"Union Bank of India has informed the Exchange that Pursuant to Clause 36 of the listing Agreement, Company wish to inform the Exchange that as per the Securities and Exchange Board of India (Prohibiti"
07-Jul-2015 11:30:00,Appointment of Director,Union Bank of India has informed the Exchange that the Central Government in exercise of the powers conferred by clause (c) of sub-section (3) of Section 9 of The Banking Companies (Acquisition and Tr
29-Jun-2015 08:08:00,Disclosure of Voting Pattern - Clause 35A,Union Bank of India has informed the Exchange about the details regarding voting results for Annual General Meeting of the shareholders of the Bank.
29-Jun-2015 08:06:00,Annual General Meeting Updates,"Union Bank of India has submitted to the Exchange a copy of the proceedings of the Annual General Meeting of the shareholders of the Bank held on June 26, 2015."
22-Jun-2015 12:56:00,Updates,"Union Bank of India has informed the Exchange that one of the Candidates for election of Shareholder Directors viz. Shri Sudhir Kavdia has withdrawn his candidature on June 20, 2015.    Accordingly, t"
12-Jun-2015 15:59:00,"Code of Conduct under SEBI(PIT) Reg., 2015","Union Bank of India has informed the Exchange that Pursuant to Regulation 8.2 (Chapter - IV) of the SEBI (Prohibition of Insider Trading) Regulations, 2015, Company hereby inform that the Board of Dir"
29-May-2015 16:34:00,AGM/Book Closure,"Union Bank of India has informed the Exchange that the Register of Members and Share Transfer Books of the Company shall remain closed from June 20, 2015 to June 26, 2015 (both days inclusive) for the"
21-May-2015 11:51:03,Financial Result Updates,Union Bank of India has submitted to the exchange the consolidated financial results for the period ended 31-Mar-2015.
12-May-2015 12:51:00,Press Release,"Union Bank of India has informed the Exchange regarding a press release dated May 12, 2015 titled ""Financial results for the quarter and year ended March 31, 2015""."
12-May-2015 12:38:00,Date of payment of dividend,"Union Bank of India has informed the Exchange that the dividend will be paid to the shareholders by July 6, 2015 subject to its approval in the ensuing Annual General Meeting of shareholders of the Ba"
12-May-2015 12:35:02,Financial Result Updates,Union Bank of India has submitted to the exchange the standalone financial results along with the Auditors Report for the period ended 31-Mar-2015.
12-May-2015 12:35:00,Dividend,"Union Bank of India has informed the Exchange that the Board of Directors of the Bank at its meeting held on May 12, 2015, has recommended dividend of 60 % i.e. Rs. 6 per share."
27-Apr-2015 19:43:00,Updates,"Union Bank of India has informed the Exchange that the Bank has fixed May 15, 2015 as the Specified Date for the purpose of ascertaining the shareholders entitled to participate in the Election of Dir"
27-Apr-2015 17:20:00,Trading Window,"Union Bank of India has informed the Exchange that as per Clause 12 of the Securities and Exchange Board of India (Prohibition of Insider Trading) Regulation, 1992, the 'Trading Window' for dealing in"
17-Apr-2015 14:01:00,Disc. under Reg.30 of SEBI (SAST) Reg.2011,"Union Bank of India has submitted to the Exchange vide letter dated April 16, 2015 a copy of disclosure under Regulation 30(1) and 30(2) of SEBI (Substantial Acquisition of Shares & Takeovers) Regulat"
17-Mar-2015 17:39:00,Appointment,Union Bank of India has informed the Exchange that the Bank has recently appointed Statutory Central Auditors (SCAs) for the financial year 2014-15 as per recently modified norms/policy for selection 
11-Mar-2015 11:21:00,Appointment of Director,Union Bank of India has informed the Exchange that the Central Government in exercise of the powers conferred by clause (a) of sub-section (3) of Section 9 of The Banking Companies (Acquisition and Tr
20-Feb-2015 12:20:00,Updates,"Union Bank of India has informed the Exchange, vide letter dated February 20, 2015 regarding the Rating of the BASEL III compliant Tier I Perpetual Bonds."
16-Feb-2015 12:21:00,Updates,"Union Bank of India has informed the Exchange that the Bank intends to raise capital funds through issuance of Additional Tier 1 Bonds. CARE Rating has assigned ""CARE AA (Double A)"" rating to the Bank"
27-Jan-2015 11:58:00,Press Release,"Union Bank of India has informed the Exchange regarding a press release letter dated January 27, 2015 titled ""Financial Results for the quarter and nine-month ended December 31, 2014""."
27-Jan-2015 11:47:02,Financial Result Updates,Union Bank of India has submitted to the exchange the standalone financial results along with the Limited Review Report for the period ended 31-Dec-2014.
15-Jan-2015 17:39:00,Interest Rates Updates,Union Bank of India has informed the Exchange regarding Change in Base Rate and Deposit Rate of the Bank.
14-Jan-2015 13:02:00,Trading Window,"Union Bank of India has informed the Exchange that as per Clause 12 of the Securities and Exchange Board of India (Prohibition of Insider Trading) Regulation, 1992, the Trading Window' for dealing in "
