date,desc,text
10-Jul-2026 12:52:13,Copy of Newspaper Publication,Zee Entertainment Enterprises Limited has informed the Exchange about Copy of Newspaper Publication
09-Jul-2026 22:03:00,Shareholders meeting,"Zee Entertainment Enterprises Limited has informed the Exchange regarding Notice of Extraordinary General Meeting to be held on July 31, 2026"
03-Jul-2026 13:19:32,Copy of Newspaper Publication,Zee Entertainment Enterprises Limited has informed the Exchange about Copy of Newspaper Publication
01-Jul-2026 21:23:03,General Updates,Zee Entertainment Enterprises Limited has informed the Exchange about issue of fully convertible warrants and approval of ESOP 2026.
01-Jul-2026 21:19:15,Outcome of Board Meeting,"Zee Entertainment Enterprises Limited has informed the Exchange regarding Outcome of Board Meeting held on July 01, 2026."
01-Jul-2026 19:31:12,News Verification,The Exchange has sought clarification from Zee Entertainment Enterprises Limited with respect to recent news item captioned Zee Entertainment shares jump 6% after Rs 418 crore FDI approval..  The resp
01-Jul-2026 11:55:29,News Verification,The Exchange has sought clarification from Zee Entertainment Enterprises Limited with respect to recent news item captioned Zee Entertainment shares jump 6% after Rs 418 crore FDI approval..  The resp
25-Jun-2026 18:47:36,Trading Window,"Zee Entertainment Enterprises Limited has informed the Exchange regarding the Trading Window closure pursuant to SEBI (Prohibition of Insider Trading) Regulations, 2015"
22-Jun-2026 15:10:47,Disclosure under SEBI Takeover Regulations,"Cyquator Media Services Private Limited,Essel Corporate LLP,Sunbright International Holdings Limited,Global Connect Ltd,Global Fusion Ltd,Essel Infraprojects Limited,Sprit Infrapower & Multiventures P"
10-Jun-2026 17:37:04,Outcome of Board Meeting,"Zee Entertainment Enterprises Limited has informed the Exchange regarding Outcome of Board Meeting held on Jun 10, 2026."
01-Jun-2026 19:40:54,General Updates,Zee Entertainment Enterprises Limited has informed the Exchange about General Updates
01-Jun-2026 14:29:40,Press Release,"Zee Entertainment Enterprises Limited has informed the Exchange regarding a press release dated Jun 01, 2026, titled ""Press Release dated June 1, 2026""."
28-May-2026 18:35:58,Updates,"Zee Entertainment Enterprises Limited has informed the Exchange regarding 'Annual Secretarial Compliance Report for the financial year ended March 31, 2026'."
26-May-2026 20:01:03,Press Release,"Zee Entertainment Enterprises Limited has informed the Exchange regarding a press release titled "" Z  to enhance its presence across sports broadcasting with the launch of Unite8 Sports channels""."
26-May-2026 16:53:44,Analysts/Institutional Investor Meet/Con. Call Updates,Zee Entertainment Enterprises Limited has informed the Exchange about Transcript of Investor Call
22-May-2026 16:14:31,Analysts/Institutional Investor Meet/Con. Call Updates,Zee Entertainment Enterprises Limited has informed the Exchange about Intimation of Investors  Conference
20-May-2026 16:00:39,General Updates,Zee Entertainment Enterprises Limited has informed the Exchange about Newspaper Publication
19-May-2026 21:00:34,Analysts/Institutional Investor Meet/Con. Call Updates,"Zee Entertainment Enterprises Limited has informed the Exchange about Audio recording of conference call for the fourth quarter and financial year ended March 31, 2026"
19-May-2026 17:44:36,General Updates,"Zee Entertainment Enterprises Limited has informed the Exchange about Disclosure under Regulation 30 of the SEBI (Listing Obligations and Disclosure Requirements) Regulations, 2015- additional investm"
19-May-2026 17:37:39,Dividend,"Zee Entertainment Enterprises Limited has informed the Exchange that Board of Directors at its meeting held on May 19, 2026, recommended Final Dividend of Rs. 2 per equity share."
19-May-2026 17:31:16,Investor Presentation,Zee Entertainment Enterprises Limited has informed the Exchange about Investor Presentation
19-May-2026 17:23:05,Outcome of Board Meeting,"Zee Entertainment Enterprises Limited has submitted to the Exchange, the financial results for the period ended March 31, 2026."
15-May-2026 23:19:39,Resignation of Director/KMP/SMP,Zee Entertainment Enterprises Limited has informed the Exchange about Resignation of Director/KMP/SMP
15-May-2026 22:50:38,General Updates,"Zee Entertainment Enterprises Limited has informed the Exchange about Disclosure under Regulation 30 of the SEBI (Listing Obligations and Disclosure Requirements) Regulations, 2015, as amended   Resig"
07-May-2026 18:27:27,General Updates,"Zee Entertainment Enterprises Limited has informed the Exchange about Disclosure under Regulation 30 of the SEBI (Listing Obligations and Disclosure Requirements) Regulations, 2015, as amended"
28-Apr-2026 12:15:26,Reply to Clarification- Financial results,The Exchange had sought clarification from Zee Entertainment Enterprises Limited for the quarter ended 30-Sep-2025 with respect to Regulation 33 of the SEBI (Listing Obligations and Disclosure Require
17-Apr-2026 18:55:09,General Updates,"Zee Entertainment Enterprises Limited has informed the Exchange about Disclosure under Regulation 30 of the SEBI (Listing Obligations and Disclosure Requirements) Regulations, 2015, as amended ( SEBI "
10-Apr-2026 15:48:21,Updates,"Zee Entertainment Enterprises Limited has informed the Exchange regarding Certificate under Regulation 74(5) of Securities and Exchange Board of India (Depositories and Participants) Regulations, 2018"
31-Mar-2026 16:15:21,General Updates,"Zee Entertainment Enterprises Limited has informed the Exchange about Disclosure under Regulation 30 of the SEBI (Listing Obligations and Disclosure Requirements) Regulations, 2015, as amended   Chang"
27-Mar-2026 18:12:58,Trading Window,"Zee Entertainment Enterprises Limited has informed the Exchange regarding the Trading Window closure pursuant to SEBI (Prohibition of Insider Trading) Regulations, 2015"
26-Mar-2026 19:58:43,General Updates,"Zee Entertainment Enterprises Limited has informed the Exchange about Disclosure under Regulation 30 of the SEBI (Listing Obligations and Disclosure Requirements) Regulations, 2015, as amended ( SEBI "
20-Mar-2026 16:38:29,Analysts/Institutional Investor Meet/Con. Call Updates,Zee Entertainment Enterprises Limited has informed the Exchange about Schedule of Investors  Meet
06-Mar-2026 16:10:29,Copy of Newspaper Publication,Zee Entertainment Enterprises Limited has informed the Exchange about Copy of Newspaper Publication
17-Feb-2026 16:23:16,Analysts/Institutional Investor Meet/Con. Call Updates,Zee Entertainment Enterprises Limited has informed the Exchange about Intimation of Investors  Conference
11-Feb-2026 17:16:05,General Updates,"Zee Entertainment Enterprises Limited has informed the Exchange about Disclosure under Regulation 30 of the SEBI (Listing Obligations and Disclosure Requirements) Regulations, 2015, as amended"
03-Feb-2026 14:44:21,Analysts/Institutional Investor Meet/Con. Call Updates,Zee Entertainment Enterprises Limited has informed the Exchange about Schedule of meet
02-Feb-2026 11:23:55,General Updates,"Zee Entertainment Enterprises Limited has informed the Exchange about Disclosure under Regulation 30 of the SEBI (Listing Obligations and Disclosure Requirements) Regulations, 2015, as amended   Appoi"
30-Jan-2026 15:18:22,Analysts/Institutional Investor Meet/Con. Call Updates,Zee Entertainment Enterprises Limited has informed the Exchange about Transcript
28-Jan-2026 11:47:35,Updates,Zee Entertainment Enterprises Limited has informed the Exchange regarding 'Attached financial results in machine readable form'.
23-Jan-2026 17:28:54,Updates,Zee Entertainment Enterprises Limited has informed the Exchange regarding 'General Update'.
23-Jan-2026 17:24:22,Updates,Zee Entertainment Enterprises Limited has informed the Exchange regarding 'Resubmitting the readable financial results'.
23-Jan-2026 14:53:56,Copy of Newspaper Publication,Zee Entertainment Enterprises Limited has informed the Exchange about Copy of Newspaper Publication
22-Jan-2026 19:04:17,Analysts/Institutional Investor Meet/Con. Call Updates,Zee Entertainment Enterprises Limited has informed the Exchange about Presentation and Link of Recording
22-Jan-2026 14:06:51,Investor Presentation,Zee Entertainment Enterprises Limited has informed the Exchange about Investor Presentation
22-Jan-2026 13:52:20,Outcome of Board Meeting,"Zee Entertainment Enterprises Limited has submitted to the Exchange, the financial results for the period ended December 31, 2025."
16-Jan-2026 10:23:06,Clarification - Financial Results,The Exchange has sought clarification from Zee Entertainment Enterprises Limited for the quarter ended 30-Sep-2025 with respect to Regulation 33 of the SEBI (Listing Obligations and Disclosure Require
12-Jan-2026 17:44:47,Updates,"Zee Entertainment Enterprises Limited has informed the Exchange regarding 'Certificate under Regulation 74(5) of Securities and Exchange Board of India (Depositories and Participants) Regulations, 201"
31-Dec-2025 17:59:09,General Updates,"Zee Entertainment Enterprises Limited has informed the Exchange about Disclosure under Regulation 30 of the SEBI (Listing Obligations and Disclosure Requirements) Regulations, 2015"
24-Dec-2025 16:50:33,Trading Window,"Zee Entertainment Enterprises Limited has informed the Exchange regarding the Trading Window closure pursuant to SEBI (Prohibition of Insider Trading) Regulations, 2015"
03-Dec-2025 15:25:48,News Verification,The Exchange has sought clarification from Zee Entertainment Enterprises Limited with respect to recent news item captioned Zee announces more layoffs as business takes a hit after failed Sony merger.
02-Dec-2025 16:44:17,News Verification,The Exchange has sought clarification from Zee Entertainment Enterprises Limited with respect to recent news item captioned Zee announces more layoffs as business takes a hit after failed Sony merger.
28-Nov-2025 19:49:14,Shareholders meeting,"Zee Entertainment Enterprises Limited has informed the Exchange regarding Proceedings of Postal Ballot. Further, the company has submitted the Exchange a copy of Srutinizers report along with voting r"
13-Nov-2025 19:33:47,Press Release,"Zee Entertainment Enterprises Limited has informed the Exchange regarding a press release dated November 13, 2025, titled "" Z  marks significant jump in ESG performance, ranks amongst top 5% in media,"
11-Nov-2025 16:17:36,Analysts/Institutional Investor Meet/Con. Call Updates,Zee Entertainment Enterprises Limited has informed the Exchange about Schedule of Investor meets
29-Oct-2025 17:52:25,Copy of Newspaper Publication,Zee Entertainment Enterprises Limited has informed the Exchange about Copy of Newspaper Publication
28-Oct-2025 18:47:13,Shareholders meeting,Zee Entertainment Enterprises Limited has informed the Exchange regarding Notice of Postal Ballot
24-Oct-2025 19:25:37,Analysts/Institutional Investor Meet/Con. Call Updates,Zee Entertainment Enterprises Limited has informed the Exchange about Transcript
17-Oct-2025 16:24:16,Updates,Zee Entertainment Enterprises Limited has informed the Exchange regarding 'Re-lodgement of Transfer requests of Physical Shares'.
17-Oct-2025 16:04:13,Copy of Newspaper Publication,Zee Entertainment Enterprises Limited has informed the Exchange about Copy of Newspaper Publication
16-Oct-2025 19:21:45,Analysts/Institutional Investor Meet/Con. Call Updates,Zee Entertainment Enterprises Limited has informed the Exchange about Link of Recording
16-Oct-2025 15:31:59,Investor Presentation,Zee Entertainment Enterprises Limited has informed the Exchange about Investor Presentation
16-Oct-2025 15:12:47,Outcome of Board Meeting,"Zee Entertainment Enterprises Limited has submitted to the Exchange, the financial results for the period ended September 30, 2025."
16-Oct-2025 15:09:47,General Updates,"Zee Entertainment Enterprises Limited has informed the Exchange about Disclosure under Regulation 30 of the SEBI (Listing Obligations and Disclosure Requirements) Regulations, 2015   Appointment of Di"
16-Oct-2025 15:04:23,General Updates,"Zee Entertainment Enterprises Limited has informed the Exchange about Disclosure under Regulation 30 of the SEBI (Listing Obligations and Disclosure Requirements) Regulations, 2015   Investment in Ide"
16-Oct-2025 14:49:49,Outcome of Board Meeting,"Zee Entertainment Enterprises Limited has informed the Exchange regarding  Board meeting held on October 16, 2025."
15-Oct-2025 21:46:15,Updates,"Zee Entertainment Enterprises Limited has informed the Exchange regarding 'Disclosure under Regulation 30 of the SEBI (Listing Obligations and Disclosure Requirements) Regulations, 2015'."
13-Oct-2025 17:05:33,Analysts/Institutional Investor Meet/Con. Call Updates,Zee Entertainment Enterprises Limited has informed the Exchange about Schedule of meet
09-Oct-2025 19:33:50,Updates,"Zee Entertainment Enterprises Limited has informed the Exchange regarding 'Certificate under Regulation 74(5) of Securities and Exchange Board of India (Depositories and Participants) Regulations, 201"
06-Oct-2025 20:14:04,Analysts/Institutional Investor Meet/Con. Call Updates,Zee Entertainment Enterprises Limited has informed the Exchange about Schedule of meet
25-Sep-2025 20:21:20,Trading Window,"Zee Entertainment Enterprises Limited has informed the Exchange regarding the Trading Window closure pursuant to SEBI (Prohibition of Insider Trading) Regulations, 2015"
15-Sep-2025 21:03:40,Shareholders meeting,"Zee Entertainment Enterprises Limited has informed the Exchange regarding Proceedings of Annual General Meeting held on September 15, 2025. Further, the company has submitted the Exchange a copy of Sr"
15-Sep-2025 20:52:34,General Updates,"Zee Entertainment Enterprises Limited has informed the Exchange about Disclosure under Regulation 30 of the SEBI (Listing Obligations and Disclosure Requirements) Regulations, 2015   Resignation of Se"
10-Sep-2025 19:33:26,Copy of Newspaper Publication,Zee Entertainment Enterprises Limited has informed the Exchange about Copy of Newspaper Publication
10-Sep-2025 14:10:39,General Updates,Zee Entertainment Enterprises Limited has informed the Exchange about General Updates
08-Sep-2025 23:16:45,Corrigendum,"Zee Entertainment Enterprises Limited has informed the Exchange regarding Corrigendum to Notice of Annual General Meeting to be held on September 15, 2025"
08-Sep-2025 20:10:25,Updates,"ZEEL: Zee Entertainment Enterprises Limited has informed the Exchange regarding 'Disclosure under Regulation 30 of the SEBI (Listing Obligations and Disclosure Requirements) Regulations, 2015   Enviro"
31-Aug-2025 18:00:12,Analysts/Institutional Investor Meet/Con. Call Updates,Zee Entertainment Enterprises Limited has informed the Exchange about Schedule of Investor Meet
26-Aug-2025 18:55:00,General Updates,Zee Entertainment Enterprises Limited has informed the Exchange about Disclosure under Regulation 30 of the Securities and Exchange Board of India (Listing Obligations and Disclosure Requirements) Reg
21-Aug-2025 16:01:59,Copy of Newspaper Publication,Zee Entertainment Enterprises Limited has informed the Exchange about Copy of Newspaper Publication
20-Aug-2025 17:06:35,Shareholders meeting,"Zee Entertainment Enterprises Limited has informed the Exchange regarding Notice of Annual General Meeting to be held on September 15, 2025"
20-Aug-2025 16:52:15,General Updates,Zee Entertainment Enterprises Limited has informed the Exchange about Disclosure under Regulation 30 of the Securities and Exchange Board of India (Listing Obligations and Disclosure Requirements) Reg
14-Aug-2025 17:04:07,General Updates,"Zee Entertainment Enterprises Limited has informed the Exchange about the Disclosure under Regulation 30 of SEBI (Listing Obligations and Disclosure Requirements) Regulations, 2015"
13-Aug-2025 19:17:59,Analysts/Institutional Investor Meet/Con. Call Updates,Zee Entertainment Enterprises Limited has informed the Exchange about Schedule of meet
11-Aug-2025 18:16:06,Copy of Newspaper Publication,Zee Entertainment Enterprises Limited has informed the Exchange about Copy of Newspaper Publication
08-Aug-2025 18:17:51,Record Date,Zee Entertainment Enterprises Limited has informed the Exchange that Record date for the purpose of Dividend  is 29-Aug-2025.
30-Jul-2025 17:42:45,Copy of Newspaper Publication,Zee Entertainment Enterprises Limited has informed the Exchange about Copy of Newspaper Publication
29-Jul-2025 16:30:06,Analysts/Institutional Investor Meet/Con. Call Updates,Zee Entertainment Enterprises Limited has informed the Exchange about Transcript
23-Jul-2025 16:29:09,Copy of Newspaper Publication,Zee Entertainment Enterprises Limited has informed the Exchange about Copy of Newspaper Publication
22-Jul-2025 19:54:26,Analysts/Institutional Investor Meet/Con. Call Updates,Zee Entertainment Enterprises Limited has informed the Exchange about Link of Recording
22-Jul-2025 15:26:44,General Updates,Zee Entertainment Enterprises Limited has informed the Exchange about General Updates
22-Jul-2025 15:01:30,Outcome of Board Meeting,"Zee Entertainment Enterprises Limited has submitted to the Exchange, the financial results for the period ended Jun 30, 2025."
22-Jul-2025 14:29:58,Outcome of Board Meeting,"Zee Entertainment Enterprises Limited has informed the Exchange regarding  Board meeting held on July 22, 2025."
18-Jul-2025 18:28:51,Updates,"Zee Entertainment Enterprises Limited has informed the Exchange regarding 'Certificate under Regulation 74(5) of Securities and Exchange Board of India (Depositories and Participants) Regulations, 201"
10-Jul-2025 18:59:41,Press Release,"Zee Entertainment Enterprises Limited has informed the Exchange regarding a press release dated July 10, 2025, titled ""Official Statement from ZEE Entertainment Enterprises Ltd.""."
10-Jul-2025 18:51:03,Shareholders meeting,"Zee Entertainment Enterprises Limited has informed the Exchange regarding Proceedings of Extraordinary General Meeting held on July 10, 2025. Further, the company has submitted the Exchange a copy of "
08-Jul-2025 20:06:14,Copy of Newspaper Publication,Zee Entertainment Enterprises Limited has informed the Exchange about Copy of Newspaper Publication
08-Jul-2025 19:35:21,Press Release,"Zee Entertainment Enterprises Limited has informed the Exchange regarding a press release dated July 08, 2025, titled "" Z  shareholders approve appointment of Directors with requisite majority""."
08-Jul-2025 19:31:42,Shareholders meeting,"Zee Entertainment Enterprises Limited has submitted the Exchange a copy Srutinizers report of  Postal Ballot. Further, the company has informed the Exchange regarding voting results."
03-Jul-2025 17:43:27,General Updates,"Zee Entertainment Enterprises Limited has informed the Exchange about Corrigendum to the Notice of Extra Ordinary General Meeting of the Company scheduled to be held on July 10, 2025"
03-Jul-2025 17:27:03,Investor Presentation,Zee Entertainment Enterprises Limited has informed the Exchange about Investor Presentation
30-Jun-2025 20:07:11,Analysts/Institutional Investor Meet/Con. Call Updates,Zee Entertainment Enterprises Limited has informed the Exchange about Schedule of meet
27-Jun-2025 15:52:48,Trading Window,"Zee Entertainment Enterprises Limited has informed the Exchange regarding the Trading Window closure pursuant to SEBI (Prohibition of Insider Trading) Regulations, 2015"
25-Jun-2025 19:59:57,Disclosure under SEBI Takeover Regulations,Cyquator Media Services Private Limited For & On behalf of Promoters of the Company has Submitted to the Exchange a copy of Disclosure under Regulation 31(4) of the Securities and Exchange Board of In
22-Jun-2025 17:07:14,General Updates,Zee Entertainment Enterprises Limited has informed the Exchange about Investor Presentation
19-Jun-2025 15:47:38,Copy of Newspaper Publication,Zee Entertainment Enterprises Limited has informed the Exchange about Copy of Newspaper Publication
18-Jun-2025 18:10:46,Shareholders meeting,"Zee Entertainment Enterprises Limited has informed the Exchange regarding Notice of Extraordinary General Meeting to be held on July 10, 2025"
17-Jun-2025 15:33:42,Copy of Newspaper Publication,Zee Entertainment Enterprises Limited has informed the Exchange about Copy of Newspaper Publication
16-Jun-2025 19:55:53,Press Release,"Zee Entertainment Enterprises Limited has informed the Exchange regarding a press release dated Jun 16, 2025, titled "" Z  Board approves issue of fully convertible warrants to Promoter Group entities "
16-Jun-2025 19:37:22,Outcome of Board Meeting,"Zee Entertainment Enterprises Limited has informed the Exchange regarding  Board meeting held on Jun 16, 2025."
09-Jun-2025 17:32:07,Press Release,"Zee Entertainment Enterprises Limited has informed the Exchange regarding a press release dated Jun 09, 2025, titled "" Z  enters into strategic partnership with Content Start-up Bullet to launch India"
09-Jun-2025 15:40:27,Copy of Newspaper Publication,Zee Entertainment Enterprises Limited has informed the Exchange about Copy of Newspaper Publication
06-Jun-2025 17:26:16,Shareholders meeting,Zee Entertainment Enterprises Limited has informed the Exchange regarding Notice of Postal Ballot
16-May-2025 11:57:48,Analysts/Institutional Investor Meet/Con. Call Updates,Zee Entertainment Enterprises Limited has informed the Exchange about Transcript of the conference call
13-May-2025 13:56:08,Updates,"Zee Entertainment Enterprises Limited has informed the Exchange regarding 'Clarification - Disclosure dated May 13, 2025'."
13-May-2025 12:52:39,General Updates,Zee Entertainment Enterprises Limited has informed the Exchange about Disclosure under Regulation 30 of the Securities and Exchange Board of India (Listing Obligations and Disclosure Requirements) Reg
09-May-2025 15:51:30,Copy of Newspaper Publication,Zee Entertainment Enterprises Limited has informed the Exchange about Copy of Newspaper Publication
08-May-2025 21:39:29,Analysts/Institutional Investor Meet/Con. Call Updates,Zee Entertainment Enterprises Limited has informed the Exchange about Presentation and Link of Recording
08-May-2025 19:51:39,General Updates,Zee Entertainment Enterprises Limited has informed the Exchange about Investor Presentation
08-May-2025 17:41:43,Outcome of Board Meeting,"Zee Entertainment Enterprises Limited has informed the Exchange regarding Outcome of Board Meeting held on May 08, 2025."
08-May-2025 17:33:00,General Updates,Zee Entertainment Enterprises Limited has informed the Exchange about Disclosure under Regulation 30 of the Securities and Exchange Board of India (Listing Obligations and Disclosure Requirements) Reg
08-May-2025 17:28:37,General Updates,Zee Entertainment Enterprises Limited has informed the Exchange about Disclosure under Regulation 30 of the Securities and Exchange Board of India (Listing Obligations and Disclosure Requirements) Reg
08-May-2025 17:14:25,General Updates,Zee Entertainment Enterprises Limited has informed the Exchange about Earning Release on the Audited Standalone and Consolidated Financial Results of the Company for the fourth quarter and financial y
08-May-2025 17:03:24,Dividend,"Zee Entertainment Enterprises Limited has informed the Exchange that Board of Directors at its meeting held on May 08, 2025, recommended Final Dividend of 2.43 per equity share."
08-May-2025 16:52:46,Outcome of Board Meeting,"Zee Entertainment Enterprises Limited has informed the Exchange regarding  Board meeting held on May 08, 2025."
05-May-2025 18:38:12,Analysts/Institutional Investor Meet/Con. Call Updates,Zee Entertainment Enterprises Limited has informed the Exchange about Schedule of meet
01-May-2025 19:08:02,Updates,Zee Entertainment Enterprises Limited has informed the Exchange regarding 'Cautionary Emails received from stock exchanges'.
01-May-2025 18:58:20,Outcome of Board Meeting,"Zee Entertainment Enterprises Limited has informed the Exchange regarding  Board meeting held on May 01, 2025."
11-Apr-2025 18:32:11,Updates,"Zee Entertainment Enterprises Limited has informed the Exchange regarding 'Certificate under Regulation 74(5) of Securities and Exchange Board of India (Depositories and Participants) Regulations, 201"
08-Apr-2025 12:04:47,Updates,Zee Entertainment Enterprises Limited has informed the Exchange regarding 'Disclosure under Regulation 30 of the Securities and Exchange Board of India (Listing Obligations and Disclosure Requirements
27-Mar-2025 11:27:32,Trading Window,"Zee Entertainment Enterprises Limited has informed the Exchange regarding the Trading Window closure pursuant to SEBI (Prohibition of Insider Trading) Regulations, 2015"
11-Mar-2025 18:05:45,Analysts/Institutional Investor Meet/Con. Call Updates,Zee Entertainment Enterprises Limited has informed the Exchange about Schedule of meet
07-Mar-2025 18:02:45,Reply to Clarification- Financial results,The Exchange had sought clarification from Zee Entertainment Enterprises Limited for the quarter ended 31-Dec-2024 with respect to Regulation 33 of the SEBI (Listing Obligations and Disclosure Require
05-Mar-2025 10:56:58,Clarification - Financial Results,The Exchange has sought clarification from Zee Entertainment Enterprises Limited for the quarter ended 31-Dec-2024 with respect to Regulation 33 of the SEBI (Listing Obligations and Disclosure Require
28-Feb-2025 14:54:01,General Updates,Zee Entertainment Enterprises Limited has informed the Exchange about General Updates
19-Feb-2025 16:21:40,Press Release,"Zee Entertainment Enterprises Limited has informed the Exchange regarding a press release dated February 19, 2025, titled ""ZEE Entertainment secures high S&P Global ESG score; outperforms the industry"
04-Feb-2025 16:32:27,Updates,"Zee Entertainment Enterprises Limited has informed the Exchange regarding 'Clarification - Disclosure dated January 31, 2025 on resignation of Senior Management Personnel'."
02-Feb-2025 11:58:25,General Updates,Zee Entertainment Enterprises Limited has informed the Exchange about Disclosure under Regulation 30 of the Securities and Exchange Board of India (Listing Obligations and Disclosure Requirements) Reg
31-Jan-2025 22:14:26,General Updates,Zee Entertainment Enterprises Limited has informed the Exchange about Disclosure under Regulation 30 of the Securities and Exchange Board of India (Listing Obligations and Disclosure Requirements) Reg
30-Jan-2025 18:20:54,Analysts/Institutional Investor Meet/Con. Call Updates,"Zee Entertainment Enterprises Limited has informed the Exchange about Transcript of the Conference Call dated January 23, 2025"
24-Jan-2025 12:52:21,Copy of Newspaper Publication,Zee Entertainment Enterprises Limited has informed the Exchange about Copy of Newspaper Publication
23-Jan-2025 20:41:57,Integrated Filing- Financial,"Integrated Filing (Financials) for the quarter and nine months ended December 31, 2024"
23-Jan-2025 20:19:01,Analysts/Institutional Investor Meet/Con. Call Updates,Zee Entertainment Enterprises Limited has informed the Exchange about Presentation and Link of Recording
23-Jan-2025 15:15:41,General Updates,Zee Entertainment Enterprises Limited has informed the Exchange about Appointment of Ms. Divya Karani as an Additional Director in the category of Independent Director of the Company
23-Jan-2025 15:04:38,Financial Result Updates," Zee Entertainment Enterprises Limited has submitted to the Exchange, the financial results for the period ended December 31, 2024."
23-Jan-2025 14:58:46,Outcome of Board Meeting,"Zee Entertainment Enterprises Limited has informed the Exchange regarding  Board meeting held on January 23, 2025."
20-Jan-2025 18:48:50,Analysts/Institutional Investor Meet/Con. Call Updates,Zee Entertainment Enterprises Limited has informed the Exchange about Schedule of meet
17-Jan-2025 16:25:20,Updates,"Zee Entertainment Enterprises Limited has informed the Exchange regarding Certificate under Regulation 74(5) of Securities and Exchange Board of India (Depositories and Participants) Regulations, 2018"
13-Jan-2025 20:31:21,Updates,Zee Entertainment Enterprises Limited has informed the Exchange regarding 'Change of name of Registrar and Transfer Agent of the Company'.
02-Jan-2025 19:46:59,General Updates,Zee Entertainment Enterprises Limited has informed the Exchange about Disclosure under Regulation 30 of the Securities and Exchange Board of India (Listing Obligations and Disclosure Requirements) Reg
23-Dec-2024 18:53:38,Trading Window,"Zee Entertainment Enterprises Limited has informed the Exchange regarding the Trading Window closure pursuant to SEBI (Prohibition of Insider Trading) Regulations, 2015"
28-Nov-2024 22:00:33,Shareholders meeting,Zee Entertainment Enterprises Limited has informed the Exchange regarding Intimation under Regulation 30 and 44 of the Securities and Exchange Board of India (Listing Obligations and Disclosure Requir
28-Nov-2024 21:24:38,General Updates,"Zee Entertainment Enterprises Limited has informed the Exchange about Disclosure under Regulation 30 of the SEBI (Listing Obligations and Disclosure Requirements) Regulations, 2015   Appointment of an"
26-Nov-2024 19:26:54,General Updates,"Zee Entertainment Enterprises Limited has informed the Exchange about Disclosure under Regulation 30 of the SEBI (Listing Obligations and Disclosure Requirements) Regulations, 2015"
23-Nov-2024 17:58:05,General Updates,"Zee Entertainment Enterprises Limited has informed the Exchange about Disclosure under Regulation 30 of the SEBI (Listing Obligations and Disclosure Requirements) Regulations, 2015   Resignation Lette"
18-Nov-2024 23:53:08,General Updates,"Zee Entertainment Enterprises Limited has informed the Exchange Disclosure under Regulation 30 of the SEBI (Listing Obligations and Disclosure Requirements) Regulations, 2015   Environmental, Social a"
18-Nov-2024 22:00:43,General Updates,"Zee Entertainment Enterprises Limited has informed the Exchange about Disclosure under Regulation 30 of the SEBI (Listing Obligations and Disclosure Requirements) Regulations, 2015   Change in Key Man"
15-Nov-2024 20:54:59,General Updates,"Zee Entertainment Enterprises Limited has informed the Exchange about Disclosure under Regulation 30 of the SEBI (Listing Obligations and Disclosure Requirements)Regulations, 2015   Outcome of the Boa"
14-Nov-2024 19:03:54,Analysts/Institutional Investor Meet/Con. Call Updates,Zee Entertainment Enterprises Limited has informed the Exchange about Schedule of Investor Meet.
14-Nov-2024 16:53:08,Reply to Clarification- Financial results,The Exchange had sought clarification from Zee Entertainment Enterprises Limited for the quarter ended 30-Sep-2024 with respect to Regulation 33 of the SEBI (Listing Obligations and Disclosure Require
06-Nov-2024 11:24:04,Clarification - Financial Results,The Exchange has sought clarification from Zee Entertainment Enterprises Limited for the quarter ended 30-Sep-2024 with respect to Regulation 33 of the SEBI (Listing Obligations and Disclosure Require
05-Nov-2024 18:10:08,Analysts/Institutional Investor Meet/Con. Call Updates,Zee Entertainment Enterprises Limited has informed the Exchange about Schedule of meet
05-Nov-2024 18:01:31,Copy of Newspaper Publication,Zee Entertainment Enterprises Limited has informed the Exchange about Copy of Newspaper Publication
04-Nov-2024 20:47:11,General Updates,Zee Entertainment Enterprises Limited has informed the Exchange about Business Responsibility and Sustainability Report for the financial year 2023-24
04-Nov-2024 20:32:04,Shareholders meeting,"Zee Entertainment Enterprises Limited has informed the Exchange regarding Notice of Annual General Meeting to be held on November 28, 2024"
04-Nov-2024 19:51:26,Investor Presentation,Zee Entertainment Enterprises Limited has informed the Exchange about Investor Presentation
30-Oct-2024 21:21:56,Analysts/Institutional Investor Meet/Con. Call Updates,Zee Entertainment Enterprises Limited has informed the Exchange about Schedule of  Investor meet
24-Oct-2024 16:44:31,Copy of Newspaper Publication,Zee Entertainment Enterprises Limited has informed the Exchange about Copy of Newspaper Publication
24-Oct-2024 16:39:34,Analysts/Institutional Investor Meet/Con. Call Updates,Zee Entertainment Enterprises Limited has informed the Exchange about Transcript
23-Oct-2024 17:08:37,Loss of Share Certificates,Zee Entertainment Enterprises Limited has informed the Exchange about Loss of Share Certificates
21-Oct-2024 19:14:17,Copy of Newspaper Publication,Zee Entertainment Enterprises Limited has informed the Exchange about Copy of Newspaper Publication
18-Oct-2024 20:18:53,Analysts/Institutional Investor Meet/Con. Call Updates,Zee Entertainment Enterprises Limited has informed the Exchange about Presentation and Link of Recording
18-Oct-2024 15:15:33,Record Date,Zee Entertainment Enterprises Limited has informed the Exchange that Record date for the purpose of Dividend  is 08-Nov-2024.
18-Oct-2024 15:11:36,General Updates,Zee Entertainment Enterprises Limited has informed the Exchange about re-appointment of Managing Director & Chief Executive Officer of the Company
18-Oct-2024 14:51:40,Financial Result Updates," Zee Entertainment Enterprises Limited has submitted to the Exchange, the financial results for the period ended September 30, 2024."
18-Oct-2024 14:49:23,Outcome of Board Meeting,"Zee Entertainment Enterprises Limited has informed the Exchange regarding  Board meeting held on October 18, 2024."
16-Oct-2024 18:56:56,Updates,"Zee Entertainment Enterprises Limited has informed the Exchange regarding 'Certificate under Regulation 74(5) of Securities and Exchange Board of India (Depositories and Participants) Regulations, 201"
14-Oct-2024 19:22:52,Analysts/Institutional Investor Meet/Con. Call Updates,"Zee Entertainment Enterprises Limited has informed the Exchange about Schedule of Conference Call for the half year ended September 30, 2024"
09-Oct-2024 21:14:35,Press Release,"Zee Entertainment Enterprises Limited has informed the Exchange regarding a press release dated October 09, 2024, titled ""Independent Investigation Committee submits report to ZEE s Board, finds no ma"
27-Sep-2024 16:06:57,Trading Window,"Zee Entertainment Enterprises Limited has informed the Exchange regarding the Trading Window closure pursuant to SEBI (Prohibition of Insider Trading) Regulations, 2015"
23-Sep-2024 19:35:51,Pendency of Litigation(s)/dispute(s) or the outcome impacting the Company,Zee Entertainment Enterprises Limited has informed the Exchange about Disclosure under Regulation 30 of the Securities and Exchange Board of India (Listing Obligations and Disclosure Requirements) Reg
20-Sep-2024 11:29:57,Analysts/Institutional Investor Meet/Con. Call Updates,Zee Entertainment Enterprises Limited has informed the Exchange about Schedule of Investor Meet
18-Sep-2024 12:03:12,Updates,Zee Entertainment Enterprises Limited has informed the Exchange regarding 'Disclosure under Regulation 30 of the Securities and Exchange Board of India (Listing Obligations and Disclosure Requirements
12-Sep-2024 18:53:48,Updates,Zee Entertainment Enterprises Limited has informed the Exchange regarding 'Disclosure under Regulation 30 of the Securities and Exchange Board of India (Listing Obligations and Disclosure Requirements
10-Sep-2024 16:41:00,Loss of Share Certificates,"Zee Entertainment Enterprises Limited has informed the Exchange about Intimation under regulation 39(3) as SEBI (Listing Obligations and Disclosure Requirements) Regulations, 2015"
05-Sep-2024 16:32:14,Analysts/Institutional Investor Meet/Con. Call Updates,"Zee Entertainment Enterprises Limited has informed the Exchange about Schedule of meet on September 10, 2024 and September 11, 2024"
03-Sep-2024 19:11:10,Extension of Annual General Meeting,Zee Entertainment Enterprises Limited has informed the Exchange about extension of Annual General Meeting
02-Sep-2024 15:58:00,Analysts/Institutional Investor Meet/Con. Call Updates,Zee Entertainment Enterprises Limited has informed the Exchange about Schedule of meet
02-Sep-2024 15:46:52,Press Release,"Zee Entertainment Enterprises Limited has informed the Exchange regarding a press release dated September 02, 2024, titled ""Disclosure under Regulation 30 of the Securities and Exchange Board of India"
02-Sep-2024 15:44:31,Updates,Zee Entertainment Enterprises Limited has informed the Exchange regarding 'Disclosure under Regulation 30 of the Securities and Exchange Board of India (Listing Obligations and Disclosure Requirements
01-Sep-2024 11:03:18,Updates,Zee Entertainment Enterprises Limited has informed the Exchange regarding 'Disclosure under Regulation 30 of the Securities and Exchange Board of India (Listing Obligations and Disclosure Requirements
30-Aug-2024 16:26:21,Updates,Zee Entertainment Enterprises Limited has informed the Exchange regarding 'Disclosure under Regulation 30 of the Securities and Exchange Board of India (Listing Obligations and Disclosure Requirements
30-Aug-2024 14:51:59,Updates,Zee Entertainment Enterprises Limited has informed the Exchange regarding 'Disclosure under Regulation 30 of the Securities and Exchange Board of India (Listing Obligations and Disclosure Requirements
29-Aug-2024 18:10:09,Updates,Zee Entertainment Enterprises Limited has informed the Exchange regarding 'Disclosure under Regulation 30 of the Securities and Exchange Board of India (Listing Obligations and Disclosure Requirements
27-Aug-2024 14:43:53,Updates,Zee Entertainment Enterprises Limited has informed the Exchange regarding 'Disclosure under Regulation 30 of the Securities and Exchange Board of India (Listing Obligations and Disclosure Requirements
27-Aug-2024 14:33:43,Press Release,"Zee Entertainment Enterprises Limited has informed the Exchange regarding a press release dated August 27, 2024, titled ""Disclosure under Regulation 30 of the Securities and Exchange Board of India (L"
27-Aug-2024 14:28:41,Updates,Zee Entertainment Enterprises Limited has informed the Exchange regarding 'Disclosure under Regulation 30 of the Securities and Exchange Board of India (Listing Obligations and Disclosure Requirements
13-Aug-2024 08:45:04,Updates,Zee Entertainment Enterprises Limited has informed the Exchange regarding 'Disclosure under Regulation 30 of the Securities and Exchange Board of India (Listing Obligations and Disclosure Requirements
06-Aug-2024 15:17:53,Loss of Share Certificates,Zee Entertainment Enterprises Limited has informed the Exchange about Loss of Share Certificates
06-Aug-2024 14:37:46,Analysts/Institutional Investor Meet/Con. Call Updates,Zee Entertainment Enterprises Limited has informed the Exchange about Transcript of the conference call
01-Aug-2024 12:32:47,Copy of Newspaper Publication,Zee Entertainment Enterprises Limited has informed the Exchange about Copy of Newspaper Publication
31-Jul-2024 20:33:07,Analysts/Institutional Investor Meet/Con. Call Updates,Zee Entertainment Enterprises Limited has informed the Exchange about Presentation and Link of Recording
31-Jul-2024 13:49:32,Financial Result Updates," Zee Entertainment Enterprises Limited has submitted to the Exchange, the financial results for the period ended June 30, 2024."
31-Jul-2024 13:43:54,Outcome of Board Meeting,"Zee Entertainment Enterprises Limited has informed the Exchange regarding  Board meeting held on July 31, 2024."
30-Jul-2024 19:09:56,Updates,Zee Entertainment Enterprises Limited has informed the Exchange regarding 'Disclosure under Regulation 30 of the Securities and Exchange Board of India (Listing Obligations and Disclosure Requirements
26-Jul-2024 18:53:13,Analysts/Institutional Investor Meet/Con. Call Updates,"Zee Entertainment Enterprises Limited has informed the Exchange about Intimation of Conference Call for the 1st quarter ended June 30, 2024"
23-Jul-2024 17:50:02,Copy of Newspaper Publication,Zee Entertainment Enterprises Limited has informed the Exchange about Copy of Newspaper Publication pertaining to Transfer of Equity Shares of the Company to Investor Education and Protection Fund (IE
17-Jul-2024 00:20:16,Updates,"Zee Entertainment Enterprises Limited has informed the Exchange regarding 'Clarification - Outcome of the Board Meeting held on July 16, 2024'."
16-Jul-2024 22:01:55,Outcome of Board Meeting,"Zee Entertainment Enterprises Limited has informed the Exchange regarding Outcome of Board Meeting held on July 16, 2024."
15-Jul-2024 19:34:34,Loss of Share Certificates,Zee Entertainment Enterprises Limited has informed the Exchange about Loss of Share Certificates
15-Jul-2024 19:30:15,Shareholders meeting,"Zee Entertainment Enterprises Limited has submitted the Exchange a copy Srutinizers report of  Postal Ballot. Further, the company has informed the Exchange regarding voting results."
15-Jul-2024 12:44:45,Updates,"Zee Entertainment Enterprises Limited has informed the Exchange regarding 'Certificate under Regulation 74(5) of Securities and Exchange Board ofIndia (Depositories and Participants) Regulations, 2018"
02-Jul-2024 19:34:19,Updates,Zee Entertainment Enterprises Limited has informed the Exchange regarding 'Disclosure under Regulation 30 of the Securities and Exchange Board of India (ListingObligations and Disclosure Requirements)
28-Jun-2024 14:49:40,Trading Window,"Zee Entertainment Enterprises Limited has informed the Exchange regarding the Trading Window closure pursuant to SEBI (Prohibition of Insider Trading) Regulations, 2015"
25-Jun-2024 19:42:18,Updates,"Zee Entertainment Enterprises Limited has informed the Exchange regarding 'Disclosure under Regulation 30 of SEBI (Listing Obligations and Disclosure Requirements) Regulations, 2015, as amended."
24-Jun-2024 18:18:15,Updates,Zee Entertainment Enterprises Limited has informed the Exchange regarding 'Disclosure under Regulation 30 of the Securities and Exchange Board of India (Listing Obligations and Disclosure Requirements
18-Jun-2024 18:20:26,Appointment,"Zee Entertainment Enterprises Limited has informed the Exchange regarding Appointment of Mr Mukund Galgali as Chief Financial Officer of the company w.e.f. Jun 19, 2024."
18-Jun-2024 18:20:26,Cessation,"Zee Entertainment Enterprises Limited has informed the Exchange regarding Cessation of Mr Rohit Kumar Gupta as Chief Financial Officer of the company w.e.f. Jun 18, 2024."
17-Jun-2024 12:56:38,Copy of Newspaper Publication,Zee Entertainment Enterprises Limited has informed the Exchange about Copy of Newspaper Publication
14-Jun-2024 15:33:22,Shareholders meeting,Zee Entertainment Enterprises Limited has informed the Exchange regarding Notice of Postal Ballot
06-Jun-2024 14:14:31,Outcome of Board Meeting,"Zee Entertainment Enterprises Limited has informed the Exchange regarding Outcome of Board Meeting held on Jun 06, 2024."
04-Jun-2024 21:34:07,Updates,Zee Entertainment Enterprises Limited has informed the Exchange regarding 'Disclosure under Regulation 30 of the Securities and Exchange Board of India (ListingObligations and Disclosure Requirements)
03-Jun-2024 17:37:59,Trading Window,"Zee Entertainment Enterprises Limited has informed the Exchange regarding the Trading Window closure pursuant to SEBI (Prohibition of Insider Trading) Regulations, 2015"
30-May-2024 17:54:06,Updates,"Zee Entertainment Enterprises Limited has informed the Exchange regarding 'Annual Secretarial Compliance Report for the financial year ended March 31, 2024'."
23-May-2024 18:57:43,Updates,"Zee Entertainment Enterprises Limited has informed the Exchange regarding 'Disclosure under Regulation 30 of SEBI (Listing Obligations and DisclosureRequirements) Regulations, 2015, as amended'."
23-May-2024 16:43:46,Analysts/Institutional Investor Meet/Con. Call Updates,Zee Entertainment Enterprises Limited has informed the Exchange about Transcript of the Conference Call
21-May-2024 12:01:12,Copy of Newspaper Publication,Zee Entertainment Enterprises Limited has informed the Exchange about Copy of Newspaper Publication
17-May-2024 20:45:01,Analysts/Institutional Investor Meet/Con. Call Updates,Zee Entertainment Enterprises Limited has informed the Exchange about Link of Recording
17-May-2024 16:45:39,Dividend Updates,Zee Entertainment Enterprises Limited has informed the Exchange about Dividend Updates
17-May-2024 16:35:38,Related Party Transactions,Zee Entertainment Enterprises Limited has informed the Exchange about related Party Transactions
17-May-2024 16:17:47,Financial Result Updates,"Zee Entertainment Enterprises Limited has submitted to the Exchange, the financial results for the period ended March 31, 2024."
17-May-2024 16:10:04,Dividend,"Zee Entertainment Enterprises Limited has informed the Exchange that Board of Directors at its meeting held on May 17, 2024, approved Audited Financials for the year ended on March 31, 2024 and recomm"
14-May-2024 16:10:02,Analysts/Institutional Investor Meet/Con. Call Updates,Zee Entertainment Enterprises Limited has informed the Exchange about Schedule of Conference Call
26-Apr-2024 12:39:12,Disclosure under SEBI Takeover Regulations,Cyquator Media Services Private Limited For and on behalf of Promoter and Promoter Group of the Company has Submitted to the Exchange a copy of Disclosure under Regulation 31(4) of the Securities and 
25-Apr-2024 18:35:18,News Verification,The Exchange has sought clarification from Zee Entertainment Enterprises Limited with respect to recent news item captioned NCLT orders insolvency proceedings against Subhash Chandra.  The response fr
23-Apr-2024 17:33:01,News Verification,The Exchange has sought clarification from Zee Entertainment Enterprises Limited with respect to recent news item captioned NCLT orders insolvency proceedings against Subhash Chandra.  The response fr
19-Apr-2024 16:44:43,Updates,"Zee Entertainment Enterprises Limited has informed the Exchange regarding Certificate under Regulation 74(5) of Securities and Exchange Board of India (Depositories and Participants) Regulations, 2018"
17-Apr-2024 17:02:01,Press Release,"Zee Entertainment Enterprises Limited has informed the Exchange regarding a press release dated April 17, 2024, titled ""ZEE s Board approves new streamlined organization structureproposed by MD & CEO;"
16-Apr-2024 19:43:31,Updates,Zee Entertainment Enterprises Limited has informed the Exchange regarding 'Disclosure under Regulation 30 of the Securities and Exchange Board of India (Listing Obligations and Disclosure Requirements
15-Apr-2024 19:34:01,Press Release,"Zee Entertainment Enterprises Limited has informed the Exchange regarding a press release dated April 15, 2024, titled ""ZEE s MD & CEO inaugurates Breach Candy Hospital s state-ofthe-art Kidney Centre"
05-Apr-2024 17:36:55,Press Release,"Zee Entertainment Enterprises Limited has informed the Exchange regarding a press release dated April 05, 2024, titled ""ZEE s MD & CEO proposes lean organization structure to the Board""."
04-Apr-2024 22:25:19,Updates,Zee Entertainment Enterprises Limited has informed the Exchange regarding 'Disclosure under Regulation 30 of the Securities and Exchange Board of India (Listing Obligations and Disclosure Requirements
02-Apr-2024 18:36:43,Press Release,"Zee Entertainment Enterprises Limited has informed the Exchange regarding a press release dated April 02, 2024, titled ""ZEE s MD & CEO takes a decision to implement a voluntary 20%reduction in his per"
01-Apr-2024 09:50:59,Press Release,"Zee Entertainment Enterprises Limited has informed the Exchange regarding a press release dated March 30, 2024, titled ""ZEE s MD & CEO prunes the Company sTechnology & Innovation Centre by ~50% to ach"
28-Mar-2024 17:21:19,Trading Window,"Zee Entertainment Enterprises Limited has informed the Exchange regarding the Trading Window closure pursuant to SEBI (Prohibition of Insider Trading) Regulations, 2015"
26-Mar-2024 15:04:08,Press Release,"Zee Entertainment Enterprises Limited has informed the Exchange regarding a press release dated March 26, 2024, titled ""ZEE Entertainment s Board institutes Monthly ManagementMentorship (3M) Program""."
15-Mar-2024 20:34:02,Press Release,"Zee Entertainment Enterprises Limited has informed the Exchange regarding a press release dated March 15, 2024, titled ""ZEE s MD & CEO streamlines the Company s Technology and Data vertical""."
15-Mar-2024 20:29:05,Updates,Zee Entertainment Enterprises Limited has informed the Exchange regarding 'Disclosure under Regulation 30 of the Securities and Exchange Board of India (ListingObligations and Disclosure Requirements)
15-Mar-2024 20:10:00,Shareholders meeting,"Zee Entertainment Enterprises Limited has submitted the Exchange a copy Srutinizers report of  Postal Ballot. Further, the company has informed the Exchange regarding voting results."
15-Mar-2024 12:59:50,Updates,Zee Entertainment Enterprises Limited has informed the Exchange regarding 'Disclosure under Regulation 30 of the Securities and Exchange Board of India (ListingObligations and Disclosure Requirements)
10-Mar-2024 18:31:32,Updates,Zee Entertainment Enterprises Limited has informed the Exchange regarding 'Disclosure under Regulation 30 of the Securities and Exchange Board of India (Listing Obligations and Disclosure Requirements
01-Mar-2024 23:33:58,Analysts/Institutional Investor Meet/Con. Call Updates,Zee Entertainment Enterprises Limited has informed the Exchange about Schedule of Investor Conference Call
28-Feb-2024 20:30:29,Analysts/Institutional Investor Meet/Con. Call Updates,Zee Entertainment Enterprises Limited has informed the Exchange about Schedule of Investor meet
27-Feb-2024 21:04:44,Updates,Zee Entertainment Enterprises Limited has informed the Exchange regarding 'Disclosure under Regulation 30 of the Securities and Exchange Board of India(Listing Obligations and Disclosure Requirements)
23-Feb-2024 16:58:57,Updates,Zee Entertainment Enterprises Limited has informed the Exchange regarding 'Disclosure under Regulation 30 of the Securities and Exchange Board of India (Listing Obligations and Disclosure Requirements
20-Feb-2024 15:22:12,Analysts/Institutional Investor Meet/Con. Call Updates,Zee Entertainment Enterprises Limited has informed the Exchange about Transcript
14-Feb-2024 15:18:59,Copy of Newspaper Publication,Zee Entertainment Enterprises Limited has informed the Exchange about Copy of Newspaper Publication
14-Feb-2024 15:17:58,Copy of Newspaper Publication,Zee Entertainment Enterprises Limited has informed the Exchange about Copy of Newspaper Publication
13-Feb-2024 20:55:55,Analysts/Institutional Investor Meet/Con. Call Updates,Zee Entertainment Enterprises Limited has informed the Exchange about Presentation
13-Feb-2024 18:11:45,Outcome of Board Meeting,"Zee Entertainment Enterprises Limited has informed the Exchange regarding  Board meeting held on February 13, 2024."
13-Feb-2024 18:09:49,Financial Result Updates,"Zee Entertainment Enterprises Limited has submitted to the Exchange, the financial results for the period ended December 31, 2023."
13-Feb-2024 18:01:18,Outcome of Board Meeting,"Zee Entertainment Enterprises Limited has informed the Exchange regarding Outcome of Board Meeting held on February 13, 2024."
13-Feb-2024 13:42:08,Shareholders meeting,Zee Entertainment Enterprises Limited has informed the Exchange regarding Notice of Postal Ballot
08-Feb-2024 19:00:00,Analysts/Institutional Investor Meet/Con. Call Updates,Zee Entertainment Enterprises Limited has informed the Exchange about Schedule of meet
04-Feb-2024 14:17:47,Updates,Zee Entertainment Enterprises Limited has informed the Exchange regarding 'Disclosure under Regulation 30 of Securities and Exchange Board of India (Listing Obligations and Disclosure Requirements) Re
30-Jan-2024 15:58:33,News Verification,The Exchange has sought clarification from Zee Entertainment Enterprises Limited with respect to recent news item captioned Subhash Chandra s statements on ZEEL stake hike under Sebi scrutiny.  The re
29-Jan-2024 17:46:30,News Verification,The Exchange has sought clarification from Zee Entertainment Enterprises Limited with respect to recent news item captioned Disney Star mulls legal action against ZEEL for backing out from $1.4 billio
24-Jan-2024 17:10:03,Updates,Zee Entertainment Enterprises Limited has informed the Exchange regarding 'Disclosure under Regulation 30 of the Securities and Exchange Board of India (Listing Obligations and Disclosure Requirements
22-Jan-2024 12:25:17,Updates,Zee Entertainment Enterprises Limited has informed the Exchange regarding 'Disclosure under Regulation 30 of Securities and Exchange Board of India (Listing Obligations and Disclosure Requirements) Re
19-Jan-2024 21:16:52,News Verification,The Exchange has sought clarification from Zee Entertainment Enterprises Limited with respect to recent news item captioned Sony Board to take call on $10 billion merger with Zee Entertainment today. 
19-Jan-2024 16:23:22,News Verification,The Exchange has sought clarification from Zee Entertainment Enterprises Limited with respect to recent news item captioned Sony Board to take call on $10 billion merger with Zee Entertainment today. 
11-Jan-2024 17:05:18,Updates,".Certificate under Regulation 74(5) of Securities and Exchange Board of India (Depositories and Participants) Regulations, 2018 for the quarter ended December 31, 2023"
09-Jan-2024 14:41:03,News Verification,The Exchange has sought clarification from Zee Entertainment Enterprises Limited with respect to recent news item captioned Sony on the brink of terminating $10 billion merger with Zee: The inside sto
09-Jan-2024 11:21:20,News Verification,The Exchange has sought clarification from Zee Entertainment Enterprises Limited with respect to recent news item captioned Sony on the brink of terminating $10 billion merger with Zee: The inside sto
29-Dec-2023 19:09:37,Trading Window,"Zee Entertainment Enterprises Limited has informed the Exchange regarding the Trading Window closure pursuant to SEBI (Prohibition of Insider Trading) Regulations, 2015"
20-Dec-2023 19:00:36,Updates,Zee Entertainment Enterprises Limited has informed the Exchange regarding 'Disclosure under Regulation 30 of the Securities and Exchange Board of India (Listing Obligations and Disclosure Requirements
17-Dec-2023 18:52:22,Updates,Zee Entertainment Enterprises Limited has informed the Exchange regarding 'Disclosure under Regulation 30 of the Securities and Exchange Board of India (Listing Obligations and Disclosure Requirements
16-Dec-2023 21:47:20,Appointment,"Zee Entertainment Enterprises Limited has informed the Exchange regarding Appointment of Mr Venkata Ramana Murthy Pinisetti as Independent Director of the company w.e.f. December 17, 2023."
16-Dec-2023 21:47:20,Appointment,"Zee Entertainment Enterprises Limited has informed the Exchange regarding Appointment of Mr Shishir Babubhai Desai as Independent Director of the company w.e.f. December 17, 2023."
16-Dec-2023 21:47:20,Appointment,"Zee Entertainment Enterprises Limited has informed the Exchange regarding Appointment of Mr Uttam Prakash Agarwal as Independent Director of the company w.e.f. December 17, 2023."
16-Dec-2023 21:13:41,Shareholders meeting,Zee Entertainment Enterprises Limited has informed the Exchange about Shareholders meeting
14-Dec-2023 11:49:38,Cessation,"Zee Entertainment Enterprises Limited has informed the Exchange regarding Cessation of Mr Adesh Kumar Gupta as Non- Executive Director of the company w.e.f. December 16, 2023."
30-Nov-2023 15:06:55,Loss of Share Certificates,Zee Entertainment Enterprises Limited has informed the Exchange about Loss of Share Certificates
30-Nov-2023 09:55:36,News Verification,The Exchange has sought clarification from Zee Entertainment Enterprises Limited with respect to recent news item captioned Sony-Zee Merger Risks Collapse Over Eleventh-Hour CEO Drama: Report.  The re
29-Nov-2023 16:58:54,Loss of Share Certificates,Zee Entertainment Enterprises Limited has informed the Exchange about Loss of Share Certificates
29-Nov-2023 15:06:03,News Verification,The Exchange has sought clarification from Zee Entertainment Enterprises Limited with respect to recent news item captioned Sony-Zee Merger Risks Collapse Over Eleventh-Hour CEO Drama: Report.  The re
27-Nov-2023 16:18:39,Copy of Newspaper Publication,Zee Entertainment Enterprises Limited has informed the Exchange about Copy of Newspaper Publication
24-Nov-2023 19:03:51,Updates,Zee Entertainment Enterprises Limited has informed the Exchange regarding 'Business Responsibility and Sustainability Report for the financial year 2022-23'.
24-Nov-2023 18:27:45,Shareholders meeting,"Zee Entertainment Enterprises Limited has informed the Exchange regarding Notice of Annual General Meeting to be held on December 16, 2023"
17-Nov-2023 20:15:46,Analysts/Institutional Investor Meet/Con. Call Updates,Zee Entertainment Enterprises Limited has informed the Exchange about Transcript
10-Nov-2023 13:50:23,Copy of Newspaper Publication,Zee Entertainment Enterprises Limited has informed the Exchange about Copy of Newspaper Publication
09-Nov-2023 22:19:00,Analysts/Institutional Investor Meet/Con. Call Updates,Zee Entertainment Enterprises Limited has informed the Exchange about Link of Recording
09-Nov-2023 18:50:33,Updates,Zee Entertainment Enterprises Limited has informed the Exchange regarding 'Disclosure under Regulation 30 of the Securities and Exchange Board of India (Listing Obligations and Disclosure Requirements
09-Nov-2023 18:45:06,Updates,Zee Entertainment Enterprises Limited has informed the Exchange regarding 'Re-Appointment of Directors'.
09-Nov-2023 18:31:06,Related Party Transactions,Zee Entertainment Enterprises Limited has informed the Exchange about related Party Transactions
09-Nov-2023 18:22:40,Financial Result Updates,"Zee Entertainment Enterprises Limited has submitted to the Exchange, the financial results for the period ended September 30, 2023."
09-Nov-2023 18:17:48,Outcome of Board Meeting,"Zee Entertainment Enterprises Limited has informed the Exchange regarding  Board meeting held on November 09, 2023."
06-Nov-2023 20:20:45,Analysts/Institutional Investor Meet/Con. Call Updates,Zee Entertainment Enterprises Limited has informed the Exchange about Schedule of meet
06-Nov-2023 17:56:00,Loss of Share Certificates,Zee Entertainment Enterprises Limited has informed the Exchange about Loss of Share Certificates
30-Oct-2023 20:36:27,Updates,Zee Entertainment Enterprises Limited has informed the Exchange regarding 'Disclosure under Regulation 30 of the Securities and Exchange Board of India (Listing Obligations and Disclosure Requirements
19-Oct-2023 16:33:23,Updates,"Zee Entertainment Enterprises Limited has informed the Exchange regarding ''.Certificate under Regulation 74(5) of Securities and Exchange Board India (Depositories and Participants) Regulations, 2018"
12-Oct-2023 19:17:53,Appointment,"Zee Entertainment Enterprises Limited has informed the Exchange regarding Appointment of Ms Deepu Bansal as Independent Director of the company w.e.f. October 13, 2023."
10-Oct-2023 20:56:35,Updates,Zee Entertainment Enterprises Limited has informed the Exchange regarding 'Disclosure under Regulation 30 of the Securities and Exchange Board of India (Listing Obligations and Disclosure Requirements
29-Sep-2023 19:33:08,Updates,Zee Entertainment Enterprises Limited has informed the Exchange regarding 'Disclosure under Regulation 30 of the Securities and Exchange Board of India (Listing Obligations and Disclosure Requirements
29-Sep-2023 19:24:08,Trading Window,"Zee Entertainment Enterprises Limited has informed the Exchange regarding the Trading Window closure pursuant to SEBI (Prohibition of Insider Trading) Regulations, 2015"
14-Sep-2023 13:17:10,Updates,Zee Entertainment Enterprises Limited has informed the Exchange regarding 'Disclosure under Regulation 30 of the Securities and Exchange Board of India (Listing Obligations and Disclosure Requirements
05-Sep-2023 20:04:55,Analysts/Institutional Investor Meet/Con. Call Updates,Zee Entertainment Enterprises Limited has informed the Exchange about Schedule of meet
05-Sep-2023 15:22:30,Updates,Zee Entertainment Enterprises Limited has informed the Exchange regarding 'Disclosure under Regulation 30 of the Securities and Exchange Board of India (Listing Obligations and Disclosure Requirements
01-Sep-2023 20:02:36,Extension of Annual General Meeting,Zee Entertainment Enterprises Limited has informed the Exchange about extension of Annual General Meeting
22-Aug-2023 19:58:11,Updates,Zee Entertainment Enterprises Limited has informed the Exchange regarding 'Disclosure under Regulation 30 of the Securities and Exchange Board of India (Listing Obligations and Disclosure Requirements
17-Aug-2023 12:47:22,Analysts/Institutional Investor Meet/Con. Call Updates,Zee Entertainment Enterprises Limited has informed the Exchange about Transcript
14-Aug-2023 22:46:55,Updates,Zee Entertainment Enterprises Limited has informed the Exchange regarding 'Disclosure under Regulation 30 of the Securities and Exchange Board of India (Listing Obligations and Disclosure Requirements
10-Aug-2023 18:11:03,Scheme of Arrangement,Zee Entertainment Enterprises Limited has informed the Exchange about Scheme of Arrangement
10-Aug-2023 17:33:57,Diversification/Disinvestment,Zee Entertainment Enterprises Limited has informed the Exchange about Diversification/Disinvestment
10-Aug-2023 14:52:59,Copy of Newspaper Publication,Zee Entertainment Enterprises Limited has informed the Exchange about Copy of Newspaper Publication
09-Aug-2023 19:48:53,Analysts/Institutional Investor Meet/Con. Call Updates,Zee Entertainment Enterprises Limited has informed the Exchange about Presentation and Link of Recording
09-Aug-2023 17:39:25,Outcome of Board Meeting,"Zee Entertainment Enterprises Limited has informed the Exchange regarding  Board meeting held on August 09, 2023."
09-Aug-2023 17:36:46,Financial Result Updates,"Zee Entertainment Enterprises Limited has submitted to the Exchange, the financial results for the period ended June 30, 2023."
07-Aug-2023 15:19:01,Loss of Share Certificates,Zee Entertainment Enterprises Limited has informed the Exchange about Loss of Share Certificates
04-Aug-2023 18:46:49,Analysts/Institutional Investor Meet/Con. Call Updates,Zee Entertainment Enterprises Limited has informed the Exchange about Schedule of meet
01-Aug-2023 16:22:07,Updates,Zee Entertainment Enterprises Limited has informed the Exchange regarding 'Disclosure under Regulation 30 of the Securities and Exchange Board of India (Listing Obligations and Disclosure Requirements
31-Jul-2023 16:49:14,Copy of Newspaper Publication,Zee Entertainment Enterprises Limited has informed the Exchange about Copy of Newspaper Publication pertaining to transfer of Equity Shares of the Company to Investor Education and Protection Fund (IE
13-Jul-2023 21:59:32,Change in Director(s),Zee Entertainment Enterprises Limited has informed the Exchange regarding Change in Director(s) of the company.
13-Jul-2023 21:53:51,Shareholders meeting,"Zee Entertainment Enterprises Limited has submitted the Exchange a copy Srutinizers report of  Postal Ballot. Further, the company has informed the Exchange regarding voting results."
12-Jul-2023 18:12:24,Updates,"Zee Entertainment Enterprises Limited has informed the Exchange regarding 'Certificate under Regulation 74(5) of Securities and Exchange Board India    (Depositories and Participants) Regulations, 201"
10-Jul-2023 22:18:55,Updates,Zee Entertainment Enterprises Limited has informed the Exchange regarding 'Disclosure under Regulation 30 of the Securities and Exchange Board of India(Listing Obligations and Disclosure Requirements)
07-Jul-2023 15:53:45,Disclosure under SEBI Takeover Regulations,Cyquator Media Services Private Ltd��has Submitted to the Exchange a copy of Disclosure under Regulation 31(4) of the Securities and Exchange Board of India��(Substantial Acquisition of Shares and Tak
05-Jul-2023 18:43:36,Loss of Share Certificates,Zee Entertainment Enterprises Limited has informed the Exchange about Loss of Share Certificates
05-Jul-2023 17:24:25,Updates,Zee Entertainment Enterprises Limited has informed the Exchange regarding 'Disclosure under Regulation 30 of the Securities and Exchange Board of India (Listing Obligations and Disclosure Requirements
03-Jul-2023 15:33:33,Loss of Share Certificates,Zee Entertainment Enterprises Limited has informed the Exchange about Loss of Share Certificates
30-Jun-2023 14:40:28,Trading Window,"Zee Entertainment Enterprises Limited has informed the Exchange regarding the Trading Window closure pursuant to SEBI (Prohibition of Insider Trading) Regulations, 2015"
28-Jun-2023 17:10:59,Loss of Share Certificates,Zee Entertainment Enterprises Limited has informed the Exchange about Loss of Share Certificates
14-Jun-2023 12:49:30,Loss of Share Certificates,Zee Entertainment Enterprises Limited has informed the Exchange about Loss of Share Certificates
13-Jun-2023 11:36:50,Copy of Newspaper Publication,Zee Entertainment Enterprises Limited has informed the Exchange about Copy of Newspaper Publication
13-Jun-2023 10:38:26,Reply to Clarification- Financial results,The Exchange had sought clarification from Zee Entertainment Enterprises Limited for the quarter ended 31-Mar-2023 with respect to Regulation 33 of the SEBI (Listing Obligations and Disclosure Require
13-Jun-2023 01:30:07,Updates,Zee Entertainment Enterprises Limited has informed the Exchange regarding 'Intimation under Regulation 30 of the Securities & Exchange Board of India (Listing Obligations & Disclosure Requirements) Re
12-Jun-2023 16:21:07,Updates,Zee Entertainment Enterprises Limited has informed the Exchange regarding 'Postal Ballot'.
08-Jun-2023 14:15:25,Clarification - Financial Results,The Exchange has sought clarification from Zee Entertainment Enterprises Limited for the quarter ended 31-Mar-2023 with respect to Regulation 33 of the SEBI (Listing Obligations and Disclosure Require
01-Jun-2023 13:36:31,Analysts/Institutional Investor Meet/Con. Call Updates,Zee Entertainment Enterprises Limited has informed the Exchange about Transcript
30-May-2023 17:25:44,Annual Secretarial Compliance Report,"Annual Secretarial Compliance Report for the financial year ended March 31, 2023"
26-May-2023 15:04:16,Copy of Newspaper Publication,Zee Entertainment Enterprises Limited has informed the Exchange about Copy of Newspaper Publication
25-May-2023 20:28:06,Updates,"Zee Entertainment Enterprises Limited has informed the Exchange regarding 'Outcome of Board Meeting held on May 25, 2023'."
25-May-2023 20:10:54,Analysts/Institutional Investor Meet/Con. Call Updates,Zee Entertainment Enterprises Limited has informed the Exchange about Presentation and Link of Recording
25-May-2023 16:56:57,Related Party Transactions,Zee Entertainment Enterprises Limited has informed the Exchange about related Party Transactions
25-May-2023 16:54:55,Outcome of Board Meeting,"Zee Entertainment Enterprises Limited has informed the Exchange regarding  Board meeting held on May 25, 2023."
25-May-2023 16:49:48,Financial Result Updates,"Zee Entertainment Enterprises Limited has submitted to the Exchange, the financial results for the period ended March 31, 2023."
23-May-2023 18:01:14,Analysts/Institutional Investor Meet/Con. Call Updates,Zee Entertainment Enterprises Limited has informed the Exchange about Schedule of meet
19-May-2023 18:27:02,Updates,Zee Entertainment Enterprises Limited has informed the Exchange regarding 'Disclosure under Regulation 30 of the Securities and Exchange Board of India (Listing Obligations and Disclosure Requirements
03-May-2023 13:20:06,Loss of Share Certificates,Zee Entertainment Enterprises Limited has informed the Exchange about Loss of Share Certificates
20-Apr-2023 20:33:41,Updates,"Zee Entertainment Enterprises Limited has informed the Exchange regarding 'Regulation 30(6) of the SEBI (Listing Obligations and Disclosure Requirements) Regulations, 2015'."
17-Apr-2023 16:15:21,Updates,"Zee Entertainment Enterprises Limited has informed the Exchange regarding 'Certificate under Regulation 74(5) of Securities and Exchange Board India(Depositories and Participants) Regulations, 2018 fo"
07-Apr-2023 19:22:04,Updates,Zee Entertainment Enterprises Limited has informed the Exchange regarding 'Disclosure under Regulation 30 of the Securities and Exchange Board of India (Listing Obligations and Disclosure Requirements
31-Mar-2023 15:04:07,Trading Window,"Zee Entertainment Enterprises Limited has informed the Exchange regarding the Trading Window closure pursuant to SEBI (Prohibition of Insider Trading) Regulations, 2015"
30-Mar-2023 17:33:49,Updates,Zee Entertainment Enterprises Limited has informed the Exchange regarding 'Disclosure under Regulation 30 of the Securities and Exchange Board of India (Listing Obligations and Disclosure Requirements
29-Mar-2023 13:21:09,Updates,Zee Entertainment Enterprises Limited has informed the Exchange regarding 'Disclosure under Regulation 30 of the Securities and Exchange Board of India (Listing Obligations and Disclosure Requirements
28-Mar-2023 15:32:49,Updates,"Zee Entertainment Enterprises Limited has informed the Exchange regarding 'Regulation 30(6) of the SEBI (Listing Obligations and Disclosure Requirements) Regulations, 2015 - Clarification'."
23-Mar-2023 21:17:50,Resignation of Independent director,ZEE ENTERTAINMENT ENTERPRISES LIMITED has informed the Exchange about Resignation of Independent director.
23-Mar-2023 21:15:16,Cessation,"Zee Entertainment Enterprises Limited has informed the Exchange regarding Cessation of Mr Piyush Pandey as Non- Executive Independent Director of the company w.e.f. March 23, 2023."
17-Mar-2023 12:30:00,News Verification,The Exchange has sought clarification from Zee Entertainment Enterprises Limited with respect to recent news item captioned Zee Entertainment set to repay IndusInd $10 million to wrap Sony deal.  The 
16-Mar-2023 16:54:43,Updates,Zee Entertainment Enterprises Limited has informed the Exchange regarding 'Disclosure under Regulation 30 of the Securities and Exchange Board of India (Listing Obligations and Disclosure Requirements
16-Mar-2023 15:32:00,News Verification,The Exchange has sought clarification from Zee Entertainment Enterprises Limited with respect to recent news item captioned Zee Entertainment set to repay IndusInd $10 million to wrap Sony deal.  The 
06-Mar-2023 19:26:15,Updates,Zee Entertainment Enterprises Limited has informed the Exchange regarding 'Disclosure under Regulation 30 of the Securities and Exchange Board of India (Listing Obligations and Disclosure Requirements
24-Feb-2023 19:06:50,Updates,Zee Entertainment Enterprises Limited has informed the Exchange regarding 'Disclosure under Regulation 30 of the Securities and Exchange Board of India (ListingObligations and Disclosure Requirements)
24-Feb-2023 14:56:16,Updates,Zee Entertainment Enterprises Limited has informed the Exchange regarding 'Disclosure under Regulation 30 of the Securities and Exchange Board of India (Listing Obligations and Disclosure Requirements
23-Feb-2023 15:36:00,Updates,Zee Entertainment Enterprises Limited has informed the Exchange regarding 'Disclosure under Regulation 30 of the Securities and Exchange Board of India (ListingObligations and Disclosure Requirements)
22-Feb-2023 21:27:13,Updates,Zee Entertainment Enterprises Limited has informed the Exchange regarding 'Disclosure under Regulation 30 of the Securities and Exchange Board of India (Listing Obligations and Disclosure Requirements
20-Feb-2023 15:23:39,Analysts/Institutional Investor Meet/Con. Call Updates,Zee Entertainment Enterprises Limited has informed the Exchange about Schedule of meet
17-Feb-2023 16:48:49,Analysts/Institutional Investor Meet/Con. Call Updates,Zee Entertainment Enterprises Limited has informed the Exchange about Transcript
14-Feb-2023 13:03:07,Copy of Newspaper Publication,"Zee Entertainment Enterprises Limited has informed the Exchange about Copy of Newspaper Publication with respect to Unaudited Financial Results for the quarter and nine month ended December 31, 2022"
14-Feb-2023 12:59:46,Analysts/Institutional Investor Meet/Con. Call Updates,Zee Entertainment Enterprises Limited has informed the Exchange about Schedule of meet
13-Feb-2023 19:51:11,Analysts/Institutional Investor Meet/Con. Call Updates,Zee Entertainment Enterprises Limited has informed the Exchange about Presentation and Link of Recording
13-Feb-2023 17:49:40,Outcome of Board Meeting,"Zee Entertainment Enterprises Limited has informed the Exchange regarding  Board meeting held on February 13, 2023."
13-Feb-2023 17:43:17,Financial Result Updates,"Zee Entertainment Enterprises Limited has submitted to the Exchange, the financial results for the period ended December 31, 2022."
08-Feb-2023 15:33:47,Analysts/Institutional Investor Meet/Con. Call Updates,Zee Entertainment Enterprises Limited has informed the Exchange about Schedule of meet
13-Jan-2023 16:48:37,Updates,"Zee Entertainment Enterprises Limited has informed the Exchange regarding 'Certificate under Regulation 74(5) of Securities and Exchange BoardofIndia (Depositories and Participants) Regulations, 2018 "
02-Jan-2023 19:20:12,Updates,Zee Entertainment Enterprises Limited has informed the Exchange regarding 'Disclosure under Regulation 30 of the Securities and Exchange Board of India (Listing Obligations and Disclosure Requirements
30-Dec-2022 15:38:05,Copy of Newspaper Publication,Zee Entertainment Enterprises Limited has informed the Exchange about Copy of Newspaper Publication with respect to notice of hearing of Company Scheme Petition C.P.(CAA)/209/MB/2022
30-Dec-2022 15:35:32,Trading Window,"Zee Entertainment Enterprises Limited has informed the Exchange regarding the Trading Window closure pursuant to SEBI (Prohibition of Insider Trading) Regulations, 2015"
14-Dec-2022 21:23:07,Communication to shareholders as per Reg 30,"Zee Entertainment Enterprises Limited has informed the Exchange about communication to shareholders as per Regulation 30 of SEBI (Listing Obligations and Disclosure Requirements) Regulations, 2015"
24-Nov-2022 18:57:00,Related Party Transaction,Zee Entertainment Enterprises Limited has informed the Exchange about related party transaction for the period ended September 2022
23-Nov-2022 15:51:03,Communication to shareholders as per Reg 30,"Zee Entertainment Enterprises Limited has informed the Exchange about communication to shareholders as per Regulation 30 of SEBI (Listing Obligations and Disclosure Requirements) Regulations, 2015"
18-Nov-2022 17:55:54,Loss of share certificate,"Zee Entertainment Enterprises Limited has informed the Exchange about intimation under regulation 39(3) as SEBI (Listing Obligations and Disclosure Requirements) Regulations, 2015"
17-Nov-2022 12:32:15,Transcript of Analysts/Institutional Investor Meet/Con. Call,"Zee Entertainment Enterprises Limited has informed the Exchange about Transcript of Investor Call held on November 11, 2022, with Investors, to discuss the Company's performance for the Quarter ended "
16-Nov-2022 17:49:51,Newspaper Advertisements,"Zee Entertainment Enterprises Limited has informed the Exchange about Newspaper Advertisements published on November 12, 2022 in Business Standard and Navshakti with respect to Unaudited Financial Res"
14-Nov-2022 17:40:03,Schedule of Analysts/Institutional Investor Meet/Con. Call,Zee Entertainment Enterprises Limited has informed the Exchange about Schedule of Analysts/Institutional Investor Meet.
11-Nov-2022 21:17:54,Recording of Analysts/Institutional Investor Meet/Con. Call,Zee Entertainment Enterprises Limited has informed the Exchange about Recording of Analysts/Institutional Investor Meet/Con. Call
11-Nov-2022 17:30:57,Outcome of Board Meeting,Zee Entertainment Enterprises Limited  has informed the Exchange about Board Meeting held on 11-Nov-2022 to consider  financial results for the quarter and half year ended September 2022
09-Nov-2022 15:32:15,Schedule of Analysts/Institutional Investor Meet/Con. Call,Conference call ��� Q2 of FY 2023 Financial Results
03-Nov-2022 16:55:45,Loss of share certificate,"Intimation under regulation 39(3) as SEBI (Listing Obligations and Disclosure Requirements) Regulations, 2015"
17-Oct-2022 22:18:21,General updates,"Zee Entertainment Enterprises Limited has informed the Exchange about Certificate under Regulation 74(5) of Securities and Exchange Board ofIndia (Depositories and Participants) Regulations, 2018 for "
17-Oct-2022 22:16:45,General updates,"Zee Entertainment Enterprises Limited has informed the Exchange about Reconciliation of Share Capital Audit Report for the quarter ended September 30, 2022"
16-Oct-2022 13:03:51,NCLT/ Court Convened Meeting,Zee Entertainment Enterprises Limited has informed the Exchange about Scrutinizer report of NCLT/ Court Convened Meeting held on 14-Oct-2022
14-Oct-2022 20:17:45,Press Release,Zee Entertainment Enterprises Limited has informed the Exchange about press release dated 14-Oct-2022 titled ZEE Entertainment's equity shareholders approve proposed merger with Sony Pictures Networks
14-Oct-2022 20:12:48,NCLT/ Court Convened Meeting,"Zee Entertainment Enterprises Limited has informed the Exchange about Voting results, Scrutinizer report and Proceedings of NCLT/ Court Convened Meeting held on 14-Oct-2022"
04-Oct-2022 20:56:09,General updates,Zee Entertainment Enterprises Limited has informed the Exchange about Intimation of approval of Competition Commission of India to the amalgamation of Zee Entertainment Enterprises Limited and Bangla 
30-Sep-2022 20:30:09,Annual General Meeting,"Zee Entertainment Enterprises Limited has informed the Exchange about Voting results,  Scrutinizer report and  Proceedings of Annual General Meeting held on 30-Sep-2022"
29-Sep-2022 16:53:18,Closure of trading window,"Zee Entertainment Enterprises Limited has informed the Exchange about Closure of trading window for the Designated Persons of the Company from October 1, 2022, and the same shall remain closed till 48"
22-Sep-2022 17:38:00,Schedule of Analysts/Institutional Investor Meet/Con. Call,Zee Entertainment Enterprises Limited has informed the Exchange about Schedule of Analysts/Institutional Investor Meet/Con. Call 
19-Sep-2022 12:15:21,Schedule of Analysts/Institutional Investor Meet/Con. Call,Zee Entertainment Enterprises Limited has informed the Exchange about Schedule of Analysts/Institutional Investor Meet/Con. Call 
13-Sep-2022 13:33:50,Schedule of Analysts/Institutional Investor Meet/Con. Call,Zee Entertainment Enterprises Limited has informed the Exchange about Schedule of Analysts/Institutional Investor Meet/Con. Call 
13-Sep-2022 13:32:10,Newspaper Advertisements,"Zee Entertainment Enterprises Limited has informed the Exchange about Newspaper Advertisements of Notice of the Hon'bleNational Company Law Tribunal, Mumbai Bench ('NCLT') convened meeting of the equi"
09-Sep-2022 13:35:24,NCLT/ Court Convened Meeting,Zee Entertainment Enterprises Limited has informed the Exchange about Notice of NCLT/ Court Convened Meeting to be held on 14-Oct-2022 to consider and approve the Composite Scheme of Arrangement among
08-Sep-2022 16:09:27,Newspaper Advertisements," Submission of newspaper advertisement under Regulation 30 read with Regulation 47 of the SEBI (Listing Obligations and Disclosure Requirements) Regulations, 2015"
07-Sep-2022 17:01:12,Awarding orders/contract,"Disclosure under Regulation 30 of the Securities and Exchange Board of India (Listing Obligations and Disclosure Requirements) Regulations, 2015 - Order dated August 24, 2022 passed by the Hon'ble Nat"
05-Sep-2022 15:36:09,Schedule of Analysts/Institutional Investor Meet/Con. Call,"Zee Entertainment Enterprises Limited has informed the Exchange about Schedule of Analysts/Institutional Investor Meet/Con. Call on September 06, 2022 and September 07, 2022."
05-Sep-2022 12:29:33,Schedule of Analysts/Institutional Investor Meet/Con. Call,"Zee Entertainment Enterprises Limited has informed the Exchange about Schedule of Analysts/Institutional Investor Meet/Con. Call on September 6, 2022 and September 7, 2022 ."
30-Aug-2022 17:10:30,Newspaper Advertisements,Zee Entertainment Enterprises Limited has informed the Exchange about Newspaper Advertisements pertaining to 40th Annual General Meeting of the Company to be held through video conferencing/other audi
30-Aug-2022 16:58:15,Press Release,Zee Entertainment Enterprises Limited has informed the Exchange about press release dated 30-Aug-2022 titled ZEE	Entertainment and Disney Star sign	strategic licensing agreement for exclusive TV right
22-Aug-2022 18:01:30,Schedule of Analysts/Institutional Investor Meet/Con. Call,Zee Entertainment Enterprises Limited has informed the Exchange about Schedule of Analysts/Institutional Investor Meet/Con. Call 
18-Aug-2022 17:27:51,Transcript of Analysts/Institutional Investor Meet/Con. Call,"Zee Entertainment Enterprises Limited has informed the Exchange about Transcript of of the Conference Call with Investors, to discuss the Company's performance for the Quarter ended June 30, 2022"
16-Aug-2022 13:40:33,Newspaper Advertisements,"Zee Entertainment Enterprises Limited has informed the Exchange about Newspaper Advertisements published on August 13, 2022 in Business Standard and  Navshakti with respect to Unaudited Financial Resu"
12-Aug-2022 20:55:55,Recording of Analysts/Institutional Investor Meet/Con. Call,Zee Entertainment Enterprises Limited has informed the Exchange about Recording of Analysts/Institutional Investor Meet/Con. Call
12-Aug-2022 17:33:36,Re-appointment,Zee Entertainment Enterprises Limited  has informed the Exchange about re-appointment of Mr. R Gopalan  as Independent Director of the company for a second term of three years effective from November 
12-Aug-2022 17:26:12,Appointment,Zee Entertainment Enterprises Limited  has informed the Exchange about appointment of M/s Walker Chandiok & Co LLP as Statutory Auditor of the company 
12-Aug-2022 17:17:48,General updates,"Zee Entertainment Enterprises Limited has informed the Exchange  that the 40th Annual General Meeting of the Company will be held on Friday, September 30, 2022, through Video Conferencing/Other Audio-"
12-Aug-2022 17:12:15,Record Date,Zee Entertainment Enterprises Limited has informed the Exchange that Record date for the purpose of Dividend  is 16-Sep-2022.
12-Aug-2022 16:56:45,Outcome of Board Meeting,Zee Entertainment Enterprises Limited  has informed the Exchange about Board Meeting held on 12-Aug-2022 to consider financial statements for the period ended June 2022
10-Aug-2022 19:41:03,Schedule of Analysts/Institutional Investor Meet/Con. Call,"Zee Entertainment Enterprises Limited has informed the Exchange about Conference Call has been scheduled on August 12, 2022 at 6.00 p.m. (India Time) to discuss Company���s performance for the Quarter"
29-Jul-2022 19:38:30,Disclosure of other UPSI/material event,Zee Entertainment Enterprises Limited has informed the Exchange about Receipt of Observation Letters
18-Jul-2022 17:02:45,General updates,"Zee Entertainment Enterprises Limited has informed the Exchange about Certificate under Regulation 74(5) of Securities and Exchange Board of India (Depositories and Participants) Regulations, 2018"
30-Jun-2022 14:26:36,Closure of trading window,"As per the Company's Insider Trading Code to regulate, monitor and report trading by Designated Persons of the Company, the Trading Window for dealing in the equity shares of the Company shall be clos"
20-Jun-2022 12:05:32,Schedule of Analysts/Institutional Investor Meet/Con. Call,Zee Entertainment Enterprises Limited has informed the Exchange about Schedule of Analysts/Institutional Investor Meet/Con. Call 
18-Jun-2022 21:58:27,Disclosure under SEBI Takeover Regulations,"Disclosure under Regulation 29 under SEBI (SAST) Regulations, 2011 has been submitted."
18-Jun-2022 21:47:01,Disclosure under SEBI Takeover Regulations,"Disclosure under Regulation 29 under SEBI (SAST) Regulations, 2011 has been submitted."
09-Jun-2022 19:01:13,Related Party Transaction,Zee Entertainment Enterprises Limited has informed the Exchange about related party transaction for the period ended March 2022
09-Jun-2022 15:36:26,Newspaper Advertisements,Zee Entertainment Enterprises Limited has informed the Exchange about Newspaper Advertisements pertaining to Transfer of Equity Shares of the Company to Investor Education and Protection Fund (IEPF)
06-Jun-2022 17:22:30,Schedule of Analysts/Institutional Investor Meet/Con. Call,Zee Entertainment Enterprises Limited has informed the Exchange about Schedule of Analysts/Institutional Investor Meet/Con. Call 
03-Jun-2022 14:11:53,Transcript of Analysts/Institutional Investor Meet/Con. Call,Zee Entertainment Enterprises Limited has informed the Exchange about Transcript of Analysts/Institutional Investor Meet/Con. Call 
01-Jun-2022 15:55:34,Loss of share certificate,Zee Entertainment Enterprises Limited has informed the Exchange about Loss of share certificate - Intimation under regulation 39(3) as SEBI (Listing Obligations and Disclosure Requirements) Regulation
31-May-2022 16:31:02,Schedule of Analysts/Institutional Investor Meet/Con. Call,Zee Entertainment Enterprises Limited has informed the Exchange about Schedule of Analysts/Institutional Investor Meet/Con. Call 
27-May-2022 12:15:34,Newspaper Advertisements,"Zee Entertainment Enterprises Limited has informed the Exchange about Newspaper Advertisements published on May 27, 2022 in Business Standard and Navshakti with respect to Audited Financial Results fo"
26-May-2022 21:18:31,Recording of Analysts/Institutional Investor Meet/Con. Call,Zee Entertainment Enterprises Limited has informed the Exchange about Recording of Analysts/Institutional Investor Meet/Con. Call
26-May-2022 18:08:40,Financial Result Updates,"Zee Entertainment Enterprises Limited has submitted to the Exchange, the financial results for the period ended March 31, 2022."
26-May-2022 17:50:38,Outcome of Board Meeting,Zee Entertainment Enterprises Limited  has informed the Exchange about Board Meeting held on 26-May-2022 to consider financial statements for the period ended March 2022 and Dividend
26-May-2022 17:50:36,Dividend,"Zee Entertainment Enterprises Limited has informed the Exchange that Board of Directors at its meeting held on 26-May-2022, declared Dividend of Rs. 3 per equity share."
25-May-2022 15:03:32,Schedule of Analysts/Institutional Investor Meet/Con. Call,"Zee Entertainment Enterprises Limited has informed the Exchange about Schedule of Analysts/Institutional Investor Meet/Con. Call on May 26, 2022 at 6.00 p.m. (India Time) to discuss Company���s perfor"
25-Apr-2022 19:11:57,Credit Rating,Zee Entertainment Enterprises Limited has informed the Exchange about Withdrawal of Credit Rating
18-Apr-2022 18:01:03,General updates,"Zee Entertainment Enterprises Limited has informed the Exchange about Certificate under Regulation 74(5) of Securities and Exchange Board India (Depositories and Participants) Regulations, 2018"
12-Apr-2022 18:09:57,General updates,Zee Entertainment Enterprises Limited has informed the Exchange about Allotment of Equity Shares upon Exercise of Stock Options
31-Mar-2022 17:06:09,Closure of trading window,Zee Entertainment Enterprises Limited has informed the Exchange about Closure of trading window
24-Mar-2022 13:44:27,Press Release,"Disclosure under Regulation 30 of the Securities and Exchange Board of India (Listing Obligations and Disclosure Requirements) Regulations, 2015 - Press Release"
24-Mar-2022 13:40:40,Disclosure of other UPSI/material event,"Disclosure under Regulation 30 of the Securities and Exchange Board of India (Listing Obligations and Disclosure Requirements) Regulations, 2015"
23-Mar-2022 11:50:47,Schedule of Analysts/Institutional Investor Meet/Con. Call,Zee Entertainment Enterprises Limited has informed the Exchange about Schedule of Analysts/Institutional Investor Meet/Con. Call on 23 and 24 March 2022
23-Mar-2022 11:48:12,Litigations/Disputes/Regulatory actions,"Disclosure under Regulation 30 of the Securities and Exchange Board of India (Listing Obligations and Disclosure Requirements) Regulations, 2015"
14-Mar-2022 12:13:27,Schedule of Analysts/Institutional Investor Meet/Con. Call,Zee Entertainment Enterprises Limited has informed the Exchange about Schedule of Analysts/Institutional Investor Meet/Con. Call on 15th and 16th March 2022
11-Mar-2022 12:33:37,Schedule of Analysts/Institutional Investor Meet/Con. Call,Zee Entertainment Enterprises Limited has informed the Exchange about Schedule of Analysts/Institutional Investor Meet/Con. Call 
07-Mar-2022 01:39:44,General updates,Zee Entertainment Enterprises Limited has informed the Exchange about Completion of payment of 5th  and final tranche of redemption of 6% Cumulative Redeemable Non Convertible Preference Shares
23-Feb-2022 12:41:15,Schedule of Analysts/Institutional Investor Meet/Con. Call,Zee Entertainment Enterprises Limited has informed the Exchange about Schedule of Analysts/Institutional Investor Meet/Con. Call 
22-Feb-2022 19:04:02,Litigations/Disputes/Regulatory actions,Zee Entertainment Enterprises Limited has informed the Exchange about Disclosure under Regulation 30 of the Securities and Exchange Board of India (Listing Obligations and Disclosure Requirements) Reg
15-Feb-2022 18:55:16,Suspension of Trading,"��Members of the Exchange are hereby informed that the trading in Non-Convertible Preference Shares of Zee Entertainment Enterprises Limited shall be suspended w.e.f. February 24, 2022 (ISIN: INE256A0"
09-Feb-2022 16:22:32,Record Date,Zee Entertainment Enterprises Limited has informed the Exchange that Record date for the purpose of OT  is 25-Feb-2022.
04-Feb-2022 20:45:44,Analysts/Institutional Investor Meet/Con. Call Updates,Zee Entertainment Enterprises Limited has informed the Exchange about Schedule of meet
04-Feb-2022 20:45:43,Analysts/Institutional Investor Meet/Con. Call Updates,Zee Entertainment Enterprises Limited has informed the Exchange about Schedule of meet
04-Feb-2022 20:41:37,Updates,Zee Entertainment Enterprises Limited has informed the Exchange regarding 'Disclosure under Regulation 30 of the Securities and Exchange Board of India(Listing Obligations and Disclosure Requirements)
03-Feb-2022 13:10:56,Copy of Newspaper Publication,Zee Entertainment Enterprises Limited has informed the Exchange about Copy of Newspaper Publication
02-Feb-2022 16:54:46,Financial Result Updates,"Zee Entertainment Enterprises Limited has submitted to the Exchange, the financial results for the period ended December 31, 2021."
02-Feb-2022 16:53:12,Outcome of Board Meeting,"Zee Entertainment Enterprises Limited has informed the Exchange regarding  the outcome of Board meeting held on February 02, 2022."
01-Feb-2022 16:34:07,Updates,Zee Entertainment Enterprises Limited has informed the Exchange regarding 'Conference call   Q3 of FY 2022 Financial Results'.
18-Jan-2022 17:17:36,Updates,"Zee Entertainment Enterprises Limited has informed the Exchange regarding 'Certificate under Regulation 74(5) of Securities and Exchange  Board India (Depositories and Participants) Regulations, 2018 "
31-Dec-2021 11:44:46,Trading Window,"Zee Entertainment Enterprises Limited has informed the Exchange regarding the Trading Window closure pursuant to SEBI (Prohibition of Insider Trading) Regulations, 2015"
29-Dec-2021 16:03:17,Appointment,"Zee Entertainment Enterprises Limited has informed the Exchange regarding Appointment of Mr Adesh Kumar Gupta as Non- Executive Non Independent Director of the company w.e.f. December 30, 2021."
29-Dec-2021 15:58:17,Cessation,"Zee Entertainment Enterprises Limited has informed the Exchange regarding Cessation of Mr Adesh Kumar Gupta as Non- Executive Independent Director of the company w.e.f. December 29, 2021."
24-Dec-2021 14:40:22,Updates,"Zee Entertainment Enterprises Limited has informed the Exchange regarding 'Update to the Disclosure dated December 22, 2021 on Outcome of Board Meeting held on December 21,2021'."
22-Dec-2021 08:35:01,Updates,Zee Entertainment Enterprises Limited has informed the Exchange regarding 'Announcement Under Regulation 30 (LODR) - Conference Call'.
22-Dec-2021 08:27:51,Press Release,"Zee Entertainment Enterprises Limited has informed the Exchange regarding a press release dated December 22, 2021, titled ""Press Release""."
22-Dec-2021 08:13:29,Scheme of Arrangement,Zee Entertainment Enterprises Limited has informed the Exchange about Scheme of Arrangement
08-Dec-2021 15:38:04,Loss of Share Certificates,Zee Entertainment Enterprises Limited has informed the Exchange about Loss of Share Certificates
22-Nov-2021 18:13:28,Updates,"Zee Entertainment Enterprises Limited has informed the Exchange regarding 'Disclosure under Regulation 30 of the SEBI (Listing Obligations and Disclosure Requirements) Regulations, 2015'."
12-Nov-2021 16:08:59,Copy of Newspaper Publication,Zee Entertainment Enterprises Limited has informed the Exchange about Newspaper advertisement under Regulation 30 read withRegulation 47 of the SEBI (Listing Obligations and Disclosure Requirements) R
12-Nov-2021 11:33:10,Updates,"Zee Entertainment Enterprises Limited has informed the Exchange regarding 'Disclosure under Regulation 30(7) of the SEBI (Listing Obligations and  Disclosure Requirements) Regulations, 2015'."
11-Nov-2021 17:48:10,Updates,"Zee Entertainment Enterprises Limited has informed the Exchange regarding 'Intimation under Regulation 30(7) of SEBI (Listing Obligations and Disclosure Requirements) Regulations, 2015   Update on tra"
11-Nov-2021 17:45:01,Updates,"Zee Entertainment Enterprises Limited has informed the Exchange regarding 'Disclosure under Regulation 30 of SEBI (Listing ObligationsDisclosure Requirements) Regulations, 2015   Caution Letter'."
11-Nov-2021 17:34:57,Outcome of Board Meeting,"Zee Entertainment Enterprises Limited has informed the Exchange regarding  Board meeting held on November 11, 2021."
11-Nov-2021 17:28:44,Financial Result Updates,"Zee Entertainment Enterprises Limited has submitted to the Exchange, the financial results for the period ended September 30, 2021."
10-Nov-2021 19:50:32,Updates,Zee Entertainment Enterprises Limited has informed the Exchange regarding 'Conference call   Q2 of FY 2022 Financial Results'.
29-Oct-2021 11:33:32,Updates,Zee Entertainment Enterprises Limited has informed the Exchange regarding 'Disclosure under Regulation 30 of the Securities and Exchange Board of India (Listing Obligations and Disclosure Requirements
28-Oct-2021 11:41:00,News Verification,The Exchange has sought clarification from Zee Entertainment Enterprises Limited with respect to recent news item captioned FPJ Legal: Bombay HC relief for ZEE against Invesco s requisition for EGM.  
27-Oct-2021 20:17:46,Updates,Zee Entertainment Enterprises Limited has informed the Exchange regarding 'Disclosure under Regulation 30 of the Securities and Exchange Board of India(Listing Obligations and Disclosure Requirements)
27-Oct-2021 18:45:00,News Verification,The Exchange has sought clarification from Zee Entertainment Enterprises Limited with respect to recent news item captioned FPJ Legal: Bombay HC relief for ZEE against Invesco s requisition for EGM.  
13-Oct-2021 21:25:23,Updates,Zee Entertainment Enterprises Limited has informed the Exchange regarding 'Disclosure under Regulation 30 of the Securities and Exchange Board ofIndia (Listing Obligations and Disclosure Requirements)
12-Oct-2021 21:18:57,Updates,Zee Entertainment Enterprises Limited has informed the Exchange regarding 'Disclosure under Regulation 30 of the Securities and Exchange Board of India(Listing Obligations and Disclosure Requirements)
11-Oct-2021 17:36:23,Updates,"Zee Entertainment Enterprises Limited has informed the Exchange regarding 'Certificate under Regulation 74(5 ) of Securities and ExchangeBoard India (Depositories and Participants) Regulations, 2018fo"
02-Oct-2021 13:45:28,Updates,Zee Entertainment Enterprises Limited has informed the Exchange regarding 'Disclosure under Regulation 30 of the Securities and Exchange Board of India IListing Obligations and Disclosure Requirements
01-Oct-2021 14:36:38,Press Release,"Zee Entertainment Enterprises Limited has informed the Exchange regarding a press release dated October 01, 2021, titled ""Disclosure under Regulation 30 of the Securities and Exchange Board of India ("
01-Oct-2021 14:19:42,Updates,Zee Entertainment Enterprises Limited has informed the Exchange regarding 'Disclosure under Regulation 30 of the Securities and Exchange Board of India (Listing Obligations and Disclosure Requirements
30-Sep-2021 17:49:31,Trading Window,"Zee Entertainment Enterprises Limited has informed the Exchange regarding the Trading Window closure pursuant to SEBI (Prohibition of Insider Trading) Regulations, 2015"
30-Sep-2021 12:03:00,News Verification,The Exchange has sought clarification from Zee Entertainment Enterprises Limited with respect to recent news item captioned Zee Entertainment share price falls 5% as Invesco insists on EGM.  The respo
29-Sep-2021 19:00:52,Updates,Zee Entertainment Enterprises Limited has informed the Exchange regarding 'Disclosure under Regulation 30 of the Securities and Exchange Board of India (Listing Obligations and Disclosure Requirements
28-Sep-2021 19:46:00,News Verification,The Exchange has sought clarification from Zee Entertainment Enterprises Limited with respect to recent news item captioned Zee Entertainment share price falls 5% as Invesco insists on EGM.  The respo
22-Sep-2021 14:06:56,Analysts/Institutional Investor Meet/Con. Call Updates,Zee Entertainment Enterprises Limited has informed the Exchange about Analysts/Institutional Investor Meet/Con. Call Updates
22-Sep-2021 07:56:44,Press Release,"Zee Entertainment Enterprises Limited has informed the Exchange regarding a press release dated September 22, 2021, titled ""Press Release""."
22-Sep-2021 07:49:21,Memorandum of Understanding/Agreements,Zee Entertainment Enterprises Limited has informed the Exchange about Memorandum of Understanding/Agreements
17-Sep-2021 18:33:45,Analysts/Institutional Investor Meet/Con. Call Updates,Zee Entertainment Enterprises Limited has informed the Exchange about Analysts/Institutional Investor Meet/Con. Call Updates
15-Sep-2021 13:42:28,Analysts/Institutional Investor Meet/Con. Call Updates,Zee Entertainment Enterprises Limited has informed the Exchange about Analysts/Institutional Investor Meet/Con. Call Updates
15-Sep-2021 00:08:51,Updates,Zee Entertainment Enterprises Limited has informed the Exchange regarding 'Proceedings and voting results of 39th Annual General Meeting'.
13-Sep-2021 22:01:29,Updates,Zee Entertainment Enterprises Limited has informed the Exchange regarding 'Disclosure under Regulation 30 of Securities and Exchange Board of India (Listing Obligations and Disclosure Requirements) Re
13-Sep-2021 21:22:34,Resignation,"Zee Entertainment Enterprises Limited has informed the Exchange regarding Resignation of Mr Mr. Ashok Kurien as Non- Executive Director of the company w.e.f. September 13, 2021."
13-Sep-2021 21:22:33,Resignation,"Zee Entertainment Enterprises Limited has informed the Exchange regarding Resignation of Mr Mr. Manish Chokhani as Non- Executive Director of the company w.e.f. September 13, 2021."
23-Aug-2021 17:18:08,Copy of Newspaper Publication,Zee Entertainment Enterprises Limited has informed the Exchange about Copy of Newspaper Publication pertaining to the  Notice of 39th Annual general Meeting along with information relating to e-voting
18-Aug-2021 22:15:38,Updates,"Zee Entertainment Enterprises Limited has informed the Exchange regarding 'Disclosure under Regulation 30(7) of the SEBI (Listing Obligations and Disclosure Requirements) Regulations, 2015 (Listing Re"
12-Aug-2021 16:18:48,Copy of Newspaper Publication,Zee Entertainment Enterprises Limited has informed the Exchange about Copy of Newspaper Publication regarding 39th Annual General Meeting to be held through video conferencing/other audio visual means
09-Aug-2021 17:18:36,Copy of Newspaper Publication,"Zee Entertainment Enterprises Limited has informed the Exchange about Copy of Newspaper Publication pertaining to Financial Results for the quarter and three Months ended June 30, 2021"
06-Aug-2021 16:08:02,Updates,"Zee Entertainment Enterprises Limited has informed the Exchange regarding '39th Annual General Meeting of the Equity Shareholders of theCompany on Tuesday, September 14, 2021'."
06-Aug-2021 16:06:30,Record Date,Zee Entertainment Enterprises Limited has informed the Exchange that Record date for the purpose of Dividend  is 03-Sep-2021.
06-Aug-2021 15:58:46,Outcome of Board Meeting,"Zee Entertainment Enterprises Limited has informed the Exchange regarding  Board meeting held on August 06, 2021."
06-Aug-2021 15:57:46,Financial Result Updates,"Zee Entertainment Enterprises Limited has submitted to the Exchange, the financial results for the period ended June 30, 2021."
05-Aug-2021 19:03:57,Analysts/Institutional Investor Meet/Con. Call Updates,Zee Entertainment Enterprises Limited has informed the Exchange about Analysts/Institutional Investor Meet/Con. Call Updates
30-Jul-2021 21:57:54,Updates,'.Update on the Advisory Letter issued by SEBI
19-Jul-2021 16:07:19,Updates,"Zee Entertainment Enterprises Limited has informed the Exchange regarding 'Certificate under Regulation 74(5) of Securities and ExchangeBoard India (Depositories and Participants) Regulations, 2018for"
07-Jul-2021 17:58:00,Updates,"Zee Entertainment Enterprises Limited has informed the Exchange regarding 'Intimation under Regulation 30(7) of SEBI (Listing Obligations and DisclosureRequirements) Regulations, 2015 - Update on tran"
07-Jul-2021 17:52:39,Copy of Newspaper Publication,Zee Entertainment Enterprises Limited has informed the Exchange about issuance o f duplicate ShareCertificate
07-Jul-2021 15:56:57,Copy of Newspaper Publication,Zee Entertainment Enterprises Limited has informed the Exchange about Copy of Newspaper Publication withrespect to transfer of equity shares to the Investor Education and Protection Fund.
30-Jun-2021 15:40:53,Trading Window,"Zee Entertainment Enterprises Limited has informed the Exchange regarding the Trading Window closure pursuant to SEBI (Prohibition of Insider Trading) Regulations, 2015"
21-Jun-2021 12:19:41,Updates,Zee Entertainment Enterprises Limited has informed the Exchange regarding 'News circulating in the media about potential merger of Viacom18 and Zee Entertainment Enterprises Limited'.
12-Jun-2021 12:36:55,Related Party Transactions,Zee Entertainment Enterprises Limited has informed the Exchange about related Party Transactions - Disclosure of Related Party Transactions pursuant to Regulation 23(9) of Securities and Exchange Boar
12-Jun-2021 09:58:51,Analysts/Institutional Investor Meet/Con. Call Updates,Zee Entertainment Enterprises Limited has informed the Exchange about Analysts/Institutional Investor Meet/Con. Call Updates
24-May-2021 17:24:55,Copy of Newspaper Publication,"Zee Entertainment Enterprises Limited has informed the Exchange about Copy of Newspaper Publication - pertaining to Financial Results for the quarter and year ended March 31, 2021"
20-May-2021 16:15:55,Dividend Updates,"Zee Entertainment Enterprises Limited has informed the Exchange about Dividend Updates - Board recommended for approval of the Equity Shareholders, Equity Dividend of   Rs. 2.50/- per equity share of "
20-May-2021 16:14:56,Outcome of Board Meeting,"Zee Entertainment Enterprises Limited has informed the Exchange regarding  Board meeting held on May 20, 2021."
20-May-2021 16:01:45,Financial Result Updates,"Zee Entertainment Enterprises Limited has submitted to the Exchange, the financial results for the period ended March 31, 2021."
19-May-2021 16:10:05,Analysts/Institutional Investor Meet/Con. Call Updates,Zee Entertainment Enterprises Limited has informed the Exchange about Analysts/Institutional Investor Meet/Con. Call Updates
17-May-2021 18:39:53,Copy of Newspaper Publication,Zee Entertainment Enterprises Limited has informed the Exchange about Copy of Newspaper Publication
27-Apr-2021 08:04:01,Annual Disclosure,"Zee Entertainment Enterprises Limited has submitted to the Exchange Annual Disclosure as per SEBI Circular dated November 26, 2018."
22-Apr-2021 04:01:38,Disclosure under SEBI Takeover Regulations,"��Promoter/Member of the Promoter Group of the Company has informed the Exchange regarding disclosure under Regulation 30 and Regulation 31(4) of SEBI SAST Regulations 2011��as at March 31, 2021.��"
15-Apr-2021 17:46:28,Updates,"Zee Entertainment Enterprises Limited has informed the Exchange regarding 'Certificate under Regulation 74(5) of Securities and ExchangeBoard India (Depositories and Participants) Regulations, 2018for"
12-Apr-2021 21:07:47,ESOP/ESOS/ESPS,Zee Entertainment Enterprises Limited has informed the Exchange regarding Allotment of 11240  Shares.
31-Mar-2021 16:31:27,Appointment,"Zee Entertainment Enterprises Limited has informed the Exchange regarding Appointment of Mr Manish Chokhani as Non- Executive Non-Independent Director of the company w.e.f. April 01, 2021."
31-Mar-2021 16:27:51,Cessation,"Zee Entertainment Enterprises Limited has informed the Exchange regarding Cessation of Mr Manish Chokhani as Non- Executive Independent Director of the company on close of business hours on March 31, "
31-Mar-2021 15:48:19,Trading Window,"Zee Entertainment Enterprises Limited has informed the Exchange regarding the Trading Window closure pursuant to SEBI (Prohibition of Insider Trading) Regulations, 2015"
18-Mar-2021 17:27:31,Record Date,Zee Entertainment Enterprises Limited has informed the Exchange that Record date for the purpose of preference Dividend  is 31-Mar-2021.
06-Mar-2021 14:21:48,Redemption,Zee Entertainment Enterprises Limited has informed the Exchange about Partial Redemption of listed Bonus Preference Shares
06-Mar-2021 14:19:48,Updates,Zee Entertainment Enterprises Limited has informed the Exchange regarding 'Issuance of new Preference Share Certificates having face value of Rs. 2 / -'.
15-Feb-2021 20:22:57,"Code of Conduct under SEBI(PIT) Reg., 2015",Reporting Violation of Insider Trading code of the Company framed under SEBI (PIT) Regulations  2015
12-Feb-2021 16:43:47,Record Date,Zee Entertainment Enterprises Limited has informed the Exchange that Record date for the purpose of Partial Redemption and payment of pro-rata dividend on Bonus Preference Shares - ISIN  INE256A4022  
05-Feb-2021 14:57:41,Copy of Newspaper Publication,Zee Entertainment Enterprises Limited has informed the Exchange about Copy of Newspaper Publication pertaining to Financial Results for the quarter and nine months ended December 31 2020
04-Feb-2021 14:06:27,Financial Result Updates,"Zee Entertainment Enterprises Limited has submitted to the Exchange, the financial results for the period ended December 31, 2020."
04-Feb-2021 14:05:07,Outcome of Board Meeting,"Zee Entertainment Enterprises Limited has informed the Exchange regarding  Board meeting held on February 04, 2021."
04-Feb-2021 09:59:24,Analysts/Institutional Investor Meet/Con. Call Updates,Zee Entertainment Enterprises Limited has informed the Exchange about Con. Call
27-Jan-2021 11:38:50,Copy of Newspaper Publication,"Zee Entertainment Enterprises Limited has informed the Exchange about Copy of Newspaper Publication on January 26, 2021 in Business Standard and Mumbai Lakshadeep with respect to the requisite intimat"
15-Jan-2021 16:32:15,Updates,"Zee Entertainment Enterprises Limited has informed the Exchange regarding 'Certificate under Regulation 74(5 ) of Securities and Exchange Board ofIndia (Depositories and Participants) Regulations, 201"
07-Jan-2021 13:43:37,Credit Rating,Zee Entertainment Enterprises Limited has informed the Exchange about Credit Rating
31-Dec-2020 13:53:31,Trading Window,"Zee Entertainment Enterprises Limited has informed the Exchange regarding the Trading Window closure pursuant to SEBI (Prohibition of Insider Trading) Regulations, 2015"
17-Dec-2020 17:39:31,Updates,"Zee Entertainment Enterprises Limited has informed the Exchange regarding 'The Board of Directors of the Company at its meeting held today i.e.December 17,2020, has, subject to requisite approvals, co"
17-Dec-2020 17:35:45,Acquisition,"Zee Entertainment Enterprises Limited has informed the Exchange about Acquisition of film production and distribution business as a going concern, on a slump sale basis from Zee Studios Limited (forme"
17-Dec-2020 17:22:58,Appointment,"Zee Entertainment Enterprises Limited has informed the Exchange regarding Appointment of Mr Vivek Mehra as Non- Executive Independent Director of the company w.e.f. December 24, 2020."
17-Dec-2020 17:22:57,Appointment,"Zee Entertainment Enterprises Limited has informed the Exchange regarding Appointment of Mr Sasha Gulu Mirchandani as Non- Executive Independent Director of the company w.e.f. December 24, 2020."
27-Nov-2020 14:25:40,Related Party Transactions,Zee Entertainment Enterprises Limited has informed the Exchange about the Disclosure of Related Party Transactions pursuant to Regulation 23(9) of Securities and Exchange Board of India (Listing Oblig
04-Nov-2020 13:10:01,Copy of Newspaper Publication,Zee Entertainment Enterprises Limited has informed the Exchange about Copy of Newspaper Publication
02-Nov-2020 16:59:49,Outcome of Board Meeting,"Zee Entertainment Enterprises Limited has informed the Exchange regarding  Board meeting held on November 02, 2020 has approved Unaudited Financial Results of the Company and Limited Review Reports, b"
02-Nov-2020 16:58:57,Financial Result Updates,"Zee Entertainment Enterprises Limited has submitted to the Exchange, the financial results for the period ended September 30, 2020."
02-Nov-2020 09:44:09,Analysts/Institutional Investor Meet/Con. Call Updates,Zee Entertainment Enterprises Limited has informed the Exchange about Analysts/Institutional Investor Meet/Con. Call  has been scheduled today at 06:00 p.m. (IST) to discuss Company s performance duri
24-Oct-2020 21:36:01,Copy of Newspaper Publication,"Zee Entertainment Enterprises Limited has informed the Exchange about Copy of Newspaper Publication on October 24, 2020 in Business Standard and Mumbai Lakshadeep with respect to the requisite intimat"
16-Oct-2020 17:36:10,Updates,"Zee Entertainment Enterprises Limited has informed the Exchange regarding 'Certificate under Regulation 74(5 ' of Securities and Exchange Board ofIndia (Depositories and Participants, Regulations, 201"
07-Oct-2020 17:49:38,"Code of Conduct under SEBI(PIT) Reg., 2015","Zee Entertainment Enterprises Limited has informed the Exchange about violation of Code of Conduct under SEBI(PIT) Reg., 2015 by Designated Person"
30-Sep-2020 12:45:04,Trading Window,"Zee Entertainment Enterprises Limited has informed the Exchange regarding the Trading Window closure pursuant to SEBI (Prohibition of Insider Trading) Regulations, 2015"
18-Sep-2020 22:18:57,Shareholders meeting,"Zee Entertainment Enterprises Limited has informed the Exchange regarding Proceedings of Annual General Meeting held on September 18, 2020. Further, the company has submitted the Exchange a copy of Sr"
27-Aug-2020 16:08:10,Copy of Newspaper Publication,Zee Entertainment Enterprises Limited has informed the Exchange about Copy of Newspaper Publication pertaining to Notice of 38th Annual General Meeting of the Company
20-Aug-2020 14:44:11,Related Party Transactions,"Zee Entertainment Enterprises Limited has informed the Exchange about related Party Transactions on a consolidated basis, for the halfyear ended March 31, 2020"
20-Aug-2020 12:50:58,Copy of Newspaper Publication,"Zee Entertainment Enterprises Limited has informed the Exchange about Copy of Newspaper Publication pertaining to Financial Results for the quarterended June 30, 2020"
18-Aug-2020 16:35:24,Updates,"Zee Entertainment Enterprises Limited has informed the Exchange regarding 'Intimation under Regulation 30 of SEBI (Listing Obligations andDisclosure Requirements) Regulations, 2015'.This is to inform "
18-Aug-2020 15:41:35,Financial Result Updates,"Zee Entertainment Enterprises Limited has submitted to the Exchange, the financial results for the period ended June 30, 2020."
18-Aug-2020 15:40:35,Outcome of Board Meeting,"Zee Entertainment Enterprises Limited has informed the Exchange regarding  Board meeting held on August 18, 2020."
18-Aug-2020 12:13:57,Updates,Zee Entertainment Enterprises Limited has informed the Exchange regarding 'Conference call - Q1 & FY 2021 Financial Results'.
11-Aug-2020 17:11:29,Copy of Newspaper Publication,Zee Entertainment Enterprises Limited has informed the Exchange about Copy of Newspaper Publication pertaining to Notice of Board Meeting
07-Aug-2020 20:09:28,Credit Rating,Zee Entertainment Enterprises Limited has informed the Exchange about Credit Rating
27-Jul-2020 17:08:00,Copy of Newspaper Publication,"Zee Entertainment Enterprises Limited has informed the Exchange about Copy of Newspaper Publication pertaining to Financial Results for the quarter andyear ended March 31, 2020"
26-Jul-2020 16:32:00,Record Date,Zee Entertainment Enterprises Limited has informed the Exchange that Record date for the purpose of Dividend  is 11-Sep-2020.
25-Jul-2020 00:56:00,Updates,"Zee Entertainment Enterprises Limited has informed the Exchange regarding 'Intimation under Regulation 30 of SEBI (Listing Obligations and Disclosure Requirements) Regulations, 2015 (,SEBT Regulations"
25-Jul-2020 00:46:00,Outcome of Board Meeting,"Zee Entertainment Enterprises Limited has informed the Exchange regarding  Board meeting held on July 24, 2020.the Annual Audited Financial Results of the Company for the fourth quarter and Financial "
25-Jul-2020 00:44:00,Dividend,"Zee Entertainment Enterprises Limited has informed the Exchange that Board of Directors at its meeting held on July 24, 2020, recommended Final Dividend of 0.30 per equity share."
25-Jul-2020 00:40:24,Financial Result Updates,"Zee Entertainment Enterprises Limited has submitted to the Exchange, the financial results for the period ended March 31, 2020."
24-Jul-2020 19:48:00,Updates,"Zee Entertainment Enterprises Limited has informed the Exchange regarding 'Further to our communication intimating details of Conference Call organized by the Company today, please note that the same "
24-Jul-2020 17:27:00,Updates,Zee Entertainment Enterprises Limited has informed the Exchange regarding 'Further to our today s communication intimating details of Conference Call organized by the Company today  has been reschedul
24-Jul-2020 12:37:00,Updates,"Zee Entertainment Enterprises Limited has informed the Exchange regarding 'Conference call - Q4 & FY 2020 Financial Results'.ConferenceCall has been scheduled today i.e . July 24, 2020 at 5.30 p.m. (1"
23-Jul-2020 14:37:00,Copy of Newspaper Publication,"Zee Entertainment Enterprises Limited has informed the Exchange about Copy of Newspaper Publication on July 23, 2020 in Business Standard and Mumbai Lakshadeep with respect to transfer of equity share"
20-Jul-2020 14:51:00,Updates,"Zee Entertainment Enterprises Limited has informed the Exchange regarding 'Certificates under Regulation 74(5) of Securities and Exchange Board ofIndia (Depositories and Participants) Regulations, 201"
16-Jul-2020 21:14:00,Copy of Newspaper Publication,Zee Entertainment Enterprises Limited has informed the Exchange about Copy of Newspaper Publication
30-Jun-2020 17:36:00,Trading Window,"Zee Entertainment Enterprises Limited has informed the Exchange regarding the Trading Window closure pursuant to SEBI (Prohibition of Insider Trading) Regulations, 2015"
30-Jun-2020 10:06:00,Annual Disclosure,"Zee Entertainment Enterprises Limited has submitted to the Exchange Annual Disclosure as per SEBI Circular dated November 26, 2018."
13-May-2020 00:27:00,Disclosure under SEBI Takeover Regulations,Promoter of Zee Entertainment Enterprises Limited has informed the Exchange regarding Disclosures under Regulation 30 and 31(4) of Securities and Exchange Board of India (Substantial Acquisition of Sh
23-Apr-2020 15:18:00,Allotment of ESOP/ESPS,Zee Entertainment Enterprises Limited has informed the Exchange regarding allotment of  21240 Equity Shares under ESOP
21-Apr-2020 14:57:00,Appointment,"Zee Entertainment Enterprises Limited has informed the Exchange regarding Appointment of Ms Alicia Yi as Independent Director of the company w.e.f. April 24, 2020."
17-Apr-2020 19:15:00,Updates,"Zee Entertainment Enterprises Limited has informed the Exchange regarding 'Certificates under Regulation 74(5) of Securities and Exchange Board of  India (Depositories and Participants) Regulations, 2"
17-Apr-2020 17:53:00,Dividend Updates,"Zee Entertainment Enterprises Limited has informed the Exchange regarding Payment of Dividend on Preference Shares @ 6% p.a. for the year ended March 31, 2020"
13-Apr-2020 19:21:00,Analysts/Institutional Investor Meet/Con. Call Updates,Zee Entertainment Enterprises Limited has informed the Exchange regarding Analysts/Institutional Investor Meet/Con. Call Updates
13-Apr-2020 14:51:00,Analysts/Institutional Investor Meet/Con. Call Updates,Zee Entertainment Enterprises Limited has informed the Exchange regarding Analysts/Institutional Investor Meet/Con. Call Updates
09-Apr-2020 19:01:00,Updates,Zee Entertainment Enterprises Limited has informed the Exchange regarding 'Intimation under Regulation 30 of SEBI Listing Regulations      Additional Investment in a subsidiary   '.
09-Apr-2020 18:44:00,Updates,Zee Entertainment Enterprises Limited has informed the Exchange regarding 'Intimation under Regulation 30 of SEBI Listing Regulations      Additional Investment in a subsidiary.'.
31-Mar-2020 11:29:00,Trading Window,"Zee Entertainment Enterprises Limited has informed the Exchange regarding the Trading Window closure pursuant to SEBI (Prohibition of Insider Trading) Regulations, 2015"
20-Mar-2020 18:46:00,Resignation,"Zee Entertainment Enterprises Limited has informed the Exchange regarding Resignation of Mr Surender Singh as Independent Director of the company w.e.f. March 20, 2020."
20-Mar-2020 18:46:00,Resignation,"Zee Entertainment Enterprises Limited has informed the Exchange regarding Resignation of Mrs Aparajita Jain as Independent Director of the company w.e.f. March 20, 2020."
20-Mar-2020 18:37:00,Appointment,"Zee Entertainment Enterprises Limited has informed the Exchange regarding Appointment of Mr Piyush Pandey as Independent Director of the company w.e.f. March 24, 2020."
16-Mar-2020 13:03:00,Record Date,"Zee Entertainment Enterprises Limited has informed the Exchange that the Company has fixed Record Date as March 31, 2020 for the purpose of Preference shareholders"
06-Mar-2020 16:40:00,Updates,Zee Entertainment Enterprises Limited has informed the Exchange regarding 'Issuance of new share certificates having face value of Rs. 4/- each'.
06-Mar-2020 16:34:00,Redemption,Zee Entertainment Enterprises Limited has informed the Exchange about Redemption of Partial Redemption of listed Bonus Preference Shares
17-Feb-2020 17:21:00,Updates,Zee Entertainment Enterprises Limited has informed the Exchange regarding Record Date for Partial Redemption and Payment of pro-rata Dividend on Bonus Preference Shares.
05-Feb-2020 15:28:00,News Verification,The Exchange has sought clarification from Zee Entertainment Enterprises Limited with respect to recent news item captioned MCA orders inspection of Zee Entertainment's books.  The response from the C
05-Feb-2020 11:49:00,News Verification,The Exchange has sought clarification from Zee Entertainment Enterprises Limited with respect to recent news item captioned MCA orders inspection of Zee Entertainment's books. The response from the Co
21-Jan-2020 18:59:11,Financial Result Updates,"Zee Entertainment Enterprises Limited has submitted to the Exchange, the financial results for the period ended December 31, 2019."
21-Jan-2020 18:53:00,Outcome of Board Meeting,"Zee Entertainment Enterprises Limited has informed the Exchange regarding  Board meeting held on January 21, 2020."
14-Jan-2020 18:49:00,Updates,"Zee Entertainment Enterprises Limited has informed the Exchange regarding 'Certificate under Regulagtion 74(5) of Securities and Exchange Board of India (Depositories and Participants) Regulations, 20"
30-Dec-2019 15:53:00,Trading Window,"Zee Entertainment Enterprises Limited has informed the Exchange regarding the Trading Window closure pursuant to SEBI (Prohibition of Insider Trading) Regulations, 2015"
17-Dec-2019 17:15:00,Credit Rating,Zee Entertainment Enterprises Limited has informed the Exchange regarding Credit Rating downgrade on Preference Shares with outstanding of Rs 1210.16 crores
30-Nov-2019 14:20:00,Reply to Clarification Sought,The Exchange had sought clarification from Zee Entertainment Enterprises Limited with respect to announcements made by the Company pertaining to Resignation of Directors. The response of the Company i
29-Nov-2019 13:34:00,Disclosure under SEBI (PIT) Reg 2015,Zee Entertainment Enterprises Limited has submitted to the Exchange a copy of  disclosure under regulation 7(2) of SEBI ( PIT) Regulations 2015.
28-Nov-2019 10:57:00,Clarification,"ZEEL: This is with respect to clarification sought by the Exchange on November 26, 2019 and response dated November 27, 2019 submitted by the Company providing details of reasons for resignation of di"
27-Nov-2019 18:15:00,Updates,"Zee Entertainment Enterprises Limited has informed the Exchange regarding 'Compliance under Sub Clause 7B of Clause A of Part A of Schedule III ofthe SEBI - LODR, 2015.'."
26-Nov-2019 20:18:00,Clarification,��The Exchange has sought clarification from Zee Entertainment Enterprises Limited with respect to announcements made by the Company pertaining to Resignation of Directors. The response of the Company
25-Nov-2019 19:01:00,Press Release,"Zee Entertainment Enterprises Limited has informed the Exchange regarding a press release dated November 25, 2019, titled ""Press Release""."
25-Nov-2019 18:49:00,Change in Company Secretary/Compliance Officer,Zee Entertainment Enterprises Limited has informed the Exchange about resignation of Mr M Lakshminarayanan as Company Secretary & Chief Compliance Officer and Appointment of Mr Ashish Agarwal as a Com
25-Nov-2019 18:43:00,Resignation,"Zee Entertainment Enterprises Limited has informed the Exchange regarding Resignation of Mr Subhash Chandra as Chairman of the company w.e.f. November 25, 2019."
25-Nov-2019 18:35:00,Appointment,"Zee Entertainment Enterprises Limited has informed the Exchange regarding Appointment of Mrs Aparajita Jain as Independent Director of the company w.e.f. November 25, 2019."
25-Nov-2019 18:35:00,Appointment,"Zee Entertainment Enterprises Limited has informed the Exchange regarding Appointment of Mr Surendra Singh as Independent Director of the company w.e.f. November 25, 2019."
25-Nov-2019 18:35:00,Appointment,"Zee Entertainment Enterprises Limited has informed the Exchange regarding Appointment of Mr R Gopalan as Independent Director of the company w.e.f. November 25, 2019."
25-Nov-2019 18:28:00,Resignation,"Zee Entertainment Enterprises Limited has informed the Exchange regarding Resignation of Mr Prof Sunil Sharma as Independent Director of the company w.e.f. November 24, 2019."
25-Nov-2019 18:28:00,Resignation,"Zee Entertainment Enterprises Limited has informed the Exchange regarding Resignation of Ms Prof Neharika Vohra as Independent Director of the company w.e.f. November 24, 2019."
23-Nov-2019 19:58:00,Resignation,"Zee Entertainment Enterprises Limited has informed the Exchange regarding Resignation of Mr Subodh Kumar as Non- Executive Director of the company w.e.f. November 22, 2019."
20-Nov-2019 18:25:00,Press Release,"Zee Entertainment Enterprises Limited has informed the Exchange regarding a press release dated November 20, 2019, titled ""Stake Sale by Promoters of the Company��""."
18-Nov-2019 16:20:00,Credit Rating,Zee Entertainment Enterprises Limited has informed the Exchange regarding Credit Rating Downgrade on Preference Shares with outstanding of Rs. 1210.16 Crores
13-Nov-2019 09:16:00,Related Party Transactions,Zee Entertainment Enterprises Limited has informed the Exchange that Disclosure of Related Party Transactions pursuant to Regulation 23(9) of SEBI (Listing Obligations and Disclosure Requirements) Reg
12-Nov-2019 11:06:00,Allotment of ESOP/ESPS,Zee Entertainment Enterprises Limited has informed the Exchange regarding allotment of  1470 Equity Shares under ESOP
05-Nov-2019 18:27:00,Updates,Zee Entertainment Enterprises Limited has informed the Exchange regarding 'Re-appointment of Managing Director & CEO'.
04-Nov-2019 16:09:00,News Verification,The Exchange has sought clarification from Zee Entertainment Enterprises Limited with respect to recent news item captioned Zee lenders ready ground for strategic stake sale - PressReader.  The respon
04-Nov-2019 12:17:00,News Verification,The Exchange has sought clarification from Zee Entertainment Enterprises Limited with respect to recent news item captioned Zee lenders ready ground for strategic stake sale - PressReader.  The respon
17-Oct-2019 18:45:00,Outcome of Board Meeting,"Zee Entertainment Enterprises Limited has informed the Exchange regarding outcome of Board meeting held on October 17, 2019."
17-Oct-2019 17:57:54,Financial Result Updates,"Zee Entertainment Enterprises Limited has submitted to the Exchange, the financial results for the period ended September 30, 2019."
17-Oct-2019 17:55:00,Outcome of Board Meeting,"Zee Entertainment Enterprises Limited has informed the Exchange regarding  Board meeting held on October 17, 2019."
17-Oct-2019 17:00:00,Updates,Zee Entertainment Enterprises Limited has informed the Exchange regarding 'Postponement of Conference Call'.
16-Oct-2019 19:33:00,Updates,Zee Entertainment Enterprises Limited has informed the Exchange regarding 'Intimation of Conference Call'.
10-Oct-2019 17:38:00,Disclosure under SEBI Takeover Regulations,"Cyquator Media Services Pvt ltd, Essel Corporate LLP has informed the Exchange regarding Corrigendum to the disclosure made by the promoters to the stock exchanges and to the Target Company for encumb"
09-Oct-2019 17:37:00,Disclosure under SEBI Takeover Regulations,"Cyquator Media Services Pvt Ltd, Essel Corporate LLP has informed the Exchange vide letter dated October 04, 2019 a copy of Disclosure by the Promoter(s) to the stock exchange and to the target compan"
09-Oct-2019 15:35:00,Updates,Zee Entertainment Enterprises Limited has informed the Exchange regarding 'Disclosure under 7(2) (b) of SEBI PIT Regulations 2015'.
09-Oct-2019 15:34:00,Updates,Zee Entertainment Enterprises Limited has informed the Exchange regarding 'Disclosure under 7(2) (b) of SEBI PIT Regulations 2015'.
07-Oct-2019 07:54:00,Analysts/Institutional Investor Meet/Con. Call Updates,"Zee Entertainment Enterprises Limited has informed the Exchange regarding Conference Call on October 5, 2019"
30-Sep-2019 15:58:00,Trading Window,"Zee Entertainment Enterprises Limited has informed the Exchange regarding the Trading Window closure pursuant to SEBI (Prohibition of Insider Trading) Regulations, 2015"
16-Sep-2019 08:39:00,Disclosure under SEBI Takeover Regulations,Cyquator Media Services Private Limited has informed the Exchange that Disclosure under Regulation 10(5) of Securities and Exchange Board of India (Substantial Acquisition of Shares and Takeovers) Reg
13-Sep-2019 20:35:00,Disclosure under SEBI (PIT) Reg 2015,"Zee Entertainment Enterprises Limited has informed the Exchange regarding Disclosures under Regulation 7(2)(b) of SEBI (Prohibition of Insider Trading ) Regulations, 2015."
13-Sep-2019 13:39:00,Disclosure under SEBI Takeover Regulations,Zee Entertainment Enterprises Limited has submitted to the Exchange a�� copy of Disclosure by the Promoter(s) to the stock exchange and to the Target Company for encumbrance of shares/invocation of en
10-Sep-2019 18:43:00,Press Release,"Zee Entertainment Enterprises Limited has informed the Exchange regarding a press release dated September 10, 2019, titled ""Essel Group Press Release - Completion of 1st tranche of Stake sale of Compa"
13-Aug-2019 14:55:00,Acquisition,Zee Entertainment Enterprises Limited has informed the Exchange about Acquisition of balance 26% equity stake in Zee Network Distribution Ltd
31-Jul-2019 18:11:00,Press Release,"Zee Entertainment Enterprises Limited has informed the Exchange regarding a press release dated July 31, 2019, titled ""Stake Sale by Promoter""."
24-Jul-2019 17:08:00,Shareholders meeting,"Zee Entertainment Enterprises Limited has informed the Exchange regarding Proceedings of Annual General Meeting held on July 23, 2019. Further, the company has submitted the Exchange a copy of Srutini"
23-Jul-2019 15:38:11,Financial Result Updates,"Zee Entertainment Enterprises Limited has submitted to the Exchange, the financial results for the period ended June 30, 2019."
23-Jul-2019 15:31:00,Outcome of Board Meeting,"Zee Entertainment Enterprises Limited has informed the Exchange regarding  Board meeting held on July 23, 2019."
22-Jul-2019 20:24:00,Updates,Zee Entertainment Enterprises Limited has informed the Exchange regarding 'Conference Call - Q1 of FY 2020 Financial Results'.
04-Jul-2019 12:28:00,Disclosure under SEBI Takeover Regulations,Cyquator Media Services Private Limited has submitted to the Exchange a copy of Disclosure in terms of Regulation 31 (1) and 31 (2) SEBI (Substantial Acquisition of Shares and Takeovers) Regulations 2
01-Jul-2019 12:01:00,Disclosure under SEBI (PIT) Reg 2015,Zee Entertainment Enterprises Limited has informed the Exchange regarding 'disclosure under regulation 7(2) of SEBI ( PIT) Regulations 2015 '.
28-Jun-2019 18:49:00,Trading Window,"Zee Entertainment Enterprises Limited has informed the Exchange regarding the Trading Window closure pursuant to SEBI (Prohibition of Insider Trading) Regulations, 2015"
24-Jun-2019 16:30:00,Related Party Transactions,Zee Entertainment Enterprises Limited has informed the Exchange regarding  Disclosure of Related Party Transactions pursuant to Regulation 23(9) of SEBI(Listing Obligations and Disclosure Requirements
11-Jun-2019 18:02:00,Updates,Zee Entertainment Enterprises Limited has informed the Exchange regarding�� disclosure under regulation 7(2) of SEBI ( Prohibition of Insider Trading) Regulations 2015.
10-Jun-2019 13:33:00,Disclosure under SEBI Takeover Regulations,Cyquator Media Services Private Limited has submitted to the Exchange a copy of Disclosure by the Promoter(s) to the stock exchange and to the Target Company for encumbrance of shares/ invocation of e
07-Jun-2019 16:23:00,Credit Rating,Zee Entertainment Enterprises Limited has informed the Exchange regarding Credit Rating  of Preference Shares
27-May-2019 20:04:00,AGM/Record Date,"Zee Entertainment Enterprises Limited has informed the Exchange that the Company has fixed Record Date as July 16, 2019 for the purpose of Annual General Meeting and payment of Equity Dividend to the "
27-May-2019 20:03:00,Dividend,"Zee Entertainment Enterprises Limited that the Board of Directors of the Company at its Meeting held on May 27, 2019 has recommended for approval of the Equity Shareholders, Equity Dividend of Rs 3.50"
27-May-2019 17:19:08,Financial Result Updates,"Zee Entertainment Enterprises Limited has submitted to the Exchange, the financial results for the period ended March 31, 2019."
27-May-2019 17:15:00,Outcome of Board Meeting,"Zee Entertainment Enterprises Limited has informed the Exchange regarding  Board meeting held on May 27, 2019."
27-May-2019 10:11:00,Updates,Zee Entertainment Enterprises Limited has informed the Exchange regarding 'Conference Call - Q4 & FY 2019 Financial Results'.
15-May-2019 15:48:00,Clarification,Zee Entertainment Enterprises Limited has submitted to the Exchange  Clarification on Market Rumours.
08-May-2019 12:54:00,News Verification,"The Exchange has sought clarification from Zee Entertainment Enterprises Limited with respect to recent news item captioned Zee stake sale at advanced stage, progressing steadily: Essel Group. The Exc"
08-May-2019 12:46:00,Clarification,Zee Entertainment Enterprises Limited has submitted to the Exchange Clarification on market rumours.
08-May-2019 11:58:00,News Verification,"The Exchange has sought clarification from Zee Entertainment Enterprises Limited with respect to recent news item captioned Zee stake sale at advanced stage, progressing steadily: Essel Group. In this"
25-Apr-2019 16:33:00,Disc. under Reg.30 of SEBI (SAST) Reg.2011,"The Promoter along with PAC has submitted to the Exchange a copy of Annual Disclosure under Regulation 30(1) and 30(2) of SEBI (Substantial Acquisition of Shares and Takeovers), Regulations, 2011 as o"
16-Apr-2019 17:01:00,ESOP/ESOS/ESPS,Zee Entertainment Enterprises Limited has informed the Exchange regarding Exercise of 15265  Options.
04-Apr-2019 18:19:00,ESOP/ESOS/ESPS,Zee Entertainment Enterprises Limited has informed the Exchange regarding Grant of 24700  Options.
03-Apr-2019 17:03:00,Trading Window,"Zee Entertainment Enterprises Limited has informed the Exchange regarding the Trading Window closure pursuant to SEBI (Prohibition of Insider Trading) Regulations, 2015"
29-Mar-2019 20:23:00,Updates,Zee Entertainment Enterprises Limited has informed the Exchange regarding 'Policy on Fair Disclosure of Unpublished Price Sensitive Information '.
20-Mar-2019 19:38:00,Updates,Zee Entertainment Enterprises Limited has informed the Exchange regarding 'Redemption of Unlisted Series B Preference Shares of Rs 10/- each'.
20-Mar-2019 13:14:00,Updates,Zee Entertainment Enterprises Limited has informed the Exchange regarding 'Issuance of new share certificates of Rs 6/- each pursuant to 2nd  tranche redemption of 20% of Original nominal value of Bon
07-Mar-2019 15:22:00,Updates,Zee Entertainment Enterprises Limited has informed the Exchange regarding 'Disclosure of Material Information pursuant to Regulation 30 of SEBI Listing Regulations �� Partial Redemption of Listed Bonu
06-Mar-2019 16:11:00,Record Date,"Zee Entertainment Enterprises Limited has informed the Exchange that the Company has fixed Record Date as March 30, 2019 for the purpose of Record Date for payment of Preference Dividend for FY 2018-1"
14-Feb-2019 18:54:00,Record Date,"Zee Entertainment Enterprises Limited has informed the Exchange that the Company has fixed Record Date as March 1, 2019 for the purpose of Partial Redemption and Payment of Pro-rata Dividend on Bonus "
05-Feb-2019 18:31:00,Disclosure under SEBI Takeover Regulations,"Schroder Investment Management (Singapore) Ltd has submitted to the Exchange vide its letter dated January 31, 2013 a copy of disclosure under Regulation 29(2) of SEBI (Substantial Acquisition of Shar"
04-Feb-2019 07:56:00,Updates,Zee Entertainment Enterprises Limited has informed the Exchange regarding 'Conference call on Feb 4 2019 at 8.30 am'.
01-Feb-2019 13:20:00,News Verification,"The Exchange has sought clarification from Zee Entertainment Enterprises Limited with respect to recent news item captioned ""Zee Entertainment promoters may sell up to 25% stake to a strategic partner"
01-Feb-2019 11:33:00,News Verification,"The Exchange has sought clarification from Zee Entertainment Enterprises Limited with respect to recent news item captioned ""Zee Entertainment promoters may sell up to 25% stake to a strategic partner"
31-Jan-2019 15:22:00,News Clarification,"The Exchange had sought clarification from the Company with respect to news item captioned- ""New facts emerge about lending to Zee"". In this regard, you are advised to provide clarification/confirmati"
31-Jan-2019 08:34:00,News Clarification,"The Exchange has sought clarification from the Company with respect to news item captioned- ""New facts emerge about lending to Zee"". In this regard, you are advised to provide clarification/confirmati"
28-Jan-2019 10:19:00,Clarification,"Zee Entertainment Enterprises Limited has informed the Exchange��regarding ""Further Clarification on communication dated January 25, 2019""."
28-Jan-2019 07:56:00,Analysts/Institutional Investor Meet/Con. Call Updates,Zee Entertainment Enterprises Limited has informed the Exchange regarding Analysts/Institutional Investor Meet/Con. Call Updates - Con Call on Jan 28 2019 at 8.30 a.m.
25-Jan-2019 18:30:00,Updates,"Zee Entertainment Enterprises Limited has informed the Exchange regarding 'Conference call On January 25, 2019 at 6.45 PM Indian time'."
25-Jan-2019 17:08:00,Price movement,"Significant decrease in price has been observed in Zee Entertainment Enterprises Limited. The Exchange, in order to ensure that investors have latest relevant information about the company and to info"
25-Jan-2019 15:21:00,Price movement,"Significant decrease in price has been observed in Zee Entertainment Enterprises Limited. The Exchange, in order to ensure that investors have latest relevant information about the company and to info"
18-Jan-2019 19:22:00,Updates,Zee Entertainment Enterprises Limited has informed the Exchange regarding 'Sale of Part of Company Investment in Aplab Limited '.
15-Jan-2019 15:44:00,Outcome of Board Meeting,"Zee Entertainment Enterprises Limited has informed the Exchange regarding  Board meeting held on January 15, 2019."
15-Jan-2019 15:38:58,Financial Result Updates,"Zee Entertainment Enterprises Limited has submitted to the Exchange, the financial results for the period ended December 31, 2018."
02-Jan-2019 15:58:00,Trading Window,"Zee Entertainment Enterprises Limited has informed the Exchange regarding the Trading Window closure pursuant to SEBI (Prohibition of Insider Trading) Regulations, 2015"
14-Nov-2018 11:04:00,Analysts/Institutional Investor Meet/Con. Call Updates,Zee Entertainment Enterprises Limited has informed the Exchange regarding Analysts/Institutional Investor Meet/Con. Call Updates
13-Nov-2018 18:54:00,Updates,Zee Entertainment Enterprises Limited has informed the Exchange regarding 'Press Release by Promoters'.
01-Nov-2018 11:37:00,Allotment of ESOP/ESPS,Zee Entertainment Enterprises Limited has informed the Exchange regarding allotment of  3430 Equity Shares under ESOP
10-Oct-2018 18:31:00,Updates,"Zee Entertainment Enterprises Limited has informed the Exchange regarding 'Proceedings of Board Meeting held on October 10, 2018.'."
10-Oct-2018 16:03:00,Analysts/Institutional Investor Meet/Con. Call Updates,Zee Entertainment Enterprises Limited has informed the Exchange regarding Analysts/Institutional Investor Meet/Con. Call Updates
10-Oct-2018 15:42:00,Outcome of Board Meeting,"Zee Entertainment Enterprises Limited has informed the Exchange regarding  Board meeting held on October 10, 2018."
10-Oct-2018 15:40:38,Financial Result Updates,"Zee Entertainment Enterprises Limited has submitted to the Exchange, the financial results for the period ended September 30, 2018."
01-Oct-2018 09:16:00,Disclosure under SEBI Takeover Regulations,Essel Corporate LLP (formerly known as Allore Enterprises LLP) has submitted to the Exchange a copy of Disclosure under Regulation 10(6) of Securities and Exchange Board of India (Substantial Acquisit
28-Sep-2018 19:08:00,Trading Window,"Zee Entertainment Enterprises Limited has informed the Exchange regarding the Trading Window closure pursuant to SEBI (Prohibition of Insider Trading) Regulations, 2015"
21-Sep-2018 09:06:00,Disclosure under SEBI Takeover Regulations,Essel Corporate LLP (formerly known as Allore Enterprises LLP) has submitted to the Exchange a copy of Disclosure under Regulation 10(6) of Securities and Exchange Board of India (Substantial Acquisit
07-Sep-2018 18:44:00,Analysts/Institutional Investor Meet/Con. Call Updates,Zee Entertainment Enterprises Limited has informed the Exchange regarding Analysts/Institutional Investor Meet/Con. Call Updates
06-Sep-2018 09:28:00,Disclosure under SEBI Takeover Regulations,Essel Corporate LLP (formerly known as Allore Enterprises LLP) has submitted to the Exchange a copy of Disclosure under Regulation 10(5) of Securities and Exchange Board of India (Substantial Acquisit
05-Sep-2018 17:35:00,Appointment,"Zee Entertainment Enterprises Limited has informed the Exchange regarding Appointment of Mr Rohit Kumar Gupta as Chief Financial Officer of the company w.e.f. September 06, 2018."
04-Sep-2018 21:27:00,Disclosure under SEBI Takeover Regulations,"Essel Corporate LLP (formerly known as Allore Enterprises LLP) has submitted to the Exchange, vide letter dated September 4, 2018 a copy of disclosure under Regulation 10(6) in respect of acquisition "
27-Aug-2018 09:48:00,Disclosure under SEBI Takeover Regulations,"Essel Corporate LLP has submitted to the Exchange, vide letter dated August 24, 2018 a copy of disclosure under Regulation 10(6) in respect of acquisition under Regulation 10 of SEBI (Substantial Acqu"
17-Aug-2018 20:08:00,Disclosure under SEBI Takeover Regulations,"Essel Corporate LLP has submitted to the Exchange, vide letter dated August 17, 2018 a copy of disclosure under Regulation 10(6) in respect of acquisition under Regulation 10 of SEBI (Substantial Acqu"
16-Aug-2018 11:29:00,Disclosure under SEBI Takeover Regulations,"Essel Corporate LLP has submitted to the Exchange, vide letter dated August 14, 2018 a Copy of Disclosure under regulation 10(6) of SEBI (Substantial Acquisition of Shares and Takeovers) Regulation 20"
06-Aug-2018 20:32:00,Disclosure under SEBI Takeover Regulations,Essel Corporate LLP has submitted to the Exchange a Copy of Disclosure under regulation 10(6) of SEBI (Substantial Acquisition of Shares and Takeovers) Regulation 2011 for acquiring shares of Ajmera R
02-Aug-2018 08:45:00,Disclosure under SEBI Takeover Regulations,Essel Corporate LLP (formerly known as Allore Enterprises LLP) has submitted to the Exchange a copy of disclosure under Regulation 10(6) in respect of acquisition under Regulation 10 of SEBI (Substant
28-Jul-2018 17:02:00,Disclosure under SEBI Takeover Regulations,"Essel Corporate LLP (formerly known as Allore Enterprises LLP) has submitted to the Exchange, vide letter dated July 27, 2018 a copy of disclosure under Regulation 10(6) in respect of acquisition unde"
20-Jul-2018 08:20:00,Disclosure under SEBI Takeover Regulations,Essel Corporate LLP (formerly known as Allore Enterprises LLP) has submitted to the Exchange a copy of Disclosure under Regulation 10(5) of Securities and Exchange Board of India (Substantial Acquisit
17-Jul-2018 21:10:00,Shareholders meeting,"Zee Entertainment Enterprises Limited has informed the Exchange regarding Proceedings of Annual General Meeting held on July 17, 2018. Further, the company has submitted the Exchange a copy of Srutini"
17-Jul-2018 15:45:00,Analysts/Institutional Investor Meet/Con. Call Updates,Zee Entertainment Enterprises Limited has informed the Exchange regarding Analysts/Institutional Investor Meet/Con. Call Updates
17-Jul-2018 15:42:00,Outcome of Board Meeting,"Zee Entertainment Enterprises Limited has informed the Exchange regarding  Board meeting held on July 17, 2018."
17-Jul-2018 15:40:22,Financial Result Updates,"Zee Entertainment Enterprises Limited has submitted to the Exchange, the financial results for the period ended June 30, 2018."
16-Jul-2018 08:37:00,Disclosure under SEBI Takeover Regulations,Essel Corporate LLP (formerly known as Allore Enterprises LLP) has submitted to the Exchange a copy of Disclosure under Regulation 10(5) of Securities and Exchange Board of India (Substantial Acquisit
05-Jul-2018 17:18:00,Analysts/Institutional Investor Meet/Con. Call Updates,Zee Entertainment Enterprises Limited has informed the Exchange regarding Analysts/Institutional Investor Meet/Con. Call Updates
29-Jun-2018 19:34:00,Trading Window,"Zee Entertainment Enterprises Limited has informed the Exchange regarding the Trading Window closure pursuant to SEBI (Prohibition of Insider Trading) Regulations, 2015"
26-Jun-2018 12:36:00,Shareholders meeting,"Zee Entertainment Enterprises Limited has informed the Exchange regarding Notice of Annual General Meeting to be held on July 17, 2018"
22-Jun-2018 19:51:00,Disclosure under SEBI Takeover Regulations,"Essel Corporate LLP has submitted to the Exchange, vide letter dated June 22, 2018 a copy of disclosure under Regulation 10(6) in respect of acquisition under Regulation 10 of SEBI (Substantial Acquis"
15-Jun-2018 19:53:00,Disclosure under SEBI Takeover Regulations,"Essel Corporate LLP has submitted to the Exchange, vide letter dated June 15, 2018 a copy of disclosure under Regulation 10(6) in respect of acquisition under Regulation 10(1)(a) of SEBI (Substantial "
11-Jun-2018 19:54:00,Disclosure under SEBI Takeover Regulations,"Essel Corporate LLP has submitted to the Exchange, vide letter dated June 11, 2018 a copy of disclosure under Regulation 10(6) in respect of acquisition under Regulation 10(1)(a) of SEBI (Substantial "
07-Jun-2018 19:02:00,Disclosure under SEBI Takeover Regulations,"Essel Corporate LLP (formerly known as Allore Enterprises LLP) has submitted to the Exchange, vide letter dated June 7, 2018 a copy of disclosure under Regulation 10(6) in respect of acquisition under"
24-May-2018 19:54:00,Disclosure under SEBI Takeover Regulations,"Essel Corporate LLP has submitted to the Exchange, vide letter dated May 24, 2018 a copy of disclosure under Regulation 10(6) in respect of acquisition under Regulation 10 of SEBI (Substantial Acquisi"
16-May-2018 16:05:00,Disclosure under SEBI Takeover Regulations,"Essel Corporate LLP (formerly known as Allore Enterprises LLP) has submitted to the Exchange, vide letter dated May 16, 2018 a copy of disclosure under Regulation 10(6) in respect of acquisition under"
15-May-2018 08:51:00,Reply to Clarification Sought,"ZEEL:The Exchange had sought clarification from Zee Entertainment Enterprises Limited with respect to announcement dated 10-May-2018, regarding "" Zee Entertainment Enterprises Limited has informed the"
11-May-2018 21:15:00,Clarification,"ZEEL:The Exchange has sought clarification from Zee Entertainment Enterprises Limited with respect to announcement dated 10-May-2018, regarding "" Zee Entertainment Enterprises Limited has informed the"
10-May-2018 16:49:00,Record Date,"Zee Entertainment Enterprises Limited has informed the Exchange that the Company has fixed Record Date as July 10, 2018 the purpose of Annual General Meeting and payment of Equity Dividend to the Equi"
10-May-2018 16:16:00,Analysts/Institutional Investor Meet/Con. Call Updates,Zee Entertainment Enterprises Limited has informed the Exchange regarding Analysts/Institutional Investor Meet/Con. Call Updates
10-May-2018 16:01:00,Dividend,"Zee Entertainment Enterprises Limited has informed the Exchange that Board of Directors at its meeting held on May 10, 2018, recommended Final Dividend of Rs. 2.90 per equity share."
10-May-2018 16:01:00,Outcome of Board Meeting,"Zee Entertainment Enterprises Limited has informed the Exchange regarding Outcome of Board Meeting held on May 10, 2018."
10-May-2018 15:51:09,Financial Result Updates,"Zee Entertainment Enterprises Limited has submitted to the Exchange, the financial results for the period ended March 31, 2018."
07-May-2018 19:24:00,Disclosure under SEBI Takeover Regulations,"Essel Corporate LLP has submitted to the Exchange, vide letter dated May 07, 2018 a copy of disclosure under Regulation 10(5) in respect of acquisition under Regulation 10 of SEBI (Substantial Acquisi"
04-May-2018 08:22:00,Scheme of Arrangement,"Zee Entertainment Enterprises Limited has informed the Exchange that Effectiveness of the Composite Scheme of Arrangement and Amalgamation between Zee Digital Convergence Limited, India Webportal Priv"
30-Apr-2018 16:52:00,Resignation,"Zee Entertainment Enterprises Limited has informed the Exchange regarding Resignation of Mr Bharat Kedia as Chief Financial Officer of the company w.e.f. April 29, 2018."
11-Apr-2018 19:48:00,Scheme of Arrangement,Zee Entertainment Enterprises Limited has informed the Exchange regarding NCLT Approval to the Composite Scheme of Arrangement and Amalgamation
11-Apr-2018 15:28:00,Disc. under Reg.30 of SEBI (SAST) Reg.2011,"Promoter of the Company has submitted to the Exchange a copy of disclosure under Regulation 30(1) and 30(2) of SEBI (Substantial Acquisition of Shares & Takeovers) Regulations, 2011."
10-Apr-2018 18:44:00,Analysts/Institutional Investor Meet/Con. Call Updates,Zee Entertainment Enterprises Limited has informed the Exchange regarding Analysts/Institutional Investor Meet/Con. Call Updates
10-Apr-2018 16:30:00,Allotment of ESOP/ESPS,Zee Entertainment Enterprises Limited has informed the Exchange regarding allotment of  9450 Equity Shares under ESOP
09-Apr-2018 16:19:00,Updates,Zee Entertainment Enterprises Limited has informed the Exchange regarding 'Reclassification of Company��s Shareholding in M/s Aplab Ltd '.
03-Apr-2018 18:34:00,ESOP/ESOS/ESPS,Zee Entertainment Enterprises Limited has informed the Exchange regarding Grant of 17300  Options.
02-Apr-2018 11:33:00,Trading Window,"Zee Entertainment Enterprises Limited has informed the Exchange regarding the Trading Window closure pursuant to SEBI (Prohibition of Insider Trading) Regulations, 2015"
27-Mar-2018 08:24:00,Disclosure under SEBI Takeover Regulations,"Essel Corporate LLP has submitted to the Exchange a copy of Disclosure under Regulation 10(6) of Securities and Exchange Board of India (Substantial Acquisition of Shares and Takeovers) Regulations, 2"
20-Mar-2018 16:00:00,Updates,Zee Entertainment Enterprises Limited has informed the Exchange regarding 'Issuance of new share certificates of Rs 8 each pursuant to redemption of 20% of nominal value of Bonus Preference Shares'.
16-Mar-2018 18:27:00,Updates,Zee Entertainment Enterprises Limited has informed the Exchange regarding 'Update on Material Information under Regulation 30 of SEBI Listing Regulation �� Acquisition of Equity Stake in 9X entities'.
12-Mar-2018 18:02:00,Record Date,"Zee Entertainment Enterprises Limited has informed the Exchange that the Company has fixed Record Date as March 31, 2018 for the purpose of payment of Dividend of Preference Shares of Rs 8/- each for "
12-Mar-2018 15:50:00,News Clarification,"The Exchange had sought clarification from the Company with respect to news item captioned ""Zee files complaint against DEN, others"". The response from the Company is enclosed."
09-Mar-2018 15:30:00,News Clarification,"The Exchange has sought clarification from the Company with respect to news item captionedZee files complaint against DEN, othersIn this regard, Exchange has advised the Company to provide clarificati"
06-Mar-2018 17:52:00,Updates,Zee Entertainment Enterprises Limited has informed the Exchange regarding 'Disclosure of Material Information pursuant to Regulation 30 of SEBI Listing Regulations �� Partial Redemption of Listed Bonu
19-Feb-2018 10:09:00,Record Date,"Zee Entertainment Enterprises Limited has informed the Exchange that the Company has fixed Record Date as March 5, 2018 for determining the eligibility of Shareholders of Bonus Preference Shares of Rs"
14-Feb-2018 17:04:00,Redemption,Zee Entertainment Enterprises Limited has informed the Exchange regarding Part-Redemption of Listed Bonus Preference Shares.
06-Feb-2018 12:16:00,Analysts/Institutional Investor Meet/Con. Call Updates,Zee Entertainment Enterprises Limited has informed the Exchange regarding Analysts/Institutional Investor Meet/Con. Call Updates
17-Jan-2018 13:48:00,Outcome of Board Meeting,"Zee Entertainment Enterprises Limited has informed the Exchange regarding Outcome of Board Meeting held on January 17, 2018."
17-Jan-2018 13:43:57,Financial Result Updates,"Zee Entertainment Enterprises Limited has submitted to the Exchange, the financial results for the period ended December 31, 2017."
05-Jan-2018 13:25:00,Analysts/Institutional Investor Meet/Con. Call Updates,Zee Entertainment Enterprises Limited has informed the Exchange regarding Analysts/Institutional Investor Meet/Con. Call Updates
29-Dec-2017 19:08:00,Trading Window,"Zee Entertainment Enterprises Limited has informed the Exchange regarding the Trading Window closure pursuant to SEBI (Prohibition of Insider Trading) Regulations, 2015"
22-Dec-2017 08:23:00,Disclosure under SEBI Takeover Regulations,Allore Enterprises LLP   has submitted to the Exchange a Copy of Disclosure under Regulation 10(5) of Securities and Exchange Board of India (Substantial Acquisition of Shares and Takeovers) Regulatio
13-Dec-2017 18:50:00,Disclosure under SEBI Takeover Regulations,Cyquator Media Services Private Limited has submitted to the Exchange a Copy of Disclosure under Regulation 10(6) of Securities and Exchange Board of India (Substantial Acquisition of Shares and Takeo
29-Nov-2017 08:38:00,Disclosure under SEBI Takeover Regulations,Cyquator Media Services Private Limited has submitted to the Exchange a Copy of Disclosure under Regulation 10(5) of Securities and Exchange Board of India (Substantial Acquisition of Shares and Takeo
15-Nov-2017 16:34:00,Allotment of ESOP/ESPS,Zee Entertainment Enterprises Limited has informed the Exchange regarding allotment of  4900 Equity Shares under ESOP
31-Oct-2017 19:26:00,Updates,Zee Entertainment Enterprises Limited has informed the Exchange regarding 'Change in address of Corporate Website of the Company'.
25-Oct-2017 08:18:00,Disclosure under SEBI Takeover Regulations,"Cyquator Media Services Private Limited has submitted to the Exchange, vide letter dated October 24, 2017 a copy of disclosure under Regulation 10(5) in respect of acquisition under Regulation 10(1)(a"
24-Oct-2017 11:56:00,Outcome of Board Meeting,"Zee Entertainment Enterprises Limited has informed the Exchange regarding Outcome of Board Meeting held on October 24, 2017."
24-Oct-2017 11:52:16,Financial Result Updates,"Zee Entertainment Enterprises Limited has submitted to the Exchange, the financial results for the period ended September 30, 2017."
23-Oct-2017 17:57:00,Analysts/Institutional Investor Meet/Con. Call Updates,Zee Entertainment Enterprises Limited has informed the Exchange regarding Analysts/Institutional Investor Meet/Con. Call Updates
10-Oct-2017 14:36:00,Analysts/Institutional Investor Meet/Con. Call Updates,Zee Entertainment Enterprises Limited has informed the Exchange regarding Analysts/Institutional Investor Meet/Con. Call Updates
06-Oct-2017 18:32:00,Outcome of Board Meeting,"Zee Entertainment Enterprises Limited has informed the Exchange regarding Outcome of Board Meeting held on October 06, 2017."
29-Sep-2017 17:46:00,Trading Window,"Zee Entertainment Enterprises Limited has informed the Exchange regarding the Trading Window closure pursuant to SEBI (Prohibition of Insider Trading) Regulations, 2015"
18-Sep-2017 13:25:00,Updates,Zee Entertainment Enterprises Limited has informed the Exchange regarding 'Update on Sale of Sports Broadcasting Business'.
08-Sep-2017 18:29:00,Analysts/Institutional Investor Meet/Con. Call Updates,Zee Entertainment Enterprises Limited has informed the Exchange regarding Analysts/Institutional Investor Meet/Con. Call Updates
01-Aug-2017 17:20:00,Updates,Zee Entertainment Enterprises Limited has informed the Exchange regarding Authorised KMP to determine materiality of events/information and Disclosure of UPSI
24-Jul-2017 16:51:00,Outcome of Board Meeting,"Zee Entertainment Enterprises Limited has informed the Exchange regarding Outcome of Board Meeting held on July 24, 2017."
24-Jul-2017 16:46:00,Appointment,"Zee Entertainment Enterprises Limited has informed the Exchange regarding Appointment of Mr Bharat Kedia as Chief Financial Officer of the company w.e.f. August 01, 2017."
24-Jul-2017 16:42:00,Outcome of Board Meeting,"Zee Entertainment Enterprises Limited has informed the Exchange regarding Outcome of Board Meeting held on July 24, 2017."
24-Jul-2017 16:39:18,Financial Result Updates,"Zee Entertainment Enterprises Limited has submitted to the Exchange, the financial results for the period ended June 30, 2017."
24-Jul-2017 14:28:00,Scheme of Arrangement,Zee Entertainment Enterprises Limited has informed the Exchange regarding Effectiveness of the Composite Scheme of Arrangement among Reliance Big Broadcasting Private Limited; and Big Magic Limited; a
24-Jul-2017 09:33:00,Updates,Zee Entertainment Enterprises Limited has informed the Exchange regarding Update on Acquisition of 100% Equity Stake in India Webportal Private Limited
19-Jul-2017 13:33:00,News Verification,"The Exchange has sought clarification from Zee Entertainment Enterprises Limited with respect to recent news item captioned ""Balaji Telefilms Mulls Selling Up To 26% Stake In ALT Balaji, is in talks w"
19-Jul-2017 12:43:00,News Verification,"The Exchange has sought clarification from Zee Entertainment Enterprises Limited with respect to recent news item captioned ""Balaji Telefilms Mulls Selling Up To 26% Stake In ALT Balaji, is in talks w"
18-Jul-2017 18:18:00,Updates,Zee Entertainment Enterprises Limited has informed the Exchange regarding Update on Acquisition of 100% Equity Stake in Fly-By-Wire International Private Limited .
14-Jul-2017 08:13:00,Scheme of Arrangement,"Zee Entertainment Enterprises Limited has informed the Exchange that the Mumbai Bench of Hon' ble National Company Law Tribunal (NCLT), at the hearing held on July 13, 2017 has approved the Composite "
12-Jul-2017 20:26:00,Shareholders meeting,"Zee Entertainment Enterprises Limited has informed the Exchange regarding Proceedings of Annual General Meeting held on July 12, 2017. Further, the company has submitted the Exchange a copy of Srutini"
05-Jul-2017 19:03:00,Analysts/Institutional Investor Meet/Con. Call Updates,Zee Entertainment Enterprises Limited has informed the Exchange regarding Analysts/Institutional Investor Meet/Con. Call Updates
30-Jun-2017 16:51:00,Trading Window,"Zee Entertainment Enterprises Limited has informed the Exchange regarding the Trading Window closure pursuant to SEBI (Prohibition of Insider Trading) Regulations, 2015"
20-Jun-2017 17:02:00,Updates,Zee Entertainment Enterprises Limited has informed the Exchange regarding Annual Report for FY 2016-17.
20-Jun-2017 16:06:00,Shareholders meeting,"Zee Entertainment Enterprises Limited has informed the Exchange regarding Notice of Annual General Meeting to be held on July 12, 2017"
08-Jun-2017 15:02:00,Outcome of Board Meeting,"Zee Entertainment Enterprises Limited has informed the Exchange regarding Outcome of Board Meeting held on Jun 08, 2017."
10-May-2017 15:06:31,Financial Result Updates,"Zee Entertainment Enterprises Limited has submitted to the Exchange, the financial results for the period ended March 31, 2017."
10-May-2017 15:05:00,Record Date,"Zee Entertainment Enterprises Limited has informed the Exchange that the Company has fixed Record Date as July 6, 2017 for the purpose of Annual General Meeting and payment of Equity Dividend to the M"
10-May-2017 15:02:00,Dividend,"Zee Entertainment Enterprises Limited has informed the Exchange that Board of Directors at its meeting held on May 10, 2017, recommended Final Dividend of Rs. 2.50 per equity share."
10-May-2017 15:02:00,Outcome of Board Meeting,"Zee Entertainment Enterprises Limited has informed the Exchange regarding Outcome of Board Meeting held on May 10, 2017."
10-May-2017 08:45:00,Court Convened Meeting Updates,Zee Entertainment Enterprises Limited has submitted to the Exchange a copy of Proceedings of Meeting of Equity and Preference Shareholders of the Company convened pursuant to directions of Mumbai Benc
18-Apr-2017 16:15:00,Updates,Zee Entertainment Enterprises Limited has informed the Exchange regarding Update on Acquisition of Stake in Margo Networks Private Limited
11-Apr-2017 19:45:00,Shareholders meeting,"Zee Entertainment Enterprises Limited has submitted to the Exchange a copy of the News paper advertisements of NCLT convened Meeting of Equity and Preference shareholders to be held on May 9, 2017"
08-Apr-2017 18:11:00,Disc. under Reg.30 of SEBI (SAST) Reg.2011,"Cyquator Media Services Private Limited , Essel Infraprojects Limited , Sprit Textiles Private Limited , Essel Media Ventures Limited and Essel Holdings ltd has submitted to the Exchange  a copy of di"
07-Apr-2017 18:07:00,Shareholders meeting,"Zee Entertainment Enterprises Limited has informed the Exchange regarding Notice of Court Convened General Meeting to be held on May 09, 2017 for Equity and Preference Shareholders as per notices atta"
05-Apr-2017 08:37:00,ESOPs/ESOS/ESPS,Zee Entertainment Enterprises Limited has informed the Exchange regarding Grant of Stock Options under Employee Stock Option Scheme - 2009.
01-Apr-2017 11:55:00,Trading Window,Zee Entertainment Enterprises Limited has informed the Exchange that the Trading Window for dealing in the Securities of the Company shall remain closed for the Directors/Key Managerial Personnel/Desi
16-Mar-2017 08:23:00,Outcome of Board Meeting,"Zee Entertainment Enterprises Limited has informed the Exchange regarding Proceedings of the Board Meeting held on March 15, 2017."
01-Mar-2017 16:10:00,Record Date,"Zee Entertainment Enterprises Limited has informed the Exchange that the Company has fixed Record Date as March 31, 2017 for the purpose of determining the eligibility of Preference Shareholders who w"
28-Feb-2017 14:00:00,Updates,Zee Entertainment Enterprises Limited has informed the Exchange regarding Update on Sale of Sports Broadcasting Business.
24-Jan-2017 14:36:52,Financial Result Updates,"Zee Entertainment Enterprises Limited has submitted to the Exchange, the financial results for the period ended December 31, 2016."
09-Jan-2017 15:48:00,Analysts/Institutional Investor Meet/Con. Call Updates,Zee Entertainment Enterprises Limited has informed the Exchange that a conference call has been scheduled subsequent to the announcement of the results to discuss the performance of the Company.
09-Jan-2017 15:45:00,Analysts/Institutional Investor Meet/Con. Call Updates,Zee Entertainment Enterprises Limited has informed the Exchange regarding Analysts/Institutional Investor Meet/Con. Call Updates.
02-Jan-2017 12:23:00,Trading Window,Zee Entertainment Enterprises Limited has informed the Exchange that the Trading window for dealing in the Securities of the Company shall remain closed for the Directors/Key Managerial personnel/Desi
23-Nov-2016 15:34:00,Investor Presentation,Zee Entertainment Enterprises Limited has informed the Exchange regarding Acquisition of General Entertainment Television Broadcasting Undertakings from Anil Ambani led Reliance Group by the Company u
23-Nov-2016 15:13:00,Press Release,"Zee Entertainment Enterprises Limited has informed the Exchange regarding a press release dated November 23, 2016, titled ""Zee Entertainment Enterprises Limited to acquire the General Entertainment TV"
25-Oct-2016 19:10:00,ESOPs/ESOS/ESPS,Zee Entertainment Enterprises Limited has informed the Exchange regarding Grant of Stock Options- Employee Stock Option Scheme- 2009.
25-Oct-2016 12:53:33,Financial Result Updates,"Zee Entertainment Enterprises Limited has submitted to the Exchange, the financial results for the period ended September 30, 2016."
25-Oct-2016 12:52:00,Press Release,"Zee Entertainment Enterprises Limited has informed the Exchange regarding a press release dated October 25,  2016  titled ""Strong Revenue Growth Continues in Quarter Ended September 2016""."
13-Oct-2016 13:48:00,News Clarification,"The Exchange had sought clarification from the Company with respect to recent news item captioned ''ZEE to buy Rel Broadcast for Rs 1872 crore''.On basis of above, the reply from the Company is attach"
13-Oct-2016 12:14:00,News Clarification,"The Exchange had sought clarification from the Company with respect to recent news item captioned ''ZEE to buy Rel Broadcast for Rs 1872 crore''.In this regard, Exchange has advised the Company to pro"
05-Oct-2016 12:10:00,Analysts/Institutional Investor Meet/Con. Call Updates,Zee Entertainment Enterprises Limited has informed the Exchange regarding Conference call to discuss performance of the Company for Q2 of FY 2016-17.
30-Sep-2016 18:39:00,Trading Window,Zee Entertainment Enterprises Limited has informed the Exchange that the Trading window for dealing in the Securities of the Company shall remain closed for the Directors/Key Managerial personnel/Desi
30-Sep-2016 18:35:00,News Clarification,"The Exchange has sought clarification from the Company with respect to recent news item captioned  ''Zee acquires UAE s radio station Hum 106.2'' . In this regard, Exchange has advised the Company to "
30-Sep-2016 17:45:00,Disclosure under SEBI Takeover Regulations,"Sprit Textiles Private Limited has submitted to the Exchange, vide letter dated September 30, 2016 a copy of disclosure under Regulation 10(6) in respect of acquisition under Regulation 10 of SEBI (Su"
30-Sep-2016 14:26:00,News Clarification,"The Exchange has sought clarification from the Company with respect to recent news item captioned  Zee acquires UAE s radio station Hum 106.2 . In this regard, Exchange has advised the Company to prov"
31-Aug-2016 12:02:00,Updates,"Zee Entertainment Enterprises Limited has informed the Exchange regarding ""Disclosure of Material Event- Sale of Sports Broadcasting Business""."
29-Aug-2016 17:33:00,News Verification,"The Exchange has sought clarification from Zee Entertainment Enterprises Limited with respect to recent news item captioned ""Sony likely to buy Ten Sports from Zee Entertainment for about Rs 2000 cr""."
29-Aug-2016 14:41:00,News Verification,"The Exchange has sought clarification from Zee Entertainment Enterprises Limited with respect to recent news item captioned ""Sony likely to buy Ten Sports from Zee Entertainment for about Rs 2000 cr""."
26-Aug-2016 16:14:00,Disclosure under SEBI Takeover Regulations,"Sprit Textiles Private Ltd has submitted to the Exchange, vide letter dated August 26, 2016 a copy of disclosure under Regulation 10(5) of Securities and Exchange Board of India (Substantial Acquisiti"
26-Jul-2016 20:04:00,"Regulation 44(3) of SEBI (LODR), Reg., 2015","Zee Entertainment Enterprises Limited has informed the Exchange the Proceedings and the details of Voting Results of the Annual General Meeting held on July 26, 2016 along with Scrutinizer Reports."
26-Jul-2016 19:59:00,"Regulation 44(3) of SEBI (LODR), Reg., 2015","Zee Entertainment Enterprises Limited has informed the Exchange the details of Voting Results of 34th Annual General Meeting held on July 26, 2016"
26-Jul-2016 15:36:11,Financial Result Updates,"Zee Entertainment Enterprises Limited has submitted to the Exchange the standalone & consolidated financial results along with the Limited Review Report for the period ended June 30, 2016."
26-Jul-2016 15:35:00,Outcome of Board Meeting,"Zee Entertainment Enterprises Limited has informed the Exchange regarding the Outcome of Board Meeting of the Company held on July 26, 2016. , along with Press Release."
21-Jul-2016 19:18:00,Updates,Zee Entertainment Enterprises Limited has submitted the Exchange regarding Intimation of Conference call to discuss performance of the Company for Q1 of FY 2016-17
30-Jun-2016 18:05:00,Trading Window,"Zee Entertainment Enterprises Limited has informed the Exchange that as per Company's Insider Trading Code, the Trading Window for dealing in the Securities of the Company shall remain closed for the "
28-Jun-2016 16:06:00,Annual General Meeting Updates,"Zee Entertainment Enterprises Limited has submitted to the Exchange a copy of the Notice of Annual General Meeting of the Company scheduled to be held on July 26, 2016."
27-May-2016 18:50:00,Registrar & Share Transfer Agent Update,"Zee Entertainment Enterprises Limited has informed the Exchange that the Company has appointed M/s Link Intime India Private Limited, (a SEBI Registered share transfer agent) having its address at C- "
25-May-2016 16:39:00,Registrar & Share Transfer Agent Update,"Zee Entertainment Enterprises Limited has informed the Exchange that the Company has on May 25, 2016 issued a notice terminating existing Registrar & Share Transfer Agency Agreement with Sharepro Serv"
10-May-2016 18:01:00,Record Date,"Zee Entertainment Enterprises Limited has informed the Exchange that the Company has fixed Record Date as July 22, 2016 for the purpose of payment of Equity Dividend and Annual General Meeting."
10-May-2016 16:53:28,Financial Result Updates,"Zee Entertainment Enterprises Limited has submitted to the Exchange the standalone & consolidated financial results along with the Auditors Report for the period ended March 31, 2016."
10-May-2016 16:51:00,Press Release,"Zee Entertainment Enterprises Limited has informed the Exchange regarding a press release dated May 10, 2016 on quarter ended March 31, 2016."
10-May-2016 16:48:00,Outcome of Board Meeting,"Zee Entertainment Enterprises Limited has informed the Exchange regarding the Outcome of Board Meeting of the Company held on May 10, 2016."
10-May-2016 16:45:00,Dividend,"Zee Entertainment Enterprises Limited has informed the Exchange that the Board of Directors of the Company at their meeting held on May 10, 2016, has Recommended payment of Equity Dividend of Rs 2.25/"
05-May-2016 16:13:00,Updates,"Zee Entertainment Enterprises Limited has informed the Exchange regarding Compliances with SEBI Order dated March 22, 2016 in the matter of Sharepro Services (India) Private Limited."
30-Apr-2016 12:05:00,Trading Window,"Zee Entertainment Enterprises Limited has informed the Exchange that the Trading Window for dealing in securities of the Company which was closed from April 1, 2016 in pursuance of lnsider Trading Cod"
28-Apr-2016 17:33:00,Updates,"Zee Entertainment Enterprises Limited has informed the Exchange regarding Integration of Channel Distribution functions within the Company which is proposed to be done with effect from MAY 1, 2016 ins"
13-Apr-2016 13:15:00,Disc. under Reg.30 of SEBI (SAST) Reg.2011,"Cyquator Media Services Private Limited on behalf of other Promoters has submitted to the Exchange vide letter dated April 06,2016 a copy of disclosure under Regulation 30(1) and 30(2) of SEBI (Substa"
01-Apr-2016 08:32:00,Trading Window,"Zee Entertainment Enterprises Limited has informed the Exchange that as per Company's Insider Trading Code, the Trading Window for dealing in the Securities of the Company shall remain closed for the "
29-Mar-2016 19:00:00,Outcome of Board Meeting,"Zee Entertainment Enterprises Limited has informed the Exchange that The Board of Directors of the Company at the meeting held today i.e. on March 29, 2016 inter alia have approved in-principal the pr"
23-Mar-2016 11:35:00,Suspension of Trading,"Members of the Exchange are hereby informed that the trading in preference shares of Zee Entertainment Enterprises Limited shall be suspended w.e.f. March 30, 2016 (i.e. closing hours of trading on Ma"
14-Mar-2016 20:25:00,Acquisition,"Zee Entertainment Enterprises Limited has informed the Exchange that the Board of Directors of the Company at the meting held on March 14, 2016 has inter-alia approved in-principle an acquisition of 1"
14-Mar-2016 20:22:00,Record Date,"Zee Entertainment Enterprises Limited has informed the Exchange that the Company has fixed Record Date as March 31, 2016 for the purpose of payment of Preference Dividend of Re 0.06 per Preference Sha"
02-Mar-2016 14:05:00,"Regulation 44(3) of SEBI (LODR), Reg., 2015",Zee Entertainment Enterprises Limited has informed the Exchange regarding the details of Voting results of Postal Ballot along with Scrutinizer's Reports as per Regulation 44(3) of SEBI (LODR) Regulat
26-Feb-2016 18:33:00,"Regulation 44(3) of SEBI (LODR), Reg., 2015","Zee Entertainment Enterprises Limited has informed the Exchange that Declaration of Results -Postal Ballot Notice dated January 15, 2016 seeking approval of Equity shareholders"
11-Feb-2016 19:31:00,Updates,Zee Entertainment Enterprises Limited has informed the Exchange regarding details of persons authorised as per Company's Disclosure Policy to determine materiality of events / information which are no
29-Jan-2016 15:25:00,Postal Ballot Updates,"Zee Entertainment Enterprises Limited has informed the Exchange that the Company has on January 29, 2016 completed dispatch of Postal Ballot Notice seeking approval of Preference shareholders of the C"
25-Jan-2016 16:59:00,Postal Ballot Updates,"Zee Entertainment Enterprises Limited has informed the Exchange that This is to inform you that today, on January 25, 2016, the Company has completed despatch of Postal Ballot Notice seeking approval "
15-Jan-2016 13:23:00,Outcome of Board Meeting,"Zee Entertainment Enterprises Limited has informed the Exchange regarding the Outcome of Board Meeting of the Company held on January 15, 2016."
15-Jan-2016 13:21:34,Financial Result Updates,Zee Entertainment Enterprises Limited has submitted to the exchange the standalone & consolidated financial results for the period ended 31-Dec-2015.
15-Jan-2016 13:21:00,Press Release,"Zee Entertainment Enterprises Limited has informed the Exchange regarding a press release dated January 15, 2016  titled ""Earning Release for the Quarter ended Dec. 31, 2015""."
30-Dec-2015 15:21:00,Appointment of Director,"Zee Entertainment Enterprises Limited has informed the Exchange that the Board of Directors of the Company has on December 30, 2015 has approved the appointment of Mr. Adesh Kumar Gupta as an Addition"
28-Oct-2015 13:14:00,Change in Director(s),"Zee Entertainment Enterprises Limited has informed the Exchange that Lord Gulam Noon, an Independent director of the Company after brief illness passed away at a hospital in London on October 27, 2015"
14-Oct-2015 14:55:00,Updates,"Zee Entertainment Enterprises Limited has informed the Exchange regarding an ""Earnings Release for the quarter ended September 30, 2015""."
14-Oct-2015 14:48:00,Outcome of Board Meeting,"Zee Entertainment Enterprises Limited has informed the Exchange regarding outcome of meeting of the Board of Directors of the Company held on October 14, 2015."
14-Oct-2015 14:44:39,Financial Result Updates,Zee Entertainment Enterprises Limited has submitted to the exchange the standalone & consolidated financial results along with the Limited Review Report for the period ended 30-Sep-2015.
01-Sep-2015 19:03:00,Address Change,"Zee Entertainment Enterprises Limited has informed the Exchange that the Registered office of the Company has been shifted from Continental Building, 135, Dr Annie Besant Road, Worli, Mumbai 400018 to"
15-Jul-2015 19:15:00,Clarification,"The Exchange had sought clarification from Zee Entertainment Enterprises Limited with respect to announcement vide letter dated July 15, 2015 wherein ""Board of Directors at its meeting held on July 15"
15-Jul-2015 19:14:00,Annual General Meeting Updates,"Zee Entertainment Enterprises Limited has informed the Exchange regarding the Proceedings of the Annual General Meeting of the Company held on July 15, 2015."
15-Jul-2015 18:56:00,Clarification,"The Exchange has sought clarification from Zee Entertainment Enterprises Limited with respect to announcement vide letter dated July 15, 2015 wherein ""Board of Directors at its meeting held on July 15"
15-Jul-2015 10:46:00,Outcome of Board Meeting,"Zee Entertainment Enterprises Limited has informed the Exchange that the Board of Directors of the Company held on July 15, 2015 have approved in-principle, acquisition of 100% equity stake in Sarthak"
15-Jul-2015 10:40:00,Press Release,"Zee Entertainment Enterprises Limited has informed the Exchange regarding a press release dated July 15, 2015 titled "" Earnings Release for the Quarter Ended Jun 30, 2015""."
15-Jul-2015 10:37:42,Financial Result Updates,Zee Entertainment Enterprises Limited has submitted to the exchange the standalone & consolidated financial results along with the Limited Review Report for the period ended 30-Jun-2015.
21-May-2015 15:04:00,AGM/Book Closure,"Zee Entertainment Enterprises Limited has informed the Exchange that the Register of Members & Share Transfer Books of the Company will remain closed from July 11, 2015 to July 15, 2015 (both days inc"
21-May-2015 14:06:00,Press Release,"Zee Entertainment Enterprises Limited  has informed the Exchange, vide letter dated May 21,2015 regarding an ""Earnings Release for the quarter ended March 31, 2015""."
21-May-2015 14:03:03,Financial Result Updates,"Zee Entertainment Enterprises Limited, Zee Entertainment Enterprises Limited has submitted to the exchange the standalone & consolidated financial results along with the Auditors Report for the period"
21-May-2015 14:01:00,Dividend,"Zee Entertainment Enterprises Limited has informed the Exchange that the Board of Directors of the Company at its meeting held on May 21, 2015 has:   1. Recommended payment of Equity Dividend of Rs 2."
14-May-2015 16:41:00,Updates,"Zee Entertainment Enterprises Limited has informed the Exchange that as per SEBI (Prohibition of Insider Trading) Regulations, 2015, the Company has  (i) Formulated a Policy for Fair Disclosure of Unp"
11-Apr-2015 18:03:00,Disc. under Reg.30 of SEBI (SAST) Reg.2011,"Cyquator Media Services Private Limited has submitted to the Exchange vide letter dated April 07, 2015 a copy of disclosure under Regulation 30(1) and 30(2) of SEBI (Substantial Acquisition of Shares "
01-Apr-2015 12:46:00,Appointment of Director,Zee Entertainment Enterprises Limited has informed the Exchange that Board of Directors of the Company has approved appointment of Mr Manish Chokhani as an Additional Director in the category of Indep
31-Mar-2015 17:00:00,Change in Director(s),Zee Entertainment Enterprises Limited has informed the Exchange that in accordance with the decision of the Board restricting the term of Independent Directors of the Company Prof R Vaidyanathan one o
12-Mar-2015 13:01:00,Press Release,"Zee Entertainment Enterprises Limited has informed the Exchange regarding Press Release dated March 12, 2015 in connection with first ratings of Company's newly launched General Entertainment Channel "
04-Mar-2015 15:48:00,Record Date,"Zee Entertainment Enterprises Limited has informed the Exchange that the Company has fixed Record Date as March 31, 2015 for the purpose of determining eligibility of the Bonus Preference Shareholders"
09-Feb-2015 17:07:00,Disclosure under SEBI Takeover Regulations,"Zee Entertainment Enterprises Limited has submitted to the Exchange, vide letter dated February 09, 2015 a copy of disclosure under Regulation 29(2) of SEBI (Substantial Acquisition of Shares & Takeov"
05-Feb-2015 08:59:00,Disclosure under SEBI Takeover Regulations,"Oppenheimer Funds., Inc. (F.I.I.) and Sub-Accounts has submitted to the Exchange, vide letter dated February 04, 2015 a copy of disclosure under Regulation 29(2) of SEBI (Substantial Acquisition of Sh"
21-Jan-2015 12:55:00,Press Release,"Zee Entertainment Enterprises Limited has informed the Exchange regarding a press release dated January 21, 2015 titled ""Earnings Release for the Quarter Ended Dec. 31, 2014""."
21-Jan-2015 12:51:03,Financial Result Updates,Zee Entertainment Enterprises Limited has submitted to the exchange the standalone & consolidated financial results along with the Limited Review Report for the period ended 31-Dec-2014.
